"","id_acidente","codloga","logradouroA","codlogb","logradouroB","alt_num","referencia","data","cod_acid","tipo_acidente","dp","numero_BO","sentido","pista","automovel","moto","onibus","caminhao","bicicleta","moto_taxi","onibus_fretado","onibus_urbano","microonibus","van","vuc","caminhonete","carreta","jipe","outros","sem_informacao","carroca","princ_a","paiA","princ_b","paiB","cod_distrito","distrito","vit_ferida","vit_morta","local","lat","lon"
"157","D011300306",6013,"DOMINGOS DE MORAIS, RUA",NA,"",173,"","05/01/2013 06:31",4,"AT",36,57," "," ",0,0,0,0,0,0,0,0,0,0,0,0,0,0,0,1,0,6013,"DOMINGOS DE MORAIS, RUA",NA,"",92,"VILA MARIANA",1,0,"DOMINGOS DE MORAIS, RUA 173 SAO PAULO SP",-23.5788313,-46.6408639
"158","D011300657",5567,"CRUZEIRO DO SUL, AV",NA,"",3008,"","05/01/2013 06:40",2,"CO",9,69," "," ",1,1,0,0,0,0,0,0,0,0,0,0,0,0,0,0,0,5567,"CRUZEIRO DO SUL, AV",NA,"",5,"ARTUR ALVIM",1,0,"CRUZEIRO DO SUL, AV 3008 SAO PAULO SP",-23.5039751,-46.624623
"159","D011301551",60675,"AFONSO DE SAMPAIO E SOUSA, AV",2181,"ARICANDUVA, AV",0,"","05/01/2013 07:10",2,"CT",53,52," "," ",1,0,0,1,0,0,0,0,0,0,0,0,0,0,0,0,0,2181,"ARICANDUVA, AV",60675,"AFONSO DE SAMPAIO E SOUSA, AV",75,"SAO MATEUS",1,0,"AFONSO DE SAMPAIO E SOUSA, AV SAO PAULO SP &  ARICANDUVA, AV SAO PAULO SP",-23.5658443,-46.4678549
"161","D011301506",1528,"BOTUPORA, RUA",NA,"",808,"","05/01/2013 07:45",2,"CO",103,62," "," ",1,1,0,0,0,0,0,0,0,0,0,0,0,0,0,0,0,1528,"BOTUPORA, RUA",NA,"",86,"VILA CURUCA",1,0,"BOTUPORA, RUA 808 SAO PAULO SP",-23.5398244,-46.4412824
"162","D011301325",2483,"ATLANTICA ANT. ROBERT KENNEDY, AV",NA,"",2000,"","05/01/2013 08:30",2,"CL",102,20," "," ",1,1,0,0,0,0,0,0,0,0,0,0,0,0,0,0,0,2483,"ATLANTICA ANT. ROBERT KENNEDY, AV",NA,"",23,"CIDADE DUTRA",1,0,"ATLANTICA ANT. ROBERT KENNEDY, AV 2000 SAO PAULO SP",-23.5505199,-46.6333094
"163","D011300905",76385,"TOMAS RIBEIRO COLACO, RUA",NA,"",568,"","05/01/2013 10:00",2,"CO",74,84," "," ",2,1,0,0,0,0,0,0,0,0,0,0,0,0,0,0,0,76385,"TOMAS RIBEIRO COLACO, RUA",NA,"",52,"MARSILAC",1,0,"TOMAS RIBEIRO COLACO, RUA 568 SAO PAULO SP",-23.4533208,-46.732806
"164","D011301483",21037,"FERNANDO FIGUEIREDO LINS, AV",75414,"DAMA ENTRE VERDES, AV",0,"","05/01/2013 10:00",2,"CO",67,57,"B"," ",1,1,0,0,0,0,0,0,0,0,0,0,0,0,0,0,0,21037,"FERNANDO FIGUEIREDO LINS, AV",75414,"DAMA ENTRE VERDES, AV",35,"ITAIM PAULISTA",1,0,"FERNANDO FIGUEIREDO LINS, AV SAO PAULO SP &  DAMA ENTRE VERDES, AV SAO PAULO SP",-23.5191461,-46.4145927
"165","D011300226",17006,"RESENDE, RUA BR DE",NA,"",395,"","05/01/2013 11:00",4,"AT",17,74," "," ",0,0,0,0,0,0,0,0,0,0,0,0,0,0,0,1,0,17006,"RESENDE, RUA BR DE",NA,"",18,"CANGAIBA",1,0,"RESENDE, RUA BR DE 395 SAO PAULO SP",-23.5857604,-46.5974894
"167","D011301190",15507,"TEOTONIO VILELA, AV SEN",NA,"",4642,"","05/01/2013 12:20",2,"CO",85,100," "," ",1,1,0,0,0,0,0,0,0,0,0,0,0,0,0,0,0,15507,"TEOTONIO VILELA, AV SEN",NA,"",23,"CIDADE DUTRA",1,0,"TEOTONIO VILELA, AV SEN 4642 SAO PAULO SP",-23.7592344,-46.7153522
"168","D011301344",1853,"ANTONIO RIBEIRO JUNIOR, RUA",NA,"",109,"","05/01/2013 13:30",4,"AT",22,68," "," ",1,0,0,0,0,0,0,0,0,0,0,0,0,0,0,0,0,1853,"ANTONIO RIBEIRO JUNIOR, RUA",NA,"",76,"SAO MIGUEL",1,0,"ANTONIO RIBEIRO JUNIOR, RUA 109 SAO PAULO SP",-23.4971645,-46.4463359
"169","D011300883",12307,"LUIS STAMATIS, AV",NA,"",474,"","05/01/2013 13:50",2,"CO",73,163," "," ",1,1,0,0,0,0,0,0,0,0,0,0,0,0,0,0,0,12307,"LUIS STAMATIS, AV",NA,"",38,"JACANA",1,0,"LUIS STAMATIS, AV 474 SAO PAULO SP",-23.4683982,-46.5805408
"172","D011300821",19096,"TOSCA, RUA",7945,"GERTRUDES, RUA",0,"","05/01/2013 14:40",2,"CV",39,167," "," ",2,0,0,0,0,0,0,0,0,0,0,0,0,0,0,0,0,7945,"GERTRUDES, RUA",19096,"TOSCA, RUA",94,"VILA MEDEIROS",1,0,"TOSCA, RUA SAO PAULO SP &  GERTRUDES, RUA SAO PAULO SP",-23.4829119,-46.5826688
"173","D011300380",14447,"NAZARE PAULISTA, RUA",16096,"PEREIRA LEITE, RUA",0,"","05/01/2013 15:00",2,"CL",14,118," "," ",1,0,0,0,1,0,0,0,0,0,0,0,0,0,0,0,0,14447,"NAZARE PAULISTA, RUA",16096,"PEREIRA LEITE, RUA",2,"ALTO DE PINHEIR",1,0,"NAZARE PAULISTA, RUA SAO PAULO SP &  PEREIRA LEITE, RUA SAO PAULO SP",-23.5457223,-46.6999026
"174","D011301165",15507,"TEOTONIO VILELA, AV SEN",NA,"",1600,"","05/01/2013 15:30",2,"CO",48,150," "," ",0,1,0,0,0,0,0,0,0,0,0,1,0,0,0,0,0,15507,"TEOTONIO VILELA, AV SEN",NA,"",23,"CIDADE DUTRA",2,0,"TEOTONIO VILELA, AV SEN 1600 SAO PAULO SP",-23.7153724,-46.6991164
"175","D011301485",4936,"CEMBIRA, RUA",NA,"",495,"","05/01/2013 16:00",2,"CT",67,216,"C"," ",1,1,0,0,0,0,0,0,0,0,0,0,0,0,0,0,0,4936,"CEMBIRA, RUA",NA,"",86,"VILA CURUCA",1,0,"CEMBIRA, RUA 495 SAO PAULO SP",-23.5005033,-46.4272748
"176","D011300353",2235,"ARMANDO DE ARRUDA PEREIRA, AV ENG",NA,"",5562,"","05/01/2013 16:50",2,"CH",97,46," "," ",1,0,0,1,0,0,0,0,0,0,0,0,0,0,0,0,0,2235,"ARMANDO DE ARRUDA PEREIRA, AV ENG",NA,"",37,"JABAQUARA",1,0,"ARMANDO DE ARRUDA PEREIRA, AV ENG 5562 SAO PAULO SP",-23.67456,-46.6308304
"177","D011300497",11699,"LEITAO DA CUNHA, RUA PROF",NA,"",1120,"","05/01/2013 17:30",2,"CO",37,133," "," ",1,1,0,0,0,0,0,0,0,0,0,0,0,0,0,0,0,11699,"LEITAO DA CUNHA, RUA PROF",NA,"",17,"CAMPO LIMPO",1,0,"LEITAO DA CUNHA, RUA PROF 1120 SAO PAULO SP",-23.6352135,-46.7529431
"178","D011300784",15188,"OTAVIANO ALVES DE LIMA, AV",NA,"",100,"","05/01/2013 18:30",2,"QM",28,613," "," ",0,1,0,0,0,0,0,0,0,0,0,0,0,0,0,0,0,29772,"MARGINAL DO RIO TIETE, AV",NA,"",23,"CIDADE DUTRA",1,0,"OTAVIANO ALVES DE LIMA, AV 100 SAO PAULO SP",-23.5077262,-46.6913919
"180","D011301646",17824,"SAPOPEMBA, AV",NA,"",9700,"","05/01/2013 19:00",2,"CO",70,118," "," ",1,0,0,0,1,0,0,0,0,0,0,0,0,0,0,0,0,17824,"SAPOPEMBA, AV",NA,"",33,"IPIRANGA",1,0,"SAPOPEMBA, AV 9700 SAO PAULO SP",-23.6061739,-46.5079984
"181","D011301363",16667,"PROVINCIAS, RUA DAS",13881,"MIGUEL, AV S",0,"","05/01/2013 19:04",2,"CO",24,175," "," ",0,1,0,0,0,0,0,0,0,0,0,1,0,0,0,0,0,13881,"MIGUEL, AV S",16667,"PROVINCIAS, RUA DAS",60,"PENHA",1,0,"PROVINCIAS, RUA DAS SAO PAULO SP &  MIGUEL, AV S SAO PAULO SP",-23.5181373,-46.5216592
"182","D011300228",11913,"LINO COUTINHO, RUA",11952,"LOBO, RUA ALM",0,"","05/01/2013 20:30",2,"CO",17,129," "," ",1,1,0,0,0,0,0,0,0,0,0,0,0,0,0,0,0,11913,"LINO COUTINHO, RUA",11952,"LOBO, RUA ALM",33,"IPIRANGA",1,0,"LINO COUTINHO, RUA SAO PAULO SP &  LOBO, RUA ALM SAO PAULO SP",-23.5888051,-46.6027546
"183","D011300940",4128,"CANGAIBA, AV",19757,"VINTE E QUATRO DE FEVEREIRO, AV",0,"","05/01/2013 21:00",4,"AT",10,195," "," ",0,1,0,0,0,0,0,0,0,0,0,0,0,0,0,0,0,4128,"CANGAIBA, AV",19757,"VINTE E QUATRO DE FEVEREIRO, AV",18,"CANGAIBA",2,0,"CANGAIBA, AV SAO PAULO SP &  VINTE E QUATRO DE FEVEREIRO, AV SAO PAULO SP",-23.5109823,-46.5426667
"184","D011301251",6090,"PAULINO VITAL DE MORAIS, RUA",NA,"",492,"","05/01/2013 22:40",2,"QM",92,900003," "," ",0,1,0,0,0,0,0,0,0,0,0,0,0,0,0,0,0,6090,"PAULINO VITAL DE MORAIS, RUA",NA,"",17,"CAMPO LIMPO",1,0,"PAULINO VITAL DE MORAIS, RUA 492 SAO PAULO SP",-23.6626317,-46.7631296
"186","D011301364",17424,"ROSA MENDES, RUA",NA,"",609,"","05/01/2013 23:00",2,"SI",24,185," "," ",1,1,0,0,0,0,0,0,0,0,0,0,0,0,0,0,0,17424,"ROSA MENDES, RUA",NA,"",49,"LIBERDADE",1,0,"ROSA MENDES, RUA 609 SAO PAULO SP",-23.5079713,-46.4957243
"187","D011301708",24338,"LUIZ IGNACIO ANHAIA MELLO, AV PROF",NA,"",2253,"","05/01/2013 23:01",2,"CL",56,91,"B"," ",0,1,1,0,0,0,0,0,0,0,0,0,0,0,0,0,0,24338,"LUIZ IGNACIO ANHAIA MELLO, AV PROF",NA,"",26,"CONSOLACAO",0,1,"LUIZ IGNACIO ANHAIA MELLO, AV PROF 2253 SAO PAULO SP",-23.5826248,-46.5702091
"188","D011301398",21457,"DECIO DE TOLEDO LEITE, AV DR",NA,"",278,"","05/01/2013 23:05",2,"CL",50,223,"B"," ",0,1,0,0,0,0,0,1,0,0,0,0,0,0,0,0,0,21457,"DECIO DE TOLEDO LEITE, AV DR",NA,"",54,"MOOCA",2,0,"DECIO DE TOLEDO LEITE, AV DR 278 SAO PAULO SP",-23.4871479,-46.3825595
"189","D011301346",60426,"ALMECEGUEIRAS, RUA",NA,"",1,"","06/01/2013 00:20",4,"AT",22,128," "," ",0,1,0,0,0,0,0,0,0,0,0,0,0,0,0,0,0,60426,"ALMECEGUEIRAS, RUA",NA,"",53,"MOEMA",1,0,"ALMECEGUEIRAS, RUA 1 SAO PAULO SP",-23.5126122,-46.4436668
"190","D011301029",19319,"UHLAND, RUA",NA,"",486,"","06/01/2013 00:56",2,"QM",42,93," "," ",0,1,0,0,0,0,0,0,0,0,0,0,0,0,0,0,0,19319,"UHLAND, RUA",NA,"",56,"PARELHEIROS",1,0,"UHLAND, RUA 486 SAO PAULO SP",-23.589437,-46.5390235
"191","D011301372",14094,"MOGI DAS CRUZES, ES DE",NA,"",460,"","06/01/2013 01:07",4,"AT",24,539,"C"," ",1,0,0,0,0,0,0,0,0,0,0,0,0,0,0,0,0,14094,"MOGI DAS CRUZES, ES DE",NA,"",65,"PONTE RASA",1,0,"MOGI DAS CRUZES, ES DE 460 SAO PAULO SP",-23.5505199,-46.6333094
"192","D011301214",2758,"BALTAZAR DE SA, RUA",NA,"",123,"","06/01/2013 01:10",2,"CO",92,218," "," ",1,1,0,0,0,0,0,0,0,0,0,0,0,0,0,0,0,2758,"BALTAZAR DE SA, RUA",NA,"",32,"IGUATEMI",1,0,"BALTAZAR DE SA, RUA 123 SAO PAULO SP",-23.6729128,-46.7451493
"193","D011300881",15425,"CANTIDIO SAMPAIO, AV DEP",NA,"",2971,"","06/01/2013 01:30",2,"QM",72,967," "," ",1,1,0,0,0,0,0,0,0,0,0,0,0,0,0,0,0,15425,"CANTIDIO SAMPAIO, AV DEP",NA,"",41,"JARAGUA",1,0,"CANTIDIO SAMPAIO, AV DEP 2971 SAO PAULO SP",-23.4590492,-46.6897715
"194","D011301347",30231,"PARMENIDES, RUA",11542,"NORDESTINA, AV",0,"","06/01/2013 02:00",4,"AT",22,132," "," ",0,0,0,0,0,0,0,0,0,0,0,0,0,0,0,1,0,11542,"NORDESTINA, AV",30231,"PARMENIDES, RUA",NA,"",1,0,"PARMENIDES, RUA SAO PAULO SP &  NORDESTINA, AV SAO PAULO SP",-23.5074931,-46.4374693
"195","D011301548",99397,"SAUDADE PASSAGEIRA, TR",46250,"MENINA DE TRANCA, TR",0,"","06/01/2013 02:30",4,"AT",49,1551," "," ",0,1,0,0,0,0,0,0,0,0,0,0,0,0,0,0,0,46250,"MENINA DE TRANCA, TR",99397,"SAUDADE PASSAGEIRA, TR",32,"IGUATEMI",1,0,"SAUDADE PASSAGEIRA, TR SAO PAULO SP &  MENINA DE TRANCA, TR SAO PAULO SP",-23.6062492,-46.4491136
"196","D011301182",20048,"YERVANT KISSAJIKIAN, AV",NA,"",3000,"","06/01/2013 02:39",2,"CF",80,115," "," ",1,1,0,0,0,0,0,0,0,0,0,0,0,0,0,0,0,20048,"YERVANT KISSAJIKIAN, AV",NA,"",29,"FREGUESIA DO O",1,0,"YERVANT KISSAJIKIAN, AV 3000 SAO PAULO SP",-23.6810934,-46.6537825
"197","D011300551",3937,"CAMARGO, RUA",NA,"",123,"","06/01/2013 03:30",2,"CO",51,109," "," ",1,1,0,0,0,0,0,0,0,0,0,0,0,0,0,0,0,3937,"CAMARGO, RUA",NA,"",12,"BUTANTA",1,0,"CAMARGO, RUA 123 SAO PAULO SP",-23.5725197,-46.7097554
"198","D011301333",2483,"ATLANTICA ANT. ROBERT KENNEDY, AV",NA,"",2145,"","06/01/2013 04:40",2,"CH",102,162," "," ",1,0,0,0,0,0,0,0,0,0,0,0,0,0,0,0,0,2483,"ATLANTICA ANT. ROBERT KENNEDY, AV",NA,"",23,"CIDADE DUTRA",2,0,"ATLANTICA ANT. ROBERT KENNEDY, AV 2145 SAO PAULO SP",-23.5505199,-46.6333094
"199","D011301255",20048,"YERVANT KISSAJIKIAN, AV",NA,"",3726,"","06/01/2013 07:30",2,"CO",98,214," "," ",1,1,0,0,0,0,0,0,0,0,0,0,0,0,0,0,0,20048,"YERVANT KISSAJIKIAN, AV",NA,"",29,"FREGUESIA DO O",1,0,"YERVANT KISSAJIKIAN, AV 3726 SAO PAULO SP",-23.6850119,-46.6476732
"200","D011300823",5204,"CONCEICAO (ES.), AV",NA,"",1966,"","06/01/2013 07:30",4,"AT",39,180," "," ",0,1,0,0,0,0,0,0,0,0,0,0,0,0,0,0,0,5204,"CONCEICAO (ES.), AV",NA,"",88,"VILA GUILHERME",2,0,"CONCEICAO (ES.), AV 1966 SAO PAULO SP",-23.5505199,-46.6333094
"201","D011300624",1687,"ANTONIO DE SALLES PENTEADO, AV",NA,"",192,"","06/01/2013 08:15",4,"AT",89,900004," "," ",1,0,0,0,0,0,0,0,0,0,0,0,0,0,0,0,0,1687,"ANTONIO DE SALLES PENTEADO, AV",NA,"",NA,"",1,0,"ANTONIO DE SALLES PENTEADO, AV 192 SAO PAULO SP",-23.6101125,-46.751121
"202","D011301256",5606,"CUPECE, AV",NA,"",2875,"","06/01/2013 08:28",2,"CT",98,217," "," ",1,1,0,0,0,0,0,0,0,0,0,0,0,0,0,0,0,5606,"CUPECE, AV",NA,"",22,"CIDADE ADEMAR",2,0,"CUPECE, AV 2875 SAO PAULO SP",-23.6654527,-46.6576321
"203","D011300318",13915,"MIGUEL ESTEFANO, AV",8757,"HERMOGENES, RUA S",0,"","06/01/2013 10:30",2,"CF",83,124," "," ",1,1,0,0,0,0,0,0,0,0,0,0,0,0,0,0,0,8757,"HERMOGENES, RUA S",13915,"MIGUEL ESTEFANO, AV",27,"CURSINO",2,0,"MIGUEL ESTEFANO, AV SAO PAULO SP &  HERMOGENES, RUA S SAO PAULO SP",-23.6508594,-46.6210807
"204","D011301443",62147,"FRUTA-DO-PARAISO, RUA",NA,"",10,"","06/01/2013 11:50",4,"AT",63,146," "," ",0,0,1,0,0,0,0,0,0,0,0,0,0,0,0,0,0,62147,"FRUTA-DO-PARAISO, RUA",NA,"",53,"MOEMA",1,0,"FRUTA-DO-PARAISO, RUA 10 SAO PAULO SP",-23.5104003,-46.4530308
"205","D011300463",855,"ALVARENGA, RUA",NA,"",260,"","06/01/2013 12:00",2,"CO",34,136," "," ",1,1,0,0,0,0,0,0,0,0,0,0,0,0,0,0,0,855,"ALVARENGA, RUA",NA,"",55,"MORUMBI",1,0,"ALVARENGA, RUA 260 SAO PAULO SP",-23.5788677,-46.7080012
"206","D011300326",1247,"ANCHIETA, VIA",NA,"",413,"","06/01/2013 12:20",2,"CT",95,127," "," ",1,0,0,0,0,0,0,1,0,0,0,0,0,0,0,0,0,1247,"ANCHIETA, VIA",NA,"",33,"IPIRANGA",3,0,"ANCHIETA, VIA 413 SAO PAULO SP",-23.6057906,-46.5993587
"207","D011300691",6515,"EPAMINONDAS MELO DO AMARAL, RUA",NA,"",620,"","06/01/2013 12:50",2,"CP",13,175," "," ",1,0,0,0,0,0,0,0,0,0,0,0,0,0,0,0,0,6515,"EPAMINONDAS MELO DO AMARAL, RUA",NA,"",21,"CASA VERDE",2,0,"EPAMINONDAS MELO DO AMARAL, RUA 620 SAO PAULO SP",-23.4854586,-46.6590905
"208","D011300824",19201,"TUCURUVI, AV",NA,"",900,"","06/01/2013 13:30",2,"CL",39,191," "," ",0,1,0,0,0,0,0,0,0,0,0,1,0,0,0,0,0,19201,"TUCURUVI, AV",NA,"",22,"CIDADE ADEMAR",1,0,"TUCURUVI, AV 900 SAO PAULO SP",-23.4815296,-46.6033909
"210","D011300420",2476,"ATILIO INNOCENTI, RUA PROF",NA,"",165,"","06/01/2013 14:25",2,"CH",15,120," "," ",3,0,0,0,0,0,0,0,0,0,0,0,0,0,0,0,0,2476,"ATILIO INNOCENTI, RUA PROF",NA,"",34,"ITAIM BIBI",1,0,"ATILIO INNOCENTI, RUA PROF 165 SAO PAULO SP",-23.5887348,-46.6809394
"211","D011300379",33683,"PAULO VI, AV",11935,"LISBOA, RUA",0,"","06/01/2013 14:47",2,"CO",14,116," "," ",1,1,0,0,0,0,0,0,0,0,0,0,0,0,0,0,0,11935,"LISBOA, RUA",33683,"PAULO VI, AV",63,"PINHEIROS",2,0,"PAULO VI, AV SAO PAULO SP &  LISBOA, RUA SAO PAULO SP",-23.5521173,-46.6784213
"212","D011300766",17295,"RODRIGUES, RUA DOS",NA,"",481,"","06/01/2013 15:00",2,"CO",28,183," "," ",1,1,0,0,0,0,0,0,0,0,0,0,0,0,0,0,0,17295,"RODRIGUES, RUA DOS",NA,"",50,"LIMAO",1,0,"RODRIGUES, RUA DOS 481 SAO PAULO SP",-23.4922345,-46.6833033
"213","D011301430",62008,"BELISARIO BENITEZ, RUA",NA,"",60,"","06/01/2013 15:30",2,"QM",62,214," "," ",0,1,0,0,0,0,0,0,0,0,0,0,0,0,0,0,0,62008,"BELISARIO BENITEZ, RUA",NA,"",49,"LIBERDADE",1,0,"BELISARIO BENITEZ, RUA 60 SAO PAULO SP",-23.4858919,-46.4867591
"214","D011301143",20543,"ALTO DE VILA PIRAJUSSARA, AV",NA,"",726,"","06/01/2013 15:40",2,"CT",47,248," "," ",1,1,0,0,0,0,0,0,0,0,0,0,0,0,0,0,0,20543,"ALTO DE VILA PIRAJUSSARA, AV",NA,"",29,"FREGUESIA DO O",1,0,"ALTO DE VILA PIRAJUSSARA, AV 726 SAO PAULO SP",-23.6505046,-46.7837911
"215","D011300388",17590,"SAGARANA, RUA",NA,"",82,"","06/01/2013 17:00",4,"AT",14,223," "," ",1,0,0,0,0,0,0,0,0,0,0,0,0,0,0,0,0,17590,"SAGARANA, RUA",NA,"",39,"JAGUARA",1,0,"SAGARANA, RUA 82 SAO PAULO SP",-23.555979,-46.6981717
"216","D011301387",2516,"AUGUSTO CARLOS BAUMAN, RUA",NA,"",591,"","06/01/2013 17:30",2,"CF",32,151," "," ",1,1,0,0,0,0,0,0,0,0,0,0,0,0,0,0,0,2516,"AUGUSTO CARLOS BAUMAN, RUA",NA,"",36,"ITAQUERA",1,0,"AUGUSTO CARLOS BAUMAN, RUA 591 SAO PAULO SP",-23.5331757,-46.4490259
"217","D011301314",15507,"TEOTONIO VILELA, AV SEN",NA,"",7000,"","06/01/2013 19:10",4,"AT",101,153," "," ",1,0,0,0,0,0,0,0,0,0,0,0,0,0,0,0,0,15507,"TEOTONIO VILELA, AV SEN",NA,"",23,"CIDADE DUTRA",1,0,"TEOTONIO VILELA, AV SEN 7000 SAO PAULO SP",-23.7567074,-46.7140567
"218","D011301575",99894,"CACHOEIRA MORENA, RUA",NA,"",832,"","06/01/2013 19:28",4,"AT",54,274," "," ",1,0,0,0,0,0,0,0,0,0,0,0,0,0,0,0,0,99894,"CACHOEIRA MORENA, RUA",NA,"",25,"CIDADE TIRADENT",1,0,"CACHOEIRA MORENA, RUA 832 SAO PAULO SP",-23.5737905,-46.4014604
"219","D011301257",12196,"ESTRELA SOLITARIA, RUA",NA,"",176,"","06/01/2013 19:28",4,"AT",98,231," "," ",0,1,0,0,0,0,0,0,0,0,0,0,0,0,0,0,0,12196,"ESTRELA SOLITARIA, RUA",NA,"",29,"FREGUESIA DO O",1,0,"ESTRELA SOLITARIA, RUA 176 SAO PAULO SP",-23.6845889,-46.6426362
"220","D011301554",46936,"JACU-PESSEGO/NOVA TRABALHADORE, AV",NA,"",15000,"","06/01/2013 21:30",2,"CO",53,131," "," ",1,0,0,0,0,0,0,0,1,0,0,0,0,0,0,0,0,46936,"JACU-PESSEGO/NOVA TRABALHADORE, AV",NA,"",46,"JOSE BONIFACIO",1,0,"JACU-PESSEGO/NOVA TRABALHADORE, AV 15000 SAO PAULO SP",-23.556921,-46.4453943
"221","D011300201",9715,"JABAQUARA, AV",NA,"",1259,"","06/01/2013 22:16",4,"AT",16,213,"C"," ",0,0,0,0,0,0,0,1,0,0,0,0,0,0,0,0,0,9715,"JABAQUARA, AV",NA,"",79,"SAUDE",1,0,"JABAQUARA, AV 1259 SAO PAULO SP",-23.61536,-46.6384265
"222","D011300474",16337,"ELISEU DE ALMEIDA, AV",11612,"LAUDO FERREIRA DE CAMARGO, AV MIN",0,"","07/01/2013 00:29",2,"CH",34,393," "," ",1,0,0,0,0,0,0,0,0,0,0,0,0,0,0,0,0,11612,"LAUDO FERREIRA DE CAMARGO, AV MIN",16337,"ELISEU DE ALMEIDA, AV",96,"VILA SONIA",1,0,"ELISEU DE ALMEIDA, AV SAO PAULO SP &  LAUDO FERREIRA DE CAMARGO, AV MIN SAO PAULO SP",-23.580821,-46.721895
"223","D011301576",45523,"IGARAPE DA MISSAO, RUA",NA,"",663,"","07/01/2013 01:16",2,"QM",54,281," "," ",0,1,0,0,0,0,0,0,0,0,0,0,0,0,0,0,0,45523,"IGARAPE DA MISSAO, RUA",NA,"",25,"CIDADE TIRADENT",1,0,"IGARAPE DA MISSAO, RUA 663 SAO PAULO SP",-23.5941638,-46.412579
"224","D011300381",16919,"REBOUCAS, AV",NA,"",623,"","07/01/2013 01:50",2,"SI",14,163," "," ",2,1,0,0,0,0,0,0,0,0,0,0,0,0,0,0,0,16919,"REBOUCAS, AV",NA,"",44,"JARDIM PAULISTA",1,0,"REBOUCAS, AV 623 SAO PAULO SP",-23.5590312,-46.669182
"225","D011301207",12134,"ANTONIO RAMOS ROSA, RUA",NA,"",188,"","07/01/2013 06:02",4,"AT",92,84," "," ",0,1,0,0,0,0,0,0,0,0,0,0,0,0,0,0,0,12134,"ANTONIO RAMOS ROSA, RUA",NA,"",45,"JARDIM SAO LUIS",1,0,"ANTONIO RAMOS ROSA, RUA 188 SAO PAULO SP",-23.6614529,-46.7497094
"226","D011300520",35449,"BANDEIRANTES, VIA DOS",NA,"",23000,"","07/01/2013 06:24",2,"CT",46,89," "," ",1,0,0,0,0,0,0,0,0,0,0,1,0,0,0,0,0,35449,"BANDEIRANTES, VIA DOS",NA,"",64,"PIRITUBA",1,0,"BANDEIRANTES, VIA DOS 23000 SAO PAULO SP",-23.5962255,-46.6921266
"227","D011300904",36927,"SAVERIO VALENTE, RUA",NA,"",42,"","07/01/2013 06:40",2,"CH",74,76," "," ",0,1,0,0,0,0,0,0,0,0,0,0,0,0,0,0,0,36927,"SAVERIO VALENTE, RUA",NA,"",52,"MARSILAC",1,0,"SAVERIO VALENTE, RUA 42 SAO PAULO SP",-23.4414673,-46.7380882
"228","D011300715",16496,"PORANGATU, RUA",NA,"",320,"","07/01/2013 07:19",2,"CH",19,60," "," ",1,0,0,0,0,0,0,0,0,0,0,0,0,0,0,0,0,16496,"PORANGATU, RUA",NA,"",36,"ITAQUERA",1,0,"PORANGATU, RUA 320 SAO PAULO SP",-23.5048876,-46.5904215
"229","D011301208",2208,"ARISTODEMO GAZZOTTI, RUA",NA,"",500,"","07/01/2013 07:25",2,"CH",92,89," "," ",0,1,0,0,0,0,0,0,0,0,0,0,0,0,0,0,0,2208,"ARISTODEMO GAZZOTTI, RUA",NA,"",45,"JARDIM SAO LUIS",1,0,"ARISTODEMO GAZZOTTI, RUA 500 SAO PAULO SP",-23.6468331,-46.7403664
"230","D011300056",5245,"CONSOLACAO, RUA DA",NA,"",2195,"","07/01/2013 07:46",2,"CO",4,127," "," ",1,1,0,0,0,0,0,0,0,0,0,0,0,0,0,0,0,5245,"CONSOLACAO, RUA DA",NA,"",26,"CONSOLACAO",1,0,"CONSOLACAO, RUA DA 2195 SAO PAULO SP",-23.5540868,-46.6608437
"231","D011301611",9580,"ITAQUERA, AV",NA,"",2100,"","07/01/2013 07:50",2,"CO",66,83," "," ",0,1,0,0,0,0,0,0,0,0,0,0,0,0,0,1,0,9580,"ITAQUERA, AV",NA,"",24,"CIDADE LIDER",1,0,"ITAQUERA, AV 2100 SAO PAULO SP",-23.5489318,-46.5054045
"233","D011300658",36061,"LUIZ DUMONT VILLARES, AV",NA,"",707,"","07/01/2013 08:00",2,"CO",9,128," "," ",1,1,0,0,0,0,0,0,0,0,0,0,0,0,0,0,0,36061,"LUIZ DUMONT VILLARES, AV",NA,"",22,"CIDADE ADEMAR",1,0,"LUIZ DUMONT VILLARES, AV 707 SAO PAULO SP",-23.4955522,-46.6121088
"234","D011300087",19583,"VERGUEIRO, RUA",NA,"",1835,"","07/01/2013 08:30",2,"CO",5,231," "," ",1,0,0,0,1,0,0,0,0,0,0,0,0,0,0,0,0,19583,"VERGUEIRO, RUA",NA,"",33,"IPIRANGA",1,0,"VERGUEIRO, RUA 1835 SAO PAULO SP",-23.5784746,-46.6401388
"235","D011301277",9220,"INTERLAGOS, AV",19931,"WASHINGTON LUIS, AV",0,"","07/01/2013 08:30",4,"AT",99,62," "," ",1,0,0,0,0,0,0,0,0,0,0,0,0,0,0,0,0,9220,"INTERLAGOS, AV",19931,"WASHINGTON LUIS, AV",72,"SANTO AMARO",1,0,"INTERLAGOS, AV SAO PAULO SP &  WASHINGTON LUIS, AV SAO PAULO SP",-23.6872639,-46.6953006