"","id_acidente","codloga","logradouroA","codlogb","logradouroB","alt_num","referencia","data","cod_acid","tipo_acidente","dp","numero_BO","sentido","pista","automovel","moto","onibus","caminhao","bicicleta","moto_taxi","onibus_fretado","onibus_urbano","microonibus","van","vuc","caminhonete","carreta","jipe","outros","sem_informacao","carroca","princ_a","paiA","princ_b","paiB","cod_distrito","distrito","vit_ferida","vit_morta","local","lat","lon"
"396","D011300257",19100,"BANDEIRANTES, AV DOS",NA,"",3725,"","10/01/2013 08:00",2,"CO",27,345," "," ",1,1,0,0,0,0,0,0,0,0,0,1,0,0,0,0,0,19100,"BANDEIRANTES, AV DOS",NA,"",24,"CIDADE LIDER",2,0,"BANDEIRANTES, AV DOS 3725 SAO PAULO SP",-23.6164571,-46.6634128
"397","D011301509",41386,"LUIZ MATHEUS ALPIOVEZZA, RUA",NA,"",1558,"","10/01/2013 08:00",2,"CO",103,141," "," ",1,1,0,0,0,0,0,0,0,0,0,0,0,0,0,0,0,41386,"LUIZ MATHEUS ALPIOVEZZA, RUA",NA,"",47,"LAJEADO",1,0,"LUIZ MATHEUS ALPIOVEZZA, RUA 1558 SAO PAULO SP",-23.516601,-46.6022067
"399","D011300266",9334,"IRERE, AV",NA,"",2030,"","10/01/2013 08:30",4,"AT",27,740," "," ",1,0,0,0,0,0,0,0,0,0,0,0,0,0,0,0,0,9334,"IRERE, AV",NA,"",79,"SAUDE",1,0,"IRERE, AV 2030 SAO PAULO SP",-23.6283389,-46.6456163
"400","D011300867",15425,"CANTIDIO SAMPAIO, AV DEP",NA,"",2613,"","10/01/2013 08:40",2,"CL",72,273," "," ",0,1,0,0,0,0,0,1,0,0,0,0,0,0,0,0,0,15425,"CANTIDIO SAMPAIO, AV DEP",NA,"",41,"JARAGUA",1,0,"CANTIDIO SAMPAIO, AV DEP 2613 SAO PAULO SP",-23.4591422,-46.6897637
"401","D011300885",6224,"EDU CHAVES, AV",17339,"ROLAND GARROS, AV",0,"","10/01/2013 08:58",4,"AT",73,322," "," ",1,0,0,0,0,0,0,0,0,0,0,0,0,0,0,0,0,6224,"EDU CHAVES, AV",17339,"ROLAND GARROS, AV",38,"JACANA",1,0,"EDU CHAVES, AV SAO PAULO SP &  ROLAND GARROS, AV SAO PAULO SP",-23.4721429,-46.5718386
"402","D011300694",17799,"SANTOS DUMONT, AV",3637,"BRAZ LEME, AV",0,"","10/01/2013 09:10",2,"QM",13,312," "," ",0,1,0,0,0,0,0,0,0,0,0,0,0,0,0,0,0,3637,"BRAZ LEME, AV",17799,"SANTOS DUMONT, AV",71,"SANTANA",1,0,"SANTOS DUMONT, AV SAO PAULO SP &  BRAZ LEME, AV SAO PAULO SP",-23.5257861,-46.6307889
"403","D011300467",17822,"SAPETUBA, RUA",6105,"DRAUSIO, RUA",0,"","10/01/2013 09:30",2,"CO",34,197," "," ",1,1,0,0,0,0,0,0,0,0,0,0,0,0,0,0,0,6105,"DRAUSIO, RUA",17822,"SAPETUBA, RUA",12,"BUTANTA",1,0,"SAPETUBA, RUA SAO PAULO SP &  DRAUSIO, RUA SAO PAULO SP",-23.5733923,-46.7111489
"404","D011301390",9587,"SERRA DE SAO DOMINGOS, RUA",NA,"",555,"","10/01/2013 09:45",4,"AT",32,252," "," ",0,0,0,0,0,0,0,0,0,0,0,0,0,0,0,1,0,9587,"SERRA DE SAO DOMINGOS, RUA",NA,"",36,"ITAQUERA",1,0,"SERRA DE SAO DOMINGOS, RUA 555 SAO PAULO SP",-23.5510819,-46.4505028
"405","D011300765",5947,"EDGAR FACO, AV GAL",NA,"",441,"","10/01/2013 09:55",2,"CO",28,152," "," ",1,1,0,0,0,0,0,0,0,0,0,0,0,0,0,0,0,5947,"EDGAR FACO, AV GAL",NA,"",64,"PIRITUBA",1,0,"EDGAR FACO, AV GAL 441 SAO PAULO SP",-23.5031181,-46.7064976
"406","D011300230",11379,"JUNTAS PROVISORIAS, AV",6642,"ESTADO, AV DO",0,"","10/01/2013 10:40",2,"SI",17,189," "," ",1,1,0,0,0,0,0,0,0,0,0,0,0,0,0,0,0,10648,"JORDAO, RUA BRIG",11379,"JUNTAS PROVISORIAS, AV",48,"LAPA",1,0,"JUNTAS PROVISORIAS, AV SAO PAULO SP &  ESTADO, AV DO SAO PAULO SP",-23.6035256,-46.6020793
"408","D011300695",3241,"BENTO PICKEL, RUA DOM",NA,"",418,"","10/01/2013 11:15",4,"AT",13,336," "," ",1,0,0,0,0,0,0,0,0,0,0,0,0,0,0,0,0,3241,"BENTO PICKEL, RUA DOM",NA,"",21,"CASA VERDE",1,0,"BENTO PICKEL, RUA DOM 418 SAO PAULO SP",-23.4893578,-46.6604522
"409","D011301718",16055,"PENSILVANIA, RUA",17064,"RIBEIRO DO VALE, RUA",0,"","10/01/2013 11:30",4,"AT",16,542," "," ",1,0,0,0,0,0,0,0,0,0,0,0,0,0,0,0,0,16055,"PENSILVANIA, RUA",17064,"RIBEIRO DO VALE, RUA",NA,"",0,1,"PENSILVANIA, RUA SAO PAULO SP &  RIBEIRO DO VALE, RUA SAO PAULO SP",-23.6160194,-46.6810369
"410","D011300433",4561,"CASTELO BRANCO, AV PRES",7396,"JOSE GOMES FALCAO, RUA",0,"","10/01/2013 12:00",2,"CO",23,153," "," ",0,1,0,1,0,0,0,0,0,0,0,0,0,0,0,0,0,4561,"CASTELO BRANCO, AV PRES",7396,"JOSE GOMES FALCAO, RUA",6,"BARRA FUNDA",1,0,"CASTELO BRANCO, AV PRES SAO PAULO SP &  JOSE GOMES FALCAO, RUA SAO PAULO SP",-23.5216047,-46.6390428
"411","D011300172",8023,"GLETE, AL",15358,"PALMEIRAS, RUA DAS",0,"","10/01/2013 12:15",4,"AT",77,146," "," ",1,0,0,0,0,0,0,0,0,0,0,0,0,0,0,0,0,8023,"GLETE, AL",15358,"PALMEIRAS, RUA DAS",70,"SANTA CECILIA",1,0,"GLETE, AL SAO PAULO SP &  PALMEIRAS, RUA DAS SAO PAULO SP",-23.5372939,-46.6502599
"413","D011300099",11922,"LINS DE VASCONCELOS, AV",NA,"",2398,"","10/01/2013 12:20",2,"QM",6,150," "," ",0,1,0,0,0,0,0,0,0,0,0,0,0,0,0,0,0,11922,"LINS DE VASCONCELOS, AV",NA,"",92,"VILA MARIANA",1,0,"LINS DE VASCONCELOS, AV 2398 SAO PAULO SP",-23.5832108,-46.6276048
"415","D011300317",5618,"CURSINO, AV DO",NA,"",6800,"","10/01/2013 12:30",2,"CO",83,76," "," ",0,1,0,0,0,0,0,0,0,0,0,1,0,0,0,0,0,5618,"CURSINO, AV DO",NA,"",27,"CURSINO",1,0,"CURSINO, AV DO 6800 SAO PAULO SP",-23.6559391,-46.6144924
"416","D011301260",4253,"CARDOSO JARROS, RUA",NA,"",35,"","10/01/2013 12:52",4,"AT",98,388,"B"," ",1,0,0,0,0,0,0,0,0,0,0,0,0,0,0,0,0,4253,"CARDOSO JARROS, RUA",NA,"",29,"FREGUESIA DO O",1,0,"CARDOSO JARROS, RUA 35 SAO PAULO SP",-23.6903217,-46.6638755
"417","D011300822",19201,"TUCURUVI, AV",NA,"",520,"","10/01/2013 13:30",2,"CO",39,171," "," ",1,1,0,0,0,0,0,0,0,0,0,0,0,0,0,0,0,19201,"TUCURUVI, AV",NA,"",22,"CIDADE ADEMAR",1,0,"TUCURUVI, AV 520 SAO PAULO SP",-23.4803634,-46.606774
"418","D011301093",10270,"JOAO DIAS, AV",NA,"",775,"","10/01/2013 14:00",2,"QM",11,369," "," ",0,1,0,0,0,0,0,0,0,0,0,0,0,0,0,0,0,10270,"JOAO DIAS, AV",NA,"",72,"SANTO AMARO",1,0,"JOAO DIAS, AV 775 SAO PAULO SP",-23.6464318,-46.7076895
"419","D011300506",9529,"ITAPECERICA, ES DE",NA,"",4650,"","10/01/2013 14:00",2,"CO",37,408," "," ",1,1,0,1,0,0,0,0,0,0,0,0,0,0,0,0,0,9529,"ITAPECERICA, ES DE",NA,"",29,"FREGUESIA DO O",1,0,"ITAPECERICA, ES DE 4650 SAO PAULO SP",-23.5505199,-46.6333094
"420","D011301415",10010,"JUIOANA, RUA",18541,"PONTA DA PINHEIRA, RUA",0,"","10/01/2013 14:38",2,"CO",59,118," "," ",2,0,0,0,0,0,0,0,0,0,0,0,0,0,0,0,0,4700,"FRANCISCO LUIS DE OLIVEIRA, RUA",10010,"JUIOANA, RUA",86,"VILA CURUCA",1,0,"JUIOANA, RUA SAO PAULO SP &  PONTA DA PINHEIRA, RUA SAO PAULO SP",-23.5091244,-46.4092236
"421","D011300606",43747,"DIEGO DE CASTILHO, RUA",NA,"",150,"","10/01/2013 14:54",2,"CO",89,259," "," ",2,0,0,0,0,0,0,0,0,0,0,0,0,0,0,0,0,43747,"DIEGO DE CASTILHO, RUA",NA,"",29,"FREGUESIA DO O",1,0,"DIEGO DE CASTILHO, RUA 150 SAO PAULO SP",-23.6284383,-46.7213428
"422","D011301425",59746,"RUI PIROZZELLI, RUA",NA,"",129,"","10/01/2013 15:29",2,"CP",62,115," "," ",1,0,0,0,0,0,0,0,0,0,0,0,0,0,0,0,0,59746,"RUI PIROZZELLI, RUA",NA,"",49,"LIBERDADE",1,0,"RUI PIROZZELLI, RUA 129 SAO PAULO SP",-23.4899996,-46.4804256
"424","D011300328",19583,"VERGUEIRO, RUA",6298,"ELBA, RUA",0,"","10/01/2013 15:30",2,"CT",95,151," "," ",2,0,0,0,0,0,0,0,0,0,0,0,0,0,0,0,0,6298,"ELBA, RUA",19583,"VERGUEIRO, RUA",69,"SACOMA",1,0,"VERGUEIRO, RUA SAO PAULO SP &  ELBA, RUA SAO PAULO SP",-23.6104332,-46.6085751
"425","D011301279",6238,"NACOES UNIDAS, AV DAS",NA,"",22452,"","10/01/2013 15:43",4,"AT",99,128," "," ",0,0,1,0,0,0,0,0,0,0,0,0,0,0,0,0,0,13014,"MARGINAL DO RIO PINHEIROS, AV",NA,"",90,"VILA LEOPOLDINA",1,0,"NACOES UNIDAS, AV DAS 22452 SAO PAULO SP",-23.6791496,-46.6960548
"426","D011301716",98963,"RODOANEL MARIO COVAS, VIA",NA,"",49900,"","10/01/2013 15:50",2,"CT",101,235," "," ",0,0,0,2,0,0,0,0,0,0,0,0,0,0,0,0,0,98963,"RODOANEL MARIO COVAS, VIA",NA,"",62,"PERUS",0,1,"RODOANEL MARIO COVAS, VIA 49900 SAO PAULO SP",-23.760612,-46.5934574
"427","D011301047",6642,"ESTADO, AV DO",NA,"",450,"","10/01/2013 15:54",2,"CO",56,128," "," ",0,1,0,0,1,0,0,0,0,0,0,0,0,0,0,0,0,6642,"ESTADO, AV DO",NA,"",9,"BOM RETIRO",1,0,"ESTADO, AV DO 450 SAO PAULO SP",-23.5416117,-46.6286445
"428","D011300100",11922,"LINS DE VASCONCELOS, AV",NA,"",86,"","10/01/2013 16:00",2,"CT",6,158," "," ",0,2,0,0,0,0,0,0,0,0,0,0,0,0,0,0,0,11922,"LINS DE VASCONCELOS, AV",NA,"",92,"VILA MARIANA",1,0,"LINS DE VASCONCELOS, AV 86 SAO PAULO SP",-23.5639438,-46.620997
"429","D011300256",3590,"EDUARDO SACCAB, RUA COMEN",NA,"",32,"","10/01/2013 16:31",2,"CO",27,339," "," ",1,1,0,0,0,0,0,0,0,0,0,0,0,0,0,0,0,3590,"EDUARDO SACCAB, RUA COMEN",NA,"",15,"CAMPO BELO",1,0,"EDUARDO SACCAB, RUA COMEN 32 SAO PAULO SP",-23.6139611,-46.6779335
"430","D011301598",17824,"SAPOPEMBA, AV",NA,"",16540,"","10/01/2013 16:40",2,"CT",55,511,"B"," ",0,1,1,0,0,0,0,0,0,0,0,0,0,0,0,0,0,17824,"SAPOPEMBA, AV",NA,"",33,"IPIRANGA",2,0,"SAPOPEMBA, AV 16540 SAO PAULO SP",-23.6226054,-46.446932
"431","D011300793",7639,"FRIBURGO, RUA",NA,"",555,"","10/01/2013 17:00",2,"CO",38,210," "," ",0,1,0,0,0,0,0,2,0,0,0,0,0,0,0,0,0,7639,"FRIBURGO, RUA",NA,"",51,"MANDAQUI",1,0,"FRIBURGO, RUA 555 SAO PAULO SP",-23.5040225,-46.4958753
"433","D011300287",4596,"CATARINA, AV STA",NA,"",2277,"","10/01/2013 17:30",2,"CO",35,327," "," ",1,1,0,0,0,0,0,0,0,0,0,0,0,0,0,0,0,4596,"CATARINA, AV STA",NA,"",37,"JABAQUARA",1,0,"CATARINA, AV STA 2277 SAO PAULO SP",-23.6537288,-46.6572089
"434","D011300348",2235,"ARMANDO DE ARRUDA PEREIRA, AV ENG",NA,"",5536,"","10/01/2013 18:00",4,"AT",97,86," "," ",0,0,1,0,0,0,0,0,0,0,0,0,0,0,0,0,0,2235,"ARMANDO DE ARRUDA PEREIRA, AV ENG",NA,"",37,"JABAQUARA",1,0,"ARMANDO DE ARRUDA PEREIRA, AV ENG 5536 SAO PAULO SP",-23.6699678,-46.6331022
"435","D011301522",9590,"ITAQUERA-GUAIANAZES, ES",NA,"",2200,"","10/01/2013 18:30",4,"AT",44,229,"B"," ",0,0,1,0,0,0,0,0,0,0,0,0,0,0,0,0,0,9590,"ITAQUERA-GUAIANAZES, ES",NA,"",36,"ITAQUERA",1,0,"ITAQUERA-GUAIANAZES, ES 2200 SAO PAULO SP",-23.5505199,-46.6333094
"438","D011301488",59358,"MAE PRETA, PCA",NA,"",67,"","10/01/2013 19:00",2,"CH",67,462," "," ",1,0,0,0,0,0,0,1,0,0,0,0,0,0,0,0,0,59358,"MAE PRETA, PCA",NA,"",50,"LIMAO",1,0,"MAE PRETA, PCA 67 SAO PAULO SP",-23.5095112,-46.4166232
"440","D011300831",62455,"ARLINDO LUZ, PCA",NA,"",992,"","10/01/2013 19:30",4,"AT",39,349," "," ",1,0,0,0,0,0,0,0,0,0,0,0,0,0,0,0,0,62455,"ARLINDO LUZ, PCA",NA,"",22,"CIDADE ADEMAR",1,0,"ARLINDO LUZ, PCA 992 SAO PAULO SP",-23.4836198,-46.5769658
"442","D011300992",17824,"SAPOPEMBA, AV",NA,"",2635,"","10/01/2013 19:45",2,"QD",29,237," "," ",0,0,1,0,0,0,0,0,0,0,0,0,0,0,0,0,0,17824,"SAPOPEMBA, AV",NA,"",33,"IPIRANGA",1,0,"SAPOPEMBA, AV 2635 SAO PAULO SP",-23.5732621,-46.5635522
"443","D011301337",2483,"ATLANTICA ANT. ROBERT KENNEDY, AV",NA,"",2108,"","10/01/2013 20:00",2,"QM",102,387," "," ",0,0,1,0,1,0,0,0,0,0,0,0,0,0,0,0,0,2483,"ATLANTICA ANT. ROBERT KENNEDY, AV",NA,"",23,"CIDADE DUTRA",1,0,"ATLANTICA ANT. ROBERT KENNEDY, AV 2108 SAO PAULO SP",-23.5505199,-46.6333094
"444","D011300908",15425,"CANTIDIO SAMPAIO, AV DEP",NA,"",6557,"","10/01/2013 20:00",2,"CO",74,298," "," ",1,1,0,0,0,0,0,0,0,0,0,0,0,0,0,0,0,15425,"CANTIDIO SAMPAIO, AV DEP",NA,"",41,"JARAGUA",2,0,"CANTIDIO SAMPAIO, AV DEP 6557 SAO PAULO SP",-23.4351182,-46.7179784
"445","D011301444",46936,"JACU-PESSEGO/NOVA TRABALHADORE, AV",NA,"",1000,"","10/01/2013 20:30",2,"CL",63,249," "," ",1,1,0,0,0,0,0,0,0,0,0,0,0,0,0,0,0,46936,"JACU-PESSEGO/NOVA TRABALHADORE, AV",NA,"",46,"JOSE BONIFACIO",1,0,"JACU-PESSEGO/NOVA TRABALHADORE, AV 1000 SAO PAULO SP",-23.5239177,-46.45724
"446","D011301077",10503,"JOAO XXIII, AV",1782,"ANTONIO MANOGRASSO, AV",0,"","10/01/2013 20:40",2,"CO",58,315," "," ",1,1,0,0,0,0,0,0,0,0,0,0,0,0,0,0,0,1782,"ANTONIO MANOGRASSO, AV",10503,"JOAO XXIII, AV",87,"VILA FORMOSA",1,0,"JOAO XXIII, AV SAO PAULO SP &  ANTONIO MANOGRASSO, AV SAO PAULO SP",-23.5591082,-46.5209759
"447","D011300330",609,"ALENCAR ARARIPE, RUA",NA,"",1041,"","10/01/2013 21:00",2,"QD",95,197," "," ",0,0,0,0,0,0,0,0,0,0,0,0,0,0,0,1,0,609,"ALENCAR ARARIPE, RUA",NA,"",69,"SACOMA",1,0,"ALENCAR ARARIPE, RUA 1041 SAO PAULO SP",-23.6165847,-46.5966426
"448","D011301095",9384,"ISABEL SCHMIDT, RUA",35438,"BENEDITO, RUA S",0,"","10/01/2013 22:00",2,"CO",11,390," "," ",1,1,0,0,0,0,0,0,0,0,0,0,0,0,0,0,0,9384,"ISABEL SCHMIDT, RUA",35438,"BENEDITO, RUA S",72,"SANTO AMARO",1,0,"ISABEL SCHMIDT, RUA SAO PAULO SP &  BENEDITO, RUA S SAO PAULO SP",-23.6511631,-46.7037715
"449","D011300042",2300,"AROUCHE, LGO DO",NA,"",307,"","10/01/2013 22:30",4,"AT",3,192," "," ",1,0,0,0,0,0,0,0,0,0,0,0,0,0,0,0,0,2300,"AROUCHE, LGO DO",NA,"",67,"REPUBLICA",1,0,"AROUCHE, LGO DO 307 SAO PAULO SP",-23.5408892,-46.6447648
"451","D011300174",1356,"ANGELICA, AV",8771,"HIGIENOPOLIS, AV",0,"","11/01/2013 00:50",2,"CO",77,194," "," ",1,0,0,0,0,0,0,0,0,0,0,1,0,0,0,0,0,1356,"ANGELICA, AV",8771,"HIGIENOPOLIS, AV",26,"CONSOLACAO",3,0,"ANGELICA, AV SAO PAULO SP &  HIGIENOPOLIS, AV SAO PAULO SP",-23.5474146,-46.6586504
"452","D011301227",10270,"JOAO DIAS, AV",NA,"",3900,"","11/01/2013 03:00",2,"CO",92,438," "," ",1,1,0,0,0,0,0,0,0,0,0,0,0,0,0,0,0,10270,"JOAO DIAS, AV",NA,"",72,"SANTO AMARO",1,0,"JOAO DIAS, AV 3900 SAO PAULO SP",-23.6438845,-46.7313919
"454","D011300390",16263,"PINHEIROS, RUA DOS",NA,"",1518,"","11/01/2013 05:40",2,"CO",14,295," "," ",2,0,0,0,0,0,0,0,0,0,0,0,0,0,0,0,0,16263,"PINHEIROS, RUA DOS",NA,"",63,"PINHEIROS",1,0,"PINHEIROS, RUA DOS 1518 SAO PAULO SP",-23.5678983,-46.6922143
"455","D011301445",13881,"MIGUEL, AV S",NA,"",6345,"","11/01/2013 05:50",2,"CL",63,257," "," ",1,1,0,0,0,0,0,0,0,0,0,0,0,0,0,0,0,13881,"MIGUEL, AV S",NA,"",65,"PONTE RASA",1,0,"MIGUEL, AV S 6345 SAO PAULO SP",-23.5040258,-46.4728763
"456","D011301475",12156,"LUIZ AYRES, RUA DR",NA,"",1882,"","11/01/2013 06:00",2,"CO",65,128," "," ",1,1,0,0,0,0,0,0,0,0,0,0,0,0,0,0,0,12156,"LUIZ AYRES, RUA DR",NA,"",5,"ARTUR ALVIM",1,0,"LUIZ AYRES, RUA DR 1882 SAO PAULO SP",-23.5411749,-46.4842053
"457","D011300258",31498,"ROBERTO MARINHO - ANT AGUA ESP, AV JORN",24507,"LINO DE MORAES LEME, AV DR",0,"","11/01/2013 06:23",4,"AT",27,352," "," ",0,1,0,0,0,0,0,0,0,0,0,0,0,0,0,0,0,24507,"LINO DE MORAES LEME, AV DR",31498,"ROBERTO MARINHO - ANT AGUA ESP, AV JORN",15,"CAMPO BELO",1,0,"ROBERTO MARINHO - ANT AGUA ESP, AV JORN SAO PAULO SP &  LINO DE MORAES LEME, AV DR SAO PAULO SP",-23.5505199,-46.6333094
"458","D011300121",543,"ALCANTARA MACHADO, AV",NA,"",4456,"","11/01/2013 06:24",2,"QM",8,249," "," ",0,1,0,0,0,0,0,0,0,0,0,0,0,0,0,0,0,543,"ALCANTARA MACHADO, AV",NA,"",10,"BRAS",1,0,"ALCANTARA MACHADO, AV 4456 SAO PAULO SP",-23.5427156,-46.5833172
"459","D011300844",71780,"FRANCISCO RODRIGUES NUNES, RUA",26089,"JACOFER, RUA",0,"","11/01/2013 06:25",2,"CO",40,110," "," ",0,1,0,1,0,0,0,0,0,0,0,0,0,0,0,0,0,26089,"JACOFER, RUA",71780,"FRANCISCO RODRIGUES NUNES, RUA",NA,"",2,0,"FRANCISCO RODRIGUES NUNES, RUA SAO PAULO SP &  JACOFER, RUA SAO PAULO SP",-23.5080834,-46.6761994
"460","D011301702",9044,"RAGUEB CHOHFI, AV",NA,"",1956,"","11/01/2013 07:00",2,"CL",53,349," "," ",1,1,0,0,0,0,0,0,0,0,0,0,0,0,0,0,0,9044,"RAGUEB CHOHFI, AV",NA,"",NA,"",0,1,"RAGUEB CHOHFI, AV 1956 SAO PAULO SP",-23.598867,-46.4661313
"461","D011300157",16870,"RANGEL PESTANA, AV",NA,"",1491,"","11/01/2013 07:00",2,"CF",12,384," "," ",1,0,0,0,0,0,0,1,0,0,0,0,0,0,0,0,0,16870,"RANGEL PESTANA, AV",NA,"",1,"AGUA RASA",3,0,"RANGEL PESTANA, AV 1491 SAO PAULO SP",-23.5450675,-46.6202232
"463","D011300469",7500,"FRANCISCO MORATO, AV PROF",NA,"",100,"","11/01/2013 07:30",2,"CO",34,258," "," ",2,1,0,0,0,0,0,0,0,0,0,0,0,0,0,0,0,7500,"FRANCISCO MORATO, AV PROF",NA,"",12,"BUTANTA",1,0,"FRANCISCO MORATO, AV PROF 100 SAO PAULO SP",-23.5731025,-46.70559
"464","D011300568",16878,"RAPOSO TAVARES, VIA",NA,"",17200,"","11/01/2013 07:30",2,"QM",75,120," "," ",0,1,0,0,0,0,0,0,0,0,0,0,0,0,0,0,0,16878,"RAPOSO TAVARES, VIA",NA,"",13,"CACHOEIRINHA",1,0,"RAPOSO TAVARES, VIA 17200 SAO PAULO SP",-23.5182579,-48.5000767
"465","D011301134",5606,"CUPECE, AV",10765,"FELICIO CINTRA DO PRADO, RUA PROF",0,"","11/01/2013 07:40",2,"CL",43,145,"B"," ",2,0,0,0,0,0,0,0,0,0,0,0,0,0,0,0,0,5606,"CUPECE, AV",10765,"FELICIO CINTRA DO PRADO, RUA PROF",22,"CIDADE ADEMAR",2,0,"CUPECE, AV SAO PAULO SP &  FELICIO CINTRA DO PRADO, RUA PROF SAO PAULO SP",-23.6626179,-46.6622987
"466","D011300942",4128,"CANGAIBA, AV",NA,"",3500,"","11/01/2013 08:00",2,"CO",10,444," "," ",1,1,0,0,0,0,0,0,0,0,0,0,0,0,0,0,0,4128,"CANGAIBA, AV",NA,"",18,"CANGAIBA",1,0,"CANGAIBA, AV 3500 SAO PAULO SP",-23.5061388,-46.523129
"468","D011301213",11242,"JOSEFINA MORETTI, RUA",NA,"",309,"","11/01/2013 08:00",4,"AT",92,204," "," ",1,0,0,0,0,0,0,0,0,0,0,0,0,0,0,0,0,11242,"JOSEFINA MORETTI, RUA",NA,"",29,"FREGUESIA DO O",1,0,"JOSEFINA MORETTI, RUA 309 SAO PAULO SP",-23.644324,-46.740269
"469","D011300552",19817,"VITAL BRASIL, AV",NA,"",711,"","11/01/2013 08:20",4,"AT",51,163,"C"," ",1,1,0,0,0,0,0,0,0,0,0,0,0,0,0,0,0,19817,"VITAL BRASIL, AV",NA,"",13,"CACHOEIRINHA",2,0,"VITAL BRASIL, AV 711 SAO PAULO SP",-23.5704746,-46.7112503
"470","D011300423",7691,"GABRIEL MONTEIRO DA SILVA, AL",683,"ALFREDO CABRAL, RUA CEL",0,"","11/01/2013 09:37",2,"CO",15,202," "," ",0,1,0,0,0,0,0,0,0,0,0,1,0,0,0,0,0,683,"ALFREDO CABRAL, RUA CEL",7691,"GABRIEL MONTEIRO DA SILVA, AL",63,"PINHEIROS",1,0,"GABRIEL MONTEIRO DA SILVA, AL SAO PAULO SP &  ALFREDO CABRAL, RUA CEL SAO PAULO SP",-23.574341,-46.6853256
"471","D011301361",13881,"MIGUEL, AV S",NA,"",3551,"","11/01/2013 09:45",2,"CL",24,123," "," ",1,1,0,0,0,0,0,0,0,0,0,0,0,0,0,0,0,13881,"MIGUEL, AV S",NA,"",65,"PONTE RASA",1,0,"MIGUEL, AV S 3551 SAO PAULO SP",-23.5102952,-46.4983113
"472","D011300697",3813,"CAETANO ALVARES, AV ENG",20066,"ZILDA, RUA",0,"","11/01/2013 09:50",2,"CO",13,365," "," ",0,1,0,1,0,0,0,0,0,0,0,0,0,0,0,0,0,3813,"CAETANO ALVARES, AV ENG",20066,"ZILDA, RUA",21,"CASA VERDE",1,0,"CAETANO ALVARES, AV ENG SAO PAULO SP &  ZILDA, RUA SAO PAULO SP",-23.4830811,-46.6330478
"473","D011300869",3771,"INAJAR DE SOUZA, AV",NA,"",4750,"","11/01/2013 09:55",4,"AT",72,303," "," ",0,0,0,0,0,0,0,0,0,0,0,1,0,0,0,0,0,3771,"INAJAR DE SOUZA, AV",NA,"",50,"LIMAO",1,0,"INAJAR DE SOUZA, AV 4750 SAO PAULO SP",-23.4705433,-46.6703863
"475","D011300451",1232,"ANASTACIO, AV DO",NA,"",2409,"","11/01/2013 10:10",2,"CO",33,345," "," ",1,1,0,0,0,0,0,0,0,0,0,0,0,0,0,0,0,1232,"ANASTACIO, AV DO",NA,"",73,"SAO DOMINGOS",1,0,"ANASTACIO, AV DO 2409 SAO PAULO SP",-23.4883978,-46.7380002
"476","D011300696",3813,"CAETANO ALVARES, AV ENG",NA,"",3287,"","11/01/2013 10:11",4,"AT",13,363," "," ",1,0,0,0,0,0,0,0,0,0,0,0,0,0,0,0,0,3813,"CAETANO ALVARES, AV ENG",NA,"",21,"CASA VERDE",1,0,"CAETANO ALVARES, AV ENG 3287 SAO PAULO SP",-23.490434,-46.6555798
"477","D011300148",4561,"CASTELO BRANCO, AV PRES",18197,"SILVA TELES, RUA",0,"","11/01/2013 10:15",2,"CO",12,215," "," ",0,0,0,0,0,0,0,0,0,0,0,2,0,0,0,0,0,4561,"CASTELO BRANCO, AV PRES",18197,"SILVA TELES, RUA",8,"BELEM",1,0,"CASTELO BRANCO, AV PRES SAO PAULO SP &  SILVA TELES, RUA SAO PAULO SP",-23.5216047,-46.6390428
"478","D011300104",6642,"ESTADO, AV DO",NA,"",2000,"","11/01/2013 11:00",2,"CT",6,231," "," ",1,0,0,1,0,0,0,0,0,0,0,0,0,0,0,0,0,6642,"ESTADO, AV DO",NA,"",9,"BOM RETIRO",1,0,"ESTADO, AV DO 2000 SAO PAULO SP",-23.5862844,-46.5987073
"479","D011301696",9044,"RAGUEB CHOHFI, AV",NA,"",115,"","11/01/2013 11:30",4,"AT",69,378," "," ",1,0,0,0,0,0,0,0,0,0,0,0,0,0,0,0,0,9044,"RAGUEB CHOHFI, AV",NA,"",NA,"",0,1,"RAGUEB CHOHFI, AV 115 SAO PAULO SP",-23.6108952,-46.4752327
"480","D011301261",8477,"WILSON CANTONI, RUA",NA,"",376,"","11/01/2013 11:56",4,"AT",98,424,"B"," ",0,0,1,0,0,0,0,0,0,0,0,0,0,0,0,0,0,8477,"WILSON CANTONI, RUA",NA,"",29,"FREGUESIA DO O",1,0,"WILSON CANTONI, RUA 376 SAO PAULO SP",-23.6925836,-46.6452808
"481","D011300583",16838,"RAIMUNDO PEREIRA DE MAGAL., AV",NA,"",6500,"","11/01/2013 12:30",2,"CO",87,202," "," ",0,1,0,1,0,0,0,0,0,0,0,0,0,0,0,0,0,16838,"RAIMUNDO PEREIRA DE MAGAL., AV",NA,"",31,"GUAIANASES",1,0,"RAIMUNDO PEREIRA DE MAGAL., AV 6500 SAO PAULO SP",-23.4772214,-46.728046