"","id_acidente","codloga","logradouroA","codlogb","logradouroB","alt_num","referencia","data","cod_acid","tipo_acidente","dp","numero_BO","sentido","pista","automovel","moto","onibus","caminhao","bicicleta","moto_taxi","onibus_fretado","onibus_urbano","microonibus","van","vuc","caminhonete","carreta","jipe","outros","sem_informacao","carroca","princ_a","paiA","princ_b","paiB","cod_distrito","distrito","vit_ferida","vit_morta","local","lat","lon"
"482","D011300025",22237,"DAVID BIGIO, RUA",6642,"ESTADO, AV DO",0,"","11/01/2013 13:00",2,"CO",2,201," "," ",0,1,0,1,0,0,0,0,0,0,0,0,0,0,0,0,0,6642,"ESTADO, AV DO",22237,"DAVID BIGIO, RUA",9,"BOM RETIRO",1,0,"DAVID BIGIO, RUA SAO PAULO SP &  ESTADO, AV DO SAO PAULO SP",-23.5230551,-46.6373221
"483","D011300259",8944,"IBIRAPUERA, AV",NA,"",3219,"","11/01/2013 13:05",2,"CO",27,372," "," ",3,0,0,0,0,0,0,0,0,0,0,0,0,0,0,0,0,8944,"IBIRAPUERA, AV",NA,"",53,"MOEMA",1,0,"IBIRAPUERA, AV 3219 SAO PAULO SP",-23.6106267,-46.6685663
"484","D011300203",5618,"CURSINO, AV DO",NA,"",1515,"","11/01/2013 13:15",2,"CO",16,446," "," ",1,1,0,0,0,0,0,0,0,0,0,0,0,0,0,0,0,5618,"CURSINO, AV DO",NA,"",27,"CURSINO",1,0,"CURSINO, AV DO 1515 SAO PAULO SP",-23.6159085,-46.6175973
"485","D011301647",24338,"LUIZ IGNACIO ANHAIA MELLO, AV PROF",NA,"",7083,"","11/01/2013 13:30",2,"CO",70,241," "," ",2,0,0,0,0,0,0,0,0,0,0,0,0,0,0,0,0,24338,"LUIZ IGNACIO ANHAIA MELLO, AV PROF",NA,"",26,"CONSOLACAO",1,0,"LUIZ IGNACIO ANHAIA MELLO, AV PROF 7083 SAO PAULO SP",-23.5983244,-46.5328673
"486","D011301066",17033,"RIBEIRAO BRANCO, RUA",2540,"AUGUSTO GALVAO VAZ CERQUINHO, RUA DR",0,"","11/01/2013 13:30",2,"CO",57,145," "," ",0,1,0,0,0,0,0,0,0,0,0,1,0,0,0,0,0,2540,"AUGUSTO GALVAO VAZ CERQUINHO, RUA DR",4034,"CAMPO LARGO, RUA",1,"AGUA RASA",1,0,"RIBEIRAO BRANCO, RUA SAO PAULO SP &  AUGUSTO GALVAO VAZ CERQUINHO, RUA DR SAO PAULO SP",-23.5671792,-46.5772734
"487","D011300204",5902,"DIOGO DE FARIA, RUA DR",NA,"",113,"","11/01/2013 13:35",2,"CO",16,456,"B"," ",1,1,0,0,0,0,0,0,0,0,0,0,0,0,0,0,0,5902,"DIOGO DE FARIA, RUA DR",NA,"",92,"VILA MARIANA",1,0,"DIOGO DE FARIA, RUA DR 113 SAO PAULO SP",-23.5962464,-46.6378252
"488","D011301051",24338,"LUIZ IGNACIO ANHAIA MELLO, AV PROF",NA,"",850,"","11/01/2013 14:00",2,"CO",56,203," "," ",0,0,1,0,0,0,0,0,0,0,0,1,0,0,0,0,0,24338,"LUIZ IGNACIO ANHAIA MELLO, AV PROF",NA,"",26,"CONSOLACAO",2,0,"LUIZ IGNACIO ANHAIA MELLO, AV PROF 850 SAO PAULO SP",-23.5844985,-46.5847992
"489","D011301487",11542,"NORDESTINA, AV",NA,"",3000,"","11/01/2013 14:00",4,"AT",67,398," "," ",0,0,0,0,0,0,0,0,0,0,0,0,0,0,0,1,0,11542,"NORDESTINA, AV",NA,"",76,"SAO MIGUEL",1,0,"NORDESTINA, AV 3000 SAO PAULO SP",-23.5111263,-46.431366
"490","D011300173",1162,"ANA CINTRA, RUA",10101,"JOAO, AV S",0,"","11/01/2013 14:11",2,"CO",77,176," "," ",1,1,0,0,0,0,0,0,0,0,0,0,0,0,0,0,0,1162,"ANA CINTRA, RUA",10101,"JOAO, AV S",70,"SANTA CECILIA",1,0,"ANA CINTRA, RUA SAO PAULO SP &  JOAO, AV S SAO PAULO SP",-23.5402618,-46.6478014
"491","D011300122",14213,"MOOCA, RUA DA",NA,"",416,"","11/01/2013 14:17",2,"CO",8,259," "," ",0,1,0,0,0,0,0,0,0,0,0,1,0,0,0,0,0,14213,"MOOCA, RUA DA",NA,"",16,"CAMPO GRANDE",1,0,"MOOCA, RUA DA 416 SAO PAULO SP",-23.5604552,-46.5856187
"492","D011300149",21637,"HUMBERTO DE SOUZA MELLO, PCA GAL",4632,"CATUMBI, RUA",0,"","11/01/2013 14:45",4,"AT",12,227," "," ",0,0,0,1,0,0,0,0,0,0,0,0,0,0,0,0,0,4632,"CATUMBI, RUA",10042,"JEQUITINHONHA, RUA",8,"BELEM",1,0,"HUMBERTO DE SOUZA MELLO, PCA GAL SAO PAULO SP &  CATUMBI, RUA SAO PAULO SP",-23.5300884,-46.6021669
"493","D011301096",10270,"JOAO DIAS, AV",NA,"",2046,"","11/01/2013 15:20",2,"CT",11,415," "," ",1,1,0,0,0,0,0,0,0,0,0,0,0,0,0,0,0,10270,"JOAO DIAS, AV",NA,"",72,"SANTO AMARO",1,0,"JOAO DIAS, AV 2046 SAO PAULO SP",-23.6446697,-46.7201858
"494","D011300086",12165,"LUIS ANTONIO, AV BRIG",NA,"",1813,"","11/01/2013 15:25",4,"AT",5,227," "," ",1,0,0,0,0,0,0,0,0,0,0,0,0,0,0,0,0,12165,"LUIS ANTONIO, AV BRIG",NA,"",7,"BELA VISTA",1,0,"LUIS ANTONIO, AV BRIG 1813 SAO PAULO SP",-23.5642269,-46.6464176
"496","D011300631",7836,"GASTAO VIDIGAL, AV DR",13854,"MERGENTHALER, RUA",0,"","11/01/2013 15:26",2,"CO",91,272," "," ",1,1,0,0,0,0,0,0,0,0,0,0,0,0,0,0,0,7836,"GASTAO VIDIGAL, AV DR",13854,"MERGENTHALER, RUA",90,"VILA LEOPOLDINA",1,0,"GASTAO VIDIGAL, AV DR SAO PAULO SP &  MERGENTHALER, RUA SAO PAULO SP",-23.5250205,-46.7409786
"497","D011300123",543,"ALCANTARA MACHADO, AV",3596,"BRASIL, RUA ALM",0,"","11/01/2013 15:30",2,"CO",8,260," "," ",1,1,0,0,0,0,0,0,0,0,0,0,0,0,0,0,0,543,"ALCANTARA MACHADO, AV",3596,"BRASIL, RUA ALM",54,"MOOCA",1,0,"ALCANTARA MACHADO, AV SAO PAULO SP &  BRASIL, RUA ALM SAO PAULO SP",-23.5528151,-46.613419
"498","D011301216",33664,"ANTONIO DE SENA, RUA",NA,"",82,"","11/01/2013 15:30",2,"CO",92,225," "," ",1,0,0,1,0,0,0,0,0,0,0,0,0,0,0,0,0,33664,"ANTONIO DE SENA, RUA",NA,"",32,"IGUATEMI",1,0,"ANTONIO DE SENA, RUA 82 SAO PAULO SP",-23.6605107,-46.7447686
"499","D011300468",7500,"FRANCISCO MORATO, AV PROF",NA,"",479,"","11/01/2013 15:40",2,"CT",34,234," "," ",1,1,0,0,0,0,0,0,0,0,0,0,0,0,0,0,0,7500,"FRANCISCO MORATO, AV PROF",NA,"",12,"BUTANTA",1,0,"FRANCISCO MORATO, AV PROF 479 SAO PAULO SP",-23.5758373,-46.7072421
"500","D011301523",21711,"SATURNINO PEREIRA, RUA",NA,"",360,"","11/01/2013 15:54",4,"AT",44,253," "," ",0,0,0,0,0,0,0,0,0,0,0,0,0,0,0,1,0,21711,"SATURNINO PEREIRA, RUA",NA,"",50,"LIMAO",1,0,"SATURNINO PEREIRA, RUA 360 SAO PAULO SP",-23.5471599,-46.4118529
"501","D011301459",61827,"ALVES E ROCHA FILHO, AV CEL",75265,"JARAMATAIA, RUA",0,"","11/01/2013 16:00",2,"CF",64,304," "," ",1,1,0,0,0,0,0,0,0,0,0,0,0,0,0,0,0,61827,"ALVES E ROCHA FILHO, AV CEL",75265,"JARAMATAIA, RUA",36,"ITAQUERA",2,0,"ALVES E ROCHA FILHO, AV CEL SAO PAULO SP &  JARAMATAIA, RUA SAO PAULO SP",-23.5205828,-46.4665341
"502","D011300291",449,"ALBA, RUA",21929,"NELSON WASHINGTON PEREIRA, RUA",0,"","11/01/2013 16:00",2,"CO",35,656," "," ",1,1,0,0,0,0,0,0,0,0,0,0,0,0,0,0,0,449,"ALBA, RUA",21929,"NELSON WASHINGTON PEREIRA, RUA",37,"JABAQUARA",1,0,"ALBA, RUA SAO PAULO SP &  NELSON WASHINGTON PEREIRA, RUA SAO PAULO SP",-23.6400473,-46.6505331
"503","D011300329",19583,"VERGUEIRO, RUA",NA,"",8000,"","11/01/2013 16:40",2,"CO",95,162,"C"," ",1,1,0,0,0,0,0,0,0,0,0,0,0,0,0,0,0,19583,"VERGUEIRO, RUA",NA,"",33,"IPIRANGA",1,0,"VERGUEIRO, RUA 8000 SAO PAULO SP",-23.6124266,-46.6078038
"505","D011300646",14685,"ASSUNCAO, AV NSRA DA",NA,"",1427,"","11/01/2013 17:10",2,"CO",93,276," "," ",2,0,0,0,0,0,0,0,0,0,0,0,0,0,0,0,0,14685,"ASSUNCAO, AV NSRA DA",NA,"",68,"RIO PEQUENO",2,0,"ASSUNCAO, AV NSRA DA 1427 SAO PAULO SP",-23.5505199,-46.6333094
"506","D011300944",42369,"AIRTON SENNA DA SILVA, VIA",NA,"",13500,"","11/01/2013 17:25",2,"CO",10,466," "," ",1,1,0,0,0,0,0,0,0,0,0,0,0,0,0,0,0,42369,"AIRTON SENNA DA SILVA, VIA",NA,"",18,"CANGAIBA",1,0,"AIRTON SENNA DA SILVA, VIA 13500 SAO PAULO SP",-23.4965579,-46.530574
"507","D011300434",18519,"SUMARE, AV",NA,"",318,"","11/01/2013 17:30",2,"CO",23,190,"B"," ",1,1,0,0,0,0,0,0,0,0,0,0,0,0,0,0,0,18519,"SUMARE, AV",NA,"",61,"PERDIZES",1,0,"SUMARE, AV 318 SAO PAULO SP",-23.5323172,-46.6759628
"508","D011300584",16838,"RAIMUNDO PEREIRA DE MAGAL., AV",NA,"",1500,"","11/01/2013 17:30",2,"CO",87,214," "," ",0,1,0,0,0,0,0,0,0,0,0,1,0,0,0,0,0,16838,"RAIMUNDO PEREIRA DE MAGAL., AV",NA,"",31,"GUAIANASES",2,0,"RAIMUNDO PEREIRA DE MAGAL., AV 1500 SAO PAULO SP",-23.4866379,-46.7258915
"509","D011301593",78856,"LEONOR DE SIQUEIRO, RUA",NA,"",20,"","11/01/2013 18:00",4,"AT",55,205," "," ",1,0,0,0,0,0,0,0,0,0,0,0,0,0,0,0,0,78856,"LEONOR DE SIQUEIRO, RUA",NA,"",55,"MORUMBI",1,0,"LEONOR DE SIQUEIRO, RUA 20 SAO PAULO SP",-23.6181419,-46.4694337
"510","D011300247",14714,"ENCARNACAO, AV NSRA DA",NA,"",585,"","11/01/2013 18:10",2,"SI",26,977," "," ",1,1,0,0,0,0,0,0,0,0,0,0,0,0,0,0,0,14714,"ENCARNACAO, AV NSRA DA",NA,"",21,"CASA VERDE",1,0,"ENCARNACAO, AV NSRA DA 585 SAO PAULO SP",-23.5505199,-46.6333094
"511","D011300945",42369,"AIRTON SENNA DA SILVA, VIA",NA,"",15850,"","11/01/2013 18:15",2,"CT",10,470," "," ",1,1,0,0,0,0,0,0,0,0,0,0,0,0,0,0,0,42369,"AIRTON SENNA DA SILVA, VIA",NA,"",18,"CANGAIBA",2,0,"AIRTON SENNA DA SILVA, VIA 15850 SAO PAULO SP",-23.4881096,-46.5079319
"512","D011300188",15656,"PAULISTA, AV",NA,"",1200,"","11/01/2013 18:20",2,"CT",78,279," "," ",1,1,0,0,0,0,0,0,0,0,0,0,0,0,0,0,0,15656,"PAULISTA, AV",NA,"",7,"BELA VISTA",1,0,"PAULISTA, AV 1200 SAO PAULO SP",-23.5632201,-46.6545057
"513","D011300738",16178,"PESTANA, RUA",NA,"",37,"","11/01/2013 18:30",2,"CO",20,319," "," ",1,1,0,0,0,0,0,0,0,0,0,0,0,0,0,0,0,16178,"PESTANA, RUA",NA,"",8,"BELEM",1,0,"PESTANA, RUA 37 SAO PAULO SP",-23.4822121,-46.6354521
"514","D011300043",15323,"PAICANDU, LGO DO",NA,"",20,"","11/01/2013 18:34",4,"AT",3,320," "," ",0,1,0,0,0,0,0,0,0,0,0,0,0,0,0,0,0,15323,"PAICANDU, LGO DO",NA,"",5,"ARTUR ALVIM",1,0,"PAICANDU, LGO DO 20 SAO PAULO SP",-23.4394159,-46.2753202
"515","D011301648",70596,"CORREIA DA CAMARA, RUA",NA,"",47,"","11/01/2013 19:04",4,"AT",70,250," "," ",0,0,0,0,0,0,0,0,0,0,0,1,0,0,0,0,0,70596,"CORREIA DA CAMARA, RUA",NA,"",56,"PARELHEIROS",1,0,"CORREIA DA CAMARA, RUA 47 SAO PAULO SP",-23.5987007,-46.5286722
"516","D011300698",17832,"SAGUAIRU, RUA",10458,"JOAO RUDGE, RUA",0,"","11/01/2013 19:22",2,"CL",13,388," "," ",2,0,0,0,0,0,0,0,0,0,0,0,0,0,0,0,0,10458,"JOAO RUDGE, RUA",17832,"SAGUAIRU, RUA",21,"CASA VERDE",2,0,"SAGUAIRU, RUA SAO PAULO SP &  JOAO RUDGE, RUA SAO PAULO SP",-23.5092964,-46.6531503
"517","D011301671",9836,"JAGUARE, AV",NA,"",695,"","11/01/2013 19:35",4,"AT",93,258," "," ",0,1,0,0,0,0,0,0,0,0,0,0,0,0,0,0,0,9836,"JAGUARE, AV",NA,"",40,"JAGUARE",0,2,"JAGUARE, AV 695 SAO PAULO SP",-23.5540481,-46.7432926
"518","D011300593",16838,"RAIMUNDO PEREIRA DE MAGAL., AV",NA,"",1000,"","11/01/2013 20:00",2,"CO",87,385," "," ",1,1,0,0,0,0,0,0,0,0,0,0,0,0,0,0,0,16838,"RAIMUNDO PEREIRA DE MAGAL., AV",NA,"",31,"GUAIANASES",1,0,"RAIMUNDO PEREIRA DE MAGAL., AV 1000 SAO PAULO SP",-23.5095869,-46.7150048
"519","D011300044",9276,"IPIRANGA, AV",10101,"JOAO, AV S",0,"","11/01/2013 20:18",4,"AT",3,321," "," ",0,0,0,0,0,0,0,1,0,0,0,0,0,0,0,0,0,9276,"IPIRANGA, AV",10101,"JOAO, AV S",67,"REPUBLICA",1,0,"IPIRANGA, AV SAO PAULO SP &  JOAO, AV S SAO PAULO SP",-23.5457285,-46.6440924
"520","D011300591",6939,"FEIZ ZARZUR, RUA COMEN",NA,"",580,"","11/01/2013 20:29",4,"AT",87,361," "," ",0,0,0,0,0,0,0,0,0,0,0,0,0,0,0,1,0,6939,"FEIZ ZARZUR, RUA COMEN",NA,"",64,"PIRITUBA",1,0,"FEIZ ZARZUR, RUA COMEN 580 SAO PAULO SP",-23.4777337,-46.7206425
"521","D011300853",21017,"GABRIEL MIGLIORI, RUA MAEST",73663,"NELSON FRANCISCO, RUA",0,"","11/01/2013 20:34",2,"CO",40,387," "," ",0,0,1,0,1,0,0,0,0,0,0,0,0,0,0,0,0,21017,"GABRIEL MIGLIORI, RUA MAEST",73663,"NELSON FRANCISCO, RUA",NA,"",1,0,"GABRIEL MIGLIORI, RUA MAEST SAO PAULO SP &  NELSON FRANCISCO, RUA SAO PAULO SP",-23.5091837,-46.6803036
"522","D011300505",9529,"ITAPECERICA, ES DE",NA,"",1500,"","11/01/2013 20:40",2,"CO",37,397," "," ",1,1,0,0,0,0,0,0,0,0,0,0,0,0,0,0,0,9529,"ITAPECERICA, ES DE",NA,"",29,"FREGUESIA DO O",1,0,"ITAPECERICA, ES DE 1500 SAO PAULO SP",-23.5505199,-46.6333094
"523","D011300704",14242,"MOREIRA DE BARROS, RUA CONS",NA,"",1747,"","11/01/2013 21:00",2,"CO",13,577," "," ",1,1,0,0,0,0,0,0,0,0,0,0,0,0,0,0,0,14242,"MOREIRA DE BARROS, RUA CONS",NA,"",0,"NULL",1,0,"MOREIRA DE BARROS, RUA CONS 1747 SAO PAULO SP",-23.4879574,-46.6383299
"524","D011300888",3199,"BENJAMIN PEREIRA, RUA",NA,"",232,"","11/01/2013 21:35",2,"CO",73,384," "," ",2,0,0,0,0,0,0,0,0,0,0,0,0,0,0,0,0,3199,"BENJAMIN PEREIRA, RUA",NA,"",38,"JACANA",1,0,"BENJAMIN PEREIRA, RUA 232 SAO PAULO SP",-23.468523,-46.5912494
"525","D011301097",10918,"JOSE DINIZ, AV VER",11350,"ALEXANDRE DUMAS, RUA",0,"","11/01/2013 21:45",2,"CO",11,426," "," ",2,0,0,0,0,0,0,0,0,0,0,0,0,0,0,0,0,10918,"JOSE DINIZ, AV VER",11350,"ALEXANDRE DUMAS, RUA",72,"SANTO AMARO",1,0,"JOSE DINIZ, AV VER SAO PAULO SP &  ALEXANDRE DUMAS, RUA SAO PAULO SP",-23.6339852,-46.6908948
"526","D011300946",44299,"AIRTON PRETINI, AV",NA,"",200,"","11/01/2013 22:00",2,"CT",10,478," "," ",2,0,0,0,0,0,0,0,0,0,0,0,0,0,0,0,0,44299,"AIRTON PRETINI, AV",NA,"",82,"TATUAPE",2,0,"AIRTON PRETINI, AV 200 SAO PAULO SP",-23.5253912,-46.5564767
"527","D011300721",11481,"KANEDA, RUA",NA,"",518,"","11/01/2013 22:15",2,"CO",19,325," "," ",1,1,0,0,0,0,0,0,0,0,0,0,0,0,0,0,0,11481,"KANEDA, RUA",NA,"",91,"VILA MARIA",1,0,"KANEDA, RUA 518 SAO PAULO SP",-23.5022947,-46.5787389
"528","D011301675",6544,"ERMANO MARCHETTI, AV",NA,"",642,"","11/01/2013 22:20",4,"AT",14,378," "," ",0,0,1,0,0,0,0,0,0,0,0,0,0,0,0,0,0,6544,"ERMANO MARCHETTI, AV",NA,"",NA,"",0,1,"ERMANO MARCHETTI, AV 642 SAO PAULO SP",-23.5149223,-46.6982155
"529","D011300026",8161,"GRACA, RUA DA",11326,"JULIO CONCEICAO, RUA",0,"","11/01/2013 22:45",4,"AT",2,207," "," ",0,1,0,0,0,0,0,0,0,0,0,0,0,0,0,0,0,8161,"GRACA, RUA DA",11326,"JULIO CONCEICAO, RUA",9,"BOM RETIRO",1,0,"GRACA, RUA DA SAO PAULO SP &  JULIO CONCEICAO, RUA SAO PAULO SP",-23.5267822,-46.6400912
"530","D011300607",13014,"MARGINAL DO RIO PINHEIROS, AV",NA,"",1500,"","11/01/2013 23:00",2,"CT",89,274," "," ",1,0,0,0,0,0,0,0,0,0,0,0,0,0,0,1,0,13014,"MARGINAL DO RIO PINHEIROS, AV",NA,"",40,"JAGUARE",1,0,"MARGINAL DO RIO PINHEIROS, AV 1500 SAO PAULO SP",-23.5621218,-46.6553275
"531","D011300588",15626,"PAULA FERREIRA, AV",NA,"",2016,"","11/01/2013 23:00",2,"CT",87,304," "," ",1,1,0,0,0,0,0,0,0,0,0,0,0,0,0,0,0,15626,"PAULA FERREIRA, AV",NA,"",64,"PIRITUBA",1,0,"PAULA FERREIRA, AV 2016 SAO PAULO SP",-23.4942109,-46.7145388
"532","D011301098",19844,"VITOR MANZINI, AV",NA,"",123,"","11/01/2013 23:05",4,"AT",11,427," "," ",0,0,0,0,0,0,0,1,0,0,0,0,0,0,0,0,0,19844,"VITOR MANZINI, AV",NA,"",29,"FREGUESIA DO O",1,0,"VITOR MANZINI, AV 123 SAO PAULO SP",-23.6629254,-46.7067427
"533","D011300064",5245,"CONSOLACAO, RUA DA",NA,"",120,"","12/01/2013 00:45",2,"CO",4,282," "," ",2,1,0,0,0,0,0,0,0,0,0,0,0,0,0,0,0,5245,"CONSOLACAO, RUA DA",NA,"",26,"CONSOLACAO",1,0,"CONSOLACAO, RUA DA 120 SAO PAULO SP",-23.5473315,-46.6458784
"534","D011300503",34682,"CAMPO LIMPO, ES DO",61562,"PHELIPPE NAGI HADDAD, RUA",0,"","12/01/2013 00:45",2,"CO",37,273," "," ",1,1,0,0,0,0,0,0,0,0,0,0,0,0,0,0,0,34682,"CAMPO LIMPO, ES DO",61562,"PHELIPPE NAGI HADDAD, RUA",NA,"",2,0,"CAMPO LIMPO, ES DO SAO PAULO SP &  PHELIPPE NAGI HADDAD, RUA SAO PAULO SP",-23.2019463,-46.785846
"535","D011300592",21095,"JOSE SALOMON, AV CON",NA,"",714,"","12/01/2013 02:15",2,"CH",87,367," "," ",2,0,0,0,0,0,0,0,0,0,0,0,0,0,0,0,0,21095,"JOSE SALOMON, AV CON",NA,"",31,"GUAIANASES",1,0,"JOSE SALOMON, AV CON 714 SAO PAULO SP",-23.4941292,-46.7193451
"536","D011301717",11379,"JUNTAS PROVISORIAS, AV",5972,"DOIS DE JULHO, RUA",0,"","12/01/2013 02:55",2,"CV",17,475," "," ",1,1,0,0,0,0,0,0,0,0,0,0,0,0,0,0,0,5972,"DOIS DE JULHO, RUA",11379,"JUNTAS PROVISORIAS, AV",NA,"",1,1,"JUNTAS PROVISORIAS, AV SAO PAULO SP &  DOIS DE JULHO, RUA SAO PAULO SP",-23.6035256,-46.6020793
"537","D011301673",3813,"CAETANO ALVARES, AV ENG",NA,"",3540,"","12/01/2013 03:40",2,"CH",13,163,"B"," ",1,0,0,0,0,0,0,0,0,0,0,0,0,0,0,0,0,3813,"CAETANO ALVARES, AV ENG",NA,"",21,"CASA VERDE",3,1,"CAETANO ALVARES, AV ENG 3540 SAO PAULO SP",-23.4889235,-46.6535267
"538","D011301175",9220,"INTERLAGOS, AV",NA,"",6318,"","12/01/2013 03:48",2,"CO",48,465," "," ",2,0,0,0,0,0,0,0,0,0,0,0,0,0,0,0,0,9220,"INTERLAGOS, AV",NA,"",16,"CAMPO GRANDE",4,0,"INTERLAGOS, AV 6318 SAO PAULO SP",-23.7015998,-46.7016228
"539","D011300767",5947,"EDGAR FACO, AV GAL",15229,"OTTO LABASTILLE, RUA",0,"","12/01/2013 04:10",2,"CL",28,191," "," ",1,0,0,1,0,0,0,0,0,0,0,0,0,0,0,0,0,5947,"EDGAR FACO, AV GAL",15229,"OTTO LABASTILLE, RUA",64,"PIRITUBA",1,0,"EDGAR FACO, AV GAL SAO PAULO SP &  OTTO LABASTILLE, RUA SAO PAULO SP",-23.4986333,-46.7070233
"540","D011301146",6493,"RODRIGO SANCHES, AV DOM",NA,"",525,"","12/01/2013 04:25",4,"AT",47,482," "," ",1,0,0,0,0,0,0,0,0,0,0,0,0,0,0,0,0,6493,"RODRIGO SANCHES, AV DOM",NA,"",19,"CAPAO REDONDO",3,0,"RODRIGO SANCHES, AV DOM 525 SAO PAULO SP",-23.6613244,-46.7842756
"541","D011300647",831,"ALTINO, AV PRES",NA,"",100,"","12/01/2013 04:32",2,"CO",93,283," "," ",1,1,0,0,0,0,0,0,0,0,0,0,0,0,0,0,0,831,"ALTINO, AV PRES",NA,"",40,"JAGUARE",2,0,"ALTINO, AV PRES 100 SAO PAULO SP",-23.5541438,-46.7508777
"542","D011301672",34348,"MARGINAL ESQUERD RIO PINHEIROS, AV",NA,"",400,"","12/01/2013 05:20",4,"AT",93,80," "," ",1,0,0,0,0,0,0,0,0,0,0,0,0,0,0,0,0,13014,"MARGINAL DO RIO PINHEIROS, AV",NA,"",40,"JAGUARE",0,1,"MARGINAL ESQUERD RIO PINHEIROS, AV 400 SAO PAULO SP",-23.6493531,-46.7036126
"543","D011301427",21253,"AGUIA DE HAIA, AV",NA,"",4200,"","12/01/2013 06:10",2,"CO",62,141," "," ",3,1,0,0,0,0,0,0,0,0,0,0,0,0,0,0,0,21253,"AGUIA DE HAIA, AV",NA,"",0,"NULL",2,0,"AGUIA DE HAIA, AV 4200 SAO PAULO SP",-23.5089791,-46.4775593
"544","D011300662",10622,"JOAQUINA RAMALHO, AV",NA,"",1222,"","12/01/2013 06:30",2,"CH",9,281," "," ",1,0,0,0,0,0,0,0,0,0,0,0,0,0,0,0,0,10622,"JOAQUINA RAMALHO, AV",NA,"",88,"VILA GUILHERME",1,0,"JOAQUINA RAMALHO, AV 1222 SAO PAULO SP",-23.5059756,-46.6044129
"545","D011301368",2387,"ARISTOBULO DE FREITAS, RUA PROF",NA,"",70,"","12/01/2013 06:45",2,"CO",24,411," "," ",0,1,0,0,0,0,0,0,0,0,0,1,0,0,0,0,0,2387,"ARISTOBULO DE FREITAS, RUA PROF",NA,"",65,"PONTE RASA",1,0,"ARISTOBULO DE FREITAS, RUA PROF 70 SAO PAULO SP",-23.511273,-46.5008732
"546","D011301649",17824,"SAPOPEMBA, AV",NA,"",6890,"","12/01/2013 06:46",2,"CO",70,260," "," ",1,0,0,1,0,0,0,0,0,0,0,0,0,0,0,0,0,17824,"SAPOPEMBA, AV",NA,"",33,"IPIRANGA",1,0,"SAPOPEMBA, AV 6890 SAO PAULO SP",-23.5912893,-46.5308044
"547","D011301349",9806,"PIRES DO RIO, AV",NA,"",1871,"","12/01/2013 06:50",2,"CL",22,213," "," ",1,0,0,0,0,0,0,1,0,0,0,0,0,0,0,0,0,9806,"PIRES DO RIO, AV",NA,"",76,"SAO MIGUEL",1,0,"PIRES DO RIO, AV 1871 SAO PAULO SP",-23.5133076,-46.443735
"548","D011300768",15188,"OTAVIANO ALVES DE LIMA, AV",NA,"",4400,"","12/01/2013 06:50",2,"CH",28,192," "," ",1,0,0,0,0,0,0,0,0,0,0,0,0,0,0,0,0,29772,"MARGINAL DO RIO TIETE, AV",NA,"",23,"CIDADE DUTRA",1,0,"OTAVIANO ALVES DE LIMA, AV 4400 SAO PAULO SP",-23.5076038,-46.6921118
"549","D011301253",1659,"ANTONIO DO CAMPO, RUA",NA,"",759,"","12/01/2013 07:05",2,"CF",98,144," "," ",1,0,0,0,0,0,0,0,0,0,0,0,0,0,0,0,0,1659,"ANTONIO DO CAMPO, RUA",NA,"",59,"PEDREIRA",1,0,"ANTONIO DO CAMPO, RUA 759 SAO PAULO SP",-23.6911599,-46.670698
"550","D011301633",43404,"VILANOVA ARTIGAS, AV ARQ",NA,"",1900,"","12/01/2013 07:14",2,"CO",69,398,"B"," ",1,1,0,0,0,0,0,0,0,0,0,0,0,0,0,0,0,43404,"VILANOVA ARTIGAS, AV ARQ",NA,"",56,"PARELHEIROS",1,0,"VILANOVA ARTIGAS, AV ARQ 1900 SAO PAULO SP",-23.6069907,-46.5018636
"551","D011300205",12242,"LUIS GOIS, RUA",NA,"",243,"","12/01/2013 07:30",2,"CO",16,480," "," ",1,1,0,0,0,0,0,0,0,0,0,0,0,0,0,0,0,12242,"LUIS GOIS, RUA",NA,"",79,"SAUDE",1,0,"LUIS GOIS, RUA 243 SAO PAULO SP",-23.6041966,-46.629886
"553","D011300421",14804,"NOVE DE JULHO, AV",2783,"BANDEIRA PAULISTA, RUA",0,"","12/01/2013 08:33",2,"CO",15,143," "," ",1,0,0,0,1,0,0,0,0,0,0,0,0,0,0,0,0,2783,"BANDEIRA PAULISTA, RUA",14804,"NOVE DE JULHO, AV",34,"ITAIM BIBI",1,0,"NOVE DE JULHO, AV SAO PAULO SP &  BANDEIRA PAULISTA, RUA SAO PAULO SP",-23.5517584,-46.6473069
"554","D011301428",13881,"MIGUEL, AV S",NA,"",4512,"","12/01/2013 09:30",2,"CO",62,144," "," ",1,1,0,0,0,0,0,0,0,0,0,0,0,0,0,0,0,13881,"MIGUEL, AV S",NA,"",65,"PONTE RASA",1,0,"MIGUEL, AV S 4512 SAO PAULO SP",-23.5075472,-46.4897963
"555","D011301081",17613,"SALDANHA MARINHO, RUA",NA,"",210,"","12/01/2013 09:40",2,"CO",81,101," "," ",1,1,0,0,0,0,0,0,0,0,0,0,0,0,0,0,0,17613,"SALDANHA MARINHO, RUA",NA,"",10,"BRAS",1,0,"SALDANHA MARINHO, RUA 210 SAO PAULO SP",-23.5399368,-46.5984279