"","id_acidente","codloga","logradouroA","codlogb","logradouroB","alt_num","referencia","data","cod_acid","tipo_acidente","dp","numero_BO","sentido","pista","automovel","moto","onibus","caminhao","bicicleta","moto_taxi","onibus_fretado","onibus_urbano","microonibus","van","vuc","caminhonete","carreta","jipe","outros","sem_informacao","carroca","princ_a","paiA","princ_b","paiB","cod_distrito","distrito","vit_ferida","vit_morta","local","lat","lon"
"556","D011300731",3813,"CAETANO ALVARES, AV ENG",NA,"",5518,"","12/01/2013 09:45",2,"CH",20,62,"B"," ",0,1,0,1,0,0,0,0,0,0,0,0,0,0,0,0,0,3813,"CAETANO ALVARES, AV ENG",NA,"",21,"CASA VERDE",1,0,"CAETANO ALVARES, AV ENG 5518 SAO PAULO SP",-23.4837902,-46.6362768
"557","D011300645",3376,"BILLINGS, AV ENG",13019,"ESCOLA POLITECNICA, AV",0,"","12/01/2013 10:40",2,"CP",93,266," "," ",1,0,0,0,0,0,0,0,0,0,0,1,0,0,0,0,0,3376,"BILLINGS, AV ENG",13019,"ESCOLA POLITECNICA, AV",12,"BUTANTA",1,0,"BILLINGS, AV ENG SAO PAULO SP &  ESCOLA POLITECNICA, AV SAO PAULO SP",-23.5355054,-46.7476126
"558","D011300902",8320,"GUAPIRA, AV",NA,"",2900,"","12/01/2013 11:00",2,"QM",73,992," "," ",0,1,0,0,0,0,0,0,0,0,0,0,0,0,0,0,0,8320,"GUAPIRA, AV",NA,"",38,"JACANA",1,0,"GUAPIRA, AV 2900 SAO PAULO SP",-23.4646551,-46.5834264
"561","D011301515",2878,"BARREIRA GRANDE, AV DA",24154,"JOAO FAOLIM, RUA",0,"","12/01/2013 11:37",2,"CO",41,128," "," ",1,1,0,0,0,0,0,0,0,0,0,0,0,0,0,0,0,2878,"BARREIRA GRANDE, AV DA",24154,"JOAO FAOLIM, RUA",78,"SAPOPEMBA",2,0,"BARREIRA GRANDE, AV DA SAO PAULO SP &  JOAO FAOLIM, RUA SAO PAULO SP",-23.5850458,-46.5249226
"562","D011300769",3771,"INAJAR DE SOUZA, AV",NA,"",3476,"","12/01/2013 11:59",2,"CO",28,198," "," ",0,2,0,0,0,0,0,0,0,0,0,0,0,0,0,0,0,3771,"INAJAR DE SOUZA, AV",NA,"",50,"LIMAO",1,0,"INAJAR DE SOUZA, AV 3476 SAO PAULO SP",-23.4799964,-46.6733408
"563","D011300846",6450,"EMILIO CARLOS, AV DEP",1803,"ANTONIO MUNHOZ BONILHA, AV",0,"","12/01/2013 12:12",2,"CO",40,172,"B"," ",1,0,0,0,0,0,0,0,0,0,0,1,0,0,0,0,0,5738,"DARIO RIBEIRO, RUA PROF",6450,"EMILIO CARLOS, AV DEP",50,"LIMAO",1,0,"EMILIO CARLOS, AV DEP SAO PAULO SP &  ANTONIO MUNHOZ BONILHA, AV SAO PAULO SP",-23.4995589,-46.6750786
"564","D011300206",3502,"BORGES LAGOA, RUA",NA,"",897,"","12/01/2013 12:15",2,"QD",16,482,"B"," ",0,0,0,0,0,0,0,1,0,0,0,0,0,0,0,0,0,3502,"BORGES LAGOA, RUA",NA,"",92,"VILA MARIANA",1,0,"BORGES LAGOA, RUA 897 SAO PAULO SP",-23.5969947,-46.6454699
"565","D011300569",11600,"JOAO DE LORENZO, RUA PROF",NA,"",185,"","12/01/2013 12:15",2,"QD",75,134," "," ",0,0,0,0,0,0,0,1,0,0,0,0,0,0,0,0,0,11600,"JOAO DE LORENZO, RUA PROF",NA,"",66,"RAPOSO TAVARES",1,0,"JOAO DE LORENZO, RUA PROF 185 SAO PAULO SP",-23.5958814,-46.78301
"566","D011301477",12156,"LUIZ AYRES, RUA DR",NA,"",2500,"","12/01/2013 12:29",2,"CO",65,149,"C"," ",2,0,0,0,0,0,0,0,0,0,0,0,0,0,0,0,0,12156,"LUIZ AYRES, RUA DR",NA,"",5,"ARTUR ALVIM",1,0,"LUIZ AYRES, RUA DR 2500 SAO PAULO SP",-23.5422396,-46.4814708
"567","D011300231",18172,"SILVA BUENO, RUA",NA,"",2165,"","12/01/2013 12:30",4,"AT",17,222," "," ",0,1,0,0,0,0,0,0,0,0,0,0,0,0,0,0,0,18172,"SILVA BUENO, RUA",NA,"",18,"CANGAIBA",1,0,"SILVA BUENO, RUA 2165 SAO PAULO SP",-23.5977124,-46.6006351
"568","D011301017",4502,"CARRAO, AV CONS",NA,"",1763,"","12/01/2013 12:45",2,"CO",31,195,"B"," ",1,1,0,0,0,0,0,0,0,0,0,0,0,0,0,0,0,4502,"CARRAO, AV CONS",NA,"",20,"CARRAO",1,0,"CARRAO, AV CONS 1763 SAO PAULO SP",-23.5457458,-46.5438019
"570","D011300585",6939,"FEIZ ZARZUR, RUA COMEN",NA,"",594,"","12/01/2013 13:10",2,"CF",87,274," "," ",2,0,0,0,0,0,0,0,0,0,0,0,0,0,0,0,0,6939,"FEIZ ZARZUR, RUA COMEN",NA,"",64,"PIRITUBA",1,0,"FEIZ ZARZUR, RUA COMEN 594 SAO PAULO SP",-23.4776889,-46.7206826
"571","D011301018",19221,"TUMUCUMAQUE, RUA",NA,"",114,"","12/01/2013 13:10",2,"CO",31,196," "," ",1,1,0,0,0,0,0,0,0,0,0,0,0,0,0,0,0,19221,"TUMUCUMAQUE, RUA",NA,"",27,"CURSINO",1,0,"TUMUCUMAQUE, RUA 114 SAO PAULO SP",-23.5444987,-46.531247
"572","D011301434",42369,"AIRTON SENNA DA SILVA, VIA",NA,"",18450,"","12/01/2013 13:20",2,"CH",62,418," "," ",2,0,0,0,0,0,0,0,0,0,0,0,0,0,0,0,0,42369,"AIRTON SENNA DA SILVA, VIA",NA,"",18,"CANGAIBA",1,0,"AIRTON SENNA DA SILVA, VIA 18450 SAO PAULO SP",-23.476591,-46.4997403
"574","D011300102",5934,"DIONISIO DA COSTA, RUA",NA,"",73,"","12/01/2013 15:10",2,"CO",6,199," "," ",1,1,0,0,0,0,0,0,0,0,0,0,0,0,0,0,0,5934,"DIONISIO DA COSTA, RUA",NA,"",92,"VILA MARIANA",1,0,"DIONISIO DA COSTA, RUA 73 SAO PAULO SP",-23.5894244,-46.6277429
"575","D011301651",78511,"AURELIO NEVES, RUA",NA,"",29,"","12/01/2013 16:00",4,"AT",70,272," "," ",0,0,0,0,0,0,0,0,0,0,0,0,0,0,0,1,0,78511,"AURELIO NEVES, RUA",NA,"",56,"PARELHEIROS",1,0,"AURELIO NEVES, RUA 29 SAO PAULO SP",-23.6094596,-46.5184243
"576","D011300189",4160,"CAPANEMA, RUA BR DE",10362,"JOAO MANUEL, RUA PDE",0,"","12/01/2013 16:04",2,"CO",78,296," "," ",1,0,0,0,0,0,0,0,0,0,0,0,0,0,1,0,0,4160,"CAPANEMA, RUA BR DE",10362,"JOAO MANUEL, RUA PDE",44,"JARDIM PAULISTA",1,0,"CAPANEMA, RUA BR DE SAO PAULO SP &  JOAO MANUEL, RUA PDE SAO PAULO SP",-23.5675249,-46.6659683
"579","D011300701",2479,"ATILIO PIFFER, RUA",20043,"ZANZIBAR, RUA",0,"","12/01/2013 16:50",2,"CO",13,467," "," ",2,0,0,0,0,0,0,0,0,0,0,0,0,0,0,0,0,2479,"ATILIO PIFFER, RUA",20043,"ZANZIBAR, RUA",21,"CASA VERDE",2,0,"ATILIO PIFFER, RUA SAO PAULO SP &  ZANZIBAR, RUA SAO PAULO SP",-23.5101768,-46.65999
"581","D011300557",20745,"GALILEO TORRANO, RUA",NA,"",218,"","12/01/2013 18:20",2,"CH",51,354," "," ",3,0,0,0,0,0,0,1,0,0,0,0,0,0,0,0,0,20745,"GALILEO TORRANO, RUA",NA,"",13,"CACHOEIRINHA",2,0,"GALILEO TORRANO, RUA 218 SAO PAULO SP",-23.5757841,-46.7507448
"582","D011300190",2497,"AUGUSTA, RUA",12202,"LUIS COELHO, RUA",0,"","12/01/2013 18:50",2,"CT",78,297," "," ",0,0,0,0,0,0,0,0,0,0,0,2,0,0,0,0,0,2497,"AUGUSTA, RUA",12202,"LUIS COELHO, RUA",26,"CONSOLACAO",2,0,"AUGUSTA, RUA SAO PAULO SP &  LUIS COELHO, RUA SAO PAULO SP",-23.5560595,-46.658132
"583","D011301099",1586,"ANTONIO BENTO, RUA DR",NA,"",509,"","12/01/2013 18:50",2,"QM",11,445," "," ",1,1,0,0,0,0,0,0,0,0,0,0,0,0,0,0,0,1586,"ANTONIO BENTO, RUA DR",NA,"",72,"SANTO AMARO",1,0,"ANTONIO BENTO, RUA DR 509 SAO PAULO SP",-23.6462885,-46.7028504
"584","D011301153",64905,"OSCAR PAES DE LIRA SALGADO, RUA",NA,"",111,"","12/01/2013 19:00",2,"CO",47,845," "," ",1,1,0,0,0,0,0,0,0,0,0,0,0,0,0,0,0,64905,"OSCAR PAES DE LIRA SALGADO, RUA",NA,"",29,"FREGUESIA DO O",1,0,"OSCAR PAES DE LIRA SALGADO, RUA 111 SAO PAULO SP",-23.6768827,-46.7758699
"585","D011301584",99999,"METALURGICOS, AV DOS",NA,"",2100,"","12/01/2013 19:30",2,"CF",54,582," "," ",1,0,1,0,0,0,0,0,0,0,0,0,0,0,0,0,0,99999,"METALURGICOS, AV DOS",NA,"",25,"CIDADE TIRADENT",2,0,"METALURGICOS, AV DOS 2100 SAO PAULO SP",-23.5996197,-46.4018414
"586","D011300854",6450,"EMILIO CARLOS, AV DEP",NA,"",2279,"","12/01/2013 19:59",4,"AT",40,401," "," ",1,0,0,0,0,0,0,0,0,0,0,0,0,0,0,0,0,6450,"EMILIO CARLOS, AV DEP",NA,"",50,"LIMAO",1,0,"EMILIO CARLOS, AV DEP 2279 SAO PAULO SP",-23.487388,-46.6757514
"588","D011300331",19755,"VINTE E OITO DE SETEMBRO, RUA",7875,"GENTIL DE MOURA, AV DR",0,"","12/01/2013 20:49",4,"AT",95,319," "," ",1,0,0,0,0,0,0,0,0,0,0,0,0,0,0,0,0,7875,"GENTIL DE MOURA, AV DR",19755,"VINTE E OITO DE SETEMBRO, RUA",33,"IPIRANGA",1,0,"VINTE E OITO DE SETEMBRO, RUA SAO PAULO SP &  GENTIL DE MOURA, AV DR SAO PAULO SP",-23.5997767,-46.6105947
"589","D011300332",6201,"EDMUNDO CARVALHO, RUA",NA,"",89,"","12/01/2013 20:54",2,"CO",95,321," "," ",2,0,0,0,0,0,0,0,0,0,0,0,0,0,0,0,0,6201,"EDMUNDO CARVALHO, RUA",NA,"",69,"SACOMA",3,0,"EDMUNDO CARVALHO, RUA 89 SAO PAULO SP",-23.6247752,-46.5989076
"590","D011301435",61826,"WENCESLAU GUIMARAES, AV",NA,"",744,"","12/01/2013 21:20",4,"AT",62,434," "," ",0,1,0,0,0,0,0,0,0,0,0,0,0,0,0,0,0,61826,"WENCESLAU GUIMARAES, AV",NA,"",49,"LIBERDADE",1,0,"WENCESLAU GUIMARAES, AV 744 SAO PAULO SP",-23.4896865,-46.4911142
"591","D011301301",2850,"BARONESA, ES DA",NA,"",420,"","12/01/2013 21:40",2,"CO",100,273," "," ",0,2,0,0,0,0,0,0,0,0,0,0,0,0,0,0,0,2850,"BARONESA, ES DA",NA,"",42,"JARDIM ANGELA",2,0,"BARONESA, ES DA 420 SAO PAULO SP",-23.5505199,-46.6333094
"593","D011300608",8000,"GIOVANNI GRONCHI, AV",NA,"",6500,"","12/01/2013 23:16",2,"SI",89,297," "," ",1,1,0,0,0,0,0,0,0,0,0,0,0,0,0,0,0,8000,"GIOVANNI GRONCHI, AV",NA,"",55,"MORUMBI",1,0,"GIOVANNI GRONCHI, AV 6500 SAO PAULO SP",-23.6361838,-46.7370151
"594","D011301338",60297,"BRANCA BARRETI, RUA",NA,"",23,"","12/01/2013 23:20",2,"QM",102,448," "," ",1,1,0,0,0,0,0,0,0,0,0,0,0,0,0,0,0,60297,"BRANCA BARRETI, RUA",NA,"",32,"IGUATEMI",1,0,"BRANCA BARRETI, RUA 23 SAO PAULO SP",-23.6935519,-46.7032508
"595","D011301369",67533,"NOVO ORIENTE DO PIAUI, RUA",67660,"PRATA DO PIAUI, RUA",0,"","12/01/2013 23:20",2,"CO",24,442,"C"," ",1,1,0,0,0,0,0,0,0,0,0,0,0,0,0,0,0,67533,"NOVO ORIENTE DO PIAUI, RUA",67660,"PRATA DO PIAUI, RUA",18,"CANGAIBA",2,0,"NOVO ORIENTE DO PIAUI, RUA SAO PAULO SP &  PRATA DO PIAUI, RUA SAO PAULO SP",-23.493908,-46.5036829
"596","D011301599",17824,"SAPOPEMBA, AV",NA,"",14500,"","12/01/2013 23:30",2,"CT",55,615," "," ",1,0,0,0,0,0,0,0,0,0,0,0,0,0,0,0,0,17824,"SAPOPEMBA, AV",NA,"",33,"IPIRANGA",1,0,"SAPOPEMBA, AV 14500 SAO PAULO SP",-23.616334,-46.4691261
"597","D011300343",31520,"ANTONIO JOSE DOS SANTOS, AV PDE",NA,"",78,"","12/01/2013 23:33",2,"CL",96,405," "," ",1,1,0,0,0,0,0,0,0,0,0,0,0,0,0,0,0,31520,"ANTONIO JOSE DOS SANTOS, AV PDE",NA,"",30,"GRAJAU",1,0,"ANTONIO JOSE DOS SANTOS, AV PDE 78 SAO PAULO SP",-23.5505199,-46.6333094
"598","D011301232",70322,"CANDIDO JOSE XAVIER, AV",NA,"",110,"","13/01/2013 00:02",4,"AT",92,510," "," ",1,0,0,0,0,0,0,0,0,0,0,0,0,0,0,0,0,70322,"CANDIDO JOSE XAVIER, AV",NA,"",32,"IGUATEMI",1,0,"CANDIDO JOSE XAVIER, AV 110 SAO PAULO SP",-23.661539,-46.7532959
"601","D011301305",12403,"M'BOI MIRIM, ES",NA,"",4200,"","13/01/2013 01:00",4,"AT",100,609," "," ",0,0,0,0,0,0,0,0,0,0,0,1,0,0,0,0,0,12403,"M'BOI MIRIM, ES",NA,"",42,"JARDIM ANGELA",1,0,"M'BOI MIRIM, ES 4200 SAO PAULO SP",-23.5505199,-46.6333094
"602","D011300176",1356,"ANGELICA, AV",NA,"",30,"","13/01/2013 01:00",4,"AT",77,218," "," ",1,0,0,0,0,0,0,0,0,0,0,0,0,0,0,0,0,1356,"ANGELICA, AV",NA,"",70,"SANTA CECILIA",1,0,"ANGELICA, AV 30 SAO PAULO SP",-23.5332318,-46.6531359
"603","D011300175",9969,"JARDIM, RUA GAL",NA,"",65,"","13/01/2013 03:54",2,"CT",77,216," "," ",2,0,0,0,0,0,0,0,0,0,0,0,0,0,0,0,0,9969,"JARDIM, RUA GAL",NA,"",67,"REPUBLICA",1,0,"JARDIM, RUA GAL 65 SAO PAULO SP",-23.5448149,-46.6452123
"604","D011301674",27094,"SALIM FARAH MALUF, AV",15421,"PARACAMBI, RUA",0,"","13/01/2013 04:30",2,"CH",31,208," "," ",1,0,0,0,0,0,0,0,0,0,0,0,0,0,0,0,0,15421,"PARACAMBI, RUA",27094,"SALIM FARAH MALUF, AV",NA,"",2,1,"SALIM FARAH MALUF, AV SAO PAULO SP &  PARACAMBI, RUA SAO PAULO SP",-23.5555392,-46.5773751
"605","D011301698",13881,"MIGUEL, AV S",NA,"",5362,"","13/01/2013 05:00",4,"AT",10,518," "," ",1,0,0,0,0,0,0,0,0,0,0,0,0,0,0,0,0,13881,"MIGUEL, AV S",NA,"",NA,"",0,1,"MIGUEL, AV S 5362 SAO PAULO SP",-23.5073177,-46.4815894
"606","D011301559",35713,"ITALIA GIUSTI, RUA",NA,"",50,"","13/01/2013 05:30",2,"CO",53,289,"B"," ",2,0,0,0,0,0,0,0,0,0,0,0,0,0,0,0,0,35713,"ITALIA GIUSTI, RUA",NA,"",50,"LIMAO",1,0,"ITALIA GIUSTI, RUA 50 SAO PAULO SP",-23.5685439,-46.4581243
"607","D011300208",9715,"JABAQUARA, AV",NA,"",1526,"","13/01/2013 06:00",2,"CT",16,565,"B"," ",2,0,0,0,0,0,0,0,0,0,0,0,0,0,0,0,0,9715,"JABAQUARA, AV",NA,"",79,"SAUDE",1,0,"JABAQUARA, AV 1526 SAO PAULO SP",-23.6176901,-46.6391323
"608","D011301147",17772,"SANT'ANNA, AV COMEN",NA,"",300,"","13/01/2013 06:20",2,"CO",47,516," "," ",0,1,0,0,0,0,0,0,0,0,0,0,0,0,0,1,0,17772,"SANT'ANNA, AV COMEN",NA,"",29,"FREGUESIA DO O",1,0,"SANT'ANNA, AV COMEN 300 SAO PAULO SP",-23.5186813,-46.6999583
"609","D011301327",2483,"ATLANTICA ANT. ROBERT KENNEDY, AV",NA,"",1171,"","13/01/2013 06:21",2,"CT",102,50," "," ",2,0,0,0,0,0,0,0,0,0,0,0,0,0,0,0,0,2483,"ATLANTICA ANT. ROBERT KENNEDY, AV",NA,"",23,"CIDADE DUTRA",1,0,"ATLANTICA ANT. ROBERT KENNEDY, AV 1171 SAO PAULO SP",-23.5505199,-46.6333094
"610","D011300088",19764,"VINTE E TRES DE MAIO, AV",NA,"",469,"","13/01/2013 06:50",4,"AT",5,312," "," ",0,0,0,0,0,0,0,0,0,0,0,1,0,0,0,0,0,19764,"VINTE E TRES DE MAIO, AV",NA,"",17,"CAMPO LIMPO",2,0,"VINTE E TRES DE MAIO, AV 469 SAO PAULO SP",-23.583074,-46.6522536
"611","D011300391",5596,"CUNHA GAGO, RUA",2149,"ARCOVERDE, RUA CARD",0,"","13/01/2013 06:50",4,"AT",14,359," "," ",0,1,0,0,0,0,0,0,0,0,0,0,0,0,0,0,0,2149,"ARCOVERDE, RUA CARD",5596,"CUNHA GAGO, RUA",26,"CONSOLACAO",1,0,"CUNHA GAGO, RUA SAO PAULO SP &  ARCOVERDE, RUA CARD SAO PAULO SP",-23.5656617,-46.6915282
"612","D011301148",70943,"CANDIDO LUSITANO, RUA",NA,"",301,"","13/01/2013 07:00",2,"CO",47,524," "," ",0,1,1,0,0,0,0,0,0,0,0,0,0,0,0,0,0,70943,"CANDIDO LUSITANO, RUA",NA,"",29,"FREGUESIA DO O",2,0,"CANDIDO LUSITANO, RUA 301 SAO PAULO SP",-23.6818973,-46.7826208
"613","D011300191",14811,"NOVE DE NOVEMBRO, RUA",NA,"",848,"","13/01/2013 07:36",2,"CH",78,313," "," ",1,0,0,0,0,0,0,0,0,0,0,0,0,0,0,0,0,14811,"NOVE DE NOVEMBRO, RUA",NA,"",13,"CACHOEIRINHA",1,0,"NOVE DE NOVEMBRO, RUA 848 SAO PAULO SP",-23.4725151,-46.6539042
"614","D011301176",15507,"TEOTONIO VILELA, AV SEN",NA,"",306,"","13/01/2013 07:40",2,"CO",48,508,"C"," ",1,1,0,0,0,0,0,0,0,0,0,0,0,0,0,0,0,15507,"TEOTONIO VILELA, AV SEN",NA,"",23,"CIDADE DUTRA",1,0,"TEOTONIO VILELA, AV SEN 306 SAO PAULO SP",-23.7040903,-46.7008973
"617","D011300005",9758,"JACAREI, VD",NA,"",10,"","13/01/2013 10:44",4,"AT",1,309,"C"," ",1,0,0,0,0,0,0,0,0,0,0,0,0,0,0,0,0,9758,"JACAREI, VD",NA,"",67,"REPUBLICA",1,0,"JACAREI, VD 10 SAO PAULO SP",-23.5511095,-46.6417558
"618","D011301511",11762,"LEONIDIO ALLEGRETTI, RUA PROF",NA,"",100,"","13/01/2013 11:00",4,"AT",103,305," "," ",1,0,0,0,0,0,0,0,0,0,0,0,0,0,0,0,0,11762,"LEONIDIO ALLEGRETTI, RUA PROF",NA,"",36,"ITAQUERA",1,0,"LEONIDIO ALLEGRETTI, RUA PROF 100 SAO PAULO SP",-23.5325349,-46.4460467
"619","D011300504",63062,"CAMPO NOVO DO SUL, RUA",NA,"",245,"","13/01/2013 12:37",4,"AT",37,302," "," ",1,0,0,0,0,0,0,0,0,0,0,0,0,0,0,0,0,63062,"CAMPO NOVO DO SUL, RUA",NA,"",29,"FREGUESIA DO O",1,0,"CAMPO NOVO DO SUL, RUA 245 SAO PAULO SP",-23.6375775,-46.7401692
"620","D011300006",6642,"ESTADO, AV DO",13853,"MERCURIO, AV",0,"","13/01/2013 12:45",2,"CO",1,316," "," ",1,0,0,0,0,0,0,0,0,0,0,1,0,0,0,0,0,6642,"ESTADO, AV DO",13853,"MERCURIO, AV",80,"SE",3,0,"ESTADO, AV DO SAO PAULO SP &  MERCURIO, AV SAO PAULO SP",-23.5635869,-46.6112253
"621","D011301291",9220,"INTERLAGOS, AV",NA,"",2500,"","13/01/2013 12:50",4,"AT",99,457,"C"," ",1,0,0,0,0,0,0,0,0,0,0,0,0,0,0,0,0,9220,"INTERLAGOS, AV",NA,"",16,"CAMPO GRANDE",1,0,"INTERLAGOS, AV 2500 SAO PAULO SP",-23.6535949,-46.6799718
"623","D011301039",4736,"CELSO GARCIA, AV",19206,"TUIUTI, RUA",0,"","13/01/2013 13:00",2,"CO",52,218,"C"," ",1,0,0,0,1,0,0,0,0,0,0,0,0,0,0,0,0,4736,"CELSO GARCIA, AV",19206,"TUIUTI, RUA",82,"TATUAPE",1,0,"CELSO GARCIA, AV SAO PAULO SP &  TUIUTI, RUA SAO PAULO SP",-23.5359522,-46.5717652
"624","D011300452",17049,"JOSE RUFINO FREIRE, RUA CEL",NA,"",430,"","13/01/2013 13:10",2,"CO",33,402," "," ",2,1,0,0,0,0,0,0,0,0,0,0,0,0,0,0,0,17049,"JOSE RUFINO FREIRE, RUA CEL",NA,"",31,"GUAIANASES",1,0,"JOSE RUFINO FREIRE, RUA CEL 430 SAO PAULO SP",-23.4900481,-46.7547044
"625","D011300993",17824,"SAPOPEMBA, AV",NA,"",255,"","13/01/2013 13:30",2,"CO",29,255," "," ",2,0,0,0,0,0,0,0,0,0,0,0,0,0,0,0,0,17824,"SAPOPEMBA, AV",NA,"",33,"IPIRANGA",1,0,"SAPOPEMBA, AV 255 SAO PAULO SP",-23.5596721,-46.5763243
"626","D011301525",9590,"ITAQUERA-GUAIANAZES, ES",NA,"",2682,"","13/01/2013 13:40",4,"AT",44,292," "," ",1,0,0,0,0,0,0,0,0,0,0,0,0,0,0,0,0,9590,"ITAQUERA-GUAIANAZES, ES",NA,"",36,"ITAQUERA",1,0,"ITAQUERA-GUAIANAZES, ES 2682 SAO PAULO SP",-23.5505199,-46.6333094
"627","D011301448",9084,"IMPERADOR, ES DO",NA,"",5206,"","13/01/2013 14:20",4,"AT",63,313," "," ",1,0,0,0,0,0,0,0,0,0,0,0,0,0,0,0,0,9084,"IMPERADOR, ES DO",NA,"",89,"VILA JACUI",2,0,"IMPERADOR, ES DO 5206 SAO PAULO SP",-23.5505199,-46.6333094
"628","D011300890",3199,"BENJAMIN PEREIRA, RUA",NA,"",478,"","13/01/2013 14:56",2,"CH",73,419," "," ",0,0,0,0,0,0,0,0,0,0,0,1,0,0,0,0,0,3199,"BENJAMIN PEREIRA, RUA",NA,"",38,"JACANA",1,0,"BENJAMIN PEREIRA, RUA 478 SAO PAULO SP",-23.4679697,-46.5890596
"629","D011300573",16878,"RAPOSO TAVARES, VIA",NA,"",16500,"","13/01/2013 15:00",2,"SI",75,301," "," ",1,0,0,0,0,0,0,0,0,0,0,0,0,0,0,0,0,16878,"RAPOSO TAVARES, VIA",NA,"",13,"CACHOEIRINHA",1,0,"RAPOSO TAVARES, VIA 16500 SAO PAULO SP",-23.520952,-48.4927693
"630","D011300007",7610,"FREDERICO ALVARENGA, RUA",69149,"ALEXANDRIA, RUA",0,"","13/01/2013 15:13",4,"AT",1,318," "," ",1,0,0,0,0,0,0,0,0,0,0,0,0,0,0,0,0,7610,"FREDERICO ALVARENGA, RUA",69149,"ALEXANDRIA, RUA",80,"SE",1,0,"FREDERICO ALVARENGA, RUA SAO PAULO SP &  ALEXANDRIA, RUA SAO PAULO SP",-23.5508582,-46.6286402
"631","D011300350",2235,"ARMANDO DE ARRUDA PEREIRA, AV ENG",NA,"",5000,"","13/01/2013 15:25",4,"AT",97,344," "," ",0,0,0,0,0,0,0,0,0,0,0,1,0,0,0,0,0,2235,"ARMANDO DE ARRUDA PEREIRA, AV ENG",NA,"",37,"JABAQUARA",1,0,"ARMANDO DE ARRUDA PEREIRA, AV ENG 5000 SAO PAULO SP",-23.6680917,-46.636225
"632","D011300833",17339,"ROLAND GARROS, AV",NA,"",1467,"","13/01/2013 15:50",2,"CH",39,431," "," ",4,0,0,0,0,0,0,0,0,0,0,0,0,0,0,0,0,17339,"ROLAND GARROS, AV",NA,"",22,"CIDADE ADEMAR",3,0,"ROLAND GARROS, AV 1467 SAO PAULO SP",-23.4771616,-46.5741912
"633","D011301652",6374,"MATIAS OLIMPIO, RUA",NA,"",191,"","13/01/2013 15:50",2,"CH",70,442," "," ",1,0,0,0,0,0,0,0,0,0,0,0,0,0,0,0,0,6374,"MATIAS OLIMPIO, RUA",NA,"",56,"PARELHEIROS",2,0,"MATIAS OLIMPIO, RUA 191 SAO PAULO SP",-23.611903,-46.5329185
"634","D011301262",15880,"PEDRO DE AVOS, AV",NA,"",296,"","13/01/2013 17:30",2,"CH",98,521," "," ",2,0,0,0,0,0,0,0,0,0,0,0,0,0,0,0,0,15880,"PEDRO DE AVOS, AV",NA,"",0,"NULL",2,0,"PEDRO DE AVOS, AV 296 SAO PAULO SP",-23.6834767,-46.6419915
"635","D011300312",10630,"PEDRO ALVARES CABRAL, AV",NA,"",120,"","13/01/2013 17:43",4,"AT",36,424," "," ",0,1,0,0,0,0,0,0,0,0,0,0,0,0,0,0,0,10630,"PEDRO ALVARES CABRAL, AV",NA,"",53,"MOEMA",1,0,"PEDRO ALVARES CABRAL, AV 120 SAO PAULO SP",-23.5345707,-46.6259204
"636","D011301235",79059,"JULIO LOURENCO PINTO, RUA",NA,"",186,"","13/01/2013 17:53",2,"SI",92,548," "," ",1,1,0,0,0,0,0,0,0,0,0,0,0,0,0,0,0,79059,"JULIO LOURENCO PINTO, RUA",NA,"",32,"IGUATEMI",1,0,"JULIO LOURENCO PINTO, RUA 186 SAO PAULO SP",-23.6629197,-46.7570557
"637","D011300110",17083,"RICARDO JAFET, AV DR",NA,"",1900,"","13/01/2013 18:00",2,"CT",6,323," "," ",2,0,0,0,0,0,0,0,0,0,0,0,0,0,0,0,0,17083,"RICARDO JAFET, AV DR",NA,"",37,"JABAQUARA",1,0,"RICARDO JAFET, AV DR 1900 SAO PAULO SP",-23.5917788,-46.6209298
"638","D011300891",45241,"FILHOS DA TERRA, RUA DOS",NA,"",788,"","13/01/2013 18:40",2,"QM",73,435," "," ",1,1,0,0,0,0,0,0,0,0,0,0,0,0,0,0,0,45241,"FILHOS DA TERRA, RUA DOS",NA,"",83,"TREMEMBE",1,0,"FILHOS DA TERRA, RUA DOS 788 SAO PAULO SP",-23.4511612,-46.585194
"639","D011300260",26500,"VICENTE RAO, AV PROF.",10918,"JOSE DINIZ, AV VER",0,"","13/01/2013 18:40",2,"CO",27,427," "," ",1,1,0,0,0,0,0,0,0,0,0,0,0,0,0,0,0,10918,"JOSE DINIZ, AV VER",26500,"VICENTE RAO, AV PROF.",NA,"",2,0,"VICENTE RAO, AV PROF. SAO PAULO SP &  JOSE DINIZ, AV VER SAO PAULO SP",-23.6435945,-46.6729476
"640","D011301370",3438,"MATEUS LOURENCO DE CARVALHO, RUA",NA,"",328,"","13/01/2013 19:00",2,"CH",24,473," "," ",2,0,0,0,0,0,0,0,0,0,0,0,0,0,0,0,0,3438,"MATEUS LOURENCO DE CARVALHO, RUA",NA,"",18,"CANGAIBA",1,0,"MATEUS LOURENCO DE CARVALHO, RUA 328 SAO PAULO SP",-23.5094277,-46.5152375
"641","D011301449",69713,"PALMEIRA DE LEQUE, RUA",NA,"",15,"","13/01/2013 19:03",4,"AT",63,321," "," ",1,0,0,0,0,0,0,0,0,0,0,0,0,0,0,0,0,69713,"PALMEIRA DE LEQUE, RUA",NA,"",53,"MOEMA",1,0,"PALMEIRA DE LEQUE, RUA 15 SAO PAULO SP",-23.5014281,-46.4692984