"","id_acidente","codloga","logradouroA","codlogb","logradouroB","alt_num","referencia","data","cod_acid","tipo_acidente","dp","numero_BO","sentido","pista","automovel","moto","onibus","caminhao","bicicleta","moto_taxi","onibus_fretado","onibus_urbano","microonibus","van","vuc","caminhonete","carreta","jipe","outros","sem_informacao","carroca","princ_a","paiA","princ_b","paiB","cod_distrito","distrito","vit_ferida","vit_morta","local","lat","lon"
"642","D011300177",8771,"HIGIENOPOLIS, AV",13596,"MARTIM FRANCISCO, RUA",0,"","13/01/2013 20:27",4,"AT",77,238," "," ",1,0,0,0,0,0,0,0,0,0,0,0,0,0,0,0,0,8771,"HIGIENOPOLIS, AV",13596,"MARTIM FRANCISCO, RUA",26,"CONSOLACAO",1,0,"HIGIENOPOLIS, AV SAO PAULO SP &  MARTIM FRANCISCO, RUA SAO PAULO SP",-23.5414149,-46.6603878
"643","D011301149",9529,"ITAPECERICA, ES DE",NA,"",6250,"","13/01/2013 20:34",2,"CT",47,547," "," ",1,0,0,0,0,0,0,0,0,0,0,1,0,0,0,0,0,9529,"ITAPECERICA, ES DE",NA,"",29,"FREGUESIA DO O",1,0,"ITAPECERICA, ES DE 6250 SAO PAULO SP",-23.5505199,-46.6333094
"644","D011300892",40517,"DIVA RODRIGUES DE OLIVEIRA, RUA",NA,"",212,"","13/01/2013 20:40",4,"AT",73,444," "," ",0,0,0,1,0,0,0,0,0,0,0,0,0,0,0,0,0,40517,"DIVA RODRIGUES DE OLIVEIRA, RUA",NA,"",22,"CIDADE ADEMAR",1,0,"DIVA RODRIGUES DE OLIVEIRA, RUA 212 SAO PAULO SP",-23.4452501,-46.5858041
"646","D011301437",14917,"OLAVO EGIDIO DE SOUZA ARANHA, AV",NA,"",299,"","13/01/2013 21:00",4,"AT",62,480," "," ",0,0,0,0,0,0,0,0,0,0,0,0,0,0,0,1,0,14917,"OLAVO EGIDIO DE SOUZA ARANHA, AV",NA,"",49,"LIBERDADE",2,0,"OLAVO EGIDIO DE SOUZA ARANHA, AV 299 SAO PAULO SP",-23.5043323,-46.494072
"647","D011300982",11098,"JOSE MASCARENHAS, RUA",NA,"",398,"","13/01/2013 21:20",2,"CT",21,515," "," ",1,1,0,0,0,0,0,0,0,0,0,0,0,0,0,0,0,11098,"JOSE MASCARENHAS, RUA",NA,"",38,"JACANA",1,0,"JOSE MASCARENHAS, RUA 398 SAO PAULO SP",-23.5392627,-46.5334326
"648","D011300392",5885,"DIOGENES RIBEIRO DE LIMA, AV",9862,"JAIME FONSECA RODRIGUES, RUA ARQ",0,"","13/01/2013 22:00",2,"SI",14,384," "," ",1,0,1,0,0,0,0,0,0,0,0,0,0,0,0,0,0,5885,"DIOGENES RIBEIRO DE LIMA, AV",9862,"JAIME FONSECA RODRIGUES, RUA ARQ",2,"ALTO DE PINHEIR",1,0,"DIOGENES RIBEIRO DE LIMA, AV SAO PAULO SP &  JAIME FONSECA RODRIGUES, RUA ARQ SAO PAULO SP",-23.5335586,-46.7188173
"649","D011301068",18901,"TEREZINHA, RUA",NA,"",540,"","13/01/2013 22:10",2,"CO",57,266,"C"," ",1,1,0,0,0,0,0,0,0,0,0,0,0,0,0,0,0,18901,"TEREZINHA, RUA",NA,"",0,"NULL",1,0,"TEREZINHA, RUA 540 SAO PAULO SP",-23.8256338,-46.7201965
"650","D011300450",33234,"MARGINAL DIREITA DO TIETE, AV",NA,"",1200,"","13/01/2013 22:15",2,"CH",33,312," "," ",0,0,0,0,0,0,0,0,0,0,0,1,0,0,0,0,0,29772,"MARGINAL DO RIO TIETE, AV",NA,"",39,"JAGUARA",1,0,"MARGINAL DIREITA DO TIETE, AV 1200 SAO PAULO SP",-23.5168723,-46.7412642
"651","D011300124",8798,"HIPODROMO, RUA",NA,"",220,"","13/01/2013 22:38",4,"AT",8,329," "," ",1,0,0,0,0,0,0,0,0,0,0,0,0,0,0,0,0,8798,"HIPODROMO, RUA",NA,"",10,"BRAS",1,0,"HIPODROMO, RUA 220 SAO PAULO SP",-23.5422463,-46.6116304
"652","D011300207",9433,"ITACIRA, AV",NA,"",867,"","13/01/2013 23:14",2,"CO",16,543,"B"," ",2,0,0,0,0,0,0,0,0,0,0,0,0,0,0,0,0,9433,"ITACIRA, AV",NA,"",79,"SAUDE",1,0,"ITACIRA, AV 867 SAO PAULO SP",-23.6098809,-46.6505173
"653","D011301169",9220,"INTERLAGOS, AV",NA,"",200,"","14/01/2013 00:30",2,"CO",48,303," "," ",2,0,0,0,0,0,0,1,0,0,0,0,0,0,0,0,0,9220,"INTERLAGOS, AV",NA,"",16,"CAMPO GRANDE",1,0,"INTERLAGOS, AV 200 SAO PAULO SP",-23.6547662,-46.6799142
"654","D011301634",98857,"JIM BACKUS, RUA",NA,"",100,"","14/01/2013 00:33",4,"AT",69,449," "," ",0,0,0,0,0,0,0,0,0,0,0,0,0,0,0,1,0,98857,"JIM BACKUS, RUA",NA,"",78,"SAPOPEMBA",1,0,"JIM BACKUS, RUA 100 SAO PAULO SP",-23.6202189,-46.4857142
"655","D011301616",71986,"SAUL BORGES CARNEIRO, RUA",NA,"",16,"","14/01/2013 01:58",2,"SI",66,297," "," ",0,1,0,0,0,0,0,0,0,0,0,0,0,0,0,1,0,71986,"SAUL BORGES CARNEIRO, RUA",NA,"",38,"JACANA",1,0,"SAUL BORGES CARNEIRO, RUA 16 SAO PAULO SP",-23.5590164,-46.5093321
"656","D011301701",17820,"TITO, AV MAL",NA,"",1850,"","14/01/2013 02:30",2,"CH",62,220," "," ",1,0,0,0,0,0,0,0,0,0,0,0,0,0,0,0,0,17820,"TITO, AV MAL",NA,"",NA,"",1,1,"TITO, AV MAL 1850 SAO PAULO SP",-23.4950797,-46.4283721
"657","D011301617",2181,"ARICANDUVA, AV",75433,"LATINOS, AV DOS",0,"","14/01/2013 02:50",2,"QM",66,302," "," ",0,1,0,0,0,0,0,0,0,0,0,0,0,0,0,0,0,2181,"ARICANDUVA, AV",75433,"LATINOS, AV DOS",4,"ARICANDUVA",1,0,"ARICANDUVA, AV SAO PAULO SP &  LATINOS, AV DOS SAO PAULO SP",-23.5479783,-46.5260893
"658","D011300665",6856,"EZEQUIEL FREIRE, RUA",14916,"OLAVO EGIDIO, RUA DR",0,"","14/01/2013 04:00",2,"CO",9,304," "," ",2,0,0,0,0,0,0,0,0,0,0,0,0,0,0,0,0,6856,"EZEQUIEL FREIRE, RUA",14916,"OLAVO EGIDIO, RUA DR",71,"SANTANA",2,0,"EZEQUIEL FREIRE, RUA SAO PAULO SP &  OLAVO EGIDIO, RUA DR SAO PAULO SP",-23.5029107,-46.6235844
"661","D011301263",1391,"ANGELO CRISTIANINI, AV",7764,"GARCIA DE AVILA, AV",0,"","14/01/2013 06:30",2,"CO",98,535," "," ",0,1,0,0,0,0,0,1,0,0,0,0,0,0,0,0,0,1391,"ANGELO CRISTIANINI, AV",7764,"GARCIA DE AVILA, AV",22,"CIDADE ADEMAR",2,0,"ANGELO CRISTIANINI, AV SAO PAULO SP &  GARCIA DE AVILA, AV SAO PAULO SP",-23.6876052,-46.6413346
"662","D011300524",1429,"ANHANGUERA, VIA",NA,"",22,"","14/01/2013 07:10",2,"CO",46,208," "," ",1,1,0,0,0,0,0,0,0,0,0,0,0,0,0,0,0,1429,"ANHANGUERA, VIA",NA,"",73,"SAO DOMINGOS",1,0,"ANHANGUERA, VIA 22 SAO PAULO SP",-23.527651,-46.6527087
"663","D011301218",8368,"GUARAPIRANGA, AV",NA,"",1806,"","14/01/2013 07:12",4,"AT",92,245," "," ",0,0,0,0,0,0,0,1,0,0,0,0,0,0,0,0,0,8368,"GUARAPIRANGA, AV",NA,"",45,"JARDIM SAO LUIS",1,0,"GUARAPIRANGA, AV 1806 SAO PAULO SP",-23.6674578,-46.7298763
"664","D011301416",66958,"SALINAS DE MOSSORO, RUA",63214,"AGOSTINHO ALVES MARINHO, RUA",0,"","14/01/2013 07:30",2,"CO",59,202," "," ",2,0,0,0,0,0,0,0,0,0,0,0,0,0,0,0,0,63214,"AGOSTINHO ALVES MARINHO, RUA",66958,"SALINAS DE MOSSORO, RUA",NA,"",2,0,"SALINAS DE MOSSORO, RUA SAO PAULO SP &  AGOSTINHO ALVES MARINHO, RUA SAO PAULO SP",-23.4849321,-46.391624
"666","D011300192",7691,"GABRIEL MONTEIRO DA SILVA, AL",3581,"BRASIL, AV",0,"","14/01/2013 08:15",2,"CT",78,422," "," ",1,0,0,1,0,0,0,0,0,0,0,0,0,0,0,0,0,3581,"BRASIL, AV",7691,"GABRIEL MONTEIRO DA SILVA, AL",44,"JARDIM PAULISTA",1,0,"GABRIEL MONTEIRO DA SILVA, AL SAO PAULO SP &  BRASIL, AV SAO PAULO SP",-23.574341,-46.6853256
"667","D011300290",8940,"IBIRAJA, RUA",18363,"SOARES DE AVELLAR, RUA",0,"","14/01/2013 08:30",2,"CO",35,556," "," ",1,1,0,0,0,0,0,0,0,0,0,0,0,0,0,0,0,8940,"IBIRAJA, RUA",18363,"SOARES DE AVELLAR, RUA",NA,"",1,0,"IBIRAJA, RUA SAO PAULO SP &  SOARES DE AVELLAR, RUA SAO PAULO SP",-23.6313594,-46.6399803
"668","D011300314",6013,"DOMINGOS DE MORAIS, RUA",4639,"CAVALCANTI, RUA CAP",0,"","14/01/2013 08:40",2,"CO",36,591,"C"," ",0,2,0,0,0,0,0,0,0,0,0,0,0,0,0,0,0,4639,"CAVALCANTI, RUA CAP",6013,"DOMINGOS DE MORAIS, RUA",92,"VILA MARIANA",1,0,"DOMINGOS DE MORAIS, RUA SAO PAULO SP &  CAVALCANTI, RUA CAP SAO PAULO SP",-23.591806,-46.6362643
"669","D011300825",19599,"VERTENTES, RUA DAS",11360,"JULIO XAVIER JUNIOR, RUA",0,"","14/01/2013 09:55",2,"CO",39,225," "," ",1,0,0,1,0,0,0,0,0,0,0,0,0,0,0,0,0,11360,"JULIO XAVIER JUNIOR, RUA",19599,"VERTENTES, RUA DAS",38,"JACANA",2,0,"VERTENTES, RUA DAS SAO PAULO SP &  JULIO XAVIER JUNIOR, RUA SAO PAULO SP",-23.4754112,-46.5871782
"670","D011301082",3072,"BELEM, RUA",NA,"",419,"","14/01/2013 10:05",4,"AT",81,112,"B"," ",0,1,0,0,0,0,0,0,0,0,0,0,0,0,0,0,0,3072,"BELEM, RUA",NA,"",8,"BELEM",1,0,"BELEM, RUA 419 SAO PAULO SP",-23.5403178,-46.595059
"671","D011300526",76382,"ANTONIO CARDOSO NOGUEIRA, RUA",NA,"",800,"","14/01/2013 10:30",2,"CO",46,236," "," ",0,1,0,0,0,0,0,1,0,0,0,0,0,0,0,0,0,76382,"ANTONIO CARDOSO NOGUEIRA, RUA",NA,"",41,"JARAGUA",1,0,"ANTONIO CARDOSO NOGUEIRA, RUA 800 SAO PAULO SP",-23.4566885,-46.7562228
"672","D011300065",5245,"CONSOLACAO, RUA DA",NA,"",2239,"","14/01/2013 10:40",4,"AT",4,323," "," ",0,0,0,0,0,0,0,1,0,0,0,0,0,0,0,0,0,5245,"CONSOLACAO, RUA DA",NA,"",26,"CONSOLACAO",1,0,"CONSOLACAO, RUA DA 2239 SAO PAULO SP",-23.5544223,-46.6612485
"673","D011300719",8478,"GUILHERME COTCHING, AV",NA,"",1920,"","14/01/2013 10:50",2,"CH",19,281," "," ",0,0,1,0,0,0,0,0,0,0,0,1,0,0,0,0,0,8478,"GUILHERME COTCHING, AV",NA,"",91,"VILA MARIA",1,0,"GUILHERME COTCHING, AV 1920 SAO PAULO SP",-23.513453,-46.5856129
"675","D011300103",11922,"LINS DE VASCONCELOS, AV",NA,"",400,"","14/01/2013 12:08",4,"AT",6,228," "," ",1,0,0,0,0,0,0,0,0,0,0,0,0,0,0,0,0,11922,"LINS DE VASCONCELOS, AV",NA,"",92,"VILA MARIANA",1,0,"LINS DE VASCONCELOS, AV 400 SAO PAULO SP",-23.5668168,-46.6217018
"676","D011301535",13671,"MATEO BEI, AV",NA,"",2831,"","14/01/2013 12:20",2,"CO",49,660," "," ",1,1,0,0,0,0,0,0,0,0,0,0,0,0,0,0,0,13671,"MATEO BEI, AV",NA,"",75,"SAO MATEUS",1,0,"MATEO BEI, AV 2831 SAO PAULO SP",-23.6058203,-46.4797218
"677","D011300640",6238,"NACOES UNIDAS, AV DAS",NA,"",6000,"","14/01/2013 12:20",2,"CO",91,90023," "," ",1,1,0,0,0,0,0,0,0,0,0,0,0,0,0,0,0,13014,"MARGINAL DO RIO PINHEIROS, AV",NA,"",90,"VILA LEOPOLDINA",1,0,"NACOES UNIDAS, AV DAS 6000 SAO PAULO SP",-23.6791585,-46.6961138
"678","D011300471",18470,"PIRAJUSSARA, AV",NA,"",5171,"","14/01/2013 12:41",2,"CO",34,289," "," ",1,1,0,0,0,0,0,0,0,0,0,0,0,0,0,0,0,18470,"PIRAJUSSARA, AV",NA,"",13,"CACHOEIRINHA",1,0,"PIRAJUSSARA, AV 5171 SAO PAULO SP",-23.6037973,-46.7487069
"679","D011300962",15304,"PAES DE BARROS, AV",NA,"",3405,"","14/01/2013 12:52",4,"AT",18,92," "," ",1,0,0,0,0,0,0,0,0,0,0,0,0,0,0,0,0,15304,"PAES DE BARROS, AV",NA,"",16,"CAMPO GRANDE",1,0,"PAES DE BARROS, AV 3405 SAO PAULO SP",-23.5807231,-46.5865804
"680","D011300794",15186,"ODASSI NAZZALI, RUA",NA,"",216,"","14/01/2013 13:45",4,"AT",38,260," "," ",0,0,1,0,0,0,0,0,0,0,0,0,0,0,0,0,0,15186,"ODASSI NAZZALI, RUA",NA,"",48,"LAPA",1,0,"ODASSI NAZZALI, RUA 216 SAO PAULO SP",-22.7869162,-49.2849628
"681","D011301350",4653,"CAVOA, RUA",1527,"ESPIRITO SANTO DO DOURADO, RUA",0,"","14/01/2013 14:30",2,"CL",22,252," "," ",2,0,0,0,0,0,0,0,0,0,0,0,0,0,0,0,0,1527,"ESPIRITO SANTO DO DOURADO, RUA",4653,"CAVOA, RUA",86,"VILA CURUCA",1,0,"CAVOA, RUA SAO PAULO SP &  ESPIRITO SANTO DO DOURADO, RUA SAO PAULO SP",-23.4964045,-46.4231604
"682","D011300700",2233,"ARMANDO COELHO SILVA, RUA",7677,"GABRIEL COVELLI, RUA",0,"","14/01/2013 14:40",2,"CO",13,458," "," ",1,1,0,0,0,0,0,0,0,0,0,0,0,0,0,0,0,2233,"ARMANDO COELHO SILVA, RUA",7677,"GABRIEL COVELLI, RUA",21,"CASA VERDE",1,0,"ARMANDO COELHO SILVA, RUA SAO PAULO SP &  GABRIEL COVELLI, RUA SAO PAULO SP",-23.4940594,-46.6567884
"683","D011301019",19965,"WINIFRED, RUA",16990,"RENATO RINALDI, RUA",0,"","14/01/2013 15:00",2,"QM",31,241," "," ",0,1,0,0,0,0,0,0,0,0,0,0,0,0,0,0,0,16990,"RENATO RINALDI, RUA",19965,"WINIFRED, RUA",NA,"",1,0,"WINIFRED, RUA SAO PAULO SP &  RENATO RINALDI, RUA SAO PAULO SP",-23.5482263,-46.5383172
"684","D011300632",6238,"NACOES UNIDAS, AV DAS",NA,"",2000,"","14/01/2013 16:15",2,"CO",91,337," "," ",1,0,0,0,1,0,0,0,0,0,0,0,0,0,0,0,0,13014,"MARGINAL DO RIO PINHEIROS, AV",NA,"",90,"VILA LEOPOLDINA",1,0,"NACOES UNIDAS, AV DAS 2000 SAO PAULO SP",-23.6791599,-46.6961185
"685","D011301052",24338,"LUIZ IGNACIO ANHAIA MELLO, AV PROF",NA,"",2100,"","14/01/2013 16:24",2,"QD",56,277," "," ",0,0,1,0,0,0,0,0,0,0,0,0,0,0,0,0,0,24338,"LUIZ IGNACIO ANHAIA MELLO, AV PROF",NA,"",26,"CONSOLACAO",1,0,"LUIZ IGNACIO ANHAIA MELLO, AV PROF 2100 SAO PAULO SP",-23.5911702,-46.5425846
"686","D011300105",637,"ALEXANDRE LEVI, RUA",NA,"",150,"","14/01/2013 16:30",4,"AT",6,234," "," ",0,0,0,0,0,0,0,0,0,0,0,1,0,0,0,0,0,637,"ALEXANDRE LEVI, RUA",NA,"",12,"BUTANTA",1,0,"ALEXANDRE LEVI, RUA 150 SAO PAULO SP",-23.5588426,-46.6206709
"687","D011300027",13733,"MAUA, RUA",36104,"ROMERO ZANDER, VD ENG",0,"","14/01/2013 16:39",2,"CO",2,271," "," ",1,1,0,0,0,0,0,0,0,0,0,0,0,0,0,0,0,7204,"FLORENCIO DE ABREU, RUA",13733,"MAUA, RUA",80,"SE",2,0,"MAUA, RUA SAO PAULO SP &  ROMERO ZANDER, VD ENG SAO PAULO SP",-23.6721095,-46.4464711
"688","D011301461",17125,"RIO EIRO, RUA",NA,"",21,"","14/01/2013 17:15",4,"AT",64,376," "," ",1,0,0,0,0,0,0,0,0,0,0,0,0,0,0,0,0,17125,"RIO EIRO, RUA",NA,"",49,"LIBERDADE",1,0,"RIO EIRO, RUA 21 SAO PAULO SP",-23.5214831,-46.5272687
"689","D011300525",35449,"BANDEIRANTES, VIA DOS",NA,"",21,"","14/01/2013 17:25",2,"QM",46,226," "," ",0,1,0,0,0,0,0,0,0,0,0,0,0,0,0,0,0,35449,"BANDEIRANTES, VIA DOS",NA,"",64,"PIRITUBA",1,0,"BANDEIRANTES, VIA DOS 21 SAO PAULO SP",-23.4912471,-46.7351868
"690","D011300453",8002,"GIOVANI RECORDATI, RUA DR",NA,"",140,"","14/01/2013 18:00",2,"CO",33,447," "," ",1,0,0,0,1,0,0,0,0,0,0,0,0,0,0,0,0,8002,"GIOVANI RECORDATI, RUA DR",NA,"",73,"SAO DOMINGOS",1,0,"GIOVANI RECORDATI, RUA DR 140 SAO PAULO SP",-23.5069481,-46.7392651
"691","D011300066",16204,"PIAUI, RUA",17557,"SABARA, RUA",0,"","14/01/2013 18:00",2,"CO",4,350," "," ",3,0,0,0,0,0,0,0,0,0,0,0,0,0,0,0,0,16204,"PIAUI, RUA",17557,"SABARA, RUA",26,"CONSOLACAO",1,0,"PIAUI, RUA SAO PAULO SP &  SABARA, RUA SAO PAULO SP",-23.5474501,-46.6534603
"692","D011300106",6872,"FABIO PRADO, AV PREF",41400,"CAROLINA RIBEIRO, RUA PROFA",0,"","14/01/2013 18:11",2,"CH",6,237," "," ",1,0,0,0,0,0,0,0,0,0,0,0,0,0,0,0,0,6872,"FABIO PRADO, AV PREF",41400,"CAROLINA RIBEIRO, RUA PROFA",92,"VILA MARIANA",1,0,"FABIO PRADO, AV PREF SAO PAULO SP &  CAROLINA RIBEIRO, RUA PROFA SAO PAULO SP",-23.5920124,-46.6276613
"693","D011300209",5618,"CURSINO, AV DO",3523,"BOSQUE DA SAUDE, AV",0,"","14/01/2013 18:15",2,"CO",16,579," "," ",2,0,0,0,0,0,0,0,0,0,0,0,0,0,0,0,0,3523,"BOSQUE DA SAUDE, AV",5618,"CURSINO, AV DO",27,"CURSINO",1,0,"CURSINO, AV DO SAO PAULO SP &  BOSQUE DA SAUDE, AV SAO PAULO SP",-23.6106139,-46.6176401
"694","D011301250",13357,"MARIA COELHO AGUIAR, AV",NA,"",50,"","14/01/2013 18:21",2,"QM",92,900001," "," ",0,1,0,0,0,0,0,0,0,0,0,0,0,0,0,0,0,13357,"MARIA COELHO AGUIAR, AV",NA,"",45,"JARDIM SAO LUIS",1,0,"MARIA COELHO AGUIAR, AV 50 SAO PAULO SP",-23.6454572,-46.7300376
"696","D011300028",1421,"ANHAIA, RUA",NA,"",360,"","14/01/2013 19:30",4,"AT",2,272," "," ",1,0,0,0,0,0,0,0,0,0,0,0,0,0,0,0,0,1421,"ANHAIA, RUA",NA,"",9,"BOM RETIRO",1,0,"ANHAIA, RUA 360 SAO PAULO SP",-23.5270563,-46.6435412
"697","D011300393",6238,"NACOES UNIDAS, AV DAS",NA,"",750,"","14/01/2013 19:31",2,"CO",14,420," "," ",1,1,0,0,0,0,0,0,0,0,0,0,0,0,0,0,0,13014,"MARGINAL DO RIO PINHEIROS, AV",NA,"",90,"VILA LEOPOLDINA",1,0,"NACOES UNIDAS, AV DAS 750 SAO PAULO SP",-23.67917,-46.6961419
"698","D011300741",14767,"NOVA CANTAREIRA, AV",NA,"",1400,"","14/01/2013 19:50",2,"CO",20,421," "," ",1,1,0,0,0,0,0,0,0,0,0,0,0,0,0,0,0,14767,"NOVA CANTAREIRA, AV",NA,"",83,"TREMEMBE",1,0,"NOVA CANTAREIRA, AV 1400 SAO PAULO SP",-23.4831562,-46.6135772
"699","D011300152",3812,"CAETANO, RUA S",NA,"",905,"","14/01/2013 19:51",4,"AT",12,353," "," ",0,0,0,0,0,0,0,0,0,0,0,0,0,0,0,1,0,3812,"CAETANO, RUA S",NA,"",5,"ARTUR ALVIM",1,0,"CAETANO, RUA S 905 SAO PAULO SP",-23.5359068,-46.6242411
"700","D011300952",43777,"CARVALHO PINTO, AV GOV",NA,"",2546,"","14/01/2013 20:00",4,"AT",10,949,"B"," ",0,1,0,0,0,0,0,0,0,0,0,0,0,0,0,0,0,43777,"CARVALHO PINTO, AV GOV",NA,"",41,"JARAGUA",1,0,"CARVALHO PINTO, AV GOV 2546 SAO PAULO SP",-23.514585,-46.5284504
"701","D011300872",15425,"CANTIDIO SAMPAIO, AV DEP",NA,"",4000,"","14/01/2013 20:43",4,"AT",72,410," "," ",0,1,0,0,0,0,0,0,0,0,0,0,0,0,0,0,0,15425,"CANTIDIO SAMPAIO, AV DEP",NA,"",41,"JARAGUA",1,0,"CANTIDIO SAMPAIO, AV DEP 4000 SAO PAULO SP",-23.4531303,-46.6974392
"703","D011301700",76402,"INACIO DE OLIVEIRA CAMPOS, RUA",NA,"",709,"","14/01/2013 23:00",2,"CF",53,327," "," ",0,1,0,0,0,0,0,0,1,0,0,0,0,0,0,0,0,76402,"INACIO DE OLIVEIRA CAMPOS, RUA",NA,"",50,"LIMAO",0,2,"INACIO DE OLIVEIRA CAMPOS, RUA 709 SAO PAULO SP",-23.5455144,-46.3931506
"704","D011301373",9632,"ITINGUCU, RUA",NA,"",2009,"","15/01/2013 06:50",4,"AT",24,572,"C"," ",1,0,0,0,0,0,0,0,0,0,0,0,0,0,0,0,0,9632,"ITINGUCU, RUA",NA,"",60,"PENHA",1,0,"ITINGUCU, RUA 2009 SAO PAULO SP",-23.52976,-46.4968175
"705","D011301280",9220,"INTERLAGOS, AV",NA,"",285,"","15/01/2013 07:33",4,"AT",99,189,"C"," ",0,1,0,0,0,0,0,0,0,0,0,0,0,0,0,0,0,9220,"INTERLAGOS, AV",NA,"",16,"CAMPO GRANDE",1,0,"INTERLAGOS, AV 285 SAO PAULO SP",-23.6537091,-46.6799765
"706","D011300339",8341,"GUARAIUVA, RUA",7237,"FLORIDA, RUA",0,"","15/01/2013 07:58",2,"CV",96,213," "," ",1,2,0,1,0,0,0,0,0,0,0,0,0,0,0,0,0,7237,"FLORIDA, RUA",8341,"GUARAIUVA, RUA",34,"ITAIM BIBI",1,0,"GUARAIUVA, RUA SAO PAULO SP &  FLORIDA, RUA SAO PAULO SP",-23.6105962,-46.6890653
"707","D011301332",2483,"ATLANTICA ANT. ROBERT KENNEDY, AV",NA,"",2000,"","15/01/2013 08:30",2,"CO",102,152," "," ",1,1,0,0,0,0,0,0,0,0,0,0,0,0,0,0,0,2483,"ATLANTICA ANT. ROBERT KENNEDY, AV",NA,"",23,"CIDADE DUTRA",1,0,"ATLANTICA ANT. ROBERT KENNEDY, AV 2000 SAO PAULO SP",-23.5505199,-46.6333094
"709","D011300857",8409,"JOAQUIM FERREIRA DA ROCHA, RUA",NA,"",1163,"","15/01/2013 09:50",2,"CO",45,121," "," ",1,0,0,1,0,0,0,0,0,0,0,0,0,0,0,0,0,8409,"JOAQUIM FERREIRA DA ROCHA, RUA",NA,"",11,"BRASILANDIA",1,0,"JOAQUIM FERREIRA DA ROCHA, RUA 1163 SAO PAULO SP",-23.4651915,-46.6941834
"710","D011300742",10945,"JOSE ERMIRIO DE MORAES, AV SEN",NA,"",4040,"","15/01/2013 10:00",2,"CH",20,441,"C"," ",1,0,0,0,0,0,0,0,0,0,0,0,0,0,0,0,0,10945,"JOSE ERMIRIO DE MORAES, AV SEN",NA,"",83,"TREMEMBE",1,0,"JOSE ERMIRIO DE MORAES, AV SEN 4040 SAO PAULO SP",-23.421422,-46.6213157
"711","D011301219",12403,"M'BOI MIRIM, ES",NA,"",1563,"","15/01/2013 10:50",4,"AT",92,285," "," ",0,1,0,0,0,0,0,0,0,0,0,0,0,0,0,0,0,12403,"M'BOI MIRIM, ES",NA,"",42,"JARDIM ANGELA",1,0,"M'BOI MIRIM, ES 1563 SAO PAULO SP",-23.5505199,-46.6333094
"712","D011301220",8368,"GUARAPIRANGA, AV",NA,"",115,"","15/01/2013 11:10",2,"CO",92,288," "," ",0,1,0,0,0,0,0,0,0,0,0,1,0,0,0,0,0,8368,"GUARAPIRANGA, AV",NA,"",45,"JARDIM SAO LUIS",1,0,"GUARAPIRANGA, AV 115 SAO PAULO SP",-23.6789221,-46.7343919
"714","D011300571",8603,"HEITOR ANTONIO EIRAS GARCIA, AV ENG",NA,"",4109,"","15/01/2013 12:00",2,"CO",75,162," "," ",1,0,0,0,1,0,0,0,0,0,0,0,0,0,0,0,0,8603,"HEITOR ANTONIO EIRAS GARCIA, AV ENG",NA,"",68,"RIO PEQUENO",1,0,"HEITOR ANTONIO EIRAS GARCIA, AV ENG 4109 SAO PAULO SP",-23.5903228,-46.7677655
"715","D011300527",27955,"FORTUNATA TADIELLO NATUCCI, AV",NA,"",500,"","15/01/2013 12:40",2,"SI",46,245," "," ",0,1,0,1,0,0,0,0,0,0,0,0,0,0,0,0,0,27955,"FORTUNATA TADIELLO NATUCCI, AV",NA,"",3,"ANHANGUERA",1,0,"FORTUNATA TADIELLO NATUCCI, AV 500 SAO PAULO SP",-23.5505199,-46.6333094
"716","D011300770",3771,"INAJAR DE SOUZA, AV",NA,"",20,"","15/01/2013 12:50",4,"AT",28,231," "," ",0,0,1,0,0,0,0,0,0,0,0,0,0,0,0,0,0,3771,"INAJAR DE SOUZA, AV",NA,"",50,"LIMAO",1,0,"INAJAR DE SOUZA, AV 20 SAO PAULO SP",-23.5049614,-46.6885468
"717","D011300795",44645,"DIREITOS HUMANOS, AV",19337,"ULTRAMARINO, AV",0,"","15/01/2013 12:50",2,"CO",38,276," "," ",1,1,0,0,0,0,0,0,0,0,0,0,0,0,0,0,0,19337,"ULTRAMARINO, AV",44645,"DIREITOS HUMANOS, AV",51,"MANDAQUI",1,0,"DIREITOS HUMANOS, AV SAO PAULO SP &  ULTRAMARINO, AV SAO PAULO SP",-23.4761224,-46.6402686
"718","D011300424",17003,"REPUBLICA DO LIBANO, AV",NA,"",510,"","15/01/2013 13:30",4,"AT",15,209," "," ",0,1,0,0,0,0,0,0,0,0,0,0,0,0,0,0,0,17003,"REPUBLICA DO LIBANO, AV",NA,"",9,"BOM RETIRO",1,0,"REPUBLICA DO LIBANO, AV 510 SAO PAULO SP",-23.5850743,-46.6638993
"719","D011301510",13207,"MARIA DE CAMARGO, RUA DONA",NA,"",124,"","15/01/2013 13:50",2,"CO",103,165," "," ",1,0,0,0,0,0,0,0,0,0,0,1,0,0,0,0,0,13207,"MARIA DE CAMARGO, RUA DONA",NA,"",36,"ITAQUERA",2,0,"MARIA DE CAMARGO, RUA DONA 124 SAO PAULO SP",-23.5321963,-46.4477492
"720","D011300125",3653,"BRESSER, RUA",1783,"ANTONIO MARCELO, RUA CEL",0,"","15/01/2013 14:08",2,"CO",8,378," "," ",1,0,0,0,1,0,0,0,0,0,0,0,0,0,0,0,0,1783,"ANTONIO MARCELO, RUA CEL",3653,"BRESSER, RUA",10,"BRAS",1,0,"BRESSER, RUA SAO PAULO SP &  ANTONIO MARCELO, RUA CEL SAO PAULO SP",-23.5353694,-46.6103911