"","id_acidente","codloga","logradouroA","codlogb","logradouroB","alt_num","referencia","data","cod_acid","tipo_acidente","dp","numero_BO","sentido","pista","automovel","moto","onibus","caminhao","bicicleta","moto_taxi","onibus_fretado","onibus_urbano","microonibus","van","vuc","caminhonete","carreta","jipe","outros","sem_informacao","carroca","princ_a","paiA","princ_b","paiB","cod_distrito","distrito","vit_ferida","vit_morta","local","lat","lon"
"721","D011300633",6238,"NACOES UNIDAS, AV DAS",NA,"",2200,"","15/01/2013 15:51",4,"AT",91,372," "," ",0,1,0,0,0,0,0,0,0,0,0,0,0,0,0,0,0,13014,"MARGINAL DO RIO PINHEIROS, AV",NA,"",90,"VILA LEOPOLDINA",1,0,"NACOES UNIDAS, AV DAS 2200 SAO PAULO SP",-23.6791599,-46.6961185
"722","D011300771",5947,"EDGAR FACO, AV GAL",NA,"",700,"","15/01/2013 16:47",4,"AT",28,235," "," ",0,0,0,0,0,0,0,0,0,0,0,0,0,0,0,1,0,5947,"EDGAR FACO, AV GAL",NA,"",64,"PIRITUBA",1,0,"EDGAR FACO, AV GAL 700 SAO PAULO SP",-23.5002894,-46.7064517
"724","D011300586",15188,"OTAVIANO ALVES DE LIMA, AV",NA,"",6000,"","15/01/2013 17:30",2,"CT",87,286," "," ",0,0,2,1,0,0,0,0,0,0,0,0,0,0,0,0,0,29772,"MARGINAL DO RIO TIETE, AV",NA,"",23,"CIDADE DUTRA",2,0,"OTAVIANO ALVES DE LIMA, AV 6000 SAO PAULO SP",-23.5076286,-46.6919994
"725","D011300265",19931,"WASHINGTON LUIS, AV",4567,"CASTRO, RUA VISC DE",0,"","15/01/2013 17:30",2,"CO",27,632," "," ",0,2,0,0,0,0,0,0,0,0,0,0,0,0,0,0,0,4567,"CASTRO, RUA VISC DE",19931,"WASHINGTON LUIS, AV",15,"CAMPO BELO",1,0,"WASHINGTON LUIS, AV SAO PAULO SP &  CASTRO, RUA VISC DE SAO PAULO SP",-23.6605391,-46.7039265
"726","D011300609",8000,"GIOVANNI GRONCHI, AV",NA,"",4300,"","15/01/2013 18:00",2,"QD",89,381," "," ",0,0,1,0,0,0,0,0,0,0,0,0,0,0,0,0,0,8000,"GIOVANNI GRONCHI, AV",NA,"",55,"MORUMBI",1,0,"GIOVANNI GRONCHI, AV 4300 SAO PAULO SP",-23.6165477,-46.731573
"727","D011300977",44742,"BERNARDINO BRITO FONSECA DE CA, AV",NA,"",2500,"","15/01/2013 18:15",2,"CO",21,266,"C"," ",1,1,0,0,0,0,0,0,0,0,0,0,0,0,0,0,0,44742,"BERNARDINO BRITO FONSECA DE CA, AV",NA,"",93,"VILA MATILDE",1,0,"BERNARDINO BRITO FONSECA DE CA, AV 2500 SAO PAULO SP",-23.5505199,-46.6333094
"728","D011301676",20575,"RIO CLARO, ES DO",NA,"",19213,"","15/01/2013 18:20",2,"CO",49,752," "," ",0,1,1,0,0,0,0,0,0,0,0,0,0,0,0,0,0,20575,"RIO CLARO, ES DO",NA,"",NA,"",0,1,"RIO CLARO, ES DO 19213 SAO PAULO SP",-23.5505199,-46.6333094
"729","D011300472",16337,"ELISEU DE ALMEIDA, AV",NA,"",3200,"","15/01/2013 18:55",2,"CT",34,354," "," ",1,0,0,0,0,0,0,0,0,0,0,1,0,0,0,0,0,16337,"ELISEU DE ALMEIDA, AV",NA,"",0,"NULL",1,0,"ELISEU DE ALMEIDA, AV 3200 SAO PAULO SP",-23.5897038,-46.7352548
"730","D011300969",5836,"DIANOPOLIS, RUA",NA,"",1497,"","15/01/2013 18:58",2,"CL",18,900019," "," ",1,1,0,0,0,0,0,0,0,0,0,0,0,0,0,0,0,5836,"DIANOPOLIS, RUA",NA,"",54,"MOOCA",1,0,"DIANOPOLIS, RUA 1497 SAO PAULO SP",-23.5815575,-46.591109
"731","D011301422",2185,"ARICANGA, RUA",NA,"",367,"","15/01/2013 19:02",4,"AT",59,657," "," ",0,0,0,0,0,0,0,0,0,0,0,0,0,0,0,1,0,2185,"ARICANGA, RUA",NA,"",86,"VILA CURUCA",1,0,"ARICANGA, RUA 367 SAO PAULO SP",-23.4990801,-46.4112339
"732","D011300703",3637,"BRAZ LEME, AV",NA,"",268,"","15/01/2013 20:04",2,"CO",13,498," "," ",1,1,0,0,0,0,0,0,0,0,0,0,0,0,0,0,0,3637,"BRAZ LEME, AV",NA,"",21,"CASA VERDE",1,0,"BRAZ LEME, AV 268 SAO PAULO SP",-23.5124995,-46.6532187
"734","D011300983",2181,"ARICANDUVA, AV",12612,"MANILHA, RUA",0,"","15/01/2013 20:10",2,"CT",21,607,"C"," ",0,0,0,2,0,0,0,0,0,0,0,0,0,0,0,0,0,2181,"ARICANDUVA, AV",2440,"ASTARTE, RUA",20,"CARRAO",2,0,"ARICANDUVA, AV SAO PAULO SP &  MANILHA, RUA SAO PAULO SP",-23.5479783,-46.5260893
"735","D011300090",12165,"LUIS ANTONIO, AV BRIG",NA,"",683,"","15/01/2013 21:10",4,"AT",5,376," "," ",0,0,0,0,0,0,0,1,0,0,0,0,0,0,0,0,0,12165,"LUIS ANTONIO, AV BRIG",NA,"",7,"BELA VISTA",1,0,"LUIS ANTONIO, AV BRIG 683 SAO PAULO SP",-23.5562471,-46.6396818
"737","D011301734",12403,"M'BOI MIRIM, ES",NA,"",10243,"","15/01/2013 21:50",2,"CH",47,623," "," ",4,0,0,0,0,0,0,0,0,0,0,0,0,0,0,0,0,12403,"M'BOI MIRIM, ES",NA,"",42,"JARDIM ANGELA",2,1,"M'BOI MIRIM, ES 10243 SAO PAULO SP",-23.5505199,-46.6333094
"739","D011300873",15425,"CANTIDIO SAMPAIO, AV DEP",NA,"",3644,"","15/01/2013 23:00",4,"AT",72,442," "," ",1,0,0,0,0,0,0,0,0,0,0,0,0,0,0,0,0,15425,"CANTIDIO SAMPAIO, AV DEP",NA,"",41,"JARAGUA",1,0,"CANTIDIO SAMPAIO, AV DEP 3644 SAO PAULO SP",-23.4547818,-46.6954926
"740","D011300949",10207,"JOAO CESARIO, RUA CAP",16052,"PENHA DE FRANCA, AV",0,"","16/01/2013 01:42",2,"CO",10,612," "," ",0,1,1,0,0,0,0,0,0,0,0,0,0,0,0,0,0,10207,"JOAO CESARIO, RUA CAP",16052,"PENHA DE FRANCA, AV",10,"BRAS",1,0,"JOAO CESARIO, RUA CAP SAO PAULO SP &  PENHA DE FRANCA, AV SAO PAULO SP",-23.5233956,-46.5503256
"741","D011300394",16017,"PEDROSO DE MORAIS, AV",NA,"",1956,"","16/01/2013 01:50",2,"CH",14,456," "," ",0,0,0,1,0,0,0,0,0,0,0,0,0,0,0,0,0,16017,"PEDROSO DE MORAIS, AV",NA,"",45,"JARDIM SAO LUIS",3,0,"PEDROSO DE MORAIS, AV 1956 SAO PAULO SP",-23.5575441,-46.7008557
"742","D011301141",9529,"ITAPECERICA, ES DE",NA,"",4542,"","16/01/2013 06:40",2,"CO",47,91," "," ",2,0,0,0,0,0,0,0,0,0,0,0,0,0,0,0,0,9529,"ITAPECERICA, ES DE",NA,"",29,"FREGUESIA DO O",3,0,"ITAPECERICA, ES DE 4542 SAO PAULO SP",-23.5505199,-46.6333094
"743","D011300743",14767,"NOVA CANTAREIRA, AV",NA,"",3659,"","16/01/2013 07:06",4,"AT",20,463,"B"," ",1,0,0,0,0,0,0,0,0,0,0,0,0,0,0,0,0,14767,"NOVA CANTAREIRA, AV",NA,"",83,"TREMEMBE",1,0,"NOVA CANTAREIRA, AV 3659 SAO PAULO SP",-23.4688684,-46.6168531
"744","D011301555",16173,"PESSEGO, ES DO",NA,"",3141,"","16/01/2013 07:15",2,"CO",53,155," "," ",2,0,0,0,0,0,0,0,0,0,0,0,0,0,0,0,0,16173,"PESSEGO, ES DO",NA,"",0,"NULL",1,0,"PESSEGO, ES DO 3141 SAO PAULO SP",-23.5505199,-46.6333094
"745","D011301100",6238,"NACOES UNIDAS, AV DAS",NA,"",19000,"","16/01/2013 07:58",2,"CO",11,565," "," ",1,1,0,0,0,0,0,0,0,0,0,0,0,0,0,0,0,13014,"MARGINAL DO RIO PINHEIROS, AV",NA,"",90,"VILA LEOPOLDINA",1,0,"NACOES UNIDAS, AV DAS 19000 SAO PAULO SP",-23.6791498,-46.6960703
"746","D011301615",2181,"ARICANDUVA, AV",NA,"",5555,"","16/01/2013 08:00",2,"CL",66,258," "," ",0,1,0,0,0,0,0,0,0,0,0,1,0,0,0,0,0,2181,"ARICANDUVA, AV",NA,"",60,"PENHA",1,0,"ARICANDUVA, AV 5555 SAO PAULO SP",-23.5610792,-46.5113397
"747","D011301536",2181,"ARICANDUVA, AV",NA,"",8500,"","16/01/2013 08:06",2,"CO",49,764," "," ",1,1,0,1,0,0,0,0,0,0,0,0,0,0,0,0,0,2181,"ARICANDUVA, AV",NA,"",60,"PENHA",2,0,"ARICANDUVA, AV 8500 SAO PAULO SP",-23.5873008,-46.4829311
"748","D011300845",6450,"EMILIO CARLOS, AV DEP",17386,"ROQUE DE MORAIS, RUA",0,"","16/01/2013 08:30",4,"AT",40,162," "," ",1,0,0,0,0,0,0,0,0,0,0,0,0,0,0,0,0,6450,"EMILIO CARLOS, AV DEP",17386,"ROQUE DE MORAIS, RUA",NA,"",1,0,"EMILIO CARLOS, AV DEP SAO PAULO SP &  ROQUE DE MORAIS, RUA SAO PAULO SP",-23.4995589,-46.6750786
"749","D011300069",13632,"MARTINS FONTES, RUA",NA,"",270,"","16/01/2013 09:00",2,"CO",4,422," "," ",1,1,0,0,0,0,0,0,0,0,0,0,0,0,0,0,0,13632,"MARTINS FONTES, RUA",NA,"",67,"REPUBLICA",1,0,"MARTINS FONTES, RUA 270 SAO PAULO SP",-23.5495936,-46.6449726
"750","D011300126",543,"ALCANTARA MACHADO, AV",NA,"",4000,"","16/01/2013 10:20",2,"CT",8,403," "," ",1,1,0,0,0,0,0,0,0,0,0,0,0,0,0,0,0,543,"ALCANTARA MACHADO, AV",NA,"",10,"BRAS",1,0,"ALCANTARA MACHADO, AV 4000 SAO PAULO SP",-23.5507858,-46.6079009
"751","D011301570",35713,"ITALIA GIUSTI, RUA",NA,"",100,"","16/01/2013 10:30",2,"CL",53,900006," "," ",1,0,1,0,0,0,0,0,0,0,0,0,0,0,0,0,0,35713,"ITALIA GIUSTI, RUA",NA,"",50,"LIMAO",1,0,"ITALIA GIUSTI, RUA 100 SAO PAULO SP",-23.5685439,-46.4581243
"752","D011300917",35880,"APARECIDA, RUA NSRA",NA,"",214,"","16/01/2013 10:30",4,"AT",90,193," "," ",0,1,0,0,0,0,0,0,0,0,0,0,0,0,0,0,0,35880,"APARECIDA, RUA NSRA",NA,"",76,"SAO MIGUEL",1,0,"APARECIDA, RUA NSRA 214 SAO PAULO SP",-23.5202917,-46.5756652
"754","D011300668",6238,"NACOES UNIDAS, AV DAS",NA,"",880,"","16/01/2013 11:26",2,"CO",9,393," "," ",0,1,0,0,0,0,0,0,0,0,0,1,0,0,0,0,0,13014,"MARGINAL DO RIO PINHEIROS, AV",NA,"",90,"VILA LEOPOLDINA",1,0,"NACOES UNIDAS, AV DAS 880 SAO PAULO SP",-23.679168,-46.6961374
"755","D011301719",1247,"ANCHIETA, VIA",NA,"",592,"","16/01/2013 11:30",2,"CL",95,227," "," ",0,1,0,1,0,0,0,0,0,0,0,0,0,0,0,0,0,1247,"ANCHIETA, VIA",NA,"",33,"IPIRANGA",0,1,"ANCHIETA, VIA 592 SAO PAULO SP",-23.6065196,-46.5992649
"756","D011301463",3994,"CAMPANELLA, AV",NA,"",1848,"","16/01/2013 11:40",2,"QD",64,479," "," ",0,0,0,0,0,0,0,1,0,0,0,0,0,0,0,0,0,3994,"CAMPANELLA, AV",NA,"",36,"ITAQUERA",1,0,"CAMPANELLA, AV 1848 SAO PAULO SP",-23.5337232,-46.4592418
"757","D011301281",14743,"SABARA, AV NSRA DO",NA,"",3375,"","16/01/2013 12:28",2,"CO",99,214," "," ",1,1,0,0,0,0,0,0,0,0,0,0,0,0,0,0,0,14743,"SABARA, AV NSRA DO",NA,"",16,"CAMPO GRANDE",1,0,"SABARA, AV NSRA DO 3375 SAO PAULO SP",-23.5505199,-46.6333094
"758","D011301561",16173,"PESSEGO, ES DO",NA,"",100,"","16/01/2013 12:30",2,"CO",53,394," "," ",1,1,0,0,0,0,0,0,0,0,0,0,0,0,0,0,0,16173,"PESSEGO, ES DO",NA,"",0,"NULL",1,0,"PESSEGO, ES DO 100 SAO PAULO SP",-23.5505199,-46.6333094
"759","D011300008",11818,"LIBERDADE, AV DA",NA,"",456,"","16/01/2013 12:45",4,"AT",1,398," "," ",0,0,0,0,0,0,0,0,0,0,0,1,0,0,0,0,0,11818,"LIBERDADE, AV DA",NA,"",49,"LIBERDADE",1,0,"LIBERDADE, AV DA 456 SAO PAULO SP",-23.5568255,-46.6365246
"760","D011301451",13881,"MIGUEL, AV S",NA,"",8000,"","16/01/2013 12:59",4,"AT",63,404," "," ",0,0,0,0,0,0,0,0,0,0,0,0,0,0,0,1,0,13881,"MIGUEL, AV S",NA,"",65,"PONTE RASA",1,0,"MIGUEL, AV S 8000 SAO PAULO SP",-23.4979731,-46.4596621
"761","D011300288",13915,"MIGUEL ESTEFANO, AV",2883,"BARRETO MUNIZ, RUA",0,"","16/01/2013 13:00",2,"CO",35,513," "," ",1,1,0,0,0,0,0,0,0,0,0,0,0,0,0,0,0,2883,"BARRETO MUNIZ, RUA",13915,"MIGUEL ESTEFANO, AV",27,"CURSINO",1,0,"MIGUEL ESTEFANO, AV SAO PAULO SP &  BARRETO MUNIZ, RUA SAO PAULO SP",-23.6508594,-46.6210807
"762","D011301688",18423,"AMALIA MATARAZZO, RUA CDSSA",NA,"",496,"","16/01/2013 13:01",4,"AT",38,295," "," ",1,0,0,1,0,0,0,0,0,0,0,0,0,0,0,0,0,18423,"AMALIA MATARAZZO, RUA CDSSA",NA,"",8,"BELEM",1,1,"AMALIA MATARAZZO, RUA CDSSA 496 SAO PAULO SP",-23.4589113,-46.6535103
"763","D011300587",15626,"PAULA FERREIRA, AV",NA,"",705,"","16/01/2013 13:01",2,"QM",87,303," "," ",0,1,0,0,0,0,0,0,0,0,0,0,0,0,0,0,0,15626,"PAULA FERREIRA, AV",NA,"",64,"PIRITUBA",1,0,"PAULA FERREIRA, AV 705 SAO PAULO SP",-23.5020069,-46.7067311
"764","D011300716",4775,"CEREJEIRAS, AV DAS",NA,"",1300,"","16/01/2013 13:12",4,"AT",19,188," "," ",0,1,0,0,0,0,0,0,0,0,0,0,0,0,0,0,0,4775,"CEREJEIRAS, AV DAS",NA,"",94,"VILA MEDEIROS",2,0,"CEREJEIRAS, AV DAS 1300 SAO PAULO SP",-23.5060231,-46.5771496
"765","D011301192",35320,"LEAO DE ARAUJO NOVAES, RUA DR",NA,"",160,"","16/01/2013 13:43",4,"AT",85,312," "," ",0,0,0,0,0,0,0,0,0,0,0,1,0,0,0,0,0,35320,"LEAO DE ARAUJO NOVAES, RUA DR",NA,"",32,"IGUATEMI",1,0,"LEAO DE ARAUJO NOVAES, RUA DR 160 SAO PAULO SP",-23.7687171,-46.6926258
"766","D011301328",17110,"RIO BONITO, AV DO",NA,"",1260,"","16/01/2013 16:20",2,"CO",102,70," "," ",2,0,0,0,0,0,0,0,0,0,0,0,0,0,0,0,0,17110,"RIO BONITO, AV DO",NA,"",32,"IGUATEMI",3,0,"RIO BONITO, AV DO 1260 SAO PAULO SP",-23.6838171,-46.7035149
"767","D011300107",6642,"ESTADO, AV DO",18847,"TERESA CRISTINA, AV",0,"","16/01/2013 16:50",2,"CO",6,282," "," ",0,1,0,0,0,0,0,0,0,0,0,1,0,0,0,0,0,6642,"ESTADO, AV DO",18847,"TERESA CRISTINA, AV",33,"IPIRANGA",1,0,"ESTADO, AV DO SAO PAULO SP &  TERESA CRISTINA, AV SAO PAULO SP",-23.5635869,-46.6112253
"768","D011301221",13357,"MARIA COELHO AGUIAR, AV",NA,"",408,"","16/01/2013 17:30",2,"SI",92,327," "," ",1,1,0,0,0,0,0,0,0,0,0,0,0,0,0,0,0,13357,"MARIA COELHO AGUIAR, AV",NA,"",45,"JARDIM SAO LUIS",1,0,"MARIA COELHO AGUIAR, AV 408 SAO PAULO SP",-23.6496212,-46.732975
"769","D011300151",6432,"EMIDIO PIEDADE, RUA CEL",8048,"GODOI PRETO, RUA",0,"","16/01/2013 18:25",2,"CO",12,328," "," ",1,1,0,0,0,0,0,0,0,0,0,0,0,0,0,0,0,6432,"EMIDIO PIEDADE, RUA CEL",8048,"GODOI PRETO, RUA",57,"PARI",1,0,"EMIDIO PIEDADE, RUA CEL SAO PAULO SP &  GODOI PRETO, RUA SAO PAULO SP",-23.5290192,-46.6112926
"770","D011300895",8320,"GUAPIRA, AV",NA,"",3000,"","16/01/2013 18:30",4,"AT",73,586," "," ",0,1,0,0,0,0,0,0,0,0,0,0,0,0,0,0,0,8320,"GUAPIRA, AV",NA,"",38,"JACANA",1,0,"GUAPIRA, AV 3000 SAO PAULO SP",-23.4646551,-46.5834264
"771","D011300261",35829,"MOREIRA GUIMARAES, AV",4882,"CHIBARAS, AV",0,"","16/01/2013 18:45",4,"AT",27,542," "," ",0,0,0,0,0,0,0,1,0,0,0,0,0,0,0,0,0,4882,"CHIBARAS, AV",35829,"MOREIRA GUIMARAES, AV",47,"LAJEADO",1,0,"MOREIRA GUIMARAES, AV SAO PAULO SP &  CHIBARAS, AV SAO PAULO SP",-23.6112321,-46.6554476
"772","D011300589",16838,"RAIMUNDO PEREIRA DE MAGAL., AV",NA,"",5500,"","16/01/2013 19:00",2,"CH",87,308," "," ",0,1,0,0,1,0,0,0,0,0,0,0,0,0,0,0,0,16838,"RAIMUNDO PEREIRA DE MAGAL., AV",NA,"",31,"GUAIANASES",3,0,"RAIMUNDO PEREIRA DE MAGAL., AV 5500 SAO PAULO SP",-23.4836151,-46.7223889
"773","D011301020",12612,"MANILHA, RUA",2181,"ARICANDUVA, AV",0,"","16/01/2013 19:17",2,"CT",31,282," "," ",1,0,1,0,0,0,0,0,0,0,0,0,0,0,0,0,0,2181,"ARICANDUVA, AV",2440,"ASTARTE, RUA",20,"CARRAO",1,0,"MANILHA, RUA SAO PAULO SP &  ARICANDUVA, AV SAO PAULO SP",-23.5480252,-46.5261119
"774","D011301360",8964,"IBRAHIM, RUA PDE",NA,"",10,"","16/01/2013 19:24",2,"CT",22,708," "," ",2,0,0,0,0,0,0,0,0,0,0,0,0,0,0,0,0,8964,"IBRAHIM, RUA PDE",NA,"",72,"SANTO AMARO",4,0,"IBRAHIM, RUA PDE 10 SAO PAULO SP",-23.5505199,-46.6333094
"775","D011300796",9170,"INES, AV STA",NA,"",3000,"","16/01/2013 20:00",2,"CO",38,303," "," ",1,1,0,0,0,0,0,0,0,0,0,0,0,0,0,0,0,9170,"INES, AV STA",NA,"",51,"MANDAQUI",1,0,"INES, AV STA 3000 SAO PAULO SP",-23.456645,-46.6490756
"776","D011301307",17195,"RIVIERA, ES DA",NA,"",2431,"","16/01/2013 20:35",2,"CF",100,678," "," ",1,1,0,0,0,0,0,0,0,0,0,0,0,0,0,0,0,17195,"RIVIERA, ES DA",NA,"",32,"IGUATEMI",1,0,"RIVIERA, ES DA 2431 SAO PAULO SP",-23.5505199,-46.6333094
"777","D011301101",10270,"JOAO DIAS, AV",NA,"",718,"","16/01/2013 21:29",4,"AT",11,582," "," ",0,0,0,0,0,0,0,1,0,0,0,0,0,0,0,0,0,10270,"JOAO DIAS, AV",NA,"",72,"SANTO AMARO",1,0,"JOAO DIAS, AV 718 SAO PAULO SP",-23.6462557,-46.7075288
"778","D011300359",19102,"TRAJANO, RUA",10575,"JOAQUIM MACHADO, RUA",0,"","16/01/2013 21:30",2,"CO",7,406," "," ",1,2,0,0,0,0,0,0,0,0,0,0,0,0,0,0,0,10575,"JOAQUIM MACHADO, RUA",19102,"TRAJANO, RUA",48,"LAPA",2,0,"TRAJANO, RUA SAO PAULO SP &  JOAQUIM MACHADO, RUA SAO PAULO SP",-23.5216568,-46.7017357
"779","D011300009",6708,"ESTUDANTES, RUA DOS",7664,"FURTADO, RUA CONS",0,"","16/01/2013 22:27",4,"AT",1,419," "," ",0,1,0,0,0,0,0,0,0,0,0,0,0,0,0,0,0,6708,"ESTUDANTES, RUA DOS",7664,"FURTADO, RUA CONS",80,"SE",1,0,"ESTUDANTES, RUA DOS SAO PAULO SP &  FURTADO, RUA CONS SAO PAULO SP",-23.555575,-46.6337512
"780","D011301340",16247,"PINEDO, AV DE",NA,"",186,"","16/01/2013 22:40",4,"AT",102,588," "," ",1,0,0,0,0,0,0,0,0,0,0,0,0,0,0,0,0,16247,"PINEDO, AV DE",NA,"",32,"IGUATEMI",1,0,"PINEDO, AV DE 186 SAO PAULO SP",-23.6670681,-46.7129861
"781","D011301393",5745,"DAVID DOMINGUES FERREIRA, AV",17553,"GERALDO VIEIRA DE CASTRO, RUA",0,"","16/01/2013 23:19",2,"CL",32,413," "," ",1,1,0,0,0,0,0,0,0,0,0,0,0,0,0,0,0,5745,"DAVID DOMINGUES FERREIRA, AV",17553,"GERALDO VIEIRA DE CASTRO, RUA",47,"LAJEADO",1,0,"DAVID DOMINGUES FERREIRA, AV SAO PAULO SP &  GERALDO VIEIRA DE CASTRO, RUA SAO PAULO SP",-23.5301941,-46.4477152
"782","D011300884",13133,"MARIA AMALIA LOPES AZEVEDO, RUA",NA,"",3862,"","17/01/2013 01:40",2,"CO",73,295," "," ",1,1,0,0,0,0,0,0,0,0,0,0,0,0,0,0,0,13133,"MARIA AMALIA LOPES AZEVEDO, RUA",NA,"",83,"TREMEMBE",1,0,"MARIA AMALIA LOPES AZEVEDO, RUA 3862 SAO PAULO SP",-23.4567629,-46.5897925
"783","D011300395",18813,"TEODORO SAMPAIO, RUA",15114,"OSCAR FREIRE, RUA",0,"","17/01/2013 02:10",2,"CO",14,492," "," ",1,0,0,1,0,0,0,0,0,0,0,0,0,0,0,0,0,15114,"OSCAR FREIRE, RUA",18813,"TEODORO SAMPAIO, RUA",NA,"",2,0,"TEODORO SAMPAIO, RUA SAO PAULO SP &  OSCAR FREIRE, RUA SAO PAULO SP",-23.5652586,-46.6903013
"784","D011301452",46936,"JACU-PESSEGO/NOVA TRABALHADORE, AV",36386,"SUGAYA, RUA AGRIM",0,"","17/01/2013 02:28",2,"CH",63,419," "," ",0,1,0,0,0,0,0,0,0,0,0,0,0,0,0,0,0,16173,"PESSEGO, ES DO",46936,"JACU-PESSEGO/NOVA TRABALHADORE, AV",58,"PARQUE DO CARMO",1,0,"JACU-PESSEGO/NOVA TRABALHADORE, AV SAO PAULO SP &  SUGAYA, RUA AGRIM SAO PAULO SP",-23.5754203,-46.4449094
"785","D011300210",9159,"INDIANOPOLIS, AV",NA,"",1888,"","17/01/2013 03:50",2,"CO",16,700," "," ",1,1,0,0,0,0,0,0,0,0,0,0,0,0,0,0,0,9159,"INDIANOPOLIS, AV",NA,"",79,"SAUDE",1,0,"INDIANOPOLIS, AV 1888 SAO PAULO SP",-23.614841,-46.6498547
"786","D011301720",6238,"NACOES UNIDAS, AV DAS",NA,"",15169,"","17/01/2013 04:00",2,"CT",6,71," "," ",1,1,0,0,0,0,0,0,0,0,0,0,0,0,0,0,0,13014,"MARGINAL DO RIO PINHEIROS, AV",NA,"",90,"VILA LEOPOLDINA",0,1,"NACOES UNIDAS, AV DAS 15169 SAO PAULO SP",-23.6791518,-46.6960828
"787","D011300513",9529,"ITAPECERICA, ES DE",NA,"",3800,"","17/01/2013 04:30",2,"CO",37,690," "," ",1,1,0,0,0,0,0,0,0,0,0,0,0,0,0,0,0,9529,"ITAPECERICA, ES DE",NA,"",29,"FREGUESIA DO O",1,0,"ITAPECERICA, ES DE 3800 SAO PAULO SP",-23.5505199,-46.6333094
"788","D011301104",3516,"MARIO VILAS BOAS RODRIGUES, AV DR",NA,"",117,"","17/01/2013 05:40",2,"CO",11,641," "," ",0,1,0,0,0,0,0,0,0,0,0,1,0,0,0,0,0,3516,"MARIO VILAS BOAS RODRIGUES, AV DR",NA,"",72,"SANTO AMARO",2,0,"MARIO VILAS BOAS RODRIGUES, AV DR 117 SAO PAULO SP",-23.6515793,-46.7220371
"789","D011300241",43154,"TANCREDO NEVES, AV PRES",14705,"SAUDE, RUA NSRA DA",0,"","17/01/2013 06:17",2,"CT",26,446," "," ",0,0,0,0,0,0,0,0,0,0,0,2,0,0,0,0,0,3482,"BOQUEIRAO, RUA DO",14705,"SAUDE, RUA NSRA DA",69,"SACOMA",3,0,"TANCREDO NEVES, AV PRES SAO PAULO SP &  SAUDE, RUA NSRA DA SAO PAULO SP",-23.6208548,-46.6115493
"790","D011301167",16151,"JOAO GOULART, AV PRES",NA,"",710,"","17/01/2013 06:30",4,"AT",48,216," "," ",1,0,0,0,0,0,0,0,0,0,0,0,0,0,0,0,0,16151,"JOAO GOULART, AV PRES",NA,"",32,"IGUATEMI",1,0,"JOAO GOULART, AV PRES 710 SAO PAULO SP",-23.7221432,-46.6921897
"791","D011300590",6939,"FEIZ ZARZUR, RUA COMEN",NA,"",599,"","17/01/2013 06:40",4,"AT",87,314," "," ",0,1,0,0,0,0,0,0,0,0,0,0,0,0,0,0,0,6939,"FEIZ ZARZUR, RUA COMEN",NA,"",64,"PIRITUBA",3,0,"FEIZ ZARZUR, RUA COMEN 599 SAO PAULO SP",-23.4779712,-46.7201352
"792","D011301102",19844,"VITOR MANZINI, AV",NA,"",500,"","17/01/2013 06:55",2,"CO",11,597," "," ",1,1,0,0,0,0,0,0,0,0,0,0,0,0,0,0,0,19844,"VITOR MANZINI, AV",NA,"",29,"FREGUESIA DO O",2,0,"VITOR MANZINI, AV 500 SAO PAULO SP",-23.663907,-46.7084963
"794","D011301264",852,"ALVARENGA, ES DO",NA,"",2065,"","17/01/2013 07:00",2,"CO",98,653," "," ",0,2,0,0,0,0,0,0,0,0,0,0,0,0,0,0,0,852,"ALVARENGA, ES DO",NA,"",59,"PEDREIRA",2,0,"ALVARENGA, ES DO 2065 SAO PAULO SP",-23.5505199,-46.6333094
"795","D011300772",5947,"EDGAR FACO, AV GAL",NA,"",300,"","17/01/2013 07:38",2,"CO",28,240," "," ",2,1,0,0,0,0,0,0,0,0,0,0,0,0,0,0,0,5947,"EDGAR FACO, AV GAL",NA,"",64,"PIRITUBA",1,0,"EDGAR FACO, AV GAL 300 SAO PAULO SP",-23.5039663,-46.706101
"796","D011301296",13035,"MIGUEL YUNES, RUA",NA,"",581,"","17/01/2013 07:50",2,"CO",99,900023," "," ",1,1,0,0,0,0,0,0,0,0,0,0,0,0,0,0,0,13035,"MIGUEL YUNES, RUA",NA,"",16,"CAMPO GRANDE",1,0,"MIGUEL YUNES, RUA 581 SAO PAULO SP",-23.6945516,-46.6805183
"797","D011300194",9642,"ITU, AL",8562,"HADDOCK LOBO, RUA",0,"","17/01/2013 08:00",2,"CO",78,472," "," ",0,1,0,0,0,0,0,0,0,0,0,1,0,0,0,0,0,8562,"HADDOCK LOBO, RUA",9642,"ITU, AL",44,"JARDIM PAULISTA",1,0,"ITU, AL SAO PAULO SP &  HADDOCK LOBO, RUA SAO PAULO SP",-23.3090105,-47.2975689
"798","D011300802",9170,"INES, AV STA",3285,"TOME AFONSO DE MOURA, RUA",0,"","17/01/2013 08:30",2,"CT",38,494," "," ",3,0,0,0,0,0,0,0,0,0,0,0,0,0,0,0,0,3285,"TOME AFONSO DE MOURA, RUA",9170,"INES, AV STA",51,"MANDAQUI",1,0,"INES, AV STA SAO PAULO SP &  TOME AFONSO DE MOURA, RUA SAO PAULO SP",-23.4571244,-46.6487598