"","id_acidente","codloga","logradouroA","codlogb","logradouroB","alt_num","referencia","data","cod_acid","tipo_acidente","dp","numero_BO","sentido","pista","automovel","moto","onibus","caminhao","bicicleta","moto_taxi","onibus_fretado","onibus_urbano","microonibus","van","vuc","caminhonete","carreta","jipe","outros","sem_informacao","carroca","princ_a","paiA","princ_b","paiB","cod_distrito","distrito","vit_ferida","vit_morta","local","lat","lon"
"1038","D011301320",19490,"ANTONIO CARLOS B.DOS STO(COCAI, AV",NA,"",600,"","20/01/2013 21:30",2,"SI",101,484," "," ",0,1,0,0,0,0,0,0,0,0,0,0,0,0,0,0,0,19490,"ANTONIO CARLOS B.DOS STO(COCAI, AV",NA,"",30,"GRAJAU",2,0,"ANTONIO CARLOS B.DOS STO(COCAI, AV 600 SAO PAULO SP",-23.5505199,-46.6333094
"1039","D011300544",28096,"JORGE ANTONIO BENDA, RUA",NA,"",20,"","20/01/2013 21:34",2,"CO",46,632," "," ",1,0,0,0,1,0,0,0,0,0,0,0,0,0,0,0,0,28096,"JORGE ANTONIO BENDA, RUA",NA,"",52,"MARSILAC",1,0,"JORGE ANTONIO BENDA, RUA 20 SAO PAULO SP",-23.452014,-46.7470645
"1040","D011301406",43627,"MAGNOLIA AZUL, RUA",NA,"",337,"","20/01/2013 22:00",4,"AT",50,852," "," ",2,0,0,0,0,0,0,0,0,0,0,0,0,0,0,0,0,43627,"MAGNOLIA AZUL, RUA",NA,"",54,"MOOCA",2,0,"MAGNOLIA AZUL, RUA 337 SAO PAULO SP",-23.5101186,-46.3867107
"1041","D011301112",6238,"NACOES UNIDAS, AV DAS",NA,"",16359,"","20/01/2013 22:12",2,"QM",11,752," "," ",0,1,0,0,0,0,0,0,0,0,0,0,0,0,0,0,0,13014,"MARGINAL DO RIO PINHEIROS, AV",NA,"",90,"VILA LEOPOLDINA",1,0,"NACOES UNIDAS, AV DAS 16359 SAO PAULO SP",-23.6791512,-46.6960789
"1043","D011300748",3813,"CAETANO ALVARES, AV ENG",NA,"",4579,"","20/01/2013 22:30",2,"SI",20,613," "," ",1,1,0,0,0,0,0,0,0,0,0,0,0,0,0,0,0,3813,"CAETANO ALVARES, AV ENG",NA,"",21,"CASA VERDE",2,0,"CAETANO ALVARES, AV ENG 4579 SAO PAULO SP",-23.4866013,-46.6443382
"1044","D011300243",43154,"TANCREDO NEVES, AV PRES",14705,"SAUDE, RUA NSRA DA",0,"","20/01/2013 23:20",4,"AT",26,555," "," ",1,0,0,0,0,0,0,0,0,0,0,0,0,0,0,0,0,3482,"BOQUEIRAO, RUA DO",14705,"SAUDE, RUA NSRA DA",69,"SACOMA",1,0,"TANCREDO NEVES, AV PRES SAO PAULO SP &  SAUDE, RUA NSRA DA SAO PAULO SP",-23.6208548,-46.6115493
"1045","D011300180",5797,"DEODORO, PCA MAL",NA,"",132,"","21/01/2013 00:30",4,"AT",77,382," "," ",0,1,0,0,0,0,0,0,0,0,0,0,0,0,0,0,0,5797,"DEODORO, PCA MAL",NA,"",11,"BRASILANDIA",1,0,"DEODORO, PCA MAL 132 SAO PAULO SP",-23.5349342,-46.6543256
"1046","D011301725",3509,"BELMIRA MARIN, AV DONA",NA,"",936,"","21/01/2013 02:55",2,"CH",11,943," "," ",1,0,0,0,0,0,0,0,0,0,0,0,0,0,0,0,0,3509,"BELMIRA MARIN, AV DONA",NA,"",NA,"",1,1,"BELMIRA MARIN, AV DONA 936 SAO PAULO SP",-23.7384345,-46.6919945
"1047","D011301722",14214,"FELIPE CARRILLO PUERTO, AV",NA,"",108,"","21/01/2013 03:40",2,"QM",47,828," "," ",0,1,0,0,0,0,0,0,0,0,0,0,0,0,0,0,0,14214,"FELIPE CARRILLO PUERTO, AV",NA,"",29,"FREGUESIA DO O",1,1,"FELIPE CARRILLO PUERTO, AV 108 SAO PAULO SP",-23.6675215,-46.7875843
"1048","D011301733",15507,"TEOTONIO VILELA, AV SEN",NA,"",8000,"","21/01/2013 04:11",4,"AT",85,153," "," ",0,0,0,0,0,0,0,0,0,0,0,0,0,0,0,1,0,15507,"TEOTONIO VILELA, AV SEN",NA,"",23,"CIDADE DUTRA",0,1,"TEOTONIO VILELA, AV SEN 8000 SAO PAULO SP",-23.7663231,-46.7172637
"1049","D011300516",99949,"CARLOS CALDEIRA FILHO, AV",NA,"",5000,"","21/01/2013 05:45",2,"CO",37,839," "," ",1,1,0,0,0,0,0,0,0,0,0,0,0,0,0,0,0,99949,"CARLOS CALDEIRA FILHO, AV",NA,"",19,"CAPAO REDONDO",1,0,"CARLOS CALDEIRA FILHO, AV 5000 SAO PAULO SP",-23.6597136,-46.7690962
"1050","D011300706",719,"ALFREDO PUJOL, RUA",1359,"ANGELICA, RUA SOROR",0,"","21/01/2013 06:10",2,"CO",13,667," "," ",0,1,0,0,0,0,0,0,0,0,0,0,0,0,0,1,0,719,"ALFREDO PUJOL, RUA",1359,"ANGELICA, RUA SOROR",21,"CASA VERDE",1,0,"ALFREDO PUJOL, RUA SAO PAULO SP &  ANGELICA, RUA SOROR SAO PAULO SP",-23.4993697,-46.6322004
"1051","D011300848",14736,"O, AV NSRA DO",NA,"",1056,"","21/01/2013 07:22",4,"AT",40,218," "," ",0,0,1,0,0,0,0,0,0,0,0,0,0,0,0,0,0,14736,"O, AV NSRA DO",NA,"",50,"LIMAO",1,0,"O, AV NSRA DO 1056 SAO PAULO SP",-23.5505199,-46.6333094
"1052","D011300806",64137,"FRANCISCO MACHADO DA SILVA, AV",NA,"",853,"","21/01/2013 07:40",4,"AT",38,559," "," ",1,0,0,0,0,0,0,0,0,0,0,0,0,0,0,0,0,64137,"FRANCISCO MACHADO DA SILVA, AV",NA,"",13,"CACHOEIRINHA",1,0,"FRANCISCO MACHADO DA SILVA, AV 853 SAO PAULO SP",-23.4544233,-46.6591424
"1053","D011300047",16725,"QUEIROS, AV SEN",7204,"FLORENCIO DE ABREU, RUA",0,"","21/01/2013 07:40",4,"AT",3,527," "," ",0,0,0,0,0,0,0,0,0,0,0,1,0,0,0,0,0,7204,"FLORENCIO DE ABREU, RUA",16725,"QUEIROS, AV SEN",80,"SE",1,0,"QUEIROS, AV SEN SAO PAULO SP &  FLORENCIO DE ABREU, RUA SAO PAULO SP",-23.5398615,-46.6301291
"1054","D011300981",2181,"ARICANDUVA, AV",NA,"",6470,"","21/01/2013 07:50",2,"CO",21,343,"C"," ",0,1,0,0,0,0,0,0,0,0,0,0,0,0,0,1,0,2181,"ARICANDUVA, AV",NA,"",60,"PENHA",1,0,"ARICANDUVA, AV 6470 SAO PAULO SP",-23.5609939,-46.5114408
"1055","D011300718",541,"ALCANTARA, RUA",967,"AMAMBAI, RUA",0,"","21/01/2013 08:25",2,"CO",19,258," "," ",1,0,0,0,0,0,0,0,0,0,0,1,0,0,0,0,0,541,"ALCANTARA, RUA",967,"AMAMBAI, RUA",91,"VILA MARIA",1,0,"ALCANTARA, RUA SAO PAULO SP &  AMAMBAI, RUA SAO PAULO SP",-23.5232036,-46.5919291
"1056","D011300556",19817,"VITAL BRASIL, AV",NA,"",579,"","21/01/2013 08:30",4,"AT",51,337," "," ",0,1,0,0,0,0,0,0,0,0,0,0,0,0,0,0,0,19817,"VITAL BRASIL, AV",NA,"",13,"CACHOEIRINHA",1,0,"VITAL BRASIL, AV 579 SAO PAULO SP",-23.5708822,-46.7099607
"1057","D011300683",14270,"MORVAN DIAS DE FIGUEIREDO, AV",NA,"",1000,"","21/01/2013 08:30",2,"QM",9,90031," "," ",0,1,0,0,0,0,0,0,0,0,0,0,0,0,0,0,0,29772,"MARGINAL DO RIO TIETE, AV",NA,"",0,"NULL",1,0,"MORVAN DIAS DE FIGUEIREDO, AV 1000 SAO PAULO SP",-23.5181953,-46.6294066
"1058","D011300950",43777,"CARVALHO PINTO, AV GOV",13848,"MERCEDES LOPES, RUA",0,"","21/01/2013 08:30",4,"AT",10,798," "," ",1,0,0,0,0,0,0,0,0,0,0,0,0,0,0,0,0,13848,"MERCEDES LOPES, RUA",43777,"CARVALHO PINTO, AV GOV",60,"PENHA",2,0,"CARVALHO PINTO, AV GOV SAO PAULO SP &  MERCEDES LOPES, RUA SAO PAULO SP",-23.5149544,-46.5203738
"1059","D011301076",14196,"MONTEMAGNO, AV",33464,"ESTEVAO PIMENTEL, RUA DOM",0,"","21/01/2013 08:37",2,"CO",58,158," "," ",1,1,0,0,0,0,0,0,0,0,0,0,0,0,0,0,0,14196,"MONTEMAGNO, AV",33464,"ESTEVAO PIMENTEL, RUA DOM",87,"VILA FORMOSA",1,0,"MONTEMAGNO, AV SAO PAULO SP &  ESTEVAO PIMENTEL, RUA DOM SAO PAULO SP",-23.5713158,-46.5484774
"1060","D011301269",852,"ALVARENGA, ES DO",NA,"",205,"","21/01/2013 09:00",2,"CO",98,893,"C"," ",1,0,0,0,0,0,0,0,0,0,0,0,0,0,0,1,0,852,"ALVARENGA, ES DO",NA,"",59,"PEDREIRA",1,0,"ALVARENGA, ES DO 205 SAO PAULO SP",-23.5505199,-46.6333094
"1061","D011300801",7592,"FRANKLIN DO AMARAL, RUA",NA,"",748,"","21/01/2013 09:00",2,"CO",38,366," "," ",1,0,0,0,0,0,0,0,0,0,0,1,0,0,0,0,0,7592,"FRANKLIN DO AMARAL, RUA",NA,"",13,"CACHOEIRINHA",1,0,"FRANKLIN DO AMARAL, RUA 748 SAO PAULO SP",-23.4745334,-46.6566268
"1062","D011300075",33667,"LESTE-OESTE, LIG",NA,"",1781,"","21/01/2013 09:07",2,"QM",4,509," "," ",0,1,0,0,0,0,0,0,0,0,0,0,0,0,0,0,0,33667,"LESTE-OESTE, LIG",NA,"",2,"ALTO DE PINHEIR",1,0,"LESTE-OESTE, LIG 1781 SAO PAULO SP",-23.5505199,-46.6333094
"1063","D011300158",10485,"JOAO TEODORO, RUA",13967,"MILLER, RUA",0,"","21/01/2013 09:20",2,"CO",12,387," "," ",0,0,0,0,1,0,0,0,0,0,0,1,0,0,0,0,0,10485,"JOAO TEODORO, RUA",13967,"MILLER, RUA",10,"BRAS",1,0,"JOAO TEODORO, RUA SAO PAULO SP &  MILLER, RUA SAO PAULO SP",-23.5342424,-46.6255239
"1064","D011301145",76220,"RUBENS AYROLLA, RUA",12403,"M'BOI MIRIM, ES",0,"","21/01/2013 09:35",2,"SI",47,426," "," ",1,1,0,0,0,0,0,0,0,0,0,0,0,0,0,0,0,12403,"M'BOI MIRIM, ES",21465,"JOSE GARCIA LOPES FILHO, RUA",42,"JARDIM ANGELA",1,0,"RUBENS AYROLLA, RUA SAO PAULO SP &  M'BOI MIRIM, ES SAO PAULO SP",-23.6764201,-46.7613736
"1065","D011300159",18993,"TIRADENTES, AV",6642,"ESTADO, AV DO",0,"","21/01/2013 10:15",2,"CO",12,391," "," ",1,1,0,0,0,0,0,0,0,0,0,0,0,0,0,0,0,6642,"ESTADO, AV DO",18993,"TIRADENTES, AV",9,"BOM RETIRO",1,0,"TIRADENTES, AV SAO PAULO SP &  ESTADO, AV DO SAO PAULO SP",-23.5295824,-46.6315552
"1066","D011300750",14767,"NOVA CANTAREIRA, AV",7244,"FLORINEIA, RUA",0,"","21/01/2013 10:30",2,"SI",20,624," "," ",0,1,0,0,0,0,0,0,0,0,0,1,0,0,0,0,0,7244,"FLORINEIA, RUA",14767,"NOVA CANTAREIRA, AV",71,"SANTANA",1,0,"NOVA CANTAREIRA, AV SAO PAULO SP &  FLORINEIA, RUA SAO PAULO SP",-23.4664409,-46.6160571
"1067","D011300067",989,"AMARAL GURGEL, RUA",18102,"SERTORIO, RUA MAJ",0,"","21/01/2013 10:30",2,"QD",4,376," "," ",0,0,1,0,0,0,0,0,0,0,0,0,0,0,0,0,0,989,"AMARAL GURGEL, RUA",18102,"SERTORIO, RUA MAJ",NA,"",1,0,"AMARAL GURGEL, RUA SAO PAULO SP &  SERTORIO, RUA MAJ SAO PAULO SP",-23.5419473,-46.6475939
"1068","D011301022",11325,"JULIO COLACO, RUA",NA,"",862,"","21/01/2013 10:45",2,"CO",31,378," "," ",1,1,0,0,0,0,0,0,0,0,0,0,0,0,0,0,0,11325,"JULIO COLACO, RUA",NA,"",20,"CARRAO",1,0,"JULIO COLACO, RUA 862 SAO PAULO SP",-23.5413846,-46.5418449
"1069","D011300672",5567,"CRUZEIRO DO SUL, AV",NA,"",2357,"","21/01/2013 11:15",2,"CO",9,487," "," ",2,0,0,0,0,0,0,0,0,0,0,0,0,0,0,0,0,5567,"CRUZEIRO DO SUL, AV",NA,"",5,"ARTUR ALVIM",1,0,"CRUZEIRO DO SUL, AV 2357 SAO PAULO SP",-23.5104198,-46.6252327
"1070","D011300403",16017,"PEDROSO DE MORAIS, AV",NA,"",900,"","21/01/2013 11:22",2,"CO",14,627," "," ",1,1,0,0,0,0,0,0,0,0,0,0,0,0,0,0,0,16017,"PEDROSO DE MORAIS, AV",NA,"",45,"JARDIM SAO LUIS",1,0,"PEDROSO DE MORAIS, AV 900 SAO PAULO SP",-23.6104519,-46.6281735
"1071","D011301618",17135,"RIO DAS PEDRAS, AV",NA,"",1041,"","21/01/2013 11:30",2,"QM",66,342," "," ",0,1,0,0,0,0,0,0,0,0,0,0,0,0,0,0,0,17135,"RIO DAS PEDRAS, AV",NA,"",27,"CURSINO",1,0,"RIO DAS PEDRAS, AV 1041 SAO PAULO SP",-23.5644013,-46.5135465
"1072","D011301003",1967,"APUCARANA, RUA",2673,"AZEVEDO SOARES, RUA",0,"","21/01/2013 11:30",4,"AT",30,394," "," ",1,0,0,0,0,0,0,0,0,0,0,0,0,0,0,0,0,1967,"APUCARANA, RUA",2673,"AZEVEDO SOARES, RUA",82,"TATUAPE",1,0,"APUCARANA, RUA SAO PAULO SP &  AZEVEDO SOARES, RUA SAO PAULO SP",-23.5412961,-46.5647692
"1073","D011300614",9710,"JOSE HOR. MEIRELLES TEIXEIRA, RUA PROF",69906,"CUSTODIO DE OLIVEIRA, RUA",0,"","21/01/2013 11:30",2,"SI",89,530," "," ",1,1,0,0,0,0,0,0,0,0,0,0,0,0,0,0,0,9710,"JOSE HOR. MEIRELLES TEIXEIRA, RUA PROF",73454,"JOAO BALDINATO, RUA",96,"VILA SONIA",1,0,"JOSE HOR. MEIRELLES TEIXEIRA, RUA PROF SAO PAULO SP &  CUSTODIO DE OLIVEIRA, RUA SAO PAULO SP",-23.5559971,-46.4105377
"1074","D011300476",7500,"FRANCISCO MORATO, AV PROF",NA,"",4799,"","21/01/2013 12:38",2,"CO",34,416," "," ",1,1,0,0,0,0,0,0,0,0,0,0,0,0,0,0,0,7500,"FRANCISCO MORATO, AV PROF",NA,"",12,"BUTANTA",1,0,"FRANCISCO MORATO, AV PROF 4799 SAO PAULO SP",-23.5982288,-46.7407623
"1077","D011301124",39797,"PEDRINHO ROSCHEL, RUA",37890,"ALICE BASTIDE, RUA",0,"","21/01/2013 12:52",2,"CO",25,167," "," ",0,0,0,1,1,0,0,0,0,0,0,0,0,0,0,0,0,37890,"ALICE BASTIDE, RUA",39797,"PEDRINHO ROSCHEL, RUA",56,"PARELHEIROS",1,0,"PEDRINHO ROSCHEL, RUA SAO PAULO SP &  ALICE BASTIDE, RUA SAO PAULO SP",-23.8380865,-46.7333586
"1078","D011301306",12403,"M'BOI MIRIM, ES",NA,"",5600,"","21/01/2013 13:00",2,"CF",100,625," "," ",0,0,1,0,0,0,0,0,0,0,0,0,0,0,0,0,0,12403,"M'BOI MIRIM, ES",NA,"",42,"JARDIM ANGELA",1,0,"M'BOI MIRIM, ES 5600 SAO PAULO SP",-23.5505199,-46.6333094
"1079","D011301113",1652,"ANTONIO DAS CHAGAS, RUA",NA,"",100,"","21/01/2013 13:11",2,"CO",11,770," "," ",2,1,0,0,0,0,0,0,0,0,0,0,0,0,0,0,0,1652,"ANTONIO DAS CHAGAS, RUA",NA,"",72,"SANTO AMARO",2,0,"ANTONIO DAS CHAGAS, RUA 100 SAO PAULO SP",-23.6343258,-46.6953159
"1080","D011300160",15438,"PARAIBA, RUA",14224,"MORAIS, RUA CEL",0,"","21/01/2013 13:31",2,"CO",12,399," "," ",1,1,0,0,0,0,0,0,0,0,0,0,0,0,0,0,0,14224,"MORAIS, RUA CEL",15438,"PARAIBA, RUA",57,"PARI",1,0,"PARAIBA, RUA SAO PAULO SP &  MORAIS, RUA CEL SAO PAULO SP",-23.5317251,-46.6158828
"1081","D011301495",5408,"COSME DEODATO TADEU, RUA PROF",NA,"",1137,"","21/01/2013 14:00",4,"AT",68,214,"B"," ",0,1,0,0,0,0,0,0,0,0,0,0,0,0,0,0,0,5408,"COSME DEODATO TADEU, RUA PROF",NA,"",45,"JARDIM SAO LUIS",1,0,"COSME DEODATO TADEU, RUA PROF 1137 SAO PAULO SP",-23.547767,-46.3985739
"1082","D011300360",7077,"FERREIRA ALVES, RUA MIN",NA,"",1031,"","21/01/2013 14:30",2,"SI",7,470," "," ",1,1,0,0,0,0,0,0,0,0,0,0,0,0,0,0,0,7077,"FERREIRA ALVES, RUA MIN",NA,"",61,"PERDIZES",1,0,"FERREIRA ALVES, RUA MIN 1031 SAO PAULO SP",-23.5273966,-46.6892391
"1083","D011301550",9044,"RAGUEB CHOHFI, AV",24421,"FORTE DO TRIUNFO, RUA",0,"","21/01/2013 14:30",2,"CO",49,900026," "," ",1,1,0,0,0,0,0,0,0,0,0,0,0,0,0,0,0,9044,"RAGUEB CHOHFI, AV",24421,"FORTE DO TRIUNFO, RUA",75,"SAO MATEUS",1,0,"RAGUEB CHOHFI, AV SAO PAULO SP &  FORTE DO TRIUNFO, RUA SAO PAULO SP",-23.5962789,-46.4358414
"1084","D011300951",4128,"CANGAIBA, AV",NA,"",1710,"","21/01/2013 14:49",4,"AT",10,809," "," ",0,1,0,0,0,0,0,0,0,0,0,0,0,0,0,0,0,4128,"CANGAIBA, AV",NA,"",18,"CANGAIBA",1,0,"CANGAIBA, AV 1710 SAO PAULO SP",-23.508764,-46.5384095
"1086","D011301532",9044,"RAGUEB CHOHFI, AV",NA,"",4513,"","21/01/2013 15:45",2,"CO",49,215,"C"," ",1,1,0,0,0,0,0,0,0,0,0,0,0,0,0,0,0,9044,"RAGUEB CHOHFI, AV",NA,"",32,"IGUATEMI",1,0,"RAGUEB CHOHFI, AV 4513 SAO PAULO SP",-23.5946004,-46.4421386
"1089","D011300437",8615,"HEITOR PENTEADO, RUA",NA,"",600,"","21/01/2013 16:30",2,"CO",23,342," "," ",0,0,0,0,1,0,0,1,0,0,0,0,0,0,0,0,0,8615,"HEITOR PENTEADO, RUA",NA,"",61,"PERDIZES",1,0,"HEITOR PENTEADO, RUA 600 SAO PAULO SP",-23.5500196,-46.6797317
"1090","D011301496",40167,"CLAUSETTI, RUA",NA,"",1,"","21/01/2013 16:40",2,"CO",68,232," "," ",1,1,0,0,0,0,0,0,0,0,0,0,0,0,0,0,0,40167,"CLAUSETTI, RUA",NA,"",50,"LIMAO",1,0,"CLAUSETTI, RUA 1 SAO PAULO SP",-23.528294,-46.4177124
"1091","D011300737",14499,"MERE MARIE ANAIS DE SION, RUA",NA,"",274,"","21/01/2013 16:45",2,"CO",20,294," "," ",2,0,0,0,0,0,0,0,0,0,0,0,0,0,0,0,0,14499,"MERE MARIE ANAIS DE SION, RUA",NA,"",22,"CIDADE ADEMAR",1,0,"MERE MARIE ANAIS DE SION, RUA 274 SAO PAULO SP",-23.4683248,-46.6045768
"1094","D011301038",19206,"TUIUTI, RUA",13637,"MARTINS PENA, RUA",0,"","21/01/2013 17:00",2,"SI",52,186," "," ",2,0,0,0,0,0,0,0,0,0,0,0,0,0,0,0,0,13637,"MARTINS PENA, RUA",19206,"TUIUTI, RUA",82,"TATUAPE",2,0,"TUIUTI, RUA SAO PAULO SP &  MARTINS PENA, RUA SAO PAULO SP",-23.5460879,-46.5741417
"1095","D011300776",5947,"EDGAR FACO, AV GAL",NA,"",101,"","21/01/2013 17:10",2,"CT",28,340," "," ",1,0,1,0,0,0,0,0,0,0,0,0,0,0,0,0,0,5947,"EDGAR FACO, AV GAL",NA,"",64,"PIRITUBA",1,0,"EDGAR FACO, AV GAL 101 SAO PAULO SP",-23.5055506,-46.7063065
"1096","D011300919",14524,"NEVIO BARACHO DOS SANTOS, AL SSARG",NA,"",500,"","21/01/2013 17:30",2,"CO",90,265," "," ",1,0,0,1,0,0,0,0,0,0,0,0,0,0,0,0,0,14524,"NEVIO BARACHO DOS SANTOS, AL SSARG",NA,"",91,"VILA MARIA",1,0,"NEVIO BARACHO DOS SANTOS, AL SSARG 500 SAO PAULO SP",-23.5505199,-46.6333094
"1097","D011301057",8955,"IBITIRAMA, RUA",NA,"",875,"","21/01/2013 17:30",2,"CO",56,439," "," ",1,1,0,0,0,0,0,0,0,0,0,0,0,0,0,0,0,8955,"IBITIRAMA, RUA",NA,"",95,"VILA PRUDENTE",1,0,"IBITIRAMA, RUA 875 SAO PAULO SP",-23.5889788,-46.5835103
"1098","D011300129",543,"ALCANTARA MACHADO, AV",18184,"SILVA JARDIM, RUA",0,"","21/01/2013 17:30",2,"SI",8,547," "," ",0,2,0,0,0,0,0,0,0,0,0,0,0,0,0,0,0,543,"ALCANTARA MACHADO, AV",18184,"SILVA JARDIM, RUA",8,"BELEM",2,0,"ALCANTARA MACHADO, AV SAO PAULO SP &  SILVA JARDIM, RUA SAO PAULO SP",-23.5528151,-46.613419
"1099","D011300361",19004,"TITO, RUA",3872,"CAIO GRACO, RUA",0,"","21/01/2013 17:50",4,"AT",7,474," "," ",1,0,0,0,0,0,0,0,0,0,0,0,0,0,0,0,0,3872,"CAIO GRACO, RUA",19004,"TITO, RUA",48,"LAPA",1,0,"TITO, RUA SAO PAULO SP &  CAIO GRACO, RUA SAO PAULO SP",-23.5280753,-46.6971502
"1100","D011301266",20048,"YERVANT KISSAJIKIAN, AV",NA,"",4020,"","21/01/2013 17:52",2,"CT",98,841," "," ",0,1,0,0,0,0,0,0,0,0,0,1,0,0,0,0,0,20048,"YERVANT KISSAJIKIAN, AV",NA,"",29,"FREGUESIA DO O",1,0,"YERVANT KISSAJIKIAN, AV 4020 SAO PAULO SP",-23.6852239,-46.6459397
"1102","D011301604",17824,"SAPOPEMBA, AV",NA,"",16243,"","21/01/2013 18:00",2,"CL",55,1023," "," ",0,1,0,0,0,0,0,0,0,0,0,1,0,0,0,0,0,17824,"SAPOPEMBA, AV",NA,"",33,"IPIRANGA",1,0,"SAPOPEMBA, AV 16243 SAO PAULO SP",-23.6221717,-46.4622107
"1103","D011300986",1702,"ANTONIO ESTEVAO DE CARVALHO, AV",11574,"LAMARTINE, AV GAL",0,"","21/01/2013 18:20",2,"CL",21,831," "," ",0,2,0,0,0,0,0,0,0,0,0,0,0,0,0,0,0,1702,"ANTONIO ESTEVAO DE CARVALHO, AV",11574,"LAMARTINE, AV GAL",93,"VILA MATILDE",2,0,"ANTONIO ESTEVAO DE CARVALHO, AV SAO PAULO SP &  LAMARTINE, AV GAL SAO PAULO SP",-23.5385943,-46.4964211
"1104","D011300112",12452,"MACHADO DE ASSIS, RUA",NA,"",610,"","21/01/2013 18:30",2,"CO",6,382," "," ",1,1,0,0,0,0,0,0,0,0,0,0,0,0,0,0,0,12452,"MACHADO DE ASSIS, RUA",NA,"",92,"VILA MARIANA",1,0,"MACHADO DE ASSIS, RUA 610 SAO PAULO SP",-23.5797597,-46.6322956
"1107","D011301726",24876,"GASPAR JOSE RAPOSO, RUA",NA,"",52,"","21/01/2013 20:00",4,"AT",26,718," "," ",0,1,0,0,0,0,0,0,0,0,0,0,0,0,0,0,0,24876,"GASPAR JOSE RAPOSO, RUA",NA,"",32,"IGUATEMI",1,1,"GASPAR JOSE RAPOSO, RUA 52 SAO PAULO SP",-23.722889,-46.6790921
"1108","D011301245",13929,"MIGUEL LOPES, RUA",NA,"",600,"","21/01/2013 20:26",2,"CO",92,870," "," ",1,1,0,0,0,0,0,0,0,0,0,0,0,0,0,0,0,13929,"MIGUEL LOPES, RUA",NA,"",19,"CAPAO REDONDO",1,0,"MIGUEL LOPES, RUA 600 SAO PAULO SP",-23.6649264,-46.7642797
"1109","D011300077",16044,"PENAFORTE MENDES, RUA DR",NA,"",548,"","21/01/2013 20:54",4,"AT",4,555," "," ",1,0,0,0,0,0,0,0,0,0,0,0,0,0,0,0,0,16044,"PENAFORTE MENDES, RUA DR",NA,"",34,"ITAIM BIBI",1,0,"PENAFORTE MENDES, RUA DR 548 SAO PAULO SP",-23.5554213,-46.6514736
"1110","D011301538",13671,"MATEO BEI, AV",NA,"",2423,"","21/01/2013 21:00",4,"AT",49,1026,"C"," ",1,0,0,0,0,0,0,0,0,0,0,0,0,0,0,0,0,13671,"MATEO BEI, AV",NA,"",75,"SAO MATEUS",1,0,"MATEO BEI, AV 2423 SAO PAULO SP",-23.6029794,-46.4821229
"1111","D011301293",13035,"MIGUEL YUNES, RUA",64629,"JOSE MARTINS COELHO, RUA",0,"","21/01/2013 21:40",2,"SI",99,782," "," ",2,0,0,0,0,0,0,0,0,0,0,0,0,0,0,0,0,13035,"MIGUEL YUNES, RUA",73884,"CAMILO LOPES DE SOUZA, RUA",NA,"",4,0,"MIGUEL YUNES, RUA SAO PAULO SP &  JOSE MARTINS COELHO, RUA SAO PAULO SP",-23.6949288,-46.6794691
"1112","D011300567",22307,"DOMINGOS ROSOLIA, RUA",NA,"",242,"","21/01/2013 21:45",2,"CO",75,98," "," ",1,1,0,0,0,0,0,0,0,0,0,0,0,0,0,0,0,22307,"DOMINGOS ROSOLIA, RUA",NA,"",13,"CACHOEIRINHA",2,0,"DOMINGOS ROSOLIA, RUA 242 SAO PAULO SP",-23.5946428,-46.7871779
"1113","D011300013",15584,"PASSOS, AV PREF",NA,"",100,"","21/01/2013 22:41",4,"AT",1,551," "," ",0,0,0,0,0,0,0,0,0,0,0,0,0,0,0,1,0,15584,"PASSOS, AV PREF",NA,"",80,"SE",1,0,"PASSOS, AV PREF 100 SAO PAULO SP",-23.5538032,-46.6272929
"1114","D011301359",62020,"FRANCISCO CASSOLA, RUA",NA,"",46,"","21/01/2013 23:05",2,"CO",22,574," "," ",2,0,0,0,0,0,0,0,0,0,0,0,0,0,0,0,0,62020,"FRANCISCO CASSOLA, RUA",NA,"",53,"MOEMA",2,0,"FRANCISCO CASSOLA, RUA 46 SAO PAULO SP",-23.4755154,-46.4267456
"1115","D011301056",8955,"IBITIRAMA, RUA",11368,"JUNDIAPEBA, RUA",0,"","21/01/2013 23:17",2,"CO",56,430," "," ",1,1,0,0,0,0,0,0,0,0,0,0,0,0,0,0,0,8955,"IBITIRAMA, RUA",11368,"JUNDIAPEBA, RUA",95,"VILA PRUDENTE",1,0,"IBITIRAMA, RUA SAO PAULO SP &  JUNDIAPEBA, RUA SAO PAULO SP",-23.5937819,-46.5790788
"1116","D011300236",6642,"ESTADO, AV DO",NA,"",8000,"","22/01/2013 03:43",2,"CH",17,938," "," ",0,1,0,1,0,0,0,0,0,0,0,0,0,0,0,0,0,6642,"ESTADO, AV DO",NA,"",9,"BOM RETIRO",1,0,"ESTADO, AV DO 8000 SAO PAULO SP",-23.586313,-46.598778
"1118","D011301644",17824,"SAPOPEMBA, AV",NA,"",11900,"","22/01/2013 05:30",2,"CO",69,1040," "," ",1,1,0,0,0,0,0,0,0,0,0,0,0,0,0,0,0,17824,"SAPOPEMBA, AV",NA,"",33,"IPIRANGA",1,0,"SAPOPEMBA, AV 11900 SAO PAULO SP",-23.6128267,-46.4939757
"1119","D011300707",17799,"SANTOS DUMONT, AV",NA,"",1318,"","22/01/2013 06:40",2,"CT",13,706," "," ",1,1,0,0,0,0,0,0,0,0,0,0,0,0,0,0,0,17799,"SANTOS DUMONT, AV",NA,"",15,"CAMPO BELO",1,0,"SANTOS DUMONT, AV 1318 SAO PAULO SP",-23.5167111,-46.6295569