"","id_acidente","codloga","logradouroA","codlogb","logradouroB","alt_num","referencia","data","cod_acid","tipo_acidente","dp","numero_BO","sentido","pista","automovel","moto","onibus","caminhao","bicicleta","moto_taxi","onibus_fretado","onibus_urbano","microonibus","van","vuc","caminhonete","carreta","jipe","outros","sem_informacao","carroca","princ_a","paiA","princ_b","paiB","cod_distrito","distrito","vit_ferida","vit_morta","local","lat","lon"
"1204","D011300363",5072,"CLELIA, RUA",NA,"",250,"","23/01/2013 11:05",2,"CT",7,531," "," ",4,0,0,0,0,0,0,0,0,0,0,0,0,0,0,0,0,5072,"CLELIA, RUA",NA,"",48,"LAPA",1,0,"CLELIA, RUA 250 SAO PAULO SP",-23.5249618,-46.6848359
"1205","D011300887",4118,"BASILIO ALVES MORANGO, RUA",NA,"",238,"","23/01/2013 11:05",2,"CO",73,381," "," ",0,1,0,0,0,0,0,0,0,0,0,1,0,0,0,0,0,4118,"BASILIO ALVES MORANGO, RUA",NA,"",94,"VILA MEDEIROS",1,0,"BASILIO ALVES MORANGO, RUA 238 SAO PAULO SP",-23.4836974,-46.5767092
"1206","D011300753",18151,"SEZEFREDO FAGUNDES, AV CEL",17990,"SENA, RUA",0,"","23/01/2013 11:30",2,"CL",20,698,"B"," ",0,1,0,0,0,0,0,0,0,0,0,1,0,0,0,0,0,17990,"SENA, RUA",18151,"SEZEFREDO FAGUNDES, AV CEL",NA,"",1,0,"SEZEFREDO FAGUNDES, AV CEL SAO PAULO SP &  SENA, RUA SAO PAULO SP",-23.4550902,-46.6022715
"1207","D011300179",534,"ALBUQUERQUE LINS, RUA DR",NA,"",555,"","23/01/2013 11:54",4,"AT",77,373," "," ",0,1,0,0,0,0,0,0,0,0,0,0,0,0,0,0,0,534,"ALBUQUERQUE LINS, RUA DR",NA,"",70,"SANTA CECILIA",1,0,"ALBUQUERQUE LINS, RUA DR 555 SAO PAULO SP",-23.5350888,-46.6560682
"1208","D011300364",4781,"CERRO CORA, RUA",NA,"",551,"","23/01/2013 12:00",2,"SI",7,536," "," ",1,1,0,0,0,0,0,0,0,0,0,0,0,0,0,0,0,4781,"CERRO CORA, RUA",NA,"",48,"LAPA",1,0,"CERRO CORA, RUA 551 SAO PAULO SP",-23.5406676,-46.7025552
"1209","D011300406",2149,"ARCOVERDE, RUA CARD",NA,"",208,"","23/01/2013 12:15",2,"CO",14,707," "," ",1,1,0,0,0,0,0,0,0,0,0,0,0,0,0,0,0,2149,"ARCOVERDE, RUA CARD",NA,"",44,"JARDIM PAULISTA",1,0,"ARCOVERDE, RUA CARD 208 SAO PAULO SP",-23.5539179,-46.6755427
"1210","D011301171",2483,"ATLANTICA ANT. ROBERT KENNEDY, AV",15405,"PAPINI, AV PROF",0,"","23/01/2013 12:33",2,"CO",48,317," "," ",0,2,0,0,0,0,0,0,0,0,0,0,0,0,0,0,0,2483,"ATLANTICA ANT. ROBERT KENNEDY, AV",15405,"PAPINI, AV PROF",23,"CIDADE DUTRA",1,0,"ATLANTICA ANT. ROBERT KENNEDY, AV SAO PAULO SP &  PAPINI, AV PROF SAO PAULO SP",-23.5505199,-46.6333094
"1211","D011300015",15635,"PAULINA, VD DONA",NA,"",100,"","23/01/2013 13:10",2,"CO",1,605," "," ",1,0,0,0,0,0,0,1,0,0,0,0,0,0,0,0,0,15635,"PAULINA, VD DONA",NA,"",80,"SE",1,0,"PAULINA, VD DONA 100 SAO PAULO SP",-23.5520568,-46.6361186
"1212","D011301285",6810,"EUSEBIO STEVAUX, AV ENG",NA,"",823,"","23/01/2013 13:20",2,"CL",99,337," "," ",1,1,0,0,0,0,0,0,0,0,0,0,0,0,0,0,0,6810,"EUSEBIO STEVAUX, AV ENG",NA,"",16,"CAMPO GRANDE",1,0,"EUSEBIO STEVAUX, AV ENG 823 SAO PAULO SP",-23.6699416,-46.7012235
"1213","D011301166",8206,"GREGORIO BEZERRA, AV",NA,"",465,"","23/01/2013 13:20",2,"CH",48,186," "," ",1,0,0,0,0,0,0,0,0,0,0,0,0,0,0,0,0,8206,"GREGORIO BEZERRA, AV",NA,"",23,"CIDADE DUTRA",1,0,"GREGORIO BEZERRA, AV 465 SAO PAULO SP",-23.7114705,-46.6871979
"1214","D011300615",61669,"ITAPAIUNA, RUA",13014,"MARGINAL DO RIO PINHEIROS, AV",0,"","23/01/2013 13:20",2,"CL",89,598," "," ",0,1,0,0,0,0,0,0,0,0,0,1,0,0,0,0,0,13014,"MARGINAL DO RIO PINHEIROS, AV",61669,"ITAPAIUNA, RUA",46,"JOSE BONIFACIO",1,0,"ITAPAIUNA, RUA SAO PAULO SP &  MARGINAL DO RIO PINHEIROS, AV SAO PAULO SP",-23.6347143,-46.7275593
"1215","D011301420",21115,"JOSE ALEXANDRE MACHADO, RUA",NA,"",498,"","23/01/2013 13:30",2,"CL",59,337," "," ",1,1,0,0,0,0,0,0,0,0,0,0,0,0,0,0,0,21115,"JOSE ALEXANDRE MACHADO, RUA",NA,"",53,"MOEMA",2,0,"JOSE ALEXANDRE MACHADO, RUA 498 SAO PAULO SP",-23.4997456,-46.4090431
"1216","D011300991",17824,"SAPOPEMBA, AV",NA,"",3800,"","23/01/2013 13:30",2,"CO",29,223," "," ",1,1,0,0,0,0,0,0,0,0,0,0,0,0,0,0,0,17824,"SAPOPEMBA, AV",NA,"",33,"IPIRANGA",1,0,"SAPOPEMBA, AV 3800 SAO PAULO SP",-23.575491,-46.5527407
"1217","D011301197",25252,"TRES CORACOES, RUA",98425,"EVOLUCAO (JD NORONHA), R",0,"","23/01/2013 13:50",4,"AT",85,447," "," ",0,1,0,0,0,0,0,0,0,0,0,0,0,0,0,0,0,25252,"TRES CORACOES, RUA",98425,"EVOLUCAO (JD NORONHA), R",30,"GRAJAU",1,0,"TRES CORACOES, RUA SAO PAULO SP &  EVOLUCAO (JD NORONHA), R SAO PAULO SP",-23.772957,-46.6768515
"1218","D011300217",6013,"DOMINGOS DE MORAIS, RUA",NA,"",2709,"","23/01/2013 14:00",4,"AT",16,1023," "," ",0,0,1,0,0,0,0,0,0,0,0,0,0,0,0,0,0,6013,"DOMINGOS DE MORAIS, RUA",NA,"",92,"VILA MARIANA",1,0,"DOMINGOS DE MORAIS, RUA 2709 SAO PAULO SP",-23.6001488,-46.6365903
"1219","D011301059",7497,"FRANCISCO MESQUITA, AV DR",19533,"VEMAG, RUA",0,"","23/01/2013 14:15",2,"CO",56,472," "," ",1,1,0,0,0,0,0,0,0,0,0,0,0,0,0,0,0,7497,"FRANCISCO MESQUITA, AV DR",19533,"VEMAG, RUA",NA,"",1,0,"FRANCISCO MESQUITA, AV DR SAO PAULO SP &  VEMAG, RUA SAO PAULO SP",-23.5924005,-46.5851483
"1220","D011301053",15047,"ORFANATO, RUA",NA,"",1800,"","23/01/2013 14:30",2,"CO",56,315," "," ",1,1,0,0,0,0,0,0,0,0,0,0,0,0,0,0,0,15047,"ORFANATO, RUA",NA,"",33,"IPIRANGA",1,0,"ORFANATO, RUA 1800 SAO PAULO SP",-23.5736848,-46.5699041
"1221","D011301196",15507,"TEOTONIO VILELA, AV SEN",NA,"",5000,"","23/01/2013 15:00",2,"CO",85,443," "," ",1,1,0,0,0,0,0,0,0,0,0,0,0,0,0,0,0,15507,"TEOTONIO VILELA, AV SEN",NA,"",23,"CIDADE DUTRA",1,0,"TEOTONIO VILELA, AV SEN 5000 SAO PAULO SP",-23.7592428,-46.7153524
"1222","D011300218",66,"ABRAAO DE MORAIS, AV PROF",43130,"LEONOR KAUPA, PCA",0,"","23/01/2013 15:30",2,"SI",16,1028," "," ",1,1,0,0,0,0,0,0,0,0,0,0,0,0,0,0,0,66,"ABRAAO DE MORAIS, AV PROF",17069,"RIBEIRO LACERDA, RUA",79,"SAUDE",1,0,"ABRAAO DE MORAIS, AV PROF SAO PAULO SP &  LEONOR KAUPA, PCA SAO PAULO SP",-23.6072122,-46.6270066
"1223","D011300594",16838,"RAIMUNDO PEREIRA DE MAGAL., AV",NA,"",4450,"","23/01/2013 15:45",2,"CO",87,408," "," ",0,0,0,0,0,0,0,0,0,0,0,2,0,0,0,0,0,16838,"RAIMUNDO PEREIRA DE MAGAL., AV",NA,"",31,"GUAIANASES",1,0,"RAIMUNDO PEREIRA DE MAGAL., AV 4450 SAO PAULO SP",-23.4899604,-46.730313
"1224","D011300779",9420,"ITABERABA, AV",NA,"",2585,"","23/01/2013 15:57",2,"CO",28,378,"B"," ",1,1,0,0,0,0,0,0,0,0,0,0,0,0,0,0,0,9420,"ITABERABA, AV",NA,"",29,"FREGUESIA DO O",1,0,"ITABERABA, AV 2585 SAO PAULO SP",-23.4838531,-46.6871767
"1225","D011300292",2235,"ARMANDO DE ARRUDA PEREIRA, AV ENG",15887,"PEDRO BUENO, AV",0,"","23/01/2013 16:23",2,"CO",35,742," "," ",0,1,0,0,0,0,0,0,0,0,0,1,0,0,0,0,0,2235,"ARMANDO DE ARRUDA PEREIRA, AV ENG",15887,"PEDRO BUENO, AV",37,"JABAQUARA",2,0,"ARMANDO DE ARRUDA PEREIRA, AV ENG SAO PAULO SP &  PEDRO BUENO, AV SAO PAULO SP",-23.6342719,-46.6414387
"1226","D011300754",351,"AGUA FRIA, AV",NA,"",999,"","23/01/2013 16:35",2,"QD",20,707," "," ",0,0,1,0,0,0,0,0,0,0,0,0,0,0,0,0,0,351,"AGUA FRIA, AV",NA,"",71,"SANTANA",1,0,"AGUA FRIA, AV 999 SAO PAULO SP",-23.479908,-46.6220622
"1227","D011300637",11780,"LEOPOLDINA, AV IMP",NA,"",1695,"","23/01/2013 17:26",4,"AT",91,565," "," ",1,0,0,0,0,0,0,0,0,0,0,0,0,0,0,0,0,11780,"LEOPOLDINA, AV IMP",NA,"",90,"VILA LEOPOLDINA",1,0,"LEOPOLDINA, AV IMP 1695 SAO PAULO SP",-23.5505199,-46.6333094
"1229","D011300536",5671,"DALVA DE OLIVEIRA, RUA",NA,"",60,"","23/01/2013 17:40",4,"AT",46,396," "," ",0,1,0,0,0,0,0,0,0,0,0,0,0,0,0,0,0,5671,"DALVA DE OLIVEIRA, RUA",NA,"",29,"FREGUESIA DO O",1,0,"DALVA DE OLIVEIRA, RUA 60 SAO PAULO SP",-23.6375953,-46.7143093
"1231","D011300114",11922,"LINS DE VASCONCELOS, AV",NA,"",757,"","23/01/2013 17:50",2,"CO",6,429," "," ",1,1,0,0,0,0,0,0,0,0,0,0,0,0,0,0,0,11922,"LINS DE VASCONCELOS, AV",NA,"",92,"VILA MARIANA",2,0,"LINS DE VASCONCELOS, AV 757 SAO PAULO SP",-23.5701708,-46.6221662
"1232","D011300366",6471,"SAO VICENTE, AV MARQ DE",NA,"",280,"","23/01/2013 18:25",4,"AT",7,570," "," ",0,0,0,0,0,0,0,1,0,0,0,0,0,0,0,0,0,6471,"SAO VICENTE, AV MARQ DE",NA,"",6,"BARRA FUNDA",1,0,"SAO VICENTE, AV MARQ DE 280 SAO PAULO SP",-23.5223972,-46.6595707
"1233","D011300811",9170,"INES, AV STA",NA,"",25000,"","23/01/2013 18:49",2,"CO",38,673," "," ",0,1,0,0,0,0,0,0,0,0,0,1,0,0,0,0,0,9170,"INES, AV STA",NA,"",51,"MANDAQUI",1,0,"INES, AV STA 25000 SAO PAULO SP",-23.4571244,-46.6487598
"1234","D011301540",2181,"ARICANDUVA, AV",NA,"",11000,"","23/01/2013 19:40",2,"CO",49,1140," "," ",2,0,0,0,0,0,0,0,0,0,0,0,0,0,0,0,0,2181,"ARICANDUVA, AV",NA,"",60,"PENHA",1,0,"ARICANDUVA, AV 11000 SAO PAULO SP",-23.5912641,-46.4766561
"1235","D011301481",12156,"LUIZ AYRES, RUA DR",NA,"",2000,"","23/01/2013 20:30",2,"CO",65,821," "," ",1,1,0,0,0,0,0,0,0,0,0,0,0,0,0,0,0,12156,"LUIZ AYRES, RUA DR",NA,"",5,"ARTUR ALVIM",1,0,"LUIZ AYRES, RUA DR 2000 SAO PAULO SP",-23.5398901,-46.4854869
"1236","D011300901",98943,"ARLEY GILBERTO DE ARAUJO, AV",NA,"",97,"","23/01/2013 20:30",4,"AT",73,809," "," ",0,1,0,0,0,0,0,0,0,0,0,0,0,0,0,0,0,98943,"ARLEY GILBERTO DE ARAUJO, AV",NA,"",83,"TREMEMBE",1,0,"ARLEY GILBERTO DE ARAUJO, AV 97 SAO PAULO SP",-23.4456324,-46.5774449
"1238","D011301005",6932,"FEIJO, AV REG",8303,"GUANDU, RUA",0,"","23/01/2013 21:35",2,"CO",30,429," "," ",1,1,0,0,0,0,0,0,0,0,0,0,0,0,0,0,0,6932,"FEIJO, AV REG",8303,"GUANDU, RUA",1,"AGUA RASA",1,0,"FEIJO, AV REG SAO PAULO SP &  GUANDU, RUA SAO PAULO SP",-23.558646,-46.569806
"1239","D011301489",72995,"JOSE FELIPE AMARAL, RUA",62589,"PAULO DE MIRANDA, RUA",0,"","23/01/2013 22:00",2,"CF",67,980," "," ",1,1,0,0,0,0,0,0,0,0,0,0,0,0,0,0,0,62589,"PAULO DE MIRANDA, RUA",72995,"JOSE FELIPE AMARAL, RUA",86,"VILA CURUCA",1,0,"JOSE FELIPE AMARAL, RUA SAO PAULO SP &  PAULO DE MIRANDA, RUA SAO PAULO SP",-23.5196298,-46.4058421
"1240","D011300475",11612,"LAUDO FERREIRA DE CAMARGO, AV MIN",NA,"",1399,"","23/01/2013 23:40",2,"CO",34,394," "," ",1,1,0,0,0,0,0,0,0,0,0,0,0,0,0,0,0,11612,"LAUDO FERREIRA DE CAMARGO, AV MIN",NA,"",13,"CACHOEIRINHA",1,0,"LAUDO FERREIRA DE CAMARGO, AV MIN 1399 SAO PAULO SP",-23.585182,-46.737995
"1241","D011301709",17820,"TITO, AV MAL",NA,"",6321,"","23/01/2013 23:46",4,"AT",50,1028," "," ",0,0,0,0,0,0,0,0,0,0,0,0,0,0,0,1,0,17820,"TITO, AV MAL",NA,"",NA,"",0,1,"TITO, AV MAL 6321 SAO PAULO SP",-23.4912146,-46.3867776
"1242","D011300163",4561,"CASTELO BRANCO, AV PRES",18197,"SILVA TELES, RUA",0,"","24/01/2013 04:20",2,"QM",12,489," "," ",0,1,0,0,0,0,0,0,0,0,0,0,0,0,0,0,0,4561,"CASTELO BRANCO, AV PRES",18197,"SILVA TELES, RUA",8,"BELEM",1,0,"CASTELO BRANCO, AV PRES SAO PAULO SP &  SILVA TELES, RUA SAO PAULO SP",-23.5216047,-46.6390428
"1243","D011301154",17772,"SANT'ANNA, AV COMEN",NA,"",780,"","24/01/2013 05:00",2,"CO",47,978," "," ",0,1,1,0,0,0,0,0,0,0,0,0,0,0,0,0,0,17772,"SANT'ANNA, AV COMEN",NA,"",29,"FREGUESIA DO O",1,0,"SANT'ANNA, AV COMEN 780 SAO PAULO SP",-23.5186813,-46.6999583
"1244","D011300184",8023,"GLETE, AL",NA,"",433,"","24/01/2013 05:40",2,"QD",77,769," "," ",0,0,0,0,0,0,0,1,0,0,0,0,0,0,0,0,0,8023,"GLETE, AL",NA,"",70,"SANTA CECILIA",1,0,"GLETE, AL 433 SAO PAULO SP",-23.534063,-46.6449484
"1245","D011300051",19177,"TRIUNFO, RUA DO",NA,"",172,"","24/01/2013 06:03",4,"AT",3,679," "," ",0,0,1,0,0,0,0,0,0,0,0,0,0,0,0,0,0,19177,"TRIUNFO, RUA DO",NA,"",5,"ARTUR ALVIM",1,0,"TRIUNFO, RUA DO 172 SAO PAULO SP",-23.5365605,-46.6379543
"1249","D011300268",999,"SANTO AMARO, AV",7791,"GABRIELE D'ANNUNZIO, RUA",0,"","24/01/2013 07:30",4,"AT",27,834," "," ",0,1,0,0,0,0,0,0,0,0,0,0,0,0,0,0,0,999,"SANTO AMARO, AV",13878,"MICHIGAN, RUA",34,"ITAIM BIBI",1,0,"SANTO AMARO, AV SAO PAULO SP &  GABRIELE D'ANNUNZIO, RUA SAO PAULO SP",-23.614288,-46.6791208
"1250","D011301007",18068,"SERRA DE BRAGANCA, RUA",14178,"MONTE SERRAT, RUA",0,"","24/01/2013 07:38",4,"AT",30,476," "," ",1,0,0,0,0,0,0,0,0,0,0,0,0,0,0,0,0,14178,"MONTE SERRAT, RUA",18068,"SERRA DE BRAGANCA, RUA",82,"TATUAPE",2,0,"SERRA DE BRAGANCA, RUA SAO PAULO SP &  MONTE SERRAT, RUA SAO PAULO SP",-23.5449429,-46.5682309
"1251","D011300294",2235,"ARMANDO DE ARRUDA PEREIRA, AV ENG",NA,"",357,"","24/01/2013 07:40",2,"CO",35,764," "," ",1,1,0,0,0,0,0,0,0,0,0,0,0,0,0,0,0,2235,"ARMANDO DE ARRUDA PEREIRA, AV ENG",NA,"",37,"JABAQUARA",1,0,"ARMANDO DE ARRUDA PEREIRA, AV ENG 357 SAO PAULO SP",-23.6325401,-46.6455223
"1252","D011300479",14267,"MORUMBI, AV",11687,"LEBRET, AV PDE",0,"","24/01/2013 08:00",2,"CO",34,485," "," ",1,1,0,0,0,0,0,0,0,0,0,0,0,0,0,0,0,11687,"LEBRET, AV PDE",14267,"MORUMBI, AV",55,"MORUMBI",2,0,"MORUMBI, AV SAO PAULO SP &  LEBRET, AV PDE SAO PAULO SP",-23.5871012,-46.7059801
"1253","D011301233",2208,"ARISTODEMO GAZZOTTI, RUA",11242,"JOSEFINA MORETTI, RUA",0,"","24/01/2013 08:10",2,"CO",92,531," "," ",1,1,0,0,0,0,0,0,0,0,0,0,0,0,0,0,0,2208,"ARISTODEMO GAZZOTTI, RUA",11242,"JOSEFINA MORETTI, RUA",45,"JARDIM SAO LUIS",1,0,"ARISTODEMO GAZZOTTI, RUA SAO PAULO SP &  JOSEFINA MORETTI, RUA SAO PAULO SP",-23.6462925,-46.7402517
"1254","D011300033",17799,"SANTOS DUMONT, AV",NA,"",250,"","24/01/2013 08:20",2,"CO",2,440," "," ",1,1,0,0,0,0,0,0,0,0,0,0,0,0,0,0,0,17799,"SANTOS DUMONT, AV",NA,"",15,"CAMPO BELO",1,0,"SANTOS DUMONT, AV 250 SAO PAULO SP",-23.5071372,-46.6286793
"1255","D011300296",19907,"VALDOMIRO DE LIMA, AV GAL",NA,"",286,"","24/01/2013 08:30",4,"AT",35,843," "," ",1,0,0,0,0,0,0,0,0,0,0,0,0,0,0,0,0,19907,"VALDOMIRO DE LIMA, AV GAL",NA,"",42,"JARDIM ANGELA",1,0,"VALDOMIRO DE LIMA, AV GAL 286 SAO PAULO SP",-23.6394033,-46.6438247
"1256","D011300269",15887,"PEDRO BUENO, AV",NA,"",936,"","24/01/2013 09:18",2,"CO",27,843," "," ",0,1,0,0,0,0,0,0,0,0,0,1,0,0,0,0,0,15887,"PEDRO BUENO, AV",NA,"",30,"GRAJAU",1,0,"PEDRO BUENO, AV 936 SAO PAULO SP",-23.6369282,-46.6517974
"1257","D011300365",19102,"TRAJANO, RUA",13810,"MELVIN JONES, PCA",0,"","24/01/2013 09:20",4,"AT",7,564," "," ",0,1,0,0,0,0,0,0,0,0,0,0,0,0,0,0,0,13810,"MELVIN JONES, PCA",14698,"LAPA, RUA NSRA DA",48,"LAPA",1,0,"TRAJANO, RUA SAO PAULO SP &  MELVIN JONES, PCA SAO PAULO SP",-23.5216568,-46.7017357
"1258","D011300622",17520,"HERBERT SPENCER, RUA",NA,"",1904,"","24/01/2013 09:30",4,"AT",89,962," "," ",1,0,0,0,0,0,0,0,0,0,0,0,0,0,0,0,0,17520,"HERBERT SPENCER, RUA",NA,"",13,"CACHOEIRINHA",1,0,"HERBERT SPENCER, RUA 1904 SAO PAULO SP",-23.6152008,-46.7303257
"1259","D011300367",17086,"RICARDO MEDINA FILHO, AV",NA,"",333,"","24/01/2013 10:15",2,"CH",7,572," "," ",3,0,0,0,0,0,0,0,0,0,0,0,0,0,0,0,0,17086,"RICARDO MEDINA FILHO, AV",NA,"",14,"CAMBUCI",1,0,"RICARDO MEDINA FILHO, AV 333 SAO PAULO SP",-23.5313292,-46.7062582
"1260","D011301286",14743,"SABARA, AV NSRA DO",NA,"",3975,"","24/01/2013 11:00",2,"CO",99,353," "," ",1,1,0,0,0,0,0,0,0,0,0,0,0,0,0,0,0,14743,"SABARA, AV NSRA DO",NA,"",16,"CAMPO GRANDE",1,0,"SABARA, AV NSRA DO 3975 SAO PAULO SP",-23.5505199,-46.6333094
"1261","D011300195",6651,"ESTADOS UNIDOS, RUA",2497,"AUGUSTA, RUA",0,"","24/01/2013 11:05",2,"CO",78,623,"C"," ",1,1,0,0,0,0,0,0,0,0,0,0,0,0,0,0,0,2497,"AUGUSTA, RUA",6651,"ESTADOS UNIDOS, RUA",44,"JARDIM PAULISTA",1,0,"ESTADOS UNIDOS, RUA SAO PAULO SP &  AUGUSTA, RUA SAO PAULO SP",-23.5712648,-46.6634934
"1262","D011300333",9349,"FRATERNO DE MELO ALMADA, RUA",NA,"",35,"","24/01/2013 11:30",2,"CO",95,335," "," ",1,1,0,0,0,0,0,0,0,0,0,0,0,0,0,0,0,9349,"FRATERNO DE MELO ALMADA, RUA",NA,"",18,"CANGAIBA",1,0,"FRATERNO DE MELO ALMADA, RUA 35 SAO PAULO SP",-23.6278451,-46.5936136
"1263","D011300617",8000,"GIOVANNI GRONCHI, AV",NA,"",4363,"","24/01/2013 11:55",4,"AT",89,626," "," ",1,0,0,0,0,0,0,0,0,0,0,0,0,0,0,0,0,8000,"GIOVANNI GRONCHI, AV",NA,"",55,"MORUMBI",1,0,"GIOVANNI GRONCHI, AV 4363 SAO PAULO SP",-23.6182165,-46.7320878
"1264","D011301517",10503,"JOAO XXIII, AV",NA,"",1500,"","24/01/2013 12:18",2,"CF",41,202,"B"," ",2,0,0,1,0,0,0,0,0,0,0,0,0,0,0,0,0,10503,"JOAO XXIII, AV",NA,"",4,"ARICANDUVA",1,0,"JOAO XXIII, AV 1500 SAO PAULO SP",-23.5689969,-46.5280173
"1265","D011301596",17824,"SAPOPEMBA, AV",NA,"",25826,"","24/01/2013 12:50",4,"AT",55,424," "," ",1,0,0,0,0,0,0,0,0,0,0,0,0,0,0,0,0,17824,"SAPOPEMBA, AV",NA,"",33,"IPIRANGA",1,0,"SAPOPEMBA, AV 25826 SAO PAULO SP",-23.6228321,-46.4438559
"1266","D011300537",18262,"SILVIO DE CAMPOS, AV DR",NA,"",428,"","24/01/2013 13:10",4,"AT",46,417," "," ",0,1,0,0,0,0,0,0,0,0,0,0,0,0,0,0,0,18262,"SILVIO DE CAMPOS, AV DR",NA,"",NA,"",1,0,"SILVIO DE CAMPOS, AV DR 428 SAO PAULO SP",-23.4070651,-46.7587658
"1267","D011300368",4561,"CASTELO BRANCO, AV PRES",NA,"",8000,"","24/01/2013 13:10",2,"CO",7,578," "," ",0,1,0,0,0,0,0,0,0,0,0,1,0,0,0,0,0,29772,"MARGINAL DO RIO TIETE, AV",NA,"",6,"BARRA FUNDA",1,0,"CASTELO BRANCO, AV PRES 8000 SAO PAULO SP",-23.5108054,-46.6853028
"1268","D011300356",16903,"RAUL POMPEIA, RUA",NA,"",1937,"","24/01/2013 13:23",2,"CT",7,163," "," ",1,1,0,0,0,0,0,0,0,0,0,0,0,0,0,0,0,16903,"RAUL POMPEIA, RUA",NA,"",19,"CAPAO REDONDO",2,0,"RAUL POMPEIA, RUA 1937 SAO PAULO SP",-23.5350571,-46.6912646
"1269","D011300115",17083,"RICARDO JAFET, AV DR",NA,"",1700,"","24/01/2013 13:30",2,"CO",6,456," "," ",1,1,0,0,0,0,0,0,0,0,0,0,0,0,0,0,0,17083,"RICARDO JAFET, AV DR",NA,"",37,"JABAQUARA",1,0,"RICARDO JAFET, AV DR 1700 SAO PAULO SP",-23.5939361,-46.6213098
"1270","D011301410",16703,"MANUEL RODRIGUES SANTIAGO, RUA",NA,"",180,"","24/01/2013 13:35",2,"SI",50,1016," "," ",1,0,0,0,0,0,0,1,0,0,0,0,0,0,0,0,0,16703,"MANUEL RODRIGUES SANTIAGO, RUA",NA,"",54,"MOOCA",1,0,"MANUEL RODRIGUES SANTIAGO, RUA 180 SAO PAULO SP",-23.517729,-46.3856209
"1272","D011301234",16053,"JOSE BARROS MAGALDI, RUA",NA,"",1166,"","24/01/2013 14:00",2,"SI",92,547," "," ",1,1,0,0,0,0,0,0,0,0,0,0,0,0,0,0,0,16053,"JOSE BARROS MAGALDI, RUA",NA,"",32,"IGUATEMI",1,0,"JOSE BARROS MAGALDI, RUA 1166 SAO PAULO SP",-23.6674182,-46.7379778
"1273","D011300082",989,"AMARAL GURGEL, RUA",13167,"MARIA BORBA, RUA",0,"","24/01/2013 14:00",2,"CH",4,628," "," ",0,1,0,0,0,0,0,0,0,0,0,0,0,0,0,0,0,989,"AMARAL GURGEL, RUA",13167,"MARIA BORBA, RUA",67,"REPUBLICA",1,0,"AMARAL GURGEL, RUA SAO PAULO SP &  MARIA BORBA, RUA SAO PAULO SP",-23.5419473,-46.6475939
"1274","D011301008",185,"ADELINO, RUA PDE",NA,"",2667,"","24/01/2013 15:05",2,"CO",30,500," "," ",2,1,0,0,0,0,0,0,0,0,0,0,0,0,0,0,0,185,"ADELINO, RUA PDE",NA,"",8,"BELEM",1,0,"ADELINO, RUA PDE 2667 SAO PAULO SP",-23.5505199,-46.6333094
"1275","D011300538",20291,"TURISTICA DO JARAGUA, ES",37746,"JOSE DE MATOS, RUA COMEN",0,"","24/01/2013 15:15",2,"CO",46,423," "," ",1,1,0,0,0,0,0,0,0,0,0,0,0,0,0,0,0,20291,"TURISTICA DO JARAGUA, ES",37746,"JOSE DE MATOS, RUA COMEN",41,"JARAGUA",1,0,"TURISTICA DO JARAGUA, ES SAO PAULO SP &  JOSE DE MATOS, RUA COMEN SAO PAULO SP",-23.5505199,-46.6333094
"1276","D011300196",3581,"BRASIL, AV",2484,"ATLANTICA, RUA",0,"","24/01/2013 15:40",2,"CO",78,639," "," ",2,0,0,0,0,0,0,0,0,0,0,0,0,0,0,0,0,2484,"ATLANTICA, RUA",3581,"BRASIL, AV",44,"JARDIM PAULISTA",2,0,"BRASIL, AV SAO PAULO SP &  ATLANTICA, RUA SAO PAULO SP",-21.4863218,-47.3631133
"1277","D011301705",18370,"SOARES NEIVA, RUA TTCEL",NA,"",314,"","24/01/2013 16:30",4,"AT",31,449," "," ",1,0,0,0,0,0,0,0,0,0,0,0,0,0,0,0,0,18370,"SOARES NEIVA, RUA TTCEL",NA,"",NA,"",0,1,"SOARES NEIVA, RUA TTCEL 314 SAO PAULO SP",-23.5505199,-46.6333094
"1278","D011301467",21253,"AGUIA DE HAIA, AV",NA,"",162,"","24/01/2013 16:51",4,"AT",64,856," "," ",0,0,0,0,0,0,0,0,0,0,0,0,0,0,0,1,0,21253,"AGUIA DE HAIA, AV",NA,"",0,"NULL",1,0,"AGUIA DE HAIA, AV 162 SAO PAULO SP",-23.5393932,-46.4827731
"1280","D011301639",73046,"MANUEL QUIRINO DE MATTOS, RUA",NA,"",1200,"","24/01/2013 17:26",2,"QM",69,813," "," ",0,0,0,0,1,0,0,0,0,0,0,0,0,0,0,0,0,73046,"MANUEL QUIRINO DE MATTOS, RUA",NA,"",78,"SAPOPEMBA",1,0,"MANUEL QUIRINO DE MATTOS, RUA 1200 SAO PAULO SP",-23.6088119,-46.4932846
"1283","D011301044",13805,"MELO PEIXOTO, RUA",NA,"",998,"","24/01/2013 18:40",2,"CL",52,720," "," ",0,1,0,0,0,0,0,0,0,0,0,1,0,0,0,0,0,13805,"MELO PEIXOTO, RUA",NA,"",82,"TATUAPE",1,0,"MELO PEIXOTO, RUA 998 SAO PAULO SP",-23.5375444,-46.5645835