"","id_acidente","codloga","logradouroA","codlogb","logradouroB","alt_num","referencia","data","cod_acid","tipo_acidente","dp","numero_BO","sentido","pista","automovel","moto","onibus","caminhao","bicicleta","moto_taxi","onibus_fretado","onibus_urbano","microonibus","van","vuc","caminhonete","carreta","jipe","outros","sem_informacao","carroca","princ_a","paiA","princ_b","paiB","cod_distrito","distrito","vit_ferida","vit_morta","local","lat","lon"
"1284","D011300429",12165,"LUIS ANTONIO, AV BRIG",NA,"",5013,"","24/01/2013 18:50",2,"CO",15,431," "," ",1,1,0,0,0,0,0,0,0,0,0,0,0,0,0,0,0,12165,"LUIS ANTONIO, AV BRIG",NA,"",7,"BELA VISTA",1,0,"LUIS ANTONIO, AV BRIG 5013 SAO PAULO SP",-23.5838989,-46.6693099
"1285","D011300480",7500,"FRANCISCO MORATO, AV PROF",NA,"",3000,"","24/01/2013 18:50",2,"CO",34,500," "," ",1,1,0,0,0,0,0,0,0,0,0,0,0,0,0,0,0,7500,"FRANCISCO MORATO, AV PROF",NA,"",12,"BUTANTA",1,0,"FRANCISCO MORATO, AV PROF 3000 SAO PAULO SP",-23.5877362,-46.7268011
"1286","D011300408",2149,"ARCOVERDE, RUA CARD",NA,"",121,"","24/01/2013 18:50",4,"AT",14,753," "," ",1,0,0,0,0,0,0,0,0,0,0,0,0,0,0,0,0,2149,"ARCOVERDE, RUA CARD",NA,"",44,"JARDIM PAULISTA",1,0,"ARCOVERDE, RUA CARD 121 SAO PAULO SP",-23.5535551,-46.6747418
"1289","D011301661",17824,"SAPOPEMBA, AV",NA,"",8700,"","24/01/2013 19:30",4,"AT",70,817,"C"," ",0,1,0,0,0,0,0,0,0,0,0,0,0,0,0,0,0,17824,"SAPOPEMBA, AV",NA,"",33,"IPIRANGA",1,0,"SAPOPEMBA, AV 8700 SAO PAULO SP",-23.5990235,-46.5163698
"1290","D011300489",12502,"MAGALHAES DE CASTRO, AV",NA,"",12000,"","24/01/2013 19:30",2,"CO",34,663," "," ",1,1,0,0,0,0,0,0,0,0,0,0,0,0,0,0,0,13014,"MARGINAL DO RIO PINHEIROS, AV",NA,"",12,"BUTANTA",1,0,"MAGALHAES DE CASTRO, AV 12000 SAO PAULO SP",-23.612792,-46.7009294
"1291","D011301605",17824,"SAPOPEMBA, AV",NA,"",23000,"","24/01/2013 20:00",2,"CF",55,1193," "," ",1,1,0,0,0,0,0,0,0,0,0,0,0,0,0,0,0,17824,"SAPOPEMBA, AV",NA,"",33,"IPIRANGA",2,0,"SAPOPEMBA, AV 23000 SAO PAULO SP",-23.6228321,-46.4438559
"1292","D011300708",21876,"CAMPO DE BAGATELLE, PCA",27187,"OLAVO FONTOURA, AV",0,"","24/01/2013 20:00",2,"CO",13,801," "," ",1,1,0,0,0,0,0,0,0,0,0,0,0,0,0,0,0,21876,"CAMPO DE BAGATELLE, PCA",27187,"OLAVO FONTOURA, AV",71,"SANTANA",1,0,"CAMPO DE BAGATELLE, PCA SAO PAULO SP &  OLAVO FONTOURA, AV SAO PAULO SP",-23.5153686,-46.6292336
"1293","D011300954",6371,"ELISABETH DE ROBIANO, AV CDSSA",NA,"",1400,"","24/01/2013 20:00",2,"CO",10,950," "," ",1,1,0,0,0,0,0,0,0,0,0,0,0,0,0,0,0,29772,"MARGINAL DO RIO TIETE, AV",NA,"",82,"TATUAPE",1,0,"ELISABETH DE ROBIANO, AV CDSSA 1400 SAO PAULO SP",-23.5076424,-46.5495997
"1294","D011301247",35858,"GUIDO CALOI, AV",NA,"",25,"","24/01/2013 20:30",2,"QM",92,1004," "," ",0,1,0,0,0,0,0,0,0,0,0,0,0,0,0,0,0,35858,"GUIDO CALOI, AV",NA,"",32,"IGUATEMI",1,0,"GUIDO CALOI, AV 25 SAO PAULO SP",-23.644991,-46.727435
"1295","D011300315",14251,"MORGADO DE MATEUS, RUA",NA,"",333,"","24/01/2013 20:46",2,"CO",36,861," "," ",2,0,0,0,0,0,0,0,0,0,0,0,0,0,0,0,0,14251,"MORGADO DE MATEUS, RUA",NA,"",9,"BOM RETIRO",2,0,"MORGADO DE MATEUS, RUA 333 SAO PAULO SP",-23.5862658,-46.6450464
"1296","D011301587",40369,"FIDELIS, ES DOS",NA,"",126,"","24/01/2013 21:00",4,"AT",54,1206," "," ",0,1,0,0,0,0,0,0,0,0,0,0,0,0,0,0,0,40369,"FIDELIS, ES DOS",NA,"",32,"IGUATEMI",1,0,"FIDELIS, ES DOS 126 SAO PAULO SP",-23.5505199,-46.6333094
"1297","D011300034",7216,"FLORES, RUA GAL",18412,"SOLON, RUA",0,"","24/01/2013 21:30",2,"CO",2,451," "," ",0,2,0,0,0,0,0,0,0,0,0,0,0,0,0,0,0,7216,"FLORES, RUA GAL",18412,"SOLON, RUA",9,"BOM RETIRO",1,0,"FLORES, RUA GAL SAO PAULO SP &  SOLON, RUA SAO PAULO SP",-23.5236353,-46.6426871
"1298","D011301401",18940,"TIBURCIO DE SOUSA, RUA",NA,"",900,"","24/01/2013 22:30",2,"QM",50,572," "," ",0,1,0,0,0,0,0,0,0,0,0,0,0,0,0,0,0,18940,"TIBURCIO DE SOUSA, RUA",NA,"",35,"ITAIM PAULISTA",2,0,"TIBURCIO DE SOUSA, RUA 900 SAO PAULO SP",-23.505002,-46.3965113
"1299","D011301621",23678,"ALZIRO ZARUR, AV",NA,"",200,"","24/01/2013 22:30",2,"CO",66,424," "," ",2,0,0,0,0,0,0,0,0,0,0,0,0,0,0,0,0,23678,"ALZIRO ZARUR, AV",NA,"",0,"NULL",1,0,"ALZIRO ZARUR, AV 200 SAO PAULO SP",-23.5619497,-46.4828707
"1300","D011300409",2149,"ARCOVERDE, RUA CARD",5596,"CUNHA GAGO, RUA",0,"","24/01/2013 23:05",4,"AT",14,765," "," ",0,0,1,0,0,0,0,0,0,0,0,0,0,0,0,0,0,2149,"ARCOVERDE, RUA CARD",5596,"CUNHA GAGO, RUA",26,"CONSOLACAO",1,0,"ARCOVERDE, RUA CARD SAO PAULO SP &  CUNHA GAGO, RUA SAO PAULO SP",-23.5692822,-46.694879
"1301","D011300968",15304,"PAES DE BARROS, AV",NA,"",134,"","24/01/2013 23:10",2,"CH",18,506," "," ",1,0,0,0,0,0,0,0,0,0,0,0,0,0,0,0,0,15304,"PAES DE BARROS, AV",NA,"",16,"CAMPO GRANDE",1,0,"PAES DE BARROS, AV 134 SAO PAULO SP",-23.5566825,-46.6003881
"1302","D011300324",62965,"MEMORIAL DE AIRES, RUA",NA,"",302,"","24/01/2013 23:50",4,"AT",83,683," "," ",0,0,0,0,0,0,0,0,0,0,0,0,0,0,0,1,0,62965,"MEMORIAL DE AIRES, RUA",NA,"",69,"SACOMA",1,0,"MEMORIAL DE AIRES, RUA 302 SAO PAULO SP",-23.6521801,-46.611031
"1303","D011300597",28906,"MANOEL BARBOSA, RUA",NA,"",200,"","25/01/2013 00:05",2,"SI",87,773," "," ",1,0,0,0,0,0,0,0,0,0,0,1,0,0,0,0,0,28906,"MANOEL BARBOSA, RUA",NA,"",4,"ARICANDUVA",3,0,"MANOEL BARBOSA, RUA 200 SAO PAULO SP",-23.4885174,-46.712451
"1304","D011300638",20600,"ERNESTO IGEL, AV",NA,"",48,"","25/01/2013 00:35",2,"CO",91,625," "," ",1,1,0,0,0,0,0,0,0,0,0,0,0,0,0,0,0,20600,"ERNESTO IGEL, AV",NA,"",14,"CAMBUCI",1,0,"ERNESTO IGEL, AV 48 SAO PAULO SP",-23.5169552,-46.7268604
"1305","D011301394",9806,"PIRES DO RIO, AV",NA,"",2841,"","25/01/2013 01:10",2,"CO",32,614," "," ",0,0,0,0,0,0,0,0,0,0,0,0,0,0,0,2,0,9806,"PIRES DO RIO, AV",NA,"",76,"SAO MIGUEL",1,0,"PIRES DO RIO, AV 2841 SAO PAULO SP",-23.5192316,-46.4439276
"1306","D011301735",7742,"CATLEIAS, RUA",NA,"",100,"","25/01/2013 01:30",4,"AT",53,703," "," ",1,0,0,0,0,0,0,0,0,0,0,0,0,0,0,0,0,7742,"CATLEIAS, RUA",NA,"",NA,"",0,1,"CATLEIAS, RUA 100 SAO PAULO SP",-23.4917009,-46.4537703
"1307","D011300987",7645,"FRONTIN, AV CD DE",NA,"",2000,"","25/01/2013 01:31",2,"QM",21,952," "," ",0,1,0,0,0,0,0,0,0,0,0,0,0,0,0,0,0,7645,"FRONTIN, AV CD DE",NA,"",93,"VILA MATILDE",2,0,"FRONTIN, AV CD DE 2000 SAO PAULO SP",-23.5505199,-46.6333094
"1308","D011301378",10982,"JOSE GARCIA TERRA, RUA",NA,"",170,"","25/01/2013 01:39",2,"CO",24,862," "," ",1,1,0,0,0,0,0,0,0,0,0,0,0,0,0,0,0,10982,"JOSE GARCIA TERRA, RUA",NA,"",65,"PONTE RASA",1,0,"JOSE GARCIA TERRA, RUA 170 SAO PAULO SP",-23.5160637,-46.49737
"1309","D011300915",70128,"LITORAL PARANAENSE, RUA",16838,"RAIMUNDO PEREIRA DE MAGAL., AV",0,"","25/01/2013 02:30",2,"CO",74,706," "," ",1,1,0,0,0,0,0,0,0,0,0,0,0,0,0,0,0,5350,"CORREDOR, ES DO",16838,"RAIMUNDO PEREIRA DE MAGAL., AV",41,"JARAGUA",2,0,"LITORAL PARANAENSE, RUA SAO PAULO SP &  RAIMUNDO PEREIRA DE MAGAL., AV SAO PAULO SP",-23.4470623,-46.7222848
"1310","D011300941",954,"AMADOR BUENO DA VEIGA, AV",NA,"",2155,"","25/01/2013 03:00",2,"CH",10,281," "," ",1,0,0,0,0,0,0,0,0,0,0,0,0,0,0,0,0,954,"AMADOR BUENO DA VEIGA, AV",NA,"",60,"PENHA",1,0,"AMADOR BUENO DA VEIGA, AV 2155 SAO PAULO SP",-23.5225036,-46.5250118
"1311","D011300830",2455,"ATALIBA LEONEL, AV GAL",NA,"",3714,"","25/01/2013 03:00",2,"CH",39,347," "," ",1,0,0,0,0,0,0,0,0,0,0,0,0,0,0,0,0,2455,"ATALIBA LEONEL, AV GAL",NA,"",88,"VILA GUILHERME",1,0,"ATALIBA LEONEL, AV GAL 3714 SAO PAULO SP",-23.4852335,-46.6039615
"1312","D011300562",13019,"ESCOLA POLITECNICA, AV",NA,"",2157,"","25/01/2013 03:05",2,"CH",51,605," "," ",1,0,0,0,0,0,0,0,0,0,0,0,0,0,0,0,0,13019,"ESCOLA POLITECNICA, AV",NA,"",40,"JAGUARE",1,0,"ESCOLA POLITECNICA, AV 2157 SAO PAULO SP",-23.5690808,-46.7580635
"1313","D011300481",7500,"FRANCISCO MORATO, AV PROF",NA,"",939,"","25/01/2013 03:28",2,"CO",34,504," "," ",1,1,0,0,0,0,0,0,0,0,0,0,0,0,0,0,0,7500,"FRANCISCO MORATO, AV PROF",NA,"",12,"BUTANTA",2,0,"FRANCISCO MORATO, AV PROF 939 SAO PAULO SP",-23.5792975,-46.7099027
"1314","D011300852",6450,"EMILIO CARLOS, AV DEP",NA,"",1012,"","25/01/2013 04:00",2,"CH",40,344," "," ",1,0,0,0,0,0,0,0,0,0,0,0,0,0,0,0,0,6450,"EMILIO CARLOS, AV DEP",NA,"",50,"LIMAO",2,0,"EMILIO CARLOS, AV DEP 1012 SAO PAULO SP",-23.4966987,-46.6762526
"1316","D011300482",855,"ALVARENGA, RUA",NA,"",624,"","25/01/2013 04:30",2,"CH",34,507," "," ",1,0,0,0,0,0,0,0,0,0,0,0,0,0,0,0,0,855,"ALVARENGA, RUA",NA,"",55,"MORUMBI",6,0,"ALVARENGA, RUA 624 SAO PAULO SP",-23.5762918,-46.7102306
"1317","D011301433",16490,"PONTE RASA, RUA",NA,"",100,"","25/01/2013 04:30",2,"CH",62,365," "," ",1,0,0,0,0,0,0,0,0,0,0,0,0,0,0,0,0,16490,"PONTE RASA, RUA",NA,"",0,"NULL",4,0,"PONTE RASA, RUA 100 SAO PAULO SP",-23.5108794,-46.4903626
"1318","D011300181",1356,"ANGELICA, AV",NA,"",160,"","25/01/2013 05:00",4,"AT",77,395," "," ",0,0,0,0,0,0,0,0,0,0,0,0,0,0,0,1,0,1356,"ANGELICA, AV",NA,"",70,"SANTA CECILIA",1,0,"ANGELICA, AV 160 SAO PAULO SP",-23.534279,-46.6536762
"1319","D011301126",37964,"BARRAGEM, ES DA",NA,"",3414,"","25/01/2013 05:30",2,"CF",25,220,"C"," ",0,1,0,0,0,0,0,0,0,0,0,1,0,0,0,0,0,37964,"BARRAGEM, ES DA",NA,"",76,"SAO MIGUEL",1,0,"BARRAGEM, ES DA 3414 SAO PAULO SP",-23.5505199,-46.6333094
"1320","D011301133",12107,"JOSE NABANTINO RAMOS, RUA",NA,"",96,"","25/01/2013 06:35",2,"CH",43,107," "," ",1,0,0,0,0,0,0,0,0,0,0,0,0,0,0,0,0,12107,"JOSE NABANTINO RAMOS, RUA",NA,"",29,"FREGUESIA DO O",1,0,"JOSE NABANTINO RAMOS, RUA 96 SAO PAULO SP",-23.6556905,-46.6761664
"1321","D011301565",16173,"PESSEGO, ES DO",NA,"",2750,"","25/01/2013 06:45",2,"CT",53,545," "," ",2,0,0,0,0,0,0,0,0,0,0,0,0,0,0,0,0,16173,"PESSEGO, ES DO",NA,"",0,"NULL",1,0,"PESSEGO, ES DO 2750 SAO PAULO SP",-23.5505199,-46.6333094
"1322","D011300132",185,"ADELINO, RUA PDE",NA,"",600,"","25/01/2013 07:05",2,"CH",8,639," "," ",2,0,0,0,0,0,0,0,0,0,0,0,0,0,0,0,0,185,"ADELINO, RUA PDE",NA,"",8,"BELEM",1,0,"ADELINO, RUA PDE 600 SAO PAULO SP",-23.5505199,-46.6333094
"1323","D011301198",15507,"TEOTONIO VILELA, AV SEN",NA,"",6710,"","25/01/2013 07:11",2,"CH",85,481,"B"," ",1,0,0,0,0,0,0,0,0,0,0,0,0,0,0,0,0,15507,"TEOTONIO VILELA, AV SEN",NA,"",23,"CIDADE DUTRA",3,0,"TEOTONIO VILELA, AV SEN 6710 SAO PAULO SP",-23.7592829,-46.7153533
"1324","D011300285",66,"ABRAAO DE MORAIS, AV PROF",NA,"",2500,"","25/01/2013 07:30",2,"SI",35,256," "," ",0,1,0,0,0,0,0,0,0,0,0,0,0,0,0,0,0,66,"ABRAAO DE MORAIS, AV PROF",NA,"",79,"SAUDE",1,0,"ABRAAO DE MORAIS, AV PROF 2500 SAO PAULO SP",-23.6071308,-46.6273064
"1325","D011300523",46890,"ALEXIOS JAFET (ESTR.CAMPINAS), AV",NA,"",385,"","25/01/2013 08:15",2,"SI",46,169," "," ",0,1,0,0,0,0,0,0,0,0,0,1,0,0,0,0,0,46890,"ALEXIOS JAFET (ESTR.CAMPINAS), AV",NA,"",41,"JARAGUA",1,0,"ALEXIOS JAFET (ESTR.CAMPINAS), AV 385 SAO PAULO SP",-23.565266,-46.6525706
"1326","D011300240",43154,"TANCREDO NEVES, AV PRES",NA,"",1200,"","25/01/2013 08:37",2,"CO",26,260," "," ",1,1,0,0,0,0,0,0,0,0,0,0,0,0,0,0,0,43154,"TANCREDO NEVES, AV PRES",NA,"",18,"CANGAIBA",1,0,"TANCREDO NEVES, AV PRES 1200 SAO PAULO SP",-23.6126994,-46.6079325
"1328","D011301524",72670,"INACIO MONTEIRO, RUA",NA,"",420,"","25/01/2013 08:58",2,"CF",44,260," "," ",2,0,0,0,0,0,0,0,0,0,0,0,0,0,0,0,0,72670,"INACIO MONTEIRO, RUA",NA,"",50,"LIMAO",1,0,"INACIO MONTEIRO, RUA 420 SAO PAULO SP",-23.5642452,-46.4113272
"1329","D011301541",46304,"TRISTEZA DO JECA, TV",NA,"",307,"","25/01/2013 11:52",2,"QM",49,1210," "," ",0,1,0,0,0,0,0,0,0,0,0,0,0,0,0,0,0,46304,"TRISTEZA DO JECA, TV",NA,"",32,"IGUATEMI",1,0,"TRISTEZA DO JECA, TV 307 SAO PAULO SP",-23.6101873,-46.4417345
"1330","D011300778",27358,"FUAD LUTFALLA, AV",NA,"",420,"","25/01/2013 12:27",2,"QM",28,356," "," ",0,1,0,0,0,0,0,0,0,0,0,0,0,0,0,0,0,27358,"FUAD LUTFALLA, AV",NA,"",4,"ARICANDUVA",1,0,"FUAD LUTFALLA, AV 420 SAO PAULO SP",-23.4860538,-46.7104932
"1331","D011301354",21594,"KUMAKI AOKI, AV",NA,"",364,"","25/01/2013 12:50",4,"AT",22,454," "," ",0,1,0,0,0,0,0,0,0,0,0,0,0,0,0,0,0,21594,"KUMAKI AOKI, AV",NA,"",53,"MOEMA",2,0,"KUMAKI AOKI, AV 364 SAO PAULO SP",-23.4803696,-46.4260398
"1332","D011301379",9083,"IMPATA, RUA",14393,"NAME, RUA",0,"","25/01/2013 13:00",2,"CO",24,878,"B"," ",1,1,0,0,0,0,0,0,0,0,0,0,0,0,0,0,0,9083,"IMPATA, RUA",14393,"NAME, RUA",60,"PENHA",1,0,"IMPATA, RUA SAO PAULO SP &  NAME, RUA SAO PAULO SP",-23.5249542,-46.5013914
"1333","D011300295",3585,"JOAO BARRETO DE MENEZES, AV",8816,"GUSTAVO DA SILVEIRA, RUA",0,"","25/01/2013 13:45",2,"CO",35,823," "," ",1,1,0,0,0,0,0,0,0,0,0,0,0,0,0,0,0,3585,"JOAO BARRETO DE MENEZES, AV",8816,"GUSTAVO DA SILVEIRA, RUA",37,"JABAQUARA",1,0,"JOAO BARRETO DE MENEZES, AV SAO PAULO SP &  GUSTAVO DA SILVEIRA, RUA SAO PAULO SP",-23.6490127,-46.6603059
"1334","D011300619",8000,"GIOVANNI GRONCHI, AV",535,"MANOEL ANTONIO PINTO, RUA",0,"","25/01/2013 14:00",2,"CT",89,665," "," ",1,2,0,0,0,0,0,0,0,0,0,0,0,0,0,0,0,8000,"GIOVANNI GRONCHI, AV",30384,"AFONSO DE OLIVEIRA SANTOS, RUA",55,"MORUMBI",2,0,"GIOVANNI GRONCHI, AV SAO PAULO SP &  MANOEL ANTONIO PINTO, RUA SAO PAULO SP",-23.6004501,-46.710515
"1336","D011300799",9170,"INES, AV STA",NA,"",680,"","25/01/2013 14:33",2,"QM",38,354," "," ",0,1,0,0,0,0,0,0,0,0,0,0,0,0,0,0,0,9170,"INES, AV STA",NA,"",51,"MANDAQUI",2,0,"INES, AV STA 680 SAO PAULO SP",-23.4736788,-46.6301453
"1337","D011301659",21357,"BOURHAN HELOU, RUA PROF",NA,"",309,"","25/01/2013 15:00",4,"AT",70,646," "," ",1,0,0,0,0,0,0,0,0,0,0,0,0,0,0,0,0,21357,"BOURHAN HELOU, RUA PROF",NA,"",56,"PARELHEIROS",1,0,"BOURHAN HELOU, RUA PROF 309 SAO PAULO SP",-23.5965394,-46.5343267
"1338","D011301597",17824,"SAPOPEMBA, AV",NA,"",14111,"","25/01/2013 15:04",2,"CL",55,448," "," ",1,0,1,0,0,0,0,0,0,0,0,0,0,0,0,0,0,17824,"SAPOPEMBA, AV",NA,"",33,"IPIRANGA",1,0,"SAPOPEMBA, AV 14111 SAO PAULO SP",-23.6131928,-46.4720918
"1339","D011300600",8000,"GIOVANNI GRONCHI, AV",1536,"JOSE MARIOTO FERREIRA, RUA MAJ",0,"","25/01/2013 15:41",2,"CO",89,119," "," ",1,1,0,0,0,0,0,0,0,0,0,0,0,0,0,0,0,1536,"JOSE MARIOTO FERREIRA, RUA MAJ",8000,"GIOVANNI GRONCHI, AV",96,"VILA SONIA",1,0,"GIOVANNI GRONCHI, AV SAO PAULO SP &  JOSE MARIOTO FERREIRA, RUA MAJ SAO PAULO SP",-23.6004501,-46.710515
"1340","D011301177",15507,"TEOTONIO VILELA, AV SEN",NA,"",1217,"","25/01/2013 16:30",4,"AT",48,610," "," ",0,1,0,0,0,0,0,0,0,0,0,0,0,0,0,0,0,15507,"TEOTONIO VILELA, AV SEN",NA,"",23,"CIDADE DUTRA",1,0,"TEOTONIO VILELA, AV SEN 1217 SAO PAULO SP",-23.7121723,-46.6986751
"1341","D011300456",1427,"ANHANGUERA, RUA",NA,"",11000,"","25/01/2013 16:30",2,"CT",33,792," "," ",2,0,0,0,0,0,0,0,0,0,0,0,0,0,0,0,0,1427,"ANHANGUERA, RUA",NA,"",70,"SANTA CECILIA",1,0,"ANHANGUERA, RUA 11000 SAO PAULO SP",-23.4306325,-46.7870708
"1342","D011300862",11665,"LAZARO AMANCIO DE BARROS, ES",NA,"",442,"","25/01/2013 16:30",2,"CO",45,736," "," ",0,2,0,0,0,0,0,0,0,0,0,0,0,0,0,0,0,11665,"LAZARO AMANCIO DE BARROS, ES",NA,"",11,"BRASILANDIA",1,0,"LAZARO AMANCIO DE BARROS, ES 442 SAO PAULO SP",-23.5505199,-46.6333094
"1343","D011300512",99949,"CARLOS CALDEIRA FILHO, AV",NA,"",3901,"","25/01/2013 17:05",2,"CT",37,670," "," ",1,1,0,0,0,0,0,0,0,0,0,0,0,0,0,0,0,99949,"CARLOS CALDEIRA FILHO, AV",NA,"",19,"CAPAO REDONDO",1,0,"CARLOS CALDEIRA FILHO, AV 3901 SAO PAULO SP",-23.6571261,-46.7662833
"1344","D011300620",8000,"GIOVANNI GRONCHI, AV",NA,"",3757,"","25/01/2013 17:50",4,"AT",89,673," "," ",0,1,0,0,0,0,0,0,0,0,0,0,0,0,0,0,0,8000,"GIOVANNI GRONCHI, AV",NA,"",55,"MORUMBI",2,0,"GIOVANNI GRONCHI, AV 3757 SAO PAULO SP",-23.6133263,-46.7302942
"1345","D011301490",99438,"SETE ESTRELAS, RUA",NA,"",442,"","25/01/2013 17:55",2,"SI",67,1058," "," ",1,1,0,0,0,0,0,0,0,0,0,0,0,0,0,0,0,99438,"SETE ESTRELAS, RUA",NA,"",NA,"",1,0,"SETE ESTRELAS, RUA 442 SAO PAULO SP",-23.5123008,-46.4073089
"1346","D011301037",15032,"ORATORIO, AV DO",NA,"",3195,"","25/01/2013 18:00",2,"CO",42,565," "," ",1,0,0,0,0,0,0,0,0,0,0,0,0,0,0,1,0,15032,"ORATORIO, AV DO",NA,"",26,"CONSOLACAO",1,0,"ORATORIO, AV DO 3195 SAO PAULO SP",-23.5974224,-46.5410949
"1347","D011300351",32522,"FRANCISCO DE PAULA Q. RIBEIRO, AV",NA,"",400,"","25/01/2013 18:00",2,"CO",97,696," "," ",1,1,0,0,0,0,0,0,0,0,0,0,0,0,0,0,0,32522,"FRANCISCO DE PAULA Q. RIBEIRO, AV",NA,"",42,"JARDIM ANGELA",1,0,"FRANCISCO DE PAULA Q. RIBEIRO, AV 400 SAO PAULO SP",-23.6499521,-46.6430968
"1348","D011300270",16511,"PORTO ALEGRE, RUA CD DE",NA,"",896,"","25/01/2013 18:00",2,"CO",27,883," "," ",3,1,0,0,0,0,0,0,0,0,0,0,0,0,0,0,0,16511,"PORTO ALEGRE, RUA CD DE",NA,"",30,"GRAJAU",2,0,"PORTO ALEGRE, RUA CD DE 896 SAO PAULO SP",-23.5505199,-46.6333094
"1349","D011300219",8636,"HELEN KELLER, RUA",NA,"",160,"","25/01/2013 18:12",4,"AT",16,1107," "," ",0,0,0,0,0,0,0,1,0,0,0,0,0,0,0,0,0,8636,"HELEN KELLER, RUA",NA,"",92,"VILA MARIANA",1,0,"HELEN KELLER, RUA 160 SAO PAULO SP",-23.5995377,-46.625007
"1350","D011301155",9529,"ITAPECERICA, ES DE",NA,"",6840,"","25/01/2013 18:20",2,"SI",47,1031," "," ",2,0,0,0,0,0,0,0,0,0,0,0,0,0,0,0,0,9529,"ITAPECERICA, ES DE",NA,"",29,"FREGUESIA DO O",2,0,"ITAPECERICA, ES DE 6840 SAO PAULO SP",-23.5505199,-46.6333094
"1353","D011300785",3771,"INAJAR DE SOUZA, AV",NA,"",2000,"","25/01/2013 21:10",4,"AT",28,845," "," ",1,0,0,0,0,0,0,0,0,0,0,0,0,0,0,0,0,3771,"INAJAR DE SOUZA, AV",NA,"",50,"LIMAO",1,0,"INAJAR DE SOUZA, AV 2000 SAO PAULO SP",-23.4883925,-46.6833461
"1354","D011300245",1323,"ANDRE NUNES, PCA",NA,"",122,"","25/01/2013 21:25",2,"CO",26,699," "," ",1,1,0,0,0,0,0,0,0,0,0,0,0,0,0,0,0,1323,"ANDRE NUNES, PCA",NA,"",69,"SACOMA",1,0,"ANDRE NUNES, PCA 122 SAO PAULO SP",-23.6311711,-46.6043942
"1356","D011300133",4543,"CASSANDOCA, AV",NA,"",102,"","25/01/2013 22:20",2,"SI",8,649," "," ",2,0,0,0,0,0,0,0,0,0,0,0,0,0,0,0,0,4543,"CASSANDOCA, AV",NA,"",54,"MOOCA",2,0,"CASSANDOCA, AV 102 SAO PAULO SP",-23.5503329,-46.595407
"1357","D011301542",9044,"RAGUEB CHOHFI, AV",NA,"",4905,"","25/01/2013 22:50",2,"CO",49,1225," "," ",2,0,0,0,0,0,0,0,0,0,0,0,0,0,0,0,0,9044,"RAGUEB CHOHFI, AV",NA,"",32,"IGUATEMI",1,0,"RAGUEB CHOHFI, AV 4905 SAO PAULO SP",-23.5952693,-46.4385513
"1358","D011300679",14270,"MORVAN DIAS DE FIGUEIREDO, AV",12457,"MACHADOS, RUA DOS",0,"","25/01/2013 23:00",2,"CO",9,772," "," ",2,0,0,0,0,0,0,0,0,0,0,0,0,0,0,0,0,12457,"MACHADOS, RUA DOS",14270,"MORVAN DIAS DE FIGUEIREDO, AV",NA,"",3,0,"MORVAN DIAS DE FIGUEIREDO, AV SAO PAULO SP &  MACHADOS, RUA DOS SAO PAULO SP",-23.5218788,-46.6058375
"1359","D011301411",16652,"ANTONIO JOAO DE MEDEIROS, RUA",64691,"ILHA DO ARVOREDO, RUA",0,"","25/01/2013 23:00",2,"CH",50,4069," "," ",1,0,0,0,0,0,0,0,0,0,0,0,0,0,0,0,0,16652,"ANTONIO JOAO DE MEDEIROS, RUA",64691,"ILHA DO ARVOREDO, RUA",35,"ITAIM PAULISTA",1,0,"ANTONIO JOAO DE MEDEIROS, RUA SAO PAULO SP &  ILHA DO ARVOREDO, RUA SAO PAULO SP",-23.5162795,-46.3927311
"1360","D011300786",6361,"ELISIO TEIXEIRA LEITE, AV",NA,"",606,"","25/01/2013 23:24",2,"CH",28,846," "," ",1,0,0,0,0,0,0,0,0,0,0,0,0,0,0,0,0,6361,"ELISIO TEIXEIRA LEITE, AV",NA,"",29,"FREGUESIA DO O",1,0,"ELISIO TEIXEIRA LEITE, AV 606 SAO PAULO SP",-23.4875926,-46.6977613
"1361","D011300271",19100,"BANDEIRANTES, AV DOS",NA,"",2100,"","25/01/2013 23:40",2,"CO",27,892," "," ",1,0,0,0,0,0,0,0,0,0,0,1,0,0,0,0,0,19100,"BANDEIRANTES, AV DOS",NA,"",24,"CIDADE LIDER",1,0,"BANDEIRANTES, AV DOS 2100 SAO PAULO SP",-23.6091339,-46.6764469
"1362","D011301180",15507,"TEOTONIO VILELA, AV SEN",NA,"",1122,"","25/01/2013 23:50",4,"AT",48,1183," "," ",0,0,1,0,0,0,0,0,0,0,0,0,0,0,0,0,0,15507,"TEOTONIO VILELA, AV SEN",NA,"",23,"CIDADE DUTRA",1,0,"TEOTONIO VILELA, AV SEN 1122 SAO PAULO SP",-23.7114042,-46.699282
"1363","D011301036",16826,"RAIMUNDO, RUA S",NA,"",261,"","25/01/2013 23:54",2,"CL",42,525," "," ",1,1,0,0,0,0,0,0,0,0,0,0,0,0,0,0,0,16826,"RAIMUNDO, RUA S",NA,"",26,"CONSOLACAO",1,0,"RAIMUNDO, RUA S 261 SAO PAULO SP",-23.6064771,-46.5662231
"1364","D011300680",5567,"CRUZEIRO DO SUL, AV",5741,"DARZAN, RUA",0,"","26/01/2013 00:30",2,"CO",9,776," "," ",1,1,0,0,0,0,0,0,0,0,0,0,0,0,0,0,0,5567,"CRUZEIRO DO SUL, AV",5741,"DARZAN, RUA",71,"SANTANA",1,0,"CRUZEIRO DO SUL, AV SAO PAULO SP &  DARZAN, RUA SAO PAULO SP",-23.5073033,-46.6250321