"","id_acidente","codloga","logradouroA","codlogb","logradouroB","alt_num","referencia","data","cod_acid","tipo_acidente","dp","numero_BO","sentido","pista","automovel","moto","onibus","caminhao","bicicleta","moto_taxi","onibus_fretado","onibus_urbano","microonibus","van","vuc","caminhonete","carreta","jipe","outros","sem_informacao","carroca","princ_a","paiA","princ_b","paiB","cod_distrito","distrito","vit_ferida","vit_morta","local","lat","lon"
"1365","D011300496",34682,"CAMPO LIMPO, ES DO",NA,"",3450,"","26/01/2013 00:53",2,"CO",37,123," "," ",0,1,0,0,0,0,0,1,0,0,0,0,0,0,0,0,0,34682,"CAMPO LIMPO, ES DO",NA,"",17,"CAMPO LIMPO",1,0,"CAMPO LIMPO, ES DO 3450 SAO PAULO SP",-23.2019463,-46.785846
"1366","D011300870",11143,"JOSE PEDRO D'ORO, RUA",3771,"INAJAR DE SOUZA, AV",0,"","26/01/2013 02:00",2,"CH",72,371," "," ",1,0,0,0,0,0,0,0,0,0,0,0,0,0,0,0,0,3771,"INAJAR DE SOUZA, AV",11143,"JOSE PEDRO D'ORO, RUA",13,"CACHOEIRINHA",1,0,"JOSE PEDRO D'ORO, RUA SAO PAULO SP &  INAJAR DE SOUZA, AV SAO PAULO SP",-23.466535,-46.6700447
"1367","D011301640",11642,"LAURO SODRE, AV TTE",NA,"",1320,"","26/01/2013 02:10",4,"AT",69,851," "," ",0,1,0,0,0,0,0,0,0,0,0,0,0,0,0,0,0,11642,"LAURO SODRE, AV TTE",NA,"",75,"SAO MATEUS",1,0,"LAURO SODRE, AV TTE 1320 SAO PAULO SP",-23.5505199,-46.6333094
"1368","D011300709",21876,"CAMPO DE BAGATELLE, PCA",NA,"",235,"","26/01/2013 04:25",2,"CO",13,848," "," ",1,0,0,0,0,0,0,1,0,0,0,0,0,0,0,0,0,21876,"CAMPO DE BAGATELLE, PCA",NA,"",8,"BELEM",1,0,"CAMPO DE BAGATELLE, PCA 235 SAO PAULO SP",-23.5138282,-46.6303606
"1369","D011301156",44957,"CARVALHO DO MAR, TR",NA,"",483,"","26/01/2013 05:00",4,"AT",47,1044," "," ",0,0,0,0,0,0,0,0,0,0,0,0,0,0,0,1,0,44957,"CARVALHO DO MAR, TR",NA,"",19,"CAPAO REDONDO",1,0,"CARVALHO DO MAR, TR 483 SAO PAULO SP",-23.5493469,-46.4155706
"1370","D011301641",43404,"VILANOVA ARTIGAS, AV ARQ",NA,"",1300,"","26/01/2013 05:30",2,"CO",69,856," "," ",1,1,0,0,0,0,0,0,0,0,0,0,0,0,0,0,0,43404,"VILANOVA ARTIGAS, AV ARQ",NA,"",56,"PARELHEIROS",2,0,"VILANOVA ARTIGAS, AV ARQ 1300 SAO PAULO SP",-23.5505199,-46.6333094
"1372","D011301300",12403,"M'BOI MIRIM, ES",NA,"",9154,"","26/01/2013 06:00",2,"CO",100,215," "," ",0,1,0,0,0,0,0,0,0,0,0,1,0,0,0,0,0,12403,"M'BOI MIRIM, ES",NA,"",42,"JARDIM ANGELA",2,0,"M'BOI MIRIM, ES 9154 SAO PAULO SP",-23.5505199,-46.6333094
"1373","D011301287",32038,"ANTONIO FURLAN JUNIOR, RUA",NA,"",100,"","26/01/2013 06:50",2,"QM",99,363," "," ",0,1,0,0,0,0,0,0,0,0,0,0,0,0,0,0,0,32038,"ANTONIO FURLAN JUNIOR, RUA",NA,"",29,"FREGUESIA DO O",2,0,"ANTONIO FURLAN JUNIOR, RUA 100 SAO PAULO SP",-23.6664274,-46.6859525
"1374","D011301622",2181,"ARICANDUVA, AV",NA,"",600,"","26/01/2013 07:26",2,"CO",66,434," "," ",1,1,0,0,0,0,0,0,0,0,0,0,0,0,0,0,0,2181,"ARICANDUVA, AV",NA,"",60,"PENHA",1,0,"ARICANDUVA, AV 600 SAO PAULO SP",-23.5400814,-46.5425247
"1375","D011301682",7061,"FERNAO DIAS, VIA",NA,"",77800,"","26/01/2013 07:50",2,"CT",73,372," "," ",1,0,0,1,0,0,0,0,0,0,0,0,0,0,0,0,0,7061,"FERNAO DIAS, VIA",NA,"",38,"JACANA",0,1,"FERNAO DIAS, VIA 77800 SAO PAULO SP",-23.4609146,-46.5715728
"1376","D011300018",16725,"QUEIROS, AV SEN",NA,"",268,"","26/01/2013 08:00",4,"AT",1,676," "," ",1,0,0,0,0,0,0,0,0,0,0,0,0,0,0,0,0,16725,"QUEIROS, AV SEN",NA,"",9,"BOM RETIRO",1,0,"QUEIROS, AV SEN 268 SAO PAULO SP",-23.5393887,-46.6335948
"1377","D011300311",18770,"TEIXEIRA DA SILVA, RUA",17791,"SANTOS, AL",0,"","26/01/2013 08:22",2,"CO",36,397," "," ",2,0,0,0,0,0,0,0,0,0,0,0,0,0,0,0,0,17791,"SANTOS, AL",18770,"TEIXEIRA DA SILVA, RUA",NA,"",1,0,"TEIXEIRA DA SILVA, RUA SAO PAULO SP &  SANTOS, AL SAO PAULO SP",-23.5718889,-46.6485568
"1378","D011300134",9855,"JAIBARAS, RUA",8484,"GUILHERME ELLIS, RUA DR",0,"","26/01/2013 08:30",2,"CO",8,656," "," ",0,1,1,0,0,0,0,0,0,0,0,0,0,0,0,0,0,8484,"GUILHERME ELLIS, RUA DR",9855,"JAIBARAS, RUA",54,"MOOCA",1,0,"JAIBARAS, RUA SAO PAULO SP &  GUILHERME ELLIS, RUA DR SAO PAULO SP",-23.547431,-46.597403
"1379","D011300187",15656,"PAULISTA, AV",16028,"PEIXOTO GOMIDE, RUA",0,"","26/01/2013 09:00",2,"CO",78,130," "," ",1,1,0,0,0,0,0,0,0,0,0,0,0,0,0,0,0,15656,"PAULISTA, AV",16028,"PEIXOTO GOMIDE, RUA",7,"BELA VISTA",1,0,"PAULISTA, AV SAO PAULO SP &  PEIXOTO GOMIDE, RUA SAO PAULO SP",-23.5625897,-46.6549244
"1381","D011300182",10101,"JOAO, AV S",NA,"",2030,"","26/01/2013 09:40",4,"AT",77,408," "," ",1,0,0,0,0,0,0,0,0,0,0,0,0,0,0,0,0,10101,"JOAO, AV S",NA,"",67,"REPUBLICA",1,0,"JOAO, AV S 2030 SAO PAULO SP",-23.535796,-46.6517854
"1382","D011300162",11525,"LADARIO, RUA BR DE",NA,"",100,"","26/01/2013 11:30",2,"CL",12,477," "," ",1,0,0,0,1,0,0,0,0,0,0,0,0,0,0,0,0,11525,"LADARIO, RUA BR DE",NA,"",10,"BRAS",1,0,"LADARIO, RUA BR DE 100 SAO PAULO SP",-23.5410823,-46.6179475
"1384","D011300739",9407,"ISMAEL NERI, RUA",NA,"",772,"","26/01/2013 12:00",2,"QM",20,378," "," ",0,1,0,0,0,0,0,0,0,0,0,0,0,0,0,0,0,9407,"ISMAEL NERI, RUA",NA,"",84,"TUCURUVI",1,0,"ISMAEL NERI, RUA 772 SAO PAULO SP",-23.4819669,-46.6134121
"1385","D011301543",13671,"MATEO BEI, AV",NA,"",3005,"","26/01/2013 12:35",4,"AT",49,1240," "," ",0,1,0,0,0,0,0,0,0,0,0,0,0,0,0,0,0,13671,"MATEO BEI, AV",NA,"",75,"SAO MATEUS",1,0,"MATEO BEI, AV 3005 SAO PAULO SP",-23.6072142,-46.4786735
"1386","D011300979",9106,"INACIO COSTA, RUA",2181,"ARICANDUVA, AV",0,"","26/01/2013 12:45",2,"QM",21,284," "," ",0,1,0,0,0,0,0,0,0,0,0,0,0,0,0,0,0,2181,"ARICANDUVA, AV",9106,"INACIO COSTA, RUA",20,"CARRAO",1,0,"INACIO COSTA, RUA SAO PAULO SP &  ARICANDUVA, AV SAO PAULO SP",-23.5471855,-46.5203127
"1387","D011300740",18151,"SEZEFREDO FAGUNDES, AV CEL",NA,"",2320,"","26/01/2013 13:10",2,"CO",20,350," "," ",1,1,0,0,0,0,0,0,0,0,0,0,0,0,0,0,0,18151,"SEZEFREDO FAGUNDES, AV CEL",NA,"",22,"CIDADE ADEMAR",1,0,"SEZEFREDO FAGUNDES, AV CEL 2320 SAO PAULO SP",-23.4586615,-46.6023553
"1388","D011301355",13881,"MIGUEL, AV S",NA,"",8900,"","26/01/2013 13:17",2,"CT",22,476," "," ",0,1,1,0,0,0,0,0,0,0,0,0,0,0,0,0,0,13881,"MIGUEL, AV S",NA,"",65,"PONTE RASA",1,0,"MIGUEL, AV S 8900 SAO PAULO SP",-23.4954022,-46.4520574
"1389","D011301033",5425,"COSTA BARROS, RUA",NA,"",544,"","26/01/2013 13:25",4,"AT",42,332," "," ",1,0,0,0,0,0,0,0,0,0,0,0,0,0,0,0,0,5425,"COSTA BARROS, RUA",NA,"",95,"VILA PRUDENTE",1,0,"COSTA BARROS, RUA 544 SAO PAULO SP",-23.5976608,-46.5600049
"1390","D011301136",5606,"CUPECE, AV",NA,"",2900,"","26/01/2013 13:30",4,"AT",43,356," "," ",1,0,0,0,0,0,0,0,0,0,0,0,0,0,0,0,0,5606,"CUPECE, AV",NA,"",22,"CIDADE ADEMAR",1,0,"CUPECE, AV 2900 SAO PAULO SP",-23.6659186,-46.6571357
"1391","D011301199",99631,"MARTA MARIA BERNARDES, AV PROFA",NA,"",232,"","26/01/2013 13:40",4,"AT",85,496," "," ",0,1,0,0,0,0,0,0,0,0,0,0,0,0,0,0,0,99631,"MARTA MARIA BERNARDES, AV PROFA",NA,"",30,"GRAJAU",1,0,"MARTA MARIA BERNARDES, AV PROFA 232 SAO PAULO SP",-23.7656069,-46.7096763
"1392","D011301380",5687,"DANFER, AV",NA,"",164,"","26/01/2013 13:45",2,"CO",24,902," "," ",1,1,0,0,0,0,0,0,0,0,0,0,0,0,0,0,0,5687,"DANFER, AV",NA,"",18,"CANGAIBA",2,0,"DANFER, AV 164 SAO PAULO SP",-23.5042942,-46.5053125
"1393","D011300272",8944,"IBIRAPUERA, AV",14086,"MOEMA, AV",0,"","26/01/2013 14:00",2,"CO",27,904," "," ",1,1,0,0,0,0,0,0,0,0,0,0,0,0,0,0,0,8944,"IBIRAPUERA, AV",14086,"MOEMA, AV",53,"MOEMA",1,0,"IBIRAPUERA, AV SAO PAULO SP &  MOEMA, AV SAO PAULO SP",-23.6014353,-46.6601288
"1395","D011300166",7236,"BUCOLISMO, RUA DO",NA,"",164,"","26/01/2013 14:45",4,"AT",12,540," "," ",1,0,0,0,0,0,0,0,0,0,0,0,0,0,0,0,0,7236,"BUCOLISMO, RUA DO",NA,"",10,"BRAS",1,0,"BUCOLISMO, RUA DO 164 SAO PAULO SP",-23.540485,-46.6205934
"1396","D011300442",5834,"DIANA, RUA",NA,"",17,"","26/01/2013 14:45",4,"AT",23,531," "," ",0,0,0,0,0,0,0,0,0,0,0,1,0,0,0,0,0,5834,"DIANA, RUA",NA,"",61,"PERDIZES",1,0,"DIANA, RUA 17 SAO PAULO SP",-23.5291052,-46.6788318
"1397","D011301466",3994,"CAMPANELLA, AV",NA,"",706,"","26/01/2013 15:20",2,"QD",64,730," "," ",0,0,0,0,0,0,0,1,0,0,0,0,0,0,0,0,0,3994,"CAMPANELLA, AV",NA,"",36,"ITAQUERA",1,0,"CAMPANELLA, AV 706 SAO PAULO SP",-23.5361648,-46.4677589
"1399","D011300955",1133,"AMORIM DINIZ, RUA",NA,"",50,"","26/01/2013 16:00",2,"QM",10,995," "," ",3,1,0,0,0,0,0,0,0,0,0,0,0,0,0,0,0,1133,"AMORIM DINIZ, RUA",NA,"",18,"CANGAIBA",2,0,"AMORIM DINIZ, RUA 50 SAO PAULO SP",-23.5165055,-46.5455518
"1400","D011301706",14377,"NADIME ACKEL, RUA",NA,"",152,"","26/01/2013 16:00",2,"CH",24,912," "," ",1,1,0,0,0,0,0,0,0,0,0,0,0,0,0,0,0,14377,"NADIME ACKEL, RUA",NA,"",38,"JACANA",0,1,"NADIME ACKEL, RUA 152 SAO PAULO SP",-23.5448268,-46.4902829
"1401","D011301501",14304,"ETELVINA, RUA STA",NA,"",19,"","26/01/2013 18:13",2,"CO",68,340," "," ",1,1,0,0,0,0,0,0,0,0,0,0,0,0,0,0,0,14304,"ETELVINA, RUA STA",NA,"",47,"LAJEADO",1,0,"ETELVINA, RUA STA 19 SAO PAULO SP",-23.5266562,-46.4235764
"1402","D011301158",79066,"BENEDITO DE BARROS, RUA",NA,"",700,"","26/01/2013 18:30",2,"CF",47,1061," "," ",0,2,0,0,0,0,0,0,0,0,0,0,0,0,0,0,0,79066,"BENEDITO DE BARROS, RUA",NA,"",29,"FREGUESIA DO O",2,0,"BENEDITO DE BARROS, RUA 700 SAO PAULO SP",-23.6832867,-46.7854707
"1403","D011301023",12381,"LUTECIA, RUA",NA,"",1118,"","26/01/2013 19:03",2,"CT",31,481," "," ",3,0,0,0,0,0,0,0,0,0,0,0,0,0,0,0,0,12381,"LUTECIA, RUA",NA,"",20,"CARRAO",1,0,"LUTECIA, RUA 1118 SAO PAULO SP",-23.5538116,-46.5435363
"1404","D011301311",12403,"M'BOI MIRIM, ES",NA,"",3583,"","26/01/2013 20:00",2,"CT",100,1068," "," ",1,1,0,0,0,0,0,0,0,0,0,0,0,0,0,0,0,12403,"M'BOI MIRIM, ES",NA,"",42,"JARDIM ANGELA",2,0,"M'BOI MIRIM, ES 3583 SAO PAULO SP",-23.5505199,-46.6333094
"1405","D011301528",15569,"PASSAGEM FUNDA, RUA DA",NA,"",1,"","26/01/2013 20:00",4,"AT",44,579," "," ",0,0,0,0,0,0,0,0,0,0,0,0,0,0,0,1,0,15569,"PASSAGEM FUNDA, RUA DA",NA,"",50,"LIMAO",1,0,"PASSAGEM FUNDA, RUA DA 1 SAO PAULO SP",-23.5524328,-46.4134463
"1406","D011300371",10635,"JOHN HARRISON, RUA",NA,"",511,"","26/01/2013 20:29",2,"QD",7,638," "," ",0,0,0,0,0,0,0,0,0,0,0,1,0,0,0,0,0,10635,"JOHN HARRISON, RUA",NA,"",48,"LAPA",1,0,"JOHN HARRISON, RUA 511 SAO PAULO SP",-23.5181914,-46.7077734
"1407","D011301116",10270,"JOAO DIAS, AV",NA,"",1080,"","26/01/2013 20:35",2,"CT",11,968,"C"," ",1,0,0,1,0,0,0,0,0,0,0,0,0,0,0,0,0,10270,"JOAO DIAS, AV",NA,"",72,"SANTO AMARO",1,0,"JOAO DIAS, AV 1080 SAO PAULO SP",-23.6456043,-46.7110383
"1408","D011301119",10918,"JOSE DINIZ, AV VER",222,"ADOLFO PINHEIRO, AV",0,"","26/01/2013 20:40",2,"CT",11,1052," "," ",0,0,0,0,0,0,0,3,0,0,0,0,0,0,0,0,0,222,"ADOLFO PINHEIRO, AV",10918,"JOSE DINIZ, AV VER",72,"SANTO AMARO",7,0,"JOSE DINIZ, AV VER SAO PAULO SP &  ADOLFO PINHEIRO, AV SAO PAULO SP",-23.6339852,-46.6908948
"1409","D011300238",13526,"MARIO VICENTE, RUA DR",NA,"",570,"","26/01/2013 20:43",2,"CH",17,1140," "," ",1,0,0,0,0,0,0,0,0,0,0,0,0,0,0,0,0,13526,"MARIO VICENTE, RUA DR",NA,"",33,"IPIRANGA",1,0,"MARIO VICENTE, RUA DR 570 SAO PAULO SP",-23.5887981,-46.6138387
"1410","D011300017",6642,"ESTADO, AV DO",4146,"CANTAREIRA, RUA DA",0,"","26/01/2013 22:23",4,"AT",1,668," "," ",1,0,0,0,0,0,0,0,0,0,0,0,0,0,0,0,0,5567,"CRUZEIRO DO SUL, AV",6642,"ESTADO, AV DO",57,"PARI",1,0,"ESTADO, AV DO SAO PAULO SP &  CANTAREIRA, RUA DA SAO PAULO SP",-23.5635869,-46.6112253
"1412","D011300988",10581,"JOAQUIM MARRA, RUA",NA,"",1529,"","26/01/2013 22:30",2,"CO",21,1011," "," ",0,0,1,0,1,0,0,0,0,0,0,0,0,0,0,0,0,10581,"JOAQUIM MARRA, RUA",NA,"",93,"VILA MATILDE",1,0,"JOAQUIM MARRA, RUA 1529 SAO PAULO SP",-23.5382242,-46.5180425
"1413","D011300956",2429,"ASSIS RIBEIRO, RUA DR",NA,"",2000,"","26/01/2013 22:50",4,"AT",10,1009,"C"," ",0,1,0,0,0,0,0,0,0,0,0,0,0,0,0,0,0,2429,"ASSIS RIBEIRO, RUA DR",NA,"",28,"ERMELINO MATARA",1,0,"ASSIS RIBEIRO, RUA DR 2000 SAO PAULO SP",-23.5019105,-46.5336001
"1414","D011301371",13881,"MIGUEL, AV S",NA,"",900,"","26/01/2013 23:00",2,"QD",24,484," "," ",0,0,1,0,0,0,0,0,0,0,0,0,0,0,0,0,0,13881,"MIGUEL, AV S",NA,"",65,"PONTE RASA",1,0,"MIGUEL, AV S 900 SAO PAULO SP",-23.5162279,-46.5208666
"1415","D011300655",5309,"CORIFEU DE AZEVEDO MARQUES, AV",13019,"ESCOLA POLITECNICA, AV",0,"","26/01/2013 23:30",2,"CT",93,900019," "," ",3,0,0,0,0,0,0,0,0,0,0,0,0,0,0,0,0,5309,"CORIFEU DE AZEVEDO MARQUES, AV",9836,"JAGUARE, AV",55,"MORUMBI",1,0,"CORIFEU DE AZEVEDO MARQUES, AV SAO PAULO SP &  ESCOLA POLITECNICA, AV SAO PAULO SP",-23.5597707,-46.7472778
"1416","D011301186",7797,"GASPAR DE BRITO, AV",20048,"YERVANT KISSAJIKIAN, AV",0,"","26/01/2013 23:49",2,"CO",80,1051," "," ",0,1,0,0,0,0,0,0,0,0,0,0,0,0,0,0,0,7797,"GASPAR DE BRITO, AV",20048,"YERVANT KISSAJIKIAN, AV",22,"CIDADE ADEMAR",1,0,"GASPAR DE BRITO, AV SAO PAULO SP &  YERVANT KISSAJIKIAN, AV SAO PAULO SP",-23.6739528,-46.6636576
"1417","D011301271",3243,"BENTO XV, AV",NA,"",399,"","27/01/2013 01:59",2,"QM",98,1057," "," ",0,1,0,0,0,0,0,0,0,0,0,0,0,0,0,0,0,3243,"BENTO XV, AV",NA,"",29,"FREGUESIA DO O",2,0,"BENTO XV, AV 399 SAO PAULO SP",-23.6910899,-46.6461812
"1418","D011300490",7500,"FRANCISCO MORATO, AV PROF",NA,"",1916,"","27/01/2013 02:17",2,"QM",34,691," "," ",0,1,0,0,0,0,0,0,0,0,0,0,0,0,0,0,0,7500,"FRANCISCO MORATO, AV PROF",NA,"",12,"BUTANTA",1,0,"FRANCISCO MORATO, AV PROF 1916 SAO PAULO SP",-23.5841519,-46.7174188
"1419","D011301312",5584,"CUMBICA, ES DA",NA,"",980,"","27/01/2013 03:30",2,"CO",100,1077," "," ",0,1,0,0,0,0,0,0,1,0,0,0,0,0,0,0,0,5584,"CUMBICA, ES DA",NA,"",42,"JARDIM ANGELA",1,0,"CUMBICA, ES DA 980 SAO PAULO SP",-23.5505199,-46.6333094
"1420","D011300346",19100,"BANDEIRANTES, AV DOS",NA,"",650,"","27/01/2013 04:00",2,"CT",96,914," "," ",1,1,0,0,0,0,0,0,0,0,0,0,0,0,0,0,0,19100,"BANDEIRANTES, AV DOS",NA,"",24,"CIDADE LIDER",2,0,"BANDEIRANTES, AV DOS 650 SAO PAULO SP",-23.6063419,-46.6784943
"1421","D011301423",17820,"TITO, AV MAL",NA,"",4041,"","27/01/2013 04:20",2,"CH",59,1111," "," ",1,0,0,0,0,0,0,0,0,0,0,0,0,0,0,0,0,17820,"TITO, AV MAL",NA,"",53,"MOEMA",5,0,"TITO, AV MAL 4041 SAO PAULO SP",-23.4947227,-46.4062655
"1422","D011301683",831,"ALTINO, AV PRES",NA,"",1040,"","27/01/2013 04:25",2,"CH",91,649," "," ",0,1,0,0,0,0,0,0,0,0,0,0,0,0,0,0,0,831,"ALTINO, AV PRES",NA,"",40,"JAGUARE",0,1,"ALTINO, AV PRES 1040 SAO PAULO SP",-23.5465853,-46.750334
"1423","D011300281",10918,"JOSE DINIZ, AV VER",26500,"VICENTE RAO, AV PROF.",0,"","27/01/2013 05:00",2,"CO",27,1194," "," ",0,1,0,0,0,0,0,1,0,0,0,0,0,0,0,0,0,10918,"JOSE DINIZ, AV VER",26500,"VICENTE RAO, AV PROF.",NA,"",1,0,"JOSE DINIZ, AV VER SAO PAULO SP &  VICENTE RAO, AV PROF. SAO PAULO SP",-23.6339852,-46.6908948
"1424","D011300220",5618,"CURSINO, AV DO",NA,"",636,"","27/01/2013 05:02",2,"CH",16,1146," "," ",1,0,0,0,0,0,0,0,0,0,0,0,0,0,0,0,0,5618,"CURSINO, AV DO",NA,"",27,"CURSINO",1,0,"CURSINO, AV DO 636 SAO PAULO SP",-23.6080481,-46.6169203
"1425","D011300957",954,"AMADOR BUENO DA VEIGA, AV",14992,"OLIVETANOS, AV PDES",0,"","27/01/2013 05:30",2,"CL",10,1022," "," ",0,1,0,0,0,0,0,0,0,0,0,0,0,0,0,1,0,954,"AMADOR BUENO DA VEIGA, AV",14992,"OLIVETANOS, AV PDES",60,"PENHA",1,0,"AMADOR BUENO DA VEIGA, AV SAO PAULO SP &  OLIVETANOS, AV PDES SAO PAULO SP",-23.522986,-46.5196435
"1426","D011301664",24338,"LUIZ IGNACIO ANHAIA MELLO, AV PROF",NA,"",6800,"","27/01/2013 06:00",2,"CO",70,1277," "," ",1,1,0,0,0,0,0,0,0,0,0,0,0,0,0,0,0,24338,"LUIZ IGNACIO ANHAIA MELLO, AV PROF",NA,"",26,"CONSOLACAO",1,0,"LUIZ IGNACIO ANHAIA MELLO, AV PROF 6800 SAO PAULO SP",-23.5975493,-46.5356427
"1427","D011301248",8368,"GUARAPIRANGA, AV",NA,"",325,"","27/01/2013 06:46",4,"AT",92,1084," "," ",1,0,0,0,0,0,0,0,0,0,0,0,0,0,0,0,0,8368,"GUARAPIRANGA, AV",NA,"",45,"JARDIM SAO LUIS",1,0,"GUARAPIRANGA, AV 325 SAO PAULO SP",-23.6660137,-46.7153946
"1428","D011301159",14305,"LUIS DE OLIVEIRA, RUA",NA,"",92,"","27/01/2013 06:56",2,"QM",47,1083," "," ",0,1,0,0,0,0,0,0,0,0,0,0,0,0,0,0,0,14305,"LUIS DE OLIVEIRA, RUA",NA,"",29,"FREGUESIA DO O",2,0,"LUIS DE OLIVEIRA, RUA 92 SAO PAULO SP",-23.6768086,-46.7891252
"1429","D011300812",277,"AFONSO LOPES VIEIRA, RUA",NA,"",466,"","27/01/2013 07:30",2,"CH",38,776,"C"," ",1,0,0,0,0,0,0,0,0,0,0,0,0,0,0,0,0,277,"AFONSO LOPES VIEIRA, RUA",NA,"",13,"CACHOEIRINHA",1,0,"AFONSO LOPES VIEIRA, RUA 466 SAO PAULO SP",-23.4629998,-46.6625109
"1430","D011301179",2483,"ATLANTICA ANT. ROBERT KENNEDY, AV",NA,"",5311,"","27/01/2013 07:55",2,"CT",48,1065,"C"," ",1,1,0,0,0,0,0,0,0,0,0,0,0,0,0,0,0,2483,"ATLANTICA ANT. ROBERT KENNEDY, AV",NA,"",23,"CIDADE DUTRA",1,0,"ATLANTICA ANT. ROBERT KENNEDY, AV 5311 SAO PAULO SP",-23.5505199,-46.6333094
"1431","D011301656",15032,"ORATORIO, AV DO",NA,"",5660,"","27/01/2013 08:15",2,"CO",70,589," "," ",2,0,0,0,0,0,0,0,0,0,0,0,0,0,0,0,0,15032,"ORATORIO, AV DO",NA,"",26,"CONSOLACAO",1,0,"ORATORIO, AV DO 5660 SAO PAULO SP",-23.606114,-46.5220869
"1432","D011301662",17824,"SAPOPEMBA, AV",64154,"LOURIVAL FONTES, AV",0,"","27/01/2013 09:36",2,"CO",70,882," "," ",0,2,0,0,0,0,0,0,0,0,0,0,0,0,0,0,0,17824,"SAPOPEMBA, AV",64154,"LOURIVAL FONTES, AV",NA,"",1,0,"SAPOPEMBA, AV SAO PAULO SP &  LOURIVAL FONTES, AV SAO PAULO SP",-23.6148326,-46.5024993
"1433","D011301304",38494,"FUNCIONARIOS PUBLICOS, AV DOS",NA,"",2100,"","27/01/2013 11:30",2,"CF",100,506,"B"," ",1,1,0,0,0,0,0,0,0,0,0,0,0,0,0,0,0,38494,"FUNCIONARIOS PUBLICOS, AV DOS",NA,"",32,"IGUATEMI",1,0,"FUNCIONARIOS PUBLICOS, AV DOS 2100 SAO PAULO SP",-23.7449777,-46.7777185
"1434","D011301342",2483,"ATLANTICA ANT. ROBERT KENNEDY, AV",NA,"",1171,"","27/01/2013 11:50",2,"CT",102,988," "," ",1,1,0,0,0,0,0,0,0,0,0,0,0,0,0,0,0,2483,"ATLANTICA ANT. ROBERT KENNEDY, AV",NA,"",23,"CIDADE DUTRA",1,0,"ATLANTICA ANT. ROBERT KENNEDY, AV 1171 SAO PAULO SP",-23.5505199,-46.6333094
"1435","D011300916",68438,"MARCELINO JOSE DE FREITAS, RUA",NA,"",271,"","27/01/2013 12:00",2,"CO",74,780," "," ",1,1,0,0,0,0,0,0,0,0,0,0,0,0,0,0,0,68438,"MARCELINO JOSE DE FREITAS, RUA",NA,"",40,"JAGUARE",1,0,"MARCELINO JOSE DE FREITAS, RUA 271 SAO PAULO SP",-23.4563116,-46.693387
"1436","D011301024",4502,"CARRAO, AV CONS",NA,"",400,"","27/01/2013 12:15",4,"AT",31,501," "," ",1,0,0,0,0,0,0,0,0,0,0,0,0,0,0,0,0,4502,"CARRAO, AV CONS",NA,"",20,"CARRAO",1,0,"CARRAO, AV CONS 400 SAO PAULO SP",-23.5388135,-46.5546058
"1437","D011300410",5398,"CORUJAS, AV DAS",NA,"",395,"","27/01/2013 12:30",2,"QM",14,827," "," ",0,1,0,0,0,0,0,0,0,0,0,0,0,0,0,0,0,5398,"CORUJAS, AV DAS",NA,"",2,"ALTO DE PINHEIR",1,0,"CORUJAS, AV DAS 395 SAO PAULO SP",-23.5472559,-46.6960145
"1438","D011301079",1782,"ANTONIO MANOGRASSO, AV",10503,"JOAO XXIII, AV",0,"","27/01/2013 13:23",2,"CT",58,502," "," ",2,0,0,0,0,0,0,0,0,0,0,0,0,0,0,0,0,1782,"ANTONIO MANOGRASSO, AV",10503,"JOAO XXIII, AV",87,"VILA FORMOSA",1,0,"ANTONIO MANOGRASSO, AV SAO PAULO SP &  JOAO XXIII, AV SAO PAULO SP",-23.5769689,-46.5364001
"1439","D011300653",442,"ALARICO FRANCO CAIUBI, RUA",NA,"",560,"","27/01/2013 14:30",4,"AT",93,667," "," ",1,0,0,0,0,0,0,0,0,0,0,0,0,0,0,0,0,442,"ALARICO FRANCO CAIUBI, RUA",NA,"",40,"JAGUARE",1,0,"ALARICO FRANCO CAIUBI, RUA 560 SAO PAULO SP",-23.5439892,-46.7478554
"1440","D011301468",26055,"ITUBERA, RUA",NA,"",20,"","27/01/2013 15:00",4,"AT",64,948," "," ",1,0,0,0,0,0,0,0,0,0,0,0,0,0,0,0,0,26055,"ITUBERA, RUA",NA,"",51,"MANDAQUI",1,0,"ITUBERA, RUA 20 SAO PAULO SP",-23.5336275,-46.4549119
"1441","D011301728",7500,"FRANCISCO MORATO, AV PROF",NA,"",4200,"","27/01/2013 15:05",4,"AT",89,710,"C"," ",0,0,1,0,0,0,0,0,0,0,0,0,0,0,0,0,0,7500,"FRANCISCO MORATO, AV PROF",NA,"",12,"BUTANTA",0,1,"FRANCISCO MORATO, AV PROF 4200 SAO PAULO SP",-23.5942079,-46.7367184
"1442","D011300325",17579,"EDUARDO FERREIRA FRANCA, RUA",NA,"",243,"","27/01/2013 17:10",2,"CO",83,753," "," ",1,1,0,0,0,0,0,0,0,0,0,0,0,0,0,0,0,17579,"EDUARDO FERREIRA FRANCA, RUA",NA,"",21,"CASA VERDE",1,0,"EDUARDO FERREIRA FRANCA, RUA 243 SAO PAULO SP",-23.630306,-46.6192428