"","id_acidente","codloga","logradouroA","codlogb","logradouroB","alt_num","referencia","data","cod_acid","tipo_acidente","dp","numero_BO","sentido","pista","automovel","moto","onibus","caminhao","bicicleta","moto_taxi","onibus_fretado","onibus_urbano","microonibus","van","vuc","caminhonete","carreta","jipe","outros","sem_informacao","carroca","princ_a","paiA","princ_b","paiB","cod_distrito","distrito","vit_ferida","vit_morta","local","lat","lon"
"1443","D011300303",1962,"APRIGIO GONZAGA, RUA PROF",NA,"",485,"","27/01/2013 17:50",2,"CO",35,1191," "," ",3,0,0,0,0,0,0,0,0,0,0,0,0,0,0,0,0,1962,"APRIGIO GONZAGA, RUA PROF",NA,"",79,"SAUDE",2,0,"APRIGIO GONZAGA, RUA PROF 485 SAO PAULO SP",-23.6245702,-46.6356542
"1444","D011301139",5606,"CUPECE, AV",NA,"",3927,"","27/01/2013 18:25",2,"CO",43,1085," "," ",0,1,0,0,0,0,0,1,0,0,0,0,0,0,0,0,0,5606,"CUPECE, AV",NA,"",22,"CIDADE ADEMAR",1,0,"CUPECE, AV 3927 SAO PAULO SP",-23.6699914,-46.6478283
"1445","D011301684",3771,"INAJAR DE SOUZA, AV",NA,"",2104,"","27/01/2013 18:30",4,"AT",13,909," "," ",1,0,0,0,0,0,0,0,0,0,0,0,0,0,0,0,0,3771,"INAJAR DE SOUZA, AV",NA,"",50,"LIMAO",0,1,"INAJAR DE SOUZA, AV 2104 SAO PAULO SP",-23.486768,-46.6817404
"1446","D011300841",8538,"GUSTAVO ADOLFO, AV",17339,"ROLAND GARROS, AV",0,"","27/01/2013 18:30",2,"CO",39,943," "," ",2,0,0,0,0,0,0,0,0,0,0,0,0,0,0,0,0,8538,"GUSTAVO ADOLFO, AV",17339,"ROLAND GARROS, AV",94,"VILA MEDEIROS",2,0,"GUSTAVO ADOLFO, AV SAO PAULO SP &  ROLAND GARROS, AV SAO PAULO SP",-23.4894901,-46.5783227
"1447","D011300352",18379,"VENTURA GARCIA CALDERON, RUA",NA,"",412,"","27/01/2013 18:40",2,"CH",97,754," "," ",2,0,0,0,0,0,0,0,0,0,0,1,0,0,0,0,0,18379,"VENTURA GARCIA CALDERON, RUA",NA,"",42,"JARDIM ANGELA",2,0,"VENTURA GARCIA CALDERON, RUA 412 SAO PAULO SP",-23.6773996,-46.636918
"1448","D011301624",23697,"MILTON COTRIM AVELAR, RUA",NA,"",345,"","27/01/2013 20:00",4,"AT",66,470," "," ",1,0,0,0,0,0,0,0,0,0,0,0,0,0,0,0,0,23697,"MILTON COTRIM AVELAR, RUA",NA,"",38,"JACANA",1,0,"MILTON COTRIM AVELAR, RUA 345 SAO PAULO SP",-23.5696585,-46.4876092
"1449","D011300316",7318,"FRANCA PINTO, RUA",NA,"",718,"","27/01/2013 20:30",2,"SI",36,942," "," ",1,1,0,0,0,0,0,0,0,0,0,0,0,0,0,0,0,7318,"FRANCA PINTO, RUA",NA,"",92,"VILA MARIANA",1,0,"FRANCA PINTO, RUA 718 SAO PAULO SP",-23.5879936,-46.6433226
"1450","D011301628",75433,"LATINOS, AV DOS",NA,"",1180,"","27/01/2013 20:37",4,"AT",66,596," "," ",0,0,0,0,0,0,0,0,0,0,0,0,0,0,0,1,0,75433,"LATINOS, AV DOS",NA,"",38,"JACANA",1,0,"LATINOS, AV DOS 1180 SAO PAULO SP",-23.5735386,-46.4945045
"1451","D011300621",8000,"GIOVANNI GRONCHI, AV",NA,"",6030,"","27/01/2013 21:00",2,"CL",89,720," "," ",1,1,0,0,0,0,0,0,0,0,0,0,0,0,0,0,0,8000,"GIOVANNI GRONCHI, AV",NA,"",55,"MORUMBI",2,0,"GIOVANNI GRONCHI, AV 6030 SAO PAULO SP",-23.6318255,-46.7368545
"1452","D011300183",1356,"ANGELICA, AV",9646,"ITU, RUA BRA DE",0,"","27/01/2013 21:30",2,"CO",77,502," "," ",1,1,0,0,0,0,0,0,0,0,0,0,0,0,0,0,0,1356,"ANGELICA, AV",9646,"ITU, RUA BRA DE",70,"SANTA CECILIA",1,0,"ANGELICA, AV SAO PAULO SP &  ITU, RUA BRA DE SAO PAULO SP",-23.5474146,-46.6586504
"1453","D011300813",35291,"VALORBE, RUA",NA,"",500,"","27/01/2013 21:56",2,"CF",38,793," "," ",1,1,0,0,0,0,0,0,0,0,0,0,0,0,0,0,0,35291,"VALORBE, RUA",NA,"",8,"BELEM",1,0,"VALORBE, RUA 500 SAO PAULO SP",-23.4750435,-46.6455802
"1454","D011301249",12403,"M'BOI MIRIM, ES",NA,"",500,"","27/01/2013 22:15",2,"CO",92,1117," "," ",1,1,0,0,0,0,0,0,0,0,0,0,0,0,0,0,0,12403,"M'BOI MIRIM, ES",NA,"",42,"JARDIM ANGELA",1,0,"M'BOI MIRIM, ES 500 SAO PAULO SP",-23.5505199,-46.6333094
"1455","D011300989",7645,"FRONTIN, AV CD DE",NA,"",10,"","27/01/2013 22:24",2,"CT",21,1052,"B"," ",1,1,0,0,0,0,0,0,0,0,0,0,0,0,0,0,0,7645,"FRONTIN, AV CD DE",NA,"",93,"VILA MATILDE",1,0,"FRONTIN, AV CD DE 10 SAO PAULO SP",-23.5505199,-46.6333094
"1456","D011300877",41768,"ROMULO NALDI, RUA",NA,"",126,"","27/01/2013 23:24",2,"CO",72,804," "," ",0,2,0,0,0,0,0,0,0,0,0,0,0,0,0,0,0,41768,"ROMULO NALDI, RUA",NA,"",40,"JAGUARE",3,0,"ROMULO NALDI, RUA 126 SAO PAULO SP",-23.4545263,-46.6832973
"1457","D011301736",2884,"BARRETOS, RUA",NA,"",153,"","27/01/2013 23:35",4,"AT",52,335," "," ",1,0,0,0,0,0,0,0,0,0,0,0,0,0,0,0,0,2884,"BARRETOS, RUA",NA,"",NA,"",0,1,"BARRETOS, RUA 153 SAO PAULO SP",-23.5622059,-46.5850895
"1458","D011300546",46890,"ALEXIOS JAFET (ESTR.CAMPINAS), AV",NA,"",2400,"","28/01/2013 00:45",2,"SI",46,848," "," ",0,2,0,0,0,0,0,0,0,0,0,0,0,0,0,0,0,46890,"ALEXIOS JAFET (ESTR.CAMPINAS), AV",NA,"",41,"JARAGUA",3,0,"ALEXIOS JAFET (ESTR.CAMPINAS), AV 2400 SAO PAULO SP",-23.5024192,-46.7220697
"1459","D011300864",15258,"OUTONO, RUA DO",NA,"",200,"","28/01/2013 01:00",2,"SI",45,806," "," ",0,1,0,0,0,0,0,0,0,0,0,0,0,0,0,0,0,15258,"OUTONO, RUA DO",NA,"",11,"BRASILANDIA",1,0,"OUTONO, RUA DO 200 SAO PAULO SP",-23.4612284,-46.6928419
"1460","D011301685",13019,"ESCOLA POLITECNICA, AV",NA,"",4285,"","28/01/2013 02:39",2,"CH",14,846," "," ",1,0,0,0,0,0,0,0,0,0,0,0,0,0,0,0,0,13019,"ESCOLA POLITECNICA, AV",NA,"",40,"JAGUARE",3,2,"ESCOLA POLITECNICA, AV 4285 SAO PAULO SP",-23.5706392,-46.7626763
"1461","D011301520",17135,"RIO DAS PEDRAS, AV",NA,"",1798,"","28/01/2013 04:00",2,"CO",41,523," "," ",1,0,1,0,0,0,0,0,0,0,0,0,0,0,0,0,0,17135,"RIO DAS PEDRAS, AV",NA,"",27,"CURSINO",2,0,"RIO DAS PEDRAS, AV 1798 SAO PAULO SP",-23.5696439,-46.5083157
"1462","D011301642",75437,"PIRANGUCU, AV",NA,"",10,"","28/01/2013 04:00",2,"CO",69,908," "," ",0,1,0,0,0,0,0,0,0,0,0,0,0,0,0,0,0,75437,"PIRANGUCU, AV",NA,"",27,"CURSINO",1,0,"PIRANGUCU, AV 10 SAO PAULO SP",-23.5872688,-46.499811
"1463","D011301160",17772,"SANT'ANNA, AV COMEN",NA,"",848,"","28/01/2013 06:00",2,"CO",47,1127," "," ",0,1,0,0,0,0,0,0,0,0,0,0,0,0,0,1,0,17772,"SANT'ANNA, AV COMEN",NA,"",29,"FREGUESIA DO O",1,0,"SANT'ANNA, AV COMEN 848 SAO PAULO SP",-23.5186813,-46.6999583
"1464","D011301237",60492,"GABRIEL FAURE, RUA",NA,"",212,"","28/01/2013 06:50",2,"SI",92,574," "," ",1,1,0,0,0,0,0,0,0,0,0,0,0,0,0,0,0,60492,"GABRIEL FAURE, RUA",NA,"",32,"IGUATEMI",1,0,"GABRIEL FAURE, RUA 212 SAO PAULO SP",-23.6602637,-46.7366126
"1465","D011301583",99997,"TEXTEIS, RUA DOS",NA,"",1741,"","28/01/2013 06:50",2,"QD",54,504,"C"," ",0,0,1,0,0,0,0,0,0,0,0,0,0,0,0,0,0,99997,"TEXTEIS, RUA DOS",NA,"",25,"CIDADE TIRADENT",3,0,"TEXTEIS, RUA DOS 1741 SAO PAULO SP",-23.5959645,-46.4004462
"1467","D011301117",19931,"WASHINGTON LUIS, AV",NA,"",45,"","28/01/2013 07:16",2,"QM",11,1008," "," ",0,1,0,0,0,0,0,0,0,0,0,0,0,0,0,0,0,19931,"WASHINGTON LUIS, AV",NA,"",30,"GRAJAU",1,0,"WASHINGTON LUIS, AV 45 SAO PAULO SP",-23.6604977,-46.7040511
"1468","D011300724",6314,"ELI, RUA",3830,"LUIS FELIPE DE ORLEANS, RUA DOM",0,"","28/01/2013 07:20",4,"AT",19,376," "," ",1,0,0,0,0,0,0,0,0,0,0,0,0,0,0,0,0,3830,"LUIS FELIPE DE ORLEANS, RUA DOM",6314,"ELI, RUA",91,"VILA MARIA",1,0,"ELI, RUA SAO PAULO SP &  LUIS FELIPE DE ORLEANS, RUA DOM SAO PAULO SP",-23.5200181,-46.5881963
"1469","D011301544",9044,"RAGUEB CHOHFI, AV",NA,"",3570,"","28/01/2013 07:25",2,"CO",49,1332," "," ",1,1,0,0,0,0,0,0,0,0,0,0,0,0,0,0,0,9044,"RAGUEB CHOHFI, AV",NA,"",32,"IGUATEMI",1,0,"RAGUEB CHOHFI, AV 3570 SAO PAULO SP",-23.5952868,-46.4510491
"1471","D011301643",65872,"ANTONIO DE FRANCA E SILVA, RUA",NA,"",100,"","28/01/2013 07:56",2,"CO",69,909," "," ",1,0,0,0,1,0,0,0,0,0,0,0,0,0,0,0,0,65872,"ANTONIO DE FRANCA E SILVA, RUA",NA,"",56,"PARELHEIROS",1,0,"ANTONIO DE FRANCA E SILVA, RUA 100 SAO PAULO SP",-23.6157422,-46.5014833
"1472","D011300221",33750,"MACHADO, RUA PDE",6013,"DOMINGOS DE MORAIS, RUA",0,"","28/01/2013 08:00",2,"CO",16,1203," "," ",1,1,0,0,0,0,0,0,0,0,0,0,0,0,0,0,0,6013,"DOMINGOS DE MORAIS, RUA",15025,"ONZE DE JUNHO, AV",79,"SAUDE",1,0,"MACHADO, RUA PDE SAO PAULO SP &  DOMINGOS DE MORAIS, RUA SAO PAULO SP",-23.884799,-47.9859451
"1473","D011300457",14129,"MONICA, AV STA",17050,"RIBEIRAO VERMELHO, RUA",0,"","28/01/2013 08:45",2,"QD",33,856," "," ",0,0,1,0,0,0,0,0,0,0,0,0,0,0,0,0,0,14129,"MONICA, AV STA",17050,"RIBEIRAO VERMELHO, RUA",64,"PIRITUBA",1,0,"MONICA, AV STA SAO PAULO SP &  RIBEIRAO VERMELHO, RUA SAO PAULO SP",-23.4809742,-46.7486505
"1474","D011300860",64512,"ABILIO PRIMO NALIM, RUA",NA,"",193,"","28/01/2013 08:54",2,"CO",45,228," "," ",1,0,1,0,0,0,0,0,0,0,0,0,0,0,0,0,0,64512,"ABILIO PRIMO NALIM, RUA",NA,"",4,"ARICANDUVA",1,0,"ABILIO PRIMO NALIM, RUA 193 SAO PAULO SP",-23.4778168,-46.6948492
"1476","D011301295",14743,"SABARA, AV NSRA DO",NA,"",3557,"","28/01/2013 09:00",2,"CO",99,900002," "," ",1,1,0,0,0,0,0,0,0,0,0,0,0,0,0,0,0,14743,"SABARA, AV NSRA DO",NA,"",16,"CAMPO GRANDE",1,0,"SABARA, AV NSRA DO 3557 SAO PAULO SP",-23.5505199,-46.6333094
"1477","D011300676",2455,"ATALIBA LEONEL, AV GAL",NA,"",1353,"","28/01/2013 09:17",4,"AT",9,618," "," ",1,0,0,0,0,0,0,0,0,0,0,0,0,0,0,0,0,2455,"ATALIBA LEONEL, AV GAL",NA,"",88,"VILA GUILHERME",1,0,"ATALIBA LEONEL, AV GAL 1353 SAO PAULO SP",-23.5014975,-46.6158285
"1479","D011300652",9836,"JAGUARE, AV",NA,"",496,"","28/01/2013 09:23",4,"AT",93,618," "," ",0,1,0,0,0,0,0,0,0,0,0,0,0,0,0,0,0,9836,"JAGUARE, AV",NA,"",40,"JAGUARE",2,0,"JAGUARE, AV 496 SAO PAULO SP",-23.5558366,-46.7436543
"1480","D011300440",6471,"SAO VICENTE, AV MARQ DE",NA,"",587,"","28/01/2013 09:30",4,"AT",23,460," "," ",0,0,0,0,0,0,0,1,0,0,0,0,0,0,0,0,0,6471,"SAO VICENTE, AV MARQ DE",NA,"",6,"BARRA FUNDA",1,0,"SAO VICENTE, AV MARQ DE 587 SAO PAULO SP",-23.5217692,-46.6658603
"1481","D011300850",15188,"OTAVIANO ALVES DE LIMA, AV",3813,"CAETANO ALVARES, AV ENG",0,"","28/01/2013 10:00",2,"CO",40,307,"R"," ",0,1,1,1,0,0,0,0,0,0,0,0,0,0,0,0,0,3813,"CAETANO ALVARES, AV ENG",15188,"OTAVIANO ALVES DE LIMA, AV",21,"CASA VERDE",2,0,"OTAVIANO ALVES DE LIMA, AV SAO PAULO SP &  CAETANO ALVARES, AV ENG SAO PAULO SP",-23.5076655,-46.7073803
"1482","D011300036",1421,"ANHAIA, RUA",9952,"JARAGUA, RUA",0,"","28/01/2013 10:15",4,"AT",2,511," "," ",0,1,0,0,0,0,0,0,0,0,0,0,0,0,0,0,0,1421,"ANHAIA, RUA",9952,"JARAGUA, RUA",9,"BOM RETIRO",1,0,"ANHAIA, RUA SAO PAULO SP &  JARAGUA, RUA SAO PAULO SP",-23.5244032,-46.6450034
"1483","D011300710",2479,"ATILIO PIFFER, RUA",20043,"ZANZIBAR, RUA",0,"","28/01/2013 10:15",2,"CO",13,923," "," ",1,1,0,0,0,0,0,0,0,0,0,0,0,0,0,0,0,2479,"ATILIO PIFFER, RUA",20043,"ZANZIBAR, RUA",21,"CASA VERDE",1,0,"ATILIO PIFFER, RUA SAO PAULO SP &  ZANZIBAR, RUA SAO PAULO SP",-23.5101768,-46.65999
"1485","D011301545",2181,"ARICANDUVA, AV",NA,"",12050,"","28/01/2013 11:01",2,"CO",49,1345," "," ",3,0,0,0,0,0,0,0,0,0,0,0,0,0,0,0,0,2181,"ARICANDUVA, AV",NA,"",60,"PENHA",1,0,"ARICANDUVA, AV 12050 SAO PAULO SP",-23.5931136,-46.4691051
"1487","D011300167",5444,"COSTA VALENTE, RUA DR",4736,"CELSO GARCIA, AV",0,"","28/01/2013 12:20",4,"AT",12,565," "," ",1,0,0,0,0,0,0,0,0,0,0,0,0,0,0,0,0,4736,"CELSO GARCIA, AV",5444,"COSTA VALENTE, RUA DR",10,"BRAS",1,0,"COSTA VALENTE, RUA DR SAO PAULO SP &  CELSO GARCIA, AV SAO PAULO SP",-23.5399893,-46.6103658
"1488","D011300755",67773,"DOMINGOS DE QUEIROZ, RUA",66944,"SILVERIO DIAS, RUA",0,"","28/01/2013 12:30",2,"SI",20,854," "," ",1,1,0,0,0,0,0,0,0,0,0,0,0,0,0,0,0,66944,"SILVERIO DIAS, RUA",67773,"DOMINGOS DE QUEIROZ, RUA",83,"TREMEMBE",1,0,"DOMINGOS DE QUEIROZ, RUA SAO PAULO SP &  SILVERIO DIAS, RUA SAO PAULO SP",-23.4550652,-46.6094533
"1489","D011300722",8478,"GUILHERME COTCHING, AV",2099,"ARARITAGUABA, RUA",0,"","28/01/2013 12:40",4,"AT",19,375," "," ",0,0,0,0,0,0,0,0,0,0,0,0,0,0,0,1,0,2099,"ARARITAGUABA, RUA",8478,"GUILHERME COTCHING, AV",NA,"",1,0,"GUILHERME COTCHING, AV SAO PAULO SP &  ARARITAGUABA, RUA SAO PAULO SP",-23.5186365,-46.5897343
"1490","D011301316",99424,"ARROIO SAO GON€ALO, TR",NA,"",38,"","28/01/2013 12:59",4,"AT",101,232," "," ",0,0,0,1,0,0,0,0,0,0,0,0,0,0,0,0,0,99424,"ARROIO SAO GON€ALO, TR",NA,"",NA,"",1,0,"ARROIO SAO GONÃ‡ALO, TR 38 SAO PAULO SP",-23.7364229,-46.6708038
"1491","D011300834",9978,"JARDIM JAPAO, AV",17728,"SANATORIO, AV",0,"","28/01/2013 13:25",2,"CO",39,456," "," ",1,0,0,0,1,0,0,0,0,0,0,0,0,0,0,0,0,9978,"JARDIM JAPAO, AV",18385,"SODRE E SILVA, RUA",94,"VILA MEDEIROS",1,0,"JARDIM JAPAO, AV SAO PAULO SP &  SANATORIO, AV SAO PAULO SP",-23.4831307,-46.5800117
"1492","D011301738",4659,"CAXIAS, AV DUQ DE",NA,"",375,"","28/01/2013 13:30",4,"AT",2,707," "," ",1,0,0,0,0,0,0,0,0,0,0,0,0,0,0,0,0,4659,"CAXIAS, AV DUQ DE",NA,"",NA,"",0,1,"CAXIAS, AV DUQ DE 375 SAO PAULO SP",-23.5505199,-46.6333094
"1493","D011300677",4219,"ZAKI NARCHI, AV",NA,"",82,"","28/01/2013 13:30",4,"AT",9,623," "," ",0,1,0,0,0,0,0,0,0,0,0,0,0,0,0,0,0,4219,"ZAKI NARCHI, AV",NA,"",88,"VILA GUILHERME",1,0,"ZAKI NARCHI, AV 82 SAO PAULO SP",-23.5117045,-46.6241841
"1494","D011300446",8044,"GODOI, RUA MIN",NA,"",1040,"","28/01/2013 13:50",2,"CO",23,933," "," ",1,1,0,0,0,0,0,0,0,0,0,0,0,0,0,0,0,8044,"GODOI, RUA MIN",NA,"",61,"PERDIZES",1,0,"GODOI, RUA MIN 1040 SAO PAULO SP",-23.5379996,-46.6721446
"1495","D011300756",8238,"GUACA, AV DO",9335,"IRES LEONOR, RUA",0,"","28/01/2013 13:52",2,"SI",20,858," "," ",1,1,0,0,0,0,0,0,0,0,0,0,0,0,0,0,0,8238,"GUACA, AV DO",9335,"IRES LEONOR, RUA",51,"MANDAQUI",2,0,"GUACA, AV DO SAO PAULO SP &  IRES LEONOR, RUA SAO PAULO SP",-23.477498,-46.6352752
"1496","D011301034",19708,"VILA EMA, AV",NA,"",2223,"","28/01/2013 13:58",2,"CO",42,358," "," ",1,0,1,0,0,0,0,0,0,0,0,0,0,0,0,0,0,19708,"VILA EMA, AV",NA,"",26,"CONSOLACAO",1,0,"VILA EMA, AV 2223 SAO PAULO SP",-23.581321,-46.5548179
"1497","D011301421",68244,"ERVA DE SANTA LUZIA, RUA",NA,"",330,"","28/01/2013 15:10",2,"CO",59,396," "," ",1,1,0,0,0,0,0,0,0,0,0,0,0,0,0,0,0,68244,"ERVA DE SANTA LUZIA, RUA",NA,"",53,"MOEMA",1,0,"ERVA DE SANTA LUZIA, RUA 330 SAO PAULO SP",-23.4898903,-46.4170027
"1498","D011301607",75483,"SERTANISTAS, AV DOS",NA,"",1525,"","28/01/2013 15:25",2,"CO",55,1376," "," ",0,1,0,0,0,0,0,0,0,0,0,0,0,0,0,1,0,75483,"SERTANISTAS, AV DOS",NA,"",55,"MORUMBI",1,0,"SERTANISTAS, AV DOS 1525 SAO PAULO SP",-23.6323589,-46.4471761
"1499","D011301238",12134,"ANTONIO RAMOS ROSA, RUA",NA,"",815,"","28/01/2013 17:20",2,"CO",92,597," "," ",1,1,0,0,0,0,0,0,0,0,0,0,0,0,0,0,0,12134,"ANTONIO RAMOS ROSA, RUA",NA,"",45,"JARDIM SAO LUIS",1,0,"ANTONIO RAMOS ROSA, RUA 815 SAO PAULO SP",-23.6617017,-46.7509284
"1501","D011300639",11630,"LAURINDO DE BRITO, RUA",44223,"COMERCIANTE, PCA DO",0,"","28/01/2013 18:15",2,"QM",91,699," "," ",0,1,0,0,0,0,0,0,0,0,0,0,0,0,0,0,0,7841,"GAVIAO PEIXOTO, RUA BRIG",11630,"LAURINDO DE BRITO, RUA",48,"LAPA",1,0,"LAURINDO DE BRITO, RUA SAO PAULO SP &  COMERCIANTE, PCA DO SAO PAULO SP",-23.5227293,-46.7180748
"1502","D011300485",12502,"MAGALHAES DE CASTRO, AV",NA,"",13000,"","28/01/2013 18:20",2,"CL",34,571," "," ",1,1,0,0,0,0,0,0,0,0,0,0,0,0,0,0,0,13014,"MARGINAL DO RIO PINHEIROS, AV",NA,"",12,"BUTANTA",1,0,"MAGALHAES DE CASTRO, AV 13000 SAO PAULO SP",-23.6128012,-46.7008832
"1503","D011301060",15047,"ORFANATO, RUA",NA,"",328,"","28/01/2013 18:34",2,"CO",56,585," "," ",1,1,0,0,0,0,0,0,0,0,0,0,0,0,0,0,0,15047,"ORFANATO, RUA",NA,"",33,"IPIRANGA",1,0,"ORFANATO, RUA 328 SAO PAULO SP",-23.5801354,-46.5822372
"1504","D011301070",15034,"ORATORIO, RUA DO",NA,"",1395,"","28/01/2013 18:50",4,"AT",57,380," "," ",0,1,0,0,0,0,0,0,0,0,0,0,0,0,0,0,0,15034,"ORATORIO, RUA DO",NA,"",16,"CAMPO GRANDE",1,0,"ORATORIO, RUA DO 1395 SAO PAULO SP",-23.564064,-46.5902941
"1506","D011300037",11326,"JULIO CONCEICAO, RUA",9489,"ITALIANOS, RUA DOS",0,"","28/01/2013 19:40",2,"CO",2,521," "," ",1,0,0,0,0,0,0,0,0,0,0,0,0,0,0,0,0,9489,"ITALIANOS, RUA DOS",11326,"JULIO CONCEICAO, RUA",9,"BOM RETIRO",1,0,"JULIO CONCEICAO, RUA SAO PAULO SP &  ITALIANOS, RUA DOS SAO PAULO SP",-23.5267822,-46.6400912
"1508","D011301009",18067,"SERRA DE BOTUCATU, RUA",14178,"MONTE SERRAT, RUA",0,"","28/01/2013 23:40",2,"CV",30,534," "," ",1,0,1,0,0,0,0,0,0,0,0,0,0,0,0,0,0,14178,"MONTE SERRAT, RUA",18067,"SERRA DE BOTUCATU, RUA",82,"TATUAPE",1,0,"SERRA DE BOTUCATU, RUA SAO PAULO SP &  MONTE SERRAT, RUA SAO PAULO SP",-23.5406817,-46.552644
"1509","D011301491",11542,"NORDESTINA, AV",NA,"",5165,"","29/01/2013 01:02",2,"CO",67,1205," "," ",2,1,0,0,0,0,0,0,0,0,0,0,0,0,0,0,0,11542,"NORDESTINA, AV",NA,"",76,"SAO MIGUEL",2,0,"NORDESTINA, AV 5165 SAO PAULO SP",-23.5233712,-46.4182293
"1510","D011301629",2181,"ARICANDUVA, AV",60675,"AFONSO DE SAMPAIO E SOUSA, AV",0,"","29/01/2013 04:20",2,"CO",66,1554," "," ",2,0,0,0,0,0,0,0,0,0,0,0,0,0,0,0,0,2181,"ARICANDUVA, AV",60675,"AFONSO DE SAMPAIO E SOUSA, AV",75,"SAO MATEUS",1,0,"ARICANDUVA, AV SAO PAULO SP &  AFONSO DE SAMPAIO E SOUSA, AV SAO PAULO SP",-23.5479783,-46.5260893
"1511","D011301569",60675,"AFONSO DE SAMPAIO E SOUSA, AV",2181,"ARICANDUVA, AV",0,"","29/01/2013 05:00",2,"CO",53,1390," "," ",1,0,1,0,0,0,0,0,0,0,0,0,0,0,0,0,0,2181,"ARICANDUVA, AV",60675,"AFONSO DE SAMPAIO E SOUSA, AV",75,"SAO MATEUS",1,0,"AFONSO DE SAMPAIO E SOUSA, AV SAO PAULO SP &  ARICANDUVA, AV SAO PAULO SP",-23.5658443,-46.4678549
"1512","D011300222",6013,"DOMINGOS DE MORAIS, RUA",15025,"ONZE DE JUNHO, AV",0,"","29/01/2013 06:32",2,"CO",16,1259," "," ",3,0,0,0,0,0,0,0,0,0,0,0,0,0,0,0,0,6013,"DOMINGOS DE MORAIS, RUA",15025,"ONZE DE JUNHO, AV",79,"SAUDE",2,0,"DOMINGOS DE MORAIS, RUA SAO PAULO SP &  ONZE DE JUNHO, AV SAO PAULO SP",-23.591806,-46.6362643
"1513","D011300275",35829,"MOREIRA GUIMARAES, AV",NA,"",367,"","29/01/2013 06:34",2,"CO",27,996," "," ",1,1,0,0,0,0,0,0,0,0,0,0,0,0,0,0,0,35829,"MOREIRA GUIMARAES, AV",NA,"",24,"CIDADE LIDER",1,0,"MOREIRA GUIMARAES, AV 367 SAO PAULO SP",-23.607613,-46.6528343
"1514","D011300995",27094,"SALIM FARAH MALUF, AV",14202,"MONTESINA, RUA",0,"","29/01/2013 06:50",2,"QM",29,383," "," ",0,1,0,0,0,0,0,0,0,0,0,0,0,0,0,0,0,14202,"MONTESINA, RUA",27094,"SALIM FARAH MALUF, AV",1,"AGUA RASA",1,0,"SALIM FARAH MALUF, AV SAO PAULO SP &  MONTESINA, RUA SAO PAULO SP",-23.5555392,-46.5773751
"1516","D011300276",15887,"PEDRO BUENO, AV",NA,"",1089,"","29/01/2013 07:20",4,"AT",27,997," "," ",1,0,0,0,0,0,0,0,0,0,0,0,0,0,0,0,0,15887,"PEDRO BUENO, AV",NA,"",30,"GRAJAU",1,0,"PEDRO BUENO, AV 1089 SAO PAULO SP",-23.6379983,-46.6529514
"1517","D011301201",63003,"ALZIRO PINHEIRO MAGALHAES, RUA",NA,"",517,"","29/01/2013 07:40",2,"CO",85,534," "," ",1,1,0,0,0,0,0,0,0,0,0,0,0,0,0,0,0,63003,"ALZIRO PINHEIRO MAGALHAES, RUA",NA,"",32,"IGUATEMI",1,0,"ALZIRO PINHEIRO MAGALHAES, RUA 517 SAO PAULO SP",-23.7622935,-46.6840933
"1518","D011300277",19100,"BANDEIRANTES, AV DOS",NA,"",2661,"","29/01/2013 07:45",2,"CO",27,998," "," ",1,1,0,0,0,0,0,0,0,0,0,0,0,0,0,0,0,19100,"BANDEIRANTES, AV DOS",NA,"",24,"CIDADE LIDER",1,0,"BANDEIRANTES, AV DOS 2661 SAO PAULO SP",-23.6116599,-46.6732099
"1520","D011300514",34682,"CAMPO LIMPO, ES DO",NA,"",3518,"","29/01/2013 08:50",2,"CO",37,805," "," ",1,0,0,0,0,0,0,1,0,0,0,0,0,0,0,0,0,34682,"CAMPO LIMPO, ES DO",NA,"",17,"CAMPO LIMPO",2,0,"CAMPO LIMPO, ES DO 3518 SAO PAULO SP",-23.2019463,-46.785846
"1521","D011300560",16878,"RAPOSO TAVARES, VIA",NA,"",13100,"","29/01/2013 08:50",2,"CO",51,483," "," ",2,1,0,0,0,0,0,0,0,0,0,0,0,0,0,0,0,16878,"RAPOSO TAVARES, VIA",NA,"",13,"CACHOEIRINHA",2,0,"RAPOSO TAVARES, VIA 13100 SAO PAULO SP",-23.5660906,-47.872894
"1522","D011301172",15507,"TEOTONIO VILELA, AV SEN",NA,"",1017,"","29/01/2013 09:15",4,"AT",48,375,"C"," ",0,0,0,0,0,0,0,1,0,0,0,0,0,0,0,0,0,15507,"TEOTONIO VILELA, AV SEN",NA,"",23,"CIDADE DUTRA",1,0,"TEOTONIO VILELA, AV SEN 1017 SAO PAULO SP",-23.7105084,-46.6993105
"1524","D011300246",2223,"ARLINDO VIEIRA, AV PDE",NA,"",2000,"","29/01/2013 10:03",4,"AT",26,806," "," ",1,0,0,0,0,0,0,0,0,0,0,0,0,0,0,0,0,2223,"ARLINDO VIEIRA, AV PDE",NA,"",21,"CASA VERDE",1,0,"ARLINDO VIEIRA, AV PDE 2000 SAO PAULO SP",-23.5505199,-46.6333094
"1525","D011301288",6238,"NACOES UNIDAS, AV DAS",NA,"",21335,"","29/01/2013 10:29",2,"CO",99,401," "," ",1,1,0,0,0,0,0,0,0,0,0,0,0,0,0,0,0,13014,"MARGINAL DO RIO PINHEIROS, AV",NA,"",90,"VILA LEOPOLDINA",1,0,"NACOES UNIDAS, AV DAS 21335 SAO PAULO SP",-23.6791495,-46.6960585