"","id_acidente","codloga","logradouroA","codlogb","logradouroB","alt_num","referencia","data","cod_acid","tipo_acidente","dp","numero_BO","sentido","pista","automovel","moto","onibus","caminhao","bicicleta","moto_taxi","onibus_fretado","onibus_urbano","microonibus","van","vuc","caminhonete","carreta","jipe","outros","sem_informacao","carroca","princ_a","paiA","princ_b","paiB","cod_distrito","distrito","vit_ferida","vit_morta","local","lat","lon"
"1526","D011300297",4596,"CATARINA, AV STA",NA,"",1549,"","29/01/2013 10:30",4,"AT",35,889," "," ",0,0,0,0,0,0,0,1,0,0,0,0,0,0,0,0,0,4596,"CATARINA, AV STA",NA,"",37,"JABAQUARA",1,0,"CATARINA, AV STA 1549 SAO PAULO SP",-23.648441,-46.6622711
"1527","D011300835",6001,"DOMINGOS CALHEIROS, RUA",NA,"",268,"","29/01/2013 11:00",4,"AT",39,475," "," ",1,0,0,0,0,0,0,0,0,0,0,0,0,0,0,0,0,6001,"DOMINGOS CALHEIROS, RUA",NA,"",84,"TUCURUVI",1,0,"DOMINGOS CALHEIROS, RUA 268 SAO PAULO SP",-23.4792128,-46.6093469
"1528","D011300411",2149,"ARCOVERDE, RUA CARD",NA,"",2432,"","29/01/2013 11:40",4,"AT",14,908," "," ",0,1,0,0,0,0,0,0,0,0,0,0,0,0,0,0,0,2149,"ARCOVERDE, RUA CARD",NA,"",44,"JARDIM PAULISTA",1,0,"ARCOVERDE, RUA CARD 2432 SAO PAULO SP",-23.5654263,-46.6932772
"1529","D011300083",2722,"BAHIA, RUA",15412,"PARA, RUA",0,"","29/01/2013 12:00",4,"AT",4,728," "," ",1,0,0,0,0,0,0,0,0,0,0,0,0,0,0,0,0,2722,"BAHIA, RUA",15412,"PARA, RUA",26,"CONSOLACAO",1,0,"BAHIA, RUA SAO PAULO SP &  PARA, RUA SAO PAULO SP",-23.5430035,-46.6595489
"1530","D011301566",37158,"HIROVO KAMINOBO, RUA",NA,"",31,"","29/01/2013 12:30",4,"AT",53,628," "," ",1,0,0,0,0,0,0,0,0,0,0,0,0,0,0,0,0,37158,"HIROVO KAMINOBO, RUA",NA,"",50,"LIMAO",1,0,"HIROVO KAMINOBO, RUA 31 SAO PAULO SP",-23.5721345,-46.4424639
"1531","D011300019",11818,"LIBERDADE, AV DA",NA,"",100,"","29/01/2013 12:50",4,"AT",1,744," "," ",0,1,0,0,0,0,0,0,0,0,0,0,0,0,0,0,0,11818,"LIBERDADE, AV DA",NA,"",49,"LIBERDADE",1,0,"LIBERDADE, AV DA 100 SAO PAULO SP",-23.5538118,-46.6352436
"1532","D011300542",46890,"ALEXIOS JAFET (ESTR.CAMPINAS), AV",NA,"",1808,"","29/01/2013 13:14",2,"SI",46,490," "," ",1,1,0,0,0,0,0,0,0,0,0,0,0,0,0,0,0,46890,"ALEXIOS JAFET (ESTR.CAMPINAS), AV",NA,"",41,"JARAGUA",1,0,"ALEXIOS JAFET (ESTR.CAMPINAS), AV 1808 SAO PAULO SP",-23.5734913,-46.6606698
"1533","D011301546",13671,"MATEO BEI, AV",6206,"EDMUR WHITAKER, RUA DR",0,"","29/01/2013 13:40",2,"CL",49,1408," "," ",1,0,0,0,1,0,0,0,0,0,0,0,0,0,0,0,0,6206,"EDMUR WHITAKER, RUA DR",13671,"MATEO BEI, AV",75,"SAO MATEUS",1,0,"MATEO BEI, AV SAO PAULO SP &  EDMUR WHITAKER, RUA DR SAO PAULO SP",-23.5972768,-46.4866619
"1534","D011300836",14734,"LORETO, AV NSRA DO",NA,"",755,"","29/01/2013 14:10",4,"AT",39,477," "," ",0,1,0,0,0,0,0,0,0,0,0,0,0,0,0,0,0,14734,"LORETO, AV NSRA DO",NA,"",94,"VILA MEDEIROS",1,0,"LORETO, AV NSRA DO 755 SAO PAULO SP",-23.5505199,-46.6333094
"1535","D011300441",671,"ALFONSO BOVERO, AV PROF",NA,"",520,"","29/01/2013 14:20",4,"AT",23,492,"B"," ",0,1,0,0,0,0,0,0,0,0,0,0,0,0,0,0,0,671,"ALFONSO BOVERO, AV PROF",NA,"",61,"PERDIZES",1,0,"ALFONSO BOVERO, AV PROF 520 SAO PAULO SP",-23.5411526,-46.6822533
"1536","D011300278",8944,"IBIRAPUERA, AV",NA,"",1800,"","29/01/2013 14:26",4,"AT",27,1023," "," ",1,0,0,0,0,0,0,0,0,0,0,0,0,0,0,0,0,8944,"IBIRAPUERA, AV",NA,"",53,"MOEMA",1,0,"IBIRAPUERA, AV 1800 SAO PAULO SP",-23.6008518,-46.6597463
"1537","D011300575",16878,"RAPOSO TAVARES, VIA",NA,"",18700,"","29/01/2013 14:30",2,"CO",75,356," "," ",1,0,0,0,0,0,0,0,0,0,0,1,0,0,0,0,0,16878,"RAPOSO TAVARES, VIA",NA,"",13,"CACHOEIRINHA",2,0,"RAPOSO TAVARES, VIA 18700 SAO PAULO SP",-23.5100599,-48.5114225
"1538","D011300515",34682,"CAMPO LIMPO, ES DO",NA,"",900,"","29/01/2013 15:06",4,"AT",37,827," "," ",1,0,0,0,0,0,0,0,0,0,0,0,0,0,0,0,0,34682,"CAMPO LIMPO, ES DO",NA,"",17,"CAMPO LIMPO",1,0,"CAMPO LIMPO, ES DO 900 SAO PAULO SP",-23.2019463,-46.785846
"1539","D011301071",19018,"TOBIAS BARRETO, RUA",NA,"",306,"","29/01/2013 15:15",4,"AT",57,398," "," ",1,0,0,0,0,0,0,0,0,0,0,0,0,0,0,0,0,19018,"TOBIAS BARRETO, RUA",NA,"",10,"BRAS",1,0,"TOBIAS BARRETO, RUA 306 SAO PAULO SP",-23.5548353,-46.5916546
"1540","D011300344",999,"SANTO AMARO, AV",NA,"",2866,"","29/01/2013 15:27",2,"CO",96,443," "," ",2,0,0,0,0,0,0,0,0,0,0,1,0,0,0,0,0,999,"SANTO AMARO, AV",NA,"",34,"ITAIM BIBI",1,0,"SANTO AMARO, AV 2866 SAO PAULO SP",-23.6100703,-46.6772582
"1541","D011301502",11542,"NORDESTINA, AV",NA,"",6290,"","29/01/2013 16:00",4,"AT",68,346," "," ",0,1,0,0,0,0,0,0,0,0,0,0,0,0,0,0,0,11542,"NORDESTINA, AV",NA,"",76,"SAO MIGUEL",1,0,"NORDESTINA, AV 6290 SAO PAULO SP",-23.5317693,-46.4155019
"1542","D011300232",18760,"TAYLOR, RUA COMTE",NA,"",1180,"","29/01/2013 16:00",2,"CO",17,408," "," ",1,1,0,0,0,0,0,0,0,0,0,0,0,0,0,0,0,18760,"TAYLOR, RUA COMTE",NA,"",18,"CANGAIBA",1,0,"TAYLOR, RUA COMTE 1180 SAO PAULO SP",-23.5505199,-46.6333094
"1543","D011300678",13172,"MARIA CANDIDA, RUA",3936,"CAMARES, RUA DOS",0,"","29/01/2013 16:05",4,"AT",9,658," "," ",0,0,0,0,0,0,0,0,0,0,0,1,0,0,0,0,0,3936,"CAMARES, RUA DOS",13172,"MARIA CANDIDA, RUA",88,"VILA GUILHERME",1,0,"MARIA CANDIDA, RUA SAO PAULO SP &  CAMARES, RUA DOS SAO PAULO SP",-23.503332,-46.6092835
"1545","D011300980",2444,"ASTORGA, RUA",NA,"",729,"","29/01/2013 16:44",4,"AT",21,329," "," ",0,0,1,0,0,0,0,0,0,0,0,0,0,0,0,0,0,2444,"ASTORGA, RUA",NA,"",93,"VILA MATILDE",1,0,"ASTORGA, RUA 729 SAO PAULO SP",-23.5303357,-46.5165287
"1546","D011301323",3509,"BELMIRA MARIN, AV DONA",NA,"",4000,"","29/01/2013 17:30",2,"CO",101,717," "," ",0,1,0,1,0,0,0,0,0,0,0,0,0,0,0,0,0,3509,"BELMIRA MARIN, AV DONA",NA,"",30,"GRAJAU",1,0,"BELMIRA MARIN, AV DONA 4000 SAO PAULO SP",-23.7552125,-46.6777888
"1547","D011301121",954,"AMADOR BUENO DA VEIGA, AV",NA,"",203,"","29/01/2013 18:20",2,"CO",11,1121," "," ",1,1,0,0,0,0,0,0,0,0,0,0,0,0,0,0,0,954,"AMADOR BUENO DA VEIGA, AV",NA,"",60,"PENHA",1,0,"AMADOR BUENO DA VEIGA, AV 203 SAO PAULO SP",-23.5229736,-46.5426776
"1548","D011301729",3509,"BELMIRA MARIN, AV DONA",NA,"",5000,"","29/01/2013 18:30",2,"CF",101,711,"C"," ",0,1,1,0,0,0,0,0,0,0,0,0,0,0,0,0,0,3509,"BELMIRA MARIN, AV DONA",NA,"",30,"GRAJAU",0,1,"BELMIRA MARIN, AV DONA 5000 SAO PAULO SP",-23.7562987,-46.6694393
"1550","D011300313",8944,"IBIRAPUERA, AV",NA,"",1162,"","29/01/2013 19:00",2,"CT",36,463," "," ",1,1,0,0,0,0,0,1,0,0,0,0,0,0,0,0,0,8944,"IBIRAPUERA, AV",NA,"",53,"MOEMA",1,0,"IBIRAPUERA, AV 1162 SAO PAULO SP",-23.5961622,-46.6554784
"1551","D011300085",14433,"NATANAEL, RUA MAJ",2271,"ARNALDO, AV DR",0,"","29/01/2013 19:00",2,"CO",4,827," "," ",0,1,0,0,0,0,0,0,0,0,0,1,0,0,0,0,0,2271,"ARNALDO, AV DR",14433,"NATANAEL, RUA MAJ",26,"CONSOLACAO",1,0,"NATANAEL, RUA MAJ SAO PAULO SP &  ARNALDO, AV DR SAO PAULO SP",-23.5541605,-46.6669735
"1552","D011300928",11073,"JOSE MARIA FERNANDES, AV",NA,"",302,"","29/01/2013 19:57",2,"CO",90,1019," "," ",2,0,0,0,0,0,0,0,0,0,0,0,0,0,0,0,0,11073,"JOSE MARIA FERNANDES, AV",NA,"",91,"VILA MARIA",1,0,"JOSE MARIA FERNANDES, AV 302 SAO PAULO SP",-23.5136597,-46.5678102
"1553","D011301061",8955,"IBITIRAMA, RUA",NA,"",2419,"","29/01/2013 20:30",2,"CO",56,621," "," ",2,0,0,0,0,0,0,0,0,0,0,1,0,0,0,0,0,8955,"IBITIRAMA, RUA",NA,"",95,"VILA PRUDENTE",1,0,"IBITIRAMA, RUA 2419 SAO PAULO SP",-23.600393,-46.5768611
"1554","D011300727",15093,"OSAKA, RUA",NA,"",1002,"","29/01/2013 22:10",2,"SI",19,893," "," ",1,0,0,0,0,0,0,0,0,0,0,0,0,0,0,1,0,15093,"OSAKA, RUA",NA,"",36,"ITAQUERA",1,0,"OSAKA, RUA 1002 SAO PAULO SP",-23.5051359,-46.5727099
"1555","D011301589",45265,"QUINTA SINFONIA, RUA",99564,"CONJUNTO SITIO DA CONCEICAO, RUA",0,"","29/01/2013 22:47",2,"CO",54,900013," "," ",1,1,0,0,0,0,0,0,0,0,0,0,0,0,0,0,0,45265,"QUINTA SINFONIA, RUA",99564,"CONJUNTO SITIO DA CONCEICAO, RUA",25,"CIDADE TIRADENT",1,0,"QUINTA SINFONIA, RUA SAO PAULO SP &  CONJUNTO SITIO DA CONCEICAO, RUA SAO PAULO SP",-23.5770803,-46.3929883
"1556","D011300412",8290,"GUALTER, AV S",NA,"",530,"","29/01/2013 23:12",2,"CO",14,928," "," ",2,0,0,0,0,0,0,0,0,0,0,0,0,0,0,0,0,8290,"GUALTER, AV S",NA,"",2,"ALTO DE PINHEIR",1,0,"GUALTER, AV S 530 SAO PAULO SP",-23.5399552,-46.7121959
"1557","D011300334",19981,"XAVIER, RUA CON",NA,"",25,"","29/01/2013 23:20",4,"AT",95,826," "," ",0,1,0,0,0,0,0,0,0,0,0,0,0,0,0,0,0,19981,"XAVIER, RUA CON",NA,"",18,"CANGAIBA",2,0,"XAVIER, RUA CON 25 SAO PAULO SP",-23.6069723,-46.5935945
"1558","D011301010",14178,"MONTE SERRAT, RUA",34122,"MELO FREIRE, RUA",0,"","30/01/2013 00:07",2,"CT",30,555," "," ",1,1,0,0,0,0,0,0,0,0,0,0,0,0,0,0,0,14178,"MONTE SERRAT, RUA",34122,"MELO FREIRE, RUA",82,"TATUAPE",1,0,"MONTE SERRAT, RUA SAO PAULO SP &  MELO FREIRE, RUA SAO PAULO SP",-23.5478352,-46.5605446
"1559","D011300197",2484,"ATLANTICA, RUA",6651,"ESTADOS UNIDOS, RUA",0,"","30/01/2013 01:40",2,"CO",78,793," "," ",1,1,0,0,0,0,0,0,0,0,0,0,0,0,0,0,0,2484,"ATLANTICA, RUA",6651,"ESTADOS UNIDOS, RUA",44,"JARDIM PAULISTA",1,0,"ATLANTICA, RUA SAO PAULO SP &  ESTADOS UNIDOS, RUA SAO PAULO SP",-23.5666363,-46.6761777
"1560","D011300135",543,"ALCANTARA MACHADO, AV",NA,"",2679,"","30/01/2013 06:57",2,"CL",8,753," "," ",1,1,0,0,0,0,0,0,0,0,0,0,0,0,0,0,0,543,"ALCANTARA MACHADO, AV",NA,"",10,"BRAS",2,0,"ALCANTARA MACHADO, AV 2679 SAO PAULO SP",-23.5462468,-46.5989679
"1561","D011300758",14767,"NOVA CANTAREIRA, AV",NA,"",291,"","30/01/2013 07:30",2,"CF",20,901,"C"," ",1,1,0,0,0,0,0,0,0,0,0,0,0,0,0,0,0,14767,"NOVA CANTAREIRA, AV",NA,"",83,"TREMEMBE",1,0,"NOVA CANTAREIRA, AV 291 SAO PAULO SP",-23.4876131,-46.6217352
"1562","D011301025",12783,"MANUEL BERNARDES, RUA PD",NA,"",165,"","30/01/2013 07:35",2,"CT",31,557," "," ",2,0,0,0,0,0,0,0,0,0,0,0,0,0,0,0,0,12783,"MANUEL BERNARDES, RUA PD",NA,"",20,"CARRAO",2,0,"MANUEL BERNARDES, RUA PD 165 SAO PAULO SP",-23.5486675,-46.528004
"1563","D011300757",18151,"SEZEFREDO FAGUNDES, AV CEL",NA,"",1100,"","30/01/2013 07:40",2,"CH",20,898,"C"," ",1,1,0,0,0,0,0,0,0,0,0,0,0,0,0,0,0,18151,"SEZEFREDO FAGUNDES, AV CEL",NA,"",22,"CIDADE ADEMAR",1,0,"SEZEFREDO FAGUNDES, AV CEL 1100 SAO PAULO SP",-23.4522744,-46.6013306
"1564","D011300851",4819,"CESAR PENA RAMOS, RUA",4438,"JOAQUIM AFONSO DE SOUZA, RUA",0,"","30/01/2013 07:51",2,"SI",40,327," "," ",1,1,0,0,0,0,0,0,0,0,0,0,0,0,0,0,0,4438,"JOAQUIM AFONSO DE SOUZA, RUA",4819,"CESAR PENA RAMOS, RUA",21,"CASA VERDE",1,0,"CESAR PENA RAMOS, RUA SAO PAULO SP &  JOAQUIM AFONSO DE SOUZA, RUA SAO PAULO SP",-23.4894905,-46.6672933
"1565","D011301289",14743,"SABARA, AV NSRA DO",NA,"",1300,"","30/01/2013 08:00",2,"CL",99,424," "," ",0,1,0,0,0,0,0,0,1,0,0,0,0,0,0,0,0,14743,"SABARA, AV NSRA DO",NA,"",16,"CAMPO GRANDE",1,0,"SABARA, AV NSRA DO 1300 SAO PAULO SP",-23.5505199,-46.6333094
"1566","D011300168",10485,"JOAO TEODORO, RUA",NA,"",438,"","30/01/2013 09:30",2,"CH",12,1000," "," ",1,0,0,0,0,0,0,0,0,0,0,0,0,0,0,0,0,10485,"JOAO TEODORO, RUA",NA,"",10,"BRAS",1,0,"JOAO TEODORO, RUA 438 SAO PAULO SP",-23.5336209,-46.6282868
"1567","D011301062",24338,"LUIZ IGNACIO ANHAIA MELLO, AV PROF",NA,"",4600,"","30/01/2013 12:30",4,"AT",56,649," "," ",1,0,0,0,0,0,0,0,0,0,0,0,0,0,0,0,0,24338,"LUIZ IGNACIO ANHAIA MELLO, AV PROF",NA,"",26,"CONSOLACAO",1,0,"LUIZ IGNACIO ANHAIA MELLO, AV PROF 4600 SAO PAULO SP",-23.5859813,-46.58934
"1568","D011301625",8715,"HENRIQUE SCHURIG, RUA",NA,"",100,"","30/01/2013 12:30",4,"AT",66,519," "," ",1,0,0,0,0,0,0,0,0,0,0,0,0,0,0,0,0,8715,"HENRIQUE SCHURIG, RUA",NA,"",24,"CIDADE LIDER",1,0,"HENRIQUE SCHURIG, RUA 100 SAO PAULO SP",-23.5508279,-46.5004569
"1569","D011301358",18139,"SEVERINA LEOPOLDINA DE SOUSA, RUA",NA,"",44,"","30/01/2013 12:35",2,"CO",22,544," "," ",1,0,0,0,1,0,0,0,0,0,0,0,0,0,0,0,0,18139,"SEVERINA LEOPOLDINA DE SOUSA, RUA",NA,"",53,"MOEMA",1,0,"SEVERINA LEOPOLDINA DE SOUSA, RUA 44 SAO PAULO SP",-23.493602,-46.4392584
"1570","D011301026",7974,"GIL PINHEIRO, RUA COMEN",NA,"",381,"","30/01/2013 12:39",4,"AT",31,900038," "," ",0,0,1,0,0,0,0,0,0,0,0,0,0,0,0,0,0,7974,"GIL PINHEIRO, RUA COMEN",NA,"",20,"CARRAO",1,0,"GIL PINHEIRO, RUA COMEN 381 SAO PAULO SP",-23.5412215,-46.5449197
"1572","D011301173",16151,"JOAO GOULART, AV PRES",NA,"",100,"","30/01/2013 13:10",2,"CO",48,400," "," ",1,1,0,0,0,0,0,0,0,0,0,0,0,0,0,0,0,16151,"JOAO GOULART, AV PRES",NA,"",32,"IGUATEMI",1,0,"JOAO GOULART, AV PRES 100 SAO PAULO SP",-23.7203417,-46.6975829
"1573","D011300321",2223,"ARLINDO VIEIRA, AV PDE",NA,"",2048,"","30/01/2013 13:15",2,"CO",83,257," "," ",1,1,0,0,0,0,0,0,0,0,0,0,0,0,0,0,0,2223,"ARLINDO VIEIRA, AV PDE",NA,"",21,"CASA VERDE",1,0,"ARLINDO VIEIRA, AV PDE 2048 SAO PAULO SP",-23.5505199,-46.6333094
"1574","D011300837",18444,"SOTOMANO, RUA TTE",9332,"IRENE, RUA STA",0,"","30/01/2013 13:40",2,"CO",39,496," "," ",1,0,0,0,1,0,0,0,0,0,0,0,0,0,0,0,0,9332,"IRENE, RUA STA",18444,"SOTOMANO, RUA TTE",38,"JACANA",1,0,"SOTOMANO, RUA TTE SAO PAULO SP &  IRENE, RUA STA SAO PAULO SP",-23.5505199,-46.6333094
"1575","D011301290",6238,"NACOES UNIDAS, AV DAS",NA,"",22500,"","30/01/2013 14:05",2,"CL",99,436," "," ",1,1,0,0,0,0,0,0,0,0,0,0,0,0,0,0,0,13014,"MARGINAL DO RIO PINHEIROS, AV",NA,"",90,"VILA LEOPOLDINA",1,0,"NACOES UNIDAS, AV DAS 22500 SAO PAULO SP",-23.6791496,-46.6960547
"1576","D011300116",3658,"BRIGIDA, RUA DONA",1148,"ANA, RUA DONA",0,"","30/01/2013 14:10",2,"CL",6,562," "," ",1,1,0,0,0,0,0,0,0,0,0,0,0,0,0,0,0,1148,"ANA, RUA DONA",3658,"BRIGIDA, RUA DONA",92,"VILA MARIANA",1,0,"BRIGIDA, RUA DONA SAO PAULO SP &  ANA, RUA DONA SAO PAULO SP",-23.5828834,-46.6299189
"1578","D011301161",17772,"SANT'ANNA, AV COMEN",NA,"",650,"","30/01/2013 14:10",2,"CO",47,1264," "," ",1,1,0,0,0,0,0,0,0,0,0,0,0,0,0,0,0,17772,"SANT'ANNA, AV COMEN",NA,"",29,"FREGUESIA DO O",1,0,"SANT'ANNA, AV COMEN 650 SAO PAULO SP",-23.5186813,-46.6999583
"1579","D011301120",19152,"TREZE DE MAIO, LGO",NA,"",468,"","30/01/2013 14:26",2,"QD",11,1118," "," ",0,0,0,0,0,0,0,1,0,0,0,0,0,0,0,0,0,19152,"TREZE DE MAIO, LGO",NA,"",29,"FREGUESIA DO O",1,0,"TREZE DE MAIO, LGO 468 SAO PAULO SP",-23.5573707,-46.6465522
"1580","D011301486",72808,"GERONIMO BARBOSA DA SILVA, RUA",NA,"",72,"","30/01/2013 14:30",2,"CO",67,311," "," ",1,0,0,0,1,0,0,0,0,0,0,0,0,0,0,0,0,72808,"GERONIMO BARBOSA DA SILVA, RUA",NA,"",50,"LIMAO",1,0,"GERONIMO BARBOSA DA SILVA, RUA 72 SAO PAULO SP",-23.5153895,-46.4082776
"1581","D011300357",12436,"MACEDO SOARES, AV EMB",NA,"",190,"","30/01/2013 14:43",2,"CO",7,200," "," ",0,1,0,0,0,0,0,0,0,0,0,1,0,0,0,0,0,29772,"MARGINAL DO RIO TIETE, AV",NA,"",48,"LAPA",1,0,"MACEDO SOARES, AV EMB 190 SAO PAULO SP",-23.5186195,-46.7431024
"1583","D011300298",2235,"ARMANDO DE ARRUDA PEREIRA, AV ENG",NA,"",1532,"","30/01/2013 15:40",2,"CO",35,965," "," ",1,1,0,0,0,0,0,0,0,0,0,0,0,0,0,0,0,2235,"ARMANDO DE ARRUDA PEREIRA, AV ENG",NA,"",37,"JABAQUARA",1,0,"ARMANDO DE ARRUDA PEREIRA, AV ENG 1532 SAO PAULO SP",-23.6410814,-46.641493
"1585","D011300596",16838,"RAIMUNDO PEREIRA DE MAGAL., AV",NA,"",3200,"","30/01/2013 16:00",2,"SI",87,529," "," ",1,1,0,0,0,0,0,0,0,0,0,0,0,0,0,0,0,16838,"RAIMUNDO PEREIRA DE MAGAL., AV",NA,"",31,"GUAIANASES",1,0,"RAIMUNDO PEREIRA DE MAGAL., AV 3200 SAO PAULO SP",-23.4972284,-46.726253
"1586","D011300279",8944,"IBIRAPUERA, AV",5455,"COTOVIA, AV",0,"","30/01/2013 16:00",2,"CO",27,1073," "," ",2,0,0,0,0,0,0,0,0,0,0,0,0,0,0,0,0,5455,"COTOVIA, AV",8944,"IBIRAPUERA, AV",53,"MOEMA",1,0,"IBIRAPUERA, AV SAO PAULO SP &  COTOVIA, AV SAO PAULO SP",-23.6014353,-46.6601288
"1587","D011300458",1232,"ANASTACIO, AV DO",NA,"",890,"","30/01/2013 17:00",2,"CT",33,942," "," ",1,1,0,0,0,0,0,0,0,0,0,0,0,0,0,0,0,1232,"ANASTACIO, AV DO",NA,"",73,"SAO DOMINGOS",1,0,"ANASTACIO, AV DO 890 SAO PAULO SP",-23.5004879,-46.7338427
"1588","D011300282",3583,"TULIO TEODORO DE CAMPOS, AV",NA,"",55,"","30/01/2013 17:40",2,"CO",27,900020," "," ",0,2,0,0,0,0,0,0,0,0,0,0,0,0,0,0,0,3583,"TULIO TEODORO DE CAMPOS, AV",NA,"",37,"JABAQUARA",1,0,"TULIO TEODORO DE CAMPOS, AV 55 SAO PAULO SP",-23.638795,-46.6624394
"1589","D011301512",9590,"ITAQUERA-GUAIANAZES, ES",NA,"",2482,"","30/01/2013 17:40",4,"AT",103,416," "," ",0,1,0,0,0,0,0,0,0,0,0,0,0,0,0,0,0,9590,"ITAQUERA-GUAIANAZES, ES",NA,"",36,"ITAQUERA",1,0,"ITAQUERA-GUAIANAZES, ES 2482 SAO PAULO SP",-23.5505199,-46.6333094
"1590","D011301549",9044,"RAGUEB CHOHFI, AV",NA,"",3800,"","30/01/2013 17:55",2,"QD",49,1746," "," ",0,0,0,0,0,0,0,0,1,0,0,0,0,0,0,0,0,9044,"RAGUEB CHOHFI, AV",NA,"",32,"IGUATEMI",1,0,"RAGUEB CHOHFI, AV 3800 SAO PAULO SP",-23.5948477,-46.4491392
"1591","D011301663",15032,"ORATORIO, AV DO",61002,"CAMILO HADDAD, RUA DR",0,"","30/01/2013 18:00",2,"CO",70,1015," "," ",0,1,0,0,0,0,0,0,0,0,0,1,0,0,0,0,0,15032,"ORATORIO, AV DO",61002,"CAMILO HADDAD, RUA DR",74,"SAO LUCAS",1,0,"ORATORIO, AV DO SAO PAULO SP &  CAMILO HADDAD, RUA DR SAO PAULO SP",-23.5978656,-46.5401521
"1592","D011301241",4754,"AGOSTINHO RUBIN, AV",NA,"",530,"","30/01/2013 18:14",4,"AT",92,668," "," ",1,0,0,0,0,0,0,0,0,0,0,0,0,0,0,0,0,4754,"AGOSTINHO RUBIN, AV",NA,"",19,"CAPAO REDONDO",1,0,"AGOSTINHO RUBIN, AV 530 SAO PAULO SP",-23.6568894,-46.7617484
"1593","D011301513",9590,"ITAQUERA-GUAIANAZES, ES",NA,"",936,"","30/01/2013 18:30",2,"SI",103,417," "," ",1,1,0,0,0,0,0,0,0,0,0,0,0,0,0,0,0,9590,"ITAQUERA-GUAIANAZES, ES",NA,"",36,"ITAQUERA",2,0,"ITAQUERA-GUAIANAZES, ES 936 SAO PAULO SP",-23.5505199,-46.6333094
"1594","D011300910",6361,"ELISIO TEIXEIRA LEITE, AV",NA,"",6300,"","30/01/2013 18:30",2,"CF",74,346," "," ",1,1,0,0,0,0,0,0,0,0,0,0,0,0,0,0,0,6361,"ELISIO TEIXEIRA LEITE, AV",NA,"",29,"FREGUESIA DO O",2,0,"ELISIO TEIXEIRA LEITE, AV 6300 SAO PAULO SP",-23.4472909,-46.7170115
"1595","D011300235",3454,"BOM PASTOR, RUA",14211,"MONUMENTO, PCA",0,"","30/01/2013 18:30",2,"CO",17,580," "," ",1,1,0,0,0,0,0,0,0,0,0,0,0,0,0,0,0,3454,"BOM PASTOR, RUA",14211,"MONUMENTO, PCA",NA,"",1,0,"BOM PASTOR, RUA SAO PAULO SP &  MONUMENTO, PCA SAO PAULO SP",-23.5910882,-46.6070284
"1596","D011300445",7491,"FRANCISCO MATARAZZO, AV",NA,"",3000,"","30/01/2013 19:00",2,"CO",23,745," "," ",1,1,0,0,0,0,0,1,0,0,0,0,0,0,0,0,0,7491,"FRANCISCO MATARAZZO, AV",NA,"",6,"BARRA FUNDA",1,0,"FRANCISCO MATARAZZO, AV 3000 SAO PAULO SP",-23.5254785,-46.6815499
"1597","D011300838",17339,"ROLAND GARROS, AV",NA,"",671,"","30/01/2013 19:10",2,"CO",39,505," "," ",2,1,0,0,0,0,0,0,0,0,0,0,0,0,0,0,0,17339,"ROLAND GARROS, AV",NA,"",22,"CIDADE ADEMAR",1,0,"ROLAND GARROS, AV 671 SAO PAULO SP",-23.4804564,-46.5811637
"1598","D011301011",7974,"GIL PINHEIRO, RUA COMEN",NA,"",401,"","30/01/2013 19:16",4,"AT",30,567," "," ",0,1,0,0,0,0,0,0,0,0,0,0,0,0,0,0,0,7974,"GIL PINHEIRO, RUA COMEN",NA,"",20,"CARRAO",3,0,"GIL PINHEIRO, RUA COMEN 401 SAO PAULO SP",-23.5413126,-46.5446902
"1599","D011300628",7841,"GAVIAO PEIXOTO, RUA BRIG",NA,"",840,"","30/01/2013 19:30",2,"CO",91,202," "," ",1,1,0,0,0,0,0,0,0,0,0,0,0,0,0,0,0,7841,"GAVIAO PEIXOTO, RUA BRIG",NA,"",48,"LAPA",1,0,"GAVIAO PEIXOTO, RUA BRIG 840 SAO PAULO SP",-23.5235509,-46.7174436
"1600","D011301083",6371,"ELISABETH DE ROBIANO, AV CDSSA",NA,"",1000,"","30/01/2013 19:40",2,"CO",81,279," "," ",1,2,0,0,0,0,0,0,0,0,0,1,0,0,0,0,0,29772,"MARGINAL DO RIO TIETE, AV",NA,"",82,"TATUAPE",1,0,"ELISABETH DE ROBIANO, AV CDSSA 1000 SAO PAULO SP",-23.5076424,-46.5495997
"1601","D011300964",4157,"CANUTO SARAIVA, RUA",16794,"RAFAEL, LGO S",0,"","30/01/2013 19:40",2,"CO",18,196," "," ",1,1,0,0,0,0,0,0,0,0,0,0,0,0,0,0,0,4157,"CANUTO SARAIVA, RUA",17501,"RUBIAO JUNIOR, AL",54,"MOOCA",1,0,"CANUTO SARAIVA, RUA SAO PAULO SP &  RAFAEL, LGO S SAO PAULO SP",-23.5626672,-46.6021929
"1602","D011300373",6922,"FAUSTOLO, RUA",8267,"GUAICURUS, RUA",0,"","30/01/2013 19:52",2,"CL",7,744," "," ",1,1,0,0,0,0,0,0,0,0,0,0,0,0,0,0,0,9136,"INCONFIDENTES, PCA DOS",13417,"MARINA, AV STA",48,"LAPA",1,0,"FAUSTOLO, RUA SAO PAULO SP &  GUAICURUS, RUA SAO PAULO SP",-23.5240653,-46.6875593