"","id_acidente","codloga","logradouroA","codlogb","logradouroB","alt_num","referencia","data","cod_acid","tipo_acidente","dp","numero_BO","sentido","pista","automovel","moto","onibus","caminhao","bicicleta","moto_taxi","onibus_fretado","onibus_urbano","microonibus","van","vuc","caminhonete","carreta","jipe","outros","sem_informacao","carroca","princ_a","paiA","princ_b","paiB","cod_distrito","distrito","vit_ferida","vit_morta","local","lat","lon"
"1603","D011301012",18071,"SERRA DE JAPI, RUA",18067,"SERRA DE BOTUCATU, RUA",0,"","30/01/2013 20:00",2,"CO",30,569," "," ",1,0,0,1,0,0,0,0,0,0,0,0,0,0,0,0,0,18067,"SERRA DE BOTUCATU, RUA",18071,"SERRA DE JAPI, RUA",82,"TATUAPE",2,0,"SERRA DE JAPI, RUA SAO PAULO SP &  SERRA DE BOTUCATU, RUA SAO PAULO SP",-23.5392387,-46.570409
"1604","D011300117",6116,"DUARTE LEOPOLDO, RUA DOM",14977,"OLIVEIRA LIMA, RUA",0,"","30/01/2013 20:10",2,"CO",6,565," "," ",1,1,0,0,0,0,0,0,0,0,0,0,0,0,0,0,0,6116,"DUARTE LEOPOLDO, RUA DOM",14977,"OLIVEIRA LIMA, RUA",14,"CAMBUCI",1,0,"DUARTE LEOPOLDO, RUA DOM SAO PAULO SP &  OLIVEIRA LIMA, RUA SAO PAULO SP",-23.5706133,-46.6220246
"1605","D011300759",18151,"SEZEFREDO FAGUNDES, AV CEL",NA,"",15500,"","30/01/2013 20:30",2,"CO",20,929," "," ",2,0,0,0,0,0,0,0,0,0,0,0,0,0,0,0,0,18151,"SEZEFREDO FAGUNDES, AV CEL",NA,"",22,"CIDADE ADEMAR",1,0,"SEZEFREDO FAGUNDES, AV CEL 15500 SAO PAULO SP",-23.4141439,-46.5829791
"1606","D011300020",8024,"GLICERIO, RUA",NA,"",20,"","30/01/2013 20:37",4,"AT",1,773," "," ",0,0,0,1,0,0,0,0,0,0,0,0,0,0,0,0,0,8024,"GLICERIO, RUA",NA,"",80,"SE",1,0,"GLICERIO, RUA 20 SAO PAULO SP",-23.5068127,-46.4766911
"1607","D011300856",14736,"O, AV NSRA DO",3481,"CLAVASIO ALVES DA SILVA, AV",0,"","30/01/2013 21:50",2,"CH",40,900016," "," ",0,1,0,0,0,0,0,0,0,0,0,0,0,0,0,0,0,3481,"CLAVASIO ALVES DA SILVA, AV",14736,"O, AV NSRA DO",50,"LIMAO",1,0,"O, AV NSRA DO SAO PAULO SP &  CLAVASIO ALVES DA SILVA, AV SAO PAULO SP",-23.5505199,-46.6333094
"1608","D011301382",9632,"ITINGUCU, RUA",18012,"SERAPIAO, RUA S",0,"","30/01/2013 22:35",2,"CO",24,1078,"B"," ",2,0,0,0,0,0,0,0,0,0,0,0,0,0,0,0,0,9632,"ITINGUCU, RUA",18012,"SERAPIAO, RUA S",60,"PENHA",1,0,"ITINGUCU, RUA SAO PAULO SP &  SERAPIAO, RUA S SAO PAULO SP",-23.5270874,-46.5021154
"1609","D011301381",13881,"MIGUEL, AV S",NA,"",2097,"","30/01/2013 22:40",2,"CT",24,1073,"B"," ",3,0,0,0,0,0,0,0,0,0,0,0,0,0,0,0,0,13881,"MIGUEL, AV S",NA,"",65,"PONTE RASA",2,0,"MIGUEL, AV S 2097 SAO PAULO SP",-23.5115982,-46.5108951
"1610","D011301608",17824,"SAPOPEMBA, AV",NA,"",16408,"","30/01/2013 23:30",2,"CT",55,1487," "," ",0,1,0,1,0,0,0,0,0,0,0,0,0,0,0,0,0,17824,"SAPOPEMBA, AV",NA,"",33,"IPIRANGA",1,0,"SAPOPEMBA, AV 16408 SAO PAULO SP",-23.622573,-46.4473263
"1611","D011301567",60675,"AFONSO DE SAMPAIO E SOUSA, AV",NA,"",1,"","31/01/2013 03:45",2,"CH",53,659," "," ",1,0,0,0,0,0,0,0,0,0,0,0,0,0,0,0,0,60675,"AFONSO DE SAMPAIO E SOUSA, AV",NA,"",51,"MANDAQUI",1,0,"AFONSO DE SAMPAIO E SOUSA, AV 1 SAO PAULO SP",-23.5625103,-46.4658408
"1612","D011301242",8368,"GUARAPIRANGA, AV",NA,"",2000,"","31/01/2013 05:30",2,"CL",92,689," "," ",0,1,1,0,0,0,0,0,0,0,0,0,0,0,0,0,0,8368,"GUARAPIRANGA, AV",NA,"",45,"JARDIM SAO LUIS",1,0,"GUARAPIRANGA, AV 2000 SAO PAULO SP",-23.6677904,-46.7320677
"1613","D011301568",16173,"PESSEGO, ES DO",NA,"",701,"","31/01/2013 05:50",2,"CH",53,660," "," ",0,0,0,0,0,0,0,0,2,0,0,0,0,0,0,0,0,16173,"PESSEGO, ES DO",NA,"",0,"NULL",3,0,"PESSEGO, ES DO 701 SAO PAULO SP",-23.5505199,-46.6333094
"1614","D011301352",2952,"JOAO NICARIO ELEUTERIO, RUA",11617,"PEDRO GOMES PEREIRA, RUA",0,"","31/01/2013 06:00",2,"CO",22,357," "," ",2,0,0,0,0,0,0,0,0,0,0,0,0,0,0,0,0,2952,"JOAO NICARIO ELEUTERIO, RUA",11617,"PEDRO GOMES PEREIRA, RUA",76,"SAO MIGUEL",1,0,"JOAO NICARIO ELEUTERIO, RUA SAO PAULO SP &  PEDRO GOMES PEREIRA, RUA SAO PAULO SP",-23.5095477,-46.4348997
"1615","D011300223",17478,"RUBEM BERTA, AV",16200,"PIASSANGUABA, AV",0,"","31/01/2013 06:17",2,"SI",16,1381," "," ",1,1,0,0,0,0,0,0,0,0,0,0,0,0,0,0,0,16200,"PIASSANGUABA, AV",17478,"RUBEM BERTA, AV",NA,"",2,0,"RUBEM BERTA, AV SAO PAULO SP &  PIASSANGUABA, AV SAO PAULO SP",-23.6004322,-46.6511423
"1616","D011300459",33234,"MARGINAL DIREITA DO TIETE, AV",NA,"",15,"","31/01/2013 06:40",2,"CO",33,958," "," ",1,1,0,0,0,0,0,0,0,0,0,0,0,0,0,0,0,29772,"MARGINAL DO RIO TIETE, AV",NA,"",39,"JAGUARA",2,0,"MARGINAL DIREITA DO TIETE, AV 15 SAO PAULO SP",-23.5168929,-46.7408098
"1618","D011301204",15507,"TEOTONIO VILELA, AV SEN",NA,"",4029,"","31/01/2013 07:00",4,"AT",85,637," "," ",0,1,0,0,0,0,0,0,0,0,0,0,0,0,0,0,0,15507,"TEOTONIO VILELA, AV SEN",NA,"",23,"CIDADE DUTRA",1,0,"TEOTONIO VILELA, AV SEN 4029 SAO PAULO SP",-23.7353001,-46.6990171
"1619","D011301137",5606,"CUPECE, AV",NA,"",4209,"","31/01/2013 07:28",2,"CO",43,423," "," ",0,0,0,0,1,0,0,0,0,0,0,1,0,0,0,0,0,5606,"CUPECE, AV",NA,"",22,"CIDADE ADEMAR",1,0,"CUPECE, AV 4209 SAO PAULO SP",-23.6720103,-46.6451848
"1621","D011301479",9580,"ITAQUERA, AV",NA,"",7144,"","31/01/2013 07:59",2,"CF",65,347," "," ",0,1,0,0,0,0,0,0,1,0,0,0,0,0,0,0,0,9580,"ITAQUERA, AV",NA,"",24,"CIDADE LIDER",1,0,"ITAQUERA, AV 7144 SAO PAULO SP",-23.548286,-46.4615384
"1622","D011300198",15656,"PAULISTA, AV",NA,"",2421,"","31/01/2013 08:00",4,"AT",78,818," "," ",1,0,0,0,0,0,0,0,0,0,0,0,0,0,0,0,0,15656,"PAULISTA, AV",NA,"",7,"BELA VISTA",1,0,"PAULISTA, AV 2421 SAO PAULO SP",-23.5565668,-46.6623773
"1623","D011301324",3509,"BELMIRA MARIN, AV DONA",NA,"",2040,"","31/01/2013 08:15",2,"CT",101,751," "," ",1,1,0,0,0,0,0,0,0,0,0,0,0,0,0,0,0,3509,"BELMIRA MARIN, AV DONA",NA,"",30,"GRAJAU",1,0,"BELMIRA MARIN, AV DONA 2040 SAO PAULO SP",-23.7466493,-46.6880583
"1624","D011301455",9806,"PIRES DO RIO, AV",9084,"IMPERADOR, ES DO",0,"","31/01/2013 08:20",4,"AT",63,801,"B"," ",1,0,0,0,0,0,0,0,0,0,0,0,0,0,0,0,0,9084,"IMPERADOR, ES DO",9806,"PIRES DO RIO, AV",89,"VILA JACUI",1,0,"PIRES DO RIO, AV SAO PAULO SP &  IMPERADOR, ES DO SAO PAULO SP",-23.5173451,-46.443657
"1625","D011301123",6337,"ELIAS ZARZUR, RUA COMEN",11350,"ALEXANDRE DUMAS, RUA",0,"","31/01/2013 08:52",2,"CO",11,1147," "," ",1,1,0,0,0,0,0,0,0,0,0,0,0,0,0,0,0,6337,"ELIAS ZARZUR, RUA COMEN",11350,"ALEXANDRE DUMAS, RUA",72,"SANTO AMARO",1,0,"ELIAS ZARZUR, RUA COMEN SAO PAULO SP &  ALEXANDRE DUMAS, RUA SAO PAULO SP",-23.6510504,-46.701594
"1626","D011301084",6371,"ELISABETH DE ROBIANO, AV CDSSA",NA,"",100,"","31/01/2013 09:40",2,"QM",81,284," "," ",0,1,0,0,0,0,0,0,0,0,0,0,0,0,0,0,0,29772,"MARGINAL DO RIO TIETE, AV",NA,"",82,"TATUAPE",2,0,"ELISABETH DE ROBIANO, AV CDSSA 100 SAO PAULO SP",-23.5076424,-46.5495997
"1629","D011301627",17135,"RIO DAS PEDRAS, AV",NA,"",4170,"","31/01/2013 09:57",2,"QM",66,523," "," ",0,1,0,0,0,0,0,0,0,0,0,0,0,0,0,0,0,17135,"RIO DAS PEDRAS, AV",NA,"",27,"CURSINO",1,0,"RIO DAS PEDRAS, AV 4170 SAO PAULO SP",-23.5839143,-46.4934628
"1630","D011301203",61142,"ROQUE DO PARAGUACU, RUA S",NA,"",335,"","31/01/2013 10:34",4,"AT",85,579," "," ",1,0,0,0,0,0,0,0,0,0,0,0,0,0,0,0,0,61142,"ROQUE DO PARAGUACU, RUA S",NA,"",32,"IGUATEMI",1,0,"ROQUE DO PARAGUACU, RUA S 335 SAO PAULO SP",-23.7440583,-46.704872
"1631","D011300880",3771,"INAJAR DE SOUZA, AV",NA,"",5180,"","31/01/2013 10:45",4,"AT",72,928," "," ",0,1,0,0,0,0,0,0,0,0,0,0,0,0,0,0,0,3771,"INAJAR DE SOUZA, AV",NA,"",50,"LIMAO",1,0,"INAJAR DE SOUZA, AV 5180 SAO PAULO SP",-23.4685318,-46.6700817
"1633","D011301500",16679,"PUCCI, RUA CAP",NA,"",10,"","31/01/2013 11:00",4,"AT",68,337," "," ",0,1,0,0,0,0,0,0,0,0,0,0,0,0,0,0,0,16679,"PUCCI, RUA CAP",NA,"",50,"LIMAO",3,0,"PUCCI, RUA CAP 10 SAO PAULO SP",-23.5433052,-46.4109017
"1634","D011300711",9078,"IMIRIM, AV",NA,"",1298,"","31/01/2013 11:00",4,"AT",13,1034," "," ",0,1,0,0,0,0,0,0,0,0,0,0,0,0,0,0,0,9078,"IMIRIM, AV",NA,"",71,"SANTANA",1,0,"IMIRIM, AV 1298 SAO PAULO SP",-23.4938752,-46.6468223
"1636","D011301292",6238,"NACOES UNIDAS, AV DAS",NA,"",22000,"","31/01/2013 11:56",2,"CO",99,457," "," ",1,0,0,0,0,0,0,0,0,0,0,0,0,0,0,0,0,13014,"MARGINAL DO RIO PINHEIROS, AV",NA,"",90,"VILA LEOPOLDINA",1,0,"NACOES UNIDAS, AV DAS 22000 SAO PAULO SP",-23.6791495,-46.6960563
"1637","D011300966",16582,"PRATES, RUA CD",11361,"JUMANA, RUA",0,"","31/01/2013 12:00",4,"AT",18,209," "," ",1,0,0,0,0,0,0,0,0,0,0,0,0,0,0,0,0,11361,"JUMANA, RUA",16582,"PRATES, RUA CD",54,"MOOCA",1,0,"PRATES, RUA CD SAO PAULO SP &  JUMANA, RUA SAO PAULO SP",-23.5505199,-46.6333094
"1638","D011300808",15426,"PARADA PINTO, AV",9170,"INES, AV STA",0,"","31/01/2013 12:10",4,"AT",38,574," "," ",1,0,0,0,0,0,0,0,0,0,0,0,0,0,0,0,0,9170,"INES, AV STA",15426,"PARADA PINTO, AV",51,"MANDAQUI",1,0,"PARADA PINTO, AV SAO PAULO SP &  INES, AV STA SAO PAULO SP",-23.4694786,-46.6646692
"1639","D011300486",14267,"MORUMBI, AV",NA,"",8411,"","31/01/2013 13:00",2,"CO",34,631," "," ",1,1,0,0,0,0,0,0,0,0,0,0,0,0,0,0,0,14267,"MORUMBI, AV",NA,"",55,"MORUMBI",1,0,"MORUMBI, AV 8411 SAO PAULO SP",-23.6212615,-46.689387
"1640","D011300413",18813,"TEODORO SAMPAIO, RUA",NA,"",2457,"","31/01/2013 13:30",4,"AT",14,978," "," ",1,0,0,0,0,0,0,0,0,0,0,0,0,0,0,0,0,18813,"TEODORO SAMPAIO, RUA",NA,"",20,"CARRAO",1,0,"TEODORO SAMPAIO, RUA 2457 SAO PAULO SP",-23.5661381,-46.6915841
"1641","D011301040",27094,"SALIM FARAH MALUF, AV",4736,"CELSO GARCIA, AV",0,"","31/01/2013 13:30",2,"CO",52,301," "," ",0,1,0,1,0,0,0,0,0,0,0,0,0,0,0,0,0,4736,"CELSO GARCIA, AV",27094,"SALIM FARAH MALUF, AV",8,"BELEM",1,0,"SALIM FARAH MALUF, AV SAO PAULO SP &  CELSO GARCIA, AV SAO PAULO SP",-23.5555392,-46.5773751
"1642","D011300053",19996,"XAVIER DE TOLEDO, RUA CEL",NA,"",23,"","31/01/2013 14:40",4,"AT",3,945," "," ",0,1,0,0,0,0,0,0,0,0,0,0,0,0,0,0,0,19996,"XAVIER DE TOLEDO, RUA CEL",NA,"",0,"NULL",1,0,"XAVIER DE TOLEDO, RUA CEL 23 SAO PAULO SP",-23.5464646,-46.6389865
"1643","D011300965",15304,"PAES DE BARROS, AV",NA,"",3937,"","31/01/2013 14:50",2,"CL",18,207," "," ",1,1,0,0,0,0,0,0,0,0,0,0,0,0,0,0,0,15304,"PAES DE BARROS, AV",NA,"",16,"CAMPO GRANDE",1,0,"PAES DE BARROS, AV 3937 SAO PAULO SP",-23.5845749,-46.5864036
"1646","D011301243",12403,"M'BOI MIRIM, ES",NA,"",2249,"","31/01/2013 15:33",2,"CO",92,704," "," ",0,0,0,1,1,0,0,0,0,0,0,0,0,0,0,0,0,12403,"M'BOI MIRIM, ES",NA,"",42,"JARDIM ANGELA",1,0,"M'BOI MIRIM, ES 2249 SAO PAULO SP",-23.5505199,-46.6333094
"1647","D011300713",17799,"SANTOS DUMONT, AV",6781,"EULALIA, RUA STA",0,"","31/01/2013 15:35",4,"AT",13,1047," "," ",0,0,0,0,0,0,0,0,0,0,0,1,0,0,0,0,0,6781,"EULALIA, RUA STA",17799,"SANTOS DUMONT, AV",71,"SANTANA",1,0,"SANTOS DUMONT, AV SAO PAULO SP &  EULALIA, RUA STA SAO PAULO SP",-23.5257861,-46.6307889
"1648","D011300302",4596,"CATARINA, AV STA",NA,"",1199,"","31/01/2013 15:56",2,"CO",35,1000," "," ",1,1,0,0,0,0,0,0,0,0,0,0,0,0,0,0,0,4596,"CATARINA, AV STA",NA,"",37,"JABAQUARA",1,0,"CATARINA, AV STA 1199 SAO PAULO SP",-23.6457958,-46.6637794
"1649","D011300994",27094,"SALIM FARAH MALUF, AV",NA,"",5587,"","31/01/2013 16:40",2,"CO",29,296," "," ",1,1,0,0,0,0,0,0,0,0,0,0,0,0,0,0,0,27094,"SALIM FARAH MALUF, AV",NA,"",82,"TATUAPE",1,0,"SALIM FARAH MALUF, AV 5587 SAO PAULO SP",-23.5783987,-46.5715366
"1650","D011300576",16878,"RAPOSO TAVARES, VIA",NA,"",14800,"","31/01/2013 16:45",2,"CO",75,398," "," ",1,1,0,0,0,0,0,0,0,0,0,0,0,0,0,0,0,16878,"RAPOSO TAVARES, VIA",NA,"",13,"CACHOEIRINHA",1,0,"RAPOSO TAVARES, VIA 14800 SAO PAULO SP",-23.5256131,-48.4765329
"1651","D011300215",66,"ABRAAO DE MORAIS, AV PROF",17083,"RICARDO JAFET, AV DR",0,"","31/01/2013 16:55",2,"CL",16,871," "," ",0,1,0,0,0,0,0,0,0,0,0,0,0,0,0,1,0,66,"ABRAAO DE MORAIS, AV PROF",17083,"RICARDO JAFET, AV DR",79,"SAUDE",1,0,"ABRAAO DE MORAIS, AV PROF SAO PAULO SP &  RICARDO JAFET, AV DR SAO PAULO SP",-23.6072122,-46.6270066
"1652","D011301560",6927,"HARRY DANHENBERG, RUA",NA,"",966,"","31/01/2013 17:00",4,"AT",53,341," "," ",1,0,0,0,0,0,0,0,0,0,0,0,0,0,0,0,0,6927,"HARRY DANHENBERG, RUA",NA,"",24,"CIDADE LIDER",1,0,"HARRY DANHENBERG, RUA 966 SAO PAULO SP",-22.8198472,-47.2720867
"1653","D011300118",6642,"ESTADO, AV DO",NA,"",5814,"","31/01/2013 17:01",2,"CO",6,582," "," ",0,1,0,0,0,0,0,0,0,0,0,2,0,0,0,0,0,6642,"ESTADO, AV DO",NA,"",9,"BOM RETIRO",1,0,"ESTADO, AV DO 5814 SAO PAULO SP",-23.5471748,-46.629431
"1654","D011301272",5606,"CUPECE, AV",NA,"",5832,"","31/01/2013 17:30",4,"AT",98,1239," "," ",0,1,0,0,0,0,0,0,0,0,0,0,0,0,0,0,0,5606,"CUPECE, AV",NA,"",22,"CIDADE ADEMAR",2,0,"CUPECE, AV 5832 SAO PAULO SP",-23.6829424,-46.6354723
"1655","D011301730",15598,"PATENTE, AV",NA,"",59,"","31/01/2013 18:00",4,"AT",95,320," "," ",1,0,0,0,0,0,0,0,0,0,0,0,0,0,0,0,0,15598,"PATENTE, AV",NA,"",69,"SACOMA",0,1,"PATENTE, AV 59 SAO PAULO SP",-23.6228676,-46.5860946
"1656","D011300444",38857,"NICOLAS BOER, AV",6471,"SAO VICENTE, AV MARQ DE",0,"","31/01/2013 18:06",2,"QM",23,559," "," ",0,1,0,0,0,0,0,0,0,0,0,0,0,0,0,0,0,6471,"SAO VICENTE, AV MARQ DE",38857,"NICOLAS BOER, AV",6,"BARRA FUNDA",1,0,"NICOLAS BOER, AV SAO PAULO SP &  SAO VICENTE, AV MARQ DE SAO PAULO SP",-23.5163421,-46.6796672
"1657","D011300681",4219,"ZAKI NARCHI, AV",NA,"",600,"","31/01/2013 18:30",2,"CO",9,954," "," ",1,1,0,0,0,0,0,0,0,0,0,0,0,0,0,0,0,4219,"ZAKI NARCHI, AV",NA,"",88,"VILA GUILHERME",1,0,"ZAKI NARCHI, AV 600 SAO PAULO SP",-23.5101497,-46.6185761
"1658","D011300728",8478,"GUILHERME COTCHING, AV",NA,"",681,"","31/01/2013 18:40",4,"AT",19,959," "," ",1,0,0,0,0,0,0,0,0,0,0,0,0,0,0,0,0,8478,"GUILHERME COTCHING, AV",NA,"",91,"VILA MARIA",1,0,"GUILHERME COTCHING, AV 681 SAO PAULO SP",-23.5223946,-46.592981
"1659","D011300814",9170,"INES, AV STA",NA,"",1885,"","31/01/2013 18:50",4,"AT",38,951," "," ",0,1,0,0,0,0,0,0,0,0,0,0,0,0,0,0,0,9170,"INES, AV STA",NA,"",51,"MANDAQUI",1,0,"INES, AV STA 1885 SAO PAULO SP",-23.456645,-46.6490756
"1660","D011301526",5457,"COUTINHO E MELO, RUA",NA,"",10,"","31/01/2013 18:52",4,"AT",44,344," "," ",1,0,0,0,0,0,0,0,0,0,0,0,0,0,0,0,0,5457,"COUTINHO E MELO, RUA",NA,"",31,"GUAIANASES",1,0,"COUTINHO E MELO, RUA 10 SAO PAULO SP",-23.5468142,-46.4090938
"1661","D011300414",16919,"REBOUCAS, AV",15114,"OSCAR FREIRE, RUA",0,"","31/01/2013 18:55",4,"AT",14,988," "," ",0,1,0,0,0,0,0,0,0,0,0,0,0,0,0,0,0,15114,"OSCAR FREIRE, RUA",16919,"REBOUCAS, AV",44,"JARDIM PAULISTA",1,0,"REBOUCAS, AV SAO PAULO SP &  OSCAR FREIRE, RUA SAO PAULO SP",-23.5666153,-46.6829404
"1662","D011301335",8368,"GUARAPIRANGA, AV",NA,"",76,"","31/01/2013 19:00",4,"AT",102,345," "," ",0,0,1,0,0,0,0,0,0,0,0,0,0,0,0,0,0,8368,"GUARAPIRANGA, AV",NA,"",45,"JARDIM SAO LUIS",1,0,"GUARAPIRANGA, AV 76 SAO PAULO SP",-23.6691174,-46.7338013
"1663","D011300922",9774,"JACI TOLEDO, RUA",7444,"FRANCISCO FRANCO MACHADO, RUA",0,"","31/01/2013 19:15",2,"CO",90,408," "," ",2,1,0,0,0,0,0,0,0,0,0,0,0,0,0,0,0,7444,"FRANCISCO FRANCO MACHADO, RUA",9774,"JACI TOLEDO, RUA",94,"VILA MEDEIROS",1,0,"JACI TOLEDO, RUA SAO PAULO SP &  FRANCISCO FRANCO MACHADO, RUA SAO PAULO SP",-23.490002,-46.5724535
"1664","D011300280",19692,"VIEIRA DE MORAIS, RUA",NA,"",922,"","31/01/2013 19:21",2,"CO",27,1111," "," ",0,1,0,0,0,0,0,0,0,0,0,1,0,0,0,0,0,19692,"VIEIRA DE MORAIS, RUA",NA,"",30,"GRAJAU",1,0,"VIEIRA DE MORAIS, RUA 922 SAO PAULO SP",-23.6213082,-46.672989
"1665","D011301689",35449,"BANDEIRANTES, VIA DOS",NA,"",20000,"","31/01/2013 20:40",4,"AT",33,1015," "," ",1,0,0,0,0,0,0,0,0,0,0,0,0,0,0,0,0,35449,"BANDEIRANTES, VIA DOS",NA,"",64,"PIRITUBA",0,1,"BANDEIRANTES, VIA DOS 20000 SAO PAULO SP",-23.4390794,-46.7581367
"1666","D011301228",35858,"GUIDO CALOI, AV",NA,"",2100,"","31/01/2013 21:00",2,"CO",92,449," "," ",1,1,0,0,0,0,0,0,0,0,0,0,0,0,0,0,0,35858,"GUIDO CALOI, AV",NA,"",32,"IGUATEMI",1,0,"GUIDO CALOI, AV 2100 SAO PAULO SP",-23.6618389,-46.7258965
"1667","D011300304",14246,"MOREIRA LIMA, RUA CD",NA,"",620,"","31/01/2013 21:07",2,"CO",35,1409," "," ",0,1,1,0,0,0,0,0,0,0,0,0,0,0,0,0,0,14246,"MOREIRA LIMA, RUA CD",NA,"",42,"JARDIM ANGELA",1,0,"MOREIRA LIMA, RUA CD 620 SAO PAULO SP",-23.5505199,-46.6333094
"1668","D011300930",1555,"ANTONIO ALVES, RUA CABO",NA,"",56,"","31/01/2013 21:15",4,"AT",90,1103," "," ",1,0,0,0,0,0,0,0,0,0,0,0,0,0,0,0,0,1555,"ANTONIO ALVES, RUA CABO",NA,"",91,"VILA MARIA",1,0,"ANTONIO ALVES, RUA CABO 56 SAO PAULO SP",-23.5190955,-46.5687167
"1669","D011300021",13317,"MARIA PAULA, RUA",7853,"GENEBRA, RUA",0,"","31/01/2013 21:22",2,"CO",1,806," "," ",1,0,0,0,1,0,0,0,0,0,0,0,0,0,0,0,0,7853,"GENEBRA, RUA",13317,"MARIA PAULA, RUA",67,"REPUBLICA",2,0,"MARIA PAULA, RUA SAO PAULO SP &  GENEBRA, RUA SAO PAULO SP",-23.5519873,-46.639229
"1670","D011301440",15467,"PARANAGUA, AV",NA,"",1800,"","31/01/2013 21:38",4,"AT",62,1105," "," ",0,1,0,0,0,0,0,0,0,0,0,0,0,0,0,0,0,15467,"PARANAGUA, AV",NA,"",49,"LIBERDADE",1,0,"PARANAGUA, AV 1800 SAO PAULO SP",-23.490282,-46.4791605
"1671","D011301412",6069,"LOURIVAL RODRIGUES DA SILVA, RUA",66539,"ANTONIO NUNES PINTO, RUA",0,"","31/01/2013 22:40",2,"CO",50,1346," "," ",1,1,0,0,0,0,0,0,0,0,0,0,0,0,0,0,0,6069,"LOURIVAL RODRIGUES DA SILVA, RUA",66539,"ANTONIO NUNES PINTO, RUA",35,"ITAIM PAULISTA",1,0,"LOURIVAL RODRIGUES DA SILVA, RUA SAO PAULO SP &  ANTONIO NUNES PINTO, RUA SAO PAULO SP",-23.4943746,-46.3916625
"1673","D011300654",5309,"CORIFEU DE AZEVEDO MARQUES, AV",NA,"",6047,"","31/01/2013 23:21",2,"QD",93,778," "," ",0,0,1,0,0,0,0,0,0,0,0,0,0,0,0,0,0,5309,"CORIFEU DE AZEVEDO MARQUES, AV",NA,"",12,"BUTANTA",1,0,"CORIFEU DE AZEVEDO MARQUES, AV 6047 SAO PAULO SP",-23.551215,-46.7578006
"1674","D011301273",852,"ALVARENGA, ES DO",NA,"",3068,"","31/01/2013 23:42",2,"CO",98,1245,"C"," ",0,1,1,0,0,0,0,0,0,0,0,0,0,0,0,0,0,852,"ALVARENGA, ES DO",NA,"",59,"PEDREIRA",2,0,"ALVARENGA, ES DO 3068 SAO PAULO SP",-23.5505199,-46.6333094
"1675","D021300262",31498,"ROBERTO MARINHO - ANT AGUA ESP, AV JORN",999,"SANTO AMARO, AV",0,"","01/02/2013 01:20",2,"SI",27,1122," "," ",2,0,0,0,0,0,0,0,0,0,0,0,0,0,0,0,0,999,"SANTO AMARO, AV",31498,"ROBERTO MARINHO - ANT AGUA ESP, AV JORN",34,"ITAIM BIBI",2,0,"ROBERTO MARINHO - ANT AGUA ESP, AV JORN SAO PAULO SP &  SANTO AMARO, AV SAO PAULO SP",-23.5505199,-46.6333094
"1676","D021300956",16699,"QUARTIM BARBOSA, RUA",NA,"",230,"","01/02/2013 02:20",4,"AT",40,583," "," ",1,0,0,0,0,0,0,0,0,0,0,0,0,0,0,0,0,16699,"QUARTIM BARBOSA, RUA",NA,"",44,"JARDIM PAULISTA",1,0,"QUARTIM BARBOSA, RUA 230 SAO PAULO SP",-23.4912543,-46.6722941
"1677","D021301798",17824,"SAPOPEMBA, AV",NA,"",11612,"","01/02/2013 03:00",2,"CH",69,1048," "," ",0,1,0,0,0,0,0,0,0,0,0,0,0,0,0,0,0,17824,"SAPOPEMBA, AV",NA,"",33,"IPIRANGA",0,1,"SAPOPEMBA, AV 11612 SAO PAULO SP",-23.6142491,-46.497456
"1678","D021300007",16725,"QUEIROS, AV SEN",NA,"",402,"","01/02/2013 04:50",4,"AT",1,836," "," ",0,0,0,0,0,0,0,1,0,0,0,0,0,0,0,0,0,16725,"QUEIROS, AV SEN",NA,"",9,"BOM RETIRO",1,0,"QUEIROS, AV SEN 402 SAO PAULO SP",-23.5396431,-46.6323398
"1679","D021301130",12811,"JOAQUIM ABREU LUZ, RUA",15032,"ORATORIO, AV DO",0,"","01/02/2013 06:45",2,"CO",42,410," "," ",1,1,0,0,0,0,0,0,0,0,0,0,0,0,0,0,0,12811,"JOAQUIM ABREU LUZ, RUA",15032,"ORATORIO, AV DO",74,"SAO LUCAS",1,0,"JOAQUIM ABREU LUZ, RUA SAO PAULO SP &  ORATORIO, AV DO SAO PAULO SP",-23.5893126,-46.5476042
"1680","D021300796",19884,"VOLUNTARIOS DA PATRIA, RUA",NA,"",2100,"","01/02/2013 06:52",2,"CL",13,1071," "," ",2,1,0,0,0,0,0,0,0,0,0,0,0,0,0,0,0,19884,"VOLUNTARIOS DA PATRIA, RUA",NA,"",8,"BELEM",1,0,"VOLUNTARIOS DA PATRIA, RUA 2100 SAO PAULO SP",-23.5018229,-46.6261326
"1681","D021300075",8871,"HUMAITA, RUA",19660,"VICENTE PRADO, RUA",0,"","01/02/2013 07:00",2,"CH",5,599," "," ",1,1,0,0,0,0,0,0,0,0,0,0,0,0,0,0,0,8871,"HUMAITA, RUA",19660,"VICENTE PRADO, RUA",7,"BELA VISTA",1,0,"HUMAITA, RUA SAO PAULO SP &  VICENTE PRADO, RUA SAO PAULO SP",-23.5583029,-46.6415669
"1682","D021300509",4115,"CANDIDO PORTINARI, AV",14350,"MUTINGA, AV",0,"","01/02/2013 07:07",2,"QM",33,1649," "," ",0,1,0,0,0,0,0,0,0,0,0,0,0,0,0,0,0,4115,"CANDIDO PORTINARI, AV",14350,"MUTINGA, AV",39,"JAGUARA",1,0,"CANDIDO PORTINARI, AV SAO PAULO SP &  MUTINGA, AV SAO PAULO SP",-23.5062987,-46.7561328