"","id_acidente","codloga","logradouroA","codlogb","logradouroB","alt_num","referencia","data","cod_acid","tipo_acidente","dp","numero_BO","sentido","pista","automovel","moto","onibus","caminhao","bicicleta","moto_taxi","onibus_fretado","onibus_urbano","microonibus","van","vuc","caminhonete","carreta","jipe","outros","sem_informacao","carroca","princ_a","paiA","princ_b","paiB","cod_distrito","distrito","vit_ferida","vit_morta","local","lat","lon"
"1683","D021300412",16919,"REBOUCAS, AV",NA,"",2543,"","01/02/2013 07:22",2,"CO",14,996," "," ",2,1,0,0,0,0,0,0,0,0,0,0,0,0,0,0,0,16919,"REBOUCAS, AV",NA,"",44,"JARDIM PAULISTA",1,0,"REBOUCAS, AV 2543 SAO PAULO SP",-23.5677652,-46.6843275
"1684","D021300989",13133,"MARIA AMALIA LOPES AZEVEDO, RUA",NA,"",2551,"","01/02/2013 07:30",2,"CT",73,1115," "," ",2,0,0,0,0,0,0,0,0,0,0,0,0,0,0,0,0,13133,"MARIA AMALIA LOPES AZEVEDO, RUA",NA,"",83,"TREMEMBE",1,0,"MARIA AMALIA LOPES AZEVEDO, RUA 2551 SAO PAULO SP",-23.4566106,-46.6015601
"1685","D021300002",4561,"CASTELO BRANCO, AV PRES",NA,"",19,"","01/02/2013 07:35",2,"CT",1,428," "," ",0,2,0,0,0,0,0,0,0,0,0,0,0,0,0,0,0,29772,"MARGINAL DO RIO TIETE, AV",NA,"",6,"BARRA FUNDA",1,0,"CASTELO BRANCO, AV PRES 19 SAO PAULO SP",-23.5215514,-46.6382654
"1686","D021300008",11818,"LIBERDADE, AV DA",NA,"",455,"","01/02/2013 07:40",2,"CO",1,839," "," ",1,1,0,0,0,0,0,0,0,0,0,0,0,0,0,0,0,11818,"LIBERDADE, AV DA",NA,"",49,"LIBERDADE",1,0,"LIBERDADE, AV DA 455 SAO PAULO SP",-23.5571252,-46.6364206
"1687","D021300466",61,"ABRAAO RIBEIRO, AV DR",NA,"",613,"","01/02/2013 08:00",4,"AT",23,567," "," ",1,1,0,0,0,0,0,0,0,0,0,0,0,0,0,0,0,61,"ABRAAO RIBEIRO, AV DR",NA,"",70,"SANTA CECILIA",3,0,"ABRAAO RIBEIRO, AV DR 613 SAO PAULO SP",-23.9957533,-46.4239997
"1688","D021300797",7721,"GALILEIA, RUA",NA,"",15,"","01/02/2013 08:00",2,"CO",13,1072," "," ",1,1,0,0,0,0,0,0,0,0,0,0,0,0,0,0,0,7721,"GALILEIA, RUA",NA,"",21,"CASA VERDE",1,0,"GALILEIA, RUA 15 SAO PAULO SP",-23.5039162,-46.6539977
"1689","D021300009",33667,"LESTE-OESTE, LIG",NA,"",739,"","01/02/2013 08:00",2,"SI",1,846," "," ",1,1,0,0,0,0,0,0,0,0,0,1,0,0,0,0,0,33667,"LESTE-OESTE, LIG",NA,"",2,"ALTO DE PINHEIR",1,0,"LESTE-OESTE, LIG 739 SAO PAULO SP",-23.5505199,-46.6333094
"1690","D021301304",15507,"TEOTONIO VILELA, AV SEN",NA,"",6141,"","01/02/2013 08:04",2,"CO",85,975," "," ",0,2,0,0,0,0,0,0,0,0,0,0,0,0,0,0,0,15507,"TEOTONIO VILELA, AV SEN",NA,"",23,"CIDADE DUTRA",1,0,"TEOTONIO VILELA, AV SEN 6141 SAO PAULO SP",-23.7517899,-46.7107063
"1691","D021300736",34348,"MARGINAL ESQUERD RIO PINHEIROS, AV",NA,"",2,"","01/02/2013 08:35",2,"CL",93,734," "," ",1,1,0,0,0,0,0,0,0,0,0,0,0,0,0,0,0,13014,"MARGINAL DO RIO PINHEIROS, AV",NA,"",40,"JAGUARE",1,0,"MARGINAL ESQUERD RIO PINHEIROS, AV 2 SAO PAULO SP",-23.5612656,-46.7452511
"1693","D021301029",561,"ALCIDES DE OLIVEIRA, AL TSARG",11016,"JOSE JERONIMO DE MESQUITA, AV TTE",0,"","01/02/2013 09:20",2,"CO",90,414," "," ",2,0,0,0,0,0,0,0,0,0,0,0,0,0,0,0,0,561,"ALCIDES DE OLIVEIRA, AL TSARG",11016,"JOSE JERONIMO DE MESQUITA, AV TTE",94,"VILA MEDEIROS",1,0,"ALCIDES DE OLIVEIRA, AL TSARG SAO PAULO SP &  JOSE JERONIMO DE MESQUITA, AV TTE SAO PAULO SP",-23.5505199,-46.6333094
"1694","D021300146",4736,"CELSO GARCIA, AV",NA,"",63,"","01/02/2013 10:00",4,"AT",12,660," "," ",0,0,0,0,0,0,0,1,0,0,0,0,0,0,0,0,0,4736,"CELSO GARCIA, AV",NA,"",82,"TATUAPE",2,0,"CELSO GARCIA, AV 63 SAO PAULO SP",-23.5399866,-46.6117525
"1695","D021301485",17820,"TITO, AV MAL",NA,"",6035,"","01/02/2013 11:00",2,"CO",50,1369," "," ",1,1,0,0,0,0,0,0,0,0,0,0,0,0,0,0,0,17820,"TITO, AV MAL",NA,"",53,"MOEMA",1,0,"TITO, AV MAL 6035 SAO PAULO SP",-23.4924549,-46.3882893
"1696","D021300501",20291,"TURISTICA DO JARAGUA, ES",NA,"",100,"","01/02/2013 11:00",2,"QF",33,1028," "," ",0,0,1,0,0,0,0,0,0,0,0,0,0,0,0,0,0,20291,"TURISTICA DO JARAGUA, ES",NA,"",31,"GUAIANASES",1,0,"TURISTICA DO JARAGUA, ES 100 SAO PAULO SP",-23.5505199,-46.6333094
"1697","D021301401",5138,"CANAL DA COCAIA, ES DO",NA,"",591,"","01/02/2013 11:00",2,"QM",101,786,"C"," ",0,1,0,0,0,0,0,0,0,0,0,0,0,0,0,0,0,5138,"CANAL DA COCAIA, ES DO",NA,"",30,"GRAJAU",1,0,"CANAL DA COCAIA, ES DO 591 SAO PAULO SP",-23.5505199,-46.6333094
"1698","D021300798",17799,"SANTOS DUMONT, AV",37387,"HEROIS DA FORCA E. BRASILEIRA, PCA",0,"","01/02/2013 11:00",2,"CL",13,1081," "," ",0,1,0,0,0,0,0,0,0,0,0,1,0,0,0,0,0,3637,"BRAZ LEME, AV",17799,"SANTOS DUMONT, AV",71,"SANTANA",1,0,"SANTOS DUMONT, AV SAO PAULO SP &  HEROIS DA FORCA E. BRASILEIRA, PCA SAO PAULO SP",-23.5257861,-46.6307889
"1699","D021301648",46228,"PAZ NA TERRA, TR",NA,"",74,"","01/02/2013 11:10",4,"AT",49,1571," "," ",0,1,0,0,0,0,0,0,0,0,0,0,0,0,0,0,0,46228,"PAZ NA TERRA, TR",NA,"",32,"IGUATEMI",1,0,"PAZ NA TERRA, TR 74 SAO PAULO SP",-23.6072698,-46.4465931
"1700","D021300289",7882,"GEORGE CORBISIER, AV ENG",NA,"",2239,"","01/02/2013 11:16",2,"CL",35,1058," "," ",1,1,0,0,0,0,0,0,0,0,0,0,0,0,0,0,0,7882,"GEORGE CORBISIER, AV ENG",NA,"",37,"JABAQUARA",2,0,"GEORGE CORBISIER, AV ENG 2239 SAO PAULO SP",-23.652436,-46.6481515
"1701","D021300465",18519,"SUMARE, AV",NA,"",55,"","01/02/2013 11:37",2,"CH",23,566," "," ",1,0,0,0,0,0,0,0,0,0,0,0,0,0,0,0,0,18519,"SUMARE, AV",NA,"",61,"PERDIZES",1,0,"SUMARE, AV 55 SAO PAULO SP",-23.5305671,-46.6772179
"1702","D021300564",9529,"ITAPECERICA, ES DE",NA,"",4000,"","01/02/2013 11:40",4,"AT",37,923," "," ",0,1,0,0,0,0,0,0,0,0,0,0,0,0,0,0,0,9529,"ITAPECERICA, ES DE",NA,"",29,"FREGUESIA DO O",1,0,"ITAPECERICA, ES DE 4000 SAO PAULO SP",-23.5505199,-46.6333094
"1703","D021301829",15507,"TEOTONIO VILELA, AV SEN",16151,"JOAO GOULART, AV PRES",0,"","01/02/2013 11:45",4,"AT",48,431," "," ",0,1,0,0,0,0,0,0,0,0,0,0,0,0,0,0,0,15507,"TEOTONIO VILELA, AV SEN",16151,"JOAO GOULART, AV PRES",23,"CIDADE DUTRA",0,1,"TEOTONIO VILELA, AV SEN SAO PAULO SP &  JOAO GOULART, AV PRES SAO PAULO SP",-23.7290679,-46.698928
"1704","D021300055",5245,"CONSOLACAO, RUA DA",15656,"PAULISTA, AV",0,"","01/02/2013 12:10",2,"CO",4,835," "," ",1,1,0,0,0,0,0,0,0,0,0,0,0,0,0,0,0,5245,"CONSOLACAO, RUA DA",15656,"PAULISTA, AV",26,"CONSOLACAO",1,0,"CONSOLACAO, RUA DA SAO PAULO SP &  PAULISTA, AV SAO PAULO SP",-23.5471579,-46.6469857
"1705","D021301575",6187,"EDGAR SANTOS, AV PROF",6535,"ERASMO MADER, RUA",0,"","01/02/2013 12:15",2,"CO",65,361," "," ",1,1,0,0,0,0,0,0,0,0,0,0,0,0,0,0,0,6187,"EDGAR SANTOS, AV PROF",6535,"ERASMO MADER, RUA",5,"ARTUR ALVIM",1,0,"EDGAR SANTOS, AV PROF SAO PAULO SP &  ERASMO MADER, RUA SAO PAULO SP",-23.5501562,-46.4963567
"1707","D021300758",5741,"DARZAN, RUA",NA,"",318,"","01/02/2013 12:20",2,"CT",9,730,"B"," ",2,0,0,0,0,0,0,0,0,0,0,0,0,0,0,0,0,5741,"DARZAN, RUA",NA,"",71,"SANTANA",1,0,"DARZAN, RUA 318 SAO PAULO SP",-23.5043334,-46.6232171
"1708","D021300933",2455,"ATALIBA LEONEL, AV GAL",2189,"ARIOSTO CESAR, RUA",0,"","01/02/2013 12:30",2,"CO",39,540,"C"," ",1,1,0,0,0,0,0,0,0,0,0,0,0,0,0,0,0,2189,"ARIOSTO CESAR, RUA",2455,"ATALIBA LEONEL, AV GAL",84,"TUCURUVI",1,0,"ATALIBA LEONEL, AV GAL SAO PAULO SP &  ARIOSTO CESAR, RUA SAO PAULO SP",-23.4953219,-46.6109674
"1709","D021300056",1991,"ARACAJU, RUA",12869,"MARANHAO (CONSOLACAO), RUA",0,"","01/02/2013 12:50",2,"CO",4,836," "," ",2,0,0,0,0,0,0,0,0,0,0,0,0,0,0,0,0,1991,"ARACAJU, RUA",12869,"MARANHAO (CONSOLACAO), RUA",26,"CONSOLACAO",1,0,"ARACAJU, RUA SAO PAULO SP &  MARANHAO (CONSOLACAO), RUA SAO PAULO SP",-23.5432141,-46.6600121
"1712","D021300518",4666,"CAXINGUI, AV",17822,"SAPETUBA, RUA",0,"","01/02/2013 13:05",4,"AT",34,668," "," ",0,1,0,0,0,0,0,0,0,0,0,0,0,0,0,0,0,4666,"CAXINGUI, AV",16878,"RAPOSO TAVARES, VIA",12,"BUTANTA",1,0,"CAXINGUI, AV SAO PAULO SP &  SAPETUBA, RUA SAO PAULO SP",-23.5694804,-46.7141119
"1714","D021300857",76,"ABREU LEMOS, RUA",149,"ADALBERTO, RUA STO",0,"","01/02/2013 13:20",2,"CO",20,1138," "," ",2,0,0,0,0,0,0,0,0,0,0,0,0,0,0,0,0,76,"ABREU LEMOS, RUA",149,"ADALBERTO, RUA STO",84,"TUCURUVI",1,0,"ABREU LEMOS, RUA SAO PAULO SP &  ADALBERTO, RUA STO SAO PAULO SP",-23.4751775,-46.6166552
"1715","D021300684",61660,"NELSON GAMA DE OLIVEIRA, RUA",8000,"GIOVANNI GRONCHI, AV",0,"","01/02/2013 13:30",2,"CT",89,843," "," ",1,1,0,0,0,0,0,0,0,0,0,0,0,0,0,0,0,8000,"GIOVANNI GRONCHI, AV",61660,"NELSON GAMA DE OLIVEIRA, RUA",85,"VILA ANDRADE",1,0,"NELSON GAMA DE OLIVEIRA, RUA SAO PAULO SP &  GIOVANNI GRONCHI, AV SAO PAULO SP",-23.6341663,-46.7328864
"1716","D021301677",36285,"ADRIANO BERTOZZI, AV",NA,"",1260,"","01/02/2013 13:50",2,"QM",53,691," "," ",0,1,0,0,0,0,0,0,0,0,0,0,0,0,0,0,0,36285,"ADRIANO BERTOZZI, AV",NA,"",51,"MANDAQUI",1,0,"ADRIANO BERTOZZI, AV 1260 SAO PAULO SP",-23.5744847,-46.4569507
"1717","D021301066",5836,"DIANOPOLIS, RUA",NA,"",449,"","01/02/2013 13:50",2,"CH",18,219," "," ",1,0,0,0,0,0,0,0,0,0,0,0,0,0,0,0,0,5836,"DIANOPOLIS, RUA",NA,"",54,"MOOCA",3,0,"DIANOPOLIS, RUA 449 SAO PAULO SP",-23.5729715,-46.5953029
"1718","D021300882",15485,"PARAPUA, RUA",NA,"",230,"","01/02/2013 14:15",2,"CH",28,531," "," ",0,0,1,1,0,0,0,0,0,0,0,0,0,0,0,0,0,15485,"PARAPUA, RUA",NA,"",4,"ARICANDUVA",7,0,"PARAPUA, RUA 230 SAO PAULO SP",-23.4825349,-46.6921276
"1719","D021300654",8603,"HEITOR ANTONIO EIRAS GARCIA, AV ENG",NA,"",4592,"","01/02/2013 14:18",4,"AT",75,550," "," ",0,0,0,1,0,0,0,0,0,0,0,0,0,0,0,0,0,8603,"HEITOR ANTONIO EIRAS GARCIA, AV ENG",NA,"",68,"RIO PEQUENO",1,0,"HEITOR ANTONIO EIRAS GARCIA, AV ENG 4592 SAO PAULO SP",-23.5893356,-46.7720483
"1721","D021301311",8368,"GUARAPIRANGA, AV",NA,"",1821,"","01/02/2013 14:45",4,"AT",92,720," "," ",0,1,0,0,0,0,0,0,0,0,0,0,0,0,0,0,0,8368,"GUARAPIRANGA, AV",NA,"",45,"JARDIM SAO LUIS",1,0,"GUARAPIRANGA, AV 1821 SAO PAULO SP",-23.6839008,-46.7363231
"1723","D021301799",4561,"CASTELO BRANCO, AV PRES",7396,"JOSE GOMES FALCAO, RUA",0,"","01/02/2013 15:25",2,"CT",33,213," "," ",2,1,0,0,0,0,0,0,0,0,0,0,0,0,0,0,0,4561,"CASTELO BRANCO, AV PRES",7396,"JOSE GOMES FALCAO, RUA",6,"BARRA FUNDA",0,1,"CASTELO BRANCO, AV PRES SAO PAULO SP &  JOSE GOMES FALCAO, RUA SAO PAULO SP",-23.5216047,-46.6390428
"1724","D021300895",3771,"INAJAR DE SOUZA, AV",NA,"",1500,"","01/02/2013 15:40",2,"QM",28,998," "," ",0,1,0,0,0,0,0,0,0,0,0,0,0,0,0,0,0,3771,"INAJAR DE SOUZA, AV",NA,"",50,"LIMAO",1,0,"INAJAR DE SOUZA, AV 1500 SAO PAULO SP",-23.4924632,-46.6850702
"1725","D021300413",8714,"HENRIQUE SCHAUMANN, RUA",NA,"",636,"","01/02/2013 15:40",2,"CO",14,1010," "," ",1,0,0,0,0,0,0,0,0,0,0,0,0,0,0,0,0,8714,"HENRIQUE SCHAUMANN, RUA",NA,"",63,"PINHEIROS",1,0,"HENRIQUE SCHAUMANN, RUA 636 SAO PAULO SP",-23.5591274,-46.681324
"1727","D021300759",5204,"CONCEICAO (ES.), AV",NA,"",325,"","01/02/2013 16:10",4,"AT",9,740," "," ",0,1,0,0,0,0,0,0,0,0,0,0,0,0,0,0,0,5204,"CONCEICAO (ES.), AV",NA,"",88,"VILA GUILHERME",1,0,"CONCEICAO (ES.), AV 325 SAO PAULO SP",-23.5505199,-46.6333094
"1728","D021300408",2316,"ARRUDA BOTELHO, AV",NA,"",500,"","01/02/2013 16:40",2,"QF",14,796," "," ",0,0,0,0,0,0,0,1,0,0,0,0,0,0,0,0,0,2316,"ARRUDA BOTELHO, AV",NA,"",2,"ALTO DE PINHEIR",1,0,"ARRUDA BOTELHO, AV 500 SAO PAULO SP",-23.552183,-46.7188944
"1729","D021300237",1785,"ANTONIO MARCONDES, RUA",7746,"GAMA LOBO, RUA",0,"","01/02/2013 16:48",2,"CO",17,627," "," ",1,1,0,0,0,0,0,0,0,0,0,0,0,0,0,0,0,1785,"ANTONIO MARCONDES, RUA",7746,"GAMA LOBO, RUA",33,"IPIRANGA",1,0,"ANTONIO MARCONDES, RUA SAO PAULO SP &  GAMA LOBO, RUA SAO PAULO SP",-23.5979284,-46.6087998
"1730","D021301148",6371,"ELISABETH DE ROBIANO, AV CDSSA",NA,"",4800,"","01/02/2013 17:20",2,"CO",52,330," "," ",1,1,0,0,0,0,0,0,0,0,0,0,0,0,0,0,0,29772,"MARGINAL DO RIO TIETE, AV",NA,"",82,"TATUAPE",1,0,"ELISABETH DE ROBIANO, AV CDSSA 4800 SAO PAULO SP",-23.5076424,-46.5495997
"1731","D021300999",9234,"INVERNO, RUA DO",NA,"",66,"","01/02/2013 18:00",2,"QM",73,1435," "," ",0,1,0,0,0,0,0,0,0,0,0,0,0,0,0,0,0,9234,"INVERNO, RUA DO",NA,"",11,"BRASILANDIA",1,0,"INVERNO, RUA DO 66 SAO PAULO SP",-23.4654393,-46.6889964
"1732","D021300593",9529,"ITAPECERICA, ES DE",NA,"",2500,"","01/02/2013 18:30",2,"QD",37,2154," "," ",0,0,1,0,0,0,0,0,0,0,0,0,0,0,0,0,0,9529,"ITAPECERICA, ES DE",NA,"",29,"FREGUESIA DO O",1,0,"ITAPECERICA, ES DE 2500 SAO PAULO SP",-23.5505199,-46.6333094
"1733","D021301165",7964,"GIESTAS, RUA",2729,"BAIA GRANDE, RUA",0,"","01/02/2013 18:30",2,"CT",56,667," "," ",0,0,1,0,0,0,0,1,0,0,0,0,0,0,0,0,0,2729,"BAIA GRANDE, RUA",7964,"GIESTAS, RUA",95,"VILA PRUDENTE",2,0,"GIESTAS, RUA SAO PAULO SP &  BAIA GRANDE, RUA SAO PAULO SP",-23.5937458,-46.5786027
"1734","D021301576",12156,"LUIZ AYRES, RUA DR",NA,"",1400,"","01/02/2013 18:40",2,"CL",65,367,"B"," ",1,1,0,0,0,0,0,0,0,0,0,0,0,0,0,0,0,12156,"LUIZ AYRES, RUA DR",NA,"",5,"ARTUR ALVIM",1,0,"LUIZ AYRES, RUA DR 1400 SAO PAULO SP",-23.5359184,-46.4890072
"1735","D021300320",15914,"PEDRO DE TOLEDO, RUA",NA,"",2180,"","01/02/2013 18:45",2,"CT",36,530," "," ",3,0,0,0,0,0,0,0,0,0,0,0,0,0,0,0,0,15914,"PEDRO DE TOLEDO, RUA",NA,"",24,"CIDADE LIDER",2,0,"PEDRO DE TOLEDO, RUA 2180 SAO PAULO SP",-23.5956528,-46.6573078
"1736","D021300712",64104,"JOAO AVELINO PINHO MELLAO, RUA",8000,"GIOVANNI GRONCHI, AV",0,"","01/02/2013 18:50",2,"CT",89,900025," "," ",1,1,0,0,0,0,0,0,1,0,0,0,0,0,0,0,0,8000,"GIOVANNI GRONCHI, AV",64104,"JOAO AVELINO PINHO MELLAO, RUA",55,"MORUMBI",2,0,"JOAO AVELINO PINHO MELLAO, RUA SAO PAULO SP &  GIOVANNI GRONCHI, AV SAO PAULO SP",-23.6077216,-46.7255565
"1737","D021301604",20804,"LUIS MATEUS (GUAIANAZES), RUA",NA,"",2460,"","01/02/2013 19:30",2,"CO",103,532," "," ",1,1,0,0,0,0,0,0,0,0,0,0,0,0,0,0,0,20804,"LUIS MATEUS (GUAIANAZES), RUA",NA,"",51,"MANDAQUI",1,0,"LUIS MATEUS (GUAIANAZES), RUA 2460 SAO PAULO SP",-23.0602933,-45.6222887
"1738","D021300756",6167,"EDGAR, RUA",3792,"CACHOEIRA DO ARARI, RUA",0,"","01/02/2013 19:30",2,"CO",9,459," "," ",1,1,0,0,0,0,0,0,0,0,0,0,0,0,0,0,0,3792,"CACHOEIRA DO ARARI, RUA",27481,"GURINHEM, RUA",88,"VILA GUILHERME",1,0,"EDGAR, RUA SAO PAULO SP &  CACHOEIRA DO ARARI, RUA SAO PAULO SP",-23.5014716,-46.5963768
"1739","D021301629",20804,"LUIS MATEUS (GUAIANAZES), RUA",NA,"",2460,"","01/02/2013 20:00",2,"CO",44,697," "," ",1,1,0,0,0,0,0,0,0,0,0,0,0,0,0,0,0,20804,"LUIS MATEUS (GUAIANAZES), RUA",NA,"",51,"MANDAQUI",2,0,"LUIS MATEUS (GUAIANAZES), RUA 2460 SAO PAULO SP",-23.0602933,-45.6222887
"1740","D021301294",67207,"OLICIO ALVES, RUA SARG",NA,"",17,"","01/02/2013 20:00",4,"AT",80,1215,"C"," ",1,0,0,0,0,0,0,0,0,0,0,0,0,0,0,0,0,67207,"OLICIO ALVES, RUA SARG",NA,"",29,"FREGUESIA DO O",1,0,"OLICIO ALVES, RUA SARG 17 SAO PAULO SP",-23.6799,-46.6807167
"1741","D021301678",16173,"PESSEGO, ES DO",NA,"",1000,"","01/02/2013 20:00",2,"CO",53,702," "," ",1,0,0,0,0,0,0,0,0,0,0,0,0,0,1,0,0,16173,"PESSEGO, ES DO",NA,"",0,"NULL",1,0,"PESSEGO, ES DO 1000 SAO PAULO SP",-23.5505199,-46.6333094
"1742","D021300462",16161,"PERU, RUA",5175,"COLOMBIA, RUA",0,"","01/02/2013 20:08",2,"CO",15,1015,"B"," ",1,1,0,0,0,0,0,0,0,0,0,0,0,0,0,0,0,5175,"COLOMBIA, RUA",16161,"PERU, RUA",44,"JARDIM PAULISTA",1,0,"PERU, RUA SAO PAULO SP &  COLOMBIA, RUA SAO PAULO SP",-23.5705766,-46.6732164
"1743","D021300057",2617,"AVANHANDAVA, RUA",NA,"",63,"","01/02/2013 20:18",4,"AT",4,876," "," ",1,0,0,0,0,0,0,0,0,0,0,0,0,0,0,0,0,2617,"AVANHANDAVA, RUA",NA,"",67,"REPUBLICA",1,0,"AVANHANDAVA, RUA 63 SAO PAULO SP",-23.5501964,-46.6450872
"1744","D021301339",6557,"BRIGIDA BANTI, RUA",NA,"",5,"","01/02/2013 20:37",4,"AT",98,1264," "," ",0,0,0,0,0,0,0,0,0,0,0,0,0,0,0,1,0,6557,"BRIGIDA BANTI, RUA",NA,"",29,"FREGUESIA DO O",1,0,"BRIGIDA BANTI, RUA 5 SAO PAULO SP",-23.688063,-46.6456187
"1745","D021301450",954,"AMADOR BUENO DA VEIGA, AV",NA,"",3074,"","01/02/2013 21:04",2,"CO",24,1142," "," ",1,1,0,0,0,0,0,0,0,0,0,0,0,0,0,0,0,954,"AMADOR BUENO DA VEIGA, AV",NA,"",60,"PENHA",2,0,"AMADOR BUENO DA VEIGA, AV 3074 SAO PAULO SP",-23.5216166,-46.5165008
"1746","D021301378",14743,"SABARA, AV NSRA DO",NA,"",4300,"","01/02/2013 22:00",2,"CO",99,1219," "," ",2,0,0,0,0,0,0,0,0,0,0,0,0,0,0,0,0,14743,"SABARA, AV NSRA DO",NA,"",16,"CAMPO GRANDE",1,0,"SABARA, AV NSRA DO 4300 SAO PAULO SP",-23.5505199,-46.6333094
"1747","D021300192",15656,"PAULISTA, AV",NA,"",2467,"","01/02/2013 22:00",2,"CH",78,879," "," ",1,0,0,0,0,0,0,0,0,0,0,0,0,0,0,0,0,15656,"PAULISTA, AV",NA,"",7,"BELA VISTA",1,0,"PAULISTA, AV 2467 SAO PAULO SP",-23.5560294,-46.6628477
"1748","D021300264",35829,"MOREIRA GUIMARAES, AV",9899,"JANDIRA, AV",0,"","01/02/2013 22:10",2,"CO",27,1158," "," ",1,0,0,0,0,0,0,0,0,0,0,2,0,0,0,0,0,9899,"JANDIRA, AV",35829,"MOREIRA GUIMARAES, AV",53,"MOEMA",1,0,"MOREIRA GUIMARAES, AV SAO PAULO SP &  JANDIRA, AV SAO PAULO SP",-23.6112321,-46.6554476
"1749","D021300620",1429,"ANHANGUERA, VIA",NA,"",21000,"","01/02/2013 22:25",2,"CH",46,1900," "," ",1,0,0,0,0,0,0,0,0,0,0,0,0,0,0,0,0,1429,"ANHANGUERA, VIA",NA,"",73,"SAO DOMINGOS",1,0,"ANHANGUERA, VIA 21000 SAO PAULO SP",-23.4900941,-46.7665396
"1750","D021301222",952,"AMADOR BUENO, RUA",7536,"FRANCISCO PITTA BRITO, RUA ENG",0,"","01/02/2013 22:25",2,"CO",11,1216," "," ",0,1,1,0,0,0,0,0,0,0,0,0,0,0,0,0,0,952,"AMADOR BUENO, RUA",7536,"FRANCISCO PITTA BRITO, RUA ENG",72,"SANTO AMARO",1,0,"AMADOR BUENO, RUA SAO PAULO SP &  FRANCISCO PITTA BRITO, RUA ENG SAO PAULO SP",-23.5316345,-46.9822106
"1751","D021301780",61830,"PRIMAVERA DE CAIENA, AV",NA,"",500,"","01/02/2013 23:00",2,"CO",70,1138," "," ",0,2,0,0,0,0,0,0,0,0,0,0,0,0,0,0,0,61830,"PRIMAVERA DE CAIENA, AV",NA,"",56,"PARELHEIROS",1,0,"PRIMAVERA DE CAIENA, AV 500 SAO PAULO SP",-23.6149059,-46.5135631
"1752","D021301265",29896,"PIRAJUSSARA-VALO VELHO, ES",NA,"",295,"","01/02/2013 23:07",4,"AT",47,1365," "," ",1,0,0,0,0,0,0,0,0,0,0,0,0,0,0,0,0,29896,"PIRAJUSSARA-VALO VELHO, ES",NA,"",29,"FREGUESIA DO O",3,0,"PIRAJUSSARA-VALO VELHO, ES 295 SAO PAULO SP",-23.5505199,-46.6333094
"1753","D021300921",19752,"VINTE E OITO DE JANEIRO, RUA",6985,"FELISBERTO FREIRE, RUA",0,"","02/02/2013 00:55",2,"CO",38,985," "," ",1,1,0,0,0,0,0,0,0,0,0,0,0,0,0,0,0,6985,"FELISBERTO FREIRE, RUA",19752,"VINTE E OITO DE JANEIRO, RUA",13,"CACHOEIRINHA",1,0,"VINTE E OITO DE JANEIRO, RUA SAO PAULO SP &  FELISBERTO FREIRE, RUA SAO PAULO SP",-23.4684158,-46.6583894
"1754","D021300121",8798,"HIPODROMO, RUA",9247,"IPANEMA, RUA",0,"","02/02/2013 00:58",4,"AT",8,828," "," ",0,0,0,0,0,0,0,0,0,0,0,0,0,0,0,1,0,8798,"HIPODROMO, RUA",9247,"IPANEMA, RUA",10,"BRAS",1,0,"HIPODROMO, RUA SAO PAULO SP &  IPANEMA, RUA SAO PAULO SP",-23.5459722,-46.6073941
"1755","D021301384",5584,"CUMBICA, ES DA",NA,"",526,"","02/02/2013 01:30",2,"CO",100,634," "," ",0,1,0,0,0,0,0,1,0,0,0,0,0,0,0,0,0,5584,"CUMBICA, ES DA",NA,"",42,"JARDIM ANGELA",1,0,"CUMBICA, ES DA 526 SAO PAULO SP",-23.5505199,-46.6333094
"1757","D021300006",6642,"ESTADO, AV DO",NA,"",20,"","02/02/2013 02:53",4,"AT",1,831," "," ",1,0,0,0,0,0,0,0,0,0,0,0,0,0,0,0,0,6642,"ESTADO, AV DO",NA,"",9,"BOM RETIRO",1,0,"ESTADO, AV DO 20 SAO PAULO SP",-23.5418612,-46.6287847
"1758","D021301800",33234,"MARGINAL DIREITA DO TIETE, AV",NA,"",4,"","02/02/2013 03:40",2,"CO",33,1030,"R"," ",1,0,0,3,0,0,0,0,0,0,0,0,0,0,0,0,0,29772,"MARGINAL DO RIO TIETE, AV",NA,"",39,"JAGUARA",0,1,"MARGINAL DIREITA DO TIETE, AV 4 SAO PAULO SP",-23.5168929,-46.7408098
"1759","D021301843",9220,"INTERLAGOS, AV",NA,"",4455,"","02/02/2013 04:30",2,"CH",11,138," "," ",1,0,0,0,0,0,0,0,0,0,0,0,0,0,0,0,0,9220,"INTERLAGOS, AV",NA,"",16,"CAMPO GRANDE",2,1,"INTERLAGOS, AV 4455 SAO PAULO SP",-23.6857332,-46.6929568
"1760","D021301801",14767,"NOVA CANTAREIRA, AV",NA,"",3734,"","02/02/2013 05:00",2,"CH",20,461," "," ",1,1,0,0,0,0,0,0,0,0,0,0,0,0,0,0,0,14767,"NOVA CANTAREIRA, AV",NA,"",83,"TREMEMBE",0,1,"NOVA CANTAREIRA, AV 3734 SAO PAULO SP",-23.4679665,-46.6165862
"1761","D021300213",5618,"CURSINO, AV DO",NA,"",2630,"","02/02/2013 06:05",2,"CO",16,1466," "," ",1,1,0,0,0,0,0,0,0,0,0,0,0,0,0,0,0,5618,"CURSINO, AV DO",NA,"",27,"CURSINO",1,0,"CURSINO, AV DO 2630 SAO PAULO SP",-23.6248527,-46.619786