"","id_acidente","codloga","logradouroA","codlogb","logradouroB","alt_num","referencia","data","cod_acid","tipo_acidente","dp","numero_BO","sentido","pista","automovel","moto","onibus","caminhao","bicicleta","moto_taxi","onibus_fretado","onibus_urbano","microonibus","van","vuc","caminhonete","carreta","jipe","outros","sem_informacao","carroca","princ_a","paiA","princ_b","paiB","cod_distrito","distrito","vit_ferida","vit_morta","local","lat","lon"
"1763","D021301224",10918,"JOSE DINIZ, AV VER",1085,"AMERICO BRASILIENSE, RUA",0,"","02/02/2013 06:30",2,"QD",11,1227," "," ",0,0,0,0,0,0,0,1,0,0,0,0,0,0,0,0,0,1085,"AMERICO BRASILIENSE, RUA",10918,"JOSE DINIZ, AV VER",72,"SANTO AMARO",1,0,"JOSE DINIZ, AV VER SAO PAULO SP &  AMERICO BRASILIENSE, RUA SAO PAULO SP",-23.6339852,-46.6908948
"1764","D021300451",2959,"BASTOS PEREIRA, RUA",NA,"",54,"","02/02/2013 06:48",2,"CO",15,161," "," ",1,1,0,0,0,0,0,0,0,0,0,0,0,0,0,0,0,2959,"BASTOS PEREIRA, RUA",NA,"",53,"MOEMA",2,0,"BASTOS PEREIRA, RUA 54 SAO PAULO SP",-23.5871466,-46.6709131
"1765","D021300212",17083,"RICARDO JAFET, AV DR",8636,"HELEN KELLER, RUA",0,"","02/02/2013 06:50",2,"CO",16,1462," "," ",1,0,0,0,1,0,0,0,0,0,0,0,0,0,0,0,0,8636,"HELEN KELLER, RUA",17083,"RICARDO JAFET, AV DR",79,"SAUDE",1,0,"RICARDO JAFET, AV DR SAO PAULO SP &  HELEN KELLER, RUA SAO PAULO SP",-23.5816552,-46.6139053
"1766","D021300953",6450,"EMILIO CARLOS, AV DEP",NA,"",1888,"","02/02/2013 07:06",2,"CO",40,493," "," ",1,1,0,0,0,0,0,0,0,0,0,0,0,0,0,0,0,6450,"EMILIO CARLOS, AV DEP",NA,"",50,"LIMAO",1,0,"EMILIO CARLOS, AV DEP 1888 SAO PAULO SP",-23.4907186,-46.6757206
"1767","D021301356",852,"ALVARENGA, ES DO",NA,"",1800,"","02/02/2013 07:30",2,"CO",98,900045," "," ",1,1,0,0,0,0,0,0,0,0,0,0,0,0,0,0,0,852,"ALVARENGA, ES DO",NA,"",59,"PEDREIRA",1,0,"ALVARENGA, ES DO 1800 SAO PAULO SP",-23.5505199,-46.6333094
"1768","D021300321",8944,"IBIRAPUERA, AV",NA,"",624,"","02/02/2013 07:52",2,"SI",36,531," "," ",1,1,0,0,0,0,0,0,0,0,0,0,0,0,0,0,0,8944,"IBIRAPUERA, AV",NA,"",53,"MOEMA",1,0,"IBIRAPUERA, AV 624 SAO PAULO SP",-23.5925688,-46.6521826
"1769","D021301385",12403,"M'BOI MIRIM, ES",NA,"",4400,"","02/02/2013 08:00",2,"CT",100,637,"C"," ",1,1,0,0,0,0,0,0,0,0,0,0,0,0,0,0,0,12403,"M'BOI MIRIM, ES",NA,"",42,"JARDIM ANGELA",1,0,"M'BOI MIRIM, ES 4400 SAO PAULO SP",-23.5505199,-46.6333094
"1770","D021301358",889,"ALVARO GOMES DOS REIS, RUA DR",6238,"NACOES UNIDAS, AV DAS",0,"","02/02/2013 08:30",4,"AT",99,478," "," ",1,0,0,0,0,0,0,0,0,0,0,0,0,0,0,0,0,889,"ALVARO GOMES DOS REIS, RUA DR",6238,"NACOES UNIDAS, AV DAS",16,"CAMPO GRANDE",1,0,"ALVARO GOMES DOS REIS, RUA DR SAO PAULO SP &  NACOES UNIDAS, AV DAS SAO PAULO SP",-23.6675603,-46.7044909
"1771","D021301473",9150,"GONCALO DO PIAUI, RUA S",NA,"",581,"","02/02/2013 08:50",4,"AT",32,785," "," ",1,0,0,0,0,0,0,0,0,0,0,0,0,0,0,0,0,9150,"GONCALO DO PIAUI, RUA S",NA,"",51,"MANDAQUI",1,0,"GONCALO DO PIAUI, RUA S 581 SAO PAULO SP",-23.5462379,-46.4589688
"1772","D021300336",1121,"AMILCAR VELOSO PEDERNEIRAS, RUA BRIG",NA,"",538,"","02/02/2013 08:55",4,"AT",83,339," "," ",0,0,0,0,1,0,0,0,0,0,0,0,0,0,0,0,0,1121,"AMILCAR VELOSO PEDERNEIRAS, RUA BRIG",NA,"",69,"SACOMA",2,0,"AMILCAR VELOSO PEDERNEIRAS, RUA BRIG 538 SAO PAULO SP",-23.6408616,-46.61062
"1774","D021300003",6136,"DUPRAT, RUA BR DE",16725,"QUEIROS, AV SEN",0,"","02/02/2013 09:11",2,"CO",1,623," "," ",1,1,0,0,0,0,0,0,0,0,0,0,0,0,0,0,0,6136,"DUPRAT, RUA BR DE",16725,"QUEIROS, AV SEN",80,"SE",2,0,"DUPRAT, RUA BR DE SAO PAULO SP &  QUEIROS, AV SEN SAO PAULO SP",-23.5412517,-46.6308196
"1775","D021300253",14710,"MERCES, RUA NSRA DAS",NA,"",355,"","02/02/2013 09:30",2,"CF",26,954," "," ",1,1,0,0,0,0,0,0,0,0,0,0,0,0,0,0,0,14710,"MERCES, RUA NSRA DAS",NA,"",69,"SACOMA",1,0,"MERCES, RUA NSRA DAS 355 SAO PAULO SP",-23.5505199,-46.6333094
"1776","D021300360",17064,"RIBEIRO DO VALE, RUA",NA,"",252,"","02/02/2013 09:43",4,"AT",96,522," "," ",1,0,0,0,0,0,0,0,0,0,0,0,0,0,0,0,0,17064,"RIBEIRO DO VALE, RUA",NA,"",30,"GRAJAU",1,0,"RIBEIRO DO VALE, RUA 252 SAO PAULO SP",-23.6135432,-46.6885869
"1777","D021301189",8567,"HAMILTON PRADO, RUA",NA,"",137,"","02/02/2013 09:47",2,"CO",58,234," "," ",2,1,0,0,0,0,0,0,0,0,0,0,0,0,0,0,0,8567,"HAMILTON PRADO, RUA",NA,"",87,"VILA FORMOSA",1,0,"HAMILTON PRADO, RUA 137 SAO PAULO SP",-23.5764338,-46.5405837
"1778","D021301338",5606,"CUPECE, AV",NA,"",5099,"","02/02/2013 10:00",2,"CT",98,137," "," ",1,1,0,0,0,0,0,0,0,0,0,0,0,0,0,0,0,5606,"CUPECE, AV",NA,"",22,"CIDADE ADEMAR",1,0,"CUPECE, AV 5099 SAO PAULO SP",-23.6787539,-46.6405404
"1779","D021301067",15304,"PAES DE BARROS, AV",NA,"",1700,"","02/02/2013 10:00",2,"CO",18,223," "," ",1,2,0,0,0,0,0,0,0,0,0,0,0,0,0,0,0,15304,"PAES DE BARROS, AV",NA,"",16,"CAMPO GRANDE",1,0,"PAES DE BARROS, AV 1700 SAO PAULO SP",-23.567387,-46.5916303
"1780","D021301734",2181,"ARICANDUVA, AV",70741,"FELISBURGO, RUA",0,"","02/02/2013 10:15",2,"CP",66,564," "," ",1,0,0,1,0,0,0,0,0,0,0,0,0,0,0,0,0,2181,"ARICANDUVA, AV",70741,"FELISBURGO, RUA",75,"SAO MATEUS",1,0,"ARICANDUVA, AV SAO PAULO SP &  FELISBURGO, RUA SAO PAULO SP",-23.5479783,-46.5260893
"1781","D021300596",4885,"CHICA LUIZA, AV",NA,"",1072,"","02/02/2013 11:02",2,"CT",46,222," "," ",0,1,0,0,0,0,0,0,0,0,0,1,0,0,0,0,0,4885,"CHICA LUIZA, AV",NA,"",41,"JARAGUA",1,0,"CHICA LUIZA, AV 1072 SAO PAULO SP",-23.4503632,-46.7550985
"1782","D021301811",35449,"BANDEIRANTES, VIA DOS",NA,"",17000,"","02/02/2013 11:10",2,"CT",14,1361," "," ",2,0,0,0,0,0,0,0,0,0,0,0,0,0,0,0,0,35449,"BANDEIRANTES, VIA DOS",NA,"",64,"PIRITUBA",3,1,"BANDEIRANTES, VIA DOS 17000 SAO PAULO SP",-23.4392188,-46.7580705
"1783","D021300502",35449,"BANDEIRANTES, VIA DOS",NA,"",17,"","02/02/2013 11:10",2,"CO",33,1041," "," ",2,0,0,0,0,0,0,0,0,0,0,0,0,0,0,0,0,35449,"BANDEIRANTES, VIA DOS",NA,"",64,"PIRITUBA",3,0,"BANDEIRANTES, VIA DOS 17 SAO PAULO SP",-23.4724822,-46.7482547
"1784","D021300374",999,"SANTO AMARO, AV",NA,"",4507,"","02/02/2013 12:00",2,"CL",96,1171," "," ",1,1,0,1,0,0,0,0,0,0,0,0,0,0,0,0,0,999,"SANTO AMARO, AV",NA,"",34,"ITAIM BIBI",1,0,"SANTO AMARO, AV 4507 SAO PAULO SP",-23.6226592,-46.6846263
"1785","D021300193",12165,"LUIS ANTONIO, AV BRIG",6651,"ESTADOS UNIDOS, RUA",0,"","02/02/2013 12:04",2,"CO",78,891," "," ",0,1,1,0,0,0,0,0,0,0,0,0,0,0,0,0,0,10629,"ESTENIO ALBUQUERQUE LIMA, AV MAL",12165,"LUIS ANTONIO, AV BRIG",53,"MOEMA",1,0,"LUIS ANTONIO, AV BRIG SAO PAULO SP &  ESTADOS UNIDOS, RUA SAO PAULO SP",-23.5699897,-46.6512614
"1786","D021301530",66522,"CONCEICAO DA PEDRA, RUA",NA,"",55,"","02/02/2013 12:10",4,"AT",62,952," "," ",1,0,0,0,0,0,0,0,0,0,0,0,0,0,0,0,0,66522,"CONCEICAO DA PEDRA, RUA",NA,"",49,"LIBERDADE",1,0,"CONCEICAO DA PEDRA, RUA 55 SAO PAULO SP",-23.5143556,-46.4883971
"1787","D021301217",4328,"CARLOS DA SILVA ARAUJO, RUA TTCEL",4777,"CERQUEIRA CESAR, RUA",0,"","02/02/2013 12:20",2,"CH",11,139," "," ",0,0,1,0,0,0,0,0,0,0,0,0,0,0,0,0,0,4328,"CARLOS DA SILVA ARAUJO, RUA TTCEL",4777,"CERQUEIRA CESAR, RUA",72,"SANTO AMARO",1,0,"CARLOS DA SILVA ARAUJO, RUA TTCEL SAO PAULO SP &  CERQUEIRA CESAR, RUA SAO PAULO SP",-23.5505199,-46.6333094
"1788","D021300323",19393,"URUANA, RUA",15645,"PAULINO, RUA S",0,"","02/02/2013 12:40",2,"CL",36,580," "," ",1,1,0,0,0,0,0,0,0,0,0,0,0,0,0,0,0,15645,"PAULINO, RUA S",19393,"URUANA, RUA",92,"VILA MARIANA",1,0,"URUANA, RUA SAO PAULO SP &  PAULINO, RUA S SAO PAULO SP",-23.5895505,-46.6435571
"1789","D021301312",13357,"MARIA COELHO AGUIAR, AV",NA,"",215,"","02/02/2013 12:45",2,"CO",92,732," "," ",1,1,0,0,0,0,0,0,0,0,0,0,0,0,0,0,0,13357,"MARIA COELHO AGUIAR, AV",NA,"",45,"JARDIM SAO LUIS",1,0,"MARIA COELHO AGUIAR, AV 215 SAO PAULO SP",-23.6483613,-46.7316463
"1790","D021301073",18454,"SOUSA BANDEIRA, AV",44742,"BERNARDINO BRITO FONSECA DE CA, AV",0,"","02/02/2013 13:00",2,"CO",21,236," "," ",5,0,0,1,0,0,0,0,0,0,0,1,0,0,0,0,0,18454,"SOUSA BANDEIRA, AV",44742,"BERNARDINO BRITO FONSECA DE CA, AV",93,"VILA MATILDE",6,0,"SOUSA BANDEIRA, AV SAO PAULO SP &  BERNARDINO BRITO FONSECA DE CA, AV SAO PAULO SP",-23.5462024,-46.5013255
"1791","D021301697",45641,"RENE DE TOLEDO, RUA",NA,"",177,"","02/02/2013 13:12",4,"AT",54,622," "," ",0,0,0,0,0,0,0,0,1,0,0,0,0,0,0,0,0,45641,"RENE DE TOLEDO, RUA",NA,"",25,"CIDADE TIRADENT",1,0,"RENE DE TOLEDO, RUA 177 SAO PAULO SP",-23.5994106,-46.403064
"1792","D021301831",9715,"JABAQUARA, AV",NA,"",315,"","02/02/2013 13:21",2,"CO",16,1478," "," ",1,0,0,0,1,0,0,0,0,0,0,0,0,0,0,0,0,9715,"JABAQUARA, AV",NA,"",79,"SAUDE",0,1,"JABAQUARA, AV 315 SAO PAULO SP",-23.6068461,-46.6373661
"1793","D021300760",10622,"JOAQUINA RAMALHO, AV",NA,"",547,"","02/02/2013 14:10",2,"CO",9,754," "," ",1,1,0,0,0,0,0,0,0,0,0,0,0,0,0,0,0,10622,"JOAQUINA RAMALHO, AV",NA,"",88,"VILA GUILHERME",1,0,"JOAQUINA RAMALHO, AV 547 SAO PAULO SP",-23.5117511,-46.6063285
"1795","D021300854",14767,"NOVA CANTAREIRA, AV",NA,"",1987,"","02/02/2013 15:30",2,"CO",20,1008," "," ",1,0,0,0,0,0,0,1,0,0,0,0,0,0,0,0,0,14767,"NOVA CANTAREIRA, AV",NA,"",83,"TREMEMBE",1,0,"NOVA CANTAREIRA, AV 1987 SAO PAULO SP",-23.4798214,-46.6114309
"1796","D021301225",6238,"NACOES UNIDAS, AV DAS",NA,"",1000,"","02/02/2013 16:00",4,"AT",11,1249," "," ",1,0,0,0,0,0,0,0,0,0,0,0,0,0,0,0,0,13014,"MARGINAL DO RIO PINHEIROS, AV",NA,"",90,"VILA LEOPOLDINA",1,0,"NACOES UNIDAS, AV DAS 1000 SAO PAULO SP",-23.6791663,-46.6961333
"1797","D021301844",8603,"HEITOR ANTONIO EIRAS GARCIA, AV ENG",NA,"",942,"","02/02/2013 16:13",4,"AT",89,874," "," ",0,0,0,1,0,0,0,0,0,0,0,0,0,0,0,0,0,8603,"HEITOR ANTONIO EIRAS GARCIA, AV ENG",NA,"",68,"RIO PEQUENO",0,1,"HEITOR ANTONIO EIRAS GARCIA, AV ENG 942 SAO PAULO SP",-23.5780022,-46.7448074
"1799","D021301830",13019,"ESCOLA POLITECNICA, AV",NA,"",3545,"","02/02/2013 17:15",2,"CH",89,876," "," ",1,0,0,0,0,0,0,0,0,0,0,0,0,0,0,0,0,13019,"ESCOLA POLITECNICA, AV",NA,"",40,"JAGUARE",0,1,"ESCOLA POLITECNICA, AV 3545 SAO PAULO SP",-23.5699536,-46.7606103
"1800","D021301226",19931,"WASHINGTON LUIS, AV",NA,"",2000,"","02/02/2013 17:20",4,"AT",11,1250," "," ",0,0,0,0,0,0,0,1,0,0,0,0,0,0,0,0,0,19931,"WASHINGTON LUIS, AV",NA,"",30,"GRAJAU",1,0,"WASHINGTON LUIS, AV 2000 SAO PAULO SP",-23.6516909,-46.6865772
"1801","D021301092",8261,"WALDEMAR CARLOS PEREIRA, AV",NA,"",752,"","02/02/2013 17:30",2,"CO",21,1313," "," ",1,1,0,0,0,0,0,0,0,0,0,0,0,0,0,0,0,8261,"WALDEMAR CARLOS PEREIRA, AV",NA,"",93,"VILA MATILDE",2,0,"WALDEMAR CARLOS PEREIRA, AV 752 SAO PAULO SP",-23.5440811,-46.5184761
"1802","D021300176",5881,"DINO BUENO, AL",17053,"RIBEIRO DA SILVA, AL",0,"","02/02/2013 17:30",2,"CO",77,630," "," ",2,0,0,0,0,0,0,0,0,0,0,0,0,0,0,0,0,5881,"DINO BUENO, AL",17053,"RIBEIRO DA SILVA, AL",70,"SANTA CECILIA",1,0,"DINO BUENO, AL SAO PAULO SP &  RIBEIRO DA SILVA, AL SAO PAULO SP",-23.5311115,-46.6438496
"1803","D021300799",10904,"JOSE DE OLIVEIRA, RUA",5884,"DIOGENES DE LIMA, RUA",0,"","02/02/2013 17:30",2,"CO",13,1121," "," ",1,0,0,0,0,0,0,0,0,0,0,1,0,0,0,0,0,5884,"DIOGENES DE LIMA, RUA",10904,"JOSE DE OLIVEIRA, RUA",21,"CASA VERDE",1,0,"JOSE DE OLIVEIRA, RUA SAO PAULO SP &  DIOGENES DE LIMA, RUA SAO PAULO SP",-23.4988114,-46.6494474
"1804","D021300156",6642,"ESTADO, AV DO",18993,"TIRADENTES, AV",0,"","02/02/2013 18:00",2,"CO",12,857," "," ",1,1,0,0,0,0,0,0,0,0,0,0,0,0,0,0,0,6642,"ESTADO, AV DO",18993,"TIRADENTES, AV",9,"BOM RETIRO",1,0,"ESTADO, AV DO SAO PAULO SP &  TIRADENTES, AV SAO PAULO SP",-23.5635869,-46.6112253
"1805","D021300947",19201,"TUCURUVI, AV",NA,"",272,"","02/02/2013 18:40",4,"AT",39,1173," "," ",0,1,0,0,0,0,0,0,0,0,0,0,0,0,0,0,0,19201,"TUCURUVI, AV",NA,"",22,"CIDADE ADEMAR",1,0,"TUCURUVI, AV 272 SAO PAULO SP",-23.4788354,-46.6087308
"1806","D021301474",2516,"AUGUSTO CARLOS BAUMAN, RUA",NA,"",851,"","02/02/2013 18:55",2,"CO",32,856," "," ",3,0,0,0,0,0,0,0,0,0,0,0,0,0,0,0,0,2516,"AUGUSTO CARLOS BAUMAN, RUA",NA,"",36,"ITAQUERA",2,0,"AUGUSTO CARLOS BAUMAN, RUA 851 SAO PAULO SP",-23.5316515,-46.4470261
"1807","D021301166",26966,"JOSE JERAISSATI, RUA",75405,"BRUMADO DE MINAS, AV",0,"","02/02/2013 19:00",2,"CH",56,679," "," ",1,0,0,0,0,0,0,0,0,0,0,0,0,0,0,0,0,26966,"JOSE JERAISSATI, RUA",75405,"BRUMADO DE MINAS, AV",95,"VILA PRUDENTE",1,0,"JOSE JERAISSATI, RUA SAO PAULO SP &  BRUMADO DE MINAS, AV SAO PAULO SP",-23.5934876,-46.5607232
"1808","D021300669",16838,"RAIMUNDO PEREIRA DE MAGAL., AV",NA,"",8016,"","02/02/2013 19:15",2,"CO",87,703," "," ",2,0,0,0,0,0,0,0,0,0,0,0,0,0,0,0,0,16838,"RAIMUNDO PEREIRA DE MAGAL., AV",NA,"",31,"GUAIANASES",4,0,"RAIMUNDO PEREIRA DE MAGAL., AV 8016 SAO PAULO SP",-23.4662655,-46.7232426
"1809","D021301379",6238,"NACOES UNIDAS, AV DAS",NA,"",22233,"","02/02/2013 19:20",2,"CT",99,1248," "," ",2,0,0,0,0,0,0,0,0,0,0,0,0,0,0,0,0,13014,"MARGINAL DO RIO PINHEIROS, AV",NA,"",90,"VILA LEOPOLDINA",1,0,"NACOES UNIDAS, AV DAS 22233 SAO PAULO SP",-23.6791496,-46.6960556
"1810","D021300644",17162,"RIO PEQUENO, AV DO",NA,"",106,"","02/02/2013 19:30",2,"CO",51,1325," "," ",2,1,0,0,0,0,0,0,0,0,0,0,0,0,0,0,0,17162,"RIO PEQUENO, AV DO",NA,"",13,"CACHOEIRINHA",1,0,"RIO PEQUENO, AV DO 106 SAO PAULO SP",-23.5629967,-46.7475915
"1811","D021300214",9159,"INDIANOPOLIS, AV",NA,"",3356,"","02/02/2013 20:30",2,"CO",16,1499," "," ",1,0,0,0,1,0,0,0,0,0,0,0,0,0,0,0,0,9159,"INDIANOPOLIS, AV",NA,"",79,"SAUDE",1,0,"INDIANOPOLIS, AV 3356 SAO PAULO SP",-23.6271901,-46.644742
"1812","D021300531",15769,"PAULO PEDROSA, RUA DOM",10526,"JOAQUIM C. DE AZEVEDO MARQUES, RUA",0,"","02/02/2013 20:30",2,"CO",34,884," "," ",1,1,0,0,0,0,0,0,0,0,0,0,0,0,0,0,0,10526,"JOAQUIM C. DE AZEVEDO MARQUES, RUA",15769,"PAULO PEDROSA, RUA DOM",55,"MORUMBI",3,0,"PAULO PEDROSA, RUA DOM SAO PAULO SP &  JOAQUIM C. DE AZEVEDO MARQUES, RUA SAO PAULO SP",-23.6126151,-46.7049138
"1813","D021301267",4756,"ANTONIO JOSE BENTES, RUA",NA,"",35,"","02/02/2013 20:36",2,"CF",47,1401," "," ",1,1,0,0,0,0,0,0,0,0,0,0,0,0,0,0,0,4756,"ANTONIO JOSE BENTES, RUA",NA,"",19,"CAPAO REDONDO",1,0,"ANTONIO JOSE BENTES, RUA 35 SAO PAULO SP",-23.6630342,-46.7936803
"1814","D021301560",3994,"CAMPANELLA, AV",NA,"",1334,"","02/02/2013 21:00",2,"CO",64,1170," "," ",1,1,0,0,0,0,0,0,0,0,0,0,0,0,0,0,0,3994,"CAMPANELLA, AV",NA,"",36,"ITAQUERA",2,0,"CAMPANELLA, AV 1334 SAO PAULO SP",-23.5337502,-46.4632963
"1815","D021301266",29896,"PIRAJUSSARA-VALO VELHO, ES",NA,"",780,"","02/02/2013 21:10",2,"CO",47,1394," "," ",2,1,0,0,0,0,0,0,0,0,0,0,0,0,0,0,0,29896,"PIRAJUSSARA-VALO VELHO, ES",NA,"",29,"FREGUESIA DO O",2,0,"PIRAJUSSARA-VALO VELHO, ES 780 SAO PAULO SP",-23.5505199,-46.6333094
"1816","D021301708",45521,"ELOA DO VALLE QUADROS, RUA DNA",45543,"COGUMELOS, RUA DOS",0,"","02/02/2013 21:13",2,"CO",54,1634," "," ",0,1,0,0,0,0,0,0,0,0,0,1,0,0,0,0,0,45521,"ELOA DO VALLE QUADROS, RUA DNA",45540,"MUSGO, RUA DO",25,"CIDADE TIRADENT",2,0,"ELOA DO VALLE QUADROS, RUA DNA SAO PAULO SP &  COGUMELOS, RUA DOS SAO PAULO SP",-23.589121,-46.4108055
"1817","D021301136",4624,"CATUABA, RUA",18592,"TAICURE, RUA",0,"","02/02/2013 21:30",2,"CO",42,687," "," ",1,1,0,0,0,0,0,0,0,0,0,0,0,0,0,0,0,4624,"CATUABA, RUA",18592,"TAICURE, RUA",95,"VILA PRUDENTE",1,0,"CATUABA, RUA SAO PAULO SP &  TAICURE, RUA SAO PAULO SP",-23.6017913,-46.5621244
"1818","D021300846",2099,"ARARITAGUABA, RUA",1875,"ANTONIO SOBREDA, RUA",0,"","02/02/2013 21:30",2,"CO",19,1018,"B"," ",1,1,0,0,0,0,0,0,0,0,0,0,0,0,0,0,0,1875,"ANTONIO SOBREDA, RUA",2099,"ARARITAGUABA, RUA",91,"VILA MARIA",1,0,"ARARITAGUABA, RUA SAO PAULO SP &  ANTONIO SOBREDA, RUA SAO PAULO SP",-23.5124007,-46.5857475
"1820","D021300414",7106,"FIDALGA, RUA",NA,"",630,"","02/02/2013 22:00",4,"AT",14,1044," "," ",1,0,0,0,0,0,0,0,0,0,0,0,0,0,0,0,0,7106,"FIDALGA, RUA",NA,"",63,"PINHEIROS",1,0,"FIDALGA, RUA 630 SAO PAULO SP",-23.5543502,-46.6912178
"1821","D021301451",62092,"OLHO D'AGUA DO BORGES, RUA",NA,"",909,"","02/02/2013 22:15",2,"CH",24,1172," "," ",0,1,0,0,0,0,0,0,0,0,0,0,0,0,0,0,0,62092,"OLHO D'AGUA DO BORGES, RUA",NA,"",0,"NULL",1,0,"OLHO D'AGUA DO BORGES, RUA 909 SAO PAULO SP",-23.499118,-46.5016064
"1822","D021300495",16463,"POMPEIA, AV",NA,"",1604,"","02/02/2013 22:15",2,"CO",23,90003," "," ",1,0,0,0,1,0,0,0,0,0,0,0,0,0,0,0,0,16463,"POMPEIA, AV",NA,"",19,"CAPAO REDONDO",1,0,"POMPEIA, AV 1604 SAO PAULO SP",-23.5375046,-46.6902772
"1823","D021301769",79153,"MANUEL JOAO DA SILVA, RUA",NA,"",463,"","02/02/2013 22:40",2,"CO",69,2005," "," ",1,1,0,0,0,0,0,0,0,0,0,0,0,0,0,0,0,79153,"MANUEL JOAO DA SILVA, RUA",NA,"",56,"PARELHEIROS",1,0,"MANUEL JOAO DA SILVA, RUA 463 SAO PAULO SP",-23.6092593,-46.4915578
"1824","D021300302",8459,"CORIOLANO DURAND, RUA",4596,"CATARINA, AV STA",0,"","02/02/2013 23:00",2,"CO",35,1533," "," ",1,1,0,0,0,0,0,0,0,0,0,0,0,0,0,0,0,4596,"CATARINA, AV STA",8459,"CORIOLANO DURAND, RUA",37,"JABAQUARA",1,0,"CORIOLANO DURAND, RUA SAO PAULO SP &  CATARINA, AV STA SAO PAULO SP",-23.6535489,-46.6567228
"1825","D021301195",10503,"JOAO XXIII, AV",NA,"",372,"","02/02/2013 23:07",4,"AT",58,629," "," ",1,0,0,0,0,0,0,0,0,0,0,0,0,0,0,0,0,10503,"JOAO XXIII, AV",NA,"",4,"ARICANDUVA",1,0,"JOAO XXIII, AV 372 SAO PAULO SP",-23.5717223,-46.5369476
"1826","D021301394",5584,"CUMBICA, ES DA",NA,"",400,"","02/02/2013 23:16",2,"CO",100,1404,"C"," ",0,1,1,0,0,0,0,0,0,0,0,0,0,0,0,0,0,5584,"CUMBICA, ES DA",NA,"",42,"JARDIM ANGELA",2,0,"CUMBICA, ES DA 400 SAO PAULO SP",-23.5505199,-46.6333094
"1827","D021301529",99577,"MILENE ELIAS, AV",3546,"BOTURUSSU, AV",0,"","02/02/2013 23:20",2,"QD",62,876," "," ",0,0,1,0,0,0,0,0,0,0,0,0,0,0,0,0,0,3546,"BOTURUSSU, AV",99577,"MILENE ELIAS, AV",NA,"",1,0,"MILENE ELIAS, AV SAO PAULO SP &  BOTURUSSU, AV SAO PAULO SP",-23.4916023,-46.478694
"1828","D021301403",3509,"BELMIRA MARIN, AV DONA",NA,"",2007,"","02/02/2013 23:40",2,"CO",101,830," "," ",1,1,0,0,0,0,0,0,0,0,0,0,0,0,0,0,0,3509,"BELMIRA MARIN, AV DONA",NA,"",30,"GRAJAU",1,0,"BELMIRA MARIN, AV DONA 2007 SAO PAULO SP",-23.7463267,-46.6882577
"1829","D021300010",19764,"VINTE E TRES DE MAIO, AV",NA,"",232,"","02/02/2013 23:45",2,"CT",1,861," "," ",0,1,0,1,0,0,0,0,0,0,0,0,0,0,0,0,0,19764,"VINTE E TRES DE MAIO, AV",NA,"",17,"CAMPO LIMPO",1,0,"VINTE E TRES DE MAIO, AV 232 SAO PAULO SP",-23.5830746,-46.6522542
"1830","D021300800",27187,"OLAVO FONTOURA, AV",NA,"",1000,"","02/02/2013 23:54",4,"AT",13,1133," "," ",1,0,0,0,0,0,0,0,0,0,0,0,0,0,0,0,0,27187,"OLAVO FONTOURA, AV",NA,"",8,"BELEM",1,0,"OLAVO FONTOURA, AV 1000 SAO PAULO SP",-23.5139508,-46.6346012
"1831","D021301093",16100,"PEREIRA VERGUEIRO, AV DR",10654,"JORDAO DA COSTA, RUA",0,"","03/02/2013 00:49",2,"CO",21,1319," "," ",0,1,0,0,0,0,0,0,0,0,0,1,0,0,0,0,0,10654,"JORDAO DA COSTA, RUA",16100,"PEREIRA VERGUEIRO, AV DR",93,"VILA MATILDE",1,0,"PEREIRA VERGUEIRO, AV DR SAO PAULO SP &  JORDAO DA COSTA, RUA SAO PAULO SP",-23.5425738,-46.4972766
"1832","D021301544",9084,"IMPERADOR, ES DO",NA,"",3705,"","03/02/2013 01:25",2,"CF",63,865," "," ",2,0,0,0,0,0,0,0,0,0,0,0,0,0,0,0,0,9084,"IMPERADOR, ES DO",NA,"",89,"VILA JACUI",1,0,"IMPERADOR, ES DO 3705 SAO PAULO SP",-23.5505199,-46.6333094
"1833","D021300948",8320,"GUAPIRA, AV",NA,"",820,"","03/02/2013 01:26",2,"CO",39,1184," "," ",1,1,0,0,0,0,0,0,0,0,0,0,0,0,0,0,0,8320,"GUAPIRA, AV",NA,"",38,"JACANA",1,0,"GUAPIRA, AV 820 SAO PAULO SP",-23.4770971,-46.5966135
"1834","D021301094",1702,"ANTONIO ESTEVAO DE CARVALHO, AV",12156,"LUIZ AYRES, RUA DR",0,"","03/02/2013 02:19",2,"QM",21,1321," "," ",0,1,0,0,0,0,0,0,0,0,0,0,0,0,0,0,0,1702,"ANTONIO ESTEVAO DE CARVALHO, AV",12156,"LUIZ AYRES, RUA DR",93,"VILA MATILDE",1,0,"ANTONIO ESTEVAO DE CARVALHO, AV SAO PAULO SP &  LUIZ AYRES, RUA DR SAO PAULO SP",-23.5385943,-46.4964211
"1837","D021301721",17824,"SAPOPEMBA, AV",NA,"",16827,"","03/02/2013 03:34",2,"CH",55,1646," "," ",1,0,0,0,0,0,0,0,0,0,0,0,0,0,0,0,0,17824,"SAPOPEMBA, AV",NA,"",33,"IPIRANGA",9,0,"SAPOPEMBA, AV 16827 SAO PAULO SP",-23.6199114,-46.4603296