"","id_acidente","codloga","logradouroA","codlogb","logradouroB","alt_num","referencia","data","cod_acid","tipo_acidente","dp","numero_BO","sentido","pista","automovel","moto","onibus","caminhao","bicicleta","moto_taxi","onibus_fretado","onibus_urbano","microonibus","van","vuc","caminhonete","carreta","jipe","outros","sem_informacao","carroca","princ_a","paiA","princ_b","paiB","cod_distrito","distrito","vit_ferida","vit_morta","local","lat","lon"
"2083","D021301386",12403,"M'BOI MIRIM, ES",NA,"",10100,"","07/02/2013 06:30",2,"SI",100,726," "," ",1,1,0,0,0,0,0,0,0,0,0,0,0,0,0,0,0,12403,"M'BOI MIRIM, ES",NA,"",42,"JARDIM ANGELA",2,0,"M'BOI MIRIM, ES 10100 SAO PAULO SP",-23.5505199,-46.6333094
"2084","D021300805",15038,"ORDEM E PROGRESSO, AV",NA,"",500,"","07/02/2013 06:40",4,"AT",13,1326," "," ",0,1,0,0,0,0,0,0,0,0,0,0,0,0,0,0,0,15038,"ORDEM E PROGRESSO, AV",NA,"",35,"ITAIM PAULISTA",1,0,"ORDEM E PROGRESSO, AV 500 SAO PAULO SP",-23.5164746,-46.6668747
"2085","D021301404",3509,"BELMIRA MARIN, AV DONA",NA,"",938,"","07/02/2013 07:10",2,"CH",101,867,"C"," ",0,1,0,0,0,0,0,0,0,0,0,0,0,0,0,0,0,3509,"BELMIRA MARIN, AV DONA",NA,"",30,"GRAJAU",1,0,"BELMIRA MARIN, AV DONA 938 SAO PAULO SP",-23.7384401,-46.6919905
"2086","D021301134",5425,"COSTA BARROS, RUA",NA,"",300,"","07/02/2013 07:15",2,"CO",42,473,"C"," ",1,1,0,0,0,0,0,0,0,0,0,0,0,0,0,0,0,5425,"COSTA BARROS, RUA",NA,"",95,"VILA PRUDENTE",1,0,"COSTA BARROS, RUA 300 SAO PAULO SP",-23.5975436,-46.5623313
"2087","D021300881",6450,"EMILIO CARLOS, AV DEP",NA,"",3200,"","07/02/2013 07:40",2,"CO",28,425," "," ",1,1,0,0,0,0,0,0,0,0,0,0,0,0,0,0,0,6450,"EMILIO CARLOS, AV DEP",NA,"",50,"LIMAO",1,0,"EMILIO CARLOS, AV DEP 3200 SAO PAULO SP",-23.479388,-46.6724354
"2089","D021300420",6897,"FARIA LIMA, AV BRIG",NA,"",1482,"","07/02/2013 08:10",4,"AT",14,1185," "," ",0,1,0,0,0,0,0,0,0,0,0,0,0,0,0,0,0,6897,"FARIA LIMA, AV BRIG",NA,"",63,"PINHEIROS",1,0,"FARIA LIMA, AV BRIG 1482 SAO PAULO SP",-23.5706596,-46.6911482
"2090","D021301075",14133,"CHA DA TERRA, RUA",1515,"ANTONINA TALARICO, AV",0,"","07/02/2013 08:14",2,"CO",21,411," "," ",1,1,0,0,0,0,0,0,0,0,0,0,0,0,0,0,0,1515,"ANTONINA TALARICO, AV",14133,"CHA DA TERRA, RUA",93,"VILA MATILDE",1,0,"CHA DA TERRA, RUA SAO PAULO SP &  ANTONINA TALARICO, AV SAO PAULO SP",-23.5484035,-46.5040672
"2092","D021300059",5245,"CONSOLACAO, RUA DA",NA,"",1272,"","07/02/2013 08:25",4,"AT",4,986," "," ",0,1,0,0,0,0,0,0,0,0,0,0,0,0,0,0,0,5245,"CONSOLACAO, RUA DA",NA,"",26,"CONSOLACAO",1,0,"CONSOLACAO, RUA DA 1272 SAO PAULO SP",-23.549203,-46.6531665
"2093","D021301272",17772,"SANT'ANNA, AV COMEN",NA,"",97,"","07/02/2013 08:30",2,"CT",47,2149," "," ",1,1,0,0,0,0,0,0,0,0,0,0,0,0,0,0,0,17772,"SANT'ANNA, AV COMEN",NA,"",29,"FREGUESIA DO O",1,0,"SANT'ANNA, AV COMEN 97 SAO PAULO SP",-23.5200854,-46.7011304
"2094","D021300696",21833,"JOSE AUGUSTO DE SOUZA E SILVA, RUA DR",NA,"",300,"","07/02/2013 09:00",4,"AT",89,1165," "," ",0,0,0,1,0,0,0,0,0,0,0,0,0,0,0,0,0,21833,"JOSE AUGUSTO DE SOUZA E SILVA, RUA DR",NA,"",29,"FREGUESIA DO O",1,0,"JOSE AUGUSTO DE SOUZA E SILVA, RUA DR 300 SAO PAULO SP",-23.6199991,-46.7309948
"2095","D021301717",17824,"SAPOPEMBA, AV",NA,"",14000,"","07/02/2013 09:00",4,"AT",55,677," "," ",0,1,0,0,0,0,0,0,0,0,0,0,0,0,0,0,0,17824,"SAPOPEMBA, AV",NA,"",33,"IPIRANGA",1,0,"SAPOPEMBA, AV 14000 SAO PAULO SP",-23.6122846,-46.4733595
"2096","D021300524",7500,"FRANCISCO MORATO, AV PROF",NA,"",3579,"","07/02/2013 09:30",2,"CO",34,802," "," ",1,1,0,0,0,0,0,0,0,0,0,0,0,0,0,0,0,7500,"FRANCISCO MORATO, AV PROF",NA,"",12,"BUTANTA",1,0,"FRANCISCO MORATO, AV PROF 3579 SAO PAULO SP",-23.5916565,-46.7312397
"2097","D021300421",6238,"NACOES UNIDAS, AV DAS",NA,"",4777,"","07/02/2013 10:30",2,"CO",14,1191," "," ",1,1,0,0,0,0,0,0,0,0,0,0,0,0,0,0,0,13014,"MARGINAL DO RIO PINHEIROS, AV",NA,"",90,"VILA LEOPOLDINA",1,0,"NACOES UNIDAS, AV DAS 4777 SAO PAULO SP",-23.5515852,-46.7222827
"2098","D021300150",17318,"RODRIGUES DOS SANTOS, RUA",15053,"ORIENTE, RUA",0,"","07/02/2013 11:06",4,"AT",12,780," "," ",1,0,0,0,0,0,0,0,0,0,0,0,0,0,0,0,0,15053,"ORIENTE, RUA",17318,"RODRIGUES DOS SANTOS, RUA",10,"BRAS",2,0,"RODRIGUES DOS SANTOS, RUA SAO PAULO SP &  ORIENTE, RUA SAO PAULO SP",-23.5363038,-46.6204623
"2099","D021300652",16878,"RAPOSO TAVARES, VIA",NA,"",16600,"","07/02/2013 11:30",2,"CH",75,476," "," ",1,0,0,0,0,0,0,0,0,0,0,0,0,0,0,0,0,16878,"RAPOSO TAVARES, VIA",NA,"",13,"CACHOEIRINHA",1,0,"RAPOSO TAVARES, VIA 16600 SAO PAULO SP",-23.5206735,-48.4937264
"2100","D021301488",18940,"TIBURCIO DE SOUSA, RUA",NA,"",1131,"","07/02/2013 11:40",2,"CO",50,1639," "," ",0,0,1,0,0,0,0,0,0,0,0,1,0,0,0,0,0,18940,"TIBURCIO DE SOUSA, RUA",NA,"",35,"ITAIM PAULISTA",3,0,"TIBURCIO DE SOUSA, RUA 1131 SAO PAULO SP",-23.5069937,-46.3957711
"2101","D021300397",5645,"CUXIPONES, RUA",7357,"FRANCISCO AZEVEDO, RUA ENG",0,"","07/02/2013 11:40",2,"CO",7,901," "," ",1,1,0,0,0,0,0,0,0,0,0,0,0,0,0,0,0,5645,"CUXIPONES, RUA",7357,"FRANCISCO AZEVEDO, RUA ENG",61,"PERDIZES",1,0,"CUXIPONES, RUA SAO PAULO SP &  FRANCISCO AZEVEDO, RUA ENG SAO PAULO SP",-23.5416459,-46.6910416
"2102","D021300324",19271,"TUTOIA, RUA",NA,"",435,"","07/02/2013 11:45",2,"CO",36,627," "," ",1,1,0,0,0,0,0,0,0,0,0,0,0,0,0,0,0,19271,"TUTOIA, RUA",NA,"",9,"BOM RETIRO",1,0,"TUTOIA, RUA 435 SAO PAULO SP",-23.5746256,-46.6506346
"2103","D021300653",21975,"ANGELO APARECIDO DOS S.DIAS, RUA",NA,"",111,"","07/02/2013 11:59",4,"AT",75,478," "," ",0,0,0,0,0,0,0,1,0,0,0,0,0,0,0,0,0,21975,"ANGELO APARECIDO DOS S.DIAS, RUA",NA,"",0,"NULL",1,0,"ANGELO APARECIDO DOS S.DIAS, RUA 111 SAO PAULO SP",-23.5903248,-46.7823926
"2104","D021301343",16841,"MISSOES, RUA RAINH DAS",NA,"",100,"","07/02/2013 12:00",4,"AT",98,1489,"B"," ",1,0,0,0,0,0,0,0,0,0,0,0,0,0,0,0,0,16841,"MISSOES, RUA RAINH DAS",NA,"",29,"FREGUESIA DO O",1,0,"MISSOES, RUA RAINH DAS 100 SAO PAULO SP",-23.6863284,-46.6479195
"2105","D021300151",4482,"CARNOT, RUA",8570,"HANNEMANN, RUA",0,"","07/02/2013 12:00",2,"CO",12,788," "," ",2,0,0,0,0,0,0,0,0,0,0,0,0,0,0,0,0,4482,"CARNOT, RUA",8570,"HANNEMANN, RUA",57,"PARI",1,0,"CARNOT, RUA SAO PAULO SP &  HANNEMANN, RUA SAO PAULO SP",-23.5306795,-46.6221347
"2106","D021300806",4785,"CESAR, RUA DR",NA,"",652,"","07/02/2013 12:10",2,"CO",13,1337," "," ",1,1,0,0,0,0,0,0,0,0,0,0,0,0,0,0,0,4785,"CESAR, RUA DR",NA,"",71,"SANTANA",1,0,"CESAR, RUA DR 652 SAO PAULO SP",-23.5030125,-46.6324713
"2107","D021300422",16919,"REBOUCAS, AV",8714,"HENRIQUE SCHAUMANN, RUA",0,"","07/02/2013 12:15",2,"CO",14,1194,"B"," ",0,1,0,0,0,0,0,0,0,0,0,0,0,0,0,1,0,3581,"BRASIL, AV",16919,"REBOUCAS, AV",63,"PINHEIROS",1,0,"REBOUCAS, AV SAO PAULO SP &  HENRIQUE SCHAUMANN, RUA SAO PAULO SP",-23.5666153,-46.6829404
"2108","D021300297",7019,"FRANCISCO TAPAJOS, RUA",NA,"",508,"","07/02/2013 12:20",4,"AT",35,1225," "," ",1,0,0,0,0,0,0,0,0,0,0,0,0,0,0,0,0,7019,"FRANCISCO TAPAJOS, RUA",NA,"",27,"CURSINO",1,0,"FRANCISCO TAPAJOS, RUA 508 SAO PAULO SP",-23.6263054,-46.6240593
"2109","D021300060",5245,"CONSOLACAO, RUA DA",NA,"",1977,"","07/02/2013 12:30",2,"CO",4,999," "," ",1,1,0,0,0,0,0,0,0,0,0,0,0,0,0,0,0,5245,"CONSOLACAO, RUA DA",NA,"",26,"CONSOLACAO",1,0,"CONSOLACAO, RUA DA 1977 SAO PAULO SP",-23.5529424,-46.6592081
"2110","D021300962",15485,"PARAPUA, RUA",NA,"",1300,"","07/02/2013 12:30",2,"CH",45,352," "," ",2,0,0,0,0,0,0,0,0,0,0,0,0,0,0,0,0,15485,"PARAPUA, RUA",NA,"",4,"ARICANDUVA",1,0,"PARAPUA, RUA 1300 SAO PAULO SP",-23.4733149,-46.6902506
"2111","D021300807",3241,"BENTO PICKEL, RUA DOM",NA,"",1143,"","07/02/2013 12:56",2,"CL",13,1343," "," ",0,1,0,0,0,0,0,0,0,0,0,1,0,0,0,0,0,3241,"BENTO PICKEL, RUA DOM",NA,"",21,"CASA VERDE",1,0,"BENTO PICKEL, RUA DOM 1143 SAO PAULO SP",-23.4893159,-46.662248
"2114","D021300598",1429,"ANHANGUERA, VIA",NA,"",20800,"","07/02/2013 13:40",2,"CT",46,650," "," ",0,1,1,0,0,0,0,0,0,0,0,0,0,0,0,0,0,1429,"ANHANGUERA, VIA",NA,"",73,"SAO DOMINGOS",1,0,"ANHANGUERA, VIA 20800 SAO PAULO SP",-23.4900941,-46.7665396
"2115","D021301775",61830,"PRIMAVERA DE CAIENA, AV",NA,"",900,"","07/02/2013 14:00",4,"AT",70,824," "," ",1,0,0,0,0,0,0,0,0,0,0,0,0,0,0,0,0,61830,"PRIMAVERA DE CAIENA, AV",NA,"",56,"PARELHEIROS",1,0,"PRIMAVERA DE CAIENA, AV 900 SAO PAULO SP",-23.6141377,-46.5173406
"2116","D021301807",61830,"PRIMAVERA DE CAIENA, AV",NA,"",900,"","07/02/2013 14:00",4,"AT",69,1904," "," ",0,0,0,0,0,0,0,0,0,0,0,0,0,0,0,1,0,61830,"PRIMAVERA DE CAIENA, AV",NA,"",56,"PARELHEIROS",1,1,"PRIMAVERA DE CAIENA, AV 900 SAO PAULO SP",-23.6141377,-46.5173406
"2117","D021300363",19100,"BANDEIRANTES, AV DOS",NA,"",1005,"","07/02/2013 14:00",2,"CO",96,617," "," ",1,1,0,0,0,0,0,0,0,0,0,0,0,0,0,0,0,19100,"BANDEIRANTES, AV DOS",NA,"",24,"CIDADE LIDER",1,0,"BANDEIRANTES, AV DOS 1005 SAO PAULO SP",-23.600737,-46.6833717
"2118","D021300865",18151,"SEZEFREDO FAGUNDES, AV CEL",NA,"",4800,"","07/02/2013 14:30",2,"CO",20,1358," "," ",0,1,1,0,0,0,0,0,0,0,0,0,0,0,0,0,0,18151,"SEZEFREDO FAGUNDES, AV CEL",NA,"",22,"CIDADE ADEMAR",1,0,"SEZEFREDO FAGUNDES, AV CEL 4800 SAO PAULO SP",-23.4416269,-46.5940534
"2119","D021300423",6897,"FARIA LIMA, AV BRIG",NA,"",1306,"","07/02/2013 14:30",2,"SI",14,1199," "," ",0,1,0,0,0,0,0,1,0,0,0,0,0,0,0,0,0,6897,"FARIA LIMA, AV BRIG",NA,"",63,"PINHEIROS",1,0,"FARIA LIMA, AV BRIG 1306 SAO PAULO SP",-23.5691088,-46.6921285
"2120","D021300061",1356,"ANGELICA, AV",NA,"",2627,"","07/02/2013 15:00",2,"CF",4,1001," "," ",0,1,0,0,0,0,0,0,0,0,0,1,0,0,0,0,0,1356,"ANGELICA, AV",NA,"",70,"SANTA CECILIA",1,0,"ANGELICA, AV 2627 SAO PAULO SP",-23.5546552,-46.6630001
"2121","D021301387",18099,"SERRUBA, RUA",NA,"",53,"","07/02/2013 15:00",2,"CL",100,736," "," ",0,1,0,1,0,0,0,0,0,0,0,0,0,0,0,0,0,18099,"SERRUBA, RUA",NA,"",32,"IGUATEMI",1,0,"SERRUBA, RUA 53 SAO PAULO SP",-23.7209789,-46.7629069
"2123","D021301735",2181,"ARICANDUVA, AV",NA,"",4600,"","07/02/2013 15:24",2,"CT",66,655," "," ",2,0,0,0,0,0,0,0,0,0,0,1,0,0,0,0,0,2181,"ARICANDUVA, AV",NA,"",60,"PENHA",1,0,"ARICANDUVA, AV 4600 SAO PAULO SP",-23.5600423,-46.5131656
"2124","D021300525",43189,"JACOB SALVADOR ZVEIBIL, AV DEP",NA,"",10,"","07/02/2013 15:40",2,"QM",34,812," "," ",0,1,0,0,0,0,0,0,0,0,0,0,0,0,0,0,0,43189,"JACOB SALVADOR ZVEIBIL, AV DEP",NA,"",13,"CACHOEIRINHA",2,0,"JACOB SALVADOR ZVEIBIL, AV DEP 10 SAO PAULO SP",-23.5831502,-46.7260817
"2125","D021300468",18519,"SUMARE, AV",8811,"HOMEM DE MELO, RUA DR",0,"","07/02/2013 15:42",2,"CO",23,716,"B"," ",1,1,0,0,0,0,0,0,0,0,0,0,0,0,0,0,0,396,"AIMBERE, RUA",18519,"SUMARE, AV",61,"PERDIZES",1,0,"SUMARE, AV SAO PAULO SP &  HOMEM DE MELO, RUA DR SAO PAULO SP",-22.8071539,-47.223149
"2126","D021300884",9420,"ITABERABA, AV",NA,"",887,"","07/02/2013 15:50",2,"QM",28,659," "," ",0,1,0,0,0,0,0,0,0,0,0,0,0,0,0,0,0,9420,"ITABERABA, AV",NA,"",29,"FREGUESIA DO O",1,0,"ITABERABA, AV 887 SAO PAULO SP",-23.4935164,-46.6969096
"2127","D021300908",2901,"CABURES-DO-SOL, RUA",NA,"",9,"","07/02/2013 15:52",4,"AT",38,683," "," ",0,0,0,0,0,0,0,1,0,0,0,0,0,0,0,0,0,2901,"CABURES-DO-SOL, RUA",NA,"",13,"CACHOEIRINHA",3,0,"CABURES-DO-SOL, RUA 9 SAO PAULO SP",-23.4626486,-46.6586427
"2128","D021300526",12502,"MAGALHAES DE CASTRO, AV",NA,"",7000,"","07/02/2013 16:00",2,"CT",34,824," "," ",1,0,0,0,0,0,0,0,0,0,0,1,0,0,0,0,0,13014,"MARGINAL DO RIO PINHEIROS, AV",NA,"",12,"BUTANTA",1,0,"MAGALHAES DE CASTRO, AV 7000 SAO PAULO SP",-23.6128012,-46.7008832
"2129","D021300570",9529,"ITAPECERICA, ES DE",NA,"",1936,"","07/02/2013 16:30",2,"CO",37,1113," "," ",0,1,1,0,0,0,0,0,0,0,0,1,0,0,0,0,0,9529,"ITAPECERICA, ES DE",NA,"",29,"FREGUESIA DO O",1,0,"ITAPECERICA, ES DE 1936 SAO PAULO SP",-23.5505199,-46.6333094
"2130","D021301202",6371,"ELISABETH DE ROBIANO, AV CDSSA",27094,"SALIM FARAH MALUF, AV",0,"","07/02/2013 16:30",2,"CO",81,371," "," ",2,0,0,1,0,0,0,0,0,0,0,1,0,0,0,0,0,6371,"ELISABETH DE ROBIANO, AV CDSSA",27094,"SALIM FARAH MALUF, AV",NA,"",1,0,"ELISABETH DE ROBIANO, AV CDSSA SAO PAULO SP &  SALIM FARAH MALUF, AV SAO PAULO SP",-23.5076424,-46.5495997
"2131","D021301681",16173,"PESSEGO, ES DO",NA,"",500,"","07/02/2013 17:25",2,"CO",53,808," "," ",1,1,0,0,0,0,0,0,0,0,0,0,0,0,0,0,0,16173,"PESSEGO, ES DO",NA,"",0,"NULL",1,0,"PESSEGO, ES DO 500 SAO PAULO SP",-23.5505199,-46.6333094
"2132","D021300266",17181,"VICENTE LEPORACE, RUA",19692,"VIEIRA DE MORAIS, RUA",0,"","07/02/2013 17:30",2,"CO",27,1375," "," ",2,0,0,0,0,0,0,0,0,0,0,0,0,0,0,0,0,17181,"VICENTE LEPORACE, RUA",19692,"VIEIRA DE MORAIS, RUA",15,"CAMPO BELO",1,0,"VICENTE LEPORACE, RUA SAO PAULO SP &  VIEIRA DE MORAIS, RUA SAO PAULO SP",-23.6272452,-46.6723647
"2133","D021300980",15425,"CANTIDIO SAMPAIO, AV DEP",NA,"",1800,"","07/02/2013 17:30",2,"QM",72,1571," "," ",0,1,0,0,0,0,0,0,0,0,0,0,0,0,0,0,0,15425,"CANTIDIO SAMPAIO, AV DEP",NA,"",41,"JARAGUA",1,0,"CANTIDIO SAMPAIO, AV DEP 1800 SAO PAULO SP",-23.4633843,-46.6816621
"2134","D021300527",7502,"FRANCISCO MORAZAN, AV GAL",NA,"",57,"","07/02/2013 18:00",4,"AT",34,830," "," ",1,0,0,0,0,0,0,0,0,0,0,0,0,0,0,0,0,7502,"FRANCISCO MORAZAN, AV GAL",NA,"",96,"VILA SONIA",1,0,"FRANCISCO MORAZAN, AV GAL 57 SAO PAULO SP",-23.5925097,-46.7315683
"2135","D021301758",78277,"MANUEL FRANCA DOS SANTOS, RUA",NA,"",174,"","07/02/2013 18:04",4,"AT",69,1304," "," ",1,0,0,0,0,0,0,0,0,0,0,0,0,0,0,0,0,78277,"MANUEL FRANCA DOS SANTOS, RUA",NA,"",56,"PARELHEIROS",2,0,"MANUEL FRANCA DOS SANTOS, RUA 174 SAO PAULO SP",-23.6105222,-46.4931616
"2136","D021300689",61660,"NELSON GAMA DE OLIVEIRA, RUA",NA,"",1113,"","07/02/2013 18:15",2,"CL",89,1023," "," ",1,1,0,0,0,0,0,0,0,0,0,0,0,0,0,0,0,61660,"NELSON GAMA DE OLIVEIRA, RUA",NA,"",29,"FREGUESIA DO O",2,0,"NELSON GAMA DE OLIVEIRA, RUA 1113 SAO PAULO SP",-23.6295133,-46.7415269
"2137","D021300940",7675,"GABRIEL ARCANJO, RUA S",5524,"CRISTOVAO LINS, RUA",0,"","07/02/2013 19:00",2,"CO",39,643," "," ",1,0,0,0,0,0,0,0,0,0,0,0,0,0,0,1,0,5524,"CRISTOVAO LINS, RUA",7675,"GABRIEL ARCANJO, RUA S",94,"VILA MEDEIROS",1,0,"GABRIEL ARCANJO, RUA S SAO PAULO SP &  CRISTOVAO LINS, RUA SAO PAULO SP",-23.4969155,-46.5959741
"2138","D021300040",4561,"CASTELO BRANCO, AV PRES",NA,"",5200,"","07/02/2013 19:05",2,"CO",2,473," "," ",1,1,0,0,0,0,0,0,0,0,0,0,0,0,0,0,0,29772,"MARGINAL DO RIO TIETE, AV",NA,"",6,"BARRA FUNDA",1,0,"CASTELO BRANCO, AV PRES 5200 SAO PAULO SP",-23.5210651,-46.6419183
"2139","D021301159",6371,"ELISABETH DE ROBIANO, AV CDSSA",9789,"JACIRENDI, RUA",0,"","07/02/2013 19:08",2,"CO",52,1538," "," ",1,1,0,0,0,0,0,0,0,0,0,0,0,0,0,0,0,6371,"ELISABETH DE ROBIANO, AV CDSSA",9789,"JACIRENDI, RUA",82,"TATUAPE",2,0,"ELISABETH DE ROBIANO, AV CDSSA SAO PAULO SP &  JACIRENDI, RUA SAO PAULO SP",-23.5076424,-46.5495997
"2140","D021301041",4779,"CERQUILHO, RUA",NA,"",247,"","07/02/2013 19:58",2,"QF",10,1536," "," ",0,0,0,1,0,0,0,0,0,0,0,0,0,0,0,0,0,4779,"CERQUILHO, RUA",NA,"",60,"PENHA",1,0,"CERQUILHO, RUA 247 SAO PAULO SP",-23.5160771,-46.5444169
"2141","D021301425",8368,"GUARAPIRANGA, AV",NA,"",800,"","07/02/2013 20:00",2,"CO",102,1480," "," ",1,1,0,0,0,0,0,0,0,0,0,0,0,0,0,0,0,8368,"GUARAPIRANGA, AV",NA,"",45,"JARDIM SAO LUIS",1,0,"GUARAPIRANGA, AV 800 SAO PAULO SP",-23.6664474,-46.7203107
"2142","D021301821",20008,"XIRIRICA, RUA",NA,"",1331,"","07/02/2013 20:00",4,"AT",31,725," "," ",0,1,0,0,0,0,0,0,0,0,0,0,0,0,0,0,0,20008,"XIRIRICA, RUA",NA,"",27,"CURSINO",1,1,"XIRIRICA, RUA 1331 SAO PAULO SP",-23.5550694,-46.5360727
"2143","D021301741",70172,"GAMIL, RUA",NA,"",65,"","07/02/2013 20:30",2,"QM",66,812," "," ",0,1,0,0,0,0,0,0,0,0,0,0,0,0,0,0,0,70172,"GAMIL, RUA",NA,"",38,"JACANA",1,0,"GAMIL, RUA 65 SAO PAULO SP",-23.5646543,-46.4972547
"2144","D021301578",12156,"LUIZ AYRES, RUA DR",NA,"",1000,"","07/02/2013 20:55",2,"CT",65,447,"B"," ",1,1,0,0,0,0,0,0,0,0,0,0,0,0,0,0,0,12156,"LUIZ AYRES, RUA DR",NA,"",5,"ARTUR ALVIM",1,0,"LUIZ AYRES, RUA DR 1000 SAO PAULO SP",-23.5357523,-46.4929262
"2145","D021300640",19817,"VITAL BRASIL, AV",NA,"",120,"","07/02/2013 22:20",4,"AT",51,1219," "," ",0,0,0,0,0,0,0,1,0,0,0,0,0,0,0,0,0,19817,"VITAL BRASIL, AV",NA,"",13,"CACHOEIRINHA",1,0,"VITAL BRASIL, AV 120 SAO PAULO SP",-23.572098,-46.705461
"2146","D021300116",17083,"RICARDO JAFET, AV DR",NA,"",86,"","07/02/2013 22:45",2,"CH",6,1228," "," ",1,0,0,0,0,0,0,0,0,0,0,0,0,0,0,0,0,17083,"RICARDO JAFET, AV DR",NA,"",37,"JABAQUARA",2,0,"RICARDO JAFET, AV DR 86 SAO PAULO SP",-23.5788343,-46.6121143
"2147","D021301682",60675,"AFONSO DE SAMPAIO E SOUSA, AV",2181,"ARICANDUVA, AV",0,"","07/02/2013 23:00",2,"CO",53,815," "," ",1,0,0,0,1,0,0,0,0,0,0,0,0,0,0,0,0,2181,"ARICANDUVA, AV",60675,"AFONSO DE SAMPAIO E SOUSA, AV",75,"SAO MATEUS",1,0,"AFONSO DE SAMPAIO E SOUSA, AV SAO PAULO SP &  ARICANDUVA, AV SAO PAULO SP",-23.5658443,-46.4678549
"2148","D021300864",351,"AGUA FRIA, AV",NA,"",783,"","08/02/2013 00:30",2,"CH",20,1345," "," ",1,0,0,0,0,0,0,0,0,0,0,0,0,0,0,0,0,351,"AGUA FRIA, AV",NA,"",71,"SANTANA",1,0,"AGUA FRIA, AV 783 SAO PAULO SP",-23.4818346,-46.6220657
"2149","D021301336",2922,"BARTOLOMEU DOS SANTOS, RUA",NA,"",690,"","08/02/2013 01:00",2,"CO",92,2675," "," ",1,1,0,0,0,0,0,0,0,0,0,0,0,0,0,0,0,2922,"BARTOLOMEU DOS SANTOS, RUA",NA,"",45,"JARDIM SAO LUIS",1,0,"BARTOLOMEU DOS SANTOS, RUA 690 SAO PAULO SP",-23.6697904,-46.7459313
"2150","D021300600",18262,"SILVIO DE CAMPOS, AV DR",NA,"",375,"","08/02/2013 01:45",2,"CO",46,900," "," ",1,1,0,0,0,0,0,0,0,0,0,0,0,0,0,0,0,18262,"SILVIO DE CAMPOS, AV DR",NA,"",NA,"",1,0,"SILVIO DE CAMPOS, AV DR 375 SAO PAULO SP",-23.4070165,-46.758061
"2152","D021301453",6509,"ENTRE-RIOS, RUA",NA,"",3854,"","08/02/2013 03:01",4,"AT",24,1386," "," ",1,0,0,0,0,0,0,0,0,0,0,0,0,0,0,0,0,6509,"ENTRE-RIOS, RUA",NA,"",18,"CANGAIBA",1,0,"ENTRE-RIOS, RUA 3854 SAO PAULO SP",-23.5087664,-46.5181262
"2153","D021301078",2181,"ARICANDUVA, AV",NA,"",859,"","08/02/2013 06:30",2,"CO",21,422," "," ",1,1,0,0,0,0,0,0,0,0,0,0,0,0,0,0,0,2181,"ARICANDUVA, AV",NA,"",60,"PENHA",1,0,"ARICANDUVA, AV 859 SAO PAULO SP",-23.5538144,-46.5184931
"2154","D021301701",26565,"SOUZA RAMOS, AV",99999,"METALURGICOS, AV DOS",0,"","08/02/2013 06:30",2,"CO",54,742," "," ",1,0,1,0,0,0,0,0,0,0,0,0,0,0,0,0,0,99997,"TEXTEIS, RUA DOS",99999,"METALURGICOS, AV DOS",25,"CIDADE TIRADENT",1,0,"SOUZA RAMOS, AV SAO PAULO SP &  METALURGICOS, AV DOS SAO PAULO SP",-23.5738472,-46.4128416
"2156","D021301150",15292,"PADUA DIAS, PCA",NA,"",9,"","08/02/2013 06:40",2,"QM",52,391,"C"," ",0,1,0,0,1,0,0,0,0,0,0,0,0,0,0,0,0,15292,"PADUA DIAS, PCA",NA,"",27,"CURSINO",1,0,"PADUA DIAS, PCA 9 SAO PAULO SP",-23.5372278,-46.5715262
"2157","D021301313",12403,"M'BOI MIRIM, ES",NA,"",300,"","08/02/2013 06:44",4,"AT",92,870," "," ",0,0,0,0,0,0,0,1,0,0,0,0,0,0,0,0,0,12403,"M'BOI MIRIM, ES",NA,"",42,"JARDIM ANGELA",1,0,"M'BOI MIRIM, ES 300 SAO PAULO SP",-23.5505199,-46.6333094
"2158","D021301736",2181,"ARICANDUVA, AV",NA,"",5000,"","08/02/2013 06:50",2,"CO",66,660,"C"," ",1,1,0,0,0,0,0,0,0,0,0,0,0,0,0,0,0,2181,"ARICANDUVA, AV",NA,"",60,"PENHA",1,0,"ARICANDUVA, AV 5000 SAO PAULO SP",-23.5611299,-46.5112777
"2159","D021300690",61660,"NELSON GAMA DE OLIVEIRA, RUA",NA,"",370,"","08/02/2013 07:00",4,"AT",89,1032," "," ",1,0,0,0,0,0,0,0,0,0,0,0,0,0,0,0,0,61660,"NELSON GAMA DE OLIVEIRA, RUA",NA,"",29,"FREGUESIA DO O",1,0,"NELSON GAMA DE OLIVEIRA, RUA 370 SAO PAULO SP",-23.6324425,-46.7359135
"2160","D021300808",14916,"OLAVO EGIDIO, RUA DR",NA,"",165,"","08/02/2013 07:13",2,"CH",13,1373," "," ",1,1,0,0,0,0,0,0,0,0,0,0,0,0,0,0,0,14916,"OLAVO EGIDIO, RUA DR",NA,"",47,"LAJEADO",1,0,"OLAVO EGIDIO, RUA DR 165 SAO PAULO SP",-23.4997628,-46.6240508
"2161","D021300152",16870,"RANGEL PESTANA, AV",10585,"JOAQUIM NABUCO, RUA",0,"","08/02/2013 07:32",2,"CO",12,797," "," ",1,1,0,0,0,0,0,0,0,0,0,0,0,0,0,0,0,10585,"JOAQUIM NABUCO, RUA",16870,"RANGEL PESTANA, AV",10,"BRAS",1,0,"RANGEL PESTANA, AV SAO PAULO SP &  JOAQUIM NABUCO, RUA SAO PAULO SP",-23.5447812,-46.6196928