"","id_acidente","codloga","logradouroA","codlogb","logradouroB","alt_num","referencia","data","cod_acid","tipo_acidente","dp","numero_BO","sentido","pista","automovel","moto","onibus","caminhao","bicicleta","moto_taxi","onibus_fretado","onibus_urbano","microonibus","van","vuc","caminhonete","carreta","jipe","outros","sem_informacao","carroca","princ_a","paiA","princ_b","paiB","cod_distrito","distrito","vit_ferida","vit_morta","local","lat","lon"
"2162","D021301412",2483,"ATLANTICA ANT. ROBERT KENNEDY, AV",NA,"",2837,"","08/02/2013 08:20",2,"CO",102,430," "," ",1,3,0,0,0,0,0,0,0,0,0,0,0,0,0,0,0,2483,"ATLANTICA ANT. ROBERT KENNEDY, AV",NA,"",23,"CIDADE DUTRA",1,0,"ATLANTICA ANT. ROBERT KENNEDY, AV 2837 SAO PAULO SP",-23.5505199,-46.6333094
"2163","D021301592",8576,"HARDMAN, RUA BRIG",NA,"",130,"","08/02/2013 08:42",2,"CO",68,428," "," ",1,1,0,0,0,0,0,0,0,0,0,0,0,0,0,0,0,8576,"HARDMAN, RUA BRIG",NA,"",47,"LAJEADO",1,0,"HARDMAN, RUA BRIG 130 SAO PAULO SP",-23.5383502,-46.4088267
"2164","D021300364",999,"SANTO AMARO, AV",NA,"",2302,"","08/02/2013 08:45",4,"AT",96,635," "," ",0,0,0,0,0,0,0,1,0,0,0,0,0,0,0,0,0,999,"SANTO AMARO, AV",NA,"",34,"ITAIM BIBI",1,0,"SANTO AMARO, AV 2302 SAO PAULO SP",-23.6043462,-46.6751472
"2165","D021301361",17360,"ALBERTO DE ZAGOTTIS, AV ENG",NA,"",277,"","08/02/2013 08:47",2,"CO",99,573," "," ",1,0,0,0,1,0,0,0,0,0,0,0,0,0,0,0,0,17360,"ALBERTO DE ZAGOTTIS, AV ENG",NA,"",16,"CAMPO GRANDE",1,0,"ALBERTO DE ZAGOTTIS, AV ENG 277 SAO PAULO SP",-23.6717027,-46.6967923
"2166","D021300721",6238,"NACOES UNIDAS, AV DAS",NA,"",6500,"","08/02/2013 09:30",2,"CO",91,947," "," ",0,0,0,0,0,0,0,0,0,0,0,1,0,0,0,0,0,13014,"MARGINAL DO RIO PINHEIROS, AV",NA,"",90,"VILA LEOPOLDINA",1,0,"NACOES UNIDAS, AV DAS 6500 SAO PAULO SP",-23.6791581,-46.6961122
"2168","D021300469",15270,"PACAEMBU, AV",NA,"",50,"","08/02/2013 09:34",2,"CO",23,728," "," ",1,1,0,0,0,0,0,0,0,0,0,0,0,0,0,0,0,15270,"PACAEMBU, AV",NA,"",19,"CAPAO REDONDO",1,0,"PACAEMBU, AV 50 SAO PAULO SP",-23.5348939,-46.6622159
"2169","D021300691",12502,"MAGALHAES DE CASTRO, AV",NA,"",999,"","08/02/2013 10:00",2,"CO",89,1057," "," ",1,1,0,0,0,0,0,0,0,0,0,0,0,0,0,0,0,13014,"MARGINAL DO RIO PINHEIROS, AV",NA,"",12,"BUTANTA",1,0,"MAGALHAES DE CASTRO, AV 999 SAO PAULO SP",-23.566474,-46.7047882
"2170","D021300470",18519,"SUMARE, AV",NA,"",421,"","08/02/2013 10:08",2,"CO",23,732," "," ",1,1,0,0,0,0,0,0,0,0,0,0,0,0,0,0,0,18519,"SUMARE, AV",NA,"",61,"PERDIZES",1,0,"SUMARE, AV 421 SAO PAULO SP",-23.5331431,-46.6749569
"2171","D021300435",2149,"ARCOVERDE, RUA CARD",NA,"",2300,"","08/02/2013 10:30",2,"CO",14,1559," "," ",1,1,0,0,0,0,0,0,0,0,0,0,0,0,0,0,0,2149,"ARCOVERDE, RUA CARD",NA,"",44,"JARDIM PAULISTA",1,0,"ARCOVERDE, RUA CARD 2300 SAO PAULO SP",-23.5641889,-46.6925916
"2172","D021301042",4128,"CANGAIBA, AV",NA,"",2817,"","08/02/2013 10:30",2,"CO",10,1561," "," ",0,1,0,0,0,0,0,0,0,0,0,1,0,0,0,0,0,4128,"CANGAIBA, AV",NA,"",18,"CANGAIBA",1,0,"CANGAIBA, AV 2817 SAO PAULO SP",-23.5060049,-46.5286007
"2173","D021301344",9224,"VITORINO FREIRE, AV SEN",NA,"",608,"","08/02/2013 10:33",4,"AT",98,1499," "," ",0,0,0,0,0,0,0,0,0,0,0,0,0,0,0,1,0,9224,"VITORINO FREIRE, AV SEN",NA,"",22,"CIDADE ADEMAR",1,0,"VITORINO FREIRE, AV SEN 608 SAO PAULO SP",-23.6892424,-46.6350416
"2174","D021300131",14213,"MOOCA, RUA DA",NA,"",321,"","08/02/2013 10:37",2,"CO",8,1076," "," ",0,1,0,0,0,0,0,0,0,0,0,0,0,0,0,1,0,14213,"MOOCA, RUA DA",NA,"",16,"CAMPO GRANDE",1,0,"MOOCA, RUA DA 321 SAO PAULO SP",-23.5534797,-46.6221873
"2175","D021300041",1421,"ANHAIA, RUA",NA,"",637,"","08/02/2013 10:40",2,"CO",2,757," "," ",0,1,0,0,0,0,0,0,0,0,0,1,0,0,0,0,0,1421,"ANHAIA, RUA",NA,"",9,"BOM RETIRO",1,0,"ANHAIA, RUA 637 SAO PAULO SP",-23.5248018,-46.6449073
"2177","D021300910",9078,"IMIRIM, AV",NA,"",2582,"","08/02/2013 11:00",2,"CO",38,698," "," ",2,1,0,0,0,0,0,0,0,0,0,0,0,0,0,0,0,9078,"IMIRIM, AV",NA,"",71,"SANTANA",1,0,"IMIRIM, AV 2582 SAO PAULO SP",-23.4847391,-46.6532014
"2178","D021300722",18156,"SCHILLING, RUA",NA,"",538,"","08/02/2013 11:15",2,"CO",91,950," "," ",1,1,0,0,0,0,0,0,0,0,0,0,0,0,0,0,0,18156,"SCHILLING, RUA",NA,"",14,"CAMBUCI",1,0,"SCHILLING, RUA 538 SAO PAULO SP",-23.5311054,-46.7296983
"2179","D021300326",3274,"BERNARDINO DE CAMPOS, AV",NA,"",362,"","08/02/2013 11:25",2,"CO",36,642," "," ",2,1,0,0,0,0,0,0,0,0,0,0,0,0,0,0,0,3274,"BERNARDINO DE CAMPOS, AV",NA,"",92,"VILA MARIANA",1,0,"BERNARDINO DE CAMPOS, AV 362 SAO PAULO SP",-23.5748834,-46.6418115
"2180","D021300236",3560,"FREIRE BRAYNER, RUA",NA,"",120,"","08/02/2013 11:27",4,"AT",17,588," "," ",1,0,0,0,0,0,0,0,0,0,0,0,0,0,0,0,0,3560,"FREIRE BRAYNER, RUA",NA,"",18,"CANGAIBA",1,0,"FREIRE BRAYNER, RUA 120 SAO PAULO SP",-23.6042006,-46.5949888
"2181","D021301280",20514,"MANUEL ALVES SOARES, AV",NA,"",65,"","08/02/2013 11:29",4,"AT",48,522,"B"," ",0,1,0,0,0,0,0,0,0,0,0,0,0,0,0,0,0,20514,"MANUEL ALVES SOARES, AV",NA,"",32,"IGUATEMI",1,0,"MANUEL ALVES SOARES, AV 65 SAO PAULO SP",-23.7221319,-46.6886426
"2182","D021301399",12403,"M'BOI MIRIM, ES",NA,"",7033,"","08/02/2013 11:33",2,"CL",100,900073," "," ",1,1,0,0,0,0,0,0,0,0,0,0,0,0,0,0,0,12403,"M'BOI MIRIM, ES",NA,"",42,"JARDIM ANGELA",1,0,"M'BOI MIRIM, ES 7033 SAO PAULO SP",-23.5505199,-46.6333094
"2184","D021300911",7347,"FRANCISCO RANIERI, AV DR",NA,"",940,"","08/02/2013 12:40",2,"CO",38,701," "," ",0,1,0,0,0,0,0,1,0,0,0,0,0,0,0,0,0,7347,"FRANCISCO RANIERI, AV DR",NA,"",51,"MANDAQUI",1,0,"FRANCISCO RANIERI, AV DR 940 SAO PAULO SP",-23.4771571,-46.6459837
"2185","D021301654",13671,"MATEO BEI, AV",NA,"",2787,"","08/02/2013 13:00",4,"AT",49,2104," "," ",1,0,0,0,0,0,0,0,0,0,0,0,0,0,0,0,0,13671,"MATEO BEI, AV",NA,"",75,"SAO MATEUS",1,0,"MATEO BEI, AV 2787 SAO PAULO SP",-23.6054991,-46.4799043
"2186","D021300766",36061,"LUIZ DUMONT VILLARES, AV",19803,"VIRI, RUA",0,"","08/02/2013 13:00",2,"CO",9,883," "," ",1,1,0,0,0,0,0,0,0,0,0,0,0,0,0,0,0,19803,"VIRI, RUA",36061,"LUIZ DUMONT VILLARES, AV",71,"SANTANA",1,0,"LUIZ DUMONT VILLARES, AV SAO PAULO SP &  VIRI, RUA SAO PAULO SP",-23.4939156,-46.6115208
"2187","D021300765",13172,"MARIA CANDIDA, RUA",NA,"",1312,"","08/02/2013 13:10",4,"AT",9,872," "," ",1,0,0,0,0,0,0,0,0,0,0,0,0,0,0,0,0,13172,"MARIA CANDIDA, RUA",NA,"",88,"VILA GUILHERME",1,0,"MARIA CANDIDA, RUA 1312 SAO PAULO SP",-23.506342,-46.602621
"2188","D021300740",831,"ALTINO, AV PRES",NA,"",2985,"","08/02/2013 13:30",2,"SI",93,339," "," ",1,0,2,0,0,0,0,0,0,0,0,0,0,0,0,0,0,831,"ALTINO, AV PRES",NA,"",40,"JAGUARE",4,0,"ALTINO, AV PRES 2985 SAO PAULO SP",-23.5311062,-46.7569286
"2189","D021301043",954,"AMADOR BUENO DA VEIGA, AV",NA,"",1800,"","08/02/2013 13:30",2,"CO",10,1567," "," ",1,1,0,0,0,0,0,0,0,0,0,0,0,0,0,0,0,954,"AMADOR BUENO DA VEIGA, AV",NA,"",60,"PENHA",1,0,"AMADOR BUENO DA VEIGA, AV 1800 SAO PAULO SP",-23.5214798,-46.5283586
"2190","D021301389",12403,"M'BOI MIRIM, ES",NA,"",11160,"","08/02/2013 13:37",4,"AT",100,884," "," ",0,0,1,0,0,0,0,0,0,0,0,0,0,0,0,0,0,12403,"M'BOI MIRIM, ES",NA,"",42,"JARDIM ANGELA",1,0,"M'BOI MIRIM, ES 11160 SAO PAULO SP",-23.5505199,-46.6333094
"2191","D021301363",9220,"INTERLAGOS, AV",NA,"",285,"","08/02/2013 13:50",2,"CL",99,580," "," ",2,1,0,0,0,0,0,0,0,0,0,0,0,0,0,0,0,9220,"INTERLAGOS, AV",NA,"",16,"CAMPO GRANDE",1,0,"INTERLAGOS, AV 285 SAO PAULO SP",-23.6537091,-46.6799765
"2192","D021301140",24338,"LUIZ IGNACIO ANHAIA MELLO, AV PROF",NA,"",6270,"","08/02/2013 14:30",2,"CO",42,846,"B"," ",0,1,0,0,0,0,0,1,0,0,0,0,0,0,0,0,0,24338,"LUIZ IGNACIO ANHAIA MELLO, AV PROF",NA,"",26,"CONSOLACAO",1,0,"LUIZ IGNACIO ANHAIA MELLO, AV PROF 6270 SAO PAULO SP",-23.5943702,-46.5389594
"2193","D021300240",6642,"ESTADO, AV DO",15609,"PATRIOTAS, RUA DOS",0,"","08/02/2013 14:45",4,"AT",17,765," "," ",0,0,0,0,0,0,0,0,0,0,0,1,0,0,0,0,0,6642,"ESTADO, AV DO",15609,"PATRIOTAS, RUA DOS",33,"IPIRANGA",1,0,"ESTADO, AV DO SAO PAULO SP &  PATRIOTAS, RUA DOS SAO PAULO SP",-23.5635869,-46.6112253
"2194","D021300129",19958,"WILSON, AV PRES",NA,"",1230,"","08/02/2013 14:49",2,"CO",8,1000," "," ",1,1,0,0,0,0,0,0,0,0,0,0,0,0,0,0,0,19958,"WILSON, AV PRES",NA,"",16,"CAMPO GRANDE",1,0,"WILSON, AV PRES 1230 SAO PAULO SP",-23.5649204,-46.6064038
"2195","D021301362",9220,"INTERLAGOS, AV",NA,"",2150,"","08/02/2013 14:57",2,"CO",99,579," "," ",1,1,0,0,0,0,0,0,0,0,0,0,0,0,0,0,0,9220,"INTERLAGOS, AV",NA,"",16,"CAMPO GRANDE",1,0,"INTERLAGOS, AV 2150 SAO PAULO SP",-23.6536121,-46.6799732
"2196","D021300885",3771,"INAJAR DE SOUZA, AV",NA,"",1700,"","08/02/2013 15:30",4,"AT",28,696," "," ",1,1,0,0,0,0,0,0,0,0,0,0,0,0,0,0,0,3771,"INAJAR DE SOUZA, AV",NA,"",50,"LIMAO",2,0,"INAJAR DE SOUZA, AV 1700 SAO PAULO SP",-23.4909404,-46.685061
"2197","D021301763",59174,"NOVA BRASILIA, RUA",34533,"LUIS ANTONIO DA COSTA, RUA",0,"","08/02/2013 15:40",2,"CO",69,1796," "," ",1,1,0,0,0,0,0,0,0,0,0,0,0,0,0,0,0,34533,"LUIS ANTONIO DA COSTA, RUA",59174,"NOVA BRASILIA, RUA",78,"SAPOPEMBA",1,0,"NOVA BRASILIA, RUA SAO PAULO SP &  LUIS ANTONIO DA COSTA, RUA SAO PAULO SP",-23.5962096,-46.5067561
"2199","D021300899",3406,"CONCEICAO DE JACAREI, RUA",NA,"",92,"","08/02/2013 16:30",2,"QM",28,1407," "," ",0,1,0,0,0,0,0,0,0,0,0,0,0,0,0,0,0,3406,"CONCEICAO DE JACAREI, RUA",NA,"",29,"FREGUESIA DO O",1,0,"CONCEICAO DE JACAREI, RUA 92 SAO PAULO SP",-23.4803403,-46.6973422
"2200","D021301044",954,"AMADOR BUENO DA VEIGA, AV",NA,"",1930,"","08/02/2013 17:00",2,"CO",10,1578," "," ",1,1,0,0,0,0,0,0,0,0,0,0,0,0,0,0,0,954,"AMADOR BUENO DA VEIGA, AV",NA,"",60,"PENHA",1,0,"AMADOR BUENO DA VEIGA, AV 1930 SAO PAULO SP",-23.5219522,-46.5272869
"2201","D021300528",7500,"FRANCISCO MORATO, AV PROF",NA,"",3559,"","08/02/2013 17:20",4,"AT",34,844," "," ",1,0,0,0,0,0,0,0,0,0,0,0,0,0,0,0,0,7500,"FRANCISCO MORATO, AV PROF",NA,"",12,"BUTANTA",1,0,"FRANCISCO MORATO, AV PROF 3559 SAO PAULO SP",-23.5914914,-46.7311001
"2202","D021301683",60675,"AFONSO DE SAMPAIO E SOUSA, AV",NA,"",2800,"","08/02/2013 17:30",2,"CO",53,833," "," ",1,0,0,0,0,0,0,0,0,0,0,1,0,0,0,0,0,60675,"AFONSO DE SAMPAIO E SOUSA, AV",NA,"",51,"MANDAQUI",1,0,"AFONSO DE SAMPAIO E SOUSA, AV 2800 SAO PAULO SP",-23.5795811,-46.4841719
"2203","D021301268",5165,"MERCANTEIS, RUA DOS",NA,"",400,"","08/02/2013 17:30",2,"QM",47,1691," "," ",0,1,0,0,0,0,0,0,0,0,0,0,0,0,0,0,0,5165,"MERCANTEIS, RUA DOS",NA,"",19,"CAPAO REDONDO",1,0,"MERCANTEIS, RUA DOS 400 SAO PAULO SP",-23.6713616,-46.778464
"2205","D021300516",3984,"CAMINHO DO ENGENHO, RUA",NA,"",100,"","08/02/2013 17:45",2,"CO",34,495," "," ",1,1,0,0,0,0,0,0,0,0,0,0,0,0,0,0,0,3984,"CAMINHO DO ENGENHO, RUA",NA,"",96,"VILA SONIA",1,0,"CAMINHO DO ENGENHO, RUA 100 SAO PAULO SP",-23.5957572,-46.7403619
"2208","D021300232",6013,"DOMINGOS DE MORAIS, RUA",NA,"",1752,"","08/02/2013 18:00",2,"CO",16,2906," "," ",1,1,0,0,0,0,0,0,0,0,0,0,0,0,0,0,0,6013,"DOMINGOS DE MORAIS, RUA",NA,"",92,"VILA MARIANA",2,0,"DOMINGOS DE MORAIS, RUA 1752 SAO PAULO SP",-23.5914543,-46.6361122
"2209","D021300958",1803,"ANTONIO MUNHOZ BONILHA, AV",15823,"PEDRA BELA, RUA",0,"","08/02/2013 18:00",2,"CO",40,1403," "," ",0,1,0,0,0,0,0,0,0,0,0,0,0,0,0,0,0,1803,"ANTONIO MUNHOZ BONILHA, AV",15823,"PEDRA BELA, RUA",50,"LIMAO",2,0,"ANTONIO MUNHOZ BONILHA, AV SAO PAULO SP &  PEDRA BELA, RUA SAO PAULO SP",-23.4954625,-46.677421
"2210","D021300270",26500,"VICENTE RAO, AV PROF.",NA,"",1970,"","08/02/2013 18:00",2,"CO",27,1521," "," ",1,0,0,0,0,0,0,1,0,0,0,0,0,0,0,0,0,26500,"VICENTE RAO, AV PROF.",NA,"",30,"GRAJAU",1,0,"VICENTE RAO, AV PROF. 1970 SAO PAULO SP",-23.6407639,-46.676333
"2211","D021300398",4593,"CATAO, RUA",8267,"GUAICURUS, RUA",0,"","08/02/2013 18:10",4,"AT",7,947," "," ",1,0,0,0,0,0,0,0,0,0,0,0,0,0,0,0,0,4593,"CATAO, RUA",8267,"GUAICURUS, RUA",48,"LAPA",1,0,"CATAO, RUA SAO PAULO SP &  GUAICURUS, RUA SAO PAULO SP",-23.5270424,-46.7007099
"2212","D021301742",2181,"ARICANDUVA, AV",NA,"",6001,"","08/02/2013 18:11",2,"CT",66,832,"C"," ",1,2,0,0,0,0,0,0,0,0,0,0,0,0,0,0,0,2181,"ARICANDUVA, AV",NA,"",60,"PENHA",2,0,"ARICANDUVA, AV 6001 SAO PAULO SP",-23.5737932,-46.5035372
"2213","D021300138",543,"ALCANTARA MACHADO, AV",NA,"",1,"","08/02/2013 18:20",2,"CO",8,1298,"B"," ",0,2,0,0,0,0,0,0,0,0,0,0,0,0,0,0,0,543,"ALCANTARA MACHADO, AV",NA,"",10,"BRAS",1,0,"ALCANTARA MACHADO, AV 1 SAO PAULO SP",-23.5513133,-46.6249218
"2215","D021300130",3653,"BRESSER, RUA",543,"ALCANTARA MACHADO, AV",0,"","08/02/2013 19:00",4,"AT",8,1004," "," ",1,0,0,0,0,0,0,0,0,0,0,0,0,0,0,0,0,543,"ALCANTARA MACHADO, AV",3653,"BRESSER, RUA",54,"MOOCA",1,0,"BRESSER, RUA SAO PAULO SP &  ALCANTARA MACHADO, AV SAO PAULO SP",-23.5353694,-46.6103911
"2216","D021300968",6361,"ELISIO TEIXEIRA LEITE, AV",NA,"",3000,"","08/02/2013 19:30",2,"QM",45,792," "," ",0,1,0,0,0,0,0,0,0,0,0,0,0,0,0,0,0,6361,"ELISIO TEIXEIRA LEITE, AV",NA,"",29,"FREGUESIA DO O",1,0,"ELISIO TEIXEIRA LEITE, AV 3000 SAO PAULO SP",-23.4716982,-46.7071583
"2217","D021300481",3522,"BOSQUE, RUA DO",3487,"BORACEA, RUA",0,"","08/02/2013 20:00",2,"CO",23,964," "," ",1,1,0,0,0,0,0,0,0,0,0,0,0,0,0,0,0,3487,"BORACEA, RUA",3522,"BOSQUE, RUA DO",70,"SANTA CECILIA",1,0,"BOSQUE, RUA DO SAO PAULO SP &  BORACEA, RUA SAO PAULO SP",-23.5251539,-46.6567994
"2218","D021301249",37964,"BARRAGEM, ES DA",NA,"",2000,"","08/02/2013 20:10",2,"CT",25,900022," "," ",1,1,0,0,0,0,0,0,0,0,0,0,0,0,0,0,0,37964,"BARRAGEM, ES DA",NA,"",76,"SAO MIGUEL",1,0,"BARRAGEM, ES DA 2000 SAO PAULO SP",-23.5505199,-46.6333094
"2219","D021300395",4781,"CERRO CORA, RUA",31618,"FLAMINIO A. DE CASTRO RANGEL, RUA",0,"","08/02/2013 21:30",2,"CO",7,844," "," ",1,1,0,0,0,0,0,0,0,0,0,0,0,0,0,0,0,4781,"CERRO CORA, RUA",31618,"FLAMINIO A. DE CASTRO RANGEL, RUA",48,"LAPA",1,0,"CERRO CORA, RUA SAO PAULO SP &  FLAMINIO A. DE CASTRO RANGEL, RUA SAO PAULO SP",-23.5353251,-46.7151092
"2220","D021301170",20059,"ZELINA, AV",11381,"JUPARANA, RUA BR DE",0,"","08/02/2013 21:36",2,"CO",56,824," "," ",1,1,0,0,0,0,0,0,0,0,0,0,0,0,0,0,0,11381,"JUPARANA, RUA BR DE",20059,"ZELINA, AV",95,"VILA PRUDENTE",1,0,"ZELINA, AV SAO PAULO SP &  JUPARANA, RUA BR DE SAO PAULO SP",-23.5895172,-46.5787291
"2221","D021301631",16494,"MIGUEL ACHIOLE DA FONCECA, AV",NA,"",1524,"","08/02/2013 22:20",2,"CO",44,836," "," ",0,1,0,0,0,0,0,1,0,0,0,0,0,0,0,0,0,16494,"MIGUEL ACHIOLE DA FONCECA, AV",NA,"",50,"LIMAO",1,0,"MIGUEL ACHIOLE DA FONCECA, AV 1524 SAO PAULO SP",-23.5594052,-46.4041226
"2222","D021300787",41394,"OTTO BAUMGART, AV",NA,"",508,"","08/02/2013 22:40",2,"CO",9,1222,"B"," ",1,1,0,0,0,0,0,0,0,0,0,0,0,0,0,0,0,41394,"OTTO BAUMGART, AV",NA,"",47,"LAJEADO",1,0,"OTTO BAUMGART, AV 508 SAO PAULO SP",-23.5143071,-46.6160487
"2223","D021301106",17824,"SAPOPEMBA, AV",NA,"",3800,"","08/02/2013 22:45",2,"CO",29,825," "," ",1,1,0,0,0,0,0,0,0,0,0,0,0,0,0,0,0,17824,"SAPOPEMBA, AV",NA,"",33,"IPIRANGA",1,0,"SAPOPEMBA, AV 3800 SAO PAULO SP",-23.575491,-46.5527407
"2224","D021300181",11337,"JULIO MARCONDES SALGADO, RUA GAL",1912,"APA, RUA",0,"","08/02/2013 22:50",2,"CO",77,778," "," ",2,0,0,0,0,0,0,0,0,0,0,0,0,0,0,0,0,1912,"APA, RUA",11337,"JULIO MARCONDES SALGADO, RUA GAL",70,"SANTA CECILIA",1,0,"JULIO MARCONDES SALGADO, RUA GAL SAO PAULO SP &  APA, RUA SAO PAULO SP",-23.5361787,-46.6504984
"2225","D021301564",21253,"AGUIA DE HAIA, AV",9084,"IMPERADOR, ES DO",0,"","08/02/2013 22:51",2,"CO",64,1421," "," ",1,0,0,0,0,0,0,0,1,0,0,0,0,0,0,0,0,9084,"IMPERADOR, ES DO",21253,"AGUIA DE HAIA, AV",89,"VILA JACUI",1,0,"AGUIA DE HAIA, AV SAO PAULO SP &  IMPERADOR, ES DO SAO PAULO SP",-23.5069379,-46.4780241
"2226","D021301436",12810,"MANUEL GUIMARAES, RUA CAP",13170,"MARIA BRANCA, RUA",0,"","08/02/2013 23:00",2,"CO",22,1000," "," ",2,0,1,0,0,0,0,0,0,0,0,0,0,0,0,0,0,12810,"MANUEL GUIMARAES, RUA CAP",13170,"MARIA BRANCA, RUA",76,"SAO MIGUEL",2,0,"MANUEL GUIMARAES, RUA CAP SAO PAULO SP &  MARIA BRANCA, RUA SAO PAULO SP",-23.5017004,-46.4360653
"2227","D021300379",999,"SANTO AMARO, AV",10076,"JESUINO MACIEL, RUA DR",0,"","09/02/2013 01:20",2,"CO",96,1408," "," ",2,0,0,0,0,0,0,0,0,0,0,0,0,0,0,0,0,999,"SANTO AMARO, AV",8377,"GUARARAPES, RUA",34,"ITAIM BIBI",4,0,"SANTO AMARO, AV SAO PAULO SP &  JESUINO MACIEL, RUA DR SAO PAULO SP",-23.614288,-46.6791208
"2228","D021301097",7645,"FRONTIN, AV CD DE",NA,"",1502,"","09/02/2013 01:30",2,"CT",21,1586," "," ",1,1,0,0,0,0,0,0,0,0,0,0,0,0,0,0,0,7645,"FRONTIN, AV CD DE",NA,"",93,"VILA MATILDE",1,0,"FRONTIN, AV CD DE 1502 SAO PAULO SP",-23.5505199,-46.6333094
"2229","D021301674",36387,"JAIME RIBEIRO WRIGHT, RUA",NA,"",1000,"","09/02/2013 02:00",4,"AT",53,456," "," ",0,0,0,0,0,0,0,0,0,0,0,0,0,0,0,1,0,36387,"JAIME RIBEIRO WRIGHT, RUA",NA,"",50,"LIMAO",1,0,"JAIME RIBEIRO WRIGHT, RUA 1000 SAO PAULO SP",-23.569268,-46.4380157
"2230","D021301287",16151,"JOAO GOULART, AV PRES",20514,"MANUEL ALVES SOARES, AV",0,"","09/02/2013 02:00",2,"CO",48,1555," "," ",2,0,0,0,0,0,0,1,0,0,0,0,0,0,0,0,0,16151,"JOAO GOULART, AV PRES",20514,"MANUEL ALVES SOARES, AV",23,"CIDADE DUTRA",1,0,"JOAO GOULART, AV PRES SAO PAULO SP &  MANUEL ALVES SOARES, AV SAO PAULO SP",-23.7183311,-46.6726542
"2232","D021301539",7068,"FERNAO MENDES PINTO, RUA",NA,"",22,"","09/02/2013 05:59",4,"AT",62,1960," "," ",0,0,0,0,0,0,0,0,0,0,0,0,0,0,0,1,0,7068,"FERNAO MENDES PINTO, RUA",NA,"",28,"ERMELINO MATARA",1,0,"FERNAO MENDES PINTO, RUA 22 SAO PAULO SP",-23.5062814,-46.4877409
"2233","D021300014",6642,"ESTADO, AV DO",NA,"",3001,"","09/02/2013 06:00",2,"SI",1,1101," "," ",2,0,0,0,0,0,0,0,0,0,0,0,0,0,0,0,0,6642,"ESTADO, AV DO",NA,"",9,"BOM RETIRO",1,0,"ESTADO, AV DO 3001 SAO PAULO SP",-23.5406054,-46.6276973
"2234","D021300218",6013,"DOMINGOS DE MORAIS, RUA",17991,"SENA MADUREIRA, RUA",0,"","09/02/2013 06:41",2,"CO",16,1810," "," ",1,1,0,0,0,0,0,0,0,0,0,0,0,0,0,0,0,6013,"DOMINGOS DE MORAIS, RUA",17991,"SENA MADUREIRA, RUA",92,"VILA MARIANA",1,0,"DOMINGOS DE MORAIS, RUA SAO PAULO SP &  SENA MADUREIRA, RUA SAO PAULO SP",-23.591806,-46.6362643
"2235","D021300199",14804,"NOVE DE JULHO, AV",6651,"ESTADOS UNIDOS, RUA",0,"","09/02/2013 07:20",2,"CO",78,1068,"B"," ",2,0,0,0,0,0,0,0,0,0,0,1,0,0,0,0,0,6651,"ESTADOS UNIDOS, RUA",14804,"NOVE DE JULHO, AV",44,"JARDIM PAULISTA",1,0,"NOVE DE JULHO, AV SAO PAULO SP &  ESTADOS UNIDOS, RUA SAO PAULO SP",-23.5517584,-46.6473069
"2236","D021300384",24491,"IMIGRANTES, VIA DOS",NA,"",12,"","09/02/2013 07:25",2,"CL",97,358," "," ",0,0,0,2,0,0,0,0,0,0,0,0,0,0,0,0,0,24491,"IMIGRANTES, VIA DOS",NA,"",NA,"",2,0,"IMIGRANTES, VIA DOS 12 SAO PAULO SP",-23.4467639,-46.6889458
"2237","D021301642",22067,"PEIXES, RUA",NA,"",31,"","09/02/2013 07:53",4,"AT",49,421," "," ",0,0,0,0,0,0,0,0,0,0,0,1,0,0,0,0,0,22067,"PEIXES, RUA",NA,"",55,"MORUMBI",3,0,"PEIXES, RUA 31 SAO PAULO SP",-23.6127149,-46.4584664
"2238","D021301171",24338,"LUIZ IGNACIO ANHAIA MELLO, AV PROF",8955,"IBITIRAMA, RUA",0,"","09/02/2013 08:00",2,"CO",56,829," "," ",1,1,0,0,0,0,0,0,0,0,0,0,0,0,0,0,0,8955,"IBITIRAMA, RUA",24338,"LUIZ IGNACIO ANHAIA MELLO, AV PROF",95,"VILA PRUDENTE",1,0,"LUIZ IGNACIO ANHAIA MELLO, AV PROF SAO PAULO SP &  IBITIRAMA, RUA SAO PAULO SP",-23.5827842,-46.565808
"2239","D021300941",11321,"JULIO BUONO, AV",NA,"",1190,"","09/02/2013 08:12",2,"CO",39,667," "," ",0,1,0,1,0,0,0,0,0,0,0,0,0,0,0,0,0,11321,"JULIO BUONO, AV",NA,"",94,"VILA MEDEIROS",2,0,"JULIO BUONO, AV 1190 SAO PAULO SP",-23.4889892,-46.5943108
"2240","D021300809",20878,"LEITAO DE CARVALHO, RUA MAL",NA,"",456,"","09/02/2013 08:39",4,"AT",13,1417," "," ",1,0,0,0,0,0,0,0,0,0,0,0,0,0,0,0,0,20878,"LEITAO DE CARVALHO, RUA MAL",NA,"",8,"BELEM",1,0,"LEITAO DE CARVALHO, RUA MAL 456 SAO PAULO SP",-23.5158934,-46.6345534
"2242","D021301776",24338,"LUIZ IGNACIO ANHAIA MELLO, AV PROF",NA,"",7055,"","09/02/2013 10:11",2,"QM",70,8857," "," ",0,1,0,0,0,0,0,0,0,0,0,0,0,0,0,0,0,24338,"LUIZ IGNACIO ANHAIA MELLO, AV PROF",NA,"",26,"CONSOLACAO",2,0,"LUIZ IGNACIO ANHAIA MELLO, AV PROF 7055 SAO PAULO SP",-23.5981953,-46.5330862