"","id_acidente","codloga","logradouroA","codlogb","logradouroB","alt_num","referencia","data","cod_acid","tipo_acidente","dp","numero_BO","sentido","pista","automovel","moto","onibus","caminhao","bicicleta","moto_taxi","onibus_fretado","onibus_urbano","microonibus","van","vuc","caminhonete","carreta","jipe","outros","sem_informacao","carroca","princ_a","paiA","princ_b","paiB","cod_distrito","distrito","vit_ferida","vit_morta","local","lat","lon"
"2243","D021301643",9044,"RAGUEB CHOHFI, AV",NA,"",5000,"","09/02/2013 10:44",2,"SI",49,427," "," ",1,1,0,0,0,0,0,0,0,0,0,0,0,0,0,0,0,9044,"RAGUEB CHOHFI, AV",NA,"",32,"IGUATEMI",1,0,"RAGUEB CHOHFI, AV 5000 SAO PAULO SP",-23.595882,-46.4374711
"2244","D021300327",18653,"TANGARA, RUA",NA,"",281,"","09/02/2013 11:00",2,"CO",36,658," "," ",1,1,0,0,0,0,0,0,0,0,0,0,0,0,0,0,0,18653,"TANGARA, RUA",NA,"",9,"BOM RETIRO",1,0,"TANGARA, RUA 281 SAO PAULO SP",-23.5900279,-46.6459638
"2245","D021301651",9044,"RAGUEB CHOHFI, AV",NA,"",4983,"","09/02/2013 11:30",2,"CO",49,1924," "," ",1,1,0,0,0,0,0,0,0,0,0,0,0,0,0,0,0,9044,"RAGUEB CHOHFI, AV",NA,"",32,"IGUATEMI",1,0,"RAGUEB CHOHFI, AV 4983 SAO PAULO SP",-23.5955672,-46.437723
"2246","D021300298",2235,"ARMANDO DE ARRUDA PEREIRA, AV ENG",NA,"",881,"","09/02/2013 12:00",2,"CO",35,1296," "," ",2,0,0,0,0,0,0,0,0,0,0,0,0,0,0,0,0,2235,"ARMANDO DE ARRUDA PEREIRA, AV ENG",NA,"",37,"JABAQUARA",1,0,"ARMANDO DE ARRUDA PEREIRA, AV ENG 881 SAO PAULO SP",-23.6351906,-46.6411782
"2247","D021300934",18664,"TANQUE VELHO, RUA",NA,"",1724,"","09/02/2013 12:00",4,"AT",39,558,"B"," ",1,0,0,0,0,0,0,0,0,0,0,0,0,0,0,0,0,18664,"TANQUE VELHO, RUA",NA,"",22,"CIDADE ADEMAR",1,0,"TANQUE VELHO, RUA 1724 SAO PAULO SP",-23.4768264,-46.5847576
"2248","D021301191",5759,"DEDO DE DEUS, AV",20000,"XAVIER PINHEIRO, AV",0,"","09/02/2013 12:05",2,"CL",58,338," "," ",1,1,0,0,0,0,0,0,0,0,0,0,0,0,0,0,0,5759,"DEDO DE DEUS, AV",20000,"XAVIER PINHEIRO, AV",87,"VILA FORMOSA",1,0,"DEDO DE DEUS, AV SAO PAULO SP &  XAVIER PINHEIRO, AV SAO PAULO SP",-23.5623014,-46.5359272
"2249","D021301489",15658,"JURARATERE, RUA",NA,"",41,"","09/02/2013 12:43",4,"AT",50,1713," "," ",1,0,0,0,0,0,0,0,0,0,0,0,0,0,0,0,0,15658,"JURARATERE, RUA",NA,"",35,"ITAIM PAULISTA",1,0,"JURARATERE, RUA 41 SAO PAULO SP",-23.5015377,-46.3984384
"2250","D021300153",4561,"CASTELO BRANCO, AV PRES",NA,"",1366,"","09/02/2013 13:20",2,"CO",12,819," "," ",0,1,0,0,0,0,0,1,0,0,0,0,0,0,0,0,0,29772,"MARGINAL DO RIO TIETE, AV",NA,"",6,"BARRA FUNDA",1,0,"CASTELO BRANCO, AV PRES 1366 SAO PAULO SP",-23.5200297,-46.6263418
"2251","D021300337",29621,"MANOEL SALGADO, RUA",NA,"",489,"","09/02/2013 13:51",4,"AT",83,358," "," ",0,1,0,0,0,0,0,0,0,0,0,0,0,0,0,0,0,29621,"MANOEL SALGADO, RUA",NA,"",21,"CASA VERDE",1,0,"MANOEL SALGADO, RUA 489 SAO PAULO SP",-23.6453363,-46.6023455
"2252","D021301731",2181,"ARICANDUVA, AV",NA,"",5500,"","09/02/2013 14:20",2,"CT",66,428," "," ",1,1,0,0,0,0,0,0,0,0,0,0,0,0,0,0,0,2181,"ARICANDUVA, AV",NA,"",60,"PENHA",1,0,"ARICANDUVA, AV 5500 SAO PAULO SP",-23.5683554,-46.5056619
"2253","D021301652",13671,"MATEO BEI, AV",NA,"",2540,"","09/02/2013 14:31",4,"AT",49,1929," "," ",0,1,0,0,0,0,0,0,0,0,0,0,0,0,0,0,0,13671,"MATEO BEI, AV",NA,"",75,"SAO MATEUS",1,0,"MATEO BEI, AV 2540 SAO PAULO SP",-23.6039718,-46.4815449
"2254","D021301366",9220,"INTERLAGOS, AV",NA,"",2500,"","09/02/2013 15:00",2,"CO",99,632," "," ",1,1,0,0,0,0,0,0,0,0,0,0,0,0,0,0,0,9220,"INTERLAGOS, AV",NA,"",16,"CAMPO GRANDE",1,0,"INTERLAGOS, AV 2500 SAO PAULO SP",-23.6535949,-46.6799718
"2255","D021301102",17824,"SAPOPEMBA, AV",NA,"",3592,"","09/02/2013 15:10",4,"AT",29,394,"B"," ",0,1,0,0,0,0,0,0,0,0,0,0,0,0,0,0,0,17824,"SAPOPEMBA, AV",NA,"",33,"IPIRANGA",2,0,"SAPOPEMBA, AV 3592 SAO PAULO SP",-23.5748774,-46.5547004
"2257","D021301345",360,"AGUA SANTA, ES",NA,"",1117,"","09/02/2013 15:30",2,"CO",98,1548,"C"," ",1,1,0,0,0,0,0,0,0,0,0,0,0,0,0,0,0,360,"AGUA SANTA, ES",NA,"",29,"FREGUESIA DO O",1,0,"AGUA SANTA, ES 1117 SAO PAULO SP",-23.5505199,-46.6333094
"2259","D021300504",20291,"TURISTICA DO JARAGUA, ES",NA,"",30,"","09/02/2013 15:55",2,"CO",33,1230," "," ",1,1,0,0,0,0,0,0,0,0,0,0,0,0,0,0,0,20291,"TURISTICA DO JARAGUA, ES",NA,"",31,"GUAIANASES",1,0,"TURISTICA DO JARAGUA, ES 30 SAO PAULO SP",-23.5505199,-46.6333094
"2260","D021301508",14975,"OLIVEIRA FREIRE, AV",NA,"",1932,"","09/02/2013 16:00",4,"AT",59,636," "," ",0,0,0,0,0,0,0,0,0,0,0,0,0,0,0,1,0,14975,"OLIVEIRA FREIRE, AV",NA,"",53,"MOEMA",1,0,"OLIVEIRA FREIRE, AV 1932 SAO PAULO SP",-23.4839379,-46.4167628
"2261","D021301437",13881,"MIGUEL, AV S",NA,"",9941,"","09/02/2013 16:20",2,"CT",22,1012," "," ",2,0,0,0,0,0,0,0,0,0,0,0,0,0,0,0,0,13881,"MIGUEL, AV S",NA,"",65,"PONTE RASA",1,0,"MIGUEL, AV S 9941 SAO PAULO SP",-23.4914415,-46.4463979
"2262","D021300996",99002,"BAILAO, RUA",NA,"",10,"","09/02/2013 16:55",4,"AT",73,1408," "," ",1,0,0,0,0,0,0,0,0,0,0,0,0,0,0,0,0,99002,"BAILAO, RUA",NA,"",83,"TREMEMBE",1,0,"BAILAO, RUA 10 SAO PAULO SP",-23.4478338,-46.5838573
"2263","D021301160",4736,"CELSO GARCIA, AV",44299,"AIRTON PRETINI, AV",0,"","09/02/2013 17:00",2,"CT",52,1608," "," ",2,0,1,0,0,0,0,0,0,0,0,0,0,0,0,0,0,4736,"CELSO GARCIA, AV",44299,"AIRTON PRETINI, AV",82,"TATUAPE",1,0,"CELSO GARCIA, AV SAO PAULO SP &  AIRTON PRETINI, AV SAO PAULO SP",-23.5359522,-46.5717652
"2264","D021300043",4561,"CASTELO BRANCO, AV PRES",6642,"ESTADO, AV DO",0,"","09/02/2013 17:30",4,"AT",2,789," "," ",0,1,0,0,0,0,0,0,0,0,0,0,0,0,0,0,0,2864,"BARRA DO TIBAJI, RUA",4561,"CASTELO BRANCO, AV PRES",9,"BOM RETIRO",1,0,"CASTELO BRANCO, AV PRES SAO PAULO SP &  ESTADO, AV DO SAO PAULO SP",-23.5216047,-46.6390428
"2265","D021301111",7488,"FRANCISCO MARENGO, RUA",1606,"ANTONIO CAMARDO, RUA",0,"","09/02/2013 17:45",2,"CO",30,750," "," ",1,1,0,0,0,0,0,0,0,0,0,0,0,0,0,0,0,1606,"ANTONIO CAMARDO, RUA",7488,"FRANCISCO MARENGO, RUA",82,"TATUAPE",1,0,"FRANCISCO MARENGO, RUA SAO PAULO SP &  ANTONIO CAMARDO, RUA SAO PAULO SP",-23.5448881,-46.5583254
"2266","D021300200",15656,"PAULISTA, AV",NA,"",900,"","09/02/2013 18:45",2,"CT",78,1094," "," ",1,1,0,0,0,0,0,0,0,0,0,0,0,0,0,0,0,15656,"PAULISTA, AV",NA,"",7,"BELA VISTA",1,0,"PAULISTA, AV 900 SAO PAULO SP",-23.5650422,-46.6510771
"2267","D021300088",18340,"SIQUEIRA CAMPOS, RUA DR",NA,"",100,"","09/02/2013 18:51",2,"CO",5,1078," "," ",1,1,0,0,0,0,0,0,0,0,0,0,0,0,0,0,0,18340,"SIQUEIRA CAMPOS, RUA DR",NA,"",2,"ALTO DE PINHEIR",1,0,"SIQUEIRA CAMPOS, RUA DR 100 SAO PAULO SP",-23.5634575,-46.6379573
"2268","D021301644",22161,"NEBULOSAS, RUA",62635,"CAIFAZES, RUA DOS",0,"","09/02/2013 19:06",2,"QM",49,430," "," ",0,1,0,0,0,0,0,0,0,0,0,0,0,0,0,0,0,22161,"NEBULOSAS, RUA",62635,"CAIFAZES, RUA DOS",75,"SAO MATEUS",1,0,"NEBULOSAS, RUA SAO PAULO SP &  CAIFAZES, RUA DOS SAO PAULO SP",-23.6114208,-46.4657272
"2269","D021301673",76094,"MANUEL ANDRE, RUA",NA,"",192,"","09/02/2013 19:15",2,"CL",49,3219," "," ",1,1,0,0,0,0,0,0,0,0,0,0,0,0,0,0,0,76094,"MANUEL ANDRE, RUA",NA,"",55,"MORUMBI",1,0,"MANUEL ANDRE, RUA 192 SAO PAULO SP",-23.5422033,-46.5092007
"2270","D021300506",12597,"RUBENS DE SOUZA ARAUJO, RUA",NA,"",648,"","09/02/2013 20:10",2,"CO",33,1237," "," ",2,0,0,0,0,0,0,0,0,0,0,0,0,0,0,0,0,12597,"RUBENS DE SOUZA ARAUJO, RUA",NA,"",73,"SAO DOMINGOS",1,0,"RUBENS DE SOUZA ARAUJO, RUA 648 SAO PAULO SP",-23.5033298,-46.7455038
"2271","D021300606",38673,"GONCALO ALDANA, RUA",NA,"",6,"","09/02/2013 20:20",4,"AT",46,1242," "," ",0,0,0,0,0,0,0,0,0,0,0,0,0,0,0,1,0,38673,"GONCALO ALDANA, RUA",NA,"",22,"CIDADE ADEMAR",1,0,"GONCALO ALDANA, RUA 6 SAO PAULO SP",-23.4492613,-46.7567706
"2272","D021301770",44674,"MARA ROSA, RUA",NA,"",100,"","09/02/2013 21:06",2,"CO",69,1368," "," ",0,1,0,0,0,0,0,0,0,0,0,0,0,0,0,1,0,44674,"MARA ROSA, RUA",NA,"",78,"SAPOPEMBA",2,0,"MARA ROSA, RUA 100 SAO PAULO SP",-23.5973167,-46.5067489
"2273","D021300994",9512,"ITAMONTE, RUA",NA,"",639,"","09/02/2013 21:15",2,"CF",73,1241," "," ",3,0,0,0,0,0,0,0,0,0,0,0,0,0,0,0,0,9512,"ITAMONTE, RUA",NA,"",94,"VILA MEDEIROS",1,0,"ITAMONTE, RUA 639 SAO PAULO SP",-23.4909093,-46.5804659
"2274","D021300113",9148,"INDEPENDENCIA (CAMBUCI), RUA DA",NA,"",689,"","09/02/2013 21:21",2,"QM",6,1020," "," ",0,1,0,0,0,0,0,0,0,0,0,0,0,0,0,0,0,9148,"INDEPENDENCIA (CAMBUCI), RUA DA",NA,"",14,"CAMBUCI",2,0,"INDEPENDENCIA (CAMBUCI), RUA DA 689 SAO PAULO SP",-23.5628704,-46.6211166
"2275","D021300847",3153,"BENEDITO ESTEVAM DOS SANTOS, AV DR",NA,"",1662,"","09/02/2013 21:30",4,"AT",19,1243," "," ",1,0,0,0,0,0,0,0,0,0,0,0,0,0,0,0,0,3153,"BENEDITO ESTEVAM DOS SANTOS, AV DR",NA,"",91,"VILA MARIA",1,0,"BENEDITO ESTEVAM DOS SANTOS, AV DR 1662 SAO PAULO SP",-23.4952998,-46.579898
"2276","D021300793",5204,"CONCEICAO (ES.), AV",10622,"JOAQUINA RAMALHO, AV",0,"","09/02/2013 21:30",2,"CO",9,1440," "," ",3,0,0,0,0,0,0,0,0,0,0,0,0,0,0,0,0,5204,"CONCEICAO (ES.), AV",10622,"JOAQUINA RAMALHO, AV",88,"VILA GUILHERME",1,0,"CONCEICAO (ES.), AV SAO PAULO SP &  JOAQUINA RAMALHO, AV SAO PAULO SP",-20.6410574,-40.5128593
"2277","D021300219",6013,"DOMINGOS DE MORAIS, RUA",16035,"PELEJA, RUA OUVID",0,"","09/02/2013 21:52",2,"CO",16,1853," "," ",0,2,0,0,0,0,0,0,0,0,0,0,0,0,0,0,0,833,"ALTINO ARANTES, AV DR",6013,"DOMINGOS DE MORAIS, RUA",79,"SAUDE",1,0,"DOMINGOS DE MORAIS, RUA SAO PAULO SP &  PELEJA, RUA OUVID SAO PAULO SP",-23.591806,-46.6362643
"2278","D021300997",42220,"USHIKICHI KAMYIA, RUA",NA,"",1036,"","09/02/2013 23:00",2,"CO",73,1418,"B"," ",2,1,0,0,0,0,0,0,0,0,0,0,0,0,0,0,0,42220,"USHIKICHI KAMYIA, RUA",NA,"",38,"JACANA",2,0,"USHIKICHI KAMYIA, RUA 1036 SAO PAULO SP",-23.4390605,-46.5870999
"2279","D021300589",16339,"CARLOS LACERDA, AV",NA,"",1051,"","09/02/2013 23:00",4,"AT",37,1725," "," ",0,0,0,0,0,0,0,0,0,0,0,0,0,0,0,1,0,16339,"CARLOS LACERDA, AV",NA,"",29,"FREGUESIA DO O",1,0,"CARLOS LACERDA, AV 1051 SAO PAULO SP",-23.6392954,-46.7798087
"2280","D021301405",3509,"BELMIRA MARIN, AV DONA",NA,"",2243,"","09/02/2013 23:20",4,"AT",101,1008,"B"," ",0,0,0,0,0,0,0,1,0,0,0,0,0,0,0,0,0,3509,"BELMIRA MARIN, AV DONA",NA,"",30,"GRAJAU",1,0,"BELMIRA MARIN, AV DONA 2243 SAO PAULO SP",-23.7485929,-46.6874711
"2281","D021301045",4128,"CANGAIBA, AV",13918,"MIGUEL GARCIA, RUA",0,"","09/02/2013 23:21",4,"AT",10,1616," "," ",1,0,0,0,0,0,0,0,0,0,0,0,0,0,0,0,0,4128,"CANGAIBA, AV",13918,"MIGUEL GARCIA, RUA",18,"CANGAIBA",1,0,"CANGAIBA, AV SAO PAULO SP &  MIGUEL GARCIA, RUA SAO PAULO SP",-23.5109823,-46.5426667
"2282","D021300425",18813,"TEODORO SAMPAIO, RUA",NA,"",1700,"","09/02/2013 23:40",4,"AT",14,1279," "," ",0,0,0,0,0,0,0,1,0,0,0,0,0,0,0,0,0,18813,"TEODORO SAMPAIO, RUA",NA,"",20,"CARRAO",1,0,"TEODORO SAMPAIO, RUA 1700 SAO PAULO SP",-23.5622507,-46.6853554
"2283","D021301069",15304,"PAES DE BARROS, AV",NA,"",2880,"","10/02/2013 00:05",2,"CH",18,850," "," ",1,0,0,0,0,0,0,0,0,0,0,0,0,0,0,0,0,15304,"PAES DE BARROS, AV",NA,"",16,"CAMPO GRANDE",3,0,"PAES DE BARROS, AV 2880 SAO PAULO SP",-23.5758116,-46.5873525
"2284","D021301621",14788,"ANTONIO NETO CALDEIRA, RUA",9134,"INCONFIDENCIA MINEIRA, AV",0,"","10/02/2013 00:10",2,"SI",41,1373," "," ",1,0,0,0,0,0,0,0,0,0,0,0,0,0,0,0,0,9134,"INCONFIDENCIA MINEIRA, AV",14788,"ANTONIO NETO CALDEIRA, RUA",4,"ARICANDUVA",2,0,"ANTONIO NETO CALDEIRA, RUA SAO PAULO SP &  INCONFIDENCIA MINEIRA, AV SAO PAULO SP",-23.5748539,-46.5170525
"2285","D021300349",11562,"LAGRIMAS, ES DAS",NA,"",814,"","10/02/2013 00:48",4,"AT",95,666," "," ",0,1,0,0,0,0,0,0,0,0,0,0,0,0,0,0,0,11562,"LAGRIMAS, ES DAS",NA,"",69,"SACOMA",2,0,"LAGRIMAS, ES DAS 814 SAO PAULO SP",-23.5505199,-46.6333094
"2286","D021300355",11562,"LAGRIMAS, ES DAS",NA,"",814,"","10/02/2013 00:48",4,"AT",95,1137," "," ",0,1,0,0,0,0,0,0,0,0,0,0,0,0,0,0,0,11562,"LAGRIMAS, ES DAS",NA,"",69,"SACOMA",1,0,"LAGRIMAS, ES DAS 814 SAO PAULO SP",-23.5505199,-46.6333094
"2287","D021301247",98930,"JOSE INACIO MARQUEZ, RUA",NA,"",77,"","10/02/2013 01:00",4,"AT",25,792," "," ",0,1,0,0,0,0,0,0,0,0,0,0,0,0,0,0,0,98930,"JOSE INACIO MARQUEZ, RUA",NA,"",30,"GRAJAU",2,0,"JOSE INACIO MARQUEZ, RUA 77 SAO PAULO SP",-23.7791016,-46.6831309
"2288","D021300998",6224,"EDU CHAVES, AV",NA,"",1720,"","10/02/2013 03:00",2,"CO",73,1434," "," ",1,0,0,0,0,0,0,0,0,0,0,1,0,0,0,0,0,6224,"EDU CHAVES, AV",NA,"",38,"JACANA",1,0,"EDU CHAVES, AV 1720 SAO PAULO SP",-23.4818473,-46.5664042
"2289","D021301019",16838,"RAIMUNDO PEREIRA DE MAGAL., AV",NA,"",11823,"","10/02/2013 05:00",2,"CO",74,1222," "," ",1,1,0,0,0,0,0,0,0,0,0,0,0,0,0,0,0,16838,"RAIMUNDO PEREIRA DE MAGAL., AV",NA,"",31,"GUAIANASES",1,0,"RAIMUNDO PEREIRA DE MAGAL., AV 11823 SAO PAULO SP",-23.4386796,-46.7215212
"2291","D021301627",60440,"ALFREDO SILVEIRA, RUA",NA,"",160,"","10/02/2013 05:30",2,"CH",41,900013," "," ",1,0,0,0,0,0,0,0,0,0,0,0,0,0,0,0,0,60440,"ALFREDO SILVEIRA, RUA",NA,"",27,"CURSINO",2,0,"ALFREDO SILVEIRA, RUA 160 SAO PAULO SP",-23.5840338,-46.513019
"2293","D021300951",21310,"ANTONIO MARIA LAET, AV DR",11680,"LEAO PERUCHE, RUA PDE",0,"","10/02/2013 05:30",2,"CO",39,1421," "," ",0,1,0,0,0,0,0,0,0,0,0,1,0,0,0,0,0,11680,"LEAO PERUCHE, RUA PDE",21310,"ANTONIO MARIA LAET, AV DR",84,"TUCURUVI",1,0,"ANTONIO MARIA LAET, AV DR SAO PAULO SP &  LEAO PERUCHE, RUA PDE SAO PAULO SP",-23.478224,-46.6024661
"2294","D021300723",11780,"LEOPOLDINA, AV IMP",13854,"MERGENTHALER, RUA",0,"","10/02/2013 06:25",2,"CO",91,989," "," ",1,1,0,0,0,0,0,0,0,0,0,0,0,0,0,0,0,11780,"LEOPOLDINA, AV IMP",13854,"MERGENTHALER, RUA",90,"VILA LEOPOLDINA",2,0,"LEOPOLDINA, AV IMP SAO PAULO SP &  MERGENTHALER, RUA SAO PAULO SP",-23.5505199,-46.6333094
"2295","D021300900",15188,"OTAVIANO ALVES DE LIMA, AV",NA,"",4382,"","10/02/2013 06:58",2,"CH",28,1464," "," ",1,0,0,0,0,0,0,0,0,0,0,0,0,0,0,0,0,29772,"MARGINAL DO RIO TIETE, AV",NA,"",23,"CIDADE DUTRA",2,0,"OTAVIANO ALVES DE LIMA, AV 4382 SAO PAULO SP",-23.5076035,-46.6921131
"2296","D021301786",17824,"SAPOPEMBA, AV",22241,"EGIDIO ALVES DA COSTA, RUA",0,"","10/02/2013 07:12",2,"CT",70,1387," "," ",2,0,0,0,0,0,0,0,0,0,0,0,0,0,0,0,0,17824,"SAPOPEMBA, AV",22241,"EGIDIO ALVES DA COSTA, RUA",NA,"",2,0,"SAPOPEMBA, AV SAO PAULO SP &  EGIDIO ALVES DA COSTA, RUA SAO PAULO SP",-23.6148326,-46.5024993
"2297","D021301263",34128,"JOAO DE LUCA, AV VER",NA,"",1741,"","10/02/2013 07:33",2,"CO",43,900019," "," ",1,1,0,0,0,0,0,0,0,0,0,0,0,0,0,0,0,34128,"JOAO DE LUCA, AV VER",NA,"",42,"JARDIM ANGELA",1,0,"JOAO DE LUCA, AV VER 1741 SAO PAULO SP",-23.6574121,-46.6645454
"2298","D021300870",3813,"CAETANO ALVARES, AV ENG",NA,"",5746,"","10/02/2013 08:00",2,"CO",20,1451," "," ",1,0,0,0,1,0,0,0,0,0,0,0,0,0,0,0,0,3813,"CAETANO ALVARES, AV ENG",NA,"",21,"CASA VERDE",1,0,"CAETANO ALVARES, AV ENG 5746 SAO PAULO SP",-23.4831194,-46.6342918
"2299","D021301305",38463,"SCHMIDT, ES DO",NA,"",485,"","10/02/2013 08:41",2,"CF",85,1019," "," ",1,0,1,0,0,0,0,0,0,0,0,0,0,0,0,0,0,38463,"SCHMIDT, ES DO",NA,"",32,"IGUATEMI",3,0,"SCHMIDT, ES DO 485 SAO PAULO SP",-23.5505199,-46.6333094
"2301","D021300972",45034,"CELSO GILBERTO DE OLIVEIRA, PC",34562,"JOAO PAULO I, AV",0,"","10/02/2013 09:30",2,"CO",45,1234," "," ",2,0,0,0,0,0,0,0,0,0,0,0,0,0,0,0,0,34562,"JOAO PAULO I, AV",45034,"CELSO GILBERTO DE OLIVEIRA, PC",11,"BRASILANDIA",3,0,"CELSO GILBERTO DE OLIVEIRA, PC SAO PAULO SP &  JOAO PAULO I, AV SAO PAULO SP",-23.474024,-46.6839851
"2303","D021301314",70322,"CANDIDO JOSE XAVIER, AV",NA,"",109,"","10/02/2013 12:02",2,"CO",92,910," "," ",1,0,0,0,1,0,0,0,0,0,0,0,0,0,0,0,0,70322,"CANDIDO JOSE XAVIER, AV",NA,"",32,"IGUATEMI",1,0,"CANDIDO JOSE XAVIER, AV 109 SAO PAULO SP",-23.6616467,-46.753184
"2304","D021301744",2181,"ARICANDUVA, AV",NA,"",5535,"","10/02/2013 13:00",2,"CO",66,879," "," ",0,0,1,0,1,0,0,0,0,0,0,0,0,0,0,0,0,2181,"ARICANDUVA, AV",NA,"",60,"PENHA",1,0,"ARICANDUVA, AV 5535 SAO PAULO SP",-23.561081,-46.5113375
"2305","D021301566",3994,"CAMPANELLA, AV",NA,"",600,"","10/02/2013 13:00",2,"CO",64,1475," "," ",2,1,0,0,0,0,0,0,0,0,0,0,0,0,0,0,0,3994,"CAMPANELLA, AV",NA,"",36,"ITAQUERA",1,0,"CAMPANELLA, AV 600 SAO PAULO SP",-23.5363816,-46.4687434
"2306","D021301585",9580,"ITAQUERA, AV",11830,"LIDER, AV",0,"","10/02/2013 13:30",2,"CF",65,1051," "," ",1,1,0,0,0,0,0,0,0,0,0,0,0,0,0,0,0,9580,"ITAQUERA, AV",11830,"LIDER, AV",24,"CIDADE LIDER",2,0,"ITAQUERA, AV SAO PAULO SP &  LIDER, AV SAO PAULO SP",-23.5540176,-46.4897549
"2307","D021301070",15304,"PAES DE BARROS, AV",11265,"JUVENTUS, RUA",0,"","10/02/2013 13:54",2,"CT",18,861," "," ",1,1,0,0,0,0,0,0,0,0,0,0,0,0,0,0,0,11265,"JUVENTUS, RUA",15304,"PAES DE BARROS, AV",54,"MOOCA",1,0,"PAES DE BARROS, AV SAO PAULO SP &  JUVENTUS, RUA SAO PAULO SP",-23.5743005,-46.5876557
"2309","D021301161",8827,"HONORIO MAIA, RUA",20880,"AIAMA, RUA",0,"","10/02/2013 14:42",2,"CH",52,1635," "," ",0,1,0,0,0,0,0,0,0,0,0,0,0,0,0,0,0,8827,"HONORIO MAIA, RUA",20880,"AIAMA, RUA",82,"TATUAPE",2,0,"HONORIO MAIA, RUA SAO PAULO SP &  AIAMA, RUA SAO PAULO SP",-23.5344023,-46.5577093
"2310","D021301259",41079,"LUIGI PALMA, PCA",NA,"",2000,"","10/02/2013 15:25",4,"AT",43,1576," "," ",1,0,0,0,0,0,0,0,0,0,0,0,0,0,0,0,0,41079,"LUIGI PALMA, PCA",NA,"",29,"FREGUESIA DO O",1,0,"LUIGI PALMA, PCA 2000 SAO PAULO SP",-23.6609159,-46.6631344
"2311","D021300678",7365,"FRANCISCO BRAGA, RUA",NA,"",259,"","10/02/2013 15:28",4,"AT",87,1262," "," ",0,1,0,0,0,0,0,0,0,0,0,0,0,0,0,0,0,7365,"FRANCISCO BRAGA, RUA",NA,"",64,"PIRITUBA",1,0,"FRANCISCO BRAGA, RUA 259 SAO PAULO SP",-23.4877772,-46.7157255
"2312","D021301848",7365,"FRANCISCO BRAGA, RUA",NA,"",259,"","10/02/2013 15:28",4,"AT",14,2229," "," ",0,1,0,0,0,0,0,0,0,0,0,0,0,0,0,0,0,7365,"FRANCISCO BRAGA, RUA",NA,"",64,"PIRITUBA",0,1,"FRANCISCO BRAGA, RUA 259 SAO PAULO SP",-23.4877772,-46.7157255
"2313","D021301515",62102,"SOL DA MEIA NOITE, RUA",NA,"",885,"","10/02/2013 15:50",2,"CO",59,1768," "," ",0,1,0,0,1,0,0,0,0,0,0,0,0,0,0,0,0,62102,"SOL DA MEIA NOITE, RUA",NA,"",43,"JARDIM HELENA",2,0,"SOL DA MEIA NOITE, RUA 885 SAO PAULO SP",-23.4852778,-46.4129748
"2315","D021300977",3771,"INAJAR DE SOUZA, AV",NA,"",3028,"","10/02/2013 17:40",2,"CT",72,1292," "," ",2,0,0,0,0,0,0,0,0,0,0,0,0,0,0,0,0,3771,"INAJAR DE SOUZA, AV",NA,"",50,"LIMAO",1,0,"INAJAR DE SOUZA, AV 3028 SAO PAULO SP",-23.482333,-46.6763751
"2318","D021301547",2429,"ASSIS RIBEIRO, RUA DR",NA,"",8760,"","10/02/2013 21:00",4,"AT",63,994," "," ",1,0,0,0,0,0,0,0,0,0,0,0,0,0,0,0,0,2429,"ASSIS RIBEIRO, RUA DR",NA,"",28,"ERMELINO MATARA",1,0,"ASSIS RIBEIRO, RUA DR 8760 SAO PAULO SP",-23.4837288,-46.4738419
"2319","D021300427",16686,"PURPURINA, RUA",7106,"FIDALGA, RUA",0,"","10/02/2013 21:05",4,"AT",14,1294," "," ",1,0,0,0,0,0,0,0,0,0,0,0,0,0,0,0,0,7106,"FIDALGA, RUA",16686,"PURPURINA, RUA",63,"PINHEIROS",1,0,"PURPURINA, RUA SAO PAULO SP &  FIDALGA, RUA SAO PAULO SP",-23.5543413,-46.6922211
"2320","D021301157",3816,"CAETANO DE CAMPOS, RUA",NA,"",191,"","10/02/2013 21:30",2,"CO",52,879," "," ",0,2,0,0,0,0,0,0,0,0,0,0,0,0,0,0,0,3816,"CAETANO DE CAMPOS, RUA",NA,"",82,"TATUAPE",1,0,"CAETANO DE CAMPOS, RUA 191 SAO PAULO SP",-23.5274568,-46.5601638
"2321","D021301601",70063,"CABRAL DE ATAIDE, RUA",NA,"",189,"","10/02/2013 21:35",2,"CO",68,1767," "," ",0,1,0,0,0,0,0,0,0,0,0,1,0,0,0,0,0,70063,"CABRAL DE ATAIDE, RUA",NA,"",50,"LIMAO",2,0,"CABRAL DE ATAIDE, RUA 189 SAO PAULO SP",-23.5396976,-46.3976424
"2322","D021300973",17554,"SABAO, ES DO",NA,"",1494,"","10/02/2013 21:45",2,"CO",45,1248," "," ",1,1,0,0,0,0,0,0,0,0,0,0,0,0,0,0,0,17554,"SABAO, ES DO",NA,"",40,"JAGUARE",1,0,"SABAO, ES DO 1494 SAO PAULO SP",-23.5505199,-46.6333094
"2323","D021300428",2149,"ARCOVERDE, RUA CARD",15114,"OSCAR FREIRE, RUA",0,"","10/02/2013 21:45",2,"CH",14,1296," "," ",1,1,0,0,0,0,0,0,0,0,0,1,0,0,0,0,0,2149,"ARCOVERDE, RUA CARD",15114,"OSCAR FREIRE, RUA",44,"JARDIM PAULISTA",1,0,"ARCOVERDE, RUA CARD SAO PAULO SP &  OSCAR FREIRE, RUA SAO PAULO SP",-23.5692822,-46.694879