"","id_acidente","codloga","logradouroA","codlogb","logradouroB","alt_num","referencia","data","cod_acid","tipo_acidente","dp","numero_BO","sentido","pista","automovel","moto","onibus","caminhao","bicicleta","moto_taxi","onibus_fretado","onibus_urbano","microonibus","van","vuc","caminhonete","carreta","jipe","outros","sem_informacao","carroca","princ_a","paiA","princ_b","paiB","cod_distrito","distrito","vit_ferida","vit_morta","local","lat","lon"
"2405","D021301531",21253,"AGUIA DE HAIA, AV",16490,"PONTE RASA, RUA",0,"","12/02/2013 16:35",2,"CO",62,1225," "," ",1,1,0,0,0,0,0,0,0,0,0,0,0,0,0,0,0,16490,"PONTE RASA, RUA",21253,"AGUIA DE HAIA, AV",65,"PONTE RASA",1,0,"AGUIA DE HAIA, AV SAO PAULO SP &  PONTE RASA, RUA SAO PAULO SP",-23.5069379,-46.4780241
"2406","D021300862",18151,"SEZEFREDO FAGUNDES, AV CEL",NA,"",3000,"","12/02/2013 16:40",2,"CO",20,1319," "," ",1,1,0,0,0,0,0,0,0,0,0,0,0,0,0,0,0,18151,"SEZEFREDO FAGUNDES, AV CEL",NA,"",22,"CIDADE ADEMAR",2,0,"SEZEFREDO FAGUNDES, AV CEL 3000 SAO PAULO SP",-23.4318789,-46.5942184
"2407","D021300914",9170,"INES, AV STA",NA,"",881,"","12/02/2013 17:00",2,"CO",38,751," "," ",1,1,0,0,0,0,0,0,0,0,0,0,0,0,0,0,0,9170,"INES, AV STA",NA,"",51,"MANDAQUI",1,0,"INES, AV STA 881 SAO PAULO SP",-23.4718428,-46.6300803
"2408","D021301113",27094,"SALIM FARAH MALUF, AV",NA,"",1500,"","12/02/2013 17:15",2,"QM",30,794," "," ",0,1,0,0,0,0,0,0,0,0,0,0,0,0,0,0,0,27094,"SALIM FARAH MALUF, AV",NA,"",82,"TATUAPE",1,0,"SALIM FARAH MALUF, AV 1500 SAO PAULO SP",-23.5323231,-46.5835292
"2409","D021301406",2888,"BARRO BRANCO, ES DO",NA,"",2060,"","12/02/2013 17:20",2,"CF",101,1187," "," ",0,2,0,0,0,0,0,0,0,0,0,0,0,0,0,0,0,2888,"BARRO BRANCO, ES DO",NA,"",30,"GRAJAU",1,0,"BARRO BRANCO, ES DO 2060 SAO PAULO SP",-23.5505199,-46.6333094
"2410","D021300913",13374,"MARIANA CALIGIORI RONCHETTI, AV",NA,"",716,"","12/02/2013 17:30",2,"CO",38,746," "," ",1,1,0,0,0,0,0,0,0,0,0,0,0,0,0,0,0,13374,"MARIANA CALIGIORI RONCHETTI, AV",NA,"",13,"CACHOEIRINHA",1,0,"MARIANA CALIGIORI RONCHETTI, AV 716 SAO PAULO SP",-23.4596604,-46.6564072
"2411","D021301046",7703,"GABRIELA MISTRAL, AV",NA,"",1348,"","12/02/2013 17:38",2,"CO",10,1695," "," ",0,1,0,0,1,0,0,0,0,0,0,0,0,0,0,0,0,7703,"GABRIELA MISTRAL, AV",NA,"",60,"PENHA",2,0,"GABRIELA MISTRAL, AV 1348 SAO PAULO SP",-23.5090854,-46.5507866
"2412","D021301440",2218,"ARLINDO COLACO, RUA",NA,"",383,"","12/02/2013 18:05",4,"AT",22,1093," "," ",0,0,1,0,0,0,0,0,0,0,0,0,0,0,0,0,0,2218,"ARLINDO COLACO, RUA",NA,"",76,"SAO MIGUEL",1,0,"ARLINDO COLACO, RUA 383 SAO PAULO SP",-23.4921316,-46.4405393
"2413","D021300860",14767,"NOVA CANTAREIRA, AV",66321,"BENTO ARAUJO, RUA",0,"","12/02/2013 18:15",2,"CO",20,1186," "," ",1,0,0,0,1,0,0,0,0,0,0,0,0,0,0,0,0,14767,"NOVA CANTAREIRA, AV",66321,"BENTO ARAUJO, RUA",84,"TUCURUVI",1,0,"NOVA CANTAREIRA, AV SAO PAULO SP &  BENTO ARAUJO, RUA SAO PAULO SP",-23.4664409,-46.6160571
"2414","D021301047",4128,"CANGAIBA, AV",NA,"",2048,"","12/02/2013 18:23",2,"CH",10,1704," "," ",2,0,0,0,0,0,0,0,0,0,0,0,0,0,0,0,0,4128,"CANGAIBA, AV",NA,"",18,"CANGAIBA",1,0,"CANGAIBA, AV 2048 SAO PAULO SP",-23.5081468,-46.5353907
"2416","D021301347",61009,"BENTO JOSE DE MORAES, RUA",6262,"EDUARDO PEREIRA RAMOS, AV",0,"","12/02/2013 18:51",2,"QM",98,1658," "," ",0,1,0,0,0,0,0,0,0,0,0,0,0,0,0,0,0,6262,"EDUARDO PEREIRA RAMOS, AV",61009,"BENTO JOSE DE MORAES, RUA",22,"CIDADE ADEMAR",1,0,"BENTO JOSE DE MORAES, RUA SAO PAULO SP &  EDUARDO PEREIRA RAMOS, AV SAO PAULO SP",-23.6884648,-46.6635926
"2417","D021300693",8000,"GIOVANNI GRONCHI, AV",NA,"",4559,"","12/02/2013 19:00",2,"CH",89,1143," "," ",0,0,0,0,0,0,0,0,0,0,0,1,0,0,0,0,0,8000,"GIOVANNI GRONCHI, AV",NA,"",55,"MORUMBI",1,0,"GIOVANNI GRONCHI, AV 4559 SAO PAULO SP",-23.6203407,-46.733198
"2418","D021300694",919,"ALVES DOS SANTOS, RUA",NA,"",66,"","12/02/2013 19:07",2,"CO",89,1144," "," ",1,0,1,0,0,0,0,0,0,0,0,0,0,0,0,0,0,919,"ALVES DOS SANTOS, RUA",NA,"",96,"VILA SONIA",2,0,"ALVES DOS SANTOS, RUA 66 SAO PAULO SP",-23.4854492,-46.378039
"2419","D021300141",541,"ALCANTARA, RUA",NA,"",2180,"","12/02/2013 19:10",4,"AT",8,1338," "," ",1,0,0,0,0,0,0,0,0,0,0,0,0,0,0,0,0,541,"ALCANTARA, RUA",NA,"",88,"VILA GUILHERME",1,0,"ALCANTARA, RUA 2180 SAO PAULO SP",-23.5489927,-46.6039012
"2420","D021300357",18173,"SILVA CASTRO, RUA CEL",NA,"",133,"","12/02/2013 19:20",2,"CO",95,1226," "," ",1,1,0,0,0,0,0,0,0,0,0,0,0,0,0,0,0,18173,"SILVA CASTRO, RUA CEL",NA,"",18,"CANGAIBA",2,0,"SILVA CASTRO, RUA CEL 133 SAO PAULO SP",-23.6041299,-46.5970052
"2421","D021300315",15378,"CIDADE DE BAGDA, RUA",NA,"",751,"","12/02/2013 19:30",2,"CL",35,1923," "," ",1,1,0,0,0,0,0,0,0,0,0,0,0,0,0,0,0,15378,"CIDADE DE BAGDA, RUA",NA,"",42,"JARDIM ANGELA",2,0,"CIDADE DE BAGDA, RUA 751 SAO PAULO SP",-23.6579045,-46.6550767
"2422","D021300114",120,"ACLIMACAO, AV DA",17873,"SATURNO, RUA",0,"","12/02/2013 19:40",2,"CO",6,1094," "," ",1,1,0,0,0,0,0,0,0,0,0,0,0,0,0,0,0,120,"ACLIMACAO, AV DA",17873,"SATURNO, RUA",49,"LIBERDADE",1,0,"ACLIMACAO, AV DA SAO PAULO SP &  SATURNO, RUA SAO PAULO SP",-23.569976,-46.6326207
"2423","D021301535",16490,"PONTE RASA, RUA",NA,"",1204,"","12/02/2013 19:45",2,"CF",62,1552," "," ",1,1,0,0,0,0,0,0,0,0,0,0,0,0,0,0,0,16490,"PONTE RASA, RUA",NA,"",0,"NULL",1,0,"PONTE RASA, RUA 1204 SAO PAULO SP",-23.514163,-46.4796715
"2424","D021301727",14330,"MURITIBA, AV BRA DE",NA,"",728,"","12/02/2013 20:18",2,"CO",55,2506," "," ",1,1,0,0,0,0,0,0,0,0,0,0,0,0,0,0,0,14330,"MURITIBA, AV BRA DE",NA,"",51,"MANDAQUI",1,0,"MURITIBA, AV BRA DE 728 SAO PAULO SP",-23.6294015,-46.470594
"2425","D021300863",3813,"CAETANO ALVARES, AV ENG",NA,"",5000,"","12/02/2013 21:00",2,"CO",20,1323," "," ",1,0,0,0,1,0,0,0,0,0,0,0,0,0,0,0,0,3813,"CAETANO ALVARES, AV ENG",NA,"",21,"CASA VERDE",1,0,"CAETANO ALVARES, AV ENG 5000 SAO PAULO SP",-23.4865638,-46.6400137
"2426","D021300268",10076,"JESUINO MACIEL, RUA DR",19179,"TRIUNFO, RUA BR DO",0,"","12/02/2013 21:00",2,"CO",27,1492,"B"," ",0,1,0,1,0,0,0,0,0,0,0,0,0,0,0,0,0,10076,"JESUINO MACIEL, RUA DR",19179,"TRIUNFO, RUA BR DO",15,"CAMPO BELO",1,0,"JESUINO MACIEL, RUA DR SAO PAULO SP &  TRIUNFO, RUA BR DO SAO PAULO SP",-23.6241495,-46.6660284
"2427","D021301456",10025,"JAIME TORRES, AV",NA,"",833,"","12/02/2013 21:51",2,"CF",24,1557," "," ",2,0,0,0,0,0,0,0,0,0,0,0,0,0,0,0,0,10025,"JAIME TORRES, AV",NA,"",65,"PONTE RASA",1,0,"JAIME TORRES, AV 833 SAO PAULO SP",-23.5158222,-46.505312
"2428","D021301623",17135,"RIO DAS PEDRAS, AV",NA,"",3556,"","12/02/2013 22:10",4,"AT",41,1453," "," ",0,0,0,0,0,0,0,0,0,0,0,0,0,0,0,1,0,17135,"RIO DAS PEDRAS, AV",NA,"",27,"CURSINO",1,0,"RIO DAS PEDRAS, AV 3556 SAO PAULO SP",-23.5812378,-46.498693
"2429","D021301071",11265,"JUVENTUS, RUA",NA,"",490,"","12/02/2013 22:24",2,"CO",18,908," "," ",1,1,0,0,0,0,0,0,0,0,0,0,0,0,0,0,0,11265,"JUVENTUS, RUA",NA,"",54,"MOOCA",1,0,"JUVENTUS, RUA 490 SAO PAULO SP",-23.5713198,-46.590318
"2430","D021300906",1665,"ANTONIO DE COUROS, RUA",NA,"",335,"","12/02/2013 22:30",2,"SI",28,900023," "," ",2,0,0,0,0,0,0,0,0,0,0,0,0,0,0,0,0,1665,"ANTONIO DE COUROS, RUA",NA,"",29,"FREGUESIA DO O",4,0,"ANTONIO DE COUROS, RUA 335 SAO PAULO SP",-23.4986312,-46.6889477
"2431","D021300791",14270,"MORVAN DIAS DE FIGUEIREDO, AV",NA,"",3000,"","12/02/2013 22:30",2,"QM",9,1327," "," ",0,1,0,0,0,0,0,0,0,0,0,0,0,0,0,0,0,29772,"MARGINAL DO RIO TIETE, AV",NA,"",0,"NULL",1,0,"MORVAN DIAS DE FIGUEIREDO, AV 3000 SAO PAULO SP",-23.5225182,-46.6022999
"2432","D021301748",23826,"CAETANO BASSO, RUA",NA,"",5,"","12/02/2013 22:45",2,"CO",66,941," "," ",1,1,0,0,0,0,0,0,0,0,0,0,0,0,0,0,0,23826,"CAETANO BASSO, RUA",NA,"",38,"JACANA",1,0,"CAETANO BASSO, RUA 5 SAO PAULO SP",-23.5607764,-46.4891038
"2433","D021300592",9529,"ITAPECERICA, ES DE",NA,"",3914,"","12/02/2013 23:30",2,"QM",37,1755," "," ",0,1,0,0,0,0,0,0,0,0,0,0,0,0,0,0,0,9529,"ITAPECERICA, ES DE",NA,"",29,"FREGUESIA DO O",1,0,"ITAPECERICA, ES DE 3914 SAO PAULO SP",-23.5505199,-46.6333094
"2434","D021300350",5762,"DELAMARE, AV ALM",NA,"",1320,"","13/02/2013 02:00",2,"CT",95,680," "," ",0,2,0,0,0,0,0,0,0,0,0,0,0,0,0,0,0,5762,"DELAMARE, AV ALM",NA,"",33,"IPIRANGA",1,0,"DELAMARE, AV ALM 1320 SAO PAULO SP",-23.6083837,-46.5913774
"2435","D021301013",68431,"MANOEL BOLIVAR, AV",NA,"",285,"","13/02/2013 04:00",2,"CH",74,594," "," ",0,1,0,0,0,0,0,0,0,0,0,0,0,0,0,0,0,68431,"MANOEL BOLIVAR, AV",NA,"",40,"JAGUARE",3,0,"MANOEL BOLIVAR, AV 285 SAO PAULO SP",-23.4578188,-46.6995235
"2436","D021300734",38890,"ONOFRIO MILANO, AV",NA,"",506,"","13/02/2013 05:44",2,"CH",93,297," "," ",1,0,0,1,0,0,0,0,0,0,0,0,0,0,0,0,0,38890,"ONOFRIO MILANO, AV",NA,"",13,"CACHOEIRINHA",3,0,"ONOFRIO MILANO, AV 506 SAO PAULO SP",-23.5451378,-46.7402185
"2437","D021301492",79543,"CORNELIO DE ARZAO, RUA",NA,"",406,"","13/02/2013 06:54",2,"CO",50,1914," "," ",1,1,0,0,0,0,0,0,0,0,0,0,0,0,0,0,0,79543,"CORNELIO DE ARZAO, RUA",NA,"",35,"ITAIM PAULISTA",1,0,"CORNELIO DE ARZAO, RUA 406 SAO PAULO SP",-23.5171032,-46.39578
"2438","D021300532",18608,"TAJURAS, AV DOS",NA,"",104,"","13/02/2013 06:58",4,"AT",34,885," "," ",1,0,0,0,0,0,0,0,0,0,0,0,0,0,0,0,0,18608,"TAJURAS, AV DOS",NA,"",13,"CACHOEIRINHA",1,0,"TAJURAS, AV DOS 104 SAO PAULO SP",-23.5863901,-46.6966589
"2440","D021300812",20066,"ZILDA, RUA",30803,"ANTONIO VERA CRUZ, RUA",0,"","13/02/2013 07:30",2,"CO",13,1540," "," ",0,1,0,0,1,0,0,0,0,0,0,0,0,0,0,0,0,20066,"ZILDA, RUA",30803,"ANTONIO VERA CRUZ, RUA",21,"CASA VERDE",1,0,"ZILDA, RUA SAO PAULO SP &  ANTONIO VERA CRUZ, RUA SAO PAULO SP",-23.4940166,-46.6617848
"2441","D021301172",24338,"LUIZ IGNACIO ANHAIA MELLO, AV PROF",NA,"",1200,"","13/02/2013 07:37",2,"QD",56,914," "," ",0,0,1,0,0,0,0,0,0,0,0,0,0,0,0,0,0,24338,"LUIZ IGNACIO ANHAIA MELLO, AV PROF",NA,"",26,"CONSOLACAO",1,0,"LUIZ IGNACIO ANHAIA MELLO, AV PROF 1200 SAO PAULO SP",-23.5850952,-46.5819451
"2442","D021301507",17820,"TITO, AV MAL",NA,"",2813,"","13/02/2013 07:45",4,"AT",59,614," "," ",0,1,0,0,0,0,0,0,0,0,0,0,0,0,0,0,0,17820,"TITO, AV MAL",NA,"",53,"MOEMA",2,0,"TITO, AV MAL 2813 SAO PAULO SP",-23.4938168,-46.4184953
"2443","D021301329",19230,"NOVA DO TUPAROQUERA, RUA",NA,"",500,"","13/02/2013 08:00",2,"QM",92,1506," "," ",0,1,0,0,0,0,0,0,0,0,0,0,0,0,0,0,0,19230,"NOVA DO TUPAROQUERA, RUA",NA,"",32,"IGUATEMI",1,0,"NOVA DO TUPAROQUERA, RUA 500 SAO PAULO SP",-23.6606833,-46.7400686
"2444","D021300221",17455,"ROSAS, RUA DAS",12242,"LUIS GOIS, RUA",0,"","13/02/2013 08:20",2,"QD",16,1937," "," ",0,0,0,0,0,0,0,1,0,0,0,0,0,0,0,0,0,12242,"LUIS GOIS, RUA",19774,"VIOLETAS, RUA DAS",79,"SAUDE",1,0,"ROSAS, RUA DAS SAO PAULO SP &  LUIS GOIS, RUA SAO PAULO SP",-23.6072821,-46.6401389
"2445","D021301491",17820,"TITO, AV MAL",NA,"",6437,"","13/02/2013 08:40",2,"CF",50,1863," "," ",2,0,0,0,0,0,0,0,0,0,0,0,0,0,0,0,0,17820,"TITO, AV MAL",NA,"",53,"MOEMA",1,0,"TITO, AV MAL 6437 SAO PAULO SP",-23.490774,-46.3863811
"2446","D021301675",36318,"OSVALDO PUCCI, AV",36428,"FRANCISCO TRANCHESI, AV",0,"","13/02/2013 08:50",2,"CO",53,458," "," ",3,0,0,0,0,0,0,0,0,0,0,0,0,0,0,0,0,36318,"OSVALDO PUCCI, AV",36428,"FRANCISCO TRANCHESI, AV",NA,"",1,0,"OSVALDO PUCCI, AV SAO PAULO SP &  FRANCISCO TRANCHESI, AV SAO PAULO SP",-23.567444,-46.4632265
"2447","D021300269",31498,"ROBERTO MARINHO - ANT AGUA ESP, AV JORN",19931,"WASHINGTON LUIS, AV",0,"","13/02/2013 09:25",2,"CO",27,1501," "," ",1,1,0,0,0,0,0,0,0,0,0,0,0,0,0,0,0,19931,"WASHINGTON LUIS, AV",31498,"ROBERTO MARINHO - ANT AGUA ESP, AV JORN",15,"CAMPO BELO",1,0,"ROBERTO MARINHO - ANT AGUA ESP, AV JORN SAO PAULO SP &  WASHINGTON LUIS, AV SAO PAULO SP",-23.5505199,-46.6333094
"2448","D021301173",24338,"LUIZ IGNACIO ANHAIA MELLO, AV PROF",NA,"",1201,"","13/02/2013 09:30",2,"CO",56,919," "," ",1,1,0,1,0,0,0,0,0,0,0,0,0,0,0,0,0,24338,"LUIZ IGNACIO ANHAIA MELLO, AV PROF",NA,"",26,"CONSOLACAO",1,0,"LUIZ IGNACIO ANHAIA MELLO, AV PROF 1201 SAO PAULO SP",-23.5862066,-46.5897253
"2451","D021301834",919,"ALVES DOS SANTOS, RUA",NA,"",200,"","13/02/2013 11:00",4,"AT",89,201," "," ",1,0,0,0,0,0,0,0,0,0,0,0,0,0,0,0,0,919,"ALVES DOS SANTOS, RUA",NA,"",96,"VILA SONIA",0,1,"ALVES DOS SANTOS, RUA 200 SAO PAULO SP",-23.6108308,-46.7527318
"2452","D021300811",6515,"EPAMINONDAS MELO DO AMARAL, RUA",NA,"",1345,"","13/02/2013 12:32",4,"AT",13,1537," "," ",0,0,0,0,0,0,0,0,0,0,0,0,0,0,0,1,0,6515,"EPAMINONDAS MELO DO AMARAL, RUA",NA,"",21,"CASA VERDE",1,0,"EPAMINONDAS MELO DO AMARAL, RUA 1345 SAO PAULO SP",-23.4912308,-46.6584342
"2453","D021301448",2520,"AUGUSTO CORREA LEITE, RUA",NA,"",595,"","13/02/2013 12:40",2,"CH",24,366," "," ",2,0,0,0,0,0,0,0,0,0,0,0,0,0,0,0,0,2520,"AUGUSTO CORREA LEITE, RUA",NA,"",18,"CANGAIBA",1,0,"AUGUSTO CORREA LEITE, RUA 595 SAO PAULO SP",-23.4999003,-46.5163432
"2454","D021300627",12502,"MAGALHAES DE CASTRO, AV",NA,"",1089,"","13/02/2013 13:00",2,"CO",51,720," "," ",1,1,0,0,0,0,0,0,0,0,0,1,0,0,0,0,0,13014,"MARGINAL DO RIO PINHEIROS, AV",NA,"",12,"BUTANTA",1,0,"MAGALHAES DE CASTRO, AV 1089 SAO PAULO SP",-23.566474,-46.7047882
"2455","D021300132",543,"ALCANTARA MACHADO, AV",18184,"SILVA JARDIM, RUA",0,"","13/02/2013 13:19",2,"CO",8,1111," "," ",1,1,0,0,0,0,0,0,0,0,0,0,0,0,0,0,0,543,"ALCANTARA MACHADO, AV",18184,"SILVA JARDIM, RUA",8,"BELEM",1,0,"ALCANTARA MACHADO, AV SAO PAULO SP &  SILVA JARDIM, RUA SAO PAULO SP",-23.5528151,-46.613419
"2457","D021301616",6934,"FEIJO BITENCOURT, AV ENG",NA,"",481,"","13/02/2013 14:00",2,"CH",41,837," "," ",0,1,0,0,0,0,0,0,0,0,0,1,0,0,0,0,0,6934,"FEIJO BITENCOURT, AV ENG",NA,"",78,"SAPOPEMBA",1,0,"FEIJO BITENCOURT, AV ENG 481 SAO PAULO SP",-23.5865907,-46.5277715
"2459","D021300685",8000,"GIOVANNI GRONCHI, AV",535,"MANOEL ANTONIO PINTO, RUA",0,"","13/02/2013 14:00",2,"SI",89,906," "," ",0,1,0,0,0,0,0,0,0,0,0,0,0,0,0,0,0,8000,"GIOVANNI GRONCHI, AV",30384,"AFONSO DE OLIVEIRA SANTOS, RUA",55,"MORUMBI",2,0,"GIOVANNI GRONCHI, AV SAO PAULO SP &  MANOEL ANTONIO PINTO, RUA SAO PAULO SP",-23.6004501,-46.710515
"2460","D021300016",18556,"TABATINGUERA, RUA",1454,"ANITA GARIBALDI, RUA",0,"","13/02/2013 14:00",4,"AT",1,1184," "," ",1,0,0,0,0,0,0,0,0,0,0,0,0,0,0,0,0,7664,"FURTADO, RUA CONS",10376,"JOAO MENDES, PCA DR",80,"SE",1,0,"TABATINGUERA, RUA SAO PAULO SP &  ANITA GARIBALDI, RUA SAO PAULO SP",-23.5525003,-46.6293883
"2461","D021301135",18535,"SUZANA, RUA",14709,"MOISES CHAGAS DE LIRA, RUA",0,"","13/02/2013 15:00",2,"CL",42,559,"C"," ",1,0,0,0,0,0,0,0,0,0,0,1,0,0,0,0,0,14709,"MOISES CHAGAS DE LIRA, RUA",18535,"SUZANA, RUA",NA,"",1,0,"SUZANA, RUA SAO PAULO SP &  MOISES CHAGAS DE LIRA, RUA SAO PAULO SP",-23.5911368,-46.5602498
"2462","D021300813",14242,"MOREIRA DE BARROS, RUA CONS",NA,"",1240,"","13/02/2013 15:00",2,"CL",13,1579," "," ",2,0,0,0,0,0,0,0,0,0,0,0,0,0,0,0,0,14242,"MOREIRA DE BARROS, RUA CONS",NA,"",0,"NULL",1,0,"MOREIRA DE BARROS, RUA CONS 1240 SAO PAULO SP",-23.4911346,-46.6350142
"2463","D021300497",46890,"ALEXIOS JAFET (ESTR.CAMPINAS), AV",NA,"",10055,"","13/02/2013 15:20",2,"CO",33,768," "," ",1,1,0,0,0,0,0,0,0,0,0,0,0,0,0,0,0,46890,"ALEXIOS JAFET (ESTR.CAMPINAS), AV",NA,"",41,"JARAGUA",1,0,"ALEXIOS JAFET (ESTR.CAMPINAS), AV 10055 SAO PAULO SP",-22.9529437,-47.0678165
"2464","D021300942",9414,"ISRAEL VIEIRA FERREIRA, RUA REV",NA,"",840,"","13/02/2013 15:34",4,"AT",39,713,"B"," ",1,0,0,0,0,0,0,0,0,0,0,0,0,0,0,0,0,9414,"ISRAEL VIEIRA FERREIRA, RUA REV",NA,"",94,"VILA MEDEIROS",1,0,"ISRAEL VIEIRA FERREIRA, RUA REV 840 SAO PAULO SP",-22.9019241,-47.1068658
"2465","D021300386",8456,"GUIAN, RUA",NA,"",67,"","13/02/2013 16:00",2,"CO",97,435," "," ",0,1,0,0,1,0,0,0,0,0,0,0,0,0,0,0,0,8456,"GUIAN, RUA",NA,"",37,"JABAQUARA",2,0,"GUIAN, RUA 67 SAO PAULO SP",-23.6547184,-46.647486
"2466","D021301320",13357,"MARIA COELHO AGUIAR, AV",NA,"",517,"","13/02/2013 16:20",2,"CO",92,1039," "," ",0,1,0,1,0,0,0,0,0,0,0,0,0,0,0,0,0,13357,"MARIA COELHO AGUIAR, AV",NA,"",45,"JARDIM SAO LUIS",1,0,"MARIA COELHO AGUIAR, AV 517 SAO PAULO SP",-23.6497387,-46.7328749
"2467","D021300211",11958,"LOEFGREEN, RUA",14407,"NAPOLEAO DE BARROS, RUA",0,"","13/02/2013 16:27",2,"CO",16,843," "," ",1,1,0,0,0,0,0,0,0,0,0,0,0,0,0,0,0,11958,"LOEFGREEN, RUA",14407,"NAPOLEAO DE BARROS, RUA",92,"VILA MARIANA",1,0,"LOEFGREEN, RUA SAO PAULO SP &  NAPOLEAO DE BARROS, RUA SAO PAULO SP",-23.6220341,-46.5693528
"2468","D021301670",9044,"RAGUEB CHOHFI, AV",NA,"",1280,"","13/02/2013 16:30",2,"QD",49,2559," "," ",0,0,1,0,0,0,0,0,0,0,0,0,0,0,0,0,0,9044,"RAGUEB CHOHFI, AV",NA,"",32,"IGUATEMI",1,0,"RAGUEB CHOHFI, AV 1280 SAO PAULO SP",-23.6018535,-46.4703902
"2469","D021300119",6642,"ESTADO, AV DO",NA,"",6603,"","13/02/2013 16:30",2,"CL",6,1434," "," ",0,1,0,0,0,0,0,0,0,0,0,1,0,0,0,0,0,6642,"ESTADO, AV DO",NA,"",9,"BOM RETIRO",1,0,"ESTADO, AV DO 6603 SAO PAULO SP",-23.571343,-46.6044641
"2470","D021301252",5606,"CUPECE, AV",NA,"",1900,"","13/02/2013 16:52",2,"CO",43,616," "," ",2,0,0,0,0,0,0,0,0,0,0,0,0,0,0,0,0,5606,"CUPECE, AV",NA,"",22,"CIDADE ADEMAR",1,0,"CUPECE, AV 1900 SAO PAULO SP",-23.6601341,-46.6649225
"2473","D021301390",12403,"M'BOI MIRIM, ES",NA,"",9035,"","13/02/2013 18:15",2,"QM",100,896," "," ",0,1,0,0,0,0,0,0,0,0,0,0,0,0,0,0,0,12403,"M'BOI MIRIM, ES",NA,"",42,"JARDIM ANGELA",1,0,"M'BOI MIRIM, ES 9035 SAO PAULO SP",-23.5505199,-46.6333094
"2474","D021301004",42220,"USHIKICHI KAMYIA, RUA",NA,"",1132,"","13/02/2013 18:20",4,"AT",73,1547,"B"," ",0,1,0,0,0,0,0,0,0,0,0,0,0,0,0,0,0,42220,"USHIKICHI KAMYIA, RUA",NA,"",38,"JACANA",1,0,"USHIKICHI KAMYIA, RUA 1132 SAO PAULO SP",-23.4404508,-46.5767164
"2475","D021300222",26501,"JOSE MARIA WHITAKER, AV",NA,"",953,"","13/02/2013 18:40",2,"CO",16,1964," "," ",2,0,0,0,0,0,0,0,0,0,0,1,0,0,0,0,0,26501,"JOSE MARIA WHITAKER, AV",NA,"",21,"CASA VERDE",1,0,"JOSE MARIA WHITAKER, AV 953 SAO PAULO SP",-23.6089325,-46.646571
"2477","D021301260",16540,"DELFINO FACCHINA, RUA",NA,"",1340,"","13/02/2013 19:45",4,"AT",43,1707," "," ",1,0,0,0,0,0,0,0,0,0,0,0,0,0,0,0,0,16540,"DELFINO FACCHINA, RUA",NA,"",29,"FREGUESIA DO O",2,0,"DELFINO FACCHINA, RUA 1340 SAO PAULO SP",-23.6817811,-46.6542665
"2478","D021300316",7882,"GEORGE CORBISIER, AV ENG",NA,"",1166,"","13/02/2013 20:15",4,"AT",35,1965," "," ",0,0,0,0,0,0,0,0,0,0,0,1,0,0,0,0,0,7882,"GEORGE CORBISIER, AV ENG",NA,"",37,"JABAQUARA",1,0,"GEORGE CORBISIER, AV ENG 1166 SAO PAULO SP",-23.6469467,-46.6453149
"2479","D021300201",17791,"SANTOS, AL",NA,"",2315,"","13/02/2013 20:44",2,"CO",78,1155," "," ",1,1,0,0,0,0,0,0,0,0,0,0,0,0,0,0,0,17791,"SANTOS, AL",NA,"",17,"CAMPO LIMPO",1,0,"SANTOS, AL 2315 SAO PAULO SP",-23.5581535,-46.6623188
"2480","D021301726",14330,"MURITIBA, AV BRA DE",NA,"",830,"","13/02/2013 20:44",2,"CO",55,2114," "," ",1,1,0,0,0,0,0,0,0,0,0,0,0,0,0,0,0,14330,"MURITIBA, AV BRA DE",NA,"",51,"MANDAQUI",1,0,"MURITIBA, AV BRA DE 830 SAO PAULO SP",-23.6303164,-46.4700801
"2481","D021300608",18262,"SILVIO DE CAMPOS, AV DR",73197,"MOGEIRO, RUA",0,"","13/02/2013 20:50",2,"CO",46,1370," "," ",1,1,0,0,0,0,0,0,0,0,0,0,0,0,0,0,0,18262,"SILVIO DE CAMPOS, AV DR",73197,"MOGEIRO, RUA",62,"PERUS",1,0,"SILVIO DE CAMPOS, AV DR SAO PAULO SP &  MOGEIRO, RUA SAO PAULO SP",-23.4061492,-46.75402
"2482","D021300170",10693,"JORGE MIRANDA, RUA DR",4146,"CANTAREIRA, RUA DA",0,"","13/02/2013 20:55",2,"CL",12,1117," "," ",1,1,0,0,0,0,0,0,0,0,0,0,0,0,0,0,0,4146,"CANTAREIRA, RUA DA",10693,"JORGE MIRANDA, RUA DR",9,"BOM RETIRO",1,0,"JORGE MIRANDA, RUA DR SAO PAULO SP &  CANTAREIRA, RUA DA SAO PAULO SP",-23.5318101,-46.6291835
"2483","D021300439",16017,"PEDROSO DE MORAIS, AV",7086,"FERREIRA DE ARAUJO, RUA",0,"","13/02/2013 21:00",2,"CO",14,1667," "," ",1,1,0,0,0,0,0,0,0,0,0,0,0,0,0,0,0,7086,"FERREIRA DE ARAUJO, RUA",16017,"PEDROSO DE MORAIS, AV",63,"PINHEIROS",1,0,"PEDROSO DE MORAIS, AV SAO PAULO SP &  FERREIRA DE ARAUJO, RUA SAO PAULO SP",-23.5604714,-46.6945891