"","id_acidente","codloga","logradouroA","codlogb","logradouroB","alt_num","referencia","data","cod_acid","tipo_acidente","dp","numero_BO","sentido","pista","automovel","moto","onibus","caminhao","bicicleta","moto_taxi","onibus_fretado","onibus_urbano","microonibus","van","vuc","caminhonete","carreta","jipe","outros","sem_informacao","carroca","princ_a","paiA","princ_b","paiB","cod_distrito","distrito","vit_ferida","vit_morta","local","lat","lon"
"2484","D021300271",10918,"JOSE DINIZ, AV VER",NA,"",3028,"","13/02/2013 21:30",2,"QM",27,1527," "," ",0,0,0,0,1,0,0,0,0,0,0,0,0,0,0,0,0,10918,"JOSE DINIZ, AV VER",NA,"",15,"CAMPO BELO",1,0,"JOSE DINIZ, AV VER 3028 SAO PAULO SP",-23.6206201,-46.6780191
"2485","D021301536",14094,"MOGI DAS CRUZES, ES DE",NA,"",1614,"","13/02/2013 22:30",2,"QD",62,1602,"B"," ",0,0,0,0,0,0,0,1,0,0,0,0,0,0,0,0,0,14094,"MOGI DAS CRUZES, ES DE",NA,"",65,"PONTE RASA",1,0,"MOGI DAS CRUZES, ES DE 1614 SAO PAULO SP",-23.5505199,-46.6333094
"2487","D021301553",46936,"JACU-PESSEGO/NOVA TRABALHADORE, AV",NA,"",200,"","14/02/2013 05:40",2,"CO",63,1276," "," ",1,1,0,0,0,0,0,0,0,0,0,0,0,0,0,0,0,46936,"JACU-PESSEGO/NOVA TRABALHADORE, AV",NA,"",46,"JOSE BONIFACIO",1,0,"JACU-PESSEGO/NOVA TRABALHADORE, AV 200 SAO PAULO SP",-23.5309613,-46.4566589
"2488","D021300866",10945,"JOSE ERMIRIO DE MORAES, AV SEN",NA,"",687,"","14/02/2013 05:40",2,"CL",20,1362," "," ",0,1,1,0,0,0,0,0,0,0,0,0,0,0,0,0,0,10945,"JOSE ERMIRIO DE MORAES, AV SEN",NA,"",83,"TREMEMBE",1,0,"JOSE ERMIRIO DE MORAES, AV SEN 687 SAO PAULO SP",-23.4494707,-46.6148096
"2489","D021300575",34682,"CAMPO LIMPO, ES DO",NA,"",3500,"","14/02/2013 06:55",2,"QD",37,1279," "," ",0,0,0,0,0,0,0,1,0,0,0,0,0,0,0,0,0,34682,"CAMPO LIMPO, ES DO",NA,"",17,"CAMPO LIMPO",1,0,"CAMPO LIMPO, ES DO 3500 SAO PAULO SP",-23.2019463,-46.785846
"2490","D021301116",27094,"SALIM FARAH MALUF, AV",2817,"BARBACENA, RUA MAL",0,"","14/02/2013 07:00",4,"AT",30,840," "," ",0,1,0,0,0,0,0,0,0,0,0,0,0,0,0,0,0,2817,"BARBACENA, RUA MAL",27094,"SALIM FARAH MALUF, AV",87,"VILA FORMOSA",1,0,"SALIM FARAH MALUF, AV SAO PAULO SP &  BARBACENA, RUA MAL SAO PAULO SP",-23.5555392,-46.5773751
"2491","D021301541",8691,"HENRIQUE FRANCO, AV",NA,"",304,"","14/02/2013 07:21",2,"CF",63,513," "," ",1,0,0,0,1,0,0,0,0,0,0,0,0,0,0,0,0,8691,"HENRIQUE FRANCO, AV",NA,"",89,"VILA JACUI",1,0,"HENRIQUE FRANCO, AV 304 SAO PAULO SP",-23.5109068,-46.4678543
"2492","D021301316",12403,"M'BOI MIRIM, ES",NA,"",1700,"","14/02/2013 08:00",2,"SI",92,980," "," ",0,2,0,0,0,0,0,0,0,0,0,0,0,0,0,0,0,12403,"M'BOI MIRIM, ES",NA,"",42,"JARDIM ANGELA",1,0,"M'BOI MIRIM, ES 1700 SAO PAULO SP",-23.5505199,-46.6333094
"2493","D021301174",2729,"BAIA GRANDE, RUA",15407,"PAPOULAS, RUA DAS",0,"","14/02/2013 08:02",2,"CO",56,943," "," ",1,1,0,0,0,0,0,0,0,0,0,0,0,0,0,0,0,2729,"BAIA GRANDE, RUA",15407,"PAPOULAS, RUA DAS",95,"VILA PRUDENTE",2,0,"BAIA GRANDE, RUA SAO PAULO SP &  PAPOULAS, RUA DAS SAO PAULO SP",-23.6000352,-46.5709662
"2494","D021300394",14480,"NELSON FERNANDES, RUA",NA,"",1,"","14/02/2013 08:07",4,"AT",97,900001," "," ",0,0,1,0,0,0,0,0,0,0,0,0,0,0,0,0,0,14480,"NELSON FERNANDES, RUA",NA,"",42,"JARDIM ANGELA",1,0,"NELSON FERNANDES, RUA 1 SAO PAULO SP",-23.6457745,-46.6408483
"2495","D021300767",10622,"JOAQUINA RAMALHO, AV",NA,"",1411,"","14/02/2013 08:15",2,"QM",9,958," "," ",0,1,0,0,0,0,0,0,0,0,0,0,0,0,0,0,0,10622,"JOAQUINA RAMALHO, AV",NA,"",88,"VILA GUILHERME",1,0,"JOAQUINA RAMALHO, AV 1411 SAO PAULO SP",-23.5043187,-46.6038868
"2496","D021300534",16646,"JOSE JANNARELLI, RUA",8515,"AMELIA CORREA FONTES GUIMARAES, RUA",0,"","14/02/2013 08:35",2,"CO",34,916," "," ",1,1,0,0,0,0,0,0,0,0,0,0,0,0,0,0,0,8515,"AMELIA CORREA FONTES GUIMARAES, RUA",16646,"JOSE JANNARELLI, RUA",55,"MORUMBI",1,0,"JOSE JANNARELLI, RUA SAO PAULO SP &  AMELIA CORREA FONTES GUIMARAES, RUA SAO PAULO SP",-23.5900785,-46.7165858
"2497","D021301475",18803,"TEODORO, RUA S",NA,"",812,"","14/02/2013 08:40",4,"AT",32,1015," "," ",0,1,0,0,0,0,0,0,0,0,0,0,0,0,0,0,0,18803,"TEODORO, RUA S",NA,"",51,"MANDAQUI",1,0,"TEODORO, RUA S 812 SAO PAULO SP",-23.5553904,-46.4532363
"2498","D021301031",561,"ALCIDES DE OLIVEIRA, AL TSARG",11016,"JOSE JERONIMO DE MESQUITA, AV TTE",0,"","14/02/2013 08:55",2,"CO",90,566," "," ",1,0,0,1,0,0,0,0,0,0,0,0,0,0,0,0,0,561,"ALCIDES DE OLIVEIRA, AL TSARG",11016,"JOSE JERONIMO DE MESQUITA, AV TTE",94,"VILA MEDEIROS",1,0,"ALCIDES DE OLIVEIRA, AL TSARG SAO PAULO SP &  JOSE JERONIMO DE MESQUITA, AV TTE SAO PAULO SP",-23.5505199,-46.6333094
"2499","D021300533",17822,"SAPETUBA, RUA",NA,"",295,"","14/02/2013 09:00",2,"CO",34,914," "," ",1,1,0,0,0,0,0,0,0,0,0,0,0,0,0,0,0,17822,"SAPETUBA, RUA",NA,"",13,"CACHOEIRINHA",1,0,"SAPETUBA, RUA 295 SAO PAULO SP",-23.5743255,-46.7096906
"2500","D021300988",13133,"MARIA AMALIA LOPES AZEVEDO, RUA",NA,"",999,"","14/02/2013 09:10",2,"QF",73,858," "," ",0,0,1,0,0,0,0,0,0,0,0,0,0,0,0,0,0,13133,"MARIA AMALIA LOPES AZEVEDO, RUA",NA,"",83,"TREMEMBE",1,0,"MARIA AMALIA LOPES AZEVEDO, RUA 999 SAO PAULO SP",-23.458069,-46.6158624
"2501","D021300080",4347,"CARLOS DO PINHAL, RUA S",NA,"",803,"","14/02/2013 09:16",4,"AT",5,818," "," ",0,0,0,0,0,0,0,0,0,0,0,1,0,0,0,0,0,4347,"CARLOS DO PINHAL, RUA S",NA,"",7,"BELA VISTA",1,0,"CARLOS DO PINHAL, RUA S 803 SAO PAULO SP",-23.5581495,-46.6562894
"2502","D021301835",5127,"FREDERICO RENE DE JAEGHER, RUA",NA,"",1001,"","14/02/2013 09:30",4,"AT",101,372," "," ",0,0,0,0,1,0,0,0,0,0,0,0,0,0,0,0,0,5127,"FREDERICO RENE DE JAEGHER, RUA",NA,"",23,"CIDADE DUTRA",0,1,"FREDERICO RENE DE JAEGHER, RUA 1001 SAO PAULO SP",-23.7220153,-46.7066382
"2503","D021300535",7500,"FRANCISCO MORATO, AV PROF",NA,"",4923,"","14/02/2013 10:08",2,"CO",34,922," "," ",0,1,0,1,0,0,0,0,0,0,0,0,0,0,0,0,0,7500,"FRANCISCO MORATO, AV PROF",NA,"",12,"BUTANTA",1,0,"FRANCISCO MORATO, AV PROF 4923 SAO PAULO SP",-23.5988979,-46.7411553
"2504","D021301068",15304,"PAES DE BARROS, AV",NA,"",250,"","14/02/2013 10:20",2,"CT",18,288," "," ",1,1,0,0,0,0,0,0,0,0,0,0,0,0,0,0,0,15304,"PAES DE BARROS, AV",NA,"",16,"CAMPO GRANDE",1,0,"PAES DE BARROS, AV 250 SAO PAULO SP",-23.5577412,-46.6005206
"2505","D021301777",17824,"SAPOPEMBA, AV",12659,"MANUEL DE ARRUDA CASTANHO, RUA",0,"","14/02/2013 10:20",2,"CO",70,939," "," ",1,1,0,0,0,0,0,0,0,0,0,0,0,0,0,0,0,12659,"MANUEL DE ARRUDA CASTANHO, RUA",17824,"SAPOPEMBA, AV",78,"SAPOPEMBA",1,0,"SAPOPEMBA, AV SAO PAULO SP &  MANUEL DE ARRUDA CASTANHO, RUA SAO PAULO SP",-23.6148326,-46.5024993
"2506","D021301229",10918,"JOSE DINIZ, AV VER",NA,"",1775,"","14/02/2013 10:30",2,"QD",11,1703," "," ",0,0,0,0,0,0,0,1,0,0,0,0,0,0,0,0,0,10918,"JOSE DINIZ, AV VER",NA,"",15,"CAMPO BELO",1,0,"JOSE DINIZ, AV VER 1775 SAO PAULO SP",-23.6293993,-46.6866193
"2507","D021301254",19826,"VITANTONIO D'ABRIL, RUA",NA,"",303,"","14/02/2013 10:30",2,"CO",43,725," "," ",1,1,0,0,0,0,0,0,0,0,0,0,0,0,0,0,0,19826,"VITANTONIO D'ABRIL, RUA",NA,"",29,"FREGUESIA DO O",1,0,"VITANTONIO D'ABRIL, RUA 303 SAO PAULO SP",-23.6630642,-46.6714404
"2508","D021301089",2181,"ARICANDUVA, AV",11325,"JULIO COLACO, RUA",0,"","14/02/2013 11:30",2,"CO",21,854," "," ",0,1,0,1,0,0,0,0,0,0,0,0,0,0,0,0,0,2181,"ARICANDUVA, AV",11325,"JULIO COLACO, RUA",20,"CARRAO",1,0,"ARICANDUVA, AV SAO PAULO SP &  JULIO COLACO, RUA SAO PAULO SP",-23.5479783,-46.5260893
"2509","D021301684",46936,"JACU-PESSEGO/NOVA TRABALHADORE, AV",NA,"",398,"","14/02/2013 11:35",2,"SI",53,984," "," ",0,0,0,1,0,0,0,0,0,0,0,1,0,0,0,0,0,46936,"JACU-PESSEGO/NOVA TRABALHADORE, AV",NA,"",46,"JOSE BONIFACIO",2,0,"JACU-PESSEGO/NOVA TRABALHADORE, AV 398 SAO PAULO SP",-23.5291826,-46.4573133
"2510","D021301330",35858,"GUIDO CALOI, AV",NA,"",1234,"","14/02/2013 11:50",2,"QD",92,1743," "," ",0,0,0,0,0,0,0,0,0,0,0,1,0,0,0,0,0,35858,"GUIDO CALOI, AV",NA,"",32,"IGUATEMI",1,0,"GUIDO CALOI, AV 1234 SAO PAULO SP",-23.6553803,-46.7243474
"2511","D021301656",13671,"MATEO BEI, AV",NA,"",2505,"","14/02/2013 12:30",4,"AT",49,2155," "," ",1,0,0,0,0,0,0,0,0,0,0,0,0,0,0,0,0,13671,"MATEO BEI, AV",NA,"",75,"SAO MATEUS",1,0,"MATEO BEI, AV 2505 SAO PAULO SP",-23.6035283,-46.4815662
"2512","D021301494",18940,"TIBURCIO DE SOUSA, RUA",NA,"",2100,"","14/02/2013 12:30",2,"SI",50,1933," "," ",0,1,0,0,0,0,0,0,0,0,0,0,0,0,0,1,0,18940,"TIBURCIO DE SOUSA, RUA",NA,"",35,"ITAIM PAULISTA",1,0,"TIBURCIO DE SOUSA, RUA 2100 SAO PAULO SP",-23.5140618,-46.3909789
"2513","D021300670",73499,"MENOTTI LAUDISIO, AV",NA,"",100,"","14/02/2013 12:45",2,"QM",87,786," "," ",0,1,0,0,0,0,0,0,0,0,0,0,0,0,0,0,0,73499,"MENOTTI LAUDISIO, AV",NA,"",0,"NULL",1,0,"MENOTTI LAUDISIO, AV 100 SAO PAULO SP",-23.4843567,-46.7286333
"2514","D021300814",27187,"OLAVO FONTOURA, AV",NA,"",1200,"","14/02/2013 13:00",2,"CO",13,1581," "," ",0,2,0,0,0,0,0,0,1,0,0,0,0,0,0,0,0,27187,"OLAVO FONTOURA, AV",NA,"",8,"BELEM",2,0,"OLAVO FONTOURA, AV 1200 SAO PAULO SP",-23.5150892,-46.6420086
"2515","D021301493",17820,"TITO, AV MAL",NA,"",6130,"","14/02/2013 13:09",2,"CT",50,1929," "," ",1,1,0,0,0,0,0,0,0,0,0,0,0,0,0,0,0,17820,"TITO, AV MAL",NA,"",53,"MOEMA",1,0,"TITO, AV MAL 6130 SAO PAULO SP",-23.4918544,-46.3874965
"2516","D021301476",26062,"RIO BOM, RUA",NA,"",100,"","14/02/2013 13:20",4,"AT",32,1032," "," ",0,1,0,0,0,0,0,0,0,0,0,0,0,0,0,0,0,26062,"RIO BOM, RUA",NA,"",51,"MANDAQUI",2,0,"RIO BOM, RUA 100 SAO PAULO SP",-23.525839,-46.4451226
"2517","D021301655",9044,"RAGUEB CHOHFI, AV",NA,"",4132,"","14/02/2013 13:20",4,"AT",49,2150," "," ",1,0,0,0,0,0,0,0,0,0,0,0,0,0,0,0,0,9044,"RAGUEB CHOHFI, AV",NA,"",32,"IGUATEMI",1,0,"RAGUEB CHOHFI, AV 4132 SAO PAULO SP",-23.5947651,-46.4462813
"2518","D021301080",11098,"JOSE MASCARENHAS, RUA",15915,"PEDRO DIAS DE CAMPOS, RUA CEL",0,"","14/02/2013 14:03",2,"CO",21,475," "," ",0,0,0,0,0,0,0,0,0,0,0,2,0,0,0,0,0,11098,"JOSE MASCARENHAS, RUA",15915,"PEDRO DIAS DE CAMPOS, RUA CEL",NA,"",1,0,"JOSE MASCARENHAS, RUA SAO PAULO SP &  PEDRO DIAS DE CAMPOS, RUA CEL SAO PAULO SP",-23.5389165,-46.5313417
"2519","D021300017",19543,"VENCESLAU BRAS, RUA",NA,"",2,"","14/02/2013 14:05",4,"AT",1,1226," "," ",0,0,0,0,0,0,0,1,0,0,0,0,0,0,0,0,0,19543,"VENCESLAU BRAS, RUA",NA,"",1,"AGUA RASA",1,0,"VENCESLAU BRAS, RUA 2 SAO PAULO SP",-23.5494224,-46.6332227
"2520","D021300576",19657,"VICENTE PINHEIRO, RUA",NA,"",100,"","14/02/2013 14:30",2,"CF",37,1295," "," ",1,0,1,0,0,0,0,0,0,0,0,0,0,0,0,0,0,19657,"VICENTE PINHEIRO, RUA",NA,"",29,"FREGUESIA DO O",2,0,"VICENTE PINHEIRO, RUA 100 SAO PAULO SP",-23.6418936,-46.7712187
"2521","D021300768",5567,"CRUZEIRO DO SUL, AV",11702,"LEITE DE MORAIS, RUA",0,"","14/02/2013 14:45",2,"QD",9,963," "," ",0,0,0,0,0,0,0,1,0,0,0,0,0,0,0,0,0,5567,"CRUZEIRO DO SUL, AV",11702,"LEITE DE MORAIS, RUA",71,"SANTANA",3,0,"CRUZEIRO DO SUL, AV SAO PAULO SP &  LEITE DE MORAIS, RUA SAO PAULO SP",-23.5073033,-46.6250321
"2522","D021301132",17824,"SAPOPEMBA, AV",NA,"",6000,"","14/02/2013 15:00",2,"QD",42,453," "," ",0,0,0,0,0,0,0,0,0,0,0,0,0,0,0,1,0,17824,"SAPOPEMBA, AV",NA,"",33,"IPIRANGA",1,0,"SAPOPEMBA, AV 6000 SAO PAULO SP",-23.5843451,-46.534371
"2523","D021300365",8341,"GUARAIUVA, RUA",7237,"FLORIDA, RUA",0,"","14/02/2013 15:35",2,"CO",96,690," "," ",1,1,0,0,0,0,0,0,0,0,0,0,0,0,0,0,0,7237,"FLORIDA, RUA",8341,"GUARAIUVA, RUA",34,"ITAIM BIBI",1,0,"GUARAIUVA, RUA SAO PAULO SP &  FLORIDA, RUA SAO PAULO SP",-23.6105962,-46.6890653
"2524","D021301175",24338,"LUIZ IGNACIO ANHAIA MELLO, AV PROF",NA,"",2655,"","14/02/2013 15:47",2,"CT",56,954," "," ",0,1,0,1,0,0,0,0,0,0,0,0,0,0,0,0,0,24338,"LUIZ IGNACIO ANHAIA MELLO, AV PROF",NA,"",26,"CONSOLACAO",1,0,"LUIZ IGNACIO ANHAIA MELLO, AV PROF 2655 SAO PAULO SP",-23.5826212,-46.5680866
"2525","D021300472",1198,"ANA PIMENTEL, RUA DONA",7927,"GERMAINE BURCHARD, RUA DONA",0,"","14/02/2013 15:51",2,"CO",23,828," "," ",1,1,0,0,0,0,0,0,0,0,0,0,0,0,0,0,0,1198,"ANA PIMENTEL, RUA DONA",7927,"GERMAINE BURCHARD, RUA DONA",6,"BARRA FUNDA",1,0,"ANA PIMENTEL, RUA DONA SAO PAULO SP &  GERMAINE BURCHARD, RUA DONA SAO PAULO SP",-23.5291194,-46.6692149
"2527","D021301477",98912,"JOSE PINHEIRO BORGES, AV",4974,"COROA DE FRADE, AV",0,"","14/02/2013 16:25",4,"AT",32,1040," "," ",0,0,0,0,0,0,0,0,1,0,0,0,0,0,0,0,0,4974,"COROA DE FRADE, AV",98912,"JOSE PINHEIRO BORGES, AV",88,"VILA GUILHERME",1,0,"JOSE PINHEIRO BORGES, AV SAO PAULO SP &  COROA DE FRADE, AV SAO PAULO SP",-23.5379455,-46.4560852
"2528","D021301118",2673,"AZEVEDO SOARES, RUA",NA,"",60,"","14/02/2013 16:30",4,"AT",30,925," "," ",1,0,0,0,0,0,0,0,0,0,0,0,0,0,0,0,0,2673,"AZEVEDO SOARES, RUA",NA,"",82,"TATUAPE",1,0,"AZEVEDO SOARES, RUA 60 SAO PAULO SP",-23.5508458,-46.5759622
"2529","D021301813",19543,"VENCESLAU BRAS, RUA",3387,"BITENCOURT RODRIGUES, RUA DR",0,"","14/02/2013 16:48",4,"AT",77,707," "," ",0,0,1,0,0,0,0,0,0,0,0,0,0,0,0,0,0,3387,"BITENCOURT RODRIGUES, RUA DR",19543,"VENCESLAU BRAS, RUA",80,"SE",0,1,"VENCESLAU BRAS, RUA SAO PAULO SP &  BITENCOURT RODRIGUES, RUA DR SAO PAULO SP",-23.5494001,-46.6321196
"2530","D021300272",26500,"VICENTE RAO, AV PROF.",NA,"",472,"","14/02/2013 17:00",2,"CO",27,1568," "," ",0,1,0,1,0,0,0,0,0,0,0,0,0,0,0,0,0,26500,"VICENTE RAO, AV PROF.",NA,"",30,"GRAJAU",2,0,"VICENTE RAO, AV PROF. 472 SAO PAULO SP",-23.6296839,-46.6848005
"2531","D021301537",16490,"PONTE RASA, RUA",NA,"",999,"","14/02/2013 17:20",2,"CO",62,1644," "," ",0,1,0,0,0,0,0,0,0,0,0,0,0,0,0,1,0,16490,"PONTE RASA, RUA",NA,"",0,"NULL",1,0,"PONTE RASA, RUA 999 SAO PAULO SP",-23.5136956,-46.481681
"2532","D021300582",21725,"OSCAR CAMPIGLIA, RUA PROF",NA,"",151,"","14/02/2013 17:40",2,"QM",37,1514," "," ",0,1,0,0,0,0,0,0,0,0,0,0,0,0,0,0,0,21725,"OSCAR CAMPIGLIA, RUA PROF",NA,"",29,"FREGUESIA DO O",1,0,"OSCAR CAMPIGLIA, RUA PROF 151 SAO PAULO SP",-23.6433671,-46.7632127
"2533","D021300157",13269,"MARIA JOAQUINA, RUA",13826,"MENDES JUNIOR, RUA",0,"","14/02/2013 17:50",4,"AT",12,900," "," ",1,0,0,0,0,0,0,0,0,0,0,0,0,0,0,0,0,13269,"MARIA JOAQUINA, RUA",13826,"MENDES JUNIOR, RUA",10,"BRAS",1,0,"MARIA JOAQUINA, RUA SAO PAULO SP &  MENDES JUNIOR, RUA SAO PAULO SP",-23.5356425,-46.6125234
"2534","D021300381",7708,"GAIVOTA, RUA",NA,"",1547,"","14/02/2013 18:20",2,"CO",96,2647," "," ",0,1,0,0,0,0,0,0,1,0,0,0,0,0,0,0,0,7708,"GAIVOTA, RUA",NA,"",53,"MOEMA",1,0,"GAIVOTA, RUA 1547 SAO PAULO SP",-23.6082568,-46.6718878
"2535","D021300491",18519,"SUMARE, AV",NA,"",78,"","14/02/2013 18:30",2,"QM",23,1158," "," ",0,1,0,0,0,0,0,0,0,0,0,0,0,0,0,0,0,18519,"SUMARE, AV",NA,"",61,"PERDIZES",1,0,"SUMARE, AV 78 SAO PAULO SP",-23.5306831,-46.6774016
"2536","D021300115",6642,"ESTADO, AV DO",18847,"TERESA CRISTINA, AV",0,"","14/02/2013 18:37",2,"CT",6,1145," "," ",1,1,0,0,0,0,0,0,0,0,0,0,0,0,0,0,0,6642,"ESTADO, AV DO",18847,"TERESA CRISTINA, AV",33,"IPIRANGA",1,0,"ESTADO, AV DO SAO PAULO SP &  TERESA CRISTINA, AV SAO PAULO SP",-23.5635869,-46.6112253
"2539","D021301203",4736,"CELSO GARCIA, AV",NA,"",1500,"","14/02/2013 19:30",4,"AT",81,424,"C"," ",0,0,0,0,0,0,0,1,0,0,0,0,0,0,0,0,0,4736,"CELSO GARCIA, AV",NA,"",82,"TATUAPE",1,0,"CELSO GARCIA, AV 1500 SAO PAULO SP",-23.5379649,-46.5978079
"2540","D021300096",14317,"MUNIZ DE SOUSA, RUA",NA,"",100,"","14/02/2013 19:30",4,"AT",6,825," "," ",1,1,0,0,0,0,0,0,0,0,0,0,0,0,0,0,0,14317,"MUNIZ DE SOUSA, RUA",NA,"",12,"BUTANTA",2,0,"MUNIZ DE SOUSA, RUA 100 SAO PAULO SP",-23.5642693,-46.6242518
"2541","D021300064",2497,"AUGUSTA, RUA",NA,"",108,"","14/02/2013 19:30",2,"CO",4,1150," "," ",0,1,0,0,0,0,0,0,0,0,0,1,0,0,0,0,0,2497,"AUGUSTA, RUA",NA,"",26,"CONSOLACAO",1,0,"AUGUSTA, RUA 108 SAO PAULO SP",-23.5503188,-46.6472182
"2542","D021300671",18729,"TATSUO OKACHI, RUA",NA,"",500,"","14/02/2013 19:30",2,"CO",87,792," "," ",2,0,0,0,0,0,0,0,0,0,0,0,0,0,0,0,0,18729,"TATSUO OKACHI, RUA",NA,"",31,"GUAIANASES",1,0,"TATSUO OKACHI, RUA 500 SAO PAULO SP",-23.492789,-46.7288787
"2543","D021301114",19727,"VILELA, RUA",18067,"SERRA DE BOTUCATU, RUA",0,"","14/02/2013 19:30",2,"CO",30,823," "," ",1,1,0,0,0,0,0,0,0,0,0,0,0,0,0,0,0,18067,"SERRA DE BOTUCATU, RUA",19727,"VILELA, RUA",NA,"",1,0,"VILELA, RUA SAO PAULO SP &  SERRA DE BOTUCATU, RUA SAO PAULO SP",-23.5393935,-46.5667033
"2544","D021300701",18561,"LUIZ MIGLIANO, RUA DR",29686,"ISAAC ALBENIZ, RUA",0,"","14/02/2013 19:30",2,"CL",89,1380," "," ",1,1,0,0,0,0,0,0,0,0,0,0,0,0,0,0,0,18561,"LUIZ MIGLIANO, RUA DR",29686,"ISAAC ALBENIZ, RUA",NA,"",1,0,"LUIZ MIGLIANO, RUA DR SAO PAULO SP &  ISAAC ALBENIZ, RUA SAO PAULO SP",-23.6227182,-46.7383492
"2545","D021301790",17824,"SAPOPEMBA, AV",NA,"",7438,"","14/02/2013 19:49",4,"AT",70,1519," "," ",1,0,0,0,0,0,0,0,0,0,0,0,0,0,0,0,0,17824,"SAPOPEMBA, AV",NA,"",33,"IPIRANGA",1,0,"SAPOPEMBA, AV 7438 SAO PAULO SP",-23.5945055,-46.5268454
"2546","D021300255",18297,"SIMAO LOPES, RUA",6848,"EVOLUCAO, RUA",0,"","14/02/2013 20:15",2,"CO",26,1298," "," ",1,1,0,0,0,0,0,0,0,0,0,0,0,0,0,0,0,6848,"EVOLUCAO, RUA",18297,"SIMAO LOPES, RUA",27,"CURSINO",1,0,"SIMAO LOPES, RUA SAO PAULO SP &  EVOLUCAO, RUA SAO PAULO SP",-23.6329021,-46.6124905
"2547","D021301204",6371,"ELISABETH DE ROBIANO, AV CDSSA",NA,"",600,"","14/02/2013 20:30",2,"CO",81,425," "," ",2,2,0,0,0,0,0,0,0,0,0,0,0,0,0,0,0,29772,"MARGINAL DO RIO TIETE, AV",NA,"",82,"TATUAPE",2,0,"ELISABETH DE ROBIANO, AV CDSSA 600 SAO PAULO SP",-23.5076424,-46.5495997
"2548","D021301625",21143,"MARIA FRANCISCA DO NASCIMENTO, RUA",NA,"",2,"","14/02/2013 21:00",4,"AT",41,1524," "," ",0,0,0,0,0,0,0,0,0,0,0,0,0,0,0,1,0,21143,"MARIA FRANCISCA DO NASCIMENTO, RUA",NA,"",26,"CONSOLACAO",1,0,"MARIA FRANCISCA DO NASCIMENTO, RUA 2 SAO PAULO SP",-23.5806421,-46.5277291
"2549","D021300755",3376,"BILLINGS, AV ENG",NA,"",13500,"","14/02/2013 22:19",2,"CO",93,1415," "," ",3,1,0,0,0,0,0,0,0,0,0,0,0,0,0,0,0,13014,"MARGINAL DO RIO PINHEIROS, AV",NA,"",40,"JAGUARE",2,0,"BILLINGS, AV ENG 13500 SAO PAULO SP",-23.5355054,-46.7476126
"2550","D021300167",4561,"CASTELO BRANCO, AV PRES",15706,"PAULO ANDRIGHETTI, RUA",0,"","14/02/2013 22:30",2,"CT",12,1035," "," ",0,1,1,0,0,0,0,0,0,0,0,0,0,0,0,0,0,4561,"CASTELO BRANCO, AV PRES",15706,"PAULO ANDRIGHETTI, RUA",57,"PARI",1,0,"CASTELO BRANCO, AV PRES SAO PAULO SP &  PAULO ANDRIGHETTI, RUA SAO PAULO SP",-23.5216047,-46.6390428
"2553","D021300927",13374,"MARIANA CALIGIORI RONCHETTI, AV",NA,"",336,"","15/02/2013 01:40",2,"CO",38,1368," "," ",2,0,0,0,0,0,0,0,0,0,0,0,0,0,0,0,0,13374,"MARIANA CALIGIORI RONCHETTI, AV",NA,"",13,"CACHOEIRINHA",2,0,"MARIANA CALIGIORI RONCHETTI, AV 336 SAO PAULO SP",-23.4617459,-46.6537059
"2554","D021301471",5745,"DAVID DOMINGUES FERREIRA, AV",NA,"",736,"","15/02/2013 05:40",2,"CO",32,771,"C"," ",0,1,0,1,0,0,0,0,0,0,0,0,0,0,0,0,0,5745,"DAVID DOMINGUES FERREIRA, AV",NA,"",36,"ITAQUERA",1,0,"DAVID DOMINGUES FERREIRA, AV 736 SAO PAULO SP",-23.5312271,-46.4486681
"2555","D021301318",12403,"M'BOI MIRIM, ES",NA,"",123,"","15/02/2013 06:56",2,"CT",92,1015," "," ",1,1,0,0,0,0,0,0,0,0,0,0,0,0,0,0,0,12403,"M'BOI MIRIM, ES",NA,"",42,"JARDIM ANGELA",1,0,"M'BOI MIRIM, ES 123 SAO PAULO SP",-23.5505199,-46.6333094
"2556","D021301317",75170,"MARIA AMELIA GOUVEIA ANDRE, RUA",NA,"",160,"","15/02/2013 07:00",2,"CO",92,1012," "," ",1,0,0,0,1,0,0,0,0,0,0,0,0,0,0,0,0,75170,"MARIA AMELIA GOUVEIA ANDRE, RUA",NA,"",32,"IGUATEMI",1,0,"MARIA AMELIA GOUVEIA ANDRE, RUA 160 SAO PAULO SP",-23.6608685,-46.7572682
"2557","D021300757",5204,"CONCEICAO (ES.), AV",NA,"",1729,"","15/02/2013 07:15",4,"AT",9,622,"C"," ",0,1,0,0,0,0,0,0,0,0,0,0,0,0,0,0,0,5204,"CONCEICAO (ES.), AV",NA,"",88,"VILA GUILHERME",1,0,"CONCEICAO (ES.), AV 1729 SAO PAULO SP",-23.5505199,-46.6333094
"2558","D021300473",2271,"ARNALDO, AV DR",NA,"",300,"","15/02/2013 07:30",4,"AT",23,840," "," ",1,1,0,0,0,0,0,0,0,0,0,0,0,0,0,0,0,2271,"ARNALDO, AV DR",NA,"",26,"CONSOLACAO",1,0,"ARNALDO, AV DR 300 SAO PAULO SP",-23.55447,-46.6698183