"","id_acidente","codloga","logradouroA","codlogb","logradouroB","alt_num","referencia","data","cod_acid","tipo_acidente","dp","numero_BO","sentido","pista","automovel","moto","onibus","caminhao","bicicleta","moto_taxi","onibus_fretado","onibus_urbano","microonibus","van","vuc","caminhonete","carreta","jipe","outros","sem_informacao","carroca","princ_a","paiA","princ_b","paiB","cod_distrito","distrito","vit_ferida","vit_morta","local","lat","lon"
"2559","D021301433",14637,"NITRO - QUIMICA, AV",NA,"",219,"","15/02/2013 07:36",2,"CH",22,809," "," ",1,0,0,0,0,0,0,0,0,0,0,0,0,0,0,0,0,14637,"NITRO - QUIMICA, AV",NA,"",53,"MOEMA",1,0,"NITRO - QUIMICA, AV 219 SAO PAULO SP",-23.4818001,-46.4333652
"2561","D021301422",2483,"ATLANTICA ANT. ROBERT KENNEDY, AV",NA,"",4805,"","15/02/2013 07:40",2,"CO",102,619," "," ",1,1,0,0,0,0,0,0,0,0,0,0,0,0,0,0,0,2483,"ATLANTICA ANT. ROBERT KENNEDY, AV",NA,"",23,"CIDADE DUTRA",1,0,"ATLANTICA ANT. ROBERT KENNEDY, AV 4805 SAO PAULO SP",-23.5505199,-46.6333094
"2562","D021300133",543,"ALCANTARA MACHADO, AV",NA,"",2940,"","15/02/2013 07:42",2,"CO",8,1149,"C"," ",1,1,0,0,0,0,0,0,0,0,0,0,0,0,0,0,0,543,"ALCANTARA MACHADO, AV",NA,"",10,"BRAS",1,0,"ALCANTARA MACHADO, AV 2940 SAO PAULO SP",-23.5456302,-46.5976329
"2563","D021300628",5309,"CORIFEU DE AZEVEDO MARQUES, AV",NA,"",1537,"","15/02/2013 07:44",2,"CO",51,744," "," ",1,1,0,0,0,0,0,0,0,0,0,0,0,0,0,0,0,5309,"CORIFEU DE AZEVEDO MARQUES, AV",NA,"",12,"BUTANTA",1,0,"CORIFEU DE AZEVEDO MARQUES, AV 1537 SAO PAULO SP",-23.5750354,-46.7286829
"2564","D021300474",4561,"CASTELO BRANCO, AV PRES",7396,"JOSE GOMES FALCAO, RUA",0,"","15/02/2013 07:46",2,"CO",23,841," "," ",1,1,0,0,0,0,0,0,0,0,0,0,0,0,0,0,0,4561,"CASTELO BRANCO, AV PRES",7396,"JOSE GOMES FALCAO, RUA",6,"BARRA FUNDA",1,0,"CASTELO BRANCO, AV PRES SAO PAULO SP &  JOSE GOMES FALCAO, RUA SAO PAULO SP",-23.5216047,-46.6390428
"2566","D021301740",2181,"ARICANDUVA, AV",NA,"",9500,"","15/02/2013 08:00",2,"CO",66,766," "," ",0,2,0,0,0,0,0,0,0,0,0,0,0,0,0,0,0,2181,"ARICANDUVA, AV",NA,"",60,"PENHA",1,0,"ARICANDUVA, AV 9500 SAO PAULO SP",-23.5879103,-46.4819608
"2567","D021301298",79235,"SANTILLANA, RUA MARQ DE",NA,"",194,"","15/02/2013 08:09",2,"CO",85,378," "," ",1,1,0,0,0,0,0,0,0,0,0,0,0,0,0,0,0,79235,"SANTILLANA, RUA MARQ DE",NA,"",32,"IGUATEMI",1,0,"SANTILLANA, RUA MARQ DE 194 SAO PAULO SP",-23.7539895,-46.6993851
"2568","D021300536",855,"ALVARENGA, RUA",4232,"CARANGOLA, RUA",0,"","15/02/2013 08:10",2,"CO",34,956," "," ",1,1,0,0,0,0,0,0,0,0,0,0,0,0,0,0,0,855,"ALVARENGA, RUA",4232,"CARANGOLA, RUA",55,"MORUMBI",1,0,"ALVARENGA, RUA SAO PAULO SP &  CARANGOLA, RUA SAO PAULO SP",-23.56847,-46.7117265
"2569","D021300815",15937,"PEDRO LEON SCHNEIDER, AV GAL",NA,"",145,"","15/02/2013 08:20",2,"CT",13,1611," "," ",1,1,0,0,0,0,0,0,0,0,0,0,0,0,0,0,0,15937,"PEDRO LEON SCHNEIDER, AV GAL",NA,"",8,"BELEM",1,0,"PEDRO LEON SCHNEIDER, AV GAL 145 SAO PAULO SP",-23.5081571,-46.6263409
"2571","D021301176",27018,"JACINTO MENEZES PALHARES, AV",NA,"",845,"","15/02/2013 09:00",2,"CO",56,972," "," ",0,1,0,0,0,0,0,0,0,0,0,1,0,0,0,0,0,27018,"JACINTO MENEZES PALHARES, AV",NA,"",26,"CONSOLACAO",1,0,"JACINTO MENEZES PALHARES, AV 845 SAO PAULO SP",-23.5895975,-46.5627145
"2572","D021300967",15485,"PARAPUA, RUA",NA,"",1420,"","15/02/2013 09:20",4,"AT",45,561," "," ",1,0,0,0,0,0,0,0,0,0,0,0,0,0,0,0,0,15485,"PARAPUA, RUA",NA,"",4,"ARICANDUVA",1,0,"PARAPUA, RUA 1420 SAO PAULO SP",-23.4726305,-46.6909804
"2573","D021301509",17820,"TITO, AV MAL",NA,"",2000,"","15/02/2013 09:24",2,"CO",59,639,"C"," ",1,1,0,0,0,0,0,0,0,0,0,0,0,0,0,0,0,17820,"TITO, AV MAL",NA,"",53,"MOEMA",1,0,"TITO, AV MAL 2000 SAO PAULO SP",-23.4947226,-46.4271922
"2574","D021301457",98965,"CALIM EID, AV",NA,"",3880,"","15/02/2013 09:49",4,"AT",24,1645," "," ",1,0,0,0,0,0,0,0,0,0,0,0,0,0,0,0,0,98965,"CALIM EID, AV",NA,"",60,"PENHA",1,0,"CALIM EID, AV 3880 SAO PAULO SP",-23.5285857,-46.489455
"2575","D021301759",25292,"SANDRO ALTAMURA, RUA",NA,"",12,"","15/02/2013 10:00",2,"CO",69,1544," "," ",1,1,0,0,0,0,0,0,0,0,0,0,0,0,0,0,0,25292,"SANDRO ALTAMURA, RUA",NA,"",56,"PARELHEIROS",1,0,"SANDRO ALTAMURA, RUA 12 SAO PAULO SP",-23.6012444,-46.5073372
"2576","D021301685",36318,"OSVALDO PUCCI, AV",NA,"",100,"","15/02/2013 10:30",2,"CO",53,1003," "," ",2,0,0,0,0,0,0,0,0,0,0,1,0,0,0,0,0,36318,"OSVALDO PUCCI, AV",NA,"",5,"ARTUR ALVIM",1,0,"OSVALDO PUCCI, AV 100 SAO PAULO SP",-23.566185,-46.4669412
"2577","D021300454",19196,"TUCUMA, RUA",13478,"MARIO FERRAZ, RUA DR",0,"","15/02/2013 11:00",4,"AT",15,817," "," ",1,0,0,0,0,0,0,0,0,0,0,0,0,0,0,0,0,13478,"MARIO FERRAZ, RUA DR",19196,"TUCUMA, RUA",63,"PINHEIROS",1,0,"TUCUMA, RUA SAO PAULO SP &  MARIO FERRAZ, RUA DR SAO PAULO SP",-23.5811883,-46.6884511
"2579","D021301058",394,"AIGUARA, RUA",NA,"",4,"","15/02/2013 11:30",4,"AT",10,2020," "," ",0,0,0,0,0,0,0,0,0,0,0,0,0,0,0,1,0,394,"AIGUARA, RUA",NA,"",18,"CANGAIBA",1,0,"AIGUARA, RUA 4 SAO PAULO SP",-23.5081978,-46.5389811
"2580","D021300329",18653,"TANGARA, RUA",10670,"JORGE CHAMMAS, RUA",0,"","15/02/2013 11:35",2,"CH",36,727," "," ",2,0,0,0,0,0,0,0,0,0,0,0,0,1,0,0,0,10670,"JORGE CHAMMAS, RUA",18653,"TANGARA, RUA",92,"VILA MARIANA",2,0,"TANGARA, RUA SAO PAULO SP &  JORGE CHAMMAS, RUA SAO PAULO SP",-23.5888012,-46.6479551
"2581","D021301193",16971,"RENATA, AV",12496,"MAFALDA, RUA",0,"","15/02/2013 11:40",4,"AT",58,378," "," ",1,0,0,0,0,0,0,0,0,0,0,0,0,0,0,0,0,12496,"MAFALDA, RUA",16971,"RENATA, AV",87,"VILA FORMOSA",1,0,"RENATA, AV SAO PAULO SP &  MAFALDA, RUA SAO PAULO SP",-23.5706876,-46.5404529
"2582","D021300887",9420,"ITABERABA, AV",NA,"",800,"","15/02/2013 12:00",2,"QD",28,815," "," ",0,0,1,0,0,0,0,0,0,0,0,0,0,0,0,0,0,9420,"ITABERABA, AV",NA,"",29,"FREGUESIA DO O",1,0,"ITABERABA, AV 800 SAO PAULO SP",-23.4941974,-46.6973145
"2583","D021300743",22305,"LEAO MACHADO, AV",NA,"",100,"","15/02/2013 12:00",4,"AT",93,1055," "," ",1,0,0,0,0,0,0,0,0,0,0,0,0,0,0,0,0,22305,"LEAO MACHADO, AV",NA,"",0,"NULL",1,0,"LEAO MACHADO, AV 100 SAO PAULO SP",-23.5480372,-46.7566184
"2584","D021300001",4342,"CARLOS DE SOUSA NAZARE, RUA",2561,"AUGUSTO SEVERO, RUA",0,"","15/02/2013 12:04",4,"AT",1,273," "," ",0,0,0,0,0,0,0,0,0,0,0,1,0,0,0,0,0,2561,"AUGUSTO SEVERO, RUA",4342,"CARLOS DE SOUSA NAZARE, RUA",80,"SE",1,0,"CARLOS DE SOUSA NAZARE, RUA SAO PAULO SP &  AUGUSTO SEVERO, RUA SAO PAULO SP",-23.5402862,-46.6302959
"2585","D021300954",1803,"ANTONIO MUNHOZ BONILHA, AV",NA,"",521,"","15/02/2013 12:10",2,"CT",40,515," "," ",1,0,0,0,0,0,0,1,0,0,0,0,0,0,0,0,0,1803,"ANTONIO MUNHOZ BONILHA, AV",NA,"",50,"LIMAO",1,0,"ANTONIO MUNHOZ BONILHA, AV 521 SAO PAULO SP",-23.4993168,-46.6838264
"2586","D021301767",2878,"BARREIRA GRANDE, AV DA",NA,"",3993,"","15/02/2013 12:20",2,"CH",69,1962," "," ",1,0,0,0,0,0,0,0,0,0,0,1,0,0,0,0,0,2878,"BARREIRA GRANDE, AV DA",NA,"",78,"SAPOPEMBA",1,0,"BARREIRA GRANDE, AV DA 3993 SAO PAULO SP",-23.5915494,-46.4994719
"2587","D021300197",15656,"PAULISTA, AV",12165,"LUIS ANTONIO, AV BRIG",0,"","15/02/2013 12:20",4,"AT",78,952," "," ",1,0,0,0,0,0,0,0,0,0,0,0,0,0,0,0,0,12165,"LUIS ANTONIO, AV BRIG",15656,"PAULISTA, AV",44,"JARDIM PAULISTA",1,0,"PAULISTA, AV SAO PAULO SP &  LUIS ANTONIO, AV BRIG SAO PAULO SP",-23.5625897,-46.6549244
"2588","D021300816",27187,"OLAVO FONTOURA, AV",NA,"",500,"","15/02/2013 12:24",2,"CT",13,1621," "," ",0,1,0,1,0,0,0,0,0,0,0,0,0,0,0,0,0,27187,"OLAVO FONTOURA, AV",NA,"",8,"BELEM",1,0,"OLAVO FONTOURA, AV 500 SAO PAULO SP",-23.5140066,-46.6328351
"2589","D021301187",15034,"ORATORIO, RUA DO",NA,"",2500,"","15/02/2013 12:30",4,"AT",57,846," "," ",0,0,0,0,1,0,0,0,0,0,0,0,0,0,0,0,0,15034,"ORATORIO, RUA DO",NA,"",16,"CAMPO GRANDE",1,0,"ORATORIO, RUA DO 2500 SAO PAULO SP",-23.5691744,-46.5817763
"2590","D021300867",351,"AGUA FRIA, AV",NA,"",1973,"","15/02/2013 13:14",4,"AT",20,1411," "," ",0,1,0,0,0,0,0,0,0,0,0,0,0,0,0,0,0,351,"AGUA FRIA, AV",NA,"",71,"SANTANA",1,0,"AGUA FRIA, AV 1973 SAO PAULO SP",-23.4720378,-46.617798
"2591","D021301579",75006,"JOSE DORIA DE ANDRADE, RUA",75108,"COSMO JOSE DA SILVA, RUA",0,"","15/02/2013 13:18",2,"CF",65,510," "," ",1,1,0,0,0,0,0,0,0,0,0,0,0,0,0,0,0,75006,"JOSE DORIA DE ANDRADE, RUA",75108,"COSMO JOSE DA SILVA, RUA",24,"CIDADE LIDER",1,0,"JOSE DORIA DE ANDRADE, RUA SAO PAULO SP &  COSMO JOSE DA SILVA, RUA SAO PAULO SP",-23.5543715,-46.4781081
"2592","D021301126",34122,"MELO FREIRE, RUA",1967,"APUCARANA, RUA",0,"","15/02/2013 13:30",2,"QM",30,1159," "," ",0,1,0,0,0,0,0,0,0,0,0,0,0,0,0,0,0,1967,"APUCARANA, RUA",34122,"MELO FREIRE, RUA",82,"TATUAPE",1,0,"MELO FREIRE, RUA SAO PAULO SP &  APUCARANA, RUA SAO PAULO SP",-23.5391715,-46.5695321
"2593","D021300160",11525,"LADARIO, RUA BR DE",3207,"BENTO, PCA PDE",0,"","15/02/2013 14:00",2,"CO",12,931," "," ",1,0,0,0,1,0,0,0,0,0,0,0,0,0,0,0,0,3207,"BENTO, PCA PDE",11525,"LADARIO, RUA BR DE",57,"PARI",1,0,"LADARIO, RUA BR DE SAO PAULO SP &  BENTO, PCA PDE SAO PAULO SP",-23.5384844,-46.6188849
"2594","D021301185",14213,"MOOCA, RUA DA",NA,"",3419,"","15/02/2013 14:00",2,"CH",57,638," "," ",1,1,0,0,0,0,0,0,0,0,0,0,0,0,0,0,0,14213,"MOOCA, RUA DA",NA,"",16,"CAMPO GRANDE",1,0,"MOOCA, RUA DA 3419 SAO PAULO SP",-23.5574294,-46.5922183
"2595","D021300979",3771,"INAJAR DE SOUZA, AV",NA,"",4100,"","15/02/2013 14:30",4,"AT",72,1386,"C"," ",0,1,0,0,0,0,0,0,0,0,0,0,0,0,0,0,0,3771,"INAJAR DE SOUZA, AV",NA,"",50,"LIMAO",1,0,"INAJAR DE SOUZA, AV 4100 SAO PAULO SP",-23.4752766,-46.6704918
"2596","D021301704",45511,"CRISTOVAO DE MOLINA, RUA",NA,"",150,"","15/02/2013 15:07",2,"CH",54,887," "," ",1,0,0,0,0,0,0,0,0,0,0,1,0,0,0,0,0,45511,"CRISTOVAO DE MOLINA, RUA",NA,"",25,"CIDADE TIRADENT",1,0,"CRISTOVAO DE MOLINA, RUA 150 SAO PAULO SP",-23.5880015,-46.3964393
"2597","D021301496",17820,"TITO, AV MAL",NA,"",6390,"","15/02/2013 15:20",2,"CT",50,1981," "," ",0,1,0,0,0,0,0,0,0,0,0,1,0,0,0,0,0,17820,"TITO, AV MAL",NA,"",53,"MOEMA",1,0,"TITO, AV MAL 6390 SAO PAULO SP",-23.4909039,-46.3864356
"2599","D021301348",9250,"SALVADOR DALI, RUA",NA,"",56,"","15/02/2013 16:15",2,"CO",98,1767," "," ",0,1,1,0,0,0,0,0,0,0,0,0,0,0,0,0,0,9250,"SALVADOR DALI, RUA",NA,"",30,"GRAJAU",1,0,"SALVADOR DALI, RUA 56 SAO PAULO SP",-23.708963,-46.6541628
"2600","D021300046",9489,"ITALIANOS, RUA DOS",16041,"PENA, RUA TTE",0,"","15/02/2013 16:50",2,"CO",2,9072," "," ",1,1,0,0,0,0,0,0,0,0,0,0,0,0,0,0,0,9489,"ITALIANOS, RUA DOS",16041,"PENA, RUA TTE",9,"BOM RETIRO",1,0,"ITALIANOS, RUA DOS SAO PAULO SP &  PENA, RUA TTE SAO PAULO SP",-23.5238023,-46.644144
"2601","D021301751",76067,"QUINTA DA MAGNOLIA, RUA",NA,"",402,"","15/02/2013 17:00",4,"AT",66,1007,"C"," ",0,0,0,0,0,0,0,0,0,0,0,1,0,0,0,0,0,76067,"QUINTA DA MAGNOLIA, RUA",NA,"",38,"JACANA",1,0,"QUINTA DA MAGNOLIA, RUA 402 SAO PAULO SP",-23.5593371,-46.4984923
"2602","D021301703",45354,"SARA KUBITSCHEK, RUA",NA,"",155,"","15/02/2013 17:15",4,"AT",54,886," "," ",1,0,0,0,0,0,0,0,0,0,0,0,0,0,0,0,0,45354,"SARA KUBITSCHEK, RUA",NA,"",25,"CIDADE TIRADENT",1,0,"SARA KUBITSCHEK, RUA 155 SAO PAULO SP",-23.5833,-46.406423
"2603","D021301467",98965,"CALIM EID, AV",NA,"",444,"","15/02/2013 17:20",2,"CO",24,2373,"C"," ",1,1,0,0,0,0,0,0,0,0,0,0,0,0,0,0,0,98965,"CALIM EID, AV",NA,"",60,"PENHA",2,0,"CALIM EID, AV 444 SAO PAULO SP",-23.5202952,-46.5084955
"2604","D021301657",2181,"ARICANDUVA, AV",NA,"",1400,"","15/02/2013 17:30",2,"CO",49,2214," "," ",0,1,0,0,0,0,0,0,0,0,0,1,0,0,0,0,0,2181,"ARICANDUVA, AV",NA,"",60,"PENHA",1,0,"ARICANDUVA, AV 1400 SAO PAULO SP",-23.5538475,-46.5184683
"2605","D021300134",14213,"MOOCA, RUA DA",NA,"",237,"","15/02/2013 17:30",4,"AT",8,1166," "," ",1,0,0,0,0,0,0,0,0,0,0,0,0,0,0,0,0,14213,"MOOCA, RUA DA",NA,"",16,"CAMPO GRANDE",1,0,"MOOCA, RUA DA 237 SAO PAULO SP",-23.5533963,-46.6229918
"2606","D021300158",5567,"CRUZEIRO DO SUL, AV",6642,"ESTADO, AV DO",0,"","15/02/2013 17:40",2,"CT",12,922,"C"," ",1,1,0,0,0,0,0,0,0,0,0,0,0,0,0,0,0,5567,"CRUZEIRO DO SUL, AV",6642,"ESTADO, AV DO",57,"PARI",1,0,"CRUZEIRO DO SUL, AV SAO PAULO SP &  ESTADO, AV DO SAO PAULO SP",-23.5073033,-46.6250321
"2607","D021300538",7500,"FRANCISCO MORATO, AV PROF",NA,"",6200,"","15/02/2013 18:15",2,"CT",34,1006," "," ",1,1,0,0,0,0,0,0,0,0,0,0,0,0,0,0,0,7500,"FRANCISCO MORATO, AV PROF",NA,"",12,"BUTANTA",1,0,"FRANCISCO MORATO, AV PROF 6200 SAO PAULO SP",-23.606479,-46.7490387
"2608","D021301016",16838,"RAIMUNDO PEREIRA DE MAGAL., AV",NA,"",12530,"","15/02/2013 18:15",2,"CO",74,723," "," ",1,1,0,0,0,0,0,0,0,0,0,0,0,0,0,0,0,16838,"RAIMUNDO PEREIRA DE MAGAL., AV",NA,"",31,"GUAIANASES",1,0,"RAIMUNDO PEREIRA DE MAGAL., AV 12530 SAO PAULO SP",-23.4327582,-46.72001
"2609","D021301021",16838,"RAIMUNDO PEREIRA DE MAGAL., AV",NA,"",12530,"","15/02/2013 18:15",2,"CO",74,1408," "," ",1,1,0,0,0,0,0,0,0,0,0,0,0,0,0,0,0,16838,"RAIMUNDO PEREIRA DE MAGAL., AV",NA,"",31,"GUAIANASES",1,0,"RAIMUNDO PEREIRA DE MAGAL., AV 12530 SAO PAULO SP",-23.4327582,-46.72001
"2610","D021300655",16878,"RAPOSO TAVARES, VIA",NA,"",19,"","15/02/2013 18:20",2,"CL",75,560," "," ",1,1,0,0,0,0,0,0,0,0,0,0,0,0,0,0,0,16878,"RAPOSO TAVARES, VIA",NA,"",13,"CACHOEIRINHA",1,0,"RAPOSO TAVARES, VIA 19 SAO PAULO SP",-23.6219963,-46.6885593
"2613","D021301658",13671,"MATEO BEI, AV",67888,"SIMAO ALVARES MOUSINHO, RUA",0,"","15/02/2013 18:50",2,"CO",49,2230," "," ",2,1,0,0,0,0,0,0,0,0,0,0,0,0,0,0,0,13671,"MATEO BEI, AV",67888,"SIMAO ALVARES MOUSINHO, RUA",75,"SAO MATEUS",1,0,"MATEO BEI, AV SAO PAULO SP &  SIMAO ALVARES MOUSINHO, RUA SAO PAULO SP",-23.5972768,-46.4866619
"2614","D021301441",10785,"JOSE ARTUR NOVA, AV DR",14975,"OLIVEIRA FREIRE, AV",0,"","15/02/2013 19:05",2,"CT",22,1177," "," ",1,1,0,0,0,0,0,0,0,0,0,0,0,0,0,0,0,10785,"JOSE ARTUR NOVA, AV DR",14975,"OLIVEIRA FREIRE, AV",76,"SAO MIGUEL",1,0,"JOSE ARTUR NOVA, AV DR SAO PAULO SP &  OLIVEIRA FREIRE, AV SAO PAULO SP",-23.4833448,-46.4330112
"2615","D021300744",17162,"RIO PEQUENO, AV DO",36766,"CACHOEIRA, ES DA",0,"","15/02/2013 19:30",4,"AT",93,1091," "," ",1,0,0,0,0,0,0,0,0,0,0,0,0,0,0,0,0,17162,"RIO PEQUENO, AV DO",36766,"CACHOEIRA, ES DA",NA,"",1,0,"RIO PEQUENO, AV DO SAO PAULO SP &  CACHOEIRA, ES DA SAO PAULO SP",-23.5627974,-46.746682
"2616","D021301791",67304,"CAOPIA, RUA",NA,"",414,"","15/02/2013 20:00",2,"CO",70,1565," "," ",1,1,0,0,0,0,0,0,0,0,0,0,0,0,0,0,0,67304,"CAOPIA, RUA",NA,"",26,"CONSOLACAO",1,0,"CAOPIA, RUA 414 SAO PAULO SP",-23.6019308,-46.5388395
"2617","D021300065",2497,"AUGUSTA, RUA",NA,"",437,"","15/02/2013 20:10",2,"CO",4,1209," "," ",1,1,0,0,0,0,0,0,0,0,0,0,0,0,0,0,0,2497,"AUGUSTA, RUA",NA,"",26,"CONSOLACAO",1,0,"AUGUSTA, RUA 437 SAO PAULO SP",-23.5513238,-46.6501543
"2618","D021301382",14743,"SABARA, AV NSRA DO",NA,"",2326,"","15/02/2013 20:21",2,"CO",99,1776," "," ",0,1,0,0,0,0,0,1,0,0,0,0,0,0,0,0,0,14743,"SABARA, AV NSRA DO",NA,"",16,"CAMPO GRANDE",1,0,"SABARA, AV NSRA DO 2326 SAO PAULO SP",-23.5505199,-46.6333094
"2619","D021300067",2497,"AUGUSTA, RUA",NA,"",475,"","15/02/2013 20:30",2,"CO",4,1237," "," ",1,0,0,0,1,0,0,0,0,0,0,0,0,0,0,0,0,2497,"AUGUSTA, RUA",NA,"",26,"CONSOLACAO",1,0,"AUGUSTA, RUA 475 SAO PAULO SP",-23.5513914,-46.6505181
"2621","D021300171",18197,"SILVA TELES, RUA",16015,"PEDROSO DA SILVEIRA, AV",0,"","15/02/2013 20:56",2,"CF",12,1169," "," ",0,1,0,0,0,0,0,1,0,0,0,0,0,0,0,0,0,16015,"PEDROSO DA SILVEIRA, AV",18197,"SILVA TELES, RUA",NA,"",1,0,"SILVA TELES, RUA SAO PAULO SP &  PEDROSO DA SILVEIRA, AV SAO PAULO SP",-23.5299486,-46.6104577
"2622","D021301098",18811,"TEODORO MASCARENHAS, RUA",NA,"",403,"","15/02/2013 21:52",4,"AT",21,1809," "," ",1,0,0,0,0,0,0,0,0,0,0,0,0,0,0,0,0,18811,"TEODORO MASCARENHAS, RUA",NA,"",38,"JACANA",2,0,"TEODORO MASCARENHAS, RUA 403 SAO PAULO SP",-23.539711,-46.5316289
"2623","D021301610",9590,"ITAQUERA-GUAIANAZES, ES",NA,"",1900,"","15/02/2013 22:38",2,"CO",103,1175," "," ",1,1,0,0,0,0,0,0,0,0,0,0,0,0,0,0,0,9590,"ITAQUERA-GUAIANAZES, ES",NA,"",36,"ITAQUERA",1,0,"ITAQUERA-GUAIANAZES, ES 1900 SAO PAULO SP",-23.5505199,-46.6333094
"2624","D021301634",21711,"SATURNINO PEREIRA, RUA",NA,"",460,"","15/02/2013 23:30",2,"CO",44,1012," "," ",1,1,0,0,0,0,0,0,0,0,0,0,0,0,0,0,0,21711,"SATURNINO PEREIRA, RUA",NA,"",50,"LIMAO",2,0,"SATURNINO PEREIRA, RUA 460 SAO PAULO SP",-23.5479011,-46.412194
"2625","D021301005",13133,"MARIA AMALIA LOPES AZEVEDO, RUA",19719,"JAUPACI, RUA",0,"","16/02/2013 00:09",2,"CO",73,1636,"B"," ",1,1,0,0,0,0,0,0,0,0,0,0,0,0,0,0,0,13133,"MARIA AMALIA LOPES AZEVEDO, RUA",19719,"JAUPACI, RUA",83,"TREMEMBE",1,0,"MARIA AMALIA LOPES AZEVEDO, RUA SAO PAULO SP &  JAUPACI, RUA SAO PAULO SP",-23.4584963,-46.6105009
"2626","D021301416",2483,"ATLANTICA ANT. ROBERT KENNEDY, AV",NA,"",500,"","16/02/2013 00:10",2,"QM",102,519," "," ",0,1,0,0,0,0,0,0,0,0,0,0,0,0,0,0,0,2483,"ATLANTICA ANT. ROBERT KENNEDY, AV",NA,"",23,"CIDADE DUTRA",1,0,"ATLANTICA ANT. ROBERT KENNEDY, AV 500 SAO PAULO SP",-23.5505199,-46.6333094
"2627","D021300700",8000,"GIOVANNI GRONCHI, AV",99949,"CARLOS CALDEIRA FILHO, AV",0,"","16/02/2013 03:00",2,"CO",89,1256," "," ",2,0,0,0,0,0,0,0,0,0,0,0,0,0,0,0,0,8000,"GIOVANNI GRONCHI, AV",99949,"CARLOS CALDEIRA FILHO, AV",85,"VILA ANDRADE",5,0,"GIOVANNI GRONCHI, AV SAO PAULO SP &  CARLOS CALDEIRA FILHO, AV SAO PAULO SP",-23.6004501,-46.710515
"2628","D021301792",78860,"ILHA DA TRINDADE, RUA",78671,"NOVA RESENDE, RUA",0,"","16/02/2013 04:26",2,"CO",70,1567," "," ",1,1,0,0,0,0,0,0,0,0,0,0,0,0,0,0,0,78671,"NOVA RESENDE, RUA",78860,"ILHA DA TRINDADE, RUA",78,"SAPOPEMBA",1,0,"ILHA DA TRINDADE, RUA SAO PAULO SP &  NOVA RESENDE, RUA SAO PAULO SP",-23.6139024,-46.5164179
"2629","D021301589",64117,"FRANCISCO GIL DE ARAUJO, RUA",62401,"FRANCISCO DE SOUTOMAIOR, RUA",0,"","16/02/2013 04:30",4,"AT",67,485," "," ",0,1,0,0,0,0,0,0,0,0,0,0,0,0,0,0,0,62401,"FRANCISCO DE SOUTOMAIOR, RUA",64117,"FRANCISCO GIL DE ARAUJO, RUA",47,"LAJEADO",1,0,"FRANCISCO GIL DE ARAUJO, RUA SAO PAULO SP &  FRANCISCO DE SOUTOMAIOR, RUA SAO PAULO SP",-23.527749,-46.3952748
"2630","D021300853",13133,"MARIA AMALIA LOPES AZEVEDO, RUA",NA,"",2740,"","16/02/2013 06:15",2,"QD",20,941," "," ",0,0,0,0,0,0,0,1,0,0,0,0,0,0,0,0,0,13133,"MARIA AMALIA LOPES AZEVEDO, RUA",NA,"",83,"TREMEMBE",1,0,"MARIA AMALIA LOPES AZEVEDO, RUA 2740 SAO PAULO SP",-23.457176,-46.5997686
"2632","D021300986",19711,"ABILIO PEDRO RAMOS, RUA",7061,"FERNAO DIAS, VIA",0,"","16/02/2013 07:01",2,"CL",73,627," "," ",1,1,0,0,0,0,0,0,0,0,0,0,0,0,0,0,0,7061,"FERNAO DIAS, VIA",19711,"ABILIO PEDRO RAMOS, RUA",38,"JACANA",1,0,"ABILIO PEDRO RAMOS, RUA SAO PAULO SP &  FERNAO DIAS, VIA SAO PAULO SP",-23.4603183,-46.5740665
"2633","D021301628",72670,"INACIO MONTEIRO, RUA",NA,"",8402,"","16/02/2013 07:13",4,"AT",44,491," "," ",1,0,0,0,0,0,0,0,0,0,0,0,0,0,0,0,0,72670,"INACIO MONTEIRO, RUA",NA,"",50,"LIMAO",3,0,"INACIO MONTEIRO, RUA 8402 SAO PAULO SP",-23.5833344,-46.3851849
"2634","D021301230",6238,"NACOES UNIDAS, AV DAS",NA,"",17891,"","16/02/2013 08:08",2,"SI",11,1790," "," ",1,1,0,0,0,0,0,0,0,0,0,0,0,0,0,0,0,13014,"MARGINAL DO RIO PINHEIROS, AV",NA,"",90,"VILA LEOPOLDINA",1,0,"NACOES UNIDAS, AV DAS 17891 SAO PAULO SP",-23.6461963,-46.7249534
"2637","D021301269",5165,"MERCANTEIS, RUA DOS",NA,"",80,"","16/02/2013 08:50",2,"SI",47,1993," "," ",1,0,0,0,0,0,0,0,0,0,0,0,0,0,0,0,0,5165,"MERCANTEIS, RUA DOS",NA,"",19,"CAPAO REDONDO",1,0,"MERCANTEIS, RUA DOS 80 SAO PAULO SP",-23.6691695,-46.7760599
"2638","D021300698",10331,"JOAO GUIMARAES, AV DR",69817,"JOSE FELIX, RUA",0,"","16/02/2013 08:50",4,"AT",89,1252," "," ",0,0,0,0,0,0,0,0,0,0,0,1,0,0,0,0,0,10331,"JOAO GUIMARAES, AV DR",69817,"JOSE FELIX, RUA",96,"VILA SONIA",1,0,"JOAO GUIMARAES, AV DR SAO PAULO SP &  JOSE FELIX, RUA SAO PAULO SP",-23.6097435,-46.7486249
"2639","D021300818",2421,"ASSIS CHATEAUBRIAND, AV",NA,"",30,"","16/02/2013 09:00",2,"OU",13,1661," "," ",1,0,0,1,0,0,0,0,0,0,0,0,0,0,0,0,0,29772,"MARGINAL DO RIO TIETE, AV",NA,"",71,"SANTANA",1,0,"ASSIS CHATEAUBRIAND, AV 30 SAO PAULO SP",-23.5183099,-46.6318948