"","id_acidente","codloga","logradouroA","codlogb","logradouroB","alt_num","referencia","data","cod_acid","tipo_acidente","dp","numero_BO","sentido","pista","automovel","moto","onibus","caminhao","bicicleta","moto_taxi","onibus_fretado","onibus_urbano","microonibus","van","vuc","caminhonete","carreta","jipe","outros","sem_informacao","carroca","princ_a","paiA","princ_b","paiB","cod_distrito","distrito","vit_ferida","vit_morta","local","lat","lon"
"2640","D021301645",13195,"MARIA CURSI, AV",NA,"",369,"","16/02/2013 09:00",2,"SI",49,492," "," ",0,1,0,0,0,0,0,0,0,0,0,1,0,0,0,0,0,13195,"MARIA CURSI, AV",NA,"",75,"SAO MATEUS",1,0,"MARIA CURSI, AV 369 SAO PAULO SP",-23.5997297,-46.4768465
"2641","D021300256",18704,"TAQUARICHIM, RUA",NA,"",280,"","16/02/2013 09:10",2,"CH",26,1342," "," ",0,0,0,0,0,0,0,1,0,0,0,0,0,0,0,0,0,18704,"TAQUARICHIM, RUA",NA,"",21,"CASA VERDE",1,0,"TAQUARICHIM, RUA 280 SAO PAULO SP",-23.6205993,-46.6028437
"2642","D021301580",12156,"LUIZ AYRES, RUA DR",NA,"",1800,"","16/02/2013 09:26",2,"QM",65,518,"C"," ",0,1,0,0,0,0,0,0,0,0,0,0,0,0,0,0,0,12156,"LUIZ AYRES, RUA DR",NA,"",5,"ARTUR ALVIM",1,0,"LUIZ AYRES, RUA DR 1800 SAO PAULO SP",-23.5383599,-46.4865254
"2643","D021300629",13625,"MARTINS, RUA",NA,"",169,"","16/02/2013 10:20",2,"CO",51,779," "," ",1,1,0,0,0,0,0,0,0,0,0,0,0,0,0,0,0,13625,"MARTINS, RUA",NA,"",12,"BUTANTA",1,0,"MARTINS, RUA 169 SAO PAULO SP",-23.573936,-46.708399
"2644","D021300537",7502,"FRANCISCO MORAZAN, AV GAL",1330,"ANDRE SARAIVA, RUA",0,"","16/02/2013 10:20",2,"CL",34,995," "," ",1,1,0,0,0,0,0,0,0,0,0,0,0,0,0,0,0,1330,"ANDRE SARAIVA, RUA",7502,"FRANCISCO MORAZAN, AV GAL",96,"VILA SONIA",1,0,"FRANCISCO MORAZAN, AV GAL SAO PAULO SP &  ANDRE SARAIVA, RUA SAO PAULO SP",-23.5920897,-46.7317775
"2645","D021301459",9632,"ITINGUCU, RUA",9083,"IMPATA, RUA",0,"","16/02/2013 10:30",2,"CO",24,1687," "," ",1,1,0,0,0,0,0,0,0,0,0,0,0,0,0,0,0,9083,"IMPATA, RUA",9632,"ITINGUCU, RUA",60,"PENHA",2,0,"ITINGUCU, RUA SAO PAULO SP &  IMPATA, RUA SAO PAULO SP",-23.5270874,-46.5021154
"2646","D021300869",835,"ALTINOPOLIS, RUA",NA,"",373,"","16/02/2013 10:30",2,"CO",20,1438," "," ",0,1,0,0,0,0,0,0,0,0,0,1,0,0,0,0,0,835,"ALTINOPOLIS, RUA",NA,"",71,"SANTANA",1,0,"ALTINOPOLIS, RUA 373 SAO PAULO SP",-23.4834605,-46.6191486
"2647","D021300939",2455,"ATALIBA LEONEL, AV GAL",NA,"",3792,"","16/02/2013 10:40",4,"AT",39,635," "," ",0,1,0,0,0,0,0,0,0,0,0,0,0,0,0,0,0,2455,"ATALIBA LEONEL, AV GAL",NA,"",88,"VILA GUILHERME",1,0,"ATALIBA LEONEL, AV GAL 3792 SAO PAULO SP",-23.4846522,-46.603795
"2648","D021300987",16305,"ANTONELO DA MESSINA, AV",NA,"",300,"","16/02/2013 11:00",2,"CO",73,644," "," ",1,1,0,0,0,0,0,0,0,0,0,0,0,0,0,0,0,16305,"ANTONELO DA MESSINA, AV",NA,"",83,"TREMEMBE",1,0,"ANTONELO DA MESSINA, AV 300 SAO PAULO SP",-23.4539654,-46.5893539
"2649","D021301147",4736,"CELSO GARCIA, AV",NA,"",5344,"","16/02/2013 11:15",2,"CH",52,320," "," ",1,0,0,0,0,0,0,0,0,0,0,0,0,0,0,0,0,4736,"CELSO GARCIA, AV",NA,"",82,"TATUAPE",1,0,"CELSO GARCIA, AV 5344 SAO PAULO SP",-23.5322754,-46.5612117
"2650","D021301771",17824,"SAPOPEMBA, AV",NA,"",828,"","16/02/2013 11:30",2,"CO",70,508," "," ",1,0,0,0,0,0,0,1,0,0,0,0,0,0,0,0,0,17824,"SAPOPEMBA, AV",NA,"",33,"IPIRANGA",1,0,"SAPOPEMBA, AV 828 SAO PAULO SP",-23.5633453,-46.5723774
"2651","D021301349",15880,"PEDRO DE AVOS, AV",NA,"",397,"","16/02/2013 11:39",2,"CO",98,1780," "," ",0,1,1,0,0,0,0,0,0,0,0,0,0,0,0,0,0,15880,"PEDRO DE AVOS, AV",NA,"",0,"NULL",1,0,"PEDRO DE AVOS, AV 397 SAO PAULO SP",-23.6835749,-46.6410125
"2652","D021301733",9580,"ITAQUERA, AV",9239,"IOLANDO RIBEIRO BOAVENTURA, RUA",0,"","16/02/2013 12:35",2,"CO",66,500," "," ",1,1,0,0,0,0,0,0,0,0,0,0,0,0,0,0,0,9239,"IOLANDO RIBEIRO BOAVENTURA, RUA",9580,"ITAQUERA, AV",93,"VILA MATILDE",1,0,"ITAQUERA, AV SAO PAULO SP &  IOLANDO RIBEIRO BOAVENTURA, RUA SAO PAULO SP",-23.5540176,-46.4897549
"2653","D021300431",16017,"PEDROSO DE MORAIS, AV",16263,"PINHEIROS, RUA DOS",0,"","16/02/2013 13:10",2,"CO",14,1453," "," ",1,0,0,0,1,0,0,0,0,0,0,0,0,0,0,0,0,16017,"PEDROSO DE MORAIS, AV",16263,"PINHEIROS, RUA DOS",63,"PINHEIROS",1,0,"PEDROSO DE MORAIS, AV SAO PAULO SP &  PINHEIROS, RUA DOS SAO PAULO SP",-23.5604714,-46.6945891
"2654","D021301532",42369,"AIRTON SENNA DA SILVA, VIA",NA,"",20,"","16/02/2013 13:30",2,"CO",62,1299," "," ",1,0,0,0,0,0,0,0,0,0,0,1,0,0,0,0,0,42369,"AIRTON SENNA DA SILVA, VIA",NA,"",18,"CANGAIBA",1,0,"AIRTON SENNA DA SILVA, VIA 20 SAO PAULO SP",-23.5183688,-46.5552173
"2655","D021300477",6471,"SAO VICENTE, AV MARQ DE",38857,"NICOLAS BOER, AV",0,"","16/02/2013 13:55",4,"AT",23,876," "," ",1,0,0,0,0,0,0,0,0,0,0,0,0,0,0,0,0,6471,"SAO VICENTE, AV MARQ DE",38857,"NICOLAS BOER, AV",6,"BARRA FUNDA",1,0,"SAO VICENTE, AV MARQ DE SAO PAULO SP &  NICOLAS BOER, AV SAO PAULO SP",-23.518671,-46.6777488
"2656","D021301151",4736,"CELSO GARCIA, AV",NA,"",4105,"","16/02/2013 14:00",2,"CL",52,475,"B"," ",1,1,0,0,0,0,0,0,0,0,0,0,0,0,0,0,0,4736,"CELSO GARCIA, AV",NA,"",82,"TATUAPE",2,0,"CELSO GARCIA, AV 4105 SAO PAULO SP",-23.5358323,-46.5726672
"2657","D021301630",64003,"JERONIMO DIAS RIBEIRO, RUA",NA,"",16,"","16/02/2013 14:00",2,"CT",44,727," "," ",0,1,0,0,0,0,0,0,0,0,0,0,0,0,0,1,0,64003,"JERONIMO DIAS RIBEIRO, RUA",NA,"",50,"LIMAO",4,0,"JERONIMO DIAS RIBEIRO, RUA 16 SAO PAULO SP",-23.5596601,-46.3990454
"2658","D021300769",5567,"CRUZEIRO DO SUL, AV",NA,"",3000,"","16/02/2013 14:00",2,"CT",9,1013," "," ",1,1,0,0,0,0,0,0,0,0,0,0,0,0,0,0,0,5567,"CRUZEIRO DO SUL, AV",NA,"",5,"ARTUR ALVIM",2,0,"CRUZEIRO DO SUL, AV 3000 SAO PAULO SP",-23.5040017,-46.624624
"2659","D021300907",15426,"PARADA PINTO, AV",NA,"",1811,"","16/02/2013 14:05",2,"CO",38,646," "," ",1,1,0,0,0,0,0,0,0,0,0,0,0,0,0,0,0,15426,"PARADA PINTO, AV",NA,"",8,"BELEM",1,0,"PARADA PINTO, AV 1811 SAO PAULO SP",-23.4697748,-46.6549112
"2662","D021300242",14449,"NAZARE, AV",NA,"",9999,"","16/02/2013 15:40",4,"AT",17,923," "," ",0,0,1,0,0,0,0,0,0,0,0,0,0,0,0,0,0,14449,"NAZARE, AV",NA,"",33,"IPIRANGA",1,0,"NAZARE, AV 9999 SAO PAULO SP",-23.5977633,-46.6089284
"2663","D021301538",8482,"GUILHERME DE OLIVEIRA SA, RUA",NA,"",693,"","16/02/2013 16:30",2,"CH",62,1693," "," ",0,1,0,0,0,0,0,0,0,0,0,0,0,0,0,0,0,8482,"GUILHERME DE OLIVEIRA SA, RUA",NA,"",28,"ERMELINO MATARA",2,0,"GUILHERME DE OLIVEIRA SA, RUA 693 SAO PAULO SP",-23.4981555,-46.4801864
"2664","D021301050",13177,"MARIA CARLOTA, RUA",NA,"",900,"","16/02/2013 17:06",2,"CL",10,1823," "," ",0,1,0,0,0,0,0,0,0,0,0,1,0,0,0,0,0,13177,"MARIA CARLOTA, RUA",NA,"",60,"PENHA",1,0,"MARIA CARLOTA, RUA 900 SAO PAULO SP",-23.5295998,-46.5279811
"2665","D021300304",5965,"DJALMA PINHEIRO FRANCO, RUA DR",4648,"CAVAS, RUA DAS",0,"","16/02/2013 17:09",2,"CO",35,1557," "," ",1,1,0,0,0,0,0,0,0,0,0,0,0,0,0,0,0,4648,"CAVAS, RUA DAS",5965,"DJALMA PINHEIRO FRANCO, RUA DR",37,"JABAQUARA",1,0,"DJALMA PINHEIRO FRANCO, RUA DR SAO PAULO SP &  CAVAS, RUA DAS SAO PAULO SP",-23.6521435,-46.6655215
"2666","D021301051",14932,"OLGA ARTACHO, RUA",NA,"",681,"","16/02/2013 17:11",4,"AT",10,1824," "," ",1,0,0,0,0,0,0,0,0,0,0,0,0,0,0,0,0,14932,"OLGA ARTACHO, RUA",NA,"",41,"JARAGUA",1,0,"OLGA ARTACHO, RUA 681 SAO PAULO SP",-23.4993091,-46.5295076
"2667","D021301020",16838,"RAIMUNDO PEREIRA DE MAGAL., AV",NA,"",10546,"","16/02/2013 17:30",4,"AT",74,1406," "," ",0,0,0,0,0,0,0,0,0,0,0,0,0,0,0,1,0,16838,"RAIMUNDO PEREIRA DE MAGAL., AV",NA,"",31,"GUAIANASES",1,0,"RAIMUNDO PEREIRA DE MAGAL., AV 10546 SAO PAULO SP",-23.4489018,-46.7215264
"2668","D021300179",10101,"JOAO, AV S",14750,"NOTHMANN, AL",0,"","16/02/2013 17:30",4,"AT",77,735," "," ",1,0,0,0,0,0,0,0,0,0,0,0,0,0,0,0,0,10101,"JOAO, AV S",14750,"NOTHMANN, AL",70,"SANTA CECILIA",1,0,"JOAO, AV S SAO PAULO SP &  NOTHMANN, AL SAO PAULO SP",-23.54057,-46.6434402
"2669","D021301572",7552,"FRANCISCO RODRIGUES SECKLER, RUA",NA,"",678,"","16/02/2013 18:30",4,"AT",64,1690," "," ",1,0,0,0,0,0,0,0,0,0,0,0,0,0,0,0,0,7552,"FRANCISCO RODRIGUES SECKLER, RUA",NA,"",36,"ITAQUERA",1,0,"FRANCISCO RODRIGUES SECKLER, RUA 678 SAO PAULO SP",-23.5261038,-46.4555393
"2670","D021300819",3813,"CAETANO ALVARES, AV ENG",10324,"JOAO GUALBERTO, RUA PDE",0,"","16/02/2013 18:50",2,"CO",13,1668," "," ",1,1,0,0,0,0,0,0,0,0,0,0,0,0,0,0,0,3813,"CAETANO ALVARES, AV ENG",10324,"JOAO GUALBERTO, RUA PDE",21,"CASA VERDE",2,0,"CAETANO ALVARES, AV ENG SAO PAULO SP &  JOAO GUALBERTO, RUA PDE SAO PAULO SP",-23.4830811,-46.6330478
"2671","D021301397",12403,"M'BOI MIRIM, ES",NA,"",9020,"","16/02/2013 19:30",4,"AT",100,2000," "," ",0,1,0,0,0,0,0,0,0,0,0,0,0,0,0,0,0,12403,"M'BOI MIRIM, ES",NA,"",42,"JARDIM ANGELA",2,0,"M'BOI MIRIM, ES 9020 SAO PAULO SP",-23.5505199,-46.6333094
"2672","D021301198",43408,"ABEL FERREIRA, AV VER",NA,"",2820,"","16/02/2013 19:30",2,"CT",58,1007," "," ",1,0,0,0,0,0,0,0,0,0,0,1,0,0,0,0,0,43408,"ABEL FERREIRA, AV VER",NA,"",46,"JOSE BONIFACIO",1,0,"ABEL FERREIRA, AV VER 2820 SAO PAULO SP",-23.5691413,-46.5536862
"2673","D021301332",29826,"GUILHERME J. KLOSTERNECHT, RUA",NA,"",154,"","16/02/2013 20:00",4,"AT",92,2007," "," ",0,1,0,0,0,0,0,0,0,0,0,0,0,0,0,0,0,29826,"GUILHERME J. KLOSTERNECHT, RUA",NA,"",38,"JACANA",1,0,"GUILHERME J. KLOSTERNECHT, RUA 154 SAO PAULO SP",-23.6557336,-46.7540545
"2674","D021301022",98877,"MARIA DA CONCEICAO AP.B.COSTA, RUA",NA,"",13,"","16/02/2013 20:00",4,"AT",74,1430," "," ",1,0,0,0,0,0,0,0,0,0,0,0,0,0,0,0,0,98877,"MARIA DA CONCEICAO AP.B.COSTA, RUA",NA,"",41,"JARAGUA",1,0,"MARIA DA CONCEICAO AP.B.COSTA, RUA 13 SAO PAULO SP",-23.5831635,-46.7933488
"2675","D021300905",6361,"ELISIO TEIXEIRA LEITE, AV",2358,"ARTUR FAJARDO, RUA DR",0,"","16/02/2013 20:00",4,"AT",28,2304," "," ",0,0,0,0,0,0,0,0,0,0,0,0,0,0,0,1,0,2358,"ARTUR FAJARDO, RUA DR",6361,"ELISIO TEIXEIRA LEITE, AV",29,"FREGUESIA DO O",1,0,"ELISIO TEIXEIRA LEITE, AV SAO PAULO SP &  ARTUR FAJARDO, RUA DR SAO PAULO SP",-23.4851402,-46.6992218
"2676","D021301842",2522,"AUGUSTO DE CASTRO, AV",74208,"FELICIO ROSCITO, RUA",0,"","16/02/2013 20:15",2,"CO",98,1797,"B"," ",0,1,1,0,0,0,0,0,0,0,0,0,0,0,0,0,0,2522,"AUGUSTO DE CASTRO, AV",74208,"FELICIO ROSCITO, RUA",59,"PEDREIRA",0,1,"AUGUSTO DE CASTRO, AV SAO PAULO SP &  FELICIO ROSCITO, RUA SAO PAULO SP",-23.6896127,-46.6618546
"2677","D021300848",4775,"CEREJEIRAS, AV DAS",NA,"",2308,"","16/02/2013 21:30",2,"CH",19,1442," "," ",1,1,0,0,0,0,0,0,0,0,0,0,0,0,0,0,0,4775,"CEREJEIRAS, AV DAS",NA,"",94,"VILA MEDEIROS",1,0,"CEREJEIRAS, AV DAS 2308 SAO PAULO SP",-23.5022963,-46.5727104
"2678","D021301659",9044,"RAGUEB CHOHFI, AV",NA,"",4930,"","16/02/2013 21:30",2,"CO",49,2273,"B"," ",1,1,0,0,0,0,0,0,0,0,0,0,0,0,0,0,0,9044,"RAGUEB CHOHFI, AV",NA,"",32,"IGUATEMI",3,0,"RAGUEB CHOHFI, AV 4930 SAO PAULO SP",-23.5956913,-46.4381598
"2680","D021301449",62092,"OLHO D'AGUA DO BORGES, RUA",NA,"",100,"","16/02/2013 22:00",2,"CO",24,845,"B"," ",2,0,0,0,0,0,0,0,0,0,0,0,0,0,0,0,0,62092,"OLHO D'AGUA DO BORGES, RUA",NA,"",0,"NULL",2,0,"OLHO D'AGUA DO BORGES, RUA 100 SAO PAULO SP",-23.4956096,-46.5078875
"2681","D021300663",15761,"PAULO MARANHAO, RUA",NA,"",4,"","16/02/2013 22:00",4,"AT",75,1277," "," ",1,0,0,0,0,0,0,0,0,0,0,0,0,0,0,0,0,15761,"PAULO MARANHAO, RUA",NA,"",13,"CACHOEIRINHA",1,0,"PAULO MARANHAO, RUA 4 SAO PAULO SP",-23.5462261,-46.6528823
"2682","D021301760",59048,"RIACHO DOS MACHADOS, AV",NA,"",125,"","16/02/2013 22:02",2,"QM",69,1596," "," ",0,1,0,0,0,0,0,0,0,0,0,0,0,0,0,0,0,59048,"RIACHO DOS MACHADOS, AV",NA,"",56,"PARELHEIROS",1,0,"RIACHO DOS MACHADOS, AV 125 SAO PAULO SP",-23.5960778,-46.4942518
"2683","D021300553",7500,"FRANCISCO MORATO, AV PROF",NA,"",4551,"","16/02/2013 22:02",4,"AT",34,1278," "," ",1,0,0,0,0,0,0,0,0,0,0,0,0,0,0,0,0,7500,"FRANCISCO MORATO, AV PROF",NA,"",12,"BUTANTA",1,0,"FRANCISCO MORATO, AV PROF 4551 SAO PAULO SP",-23.5961312,-46.7392913
"2684","D021300928",277,"AFONSO LOPES VIEIRA, RUA",NA,"",70,"","16/02/2013 22:13",2,"CO",38,1439," "," ",1,0,1,0,0,0,0,0,0,0,0,0,0,0,0,0,0,277,"AFONSO LOPES VIEIRA, RUA",NA,"",13,"CACHOEIRINHA",3,0,"AFONSO LOPES VIEIRA, RUA 70 SAO PAULO SP",-23.4681978,-46.6675758
"2685","D021301828",6932,"FEIJO, AV REG",1220,"ANALIA FRANCO, RUA",0,"","16/02/2013 22:17",4,"AT",31,863," "," ",1,0,0,0,0,0,0,0,0,0,0,0,0,0,0,0,0,1220,"ANALIA FRANCO, RUA",6932,"FEIJO, AV REG",1,"AGUA RASA",0,1,"FEIJO, AV REG SAO PAULO SP &  ANALIA FRANCO, RUA SAO PAULO SP",-23.558646,-46.569806
"2687","D021301023",6361,"ELISIO TEIXEIRA LEITE, AV",NA,"",6440,"","16/02/2013 22:50",2,"CO",74,1443," "," ",0,1,0,0,0,0,0,0,1,0,0,0,0,0,0,0,0,6361,"ELISIO TEIXEIRA LEITE, AV",NA,"",29,"FREGUESIA DO O",1,0,"ELISIO TEIXEIRA LEITE, AV 6440 SAO PAULO SP",-23.4465282,-46.7172019
"2688","D021300609",27840,"HERCULANO JOSE DOS SANTOS, RUA",NA,"",314,"","16/02/2013 23:30",2,"SI",46,1478," "," ",1,1,0,0,0,0,0,0,0,0,0,0,0,0,0,0,0,27840,"HERCULANO JOSE DOS SANTOS, RUA",NA,"",3,"ANHANGUERA",2,0,"HERCULANO JOSE DOS SANTOS, RUA 314 SAO PAULO SP",-23.4411885,-46.7890792
"2691","D021301500",17820,"TITO, AV MAL",NA,"",4200,"","16/02/2013 23:45",2,"CT",50,2096," "," ",3,0,0,0,0,0,0,0,0,0,0,0,0,0,0,0,0,17820,"TITO, AV MAL",NA,"",53,"MOEMA",2,0,"TITO, AV MAL 4200 SAO PAULO SP",-23.4961169,-46.4027721
"2692","D021301549",9084,"IMPERADOR, ES DO",NA,"",4696,"","17/02/2013 00:15",2,"CO",63,1201," "," ",1,1,0,0,0,0,0,0,0,0,0,0,0,0,0,0,0,9084,"IMPERADOR, ES DO",NA,"",89,"VILA JACUI",2,0,"IMPERADOR, ES DO 4696 SAO PAULO SP",-23.5505199,-46.6333094
"2693","D021301823",17820,"TITO, AV MAL",NA,"",6500,"","17/02/2013 01:00",4,"AT",50,2027,"B"," ",1,0,1,0,0,0,0,0,0,0,0,0,0,0,0,0,0,17820,"TITO, AV MAL",NA,"",53,"MOEMA",0,1,"TITO, AV MAL 6500 SAO PAULO SP",-23.4905176,-46.3861667
"2694","D021301296",20048,"YERVANT KISSAJIKIAN, AV",NA,"",536,"","17/02/2013 02:00",2,"CF",80,1807," "," ",0,2,0,0,0,0,0,0,0,0,0,0,0,0,0,0,0,20048,"YERVANT KISSAJIKIAN, AV",NA,"",29,"FREGUESIA DO O",4,0,"YERVANT KISSAJIKIAN, AV 536 SAO PAULO SP",-23.6676145,-46.6737701
"2695","D021300135",543,"ALCANTARA MACHADO, AV",19163,"TRILHOS, RUA DOS",0,"","17/02/2013 02:00",2,"CH",8,1193," "," ",1,0,0,0,0,0,0,0,0,0,0,0,0,0,0,0,0,543,"ALCANTARA MACHADO, AV",11492,"KENNEDY, PCA PRES",54,"MOOCA",2,0,"ALCANTARA MACHADO, AV SAO PAULO SP &  TRILHOS, RUA DOS SAO PAULO SP",-23.5528151,-46.613419
"2696","D021300646",16738,"TASSELLI UGO, RUA",NA,"",58,"","17/02/2013 03:40",2,"SI",51,1476," "," ",0,1,0,0,0,0,0,0,0,0,0,0,0,0,0,0,0,16738,"TASSELLI UGO, RUA",NA,"",13,"CACHOEIRINHA",2,0,"TASSELLI UGO, RUA 58 SAO PAULO SP",-23.5681696,-46.7635009
"2697","D021301517",30718,"JOSE MARTINS LISBOA, AV",NA,"",704,"","17/02/2013 04:30",2,"CF",59,2043," "," ",2,0,0,0,0,0,0,0,0,0,0,0,0,0,0,0,0,30718,"JOSE MARTINS LISBOA, AV",NA,"",53,"MOEMA",1,0,"JOSE MARTINS LISBOA, AV 704 SAO PAULO SP",-23.4815604,-46.4168298
"2698","D021300342",18914,"GIACOMO COZZARELLI, RUA",5987,"ARNALDO JOAO SEMERARO, RUA PROF",0,"","17/02/2013 04:35",2,"QM",83,900035," "," ",0,1,0,0,0,0,0,0,0,0,0,0,0,0,0,0,0,5987,"ARNALDO JOAO SEMERARO, RUA PROF",18914,"GIACOMO COZZARELLI, RUA",69,"SACOMA",1,0,"GIACOMO COZZARELLI, RUA SAO PAULO SP &  ARNALDO JOAO SEMERARO, RUA PROF SAO PAULO SP",-23.6535196,-46.6036168
"2699","D021301550",25905,"AMENDOEIRAS, RUA DAS",NA,"",133,"","17/02/2013 04:40",2,"CO",63,1202," "," ",1,1,0,0,0,0,0,0,0,0,0,0,0,0,0,0,0,25905,"AMENDOEIRAS, RUA DAS",NA,"",53,"MOEMA",1,0,"AMENDOEIRAS, RUA DAS 133 SAO PAULO SP",-23.5136786,-46.4501201
"2700","D021301333",13357,"MARIA COELHO AGUIAR, AV",NA,"",1600,"","17/02/2013 05:15",2,"CH",92,2020," "," ",1,0,0,1,0,0,0,0,0,0,0,0,0,0,0,0,0,13357,"MARIA COELHO AGUIAR, AV",NA,"",45,"JARDIM SAO LUIS",1,0,"MARIA COELHO AGUIAR, AV 1600 SAO PAULO SP",-23.6572627,-46.7360247
"2702","D021300391",60063,"ANTIGA DO MAR, ES",NA,"",200,"","17/02/2013 06:20",2,"CO",97,553," "," ",0,2,0,0,0,0,0,0,0,0,0,0,0,0,0,0,0,60063,"ANTIGA DO MAR, ES",NA,"",42,"JARDIM ANGELA",1,0,"ANTIGA DO MAR, ES 200 SAO PAULO SP",-23.5505199,-46.6333094
"2703","D021301426",17110,"RIO BONITO, AV DO",NA,"",2360,"","17/02/2013 06:31",4,"AT",102,1810," "," ",1,0,0,0,0,0,0,0,0,0,0,0,0,0,0,0,0,17110,"RIO BONITO, AV DO",NA,"",32,"IGUATEMI",1,0,"RIO BONITO, AV DO 2360 SAO PAULO SP",-23.693821,-46.7016496
"2704","D021301427",8368,"GUARAPIRANGA, AV",18377,"SOCORRO, LGO DO",0,"","17/02/2013 06:45",2,"CO",102,1811," "," ",1,1,0,0,0,0,0,0,0,0,0,0,0,0,0,0,0,8368,"GUARAPIRANGA, AV",18377,"SOCORRO, LGO DO",81,"SOCORRO",1,0,"GUARAPIRANGA, AV SAO PAULO SP &  SOCORRO, LGO DO SAO PAULO SP",-23.6663547,-46.7199235
"2705","D021301460",71932,"JOSE DO BELMONTE, RUA S",61695,"BARRA DOS COQUEIROS, RUA",0,"","17/02/2013 07:00",2,"CH",24,1709," "," ",1,0,0,0,0,0,0,0,0,0,0,0,0,0,0,0,0,61695,"BARRA DOS COQUEIROS, RUA",71932,"JOSE DO BELMONTE, RUA S",18,"CANGAIBA",1,0,"JOSE DO BELMONTE, RUA S SAO PAULO SP &  BARRA DOS COQUEIROS, RUA SAO PAULO SP",-23.4957088,-46.5015347
"2706","D021301635",72670,"INACIO MONTEIRO, RUA",NA,"",9940,"","17/02/2013 07:20",2,"CO",44,1046," "," ",1,0,1,0,0,0,0,0,0,0,0,0,0,0,0,0,0,72670,"INACIO MONTEIRO, RUA",NA,"",50,"LIMAO",4,0,"INACIO MONTEIRO, RUA 9940 SAO PAULO SP",-23.5854179,-46.3824044
"2707","D021301350",20048,"YERVANT KISSAJIKIAN, AV",NA,"",3749,"","17/02/2013 07:25",4,"AT",98,1814," "," ",0,1,0,0,0,0,0,0,0,0,0,0,0,0,0,0,0,20048,"YERVANT KISSAJIKIAN, AV",NA,"",29,"FREGUESIA DO O",3,0,"YERVANT KISSAJIKIAN, AV 3749 SAO PAULO SP",-23.6849902,-46.6475897
"2708","D021301640",62590,"GUILHERME DE ABREU SODRE, AV DR",NA,"",10,"","17/02/2013 09:40",4,"AT",44,2296," "," ",0,0,0,0,0,0,0,1,0,0,0,0,0,0,0,0,0,62590,"GUILHERME DE ABREU SODRE, AV DR",NA,"",50,"LIMAO",1,0,"GUILHERME DE ABREU SODRE, AV DR 10 SAO PAULO SP",-23.567167,-46.4062848
"2709","D021301024",75479,"FERNANDO MENDES DE ALMEIDA, AV",NA,"",1162,"","17/02/2013 10:40",4,"AT",74,1466," "," ",1,0,0,0,0,0,0,0,0,0,0,0,0,0,0,0,0,75479,"FERNANDO MENDES DE ALMEIDA, AV",NA,"",40,"JAGUARE",1,0,"FERNANDO MENDES DE ALMEIDA, AV 1162 SAO PAULO SP",-23.4266951,-46.7144365
"2710","D021300223",6013,"DOMINGOS DE MORAIS, RUA",NA,"",1860,"","17/02/2013 10:45",4,"AT",16,3126," "," ",1,0,0,0,0,0,0,0,0,0,0,0,0,0,0,0,0,6013,"DOMINGOS DE MORAIS, RUA",NA,"",92,"VILA MARIANA",1,0,"DOMINGOS DE MORAIS, RUA 1860 SAO PAULO SP",-23.5921364,-46.6366463
"2711","D021300679",16838,"RAIMUNDO PEREIRA DE MAGAL., AV",73499,"MENOTTI LAUDISIO, AV",0,"","17/02/2013 11:50",4,"AT",87,1497,"B"," ",0,0,1,0,0,0,0,0,0,0,0,0,0,0,0,0,0,16838,"RAIMUNDO PEREIRA DE MAGAL., AV",73499,"MENOTTI LAUDISIO, AV",64,"PIRITUBA",2,0,"RAIMUNDO PEREIRA DE MAGAL., AV SAO PAULO SP &  MENOTTI LAUDISIO, AV SAO PAULO SP",-23.4806625,-46.7253209
"2713","D021301442",1589,"ANTONIO BERNARDO SILVESTRE, AV",NA,"",353,"","17/02/2013 12:58",4,"AT",22,1228," "," ",1,0,0,0,0,0,0,0,0,0,0,0,0,0,0,0,0,1589,"ANTONIO BERNARDO SILVESTRE, AV",NA,"",76,"SAO MIGUEL",1,0,"ANTONIO BERNARDO SILVESTRE, AV 353 SAO PAULO SP",-23.498088,-46.4458003
"2714","D021301025",11665,"LAZARO AMANCIO DE BARROS, ES",NA,"",294,"","17/02/2013 13:17",2,"SI",74,1471," "," ",0,1,0,0,0,0,0,0,0,0,0,0,0,0,0,0,0,11665,"LAZARO AMANCIO DE BARROS, ES",NA,"",11,"BRASILANDIA",2,0,"LAZARO AMANCIO DE BARROS, ES 294 SAO PAULO SP",-23.5505199,-46.6333094
"2715","D021301428",11017,"JOSE JOAQUIM CESAR, RUA",NA,"",74,"","17/02/2013 13:42",2,"CH",102,1824," "," ",1,0,0,0,0,0,0,0,0,0,0,0,0,0,0,0,0,11017,"JOSE JOAQUIM CESAR, RUA",NA,"",32,"IGUATEMI",1,0,"JOSE JOAQUIM CESAR, RUA 74 SAO PAULO SP",-23.690939,-46.7108625
"2716","D021300929",9170,"INES, AV STA",NA,"",1683,"","17/02/2013 14:00",2,"CO",38,1420," "," ",1,1,0,0,0,0,0,0,0,0,0,0,0,0,0,0,0,9170,"INES, AV STA",NA,"",51,"MANDAQUI",1,0,"INES, AV STA 1683 SAO PAULO SP",-23.456645,-46.6490756
"2717","D021300090",17812,"SAO JOAQUIM, RUA CD DE",NA,"",404,"","17/02/2013 14:30",4,"AT",5,1269," "," ",1,0,0,0,0,0,0,0,0,0,0,0,0,0,0,0,0,17812,"SAO JOAQUIM, RUA CD DE",NA,"",2,"ALTO DE PINHEIR",1,0,"SAO JOAQUIM, RUA CD DE 404 SAO PAULO SP",-23.5505199,-46.6333094