"","id_acidente","codloga","logradouroA","codlogb","logradouroB","alt_num","referencia","data","cod_acid","tipo_acidente","dp","numero_BO","sentido","pista","automovel","moto","onibus","caminhao","bicicleta","moto_taxi","onibus_fretado","onibus_urbano","microonibus","van","vuc","caminhonete","carreta","jipe","outros","sem_informacao","carroca","princ_a","paiA","princ_b","paiB","cod_distrito","distrito","vit_ferida","vit_morta","local","lat","lon"
"2719","D021300647",18605,"JOSE DO PATROCINIO WAETGE, RUA",13019,"ESCOLA POLITECNICA, AV",0,"","17/02/2013 16:39",2,"CO",51,1492," "," ",0,0,0,0,1,0,0,0,0,0,0,1,0,0,0,0,0,13019,"ESCOLA POLITECNICA, AV",18605,"JOSE DO PATROCINIO WAETGE, RUA",68,"RIO PEQUENO",1,0,"JOSE DO PATROCINIO WAETGE, RUA SAO PAULO SP &  ESCOLA POLITECNICA, AV SAO PAULO SP",-23.5692483,-46.7621585
"2720","D021301686",11830,"LIDER, AV",NA,"",3000,"","17/02/2013 17:00",4,"AT",53,1067," "," ",0,1,0,0,0,0,0,0,0,0,0,0,0,0,0,0,0,11830,"LIDER, AV",NA,"",24,"CIDADE LIDER",1,0,"LIDER, AV 3000 SAO PAULO SP",-23.5544217,-46.466827
"2721","D021301696",11830,"LIDER, AV",NA,"",3000,"","17/02/2013 17:00",4,"AT",53,900025," "," ",0,1,0,0,0,0,0,0,0,0,0,0,0,0,0,0,0,11830,"LIDER, AV",NA,"",24,"CIDADE LIDER",1,0,"LIDER, AV 3000 SAO PAULO SP",-23.5544217,-46.466827
"2722","D021300610",1429,"ANHANGUERA, VIA",NA,"",24800,"","17/02/2013 18:10",2,"SI",46,1511," "," ",0,0,0,0,1,0,0,0,0,0,0,1,0,0,0,0,0,1429,"ANHANGUERA, VIA",NA,"",73,"SAO DOMINGOS",1,0,"ANHANGUERA, VIA 24800 SAO PAULO SP",-23.4900941,-46.7665396
"2723","D021301231",19931,"WASHINGTON LUIS, AV",NA,"",3052,"","17/02/2013 18:22",2,"CO",11,1834," "," ",1,1,0,0,0,0,0,0,0,0,0,0,0,0,0,0,0,19931,"WASHINGTON LUIS, AV",NA,"",30,"GRAJAU",1,0,"WASHINGTON LUIS, AV 3052 SAO PAULO SP",-23.6525545,-46.6813636
"2724","D021300902",36284,"PETRONIO PORTELA, AV MIN",NA,"",1677,"","17/02/2013 20:10",2,"CL",28,1708," "," ",0,1,0,0,0,0,0,0,0,0,0,1,0,0,0,0,0,36284,"PETRONIO PORTELA, AV MIN",NA,"",4,"ARICANDUVA",1,0,"PETRONIO PORTELA, AV MIN 1677 SAO PAULO SP",-23.4855531,-46.6963076
"2725","D021301142",11441,"JUSTINIANO, RUA",13219,"MARIA DO CARMO, RUA",0,"","17/02/2013 20:26",2,"CO",42,1040," "," ",2,0,0,0,0,0,0,0,0,0,0,0,0,0,0,0,0,11441,"JUSTINIANO, RUA",13219,"MARIA DO CARMO, RUA",95,"VILA PRUDENTE",1,0,"JUSTINIANO, RUA SAO PAULO SP &  MARIA DO CARMO, RUA SAO PAULO SP",-23.601936,-46.5634558
"2726","D021301007",4118,"BASILIO ALVES MORANGO, RUA",3184,"BENFICA, RUA",0,"","17/02/2013 20:30",2,"CO",73,1705," "," ",1,1,0,0,0,0,0,0,0,0,0,0,0,0,0,0,0,3184,"BENFICA, RUA",4118,"BASILIO ALVES MORANGO, RUA",94,"VILA MEDEIROS",2,0,"BASILIO ALVES MORANGO, RUA SAO PAULO SP &  BENFICA, RUA SAO PAULO SP",-23.4799565,-46.5629502
"2727","D021300611",46890,"ALEXIOS JAFET (ESTR.CAMPINAS), AV",NA,"",850,"","17/02/2013 21:00",2,"SI",46,1516," "," ",1,1,0,0,0,0,0,0,0,0,0,0,0,0,0,0,0,46890,"ALEXIOS JAFET (ESTR.CAMPINAS), AV",NA,"",41,"JARAGUA",2,0,"ALEXIOS JAFET (ESTR.CAMPINAS), AV 850 SAO PAULO SP",-23.5682821,-46.6555755
"2728","D021301008",3199,"BENJAMIN PEREIRA, RUA",NA,"",602,"","17/02/2013 22:00",2,"CO",73,1708,"B"," ",3,0,0,0,0,0,0,0,0,0,0,0,0,0,0,0,0,3199,"BENJAMIN PEREIRA, RUA",NA,"",38,"JACANA",1,0,"BENJAMIN PEREIRA, RUA 602 SAO PAULO SP",-23.4680055,-46.5876113
"2729","D021301511",21594,"KUMAKI AOKI, AV",NA,"",1149,"","17/02/2013 22:30",2,"QM",59,701," "," ",0,1,0,0,0,0,0,0,0,0,0,0,0,0,0,0,0,21594,"KUMAKI AOKI, AV",NA,"",53,"MOEMA",1,0,"KUMAKI AOKI, AV 1149 SAO PAULO SP",-23.4792426,-46.4184134
"2730","D021301497",37034,"BRENO CARAMURU TEIXEIRA, RUA DESEM",NA,"",539,"","17/02/2013 23:20",2,"SI",50,2072," "," ",1,1,0,0,0,0,0,0,0,0,0,0,0,0,0,0,0,37034,"BRENO CARAMURU TEIXEIRA, RUA DESEM",NA,"",54,"MOOCA",1,0,"BRENO CARAMURU TEIXEIRA, RUA DESEM 539 SAO PAULO SP",-23.5058857,-46.3717104
"2731","D021300930",27689,"LUIS CARLOS GENTILE DE LAET, RUA",NA,"",1325,"","17/02/2013 23:30",2,"CO",38,1486," "," ",0,1,0,0,0,0,0,1,0,0,0,0,0,0,0,0,0,27689,"LUIS CARLOS GENTILE DE LAET, RUA",NA,"",22,"CIDADE ADEMAR",2,0,"LUIS CARLOS GENTILE DE LAET, RUA 1325 SAO PAULO SP",-23.4559857,-46.6298314
"2732","D021300901",27358,"FUAD LUTFALLA, AV",NA,"",420,"","18/02/2013 01:15",2,"CH",28,1488," "," ",0,0,0,0,0,0,0,0,0,0,0,1,0,0,0,0,0,27358,"FUAD LUTFALLA, AV",NA,"",4,"ARICANDUVA",2,0,"FUAD LUTFALLA, AV 420 SAO PAULO SP",-23.4860538,-46.7104932
"2733","D021301271",79177,"AFONSO SANCHES, RUA",NA,"",100,"","18/02/2013 04:00",4,"AT",47,2120,"C"," ",0,1,0,0,0,0,0,0,0,0,0,0,0,0,0,0,0,79177,"AFONSO SANCHES, RUA",NA,"",29,"FREGUESIA DO O",1,0,"AFONSO SANCHES, RUA 100 SAO PAULO SP",-23.6816181,-46.7865934
"2734","D021301510",68208,"TUJUMIRIM, RUA",30718,"JOSE MARTINS LISBOA, AV",0,"","18/02/2013 05:55",2,"CL",59,672," "," ",1,1,0,0,0,0,0,0,0,0,0,0,0,0,0,0,0,30718,"JOSE MARTINS LISBOA, AV",68208,"TUJUMIRIM, RUA",43,"JARDIM HELENA",1,0,"TUJUMIRIM, RUA SAO PAULO SP &  JOSE MARTINS LISBOA, AV SAO PAULO SP",-23.4817344,-46.4197406
"2735","D021301498",17820,"TITO, AV MAL",NA,"",4271,"","18/02/2013 06:00",2,"CH",50,2079," "," ",1,0,0,0,0,0,0,0,0,0,0,0,0,0,0,0,0,17820,"TITO, AV MAL",NA,"",53,"MOEMA",2,0,"TITO, AV MAL 4271 SAO PAULO SP",-23.495205,-46.404264
"2737","D021301419",2483,"ATLANTICA ANT. ROBERT KENNEDY, AV",NA,"",2000,"","18/02/2013 06:20",4,"AT",102,565," "," ",0,0,0,0,0,0,0,0,0,0,0,0,0,0,0,1,0,2483,"ATLANTICA ANT. ROBERT KENNEDY, AV",NA,"",23,"CIDADE DUTRA",1,0,"ATLANTICA ANT. ROBERT KENNEDY, AV 2000 SAO PAULO SP",-23.5505199,-46.6333094
"2738","D021300577",99949,"CARLOS CALDEIRA FILHO, AV",NA,"",2205,"","18/02/2013 06:30",2,"QM",37,1358," "," ",0,1,0,0,0,0,0,0,0,0,0,0,0,0,0,0,0,99949,"CARLOS CALDEIRA FILHO, AV",NA,"",19,"CAPAO REDONDO",1,0,"CARLOS CALDEIRA FILHO, AV 2205 SAO PAULO SP",-23.6453347,-46.750598
"2739","D021300066",14804,"NOVE DE JULHO, AV",NA,"",1239,"","18/02/2013 06:40",2,"QM",4,1223," "," ",0,1,0,0,0,0,0,0,0,0,0,0,0,0,0,0,0,14804,"NOVE DE JULHO, AV",NA,"",63,"PINHEIROS",1,0,"NOVE DE JULHO, AV 1239 SAO PAULO SP",-23.5543736,-46.6482959
"2740","D021300494",4561,"CASTELO BRANCO, AV PRES",71650,"HELIO DE BARROS, RUA",0,"","18/02/2013 07:00",2,"CO",23,1781," "," ",2,0,0,0,0,0,0,0,0,0,0,0,0,0,0,0,0,4561,"CASTELO BRANCO, AV PRES",71650,"HELIO DE BARROS, RUA",6,"BARRA FUNDA",1,0,"CASTELO BRANCO, AV PRES SAO PAULO SP &  HELIO DE BARROS, RUA SAO PAULO SP",-23.5216047,-46.6390428
"2741","D021300426",18813,"TEODORO SAMPAIO, RUA",NA,"",1300,"","18/02/2013 07:10",2,"CO",14,1290," "," ",0,1,0,0,0,0,0,0,0,0,0,1,0,0,0,0,0,18813,"TEODORO SAMPAIO, RUA",NA,"",20,"CARRAO",2,0,"TEODORO SAMPAIO, RUA 1300 SAO PAULO SP",-23.5603109,-46.6820694
"2743","D021301049",7703,"GABRIELA MISTRAL, AV",NA,"",1000,"","18/02/2013 07:50",2,"CL",10,1814," "," ",0,2,0,0,0,0,0,0,0,0,0,0,0,0,0,0,0,7703,"GABRIELA MISTRAL, AV",NA,"",60,"PENHA",1,0,"GABRIELA MISTRAL, AV 1000 SAO PAULO SP",-23.5123568,-46.5509276
"2744","D021300724",12436,"MACEDO SOARES, AV EMB",19005,"TITO, RUA S",0,"","18/02/2013 08:00",2,"CO",91,1162," "," ",0,1,0,0,0,0,0,0,0,0,0,0,0,0,0,0,0,12436,"MACEDO SOARES, AV EMB",19005,"TITO, RUA S",48,"LAPA",1,0,"MACEDO SOARES, AV EMB SAO PAULO SP &  TITO, RUA S SAO PAULO SP",-23.509526,-46.7091748
"2745","D021300915",64369,"AUGUSTO ROCHA, RUA",NA,"",75,"","18/02/2013 08:10",2,"CO",38,839," "," ",2,1,0,0,0,0,0,0,0,0,0,0,0,0,0,0,0,64369,"AUGUSTO ROCHA, RUA",NA,"",8,"BELEM",1,0,"AUGUSTO ROCHA, RUA 75 SAO PAULO SP",-23.4860807,-46.6435251
"2746","D021300387",24491,"IMIGRANTES, VIA DOS",NA,"",1300,"","18/02/2013 08:30",2,"CO",97,436," "," ",0,1,0,0,0,0,0,0,0,0,0,1,0,0,0,0,0,24491,"IMIGRANTES, VIA DOS",NA,"",NA,"",1,0,"IMIGRANTES, VIA DOS 1300 SAO PAULO SP",-23.8043739,-46.5893044
"2748","D021300841",6871,"FABIO PAVANI, AL SSARG",NA,"",500,"","18/02/2013 08:49",2,"CL",19,641,"C"," ",1,1,0,0,0,0,0,0,0,0,0,0,0,0,0,0,0,6871,"FABIO PAVANI, AL SSARG",NA,"",91,"VILA MARIA",2,0,"FABIO PAVANI, AL SSARG 500 SAO PAULO SP",-23.5505199,-46.6333094
"2749","D021300478",18519,"SUMARE, AV",10137,"JOAO ARRUDA, RUA PROF",0,"","18/02/2013 08:50",2,"CF",23,889," "," ",1,1,0,0,0,0,0,0,0,0,0,0,0,0,0,0,0,10137,"JOAO ARRUDA, RUA PROF",18519,"SUMARE, AV",61,"PERDIZES",1,0,"SUMARE, AV SAO PAULO SP &  JOAO ARRUDA, RUA PROF SAO PAULO SP",-22.8071539,-47.223149
"2750","D021301624",14366,"NACIONALISTAS, AV DOS",NA,"",165,"","18/02/2013 09:00",2,"CO",41,1466," "," ",1,1,0,0,0,0,0,0,0,0,0,0,0,0,0,0,0,14366,"NACIONALISTAS, AV DOS",NA,"",4,"ARICANDUVA",1,0,"NACIONALISTAS, AV DOS 165 SAO PAULO SP",-23.576183,-46.5189733
"2751","D021301321",16053,"JOSE BARROS MAGALDI, RUA",NA,"",2000,"","18/02/2013 09:02",2,"SI",92,1066," "," ",0,1,0,0,0,0,0,0,0,0,0,1,0,0,0,0,0,16053,"JOSE BARROS MAGALDI, RUA",NA,"",32,"IGUATEMI",1,0,"JOSE BARROS MAGALDI, RUA 2000 SAO PAULO SP",-23.6714789,-46.7409978
"2752","D021300433",5885,"DIOGENES RIBEIRO DE LIMA, AV",NA,"",1021,"","18/02/2013 09:30",4,"AT",14,1523," "," ",0,1,0,0,0,0,0,0,0,0,0,0,0,0,0,0,0,5885,"DIOGENES RIBEIRO DE LIMA, AV",NA,"",2,"ALTO DE PINHEIR",1,0,"DIOGENES RIBEIRO DE LIMA, AV 1021 SAO PAULO SP",-23.5484332,-46.7106588
"2753","D021301660",13671,"MATEO BEI, AV",NA,"",95,"","18/02/2013 10:09",2,"CO",49,2348," "," ",1,1,0,0,0,0,0,0,0,0,0,0,0,0,0,0,0,13671,"MATEO BEI, AV",NA,"",75,"SAO MATEUS",1,0,"MATEO BEI, AV 95 SAO PAULO SP",-23.5841556,-46.4921061
"2754","D021301117",78707,"ANTONIO ALVES BARRIL, RUA",NA,"",653,"","18/02/2013 10:59",4,"AT",30,899," "," ",0,1,0,0,0,0,0,0,0,0,0,0,0,0,0,0,0,78707,"ANTONIO ALVES BARRIL, RUA",NA,"",87,"VILA FORMOSA",1,0,"ANTONIO ALVES BARRIL, RUA 653 SAO PAULO SP",-23.5585849,-46.5605358
"2755","D021301548",46936,"JACU-PESSEGO/NOVA TRABALHADORE, AV",NA,"",3539,"","18/02/2013 11:00",2,"CO",63,1111," "," ",1,1,0,0,0,0,0,0,0,0,0,0,0,0,0,0,0,46936,"JACU-PESSEGO/NOVA TRABALHADORE, AV",NA,"",46,"JOSE BONIFACIO",1,0,"JACU-PESSEGO/NOVA TRABALHADORE, AV 3539 SAO PAULO SP",-23.5554881,-46.4458371
"2756","D021300352",11562,"LAGRIMAS, ES DAS",8185,"TITO OLIANI, RUA",0,"","18/02/2013 11:30",2,"CO",95,848," "," ",1,1,0,0,0,0,0,0,0,0,0,0,0,0,0,0,0,8185,"TITO OLIANI, RUA",11562,"LAGRIMAS, ES DAS",69,"SACOMA",1,0,"LAGRIMAS, ES DAS SAO PAULO SP &  TITO OLIANI, RUA SAO PAULO SP",-23.5505199,-46.6333094
"2757","D021301593",22053,"ANTONIO THADEO, RUA",11543,"LAGEADO VELHO, ES DO",0,"","18/02/2013 11:30",2,"CO",68,524," "," ",1,1,0,0,0,0,0,0,0,0,0,0,0,0,0,0,0,11543,"LAGEADO VELHO, ES DO",22053,"ANTONIO THADEO, RUA",47,"LAJEADO",1,0,"ANTONIO THADEO, RUA SAO PAULO SP &  LAGEADO VELHO, ES DO SAO PAULO SP",-23.5424025,-46.4058765
"2758","D021300558",7500,"FRANCISCO MORATO, AV PROF",NA,"",5249,"","18/02/2013 12:00",2,"QM",34,1414," "," ",0,1,0,0,0,0,0,0,0,0,0,0,0,0,0,0,0,7500,"FRANCISCO MORATO, AV PROF",NA,"",12,"BUTANTA",1,0,"FRANCISCO MORATO, AV PROF 5249 SAO PAULO SP",-23.6012523,-46.7429797
"2759","D021301661",9044,"RAGUEB CHOHFI, AV",NA,"",1280,"","18/02/2013 12:00",2,"CT",49,2363," "," ",2,0,0,0,0,0,0,0,0,0,0,0,0,0,0,0,0,9044,"RAGUEB CHOHFI, AV",NA,"",32,"IGUATEMI",1,0,"RAGUEB CHOHFI, AV 1280 SAO PAULO SP",-23.6018535,-46.4703902
"2760","D021300161",4561,"CASTELO BRANCO, AV PRES",NA,"",3300,"","18/02/2013 12:00",2,"CO",12,966," "," ",1,0,0,1,0,0,0,0,0,0,0,0,0,0,0,0,0,29772,"MARGINAL DO RIO TIETE, AV",NA,"",6,"BARRA FUNDA",1,0,"CASTELO BRANCO, AV PRES 3300 SAO PAULO SP",-23.5110353,-46.6843577
"2761","D021300004",16870,"RANGEL PESTANA, AV",NA,"",1200,"","18/02/2013 12:00",2,"CT",1,707," "," ",1,1,0,0,0,0,0,0,0,0,0,0,0,0,0,0,0,16870,"RANGEL PESTANA, AV",NA,"",1,"AGUA RASA",1,0,"RANGEL PESTANA, AV 1200 SAO PAULO SP",-23.5464746,-46.622742
"2762","D021301253",4069,"HORACIO ALVES DA COSTA, RUA",NA,"",610,"","18/02/2013 12:29",2,"CO",43,681,"B"," ",0,0,0,1,1,0,0,0,0,0,0,0,0,0,0,0,0,4069,"HORACIO ALVES DA COSTA, RUA",NA,"",22,"CIDADE ADEMAR",1,0,"HORACIO ALVES DA COSTA, RUA 610 SAO PAULO SP",-23.666308,-46.6662616
"2763","D021300409",928,"ALVILANDIA, RUA",NA,"",480,"","18/02/2013 13:00",2,"CO",14,812," "," ",1,1,0,0,0,0,0,0,0,0,0,0,0,0,0,0,0,928,"ALVILANDIA, RUA",NA,"",2,"ALTO DE PINHEIR",1,0,"ALVILANDIA, RUA 480 SAO PAULO SP",-23.545894,-46.7079272
"2764","D021301586",9580,"ITAQUERA, AV",15143,"BENEDITO COELHO NETTO, RUA",0,"","18/02/2013 13:15",4,"AT",65,1184," "," ",1,0,0,0,0,0,0,0,0,0,0,0,0,0,0,0,0,9580,"ITAQUERA, AV",15143,"BENEDITO COELHO NETTO, RUA",36,"ITAQUERA",1,0,"ITAQUERA, AV SAO PAULO SP &  BENEDITO COELHO NETTO, RUA SAO PAULO SP",-23.5540176,-46.4897549
"2765","D021300888",5947,"EDGAR FACO, AV GAL",17171,"RIO VERDE, RUA",0,"","18/02/2013 13:20",2,"CO",28,844," "," ",1,1,0,0,0,0,0,0,0,0,0,0,0,0,0,0,0,5947,"EDGAR FACO, AV GAL",27358,"FUAD LUTFALLA, AV",64,"PIRITUBA",1,0,"EDGAR FACO, AV GAL SAO PAULO SP &  RIO VERDE, RUA SAO PAULO SP",-23.4986333,-46.7070233
"2766","D021300434",3339,"BEETHOVEN, PCA",1739,"ANTONIO DE GOUVEIA GIUDICE, RUA",0,"","18/02/2013 13:30",2,"CO",14,1531," "," ",1,1,0,0,0,0,0,0,0,0,0,0,0,0,0,0,0,1739,"ANTONIO DE GOUVEIA GIUDICE, RUA",3089,"BELINI, RUA",2,"ALTO DE PINHEIR",1,0,"BEETHOVEN, PCA SAO PAULO SP &  ANTONIO DE GOUVEIA GIUDICE, RUA SAO PAULO SP",-23.547278,-46.715495
"2767","D021300599",7153,"FIORELLI PECCICACCO, RUA",NA,"",663,"","18/02/2013 13:30",2,"CO",46,829," "," ",1,1,0,0,0,0,0,0,0,0,0,0,0,0,0,0,0,7153,"FIORELLI PECCICACCO, RUA",NA,"",62,"PERUS",1,0,"FIORELLI PECCICACCO, RUA 663 SAO PAULO SP",-23.404408,-46.7511056
"2768","D021300301",9715,"JABAQUARA, AV",NA,"",2560,"","18/02/2013 13:31",2,"CO",35,1513," "," ",1,0,0,0,1,0,0,0,0,0,0,0,0,0,0,0,0,9715,"JABAQUARA, AV",NA,"",79,"SAUDE",1,0,"JABAQUARA, AV 2560 SAO PAULO SP",-23.6264728,-46.6414348
"2769","D021301103",27094,"SALIM FARAH MALUF, AV",NA,"",21000,"","18/02/2013 13:38",2,"CO",29,458,"C"," ",0,1,0,1,0,0,0,0,0,0,0,0,0,0,0,0,0,27094,"SALIM FARAH MALUF, AV",NA,"",82,"TATUAPE",1,0,"SALIM FARAH MALUF, AV 21000 SAO PAULO SP",-23.5555392,-46.5773751
"2770","D021300745",9836,"JAGUARE, AV",NA,"",1347,"","18/02/2013 13:47",2,"QM",93,1118," "," ",0,1,0,0,0,0,0,0,0,0,0,0,0,0,0,0,0,9836,"JAGUARE, AV",NA,"",40,"JAGUARE",1,0,"JAGUARE, AV 1347 SAO PAULO SP",-23.5510946,-46.7403509
"2771","D021301290",19305,"DAVID EID, RUA",NA,"",1507,"","18/02/2013 13:52",4,"AT",80,585," "," ",1,0,0,0,0,0,0,0,0,0,0,0,0,0,0,0,0,19305,"DAVID EID, RUA",NA,"",29,"FREGUESIA DO O",1,0,"DAVID EID, RUA 1507 SAO PAULO SP",-23.6806115,-46.6697038
"2772","D021300672",6980,"FELIPE PINEL, AV DR",NA,"",2000,"","18/02/2013 14:00",2,"CO",87,865," "," ",0,0,1,0,0,0,0,0,0,0,0,0,0,0,0,1,0,6980,"FELIPE PINEL, AV DR",NA,"",64,"PIRITUBA",1,0,"FELIPE PINEL, AV DR 2000 SAO PAULO SP",-23.4732683,-46.7352277
"2774","D021301499",18940,"TIBURCIO DE SOUSA, RUA",15658,"JURARATERE, RUA",0,"","18/02/2013 15:48",2,"CF",50,2095," "," ",1,1,0,0,0,0,0,0,0,0,0,0,0,0,0,0,0,15658,"JURARATERE, RUA",18940,"TIBURCIO DE SOUSA, RUA",35,"ITAIM PAULISTA",1,0,"TIBURCIO DE SOUSA, RUA SAO PAULO SP &  JURARATERE, RUA SAO PAULO SP",-23.5111694,-46.3943311
"2775","D021300082",35600,"PEDROSO, VD",NA,"",111,"","18/02/2013 16:20",2,"CT",5,907," "," ",1,1,0,0,0,0,0,0,0,0,0,0,0,0,0,0,0,16010,"PEDROSO, RUA",NA,"",17,"CAMPO LIMPO",1,0,"PEDROSO, VD 111 SAO PAULO SP",-23.5630763,-46.6391091
"2776","D021301662",2181,"ARICANDUVA, AV",NA,"",11000,"","18/02/2013 16:30",2,"CO",49,2364," "," ",0,1,0,1,0,0,0,0,0,0,0,0,0,0,0,0,0,2181,"ARICANDUVA, AV",NA,"",60,"PENHA",1,0,"ARICANDUVA, AV 11000 SAO PAULO SP",-23.5912641,-46.4766561
"2777","D021301220",19931,"WASHINGTON LUIS, AV",NA,"",3569,"","18/02/2013 16:30",2,"CO",11,712," "," ",1,1,0,0,0,0,0,0,0,0,0,0,0,0,0,0,0,19931,"WASHINGTON LUIS, AV",NA,"",30,"GRAJAU",1,0,"WASHINGTON LUIS, AV 3569 SAO PAULO SP",-23.6474766,-46.675344
"2778","D021301607",10152,"JOAO BATISTA CONTI, AV PROF",37209,"NAGIB FARAH MALUF, AV",0,"","18/02/2013 16:40",2,"CO",103,675,"B"," ",0,0,0,0,0,0,0,1,1,0,0,0,0,0,0,0,0,10152,"JOAO BATISTA CONTI, AV PROF",37209,"NAGIB FARAH MALUF, AV",46,"JOSE BONIFACIO",4,0,"JOAO BATISTA CONTI, AV PROF SAO PAULO SP &  NAGIB FARAH MALUF, AV SAO PAULO SP",-23.5509054,-46.4372431
"2780","D021300020",33667,"LESTE-OESTE, LIG",NA,"",100,"","18/02/2013 17:15",2,"OU",1,1338," "," ",2,1,0,0,0,0,0,0,0,0,0,0,0,0,0,0,0,33667,"LESTE-OESTE, LIG",NA,"",2,"ALTO DE PINHEIR",2,0,"LESTE-OESTE, LIG 100 SAO PAULO SP",-23.5505199,-46.6333094
"2781","D021300539",19461,"VALERIO, AV S",11983,"LOPES DE AZEVEDO, AV",0,"","18/02/2013 17:20",2,"CT",34,1045," "," ",1,1,0,0,0,0,0,0,0,0,0,0,0,0,0,0,0,11983,"LOPES DE AZEVEDO, AV",14663,"NORDESTINO, RUA",55,"MORUMBI",1,0,"VALERIO, AV S SAO PAULO SP &  LOPES DE AZEVEDO, AV SAO PAULO SP",-23.5828258,-46.7026391
"2782","D021300479",8554,"GUSTAVO TEIXEIRA, RUA",3939,"CAMARGO ARANHA, RUA",0,"","18/02/2013 17:44",2,"QM",23,912," "," ",0,1,0,0,0,0,0,0,0,0,0,0,0,0,0,0,0,3939,"CAMARGO ARANHA, RUA",8554,"GUSTAVO TEIXEIRA, RUA",61,"PERDIZES",1,0,"GUSTAVO TEIXEIRA, RUA SAO PAULO SP &  CAMARGO ARANHA, RUA SAO PAULO SP",-23.5437259,-46.6679131
"2783","D021300507",14350,"MUTINGA, AV",NA,"",4752,"","18/02/2013 17:50",2,"CO",33,1546," "," ",2,0,0,0,0,0,0,0,0,0,0,0,0,0,0,0,0,14350,"MUTINGA, AV",NA,"",64,"PIRITUBA",1,0,"MUTINGA, AV 4752 SAO PAULO SP",-23.5022103,-46.7568222
"2785","D021300794",719,"ALFREDO PUJOL, RUA",988,"AMARAL GAMA, RUA",0,"","18/02/2013 18:00",2,"CL",13,471," "," ",1,1,0,0,0,0,0,0,0,0,0,0,0,0,0,0,0,719,"ALFREDO PUJOL, RUA",988,"AMARAL GAMA, RUA",71,"SANTANA",2,0,"ALFREDO PUJOL, RUA SAO PAULO SP &  AMARAL GAMA, RUA SAO PAULO SP",-23.4993697,-46.6322004
"2787","D021300098",11922,"LINS DE VASCONCELOS, AV",NA,"",2260,"","18/02/2013 18:30",2,"CO",6,874," "," ",1,1,0,0,0,0,0,0,0,0,0,0,0,0,0,0,0,11922,"LINS DE VASCONCELOS, AV",NA,"",92,"VILA MARIANA",1,0,"LINS DE VASCONCELOS, AV 2260 SAO PAULO SP",-23.5820457,-46.6270622
"2789","D021300091",15656,"PAULISTA, AV",NA,"",900,"","18/02/2013 18:50",2,"CO",5,1350," "," ",2,1,0,0,0,0,0,0,0,0,0,0,0,0,0,0,0,15656,"PAULISTA, AV",NA,"",7,"BELA VISTA",1,0,"PAULISTA, AV 900 SAO PAULO SP",-23.5650422,-46.6510771
"2790","D021301099",2181,"ARICANDUVA, AV",8608,"HEITOR DE MELO, RUA ARQ",0,"","18/02/2013 19:00",2,"CO",21,1904," "," ",2,0,0,0,0,0,0,0,0,0,0,0,0,0,0,0,0,2181,"ARICANDUVA, AV",2440,"ASTARTE, RUA",20,"CARRAO",1,0,"ARICANDUVA, AV SAO PAULO SP &  HEITOR DE MELO, RUA ARQ SAO PAULO SP",-23.5479783,-46.5260893
"2791","D021300852",351,"AGUA FRIA, AV",19519,"VAZ MUNIZ, RUA",0,"","18/02/2013 19:00",2,"CO",20,665," "," ",1,1,0,0,0,0,0,0,0,0,0,0,0,0,0,0,0,351,"AGUA FRIA, AV",19519,"VAZ MUNIZ, RUA",84,"TUCURUVI",1,0,"AGUA FRIA, AV SAO PAULO SP &  VAZ MUNIZ, RUA SAO PAULO SP",-23.4723367,-46.6180753
"2792","D021301309",15507,"TEOTONIO VILELA, AV SEN",NA,"",4430,"","18/02/2013 19:15",4,"AT",85,1202,"B"," ",0,0,1,0,0,0,0,0,0,0,0,0,0,0,0,0,0,15507,"TEOTONIO VILELA, AV SEN",NA,"",23,"CIDADE DUTRA",1,0,"TEOTONIO VILELA, AV SEN 4430 SAO PAULO SP",-23.7391286,-46.701512
"2793","D021301817",15507,"TEOTONIO VILELA, AV SEN",NA,"",4430,"","18/02/2013 19:15",4,"AT",14,1725,"B"," ",0,0,1,0,0,0,0,0,0,0,0,0,0,0,0,0,0,15507,"TEOTONIO VILELA, AV SEN",NA,"",23,"CIDADE DUTRA",0,1,"TEOTONIO VILELA, AV SEN 4430 SAO PAULO SP",-23.7391286,-46.701512
"2794","D021300952",11321,"JULIO BUONO, AV",NA,"",920,"","18/02/2013 19:20",2,"CO",39,1731," "," ",0,1,0,0,1,0,0,0,0,0,0,0,0,0,0,0,0,11321,"JULIO BUONO, AV",NA,"",94,"VILA MEDEIROS",1,0,"JULIO BUONO, AV 920 SAO PAULO SP",-23.4908095,-46.596079
"2795","D021300749",8603,"HEITOR ANTONIO EIRAS GARCIA, AV ENG",NA,"",80,"","18/02/2013 20:30",2,"CO",93,1218," "," ",1,1,0,0,0,0,0,0,0,0,0,0,0,0,0,0,0,8603,"HEITOR ANTONIO EIRAS GARCIA, AV ENG",NA,"",68,"RIO PEQUENO",1,0,"HEITOR ANTONIO EIRAS GARCIA, AV ENG 80 SAO PAULO SP",-23.5735621,-46.7371404