"","id_acidente","codloga","logradouroA","codlogb","logradouroB","alt_num","referencia","data","cod_acid","tipo_acidente","dp","numero_BO","sentido","pista","automovel","moto","onibus","caminhao","bicicleta","moto_taxi","onibus_fretado","onibus_urbano","microonibus","van","vuc","caminhonete","carreta","jipe","outros","sem_informacao","carroca","princ_a","paiA","princ_b","paiB","cod_distrito","distrito","vit_ferida","vit_morta","local","lat","lon"
"2797","D021300162",10485,"JOAO TEODORO, RUA",NA,"",860,"","18/02/2013 20:30",4,"AT",12,975," "," ",1,0,0,0,0,0,0,0,0,0,0,0,0,0,0,0,0,10485,"JOAO TEODORO, RUA",NA,"",10,"BRAS",1,0,"JOAO TEODORO, RUA 860 SAO PAULO SP",-23.5345758,-46.6242462
"2798","D021301663",22160,"SATELITE, AV",21470,"LUA, RUA",0,"","18/02/2013 20:57",2,"CO",49,2376," "," ",1,1,0,0,0,0,0,0,0,0,0,0,0,0,0,0,0,21470,"LUA, RUA",22160,"SATELITE, AV",NA,"",1,0,"SATELITE, AV SAO PAULO SP &  LUA, RUA SAO PAULO SP",-23.6139213,-46.471401
"2799","D021300273",8944,"IBIRAPUERA, AV",14057,"MOACI, AV",0,"","18/02/2013 21:24",2,"CO",27,1712," "," ",1,1,0,0,0,0,0,0,0,0,0,0,0,0,0,0,0,8944,"IBIRAPUERA, AV",14057,"MOACI, AV",53,"MOEMA",1,0,"IBIRAPUERA, AV SAO PAULO SP &  MOACI, AV SAO PAULO SP",-23.6014353,-46.6601288
"2800","D021300068",5245,"CONSOLACAO, RUA DA",NA,"",1611,"","18/02/2013 21:30",2,"CT",4,1321," "," ",1,0,0,0,0,0,0,0,0,0,0,0,0,0,0,1,0,5245,"CONSOLACAO, RUA DA",NA,"",26,"CONSOLACAO",1,0,"CONSOLACAO, RUA DA 1611 SAO PAULO SP",-23.5511641,-46.6558165
"2801","D021300136",19958,"WILSON, AV PRES",NA,"",1323,"","18/02/2013 21:30",2,"CO",8,1277," "," ",1,1,0,0,0,0,0,0,0,0,0,0,0,0,0,0,0,19958,"WILSON, AV PRES",NA,"",16,"CAMPO GRANDE",1,0,"WILSON, AV PRES 1323 SAO PAULO SP",-23.5661956,-46.6057048
"2802","D021301351",20048,"YERVANT KISSAJIKIAN, AV",NA,"",3800,"","18/02/2013 23:00",2,"CO",98,1884," "," ",1,1,0,0,0,0,0,0,0,0,0,0,0,0,0,0,0,20048,"YERVANT KISSAJIKIAN, AV",NA,"",29,"FREGUESIA DO O",2,0,"YERVANT KISSAJIKIAN, AV 3800 SAO PAULO SP",-23.6850914,-46.6471501
"2803","D021301824",7703,"GABRIELA MISTRAL, AV",NA,"",900,"","18/02/2013 23:40",2,"CT",10,1905," "," ",0,1,1,0,0,0,0,0,0,0,0,0,0,0,0,0,0,7703,"GABRIELA MISTRAL, AV",NA,"",60,"PENHA",0,1,"GABRIELA MISTRAL, AV 900 SAO PAULO SP",-23.5133187,-46.5506989
"2804","D021301574",17949,"AMADO BAIA, RUA",NA,"",5,"","18/02/2013 23:47",2,"CH",64,1798," "," ",0,0,0,0,0,0,0,0,0,0,0,1,0,0,0,0,0,17949,"AMADO BAIA, RUA",NA,"",49,"LIBERDADE",2,0,"AMADO BAIA, RUA 5 SAO PAULO SP",-23.5266158,-46.4837593
"2805","D021300117",11649,"LAVAPES, RUA DO",NA,"",444,"","19/02/2013 00:55",2,"CH",6,1257," "," ",0,0,0,1,0,0,0,0,0,0,0,1,0,0,0,0,0,11649,"LAVAPES, RUA DO",NA,"",49,"LIBERDADE",2,0,"LAVAPES, RUA DO 444 SAO PAULO SP",-23.561786,-46.6283855
"2806","D021301687",36393,"MATASHIRO YAMAGUISHY, RUA",NA,"",355,"","19/02/2013 05:40",2,"CH",53,1130," "," ",0,0,1,0,0,0,0,0,0,0,0,0,0,0,0,0,0,36393,"MATASHIRO YAMAGUISHY, RUA",NA,"",51,"MANDAQUI",4,0,"MATASHIRO YAMAGUISHY, RUA 355 SAO PAULO SP",-22.7836249,-49.3069218
"2807","D021300275",10586,"JOAQUIM NABUCO, RUA",20036,"ZACARIAS DE GOIS, RUA",0,"","19/02/2013 06:30",4,"AT",27,1790,"C"," ",1,0,0,0,0,0,0,0,0,0,0,0,0,0,0,0,0,10586,"JOAQUIM NABUCO, RUA",20036,"ZACARIAS DE GOIS, RUA",15,"CAMPO BELO",1,0,"JOAQUIM NABUCO, RUA SAO PAULO SP &  ZACARIAS DE GOIS, RUA SAO PAULO SP",-23.6292068,-46.6772389
"2808","D021301205",4736,"CELSO GARCIA, AV",NA,"",2117,"","19/02/2013 06:48",2,"CT",81,466," "," ",0,0,2,0,0,0,0,0,0,0,0,0,0,0,0,0,0,4736,"CELSO GARCIA, AV",NA,"",82,"TATUAPE",1,0,"CELSO GARCIA, AV 2117 SAO PAULO SP",-23.5368915,-46.5919459
"2809","D021301053",4128,"CANGAIBA, AV",NA,"",2164,"","19/02/2013 07:00",4,"AT",10,1919," "," ",0,1,0,0,0,0,0,0,0,0,0,0,0,0,0,0,0,4128,"CANGAIBA, AV",NA,"",18,"CANGAIBA",1,0,"CANGAIBA, AV 2164 SAO PAULO SP",-23.5081319,-46.5342379
"2810","D021300453",6238,"NACOES UNIDAS, AV DAS",14883,"OFELIA, RUA",0,"","19/02/2013 08:00",2,"CH",15,773,"B"," ",0,0,0,0,0,0,0,0,1,0,0,0,0,0,0,0,0,6238,"NACOES UNIDAS, AV DAS",14883,"OFELIA, RUA",63,"PINHEIROS",2,0,"NACOES UNIDAS, AV DAS SAO PAULO SP &  OFELIA, RUA SAO PAULO SP",-23.5735935,-46.7008864
"2811","D021300325",19583,"VERGUEIRO, RUA",23986,"VOLTAIRE, RUA",0,"","19/02/2013 08:15",2,"CO",36,631," "," ",1,1,0,0,0,0,0,0,0,0,0,0,0,0,0,0,0,19583,"VERGUEIRO, RUA",23986,"VOLTAIRE, RUA",NA,"",1,0,"VERGUEIRO, RUA SAO PAULO SP &  VOLTAIRE, RUA SAO PAULO SP",-23.6104332,-46.6085751
"2812","D021300770",20089,"ZUQUIM, RUA DR",NA,"",517,"","19/02/2013 08:30",4,"AT",9,1049," "," ",1,0,0,0,0,0,0,0,0,0,0,0,0,0,0,0,0,20089,"ZUQUIM, RUA DR",NA,"",8,"BELEM",1,0,"ZUQUIM, RUA DR 517 SAO PAULO SP",-23.5008816,-46.622368
"2813","D021301664",9044,"RAGUEB CHOHFI, AV",NA,"",1539,"","19/02/2013 08:30",4,"AT",49,2400," "," ",0,1,0,0,0,0,0,0,0,0,0,0,0,0,0,0,0,9044,"RAGUEB CHOHFI, AV",NA,"",32,"IGUATEMI",1,0,"RAGUEB CHOHFI, AV 1539 SAO PAULO SP",-23.5997211,-46.4698185
"2814","D021301368",7917,"GERALDO SANT'ANA, AV SARG",NA,"",660,"","19/02/2013 08:40",2,"CO",99,722," "," ",1,1,0,0,0,0,0,0,0,0,0,0,0,0,0,0,0,7917,"GERALDO SANT'ANA, AV SARG",NA,"",16,"CAMPO GRANDE",1,0,"GERALDO SANT'ANA, AV SARG 660 SAO PAULO SP",-23.6635084,-46.6844927
"2816","D021300746",17162,"RIO PEQUENO, AV DO",NA,"",868,"","19/02/2013 09:30",4,"AT",93,1131," "," ",0,1,0,0,0,0,0,0,0,0,0,0,0,0,0,0,0,17162,"RIO PEQUENO, AV DO",NA,"",13,"CACHOEIRINHA",1,0,"RIO PEQUENO, AV DO 868 SAO PAULO SP",-23.5666541,-46.7537342
"2818","D021300180",16321,"PIRACICABA, AL BR DE",NA,"",286,"","19/02/2013 10:00",4,"AT",77,768," "," ",1,0,0,0,0,0,0,0,0,0,0,0,0,0,0,0,0,16321,"PIRACICABA, AL BR DE",NA,"",11,"BRASILANDIA",1,0,"PIRACICABA, AL BR DE 286 SAO PAULO SP",-23.5336842,-46.6430854
"2819","D021301581",36172,"FRANCISCO DE TOLEDO, AV PDE",NA,"",219,"","19/02/2013 10:13",2,"CO",65,548," "," ",2,0,0,0,0,0,0,0,0,0,0,0,0,0,0,0,0,36172,"FRANCISCO DE TOLEDO, AV PDE",NA,"",38,"JACANA",1,0,"FRANCISCO DE TOLEDO, AV PDE 219 SAO PAULO SP",-23.6686906,-46.5838102
"2820","D021300163",4561,"CASTELO BRANCO, AV PRES",2679,"AZURITA, RUA",0,"","19/02/2013 10:41",2,"CO",12,993," "," ",1,1,0,0,0,0,0,0,0,0,0,0,0,0,0,0,0,2679,"AZURITA, RUA",4561,"CASTELO BRANCO, AV PRES",57,"PARI",1,0,"CASTELO BRANCO, AV PRES SAO PAULO SP &  AZURITA, RUA SAO PAULO SP",-23.5216047,-46.6390428
"2821","D021300540",7500,"FRANCISCO MORATO, AV PROF",NA,"",3500,"","19/02/2013 11:00",2,"CO",34,1058," "," ",1,1,0,0,0,0,0,0,0,0,0,0,0,0,0,0,0,7500,"FRANCISCO MORATO, AV PROF",NA,"",12,"BUTANTA",1,0,"FRANCISCO MORATO, AV PROF 3500 SAO PAULO SP",-23.5903185,-46.7302696
"2822","D021301633",72670,"INACIO MONTEIRO, RUA",NA,"",6324,"","19/02/2013 11:15",4,"AT",44,956," "," ",0,0,0,0,0,0,0,0,0,0,0,0,0,0,0,1,0,72670,"INACIO MONTEIRO, RUA",NA,"",50,"LIMAO",1,0,"INACIO MONTEIRO, RUA 6324 SAO PAULO SP",-23.5762109,-46.3918584
"2823","D021300338",19253,"FRANCOIS BUNEL, RUA",NA,"",362,"","19/02/2013 11:30",2,"CO",83,425," "," ",0,1,0,0,1,0,0,0,0,0,0,0,0,0,0,0,0,19253,"FRANCOIS BUNEL, RUA",NA,"",21,"CASA VERDE",2,0,"FRANCOIS BUNEL, RUA 362 SAO PAULO SP",-23.6500488,-46.6088263
"2824","D021300541",12502,"MAGALHAES DE CASTRO, AV",NA,"",3305,"","19/02/2013 11:40",2,"CO",34,1060," "," ",1,1,0,0,0,0,0,0,0,0,0,0,0,0,0,0,0,13014,"MARGINAL DO RIO PINHEIROS, AV",NA,"",12,"BUTANTA",1,0,"MAGALHAES DE CASTRO, AV 3305 SAO PAULO SP",-23.6116422,-46.7005679
"2825","D021300303",31674,"HUGO BEOLCHI, AV DR",NA,"",539,"","19/02/2013 11:50",2,"SI",35,1547," "," ",2,0,0,0,0,0,0,0,0,0,0,0,0,0,0,0,0,31674,"HUGO BEOLCHI, AV DR",NA,"",42,"JARDIM ANGELA",1,0,"HUGO BEOLCHI, AV DR 539 SAO PAULO SP",-23.6300775,-46.6411666
"2826","D021300233",6642,"ESTADO, AV DO",15341,"PALMARES, RUA",0,"","19/02/2013 11:51",2,"CO",17,487," "," ",1,0,0,0,0,0,0,0,0,0,0,1,0,0,0,0,0,6642,"ESTADO, AV DO",15341,"PALMARES, RUA",33,"IPIRANGA",1,0,"ESTADO, AV DO SAO PAULO SP &  PALMARES, RUA SAO PAULO SP",-23.5635869,-46.6112253
"2828","D021301292",34824,"ZIKE TUMA, RUA",12041,"JACQUES TUPINAMBA, RUA DR",0,"","19/02/2013 12:00",2,"CO",80,631," "," ",1,1,0,0,0,0,0,0,0,0,0,0,0,0,0,0,0,12041,"JACQUES TUPINAMBA, RUA DR",34824,"ZIKE TUMA, RUA",16,"CAMPO GRANDE",1,0,"ZIKE TUMA, RUA SAO PAULO SP &  JACQUES TUPINAMBA, RUA DR SAO PAULO SP",-23.6913879,-46.6775548
"2829","D021301310",38349,"RUFINO ZADO, RUA",NA,"",120,"","19/02/2013 12:25",2,"CP",85,900091," "," ",1,0,0,0,0,0,0,0,0,0,0,0,0,0,0,0,0,38349,"RUFINO ZADO, RUA",NA,"",32,"IGUATEMI",1,0,"RUFINO ZADO, RUA 120 SAO PAULO SP",-23.7688637,-46.6765786
"2830","D021300164",19713,"VILA GUILHERME, PTE DA",NA,"",10,"","19/02/2013 12:40",2,"CO",12,996," "," ",0,0,0,1,1,0,0,0,0,0,0,0,0,0,0,0,0,19713,"VILA GUILHERME, PTE DA",NA,"",47,"LAJEADO",1,0,"VILA GUILHERME, PTE DA 10 SAO PAULO SP",-23.5221147,-46.6074875
"2831","D021300400",5072,"CLELIA, RUA",NA,"",550,"","19/02/2013 13:00",2,"CO",7,1129," "," ",1,0,0,0,0,0,0,1,0,0,0,0,0,0,0,0,0,5072,"CLELIA, RUA",NA,"",48,"LAPA",1,0,"CLELIA, RUA 550 SAO PAULO SP",-23.5249519,-46.6878502
"2832","D021301194",35211,"GUILHERME GIORGI, AV",1126,"AMOECA, RUA",0,"","19/02/2013 13:16",2,"CT",58,402," "," ",1,1,0,0,0,0,0,0,0,0,0,0,0,0,0,0,0,1126,"AMOECA, RUA",35211,"GUILHERME GIORGI, AV",87,"VILA FORMOSA",1,0,"GUILHERME GIORGI, AV SAO PAULO SP &  AMOECA, RUA SAO PAULO SP",-23.5539082,-46.5450462
"2836","D021301435",19824,"MOACIR DANTAS ITAPICURU, AV",NA,"",1045,"","19/02/2013 14:20",2,"CO",22,893,"B"," ",1,0,0,0,1,0,0,0,0,0,0,0,0,0,0,0,0,19824,"MOACIR DANTAS ITAPICURU, AV",NA,"",53,"MOEMA",1,0,"MOACIR DANTAS ITAPICURU, AV 1045 SAO PAULO SP",-23.5046157,-46.433453
"2837","D021301206",4736,"CELSO GARCIA, AV",NA,"",1850,"","19/02/2013 14:23",2,"CO",81,479," "," ",0,1,0,0,0,0,0,0,0,0,0,1,0,0,0,0,0,4736,"CELSO GARCIA, AV",NA,"",82,"TATUAPE",1,0,"CELSO GARCIA, AV 1850 SAO PAULO SP",-23.5372958,-46.5944962
"2838","D021300571",9529,"ITAPECERICA, ES DE",NA,"",500,"","19/02/2013 14:25",2,"SI",37,1127," "," ",0,1,0,1,0,0,0,0,0,0,0,0,0,0,0,0,0,9529,"ITAPECERICA, ES DE",NA,"",29,"FREGUESIA DO O",1,0,"ITAPECERICA, ES DE 500 SAO PAULO SP",-23.5505199,-46.6333094
"2840","D021301761",59153,"PEDRO DA UNIAO, RUA S",NA,"",16,"","19/02/2013 14:38",2,"CH",69,1718," "," ",0,1,0,0,0,0,0,0,0,0,0,0,0,0,0,0,0,59153,"PEDRO DA UNIAO, RUA S",NA,"",0,"NULL",1,0,"PEDRO DA UNIAO, RUA S 16 SAO PAULO SP",-23.5973559,-46.5029669
"2841","D021301666",29950,"ANECY ROCHA, RUA",NA,"",97,"","19/02/2013 15:00",2,"CO",49,2424," "," ",0,0,0,0,1,0,0,0,0,0,0,1,0,0,0,0,0,29950,"ANECY ROCHA, RUA",NA,"",32,"IGUATEMI",1,0,"ANECY ROCHA, RUA 97 SAO PAULO SP",-23.6026991,-46.4380071
"2842","D021300771",16759,"QUIRINO, RUA S",NA,"",905,"","19/02/2013 15:00",4,"AT",9,1071," "," ",0,0,0,0,0,0,0,0,0,0,0,1,0,0,0,0,0,16759,"QUIRINO, RUA S",NA,"",47,"LAJEADO",1,0,"QUIRINO, RUA S 905 SAO PAULO SP",-23.5149328,-46.5977957
"2843","D021300168",6642,"ESTADO, AV DO",12278,"LUIS PACHECO, RUA",0,"","19/02/2013 15:00",2,"CO",12,1054," "," ",0,2,0,0,0,0,0,0,0,0,0,0,0,0,0,0,0,6642,"ESTADO, AV DO",12278,"LUIS PACHECO, RUA",9,"BOM RETIRO",1,0,"ESTADO, AV DO SAO PAULO SP &  LUIS PACHECO, RUA SAO PAULO SP",-23.5635869,-46.6112253
"2844","D021301188",14427,"NATAL, RUA",NA,"",526,"","19/02/2013 15:14",4,"AT",57,900058," "," ",1,0,0,0,0,0,0,0,0,0,0,0,0,0,0,0,0,14427,"NATAL, RUA",NA,"",1,"AGUA RASA",2,0,"NATAL, RUA 526 SAO PAULO SP",-23.563775,-46.5821746
"2845","D021300774",12766,"MANUEL SILVINO BANDEIRA MELO, RUA",NA,"",181,"","19/02/2013 15:30",2,"CO",9,1097," "," ",2,0,0,0,0,0,0,0,0,0,0,0,0,0,0,0,0,12766,"MANUEL SILVINO BANDEIRA MELO, RUA",NA,"",88,"VILA GUILHERME",1,0,"MANUEL SILVINO BANDEIRA MELO, RUA 181 SAO PAULO SP",-23.5188204,-46.6070834
"2847","D021300555",7500,"FRANCISCO MORATO, AV PROF",NA,"",4170,"","19/02/2013 15:40",2,"QM",34,1292," "," ",0,1,0,0,0,0,0,0,0,0,0,0,0,0,0,0,0,7500,"FRANCISCO MORATO, AV PROF",NA,"",12,"BUTANTA",1,0,"FRANCISCO MORATO, AV PROF 4170 SAO PAULO SP",-23.5940608,-46.7364709
"2848","D021300871",14767,"NOVA CANTAREIRA, AV",NA,"",691,"","19/02/2013 15:54",2,"CO",20,1548," "," ",1,1,0,0,0,0,0,0,0,0,0,0,0,0,0,0,0,14767,"NOVA CANTAREIRA, AV",NA,"",83,"TREMEMBE",1,0,"NOVA CANTAREIRA, AV 691 SAO PAULO SP",-23.4865817,-46.6187964
"2850","D021300702",8000,"GIOVANNI GRONCHI, AV",NA,"",4710,"","19/02/2013 16:30",4,"AT",89,1402," "," ",1,0,0,0,0,0,0,0,0,0,0,0,0,0,0,0,0,8000,"GIOVANNI GRONCHI, AV",NA,"",55,"MORUMBI",1,0,"GIOVANNI GRONCHI, AV 4710 SAO PAULO SP",-23.6195165,-46.7330955
"2851","D021300078",19154,"TREZE DE MAIO, RUA",12690,"MANOEL DUTRA, RUA",0,"","19/02/2013 16:30",2,"CH",5,686," "," ",1,1,0,0,0,0,0,0,0,0,0,0,0,0,0,0,0,12690,"MANOEL DUTRA, RUA",19154,"TREZE DE MAIO, RUA",7,"BELA VISTA",1,0,"TREZE DE MAIO, RUA SAO PAULO SP &  MANOEL DUTRA, RUA SAO PAULO SP",-23.7408161,-46.6576222
"2852","D021301209",6371,"ELISABETH DE ROBIANO, AV CDSSA",NA,"",450,"","19/02/2013 16:40",2,"CO",81,481,"A"," ",0,0,1,0,0,0,0,0,0,0,0,0,0,0,0,0,0,29772,"MARGINAL DO RIO TIETE, AV",NA,"",82,"TATUAPE",1,0,"ELISABETH DE ROBIANO, AV CDSSA 450 SAO PAULO SP",-23.5076424,-46.5495997
"2853","D021301208",11784,"LEOPOLDO, RUA S",NA,"",356,"","19/02/2013 16:47",4,"AT",81,480," "," ",0,1,0,0,0,0,0,0,0,0,0,0,0,0,0,0,0,11784,"LEOPOLDO, RUA S",NA,"",8,"BELEM",1,0,"LEOPOLDO, RUA S 356 SAO PAULO SP",-23.5410419,-46.59971
"2854","D021300257",2223,"ARLINDO VIEIRA, AV PDE",NA,"",1523,"","19/02/2013 17:00",4,"AT",26,1476," "," ",1,0,0,0,0,0,0,0,0,0,0,0,0,0,0,0,0,2223,"ARLINDO VIEIRA, AV PDE",NA,"",21,"CASA VERDE",1,0,"ARLINDO VIEIRA, AV PDE 1523 SAO PAULO SP",-23.5505199,-46.6333094
"2855","D021300100",11794,"LEOPOLDO MIGUEZ, RUA",NA,"",281,"","19/02/2013 17:00",2,"CO",6,892," "," ",1,0,0,0,0,0,0,0,0,0,0,1,0,0,0,0,0,11794,"LEOPOLDO MIGUEZ, RUA",NA,"",14,"CAMBUCI",1,0,"LEOPOLDO MIGUEZ, RUA 281 SAO PAULO SP",-23.556676,-46.6257049
"2856","D021301820",11794,"LEOPOLDO MIGUEZ, RUA",NA,"",281,"","19/02/2013 17:00",2,"CO",5,892," "," ",2,0,0,0,0,0,0,0,0,0,0,0,0,0,0,0,0,11794,"LEOPOLDO MIGUEZ, RUA",NA,"",14,"CAMBUCI",1,1,"LEOPOLDO MIGUEZ, RUA 281 SAO PAULO SP",-23.556676,-46.6257049
"2858","D021301479",11542,"NORDESTINA, AV",NA,"",3422,"","19/02/2013 17:10",2,"QM",32,1171," "," ",0,1,0,0,0,0,0,0,0,0,0,0,0,0,0,0,0,11542,"NORDESTINA, AV",NA,"",76,"SAO MIGUEL",1,0,"NORDESTINA, AV 3422 SAO PAULO SP",-23.5115447,-46.4283085
"2860","D021301152",6371,"ELISABETH DE ROBIANO, AV CDSSA",NA,"",3500,"","19/02/2013 18:00",2,"CT",52,523," "," ",1,1,0,0,0,0,0,0,0,0,0,0,0,0,0,0,0,29772,"MARGINAL DO RIO TIETE, AV",NA,"",82,"TATUAPE",2,0,"ELISABETH DE ROBIANO, AV CDSSA 3500 SAO PAULO SP",-23.5076424,-46.5495997
"2861","D021301695",36393,"MATASHIRO YAMAGUISHY, RUA",NA,"",9999,"","19/02/2013 18:00",2,"CH",53,1273," "," ",1,0,0,0,0,0,0,0,0,0,0,0,0,0,0,0,0,36393,"MATASHIRO YAMAGUISHY, RUA",NA,"",51,"MANDAQUI",1,0,"MATASHIRO YAMAGUISHY, RUA 9999 SAO PAULO SP",-22.8244592,-47.2685796
"2862","D021300578",63349,"ROGERIO DE PAULA BRITO, RUA",NA,"",10,"","19/02/2013 18:30",4,"AT",37,14354," "," ",0,1,0,0,0,0,0,0,0,0,0,0,0,0,0,0,0,63349,"ROGERIO DE PAULA BRITO, RUA",NA,"",29,"FREGUESIA DO O",1,0,"ROGERIO DE PAULA BRITO, RUA 10 SAO PAULO SP",-23.6508053,-46.7572443
"2863","D021300224",4224,"CARAMURU, RUA",NA,"",1611,"","19/02/2013 18:30",2,"CO",16,2256," "," ",1,0,0,0,1,0,0,0,0,0,0,0,0,0,0,0,0,4224,"CARAMURU, RUA",NA,"",79,"SAUDE",1,0,"CARAMURU, RUA 1611 SAO PAULO SP",-23.6135663,-46.6297753
"2865","D021300101",12452,"MACHADO DE ASSIS, RUA",15627,"PAULA NEY, RUA",0,"","19/02/2013 19:46",2,"SI",6,896," "," ",1,1,0,0,0,0,0,0,0,0,0,0,0,0,0,0,0,12452,"MACHADO DE ASSIS, RUA",15627,"PAULA NEY, RUA",92,"VILA MARIANA",1,0,"MACHADO DE ASSIS, RUA SAO PAULO SP &  PAULA NEY, RUA SAO PAULO SP",-23.4319687,-46.7770675
"2866","D021300021",3209,"BENTO, LGO SAO",NA,"",64,"","19/02/2013 19:49",4,"AT",1,1287," "," ",1,0,0,0,0,0,0,0,0,0,0,0,0,0,0,0,0,3209,"BENTO, LGO SAO",NA,"",80,"SE",1,0,"BENTO, LGO SAO 64 SAO PAULO SP",-23.5440241,-46.6336922
"2867","D021301595",41069,"VICENZO RUFFO, RUA",NA,"",18,"","19/02/2013 20:10",2,"CO",68,2144," "," ",0,0,0,0,1,0,0,1,0,0,0,0,0,0,0,0,0,41069,"VICENZO RUFFO, RUA",NA,"",50,"LIMAO",1,0,"VICENZO RUFFO, RUA 18 SAO PAULO SP",-23.5229014,-46.4215255
"2868","D021300137",543,"ALCANTARA MACHADO, AV",3653,"BRESSER, RUA",0,"","19/02/2013 21:08",4,"AT",8,1279," "," ",1,0,0,0,0,0,0,0,0,0,0,0,0,0,0,0,0,543,"ALCANTARA MACHADO, AV",3653,"BRESSER, RUA",54,"MOOCA",1,0,"ALCANTARA MACHADO, AV SAO PAULO SP &  BRESSER, RUA SAO PAULO SP",-23.5528151,-46.613419
"2869","D021300102",9151,"INDEPENDENCIA (V PRUDENTE), RUA",NA,"",100,"","19/02/2013 22:05",2,"QD",6,906," "," ",0,0,0,0,0,0,0,1,0,0,0,0,0,0,0,0,0,9151,"INDEPENDENCIA (V PRUDENTE), RUA",NA,"",78,"SAPOPEMBA",1,0,"INDEPENDENCIA (V PRUDENTE), RUA 100 SAO PAULO SP",-23.5716668,-46.6158251
"2870","D021301143",8767,"HERWIS, RUA",NA,"",33,"","19/02/2013 22:30",2,"CO",42,1081,"C"," ",1,1,0,0,0,0,0,0,0,0,0,0,0,0,0,0,0,8767,"HERWIS, RUA",NA,"",74,"SAO LUCAS",1,0,"HERWIS, RUA 33 SAO PAULO SP",-23.5803168,-46.540003
"2871","D021300828",719,"ALFREDO PUJOL, RUA",4353,"CARLOS ESCOBAR, RUA",0,"","19/02/2013 22:45",2,"QM",13,1986," "," ",0,1,0,0,0,0,0,0,0,0,0,0,0,0,0,0,0,719,"ALFREDO PUJOL, RUA",4353,"CARLOS ESCOBAR, RUA",71,"SANTANA",1,0,"ALFREDO PUJOL, RUA SAO PAULO SP &  CARLOS ESCOBAR, RUA SAO PAULO SP",-23.4993697,-46.6322004
"2872","D021301667",13671,"MATEO BEI, AV",NA,"",3240,"","19/02/2013 23:00",2,"CO",49,2458," "," ",2,0,0,0,0,0,0,0,0,0,0,0,0,0,0,0,0,13671,"MATEO BEI, AV",NA,"",75,"SAO MATEUS",1,0,"MATEO BEI, AV 3240 SAO PAULO SP",-23.6089948,-46.4776425
"2873","D021301464",954,"AMADOR BUENO DA VEIGA, AV",NA,"",4086,"","20/02/2013 01:30",2,"QD",24,2122,"B"," ",0,0,0,0,0,0,0,1,0,0,0,0,0,0,0,0,0,954,"AMADOR BUENO DA VEIGA, AV",NA,"",60,"PENHA",1,0,"AMADOR BUENO DA VEIGA, AV 4086 SAO PAULO SP",-23.5164363,-46.5088887
"2874","D021301081",12156,"LUIZ AYRES, RUA DR",16248,"PINHAL, RUA",0,"","20/02/2013 01:30",4,"AT",21,562," "," ",1,0,0,0,0,0,0,0,0,0,0,0,0,0,0,0,0,12156,"LUIZ AYRES, RUA DR",16248,"PINHAL, RUA",5,"ARTUR ALVIM",1,0,"LUIZ AYRES, RUA DR SAO PAULO SP &  PINHAL, RUA SAO PAULO SP",-23.5423381,-46.4672547
"2875","D021300872",20089,"ZUQUIM, RUA DR",NA,"",1739,"","20/02/2013 05:15",2,"CH",20,1561," "," ",0,0,0,0,0,0,0,0,0,0,0,1,0,0,0,0,0,20089,"ZUQUIM, RUA DR",NA,"",8,"BELEM",1,0,"ZUQUIM, RUA DR 1739 SAO PAULO SP",-23.4907499,-46.6246689
"2876","D021301322",42908,"M. CAMARO, RUA",NA,"",387,"","20/02/2013 05:26",4,"AT",92,1113," "," ",0,1,0,0,0,0,0,0,0,0,0,0,0,0,0,0,0,42908,"M. CAMARO, RUA",NA,"",32,"IGUATEMI",2,0,"M. CAMARO, RUA 387 SAO PAULO SP",-23.7692073,-46.6491627
"2877","D021301778",15032,"ORATORIO, AV DO",NA,"",5313,"","20/02/2013 05:30",2,"SI",70,1056," "," ",1,1,0,0,0,0,0,0,0,0,0,0,0,0,0,0,0,15032,"ORATORIO, AV DO",NA,"",26,"CONSOLACAO",1,0,"ORATORIO, AV DO 5313 SAO PAULO SP",-23.6039533,-46.5239642
"2878","D021300917",19337,"ULTRAMARINO, AV",NA,"",912,"","20/02/2013 06:05",2,"CO",38,889," "," ",2,0,0,0,0,0,0,0,0,0,0,0,0,0,0,0,0,19337,"ULTRAMARINO, AV",NA,"",8,"BELEM",2,0,"ULTRAMARINO, AV 912 SAO PAULO SP",-23.4710012,-46.6428421
"2879","D021300657",16878,"RAPOSO TAVARES, VIA",NA,"",17200,"","20/02/2013 06:40",4,"AT",75,602," "," ",0,1,0,0,0,0,0,0,0,0,0,0,0,0,0,0,0,16878,"RAPOSO TAVARES, VIA",NA,"",13,"CACHOEIRINHA",2,0,"RAPOSO TAVARES, VIA 17200 SAO PAULO SP",-23.5182579,-48.5000767
"2880","D021300225",9715,"JABAQUARA, AV",13915,"MIGUEL ESTEFANO, AV",0,"","20/02/2013 06:57",2,"CO",16,2270," "," ",1,1,0,0,0,0,0,0,0,0,0,0,0,0,0,0,0,9715,"JABAQUARA, AV",13915,"MIGUEL ESTEFANO, AV",79,"SAUDE",1,0,"JABAQUARA, AV SAO PAULO SP &  MIGUEL ESTEFANO, AV SAO PAULO SP",-23.6202152,-46.6396897
"2881","D021301221",3216,"BENTO BRANCO DE ANDRADE FILHO, RUA",NA,"",212,"","20/02/2013 07:00",2,"CO",11,1208," "," ",1,1,0,0,0,0,0,0,0,0,0,0,0,0,0,0,0,3216,"BENTO BRANCO DE ANDRADE FILHO, RUA",NA,"",72,"SANTO AMARO",1,0,"BENTO BRANCO DE ANDRADE FILHO, RUA 212 SAO PAULO SP",-23.6467641,-46.7226989