"","id_acidente","codloga","logradouroA","codlogb","logradouroB","alt_num","referencia","data","cod_acid","tipo_acidente","dp","numero_BO","sentido","pista","automovel","moto","onibus","caminhao","bicicleta","moto_taxi","onibus_fretado","onibus_urbano","microonibus","van","vuc","caminhonete","carreta","jipe","outros","sem_informacao","carroca","princ_a","paiA","princ_b","paiB","cod_distrito","distrito","vit_ferida","vit_morta","local","lat","lon"
"2882","D021300424",9862,"JAIME FONSECA RODRIGUES, RUA ARQ",NA,"",200,"","20/02/2013 07:10",2,"QD",14,1271," "," ",0,0,0,0,0,0,0,1,0,0,0,0,0,0,0,0,0,9862,"JAIME FONSECA RODRIGUES, RUA ARQ",NA,"",2,"ALTO DE PINHEIR",1,0,"JAIME FONSECA RODRIGUES, RUA ARQ 200 SAO PAULO SP",-23.5526299,-46.7062225
"2883","D021301232",11063,"JOSE MARIA, AV PDE",NA,"",1,"","20/02/2013 07:13",4,"AT",11,1937," "," ",0,0,0,0,0,0,0,1,0,0,0,0,0,0,0,0,0,11063,"JOSE MARIA, AV PDE",NA,"",72,"SANTO AMARO",1,0,"JOSE MARIA, AV PDE 1 SAO PAULO SP",-23.6609468,-46.7834077
"2884","D021300748",5309,"CORIFEU DE AZEVEDO MARQUES, AV",13019,"ESCOLA POLITECNICA, AV",0,"","20/02/2013 07:20",2,"CL",93,1161," "," ",0,1,0,0,0,0,0,0,0,0,0,1,0,0,0,0,0,5309,"CORIFEU DE AZEVEDO MARQUES, AV",9836,"JAGUARE, AV",55,"MORUMBI",1,0,"CORIFEU DE AZEVEDO MARQUES, AV SAO PAULO SP &  ESCOLA POLITECNICA, AV SAO PAULO SP",-23.5597707,-46.7472778
"2885","D021300339",5618,"CURSINO, AV DO",NA,"",6067,"","20/02/2013 07:29",4,"AT",83,435," "," ",1,0,0,0,0,0,0,0,0,0,0,0,0,0,0,0,0,5618,"CURSINO, AV DO",NA,"",27,"CURSINO",1,0,"CURSINO, AV DO 6067 SAO PAULO SP",-23.6530466,-46.6139525
"2886","D021300165",16870,"RANGEL PESTANA, AV",NA,"",1421,"","20/02/2013 07:36",4,"AT",12,1013," "," ",0,0,0,0,0,0,0,1,0,0,0,0,0,0,0,0,0,16870,"RANGEL PESTANA, AV",NA,"",1,"AGUA RASA",1,0,"RANGEL PESTANA, AV 1421 SAO PAULO SP",-23.545356,-46.6207555
"2889","D021300656",16878,"RAPOSO TAVARES, VIA",NA,"",17800,"","20/02/2013 07:50",4,"AT",75,600," "," ",0,0,1,0,0,0,0,0,0,0,0,0,0,0,0,0,0,16878,"RAPOSO TAVARES, VIA",NA,"",13,"CACHOEIRINHA",1,0,"RAPOSO TAVARES, VIA 17800 SAO PAULO SP",-23.5149352,-48.5046585
"2891","D021300480",18519,"SUMARE, AV",3880,"CAIUBI, RUA",0,"","20/02/2013 08:00",2,"CL",23,941," "," ",1,1,0,0,0,0,0,0,0,0,0,0,0,0,0,0,0,3880,"CAIUBI, RUA",18519,"SUMARE, AV",61,"PERDIZES",1,0,"SUMARE, AV SAO PAULO SP &  CAIUBI, RUA SAO PAULO SP",-22.8071539,-47.223149
"2892","D021301055",43777,"CARVALHO PINTO, AV GOV",NA,"",300,"","20/02/2013 08:08",4,"AT",10,1962," "," ",0,1,0,0,0,0,0,0,0,0,0,0,0,0,0,0,0,43777,"CARVALHO PINTO, AV GOV",NA,"",41,"JARAGUA",1,0,"CARVALHO PINTO, AV GOV 300 SAO PAULO SP",-23.5148018,-46.5476941
"2893","D021300049",6642,"ESTADO, AV DO",NA,"",100,"","20/02/2013 08:09",2,"CO",2,1010," "," ",1,1,0,0,0,0,0,0,0,0,0,0,0,0,0,0,0,6642,"ESTADO, AV DO",NA,"",9,"BOM RETIRO",1,0,"ESTADO, AV DO 100 SAO PAULO SP",-23.5416624,-46.6286643
"2894","D021301291",32089,"ESTANISLAU MONIUSKO, RUA",NA,"",300,"","20/02/2013 08:17",2,"CF",80,605," "," ",1,1,0,0,0,0,0,0,0,0,0,0,0,0,0,0,0,32089,"ESTANISLAU MONIUSKO, RUA",NA,"",29,"FREGUESIA DO O",2,0,"ESTANISLAU MONIUSKO, RUA 300 SAO PAULO SP",-23.6763388,-46.6603916
"2895","D021301779",24338,"LUIZ IGNACIO ANHAIA MELLO, AV PROF",NA,"",8051,"","20/02/2013 08:27",2,"SI",70,1062," "," ",1,1,0,0,0,0,0,0,0,0,0,0,0,0,0,0,0,24338,"LUIZ IGNACIO ANHAIA MELLO, AV PROF",NA,"",26,"CONSOLACAO",1,0,"LUIZ IGNACIO ANHAIA MELLO, AV PROF 8051 SAO PAULO SP",-23.6018373,-46.5243496
"2896","D021300305",15590,"CHARLES DARWIN, RUA",26095,"ELIAS DE CARVALHO, RUA CONS",0,"","20/02/2013 08:30",2,"CO",35,1576," "," ",1,0,0,0,0,0,0,0,0,0,0,0,0,0,0,1,0,15590,"CHARLES DARWIN, RUA",26095,"ELIAS DE CARVALHO, RUA CONS",37,"JABAQUARA",2,0,"CHARLES DARWIN, RUA SAO PAULO SP &  ELIAS DE CARVALHO, RUA CONS SAO PAULO SP",-23.6515553,-46.6609174
"2897","D021300542",19461,"VALERIO, AV S",NA,"",650,"","20/02/2013 08:50",2,"CO",34,1084," "," ",1,1,0,0,0,0,0,0,0,0,0,0,0,0,0,0,0,19461,"VALERIO, AV S",NA,"",13,"CACHOEIRINHA",2,0,"VALERIO, AV S 650 SAO PAULO SP",-23.5824009,-46.703125
"2898","D021300562",16349,"PIRAPO, RUA",NA,"",500,"","20/02/2013 09:00",2,"QM",34,1927," "," ",0,1,0,0,0,0,0,0,0,0,0,0,0,0,0,0,0,16349,"PIRAPO, RUA",NA,"",13,"CACHOEIRINHA",1,0,"PIRAPO, RUA 500 SAO PAULO SP",-23.5855488,-46.7119524
"2899","D021300842",17577,"SABOIA DE MEDEIROS, RUA PDE",NA,"",491,"","20/02/2013 09:00",2,"CO",19,676," "," ",1,1,0,0,0,0,0,0,0,0,0,0,0,0,0,0,0,17577,"SABOIA DE MEDEIROS, RUA PDE",NA,"",36,"ITAQUERA",2,0,"SABOIA DE MEDEIROS, RUA PDE 491 SAO PAULO SP",-23.5505199,-46.6333094
"2900","D021300659",8603,"HEITOR ANTONIO EIRAS GARCIA, AV ENG",NA,"",5500,"","20/02/2013 09:07",2,"CF",75,608," "," ",1,0,0,0,0,0,0,1,0,0,0,0,0,0,0,0,0,8603,"HEITOR ANTONIO EIRAS GARCIA, AV ENG",NA,"",68,"RIO PEQUENO",1,0,"HEITOR ANTONIO EIRAS GARCIA, AV ENG 5500 SAO PAULO SP",-23.5946752,-46.7778623
"2901","D021300889",15485,"PARAPUA, RUA",NA,"",795,"","20/02/2013 09:20",2,"CO",28,804," "," ",0,1,0,0,0,0,0,0,0,0,0,1,0,0,0,0,0,15485,"PARAPUA, RUA",NA,"",4,"ARICANDUVA",2,0,"PARAPUA, RUA 795 SAO PAULO SP",-23.4776577,-46.6910227
"2902","D021300658",16878,"RAPOSO TAVARES, VIA",NA,"",14800,"","20/02/2013 09:25",2,"CL",75,603," "," ",0,0,0,0,0,0,0,1,0,0,0,0,0,0,0,0,0,16878,"RAPOSO TAVARES, VIA",NA,"",13,"CACHOEIRINHA",1,0,"RAPOSO TAVARES, VIA 14800 SAO PAULO SP",-23.5256131,-48.4765329
"2903","D021301302",63003,"ALZIRO PINHEIRO MAGALHAES, RUA",NA,"",198,"","20/02/2013 09:26",2,"CO",85,939," "," ",1,0,0,0,1,0,0,0,0,0,0,0,0,0,0,0,0,63003,"ALZIRO PINHEIRO MAGALHAES, RUA",NA,"",32,"IGUATEMI",1,0,"ALZIRO PINHEIRO MAGALHAES, RUA 198 SAO PAULO SP",-23.7648301,-46.6840236
"2904","D021301501",13168,"MANUEL ALVARES PIMENTEL, RUA",79543,"CORNELIO DE ARZAO, RUA",0,"","20/02/2013 09:35",2,"CO",50,2173," "," ",1,1,0,0,0,0,0,0,0,0,0,0,0,0,0,0,0,13168,"MANUEL ALVARES PIMENTEL, RUA",79543,"CORNELIO DE ARZAO, RUA",35,"ITAIM PAULISTA",1,0,"MANUEL ALVARES PIMENTEL, RUA SAO PAULO SP &  CORNELIO DE ARZAO, RUA SAO PAULO SP",-23.5248413,-46.3961253
"2905","D021300366",41023,"CHUCRI ZAIDAN, AV DR",21499,"JOSE LEITE E OITICICA, RUA PROF",0,"","20/02/2013 09:45",2,"CL",96,758," "," ",1,1,0,0,0,0,0,0,0,0,0,0,0,0,0,0,0,21499,"JOSE LEITE E OITICICA, RUA PROF",41023,"CHUCRI ZAIDAN, AV DR",34,"ITAIM BIBI",1,0,"CHUCRI ZAIDAN, AV DR SAO PAULO SP &  JOSE LEITE E OITICICA, RUA PROF SAO PAULO SP",-23.6174986,-46.6978448
"2906","D021300873",2563,"AUGUSTO TOLLE, RUA",NA,"",175,"","20/02/2013 10:30",2,"CH",20,1570," "," ",1,0,0,0,0,0,0,0,0,0,0,0,0,0,0,0,0,2563,"AUGUSTO TOLLE, RUA",NA,"",8,"BELEM",1,0,"AUGUSTO TOLLE, RUA 175 SAO PAULO SP",-23.4916699,-46.6318514
"2907","D021300139",19163,"TRILHOS, RUA DOS",NA,"",869,"","20/02/2013 11:28",2,"CO",8,1301," "," ",1,1,0,0,0,0,0,0,0,0,0,0,0,0,0,0,0,19163,"TRILHOS, RUA DOS",NA,"",54,"MOOCA",1,0,"TRILHOS, RUA DOS 869 SAO PAULO SP",-23.5530988,-46.6003975
"2908","D021300579",16339,"CARLOS LACERDA, AV",NA,"",1604,"","20/02/2013 11:40",4,"AT",37,1479," "," ",0,2,0,0,0,0,0,0,0,0,0,0,0,0,0,0,0,16339,"CARLOS LACERDA, AV",NA,"",29,"FREGUESIA DO O",2,0,"CARLOS LACERDA, AV 1604 SAO PAULO SP",-23.6456233,-46.7794384
"2909","D021300436",16919,"REBOUCAS, AV",NA,"",1921,"","20/02/2013 12:00",2,"CO",14,1610," "," ",1,1,0,0,0,0,0,0,0,0,0,0,0,0,0,0,0,16919,"REBOUCAS, AV",NA,"",44,"JARDIM PAULISTA",1,0,"REBOUCAS, AV 1921 SAO PAULO SP",-23.5649817,-46.6789592
"2910","D021301407",3509,"BELMIRA MARIN, AV DONA",NA,"",5000,"","20/02/2013 12:00",2,"QD",101,1212," "," ",0,0,0,0,0,0,0,0,1,0,0,0,0,0,0,0,0,3509,"BELMIRA MARIN, AV DONA",NA,"",30,"GRAJAU",1,0,"BELMIRA MARIN, AV DONA 5000 SAO PAULO SP",-23.7562987,-46.6694393
"2911","D021301210",6371,"ELISABETH DE ROBIANO, AV CDSSA",NA,"",450,"","20/02/2013 12:20",2,"CL",81,489," "," ",0,1,0,0,0,0,0,0,0,0,0,1,0,0,0,0,0,29772,"MARGINAL DO RIO TIETE, AV",NA,"",82,"TATUAPE",1,0,"ELISABETH DE ROBIANO, AV CDSSA 450 SAO PAULO SP",-23.5076424,-46.5495997
"2912","D021301009",16305,"ANTONELO DA MESSINA, AV",NA,"",1480,"","20/02/2013 12:20",2,"CT",73,1961," "," ",0,1,0,0,0,0,0,0,0,0,0,1,0,0,0,0,0,16305,"ANTONELO DA MESSINA, AV",NA,"",83,"TREMEMBE",1,0,"ANTONELO DA MESSINA, AV 1480 SAO PAULO SP",-23.4449439,-46.5899934
"2913","D021300703",71804,"LAERCIO CORTE, RUA DEP",NA,"",1350,"","20/02/2013 12:23",4,"AT",89,1409," "," ",1,0,0,0,0,0,0,0,0,0,0,0,0,0,0,0,0,71804,"LAERCIO CORTE, RUA DEP",NA,"",29,"FREGUESIA DO O",1,0,"LAERCIO CORTE, RUA DEP 1350 SAO PAULO SP",-23.6335756,-46.7242598
"2914","D021301567",98965,"CALIM EID, AV",NA,"",2773,"","20/02/2013 12:28",2,"CT",64,1478," "," ",1,0,0,1,0,0,0,0,0,0,0,0,0,0,0,0,0,98965,"CALIM EID, AV",NA,"",60,"PENHA",1,0,"CALIM EID, AV 2773 SAO PAULO SP",-23.5282037,-46.4893905
"2915","D021301109",5153,"COELHO LISBOA, RUA",9539,"ITAPETI, RUA",0,"","20/02/2013 12:30",2,"SI",30,527," "," ",1,1,0,0,0,0,0,0,0,0,0,0,0,0,0,0,0,5153,"COELHO LISBOA, RUA",9539,"ITAPETI, RUA",NA,"",1,0,"COELHO LISBOA, RUA SAO PAULO SP &  ITAPETI, RUA SAO PAULO SP",-23.5500402,-46.5716461
"2916","D021300226",9715,"JABAQUARA, AV",NA,"",2500,"","20/02/2013 12:55",4,"AT",16,2289," "," ",1,0,0,0,0,0,0,0,0,0,0,0,0,0,0,0,0,9715,"JABAQUARA, AV",NA,"",79,"SAUDE",1,0,"JABAQUARA, AV 2500 SAO PAULO SP",-23.6264651,-46.6415161
"2917","D021301281",15507,"TEOTONIO VILELA, AV SEN",NA,"",1440,"","20/02/2013 13:00",2,"CO",48,686," "," ",0,1,0,0,0,0,0,0,0,0,0,1,0,0,0,0,0,15507,"TEOTONIO VILELA, AV SEN",NA,"",23,"CIDADE DUTRA",1,0,"TEOTONIO VILELA, AV SEN 1440 SAO PAULO SP",-23.7140911,-46.6987377
"2918","D021301554",62145,"GUARABU, RUA",NA,"",142,"","20/02/2013 13:00",2,"CH",63,1302," "," ",1,0,0,0,0,0,0,0,0,0,0,0,0,0,0,0,0,62145,"GUARABU, RUA",NA,"",53,"MOEMA",1,0,"GUARABU, RUA 142 SAO PAULO SP",-23.5131273,-46.4489111
"2919","D021300084",21822,"QUATORZE DE JULHO, RUA",NA,"",114,"","20/02/2013 13:30",2,"CO",5,953," "," ",0,1,0,0,0,0,0,0,0,0,0,1,0,0,0,0,0,21822,"QUATORZE DE JULHO, RUA",NA,"",17,"CAMPO LIMPO",1,0,"QUATORZE DE JULHO, RUA 114 SAO PAULO SP",-23.554408,-46.644189
"2920","D021301052",954,"AMADOR BUENO DA VEIGA, AV",NA,"",1730,"","20/02/2013 14:00",2,"CO",10,1873," "," ",1,1,0,0,0,0,0,0,0,0,0,0,0,0,0,0,0,954,"AMADOR BUENO DA VEIGA, AV",NA,"",60,"PENHA",1,0,"AMADOR BUENO DA VEIGA, AV 1730 SAO PAULO SP",-23.5215745,-46.5285542
"2922","D021301082",10581,"JOAQUIM MARRA, RUA",NA,"",1529,"","20/02/2013 15:05",2,"CT",21,565," "," ",0,1,0,1,0,0,0,0,0,0,0,0,0,0,0,0,0,10581,"JOAQUIM MARRA, RUA",NA,"",93,"VILA MATILDE",1,0,"JOAQUIM MARRA, RUA 1529 SAO PAULO SP",-23.5382242,-46.5180425
"2923","D021301056",4128,"CANGAIBA, AV",NA,"",1539,"","20/02/2013 15:30",4,"AT",10,1990," "," ",0,0,0,0,0,0,0,0,1,0,0,0,0,0,0,0,0,4128,"CANGAIBA, AV",NA,"",18,"CANGAIBA",1,0,"CANGAIBA, AV 1539 SAO PAULO SP",-23.5097635,-46.5396453
"2924","D021300166",4736,"CELSO GARCIA, AV",NA,"",919,"","20/02/2013 15:45",4,"AT",12,1031," "," ",0,0,0,0,0,0,0,1,0,0,0,0,0,0,0,0,0,4736,"CELSO GARCIA, AV",NA,"",82,"TATUAPE",1,0,"CELSO GARCIA, AV 919 SAO PAULO SP",-23.538526,-46.6035149
"2925","D021301120",1657,"ANTONIO DE BARROS, RUA",2673,"AZEVEDO SOARES, RUA",0,"","20/02/2013 15:49",4,"AT",30,984," "," ",0,1,0,0,0,0,0,0,0,0,0,0,0,0,0,0,0,1657,"ANTONIO DE BARROS, RUA",2673,"AZEVEDO SOARES, RUA",82,"TATUAPE",1,0,"ANTONIO DE BARROS, RUA SAO PAULO SP &  AZEVEDO SOARES, RUA SAO PAULO SP",-23.5447741,-46.5559478
"2926","D021300455",16011,"PEDROSO ALVARENGA, RUA",16985,"RENATO PAES DE BARROS, RUA DR",0,"","20/02/2013 16:00",4,"AT",15,824," "," ",0,0,0,0,0,0,0,0,0,0,0,1,0,0,0,0,0,16011,"PEDROSO ALVARENGA, RUA",16985,"RENATO PAES DE BARROS, RUA DR",34,"ITAIM BIBI",1,0,"PEDROSO ALVARENGA, RUA SAO PAULO SP &  RENATO PAES DE BARROS, RUA DR SAO PAULO SP",-23.5819449,-46.6792214
"2927","D021301688",46936,"JACU-PESSEGO/NOVA TRABALHADORE, AV",NA,"",7181,"","20/02/2013 16:30",2,"CO",53,1158," "," ",1,1,0,0,0,0,0,0,0,0,0,0,0,0,0,0,0,46936,"JACU-PESSEGO/NOVA TRABALHADORE, AV",NA,"",46,"JOSE BONIFACIO",1,0,"JACU-PESSEGO/NOVA TRABALHADORE, AV 7181 SAO PAULO SP",-23.5501912,-46.4465681
"2928","D021300459",4933,"CIDADE JARDIM, AV",NA,"",187,"","20/02/2013 16:45",4,"AT",15,958," "," ",1,0,0,0,0,0,0,0,0,0,0,0,0,0,0,0,0,4933,"CIDADE JARDIM, AV",NA,"",63,"PINHEIROS",1,0,"CIDADE JARDIM, AV 187 SAO PAULO SP",-23.5794918,-46.6823677
"2929","D021300580",16339,"CARLOS LACERDA, AV",NA,"",1190,"","20/02/2013 17:00",2,"CO",37,1483," "," ",1,0,0,0,1,0,0,0,0,0,0,0,0,0,0,0,0,16339,"CARLOS LACERDA, AV",NA,"",29,"FREGUESIA DO O",1,0,"CARLOS LACERDA, AV 1190 SAO PAULO SP",-23.6418593,-46.7800036
"2931","D021300406",17086,"RICARDO MEDINA FILHO, AV",5490,"CRISPIM, PCA S",0,"","20/02/2013 17:10",2,"CO",7,90053," "," ",1,1,0,0,0,0,0,0,0,0,0,0,0,0,0,0,0,5490,"CRISPIM, PCA S",16482,"PONTA PORA, RUA",48,"LAPA",1,0,"RICARDO MEDINA FILHO, AV SAO PAULO SP &  CRISPIM, PCA S SAO PAULO SP",-23.5367237,-46.7075152
"2932","D021301153",4736,"CELSO GARCIA, AV",18347,"SIRIA, RUA",0,"","20/02/2013 17:22",2,"CO",52,540," "," ",0,0,1,0,1,0,0,0,0,0,0,0,0,0,0,0,0,4736,"CELSO GARCIA, AV",18347,"SIRIA, RUA",82,"TATUAPE",1,0,"CELSO GARCIA, AV SAO PAULO SP &  SIRIA, RUA SAO PAULO SP",-23.5359522,-46.5717652
"2934","D021300450",8714,"HENRIQUE SCHAUMANN, RUA",NA,"",1096,"","20/02/2013 17:25",2,"QM",14,2137," "," ",0,1,0,0,0,0,0,0,0,0,0,0,0,0,0,0,0,8714,"HENRIQUE SCHAUMANN, RUA",NA,"",63,"PINHEIROS",1,0,"HENRIQUE SCHAUMANN, RUA 1096 SAO PAULO SP",-23.5558489,-46.6836097
"2935","D021300543",7500,"FRANCISCO MORATO, AV PROF",NA,"",6000,"","20/02/2013 17:30",2,"CL",34,1096," "," ",1,1,0,0,0,0,0,0,0,0,0,0,0,0,0,0,0,7500,"FRANCISCO MORATO, AV PROF",NA,"",12,"BUTANTA",1,0,"FRANCISCO MORATO, AV PROF 6000 SAO PAULO SP",-23.6060611,-46.7477198
"2936","D021301012",19711,"ABILIO PEDRO RAMOS, RUA",NA,"",400,"","20/02/2013 17:30",2,"CL",73,2162," "," ",1,1,0,0,0,0,0,0,0,0,0,0,0,0,0,0,0,19711,"ABILIO PEDRO RAMOS, RUA",NA,"",22,"CIDADE ADEMAR",1,0,"ABILIO PEDRO RAMOS, RUA 400 SAO PAULO SP",-23.4615426,-46.5770663
"2937","D021300775",5567,"CRUZEIRO DO SUL, AV",NA,"",3420,"","20/02/2013 17:45",2,"CO",9,1098," "," ",1,1,0,0,0,0,0,0,0,0,0,0,0,0,0,0,0,5567,"CRUZEIRO DO SUL, AV",NA,"",5,"ARTUR ALVIM",1,0,"CRUZEIRO DO SUL, AV 3420 SAO PAULO SP",-23.500622,-46.6244187
"2938","D021301261",5606,"CUPECE, AV",NA,"",4300,"","20/02/2013 18:00",2,"CO",43,1959,"C"," ",1,1,0,0,0,0,0,0,0,0,0,0,0,0,0,0,0,5606,"CUPECE, AV",NA,"",22,"CIDADE ADEMAR",1,0,"CUPECE, AV 4300 SAO PAULO SP",-23.6722535,-46.6451588
"2939","D021300500",15151,"JOAO RODRIGUES LEITE, RUA",NA,"",9,"","20/02/2013 18:00",4,"AT",33,906," "," ",1,0,0,0,0,0,0,0,0,0,0,0,0,0,0,0,0,15151,"JOAO RODRIGUES LEITE, RUA",NA,"",31,"GUAIANASES",1,0,"JOAO RODRIGUES LEITE, RUA 9 SAO PAULO SP",-23.4696426,-46.7479544
"2940","D021301443",11123,"JOSE NUNES DOS SANTOS, RUA",NA,"",860,"","20/02/2013 18:30",4,"AT",22,1308," "," ",0,0,0,0,0,0,0,0,0,0,0,1,0,0,0,0,0,11123,"JOSE NUNES DOS SANTOS, RUA",NA,"",43,"JARDIM HELENA",1,0,"JOSE NUNES DOS SANTOS, RUA 860 SAO PAULO SP",-23.4892599,-46.4277464
"2941","D021301668",2181,"ARICANDUVA, AV",NA,"",12000,"","20/02/2013 18:30",2,"CO",49,2484," "," ",1,1,0,0,0,0,0,0,0,0,0,0,0,0,0,0,0,2181,"ARICANDUVA, AV",NA,"",60,"PENHA",2,0,"ARICANDUVA, AV 12000 SAO PAULO SP",-23.5930999,-46.4694983
"2942","D021301273",6334,"ELLIS MAAS, AV",NA,"",679,"","20/02/2013 18:50",2,"CO",47,2254,"C"," ",1,1,0,0,0,0,0,0,0,0,0,0,0,0,0,0,0,6334,"ELLIS MAAS, AV",NA,"",19,"CAPAO REDONDO",1,0,"ELLIS MAAS, AV 679 SAO PAULO SP",-23.6659828,-46.7710507
"2943","D021300943",17728,"SANATORIO, AV",NA,"",331,"","20/02/2013 18:55",2,"CO",39,837,"B"," ",2,1,0,0,0,0,0,0,0,0,0,0,0,0,0,0,0,17728,"SANATORIO, AV",NA,"",22,"CIDADE ADEMAR",1,0,"SANATORIO, AV 331 SAO PAULO SP",-23.4769523,-46.5803072
"2944","D021300202",17791,"SANTOS, AL",4003,"CAMPINAS, AL",0,"","20/02/2013 19:06",2,"CO",78,1377," "," ",1,1,0,0,0,0,0,0,0,0,0,0,0,0,0,0,0,4003,"CAMPINAS, AL",17791,"SANTOS, AL",44,"JARDIM PAULISTA",1,0,"SANTOS, AL SAO PAULO SP &  CAMPINAS, AL SAO PAULO SP",-23.5653061,-46.6539384
"2945","D021300306",4596,"CATARINA, AV STA",26095,"ELIAS DE CARVALHO, RUA CONS",0,"","20/02/2013 19:10",2,"CO",35,1598," "," ",0,1,0,0,0,0,0,0,0,0,0,0,0,0,0,1,0,4596,"CATARINA, AV STA",26095,"ELIAS DE CARVALHO, RUA CONS",37,"JABAQUARA",1,0,"CATARINA, AV STA SAO PAULO SP &  ELIAS DE CARVALHO, RUA CONS SAO PAULO SP",-23.6478165,-46.6624038
"2946","D021300103",8614,"HEITOR PEIXOTO, RUA",NA,"",501,"","20/02/2013 19:18",2,"CO",6,913," "," ",0,0,0,0,1,0,0,1,0,0,0,0,0,0,0,0,0,8614,"HEITOR PEIXOTO, RUA",NA,"",14,"CAMBUCI",1,0,"HEITOR PEIXOTO, RUA 501 SAO PAULO SP",-23.5752612,-46.6224238
"2948","D021301502",21475,"MANUEL LEMES DA SILVA, RUA",NA,"",585,"","20/02/2013 19:30",2,"CO",50,2185," "," ",1,1,0,0,0,0,0,0,0,0,0,0,0,0,0,0,0,21475,"MANUEL LEMES DA SILVA, RUA",NA,"",54,"MOOCA",1,0,"MANUEL LEMES DA SILVA, RUA 585 SAO PAULO SP",-23.4947999,-46.3796543
"2950","D021301762",74849,"TAIOBEIRAS, RUA",NA,"",16,"","20/02/2013 20:11",2,"CO",69,1769," "," ",1,0,1,0,0,0,0,0,0,0,0,0,0,0,0,0,0,74849,"TAIOBEIRAS, RUA",NA,"",56,"PARELHEIROS",1,0,"TAIOBEIRAS, RUA 16 SAO PAULO SP",-23.5967118,-46.5004686
"2951","D021301155",4736,"CELSO GARCIA, AV",NA,"",4377,"","20/02/2013 20:12",2,"CO",52,543," "," ",1,1,0,0,0,0,0,0,0,0,0,0,0,0,0,0,0,4736,"CELSO GARCIA, AV",NA,"",82,"TATUAPE",1,0,"CELSO GARCIA, AV 4377 SAO PAULO SP",-23.5354045,-46.5701595
"2953","D021301752",9580,"ITAQUERA, AV",NA,"",750,"","20/02/2013 21:09",4,"AT",66,1161," "," ",0,0,0,0,0,0,0,0,0,0,0,0,0,0,0,1,0,9580,"ITAQUERA, AV",NA,"",24,"CIDADE LIDER",1,0,"ITAQUERA, AV 750 SAO PAULO SP",-23.5547917,-46.5159039
"2954","D021300581",16339,"CARLOS LACERDA, AV",NA,"",2700,"","20/02/2013 21:30",2,"QM",37,1500," "," ",0,1,0,0,0,0,0,0,0,0,0,0,0,0,0,0,0,16339,"CARLOS LACERDA, AV",NA,"",29,"FREGUESIA DO O",1,0,"CARLOS LACERDA, AV 2700 SAO PAULO SP",-23.6551856,-46.7766617
"2955","D021301518",17642,"RIO GUALEGUAI, RUA",NA,"",18,"","20/02/2013 21:30",2,"CF",59,2187," "," ",0,1,0,0,0,0,0,0,0,0,0,1,0,0,0,0,0,17642,"RIO GUALEGUAI, RUA",NA,"",53,"MOEMA",2,0,"RIO GUALEGUAI, RUA 18 SAO PAULO SP",-23.5089885,-46.4113112
"2956","D021301215",18337,"SIQUEIRA BUENO, RUA",NA,"",308,"","20/02/2013 22:40",4,"AT",81,955," "," ",0,0,0,0,0,0,0,0,1,0,0,0,0,0,0,0,0,18337,"SIQUEIRA BUENO, RUA",NA,"",10,"BRAS",1,0,"SIQUEIRA BUENO, RUA 308 SAO PAULO SP",-23.5424682,-46.5954475
"2957","D021300508",14350,"MUTINGA, AV",NA,"",1237,"","20/02/2013 23:20",2,"CL",33,1607," "," ",1,1,0,0,0,0,0,0,0,0,0,0,0,0,0,0,0,14350,"MUTINGA, AV",NA,"",64,"PIRITUBA",1,0,"MUTINGA, AV 1237 SAO PAULO SP",-23.4865925,-46.7387092
"2958","D021301815",19958,"WILSON, AV PRES",NA,"",695,"","21/02/2013 00:10",4,"AT",8,1316," "," ",0,0,0,0,0,0,0,0,0,0,0,0,0,0,0,1,0,19958,"WILSON, AV PRES",NA,"",16,"CAMPO GRANDE",0,1,"WILSON, AV PRES 695 SAO PAULO SP",-23.5599976,-46.6086322
"2959","D021300680",75254,"ANTONIO DA SILVA GUIMARAES, RUA",NA,"",200,"","21/02/2013 03:30",2,"CP",87,1608," "," ",1,0,0,0,0,0,0,0,0,0,0,0,0,0,0,0,0,75254,"ANTONIO DA SILVA GUIMARAES, RUA",NA,"",31,"GUAIANASES",1,0,"ANTONIO DA SILVA GUIMARAES, RUA 200 SAO PAULO SP",-23.4742036,-46.726652
"2960","D021300173",6642,"ESTADO, AV DO",10485,"JOAO TEODORO, RUA",0,"","21/02/2013 05:40",2,"CO",12,1261," "," ",1,1,0,0,0,0,0,0,0,0,0,0,0,0,0,0,0,6642,"ESTADO, AV DO",10485,"JOAO TEODORO, RUA",9,"BOM RETIRO",1,0,"ESTADO, AV DO SAO PAULO SP &  JOAO TEODORO, RUA SAO PAULO SP",-23.5635869,-46.6112253
"2962","D021301816",13604,"CANDIDO MOTTA FILHO, AV DR",NA,"",1298,"","21/02/2013 06:50",2,"CH",93,362," "," ",0,1,0,0,0,0,0,0,0,0,0,0,0,0,0,0,0,13604,"CANDIDO MOTTA FILHO, AV DR",NA,"",68,"RIO PEQUENO",0,1,"CANDIDO MOTTA FILHO, AV DR 1298 SAO PAULO SP",-23.5587391,-46.7597144