"","id_acidente","codloga","logradouroA","codlogb","logradouroB","alt_num","referencia","data","cod_acid","tipo_acidente","dp","numero_BO","sentido","pista","automovel","moto","onibus","caminhao","bicicleta","moto_taxi","onibus_fretado","onibus_urbano","microonibus","van","vuc","caminhonete","carreta","jipe","outros","sem_informacao","carroca","princ_a","paiA","princ_b","paiB","cod_distrito","distrito","vit_ferida","vit_morta","local","lat","lon"
"2963","D021301417",11685,"LEBLON, AV",16569,"DIANA DE LIZ, RUA",0,"","21/02/2013 07:05",2,"CO",102,550," "," ",1,1,0,0,0,0,0,0,0,0,0,0,0,0,0,0,0,3588,"JOAO ALVARES FAGUNDES, PCA",5273,"OCTAVIANO DE FREITAS COSTA, AV CEL",81,"SOCORRO",1,0,"LEBLON, AV SAO PAULO SP &  DIANA DE LIZ, RUA SAO PAULO SP",-23.6816073,-46.710418
"2964","D021300665",12289,"MARIO SILVEIRA ROSA, RUA",NA,"",65,"","21/02/2013 07:30",4,"AT",75,1459," "," ",0,0,0,0,0,0,0,0,0,0,0,1,0,0,0,0,0,12289,"MARIO SILVEIRA ROSA, RUA",NA,"",96,"VILA SONIA",1,0,"MARIO SILVEIRA ROSA, RUA 65 SAO PAULO SP",-23.5954054,-46.7585555
"2965","D021301646",2181,"ARICANDUVA, AV",9044,"RAGUEB CHOHFI, AV",0,"","21/02/2013 07:40",2,"QM",49,546," "," ",0,1,0,0,0,0,0,0,0,0,0,0,0,0,0,0,0,2181,"ARICANDUVA, AV",9044,"RAGUEB CHOHFI, AV",75,"SAO MATEUS",1,0,"ARICANDUVA, AV SAO PAULO SP &  RAGUEB CHOHFI, AV SAO PAULO SP",-23.5479783,-46.5260893
"2966","D021300918",64361,"SAID SAAD, RUA",NA,"",455,"","21/02/2013 07:50",2,"CO",38,908," "," ",0,0,0,0,1,0,0,1,0,0,0,0,0,0,0,0,0,64361,"SAID SAAD, RUA",NA,"",13,"CACHOEIRINHA",1,0,"SAID SAAD, RUA 455 SAO PAULO SP",-23.4658107,-46.6493595
"2967","D021300822",8589,"HAVRE, RUA DO",20043,"ZANZIBAR, RUA",0,"","21/02/2013 08:05",2,"CL",13,1845,"C"," ",0,1,0,0,0,0,0,1,0,0,0,0,0,0,0,0,0,8589,"HAVRE, RUA DO",20043,"ZANZIBAR, RUA",21,"CASA VERDE",1,0,"HAVRE, RUA DO SAO PAULO SP &  ZANZIBAR, RUA SAO PAULO SP",-23.5141708,-46.659127
"2968","D021300203",15656,"PAULISTA, AV",2497,"AUGUSTA, RUA",0,"","21/02/2013 08:20",4,"AT",78,1389,"C"," ",1,0,0,0,0,0,0,0,0,0,0,0,0,0,0,0,0,2497,"AUGUSTA, RUA",15656,"PAULISTA, AV",26,"CONSOLACAO",1,0,"PAULISTA, AV SAO PAULO SP &  AUGUSTA, RUA SAO PAULO SP",-23.5625897,-46.6549244
"2970","D021300735",3828,"CAETANOPOLIS, RUA",NA,"",96,"","21/02/2013 08:34",2,"CO",93,364," "," ",1,1,0,0,0,0,0,0,0,0,0,0,0,0,0,0,0,3828,"CAETANOPOLIS, RUA",NA,"",40,"JAGUARE",1,0,"CAETANOPOLIS, RUA 96 SAO PAULO SP",-23.5480759,-46.7517813
"2971","D021300072",5245,"CONSOLACAO, RUA DA",NA,"",1600,"","21/02/2013 08:40",2,"CO",4,1852," "," ",0,2,0,0,0,0,0,0,0,0,0,0,0,0,0,0,0,5245,"CONSOLACAO, RUA DA",NA,"",26,"CONSOLACAO",1,0,"CONSOLACAO, RUA DA 1600 SAO PAULO SP",-23.5509726,-46.6560851
"2972","D021300309",21185,"MASCOTE, AV",NA,"",490,"","21/02/2013 09:00",2,"CO",35,1606," "," ",2,0,0,0,0,0,0,0,0,0,0,0,0,0,0,0,0,21185,"MASCOTE, AV",NA,"",0,"NULL",2,0,"MASCOTE, AV 490 SAO PAULO SP",-23.6486151,-46.666987
"2973","D021300288",5965,"DJALMA PINHEIRO FRANCO, RUA DR",NA,"",737,"","21/02/2013 09:30",2,"CH",35,510," "," ",0,1,0,0,0,0,0,0,0,0,0,1,0,0,0,0,0,5965,"DJALMA PINHEIRO FRANCO, RUA DR",NA,"",37,"JABAQUARA",1,0,"DJALMA PINHEIRO FRANCO, RUA DR 737 SAO PAULO SP",-23.6538796,-46.6667106
"2974","D021300411",6819,"EUSEBIO MATOSO, AV",5190,"COLUMBANO, RUA S",0,"","21/02/2013 09:30",2,"QM",14,838," "," ",0,1,0,0,0,0,0,0,0,0,0,0,0,0,0,0,0,5190,"COLUMBANO, RUA S",6819,"EUSEBIO MATOSO, AV",63,"PINHEIROS",2,0,"EUSEBIO MATOSO, AV SAO PAULO SP &  COLUMBANO, RUA S SAO PAULO SP",-23.5715591,-46.6948518
"2975","D021300367",6238,"NACOES UNIDAS, AV DAS",NA,"",13355,"","21/02/2013 09:50",2,"QM",96,794," "," ",0,1,0,0,0,0,0,0,0,0,0,1,0,0,0,0,0,13014,"MARGINAL DO RIO PINHEIROS, AV",NA,"",90,"VILA LEOPOLDINA",1,0,"NACOES UNIDAS, AV DAS 13355 SAO PAULO SP",-23.6791528,-46.6960887
"2976","D021300018",11818,"LIBERDADE, AV DA",NA,"",100,"","21/02/2013 10:00",4,"AT",1,1227," "," ",0,1,0,0,0,0,0,0,0,0,0,0,0,0,0,0,0,11818,"LIBERDADE, AV DA",NA,"",49,"LIBERDADE",1,0,"LIBERDADE, AV DA 100 SAO PAULO SP",-23.5538118,-46.6352436
"2977","D021301352",34444,"TORRES NETO, AV DR",NA,"",51,"","21/02/2013 10:10",4,"AT",98,1986," "," ",0,0,0,0,0,0,0,0,0,0,0,1,0,0,0,0,0,34444,"TORRES NETO, AV DR",NA,"",29,"FREGUESIA DO O",1,0,"TORRES NETO, AV DR 51 SAO PAULO SP",-23.6911125,-46.6418902
"2979","D021300776",36061,"LUIZ DUMONT VILLARES, AV",NA,"",1600,"","21/02/2013 10:30",2,"CO",9,1112," "," ",1,1,0,0,0,0,0,0,0,0,0,0,0,0,0,0,0,36061,"LUIZ DUMONT VILLARES, AV",NA,"",22,"CIDADE ADEMAR",1,0,"LUIZ DUMONT VILLARES, AV 1600 SAO PAULO SP",-23.488411,-46.6093164
"2980","D021301568",46936,"JACU-PESSEGO/NOVA TRABALHADORE, AV",8025,"MONTANHAS, RUA",0,"","21/02/2013 10:30",2,"CT",64,1504," "," ",1,0,0,1,0,0,0,0,0,0,0,0,0,0,0,0,0,184,"ADELINO, RUA",46936,"JACU-PESSEGO/NOVA TRABALHADORE, AV",36,"ITAQUERA",2,0,"JACU-PESSEGO/NOVA TRABALHADORE, AV SAO PAULO SP &  MONTANHAS, RUA SAO PAULO SP",-23.5754203,-46.4449094
"2981","D021300407",5072,"CLELIA, RUA",NA,"",1442,"","21/02/2013 10:43",2,"CO",7,900077," "," ",1,1,0,0,0,0,0,0,0,0,0,0,0,0,0,0,0,5072,"CLELIA, RUA",NA,"",48,"LAPA",1,0,"CLELIA, RUA 1442 SAO PAULO SP",-23.5249057,-46.6965321
"2982","D021301369",7917,"GERALDO SANT'ANA, AV SARG",NA,"",1640,"","21/02/2013 11:38",4,"AT",99,760," "," ",0,1,0,0,0,0,0,0,0,0,0,0,0,0,0,0,0,7917,"GERALDO SANT'ANA, AV SARG",NA,"",16,"CAMPO GRANDE",2,0,"GERALDO SANT'ANA, AV SARG 1640 SAO PAULO SP",-23.6650968,-46.6785524
"2983","D021300843",9626,"ITAUNAS, RUA",25709,"DIAMANTINA, RUA",0,"","21/02/2013 11:44",2,"CO",19,700," "," ",0,1,0,0,0,0,0,0,0,0,0,1,0,0,0,0,0,9626,"ITAUNAS, RUA",25709,"DIAMANTINA, RUA",91,"VILA MARIA",1,0,"ITAUNAS, RUA SAO PAULO SP &  DIAMANTINA, RUA SAO PAULO SP",-23.5169178,-46.5914262
"2984","D021300085",18232,"SILVIA, RUA",NA,"",243,"","21/02/2013 11:45",4,"AT",5,987," "," ",1,0,0,0,0,0,0,0,0,0,0,0,0,0,0,0,0,18232,"SILVIA, RUA",NA,"",17,"CAMPO LIMPO",1,0,"SILVIA, RUA 243 SAO PAULO SP",-23.5605501,-46.6504945
"2986","D021301418",11561,"ARTHUR CORDEIRO, AV DR",NA,"",50,"","21/02/2013 12:30",2,"CO",102,563," "," ",1,1,0,0,0,0,0,0,0,0,0,0,0,0,0,0,0,11561,"ARTHUR CORDEIRO, AV DR",NA,"",81,"SOCORRO",1,0,"ARTHUR CORDEIRO, AV DR 50 SAO PAULO SP",-23.6857285,-46.7134006
"2987","D021300022",13853,"MERCURIO, AV",4146,"CANTAREIRA, RUA DA",0,"","21/02/2013 12:35",2,"CO",1,1455," "," ",1,1,0,0,0,0,0,0,0,0,0,0,0,0,0,0,0,4146,"CANTAREIRA, RUA DA",16725,"QUEIROS, AV SEN",80,"SE",1,0,"MERCURIO, AV SAO PAULO SP &  CANTAREIRA, RUA DA SAO PAULO SP",-23.5422333,-46.6273817
"2988","D021300924",9078,"IMIRIM, AV",NA,"",3100,"","21/02/2013 12:52",2,"CO",38,1036," "," ",1,1,0,0,0,0,0,0,0,0,0,0,0,0,0,0,0,9078,"IMIRIM, AV",NA,"",71,"SANTANA",1,0,"IMIRIM, AV 3100 SAO PAULO SP",-23.4804953,-46.6560914
"2989","D021300182",5797,"DEODORO, PCA MAL",NA,"",333,"","21/02/2013 13:00",4,"AT",77,818," "," ",1,0,0,0,0,0,0,0,0,0,0,0,0,0,0,0,0,5797,"DEODORO, PCA MAL",NA,"",11,"BRASILANDIA",1,0,"DEODORO, PCA MAL 333 SAO PAULO SP",-23.5339057,-46.6557652
"2990","D021300183",14750,"NOTHMANN, AL",16321,"PIRACICABA, AL BR DE",0,"","21/02/2013 13:20",2,"CL",77,819," "," ",1,1,0,0,0,0,0,0,0,0,0,0,0,0,0,0,0,14750,"NOTHMANN, AL",16321,"PIRACICABA, AL BR DE",70,"SANTA CECILIA",1,0,"NOTHMANN, AL SAO PAULO SP &  PIRACICABA, AL BR DE SAO PAULO SP",-23.5343632,-46.6488075
"2991","D021300631",13019,"ESCOLA POLITECNICA, AV",NA,"",5300,"","21/02/2013 13:30",2,"CT",51,851," "," ",0,1,0,0,0,0,0,0,0,0,0,1,0,0,0,0,0,13019,"ESCOLA POLITECNICA, AV",NA,"",40,"JAGUARE",1,0,"ESCOLA POLITECNICA, AV 5300 SAO PAULO SP",-23.5771203,-46.7664893
"2992","D021300069",5245,"CONSOLACAO, RUA DA",NA,"",2000,"","21/02/2013 13:40",2,"CT",4,1338," "," ",1,1,0,0,0,0,0,0,0,0,0,0,0,0,0,0,0,5245,"CONSOLACAO, RUA DA",NA,"",26,"CONSOLACAO",1,0,"CONSOLACAO, RUA DA 2000 SAO PAULO SP",-23.5528996,-46.6595161
"2994","D021301335",39831,"ROBERTO PATRAO ASSIS, RUA ARQ",NA,"",380,"","21/02/2013 13:45",2,"QD",92,2416," "," ",0,0,0,0,0,0,0,0,0,0,0,0,0,0,0,1,0,39831,"ROBERTO PATRAO ASSIS, RUA ARQ",NA,"",29,"FREGUESIA DO O",1,0,"ROBERTO PATRAO ASSIS, RUA ARQ 380 SAO PAULO SP",-23.658937,-46.74588
"2996","D021300844",475,"ALBERTO BYINGTON, AV",NA,"",1807,"","21/02/2013 14:04",4,"AT",19,701," "," ",1,0,0,0,0,0,0,0,0,0,0,0,0,0,0,0,0,475,"ALBERTO BYINGTON, AV",NA,"",91,"VILA MARIA",1,0,"ALBERTO BYINGTON, AV 1807 SAO PAULO SP",-23.5006214,-46.588955
"2997","D021300482",8615,"HEITOR PENTEADO, RUA",NA,"",1726,"","21/02/2013 14:15",2,"CO",23,981," "," ",1,1,0,0,0,0,0,0,0,0,0,0,0,0,0,0,0,8615,"HEITOR PENTEADO, RUA",NA,"",61,"PERDIZES",1,0,"HEITOR PENTEADO, RUA 1726 SAO PAULO SP",-23.5438552,-46.6941736
"2998","D021301177",8955,"IBITIRAMA, RUA",NA,"",1200,"","21/02/2013 14:20",4,"AT",56,1115," "," ",0,0,1,0,0,0,0,0,0,0,0,0,0,0,0,0,0,8955,"IBITIRAMA, RUA",NA,"",95,"VILA PRUDENTE",1,0,"IBITIRAMA, RUA 1200 SAO PAULO SP",-23.5910538,-46.5811471
"2999","D021300074",17517,"RUI BARBOSA, RUA",19154,"TREZE DE MAIO, RUA",0,"","21/02/2013 14:42",4,"AT",5,297," "," ",0,1,0,0,0,0,0,0,0,0,0,0,0,0,0,0,0,17517,"RUI BARBOSA, RUA",19154,"TREZE DE MAIO, RUA",NA,"",1,0,"RUI BARBOSA, RUA SAO PAULO SP &  TREZE DE MAIO, RUA SAO PAULO SP",-23.5607,-46.6452321
"3001","D021300779",4896,"CHICO PONTES, RUA",NA,"",1000,"","21/02/2013 15:08",4,"AT",9,1122," "," ",1,0,0,0,0,0,0,0,0,0,0,0,0,0,0,0,0,4896,"CHICO PONTES, RUA",NA,"",88,"VILA GUILHERME",1,0,"CHICO PONTES, RUA 1000 SAO PAULO SP",-23.5075846,-46.6028604
"3002","D021301264",12403,"M'BOI MIRIM, ES",NA,"",9000,"","21/02/2013 15:15",2,"QD",47,1014," "," ",0,0,1,0,0,0,0,0,0,0,0,0,0,0,0,0,0,12403,"M'BOI MIRIM, ES",NA,"",42,"JARDIM ANGELA",1,0,"M'BOI MIRIM, ES 9000 SAO PAULO SP",-23.5505199,-46.6333094
"3003","D021300140",543,"ALCANTARA MACHADO, AV",8798,"HIPODROMO, RUA",0,"","21/02/2013 16:00",4,"AT",8,1337," "," ",1,0,0,0,0,0,0,0,0,0,0,0,0,0,0,0,0,543,"ALCANTARA MACHADO, AV",8798,"HIPODROMO, RUA",54,"MOOCA",1,0,"ALCANTARA MACHADO, AV SAO PAULO SP &  HIPODROMO, RUA SAO PAULO SP",-23.5528151,-46.613419
"3004","D021301121",6679,"ESTEVAO PERNET, RUA PDE",NA,"",86,"","21/02/2013 16:15",4,"AT",30,1004," "," ",1,0,0,0,0,0,0,0,0,0,0,0,0,0,0,0,0,6679,"ESTEVAO PERNET, RUA PDE",NA,"",82,"TATUAPE",1,0,"ESTEVAO PERNET, RUA PDE 86 SAO PAULO SP",-23.5505199,-46.6333094
"3005","D021301689",76059,"ILHA DE SANTA ANA, RUA",NA,"",1145,"","21/02/2013 16:22",2,"QM",53,1192," "," ",0,0,0,0,1,0,0,0,0,0,0,0,0,0,0,0,0,76059,"ILHA DE SANTA ANA, RUA",NA,"",51,"MANDAQUI",1,0,"ILHA DE SANTA ANA, RUA 1145 SAO PAULO SP",-23.5623627,-46.4566478
"3006","D021301444",8522,"GUIRAPO, RUA",8521,"GUIRAPA, RUA",0,"","21/02/2013 16:54",2,"CO",22,1330," "," ",1,0,0,0,1,0,0,0,0,0,0,0,0,0,0,0,0,8521,"GUIRAPA, RUA",8522,"GUIRAPO, RUA",86,"VILA CURUCA",1,0,"GUIRAPO, RUA SAO PAULO SP &  GUIRAPA, RUA SAO PAULO SP",-23.6220341,-46.5693528
"3007","D021301026",18594,"TAIPAS, ES",NA,"",3625,"","21/02/2013 17:00",2,"CO",74,1607," "," ",1,1,0,0,0,0,0,0,0,0,0,0,0,0,0,0,0,18594,"TAIPAS, ES",NA,"",52,"MARSILAC",2,0,"TAIPAS, ES 3625 SAO PAULO SP",-23.4261258,-46.7260757
"3008","D021301278",9529,"ITAPECERICA, ES DE",NA,"",8842,"","21/02/2013 17:15",2,"CO",47,2870," "," ",1,1,0,0,0,0,0,0,0,0,0,0,0,0,0,0,0,9529,"ITAPECERICA, ES DE",NA,"",29,"FREGUESIA DO O",2,0,"ITAPECERICA, ES DE 8842 SAO PAULO SP",-23.5505199,-46.6333094
"3009","D021300105",2806,"BATISTA CAETANO, RUA",NA,"",200,"","21/02/2013 17:20",2,"CH",6,933," "," ",1,0,0,0,0,0,0,0,0,0,0,0,0,0,0,0,0,2806,"BATISTA CAETANO, RUA",NA,"",14,"CAMBUCI",1,0,"BATISTA CAETANO, RUA 200 SAO PAULO SP",-23.5789705,-46.6281788
"3010","D021300660",12289,"MARIO SILVEIRA ROSA, RUA",NA,"",18,"","21/02/2013 17:20",4,"AT",75,620," "," ",1,1,0,0,0,0,0,0,0,0,0,0,0,0,0,0,0,12289,"MARIO SILVEIRA ROSA, RUA",NA,"",96,"VILA SONIA",1,0,"MARIO SILVEIRA ROSA, RUA 18 SAO PAULO SP",-23.5957133,-46.7582195
"3011","D021300438",6238,"NACOES UNIDAS, AV DAS",7617,"FREDERICO HERMAN JUNIOR, AV PROF",0,"","21/02/2013 17:45",2,"CO",14,1665," "," ",1,1,0,0,0,0,0,0,0,0,0,0,0,0,0,0,0,6238,"NACOES UNIDAS, AV DAS",7617,"FREDERICO HERMAN JUNIOR, AV PROF",63,"PINHEIROS",1,0,"NACOES UNIDAS, AV DAS SAO PAULO SP &  FREDERICO HERMAN JUNIOR, AV PROF SAO PAULO SP",-23.5735935,-46.7008864
"3012","D021300831",20066,"ZILDA, RUA",NA,"",385,"","21/02/2013 18:00",2,"CO",13,2028," "," ",1,1,0,0,0,0,0,0,0,0,0,0,0,0,0,0,0,20066,"ZILDA, RUA",NA,"",44,"JARDIM PAULISTA",1,0,"ZILDA, RUA 385 SAO PAULO SP",-23.496369,-46.6611923
"3013","D021300142",19163,"TRILHOS, RUA DOS",NA,"",1566,"","21/02/2013 18:30",4,"AT",8,1341," "," ",1,0,0,0,0,0,0,0,0,0,0,0,0,0,0,0,0,19163,"TRILHOS, RUA DOS",NA,"",54,"MOOCA",1,0,"TRILHOS, RUA DOS 1566 SAO PAULO SP",-23.5541862,-46.5944264
"3014","D021300441",16919,"REBOUCAS, AV",NA,"",2742,"","21/02/2013 18:30",2,"CO",14,1732," "," ",1,1,0,0,0,0,0,0,0,0,0,0,0,0,0,0,0,16919,"REBOUCAS, AV",NA,"",44,"JARDIM PAULISTA",1,0,"REBOUCAS, AV 2742 SAO PAULO SP",-23.5685049,-46.6860912
"3015","D021301119",7645,"FRONTIN, AV CD DE",2181,"ARICANDUVA, AV",0,"","21/02/2013 19:15",2,"CO",30,978," "," ",1,1,0,0,0,0,0,0,0,0,0,0,0,0,0,0,0,2181,"ARICANDUVA, AV",7645,"FRONTIN, AV CD DE",93,"VILA MATILDE",1,0,"FRONTIN, AV CD DE SAO PAULO SP &  ARICANDUVA, AV SAO PAULO SP",-23.5505199,-46.6333094
"3016","D021301274",33353,"PRUDENCIO DO AMARAL, RUA",NA,"",77,"","21/02/2013 19:22",4,"AT",47,2266," "," ",0,0,1,0,0,0,0,0,0,0,0,0,0,0,0,0,0,33353,"PRUDENCIO DO AMARAL, RUA",NA,"",29,"FREGUESIA DO O",1,0,"PRUDENCIO DO AMARAL, RUA 77 SAO PAULO SP",-23.6483439,-46.7864739
"3017","D021300106",17294,"RODRIGO VIEIRA, RUA",NA,"",315,"","21/02/2013 19:30",2,"SI",6,938," "," ",1,1,0,0,0,0,0,0,0,0,0,0,0,0,0,0,0,17294,"RODRIGO VIEIRA, RUA",NA,"",0,"NULL",1,0,"RODRIGO VIEIRA, RUA 315 SAO PAULO SP",-23.5894207,-46.6235181
"3018","D021301162",6492,"ENGENHO VELHO, RUA",4736,"CELSO GARCIA, AV",0,"","21/02/2013 19:30",2,"CO",52,2039," "," ",1,1,0,0,0,0,0,0,0,0,0,0,0,0,0,0,0,4736,"CELSO GARCIA, AV",6492,"ENGENHO VELHO, RUA",82,"TATUAPE",1,0,"ENGENHO VELHO, RUA SAO PAULO SP &  CELSO GARCIA, AV SAO PAULO SP",-23.5337027,-46.5813249
"3019","D021301753",9580,"ITAQUERA, AV",18063,"SERRA DAS DIVISOES, RUA",0,"","21/02/2013 19:40",4,"AT",66,1177," "," ",1,0,0,0,0,0,0,0,0,0,0,0,0,0,0,0,0,9580,"ITAQUERA, AV",34654,"WALDEMAR TIETZ, AV",24,"CIDADE LIDER",1,0,"ITAQUERA, AV SAO PAULO SP &  SERRA DAS DIVISOES, RUA SAO PAULO SP",-23.5540176,-46.4897549
"3021","D021301669",9044,"RAGUEB CHOHFI, AV",2181,"ARICANDUVA, AV",0,"","21/02/2013 20:26",4,"AT",49,2540," "," ",0,1,0,0,0,0,0,0,0,0,0,0,0,0,0,0,0,2181,"ARICANDUVA, AV",9044,"RAGUEB CHOHFI, AV",75,"SAO MATEUS",2,0,"RAGUEB CHOHFI, AV SAO PAULO SP &  ARICANDUVA, AV SAO PAULO SP",-23.5962789,-46.4358414
"3023","D021300612",20291,"TURISTICA DO JARAGUA, ES",NA,"",1380,"","21/02/2013 22:00",2,"CO",46,1644," "," ",2,0,0,0,0,0,0,0,0,0,0,1,0,0,0,0,0,20291,"TURISTICA DO JARAGUA, ES",NA,"",31,"GUAIANASES",4,0,"TURISTICA DO JARAGUA, ES 1380 SAO PAULO SP",-23.5505199,-46.6333094
"3025","D021300981",3771,"INAJAR DE SOUZA, AV",27489,"JERONIMO DE ANDRADE, AV",0,"","21/02/2013 23:30",2,"CO",72,1610," "," ",1,1,0,0,0,0,0,0,0,0,0,0,0,0,0,0,0,3771,"INAJAR DE SOUZA, AV",27489,"JERONIMO DE ANDRADE, AV",13,"CACHOEIRINHA",1,0,"INAJAR DE SOUZA, AV SAO PAULO SP &  JERONIMO DE ANDRADE, AV SAO PAULO SP",-23.461436,-46.6729346
"3026","D021301647",9044,"RAGUEB CHOHFI, AV",NA,"",5057,"","22/02/2013 06:30",2,"CO",49,555," "," ",1,0,0,1,0,0,0,0,0,0,0,0,0,0,0,0,0,9044,"RAGUEB CHOHFI, AV",NA,"",32,"IGUATEMI",4,0,"RAGUEB CHOHFI, AV 5057 SAO PAULO SP",-23.595818,-46.4369764
"3027","D021301219",32309,"SOCORRO, PTE DO",NA,"",100,"","22/02/2013 06:30",2,"CO",11,567," "," ",1,1,0,0,0,0,0,0,0,0,0,0,0,0,0,0,0,32309,"SOCORRO, PTE DO",NA,"",30,"GRAJAU",1,0,"SOCORRO, PTE DO 100 SAO PAULO SP",-23.6658217,-46.7115251
"3028","D021301764",43404,"VILANOVA ARTIGAS, AV ARQ",NA,"",10,"","22/02/2013 06:40",2,"CO",69,1821," "," ",0,1,1,0,0,0,0,0,0,0,0,0,0,0,0,0,0,43404,"VILANOVA ARTIGAS, AV ARQ",NA,"",56,"PARELHEIROS",1,0,"VILANOVA ARTIGAS, AV ARQ 10 SAO PAULO SP",-23.5505199,-46.6333094
"3029","D021301059",43777,"CARVALHO PINTO, AV GOV",13848,"MERCEDES LOPES, RUA",0,"","22/02/2013 06:45",2,"CT",10,2062," "," ",2,0,0,3,0,0,0,0,0,0,0,2,0,0,0,0,0,13848,"MERCEDES LOPES, RUA",43777,"CARVALHO PINTO, AV GOV",60,"PENHA",2,0,"CARVALHO PINTO, AV GOV SAO PAULO SP &  MERCEDES LOPES, RUA SAO PAULO SP",-23.5149544,-46.5203738
"3030","D021301523",13881,"MIGUEL, AV S",NA,"",4200,"","22/02/2013 06:46",2,"CT",62,763," "," ",0,1,0,0,0,0,0,0,0,0,0,1,0,0,0,0,0,13881,"MIGUEL, AV S",NA,"",65,"PONTE RASA",1,0,"MIGUEL, AV S 4200 SAO PAULO SP",-23.5081246,-46.4927802
"3031","D021301745",9580,"ITAQUERA, AV",NA,"",2500,"","22/02/2013 06:48",2,"CP",66,901,"B"," ",1,0,0,0,0,0,0,0,0,0,0,0,0,0,0,0,0,9580,"ITAQUERA, AV",NA,"",24,"CIDADE LIDER",1,0,"ITAQUERA, AV 2500 SAO PAULO SP",-23.5498338,-46.5017473
"3032","D021301178",15407,"PAPOULAS, RUA DAS",2729,"BAIA GRANDE, RUA",0,"","22/02/2013 06:49",2,"CT",56,1130," "," ",1,1,0,0,0,0,0,0,0,0,0,0,0,0,0,0,0,2729,"BAIA GRANDE, RUA",15407,"PAPOULAS, RUA DAS",95,"VILA PRUDENTE",1,0,"PAPOULAS, RUA DAS SAO PAULO SP &  BAIA GRANDE, RUA SAO PAULO SP",-23.6018498,-46.5706728
"3033","D021301234",10918,"JOSE DINIZ, AV VER",NA,"",615,"","22/02/2013 06:50",2,"CO",11,2027," "," ",0,1,1,0,0,0,0,0,0,0,0,0,0,0,0,0,0,10918,"JOSE DINIZ, AV VER",NA,"",15,"CAMPO BELO",1,0,"JOSE DINIZ, AV VER 615 SAO PAULO SP",-23.6369188,-46.693789
"3034","D021300903",3771,"INAJAR DE SOUZA, AV",NA,"",2000,"","22/02/2013 07:00",2,"CO",28,1899," "," ",0,1,0,0,0,0,0,0,0,0,0,1,0,0,0,0,0,3771,"INAJAR DE SOUZA, AV",NA,"",50,"LIMAO",1,0,"INAJAR DE SOUZA, AV 2000 SAO PAULO SP",-23.4883925,-46.6833461
"3036","D021301323",21084,"JOAO FERNANDES C. NOVA JUNIOR, RUA",NA,"",510,"","22/02/2013 07:00",2,"SI",92,1174," "," ",1,1,0,0,0,0,0,0,0,0,0,0,0,0,0,0,0,21084,"JOAO FERNANDES C. NOVA JUNIOR, RUA",NA,"",29,"FREGUESIA DO O",1,0,"JOAO FERNANDES C. NOVA JUNIOR, RUA 510 SAO PAULO SP",-23.653613,-46.7413435
"3037","D021300673",16838,"RAIMUNDO PEREIRA DE MAGAL., AV",NA,"",2500,"","22/02/2013 07:00",2,"CO",87,931," "," ",1,1,0,0,0,0,0,0,0,0,0,0,0,0,0,0,0,16838,"RAIMUNDO PEREIRA DE MAGAL., AV",NA,"",31,"GUAIANASES",2,0,"RAIMUNDO PEREIRA DE MAGAL., AV 2500 SAO PAULO SP",-23.4866606,-46.7259161
"3038","D021300276",14050,"MIRUNA, AV",8264,"GUAICANAS, AL DOS",0,"","22/02/2013 07:05",2,"CO",27,1863," "," ",1,0,0,0,0,0,0,0,0,0,0,2,0,0,0,0,0,8264,"GUAICANAS, AL DOS",14050,"MIRUNA, AV",79,"SAUDE",1,0,"MIRUNA, AV SAO PAULO SP &  GUAICANAS, AL DOS SAO PAULO SP",-23.614804,-46.6613722
"3039","D021301083",2181,"ARICANDUVA, AV",NA,"",46,"","22/02/2013 07:30",2,"CO",21,585," "," ",0,2,0,0,0,0,0,0,0,0,0,0,0,0,0,0,0,2181,"ARICANDUVA, AV",NA,"",60,"PENHA",1,0,"ARICANDUVA, AV 46 SAO PAULO SP",-23.537927,-46.5459778
"3040","D021300401",6544,"ERMANO MARCHETTI, AV",28914,"PIQUERI, PTE DO",0,"","22/02/2013 07:32",4,"AT",7,1216," "," ",0,0,0,0,0,0,0,1,0,0,0,0,0,0,0,0,0,6544,"ERMANO MARCHETTI, AV",28914,"PIQUERI, PTE DO",NA,"",1,0,"ERMANO MARCHETTI, AV SAO PAULO SP &  PIQUERI, PTE DO SAO PAULO SP",-23.5138014,-46.7023128
"3042","D021300277",19100,"BANDEIRANTES, AV DOS",NA,"",3300,"","22/02/2013 08:13",2,"CO",27,1871," "," ",0,1,0,0,0,0,0,0,0,0,0,1,0,0,0,0,0,19100,"BANDEIRANTES, AV DOS",NA,"",24,"CIDADE LIDER",1,0,"BANDEIRANTES, AV DOS 3300 SAO PAULO SP",-23.6156489,-46.6671819
"3043","D021301060",13177,"MARIA CARLOTA, RUA",NA,"",1015,"","22/02/2013 08:15",4,"AT",10,2068," "," ",0,1,0,0,0,0,0,0,0,0,0,0,0,0,0,0,0,13177,"MARIA CARLOTA, RUA",NA,"",60,"PENHA",1,0,"MARIA CARLOTA, RUA 1015 SAO PAULO SP",-23.5306931,-46.5275448
"3044","D021301233",952,"AMADOR BUENO, RUA",NA,"",120,"","22/02/2013 08:18",4,"AT",11,2025," "," ",1,0,0,0,0,0,0,0,0,0,0,0,0,0,0,0,0,952,"AMADOR BUENO, RUA",NA,"",72,"SANTO AMARO",1,0,"AMADOR BUENO, RUA 120 SAO PAULO SP",-23.6522786,-46.7089848