"","id_acidente","codloga","logradouroA","codlogb","logradouroB","alt_num","referencia","data","cod_acid","tipo_acidente","dp","numero_BO","sentido","pista","automovel","moto","onibus","caminhao","bicicleta","moto_taxi","onibus_fretado","onibus_urbano","microonibus","van","vuc","caminhonete","carreta","jipe","outros","sem_informacao","carroca","princ_a","paiA","princ_b","paiB","cod_distrito","distrito","vit_ferida","vit_morta","local","lat","lon"
"3045","D021300351",6917,"FAUSTO, RUA",7461,"FRANCISCO INACIO, RUA CEL",0,"","22/02/2013 08:30",2,"CO",95,818," "," ",1,1,0,0,0,0,0,0,0,0,0,0,0,0,0,0,0,6917,"FAUSTO, RUA",7461,"FRANCISCO INACIO, RUA CEL",69,"SACOMA",1,0,"FAUSTO, RUA SAO PAULO SP &  FRANCISCO INACIO, RUA CEL SAO PAULO SP",-23.6113231,-46.6037254
"3046","D021301164",65634,"FRANCISCO FALCONI, AV",NA,"",1454,"","22/02/2013 08:45",2,"CH",56,370," "," ",1,0,0,0,0,0,0,0,0,0,0,0,0,0,0,0,0,65634,"FRANCISCO FALCONI, AV",NA,"",26,"CONSOLACAO",1,0,"FRANCISCO FALCONI, AV 1454 SAO PAULO SP",-23.5932196,-46.563583
"3047","D021300825",9078,"IMIRIM, AV",NA,"",1190,"","22/02/2013 09:15",2,"QM",13,1898," "," ",0,1,0,0,0,0,0,0,0,0,0,0,0,0,0,0,0,9078,"IMIRIM, AV",NA,"",71,"SANTANA",1,0,"IMIRIM, AV 1190 SAO PAULO SP",-23.4943735,-46.6460023
"3049","D021301420",7640,"LUIS ARROBAS MARTINS, RUA DR",NA,"",735,"","22/02/2013 09:41",2,"CO",102,570," "," ",1,1,0,0,0,0,0,0,0,0,0,0,0,0,0,0,0,7640,"LUIS ARROBAS MARTINS, RUA DR",NA,"",81,"SOCORRO",1,0,"LUIS ARROBAS MARTINS, RUA DR 735 SAO PAULO SP",-23.6854396,-46.7085775
"3050","D021300184",8023,"GLETE, AL",11883,"LIMEIRA, AL BR DE",0,"","22/02/2013 09:51",2,"CO",77,837," "," ",1,1,0,0,0,0,0,0,0,0,0,0,0,0,0,0,0,8023,"GLETE, AL",11883,"LIMEIRA, AL BR DE",70,"SANTA CECILIA",1,0,"GLETE, AL SAO PAULO SP &  LIMEIRA, AL BR DE SAO PAULO SP",-23.5372939,-46.6502599
"3052","D021300891",5947,"EDGAR FACO, AV GAL",NA,"",1200,"","22/02/2013 10:05",2,"CO",28,952," "," ",1,1,0,0,0,0,0,0,0,0,0,0,0,0,0,0,0,5947,"EDGAR FACO, AV GAL",NA,"",64,"PIRITUBA",1,0,"EDGAR FACO, AV GAL 1200 SAO PAULO SP",-23.4953362,-46.7080558
"3053","D021300461",7691,"GABRIEL MONTEIRO DA SILVA, AL",NA,"",1800,"","22/02/2013 10:15",2,"CO",15,1007," "," ",1,1,0,0,0,0,0,0,0,0,0,0,0,0,0,0,0,7691,"GABRIEL MONTEIRO DA SILVA, AL",NA,"",63,"PINHEIROS",1,0,"GABRIEL MONTEIRO DA SILVA, AL 1800 SAO PAULO SP",-23.5740698,-46.6841801
"3054","D021300456",6897,"FARIA LIMA, AV BRIG",NA,"",4600,"","22/02/2013 10:45",2,"CO",15,875," "," ",0,2,0,0,0,0,0,0,0,0,0,0,0,0,0,0,0,6897,"FARIA LIMA, AV BRIG",NA,"",63,"PINHEIROS",1,0,"FARIA LIMA, AV BRIG 4600 SAO PAULO SP",-23.5967626,-46.6797189
"3055","D021300892",9420,"ITABERABA, AV",NA,"",1296,"","22/02/2013 10:52",2,"SI",28,954," "," ",0,1,1,0,0,0,0,0,0,0,0,0,0,0,0,0,0,9420,"ITABERABA, AV",NA,"",29,"FREGUESIA DO O",1,0,"ITABERABA, AV 1296 SAO PAULO SP",-23.4909094,-46.6944355
"3057","D021301421",17110,"RIO BONITO, AV DO",NA,"",1700,"","22/02/2013 11:56",2,"CO",102,527," "," ",1,1,0,0,0,0,0,0,0,0,0,0,0,0,0,0,0,17110,"RIO BONITO, AV DO",NA,"",32,"IGUATEMI",1,0,"RIO BONITO, AV DO 1700 SAO PAULO SP",-23.6872599,-46.7021153
"3058","D021300204",5175,"COLOMBIA, RUA",NA,"",100,"","22/02/2013 12:15",2,"CO",78,1432," "," ",1,1,0,0,0,0,0,0,0,0,0,0,0,0,0,0,0,5175,"COLOMBIA, RUA",NA,"",44,"JARDIM PAULISTA",1,0,"COLOMBIA, RUA 100 SAO PAULO SP",-23.5673239,-46.6699827
"3059","D021300697",8483,"GUILHERME DUMONT VILARES, AV DR",NA,"",500,"","22/02/2013 12:20",2,"CO",89,1218," "," ",0,0,0,0,0,0,0,0,0,0,0,2,0,0,0,0,0,8483,"GUILHERME DUMONT VILARES, AV DR",NA,"",85,"VILA ANDRADE",1,0,"GUILHERME DUMONT VILARES, AV DR 500 SAO PAULO SP",-23.607958,-46.7448377
"3060","D021300205",12165,"LUIS ANTONIO, AV BRIG",NA,"",3722,"","22/02/2013 12:22",2,"CO",78,1433," "," ",1,1,0,0,0,0,0,0,0,0,0,0,0,0,0,0,0,12165,"LUIS ANTONIO, AV BRIG",NA,"",7,"BELA VISTA",1,0,"LUIS ANTONIO, AV BRIG 3722 SAO PAULO SP",-23.5769884,-46.6590507
"3061","D021300187",14750,"NOTHMANN, AL",NA,"",603,"","22/02/2013 13:10",2,"CO",77,890," "," ",1,1,0,0,0,0,0,0,0,0,0,0,0,0,0,0,0,14750,"NOTHMANN, AL",NA,"",70,"SANTA CECILIA",1,0,"NOTHMANN, AL 603 SAO PAULO SP",-23.5330606,-46.6468667
"3062","D021301690",61686,"EDUARDO SALAMONDE, RUA",66467,"LUIS DE TOLEDO PIZA, RUA",0,"","22/02/2013 13:10",2,"CO",53,1195," "," ",0,1,0,0,0,0,0,0,1,0,0,0,0,0,0,0,0,61686,"EDUARDO SALAMONDE, RUA",66467,"LUIS DE TOLEDO PIZA, RUA",58,"PARQUE DO CARMO",1,0,"EDUARDO SALAMONDE, RUA SAO PAULO SP &  LUIS DE TOLEDO PIZA, RUA SAO PAULO SP",-23.5705572,-46.4744313
"3063","D021301122",27094,"SALIM FARAH MALUF, AV",2817,"BARBACENA, RUA MAL",0,"","22/02/2013 13:42",2,"QM",30,1023," "," ",0,1,0,0,0,0,0,0,0,0,0,0,0,0,0,0,0,2817,"BARBACENA, RUA MAL",27094,"SALIM FARAH MALUF, AV",87,"VILA FORMOSA",1,0,"SALIM FARAH MALUF, AV SAO PAULO SP &  BARBACENA, RUA MAL SAO PAULO SP",-23.5555392,-46.5773751
"3065","D021300278",9309,"IRAI, AV",NA,"",600,"","22/02/2013 14:00",2,"CO",27,1892," "," ",1,1,0,0,0,0,0,0,0,0,0,0,0,0,0,0,0,9309,"IRAI, AV",NA,"",79,"SAUDE",1,0,"IRAI, AV 600 SAO PAULO SP",-23.6115825,-46.6619807
"3066","D021300107",11922,"LINS DE VASCONCELOS, AV",NA,"",1281,"","22/02/2013 14:05",2,"SI",6,952," "," ",1,1,0,0,0,0,0,0,0,0,0,0,0,0,0,0,0,11922,"LINS DE VASCONCELOS, AV",NA,"",92,"VILA MARIANA",1,0,"LINS DE VASCONCELOS, AV 1281 SAO PAULO SP",-23.5746808,-46.6231665
"3067","D021300817",4819,"CESAR PENA RAMOS, RUA",NA,"",94,"","22/02/2013 14:11",4,"AT",13,1637," "," ",0,0,0,0,0,0,0,0,0,0,0,0,0,0,0,1,0,4819,"CESAR PENA RAMOS, RUA",NA,"",50,"LIMAO",1,0,"CESAR PENA RAMOS, RUA 94 SAO PAULO SP",-23.4909759,-46.6617854
"3068","D021300912",9078,"IMIRIM, AV",NA,"",2912,"","22/02/2013 14:15",4,"AT",38,724," "," ",0,1,0,0,0,0,0,0,0,0,0,0,0,0,0,0,0,9078,"IMIRIM, AV",NA,"",71,"SANTANA",1,0,"IMIRIM, AV 2912 SAO PAULO SP",-23.4818453,-46.6550581
"3069","D021300333",10630,"PEDRO ALVARES CABRAL, AV",NA,"",201,"","22/02/2013 14:15",2,"CL",36,836," "," ",1,1,0,0,0,0,0,0,0,0,0,0,0,0,0,0,0,10630,"PEDRO ALVARES CABRAL, AV",NA,"",53,"MOEMA",2,0,"PEDRO ALVARES CABRAL, AV 201 SAO PAULO SP",-23.579423,-46.657371
"3070","D021300781",2455,"ATALIBA LEONEL, AV GAL",NA,"",1570,"","22/02/2013 14:20",4,"AT",9,1148," "," ",1,0,0,0,0,0,0,0,0,0,0,0,0,0,0,0,0,2455,"ATALIBA LEONEL, AV GAL",NA,"",88,"VILA GUILHERME",1,0,"ATALIBA LEONEL, AV GAL 1570 SAO PAULO SP",-23.500989,-46.6138368
"3071","D021300169",4561,"CASTELO BRANCO, AV PRES",4632,"CATUMBI, RUA",0,"","22/02/2013 14:30",4,"AT",12,1097," "," ",0,0,0,1,0,0,0,0,0,0,0,0,0,0,0,0,0,4561,"CASTELO BRANCO, AV PRES",4632,"CATUMBI, RUA",8,"BELEM",1,0,"CASTELO BRANCO, AV PRES SAO PAULO SP &  CATUMBI, RUA SAO PAULO SP",-23.5216047,-46.6390428
"3072","D021300782",4219,"ZAKI NARCHI, AV",NA,"",1100,"","22/02/2013 15:00",2,"CO",9,1149," "," ",0,1,0,0,0,0,0,0,0,0,0,1,0,0,0,0,0,4219,"ZAKI NARCHI, AV",NA,"",88,"VILA GUILHERME",1,0,"ZAKI NARCHI, AV 1100 SAO PAULO SP",-23.5083518,-46.6155248
"3073","D021300705",9710,"JOSE HOR. MEIRELLES TEIXEIRA, RUA PROF",69906,"CUSTODIO DE OLIVEIRA, RUA",0,"","22/02/2013 15:00",2,"CO",89,1478," "," ",1,1,0,0,0,0,0,0,0,0,0,0,0,0,0,0,0,9710,"JOSE HOR. MEIRELLES TEIXEIRA, RUA PROF",73454,"JOAO BALDINATO, RUA",96,"VILA SONIA",1,0,"JOSE HOR. MEIRELLES TEIXEIRA, RUA PROF SAO PAULO SP &  CUSTODIO DE OLIVEIRA, RUA SAO PAULO SP",-23.5559971,-46.4105377
"3074","D021301370",3028,"BEIJUI, RUA",NA,"",31,"","22/02/2013 15:20",2,"CO",99,784," "," ",1,1,0,0,0,0,0,0,0,0,0,0,0,0,0,0,0,3028,"BEIJUI, RUA",NA,"",16,"CAMPO GRANDE",1,0,"BEIJUI, RUA 31 SAO PAULO SP",-23.6676536,-46.6900555
"3075","D021300877",13133,"MARIA AMALIA LOPES AZEVEDO, RUA",NA,"",1705,"","22/02/2013 15:30",2,"CO",20,1726," "," ",1,1,0,0,0,0,0,0,0,0,0,0,0,0,0,0,0,13133,"MARIA AMALIA LOPES AZEVEDO, RUA",NA,"",83,"TREMEMBE",1,0,"MARIA AMALIA LOPES AZEVEDO, RUA 1705 SAO PAULO SP",-23.4581294,-46.6083826
"3076","D021301438",11542,"NORDESTINA, AV",NA,"",10,"","22/02/2013 15:40",4,"AT",22,1019," "," ",1,0,0,0,0,0,0,0,0,0,0,0,0,0,0,0,0,11542,"NORDESTINA, AV",NA,"",76,"SAO MIGUEL",1,0,"NORDESTINA, AV 10 SAO PAULO SP",-23.4963191,-46.4421927
"3077","D021300944",18182,"SILVA GUIMARAES, RUA",6163,"EDE, AV",0,"","22/02/2013 15:50",2,"CO",39,871," "," ",1,1,0,0,0,0,0,0,0,0,0,0,0,0,0,0,0,6163,"EDE, AV",18182,"SILVA GUIMARAES, RUA",94,"VILA MEDEIROS",1,0,"SILVA GUIMARAES, RUA SAO PAULO SP &  EDE, AV SAO PAULO SP",-23.4928678,-46.5938213
"3078","D021300674",28329,"CHARLES SILVER, RUA",28325,"GABRIEL PLAVER, RUA",0,"","22/02/2013 16:00",2,"CL",87,952," "," ",0,0,0,0,1,0,0,0,1,0,0,0,0,0,0,0,0,28325,"GABRIEL PLAVER, RUA",28329,"CHARLES SILVER, RUA",64,"PIRITUBA",1,0,"CHARLES SILVER, RUA SAO PAULO SP &  GABRIEL PLAVER, RUA SAO PAULO SP",-23.4961985,-46.7225227
"3079","D021301793",36323,"SOFIA CASTELANE, RUA",43087,"AGUIAS REAIS, RUA DAS",0,"","22/02/2013 16:00",2,"CF",70,1840," "," ",1,1,0,0,0,0,0,0,0,0,0,0,0,0,0,0,0,36323,"SOFIA CASTELANE, RUA",43087,"AGUIAS REAIS, RUA DAS",78,"SAPOPEMBA",1,0,"SOFIA CASTELANE, RUA SAO PAULO SP &  AGUIAS REAIS, RUA DAS SAO PAULO SP",-23.6206289,-46.5049947
"3080","D021300632",21266,"PAULO CANELLES, RUA PDE",NA,"",690,"","22/02/2013 16:10",4,"AT",51,878," "," ",0,1,0,0,0,0,0,0,0,0,0,0,0,0,0,0,0,21266,"PAULO CANELLES, RUA PDE",NA,"",13,"CACHOEIRINHA",2,0,"PAULO CANELLES, RUA PDE 690 SAO PAULO SP",-23.5505199,-46.6333094
"3081","D021300648",8603,"HEITOR ANTONIO EIRAS GARCIA, AV ENG",NA,"",4420,"","22/02/2013 16:37",2,"CO",75,244," "," ",1,1,0,0,0,0,0,0,0,0,0,0,0,0,0,0,0,8603,"HEITOR ANTONIO EIRAS GARCIA, AV ENG",NA,"",68,"RIO PEQUENO",1,0,"HEITOR ANTONIO EIRAS GARCIA, AV ENG 4420 SAO PAULO SP",-23.5898624,-46.770298
"3082","D021300279",15986,"CONSTANTINO DE SOUSA, RUA",19692,"VIEIRA DE MORAIS, RUA",0,"","22/02/2013 17:00",4,"AT",27,1895," "," ",1,0,0,0,0,0,0,0,0,0,0,0,0,0,0,0,0,15986,"CONSTANTINO DE SOUSA, RUA",19692,"VIEIRA DE MORAIS, RUA",15,"CAMPO BELO",1,0,"CONSTANTINO DE SOUSA, RUA SAO PAULO SP &  VIEIRA DE MORAIS, RUA SAO PAULO SP",-23.6201136,-46.6761631
"3083","D021300676",75150,"HERBERT ARRUDA PEREIRA, RUA",NA,"",20,"","22/02/2013 17:30",2,"CO",87,1055," "," ",0,1,0,0,0,0,0,0,0,0,0,0,0,0,0,1,0,75150,"HERBERT ARRUDA PEREIRA, RUA",NA,"",31,"GUAIANASES",1,0,"HERBERT ARRUDA PEREIRA, RUA 20 SAO PAULO SP",-23.4799195,-46.7252051
"3084","D021301184",14213,"MOOCA, RUA DA",NA,"",1115,"","22/02/2013 17:30",2,"QM",57,351," "," ",1,1,0,0,0,0,0,0,0,0,0,0,0,0,0,0,0,14213,"MOOCA, RUA DA",NA,"",16,"CAMPO GRANDE",1,0,"MOOCA, RUA DA 1115 SAO PAULO SP",-23.5541516,-46.6143801
"3086","D021300544",11291,"JULES RIMET, AV",11687,"LEBRET, AV PDE",0,"","22/02/2013 17:45",2,"CO",34,1196," "," ",1,0,1,0,0,0,0,0,0,0,0,0,0,0,0,0,0,11291,"JULES RIMET, AV",11687,"LEBRET, AV PDE",55,"MORUMBI",1,0,"JULES RIMET, AV SAO PAULO SP &  LEBRET, AV PDE SAO PAULO SP",-23.5984722,-46.7196818
"3087","D021300559",11291,"JULES RIMET, AV",11687,"LEBRET, AV PDE",0,"","22/02/2013 17:45",2,"CF",34,1479," "," ",1,0,1,0,0,0,0,0,0,0,0,0,0,0,0,0,0,11291,"JULES RIMET, AV",11687,"LEBRET, AV PDE",55,"MORUMBI",1,0,"JULES RIMET, AV SAO PAULO SP &  LEBRET, AV PDE SAO PAULO SP",-23.5984722,-46.7196818
"3088","D021301086",18454,"SOUSA BANDEIRA, AV",NA,"",740,"","22/02/2013 18:00",2,"CO",21,598," "," ",3,0,0,0,0,0,0,0,0,0,0,0,0,0,0,0,0,18454,"SOUSA BANDEIRA, AV",NA,"",38,"JACANA",1,0,"SOUSA BANDEIRA, AV 740 SAO PAULO SP",-23.5436274,-46.4992637
"3090","D021300311",21116,"LEDUGERIO DE FREITAS BARBOSA, RUA",NA,"",15,"","22/02/2013 18:15",4,"AT",35,1674," "," ",1,0,0,0,0,0,0,0,0,0,0,0,0,0,0,0,0,21116,"LEDUGERIO DE FREITAS BARBOSA, RUA",NA,"",42,"JARDIM ANGELA",1,0,"LEDUGERIO DE FREITAS BARBOSA, RUA 15 SAO PAULO SP",-23.6453766,-46.6474139
"3091","D021301241",6238,"NACOES UNIDAS, AV DAS",NA,"",13500,"","22/02/2013 18:20",2,"CO",11,2513," "," ",1,1,0,0,0,0,0,0,0,0,0,0,0,0,0,0,0,13014,"MARGINAL DO RIO PINHEIROS, AV",NA,"",90,"VILA LEOPOLDINA",1,0,"NACOES UNIDAS, AV DAS 13500 SAO PAULO SP",-23.6791527,-46.6960883
"3092","D021300931",9170,"INES, AV STA",NA,"",836,"","22/02/2013 18:30",2,"CF",38,1629," "," ",1,1,0,0,0,0,0,0,0,0,0,0,0,0,0,0,0,9170,"INES, AV STA",NA,"",51,"MANDAQUI",1,0,"INES, AV STA 836 SAO PAULO SP",-23.4723584,-46.6299798
"3093","D021300826",19884,"VOLUNTARIOS DA PATRIA, RUA",NA,"",1068,"","22/02/2013 18:30",2,"QM",13,1907," "," ",0,1,0,0,0,0,0,0,0,0,0,0,0,0,0,0,0,19884,"VOLUNTARIOS DA PATRIA, RUA",NA,"",8,"BELEM",1,0,"VOLUNTARIOS DA PATRIA, RUA 1068 SAO PAULO SP",-23.5111823,-46.6260629
"3094","D021300725",12436,"MACEDO SOARES, AV EMB",15330,"PALADINO, RUA MAJ",0,"","22/02/2013 18:51",4,"AT",91,1278," "," ",0,1,0,0,0,0,0,0,0,0,0,0,0,0,0,0,0,12436,"MACEDO SOARES, AV EMB",15330,"PALADINO, RUA MAJ",90,"VILA LEOPOLDINA",1,0,"MACEDO SOARES, AV EMB SAO PAULO SP &  PALADINO, RUA MAJ SAO PAULO SP",-23.509526,-46.7091748
"3095","D021301337",19230,"NOVA DO TUPAROQUERA, RUA",36572,"PAULO LEMORE, RUA",0,"","22/02/2013 18:53",2,"CO",92,900037," "," ",1,1,0,0,0,0,0,0,0,0,0,0,0,0,0,0,0,19230,"NOVA DO TUPAROQUERA, RUA",36572,"PAULO LEMORE, RUA",45,"JARDIM SAO LUIS",1,0,"NOVA DO TUPAROQUERA, RUA SAO PAULO SP &  PAULO LEMORE, RUA SAO PAULO SP",-23.6616472,-46.740126
"3096","D021301569",6613,"ESPERANTINA, AV",NA,"",1200,"","22/02/2013 19:00",2,"CO",64,1555," "," ",1,1,0,0,0,0,0,0,0,0,0,0,0,0,0,0,0,6613,"ESPERANTINA, AV",NA,"",5,"ARTUR ALVIM",1,0,"ESPERANTINA, AV 1200 SAO PAULO SP",-23.5350415,-46.4761516
"3097","D021300726",12436,"MACEDO SOARES, AV EMB",NA,"",6000,"","22/02/2013 19:00",4,"AT",91,1285," "," ",1,0,0,0,0,0,0,0,0,0,0,0,0,0,0,0,0,29772,"MARGINAL DO RIO TIETE, AV",NA,"",48,"LAPA",1,0,"MACEDO SOARES, AV EMB 6000 SAO PAULO SP",-23.5727557,-46.6882636
"3098","D021301711",45398,"CACHOEIRA IDALINA, RUA",NA,"",10,"","22/02/2013 19:00",2,"QM",54,2583," "," ",0,1,0,0,0,0,0,0,0,0,0,0,0,0,0,0,0,45398,"CACHOEIRA IDALINA, RUA",NA,"",25,"CIDADE TIRADENT",1,0,"CACHOEIRA IDALINA, RUA 10 SAO PAULO SP",-23.5819147,-46.3940789
"3099","D021300732",11780,"LEOPOLDINA, AV IMP",NA,"",1685,"","22/02/2013 19:03",4,"AT",91,1671," "," ",1,0,0,0,0,0,0,0,0,0,0,0,0,0,0,0,0,11780,"LEOPOLDINA, AV IMP",NA,"",90,"VILA LEOPOLDINA",1,0,"LEOPOLDINA, AV IMP 1685 SAO PAULO SP",-23.5505199,-46.6333094
"3100","D021301819",11780,"LEOPOLDINA, AV IMP",NA,"",1685,"","22/02/2013 19:03",4,"AT",14,1934," "," ",1,0,0,0,0,0,0,0,0,0,0,0,0,0,0,0,0,11780,"LEOPOLDINA, AV IMP",NA,"",90,"VILA LEOPOLDINA",0,1,"LEOPOLDINA, AV IMP 1685 SAO PAULO SP",-23.5505199,-46.6333094
"3101","D021301061",15220,"OTILIA, RUA",6383,"HELOISA CAMARGO, RUA",0,"","22/02/2013 19:19",2,"CO",10,2086," "," ",2,0,0,0,0,0,0,0,0,0,0,0,0,0,0,0,0,6383,"HELOISA CAMARGO, RUA",15220,"OTILIA, RUA",60,"PENHA",1,0,"OTILIA, RUA SAO PAULO SP &  HELOISA CAMARGO, RUA SAO PAULO SP",-23.5267318,-46.5238806
"3103","D021301512",71944,"DOMINGOS FERNANDES NOBRE, RUA",NA,"",100,"","22/02/2013 19:30",4,"AT",59,769," "," ",1,0,0,0,0,0,0,0,0,0,0,0,0,0,0,0,0,71944,"DOMINGOS FERNANDES NOBRE, RUA",NA,"",54,"MOOCA",1,0,"DOMINGOS FERNANDES NOBRE, RUA 100 SAO PAULO SP",-23.4860847,-46.389533
"3104","D021301746",75433,"LATINOS, AV DOS",NA,"",1203,"","22/02/2013 19:30",4,"AT",66,916," "," ",0,1,0,0,0,0,0,0,0,0,0,0,0,0,0,0,0,75433,"LATINOS, AV DOS",NA,"",38,"JACANA",1,0,"LATINOS, AV DOS 1203 SAO PAULO SP",-23.57345,-46.4942979
"3105","D021300372",2034,"ARAGUARI, RUA",8193,"GRAUNA, RUA",0,"","22/02/2013 19:35",2,"CO",96,953," "," ",1,1,0,0,0,0,0,0,0,0,0,0,0,0,0,0,0,2034,"ARAGUARI, RUA",8193,"GRAUNA, RUA",53,"MOEMA",1,0,"ARAGUARI, RUA SAO PAULO SP &  GRAUNA, RUA SAO PAULO SP",-23.6010372,-46.6728294
"3106","D021301334",1903,"ANTUNES DOS SANTOS, RUA COMEN",NA,"",62,"","22/02/2013 19:45",4,"AT",92,2339," "," ",0,1,0,0,0,0,0,0,0,0,0,0,0,0,0,0,0,1903,"ANTUNES DOS SANTOS, RUA COMEN",NA,"",45,"JARDIM SAO LUIS",1,0,"ANTUNES DOS SANTOS, RUA COMEN 62 SAO PAULO SP",-23.6680849,-46.7725032
"3107","D021301691",45319,"MALMEQUER DO CAMPO, RUA",45309,"SOVERAL, RUA",0,"","22/02/2013 19:54",2,"CO",53,1200," "," ",2,0,0,0,0,0,0,0,0,0,0,0,0,0,0,0,0,45309,"SOVERAL, RUA",45319,"MALMEQUER DO CAMPO, RUA",58,"PARQUE DO CARMO",1,0,"MALMEQUER DO CAMPO, RUA SAO PAULO SP &  SOVERAL, RUA SAO PAULO SP",-23.5834044,-46.4519729
"3108","D021301257",11116,"JOSE NEVES, RUA",NA,"",213,"","22/02/2013 20:00",4,"AT",43,820," "," ",0,0,0,0,0,0,0,0,0,0,0,1,0,0,0,0,0,11116,"JOSE NEVES, RUA",NA,"",22,"CIDADE ADEMAR",1,0,"JOSE NEVES, RUA 213 SAO PAULO SP",-23.659664,-46.6774902
"3110","D021300920",4290,"ADOLFO COELHO, AV",NA,"",606,"","22/02/2013 20:00",4,"AT",38,947," "," ",1,0,0,0,0,0,0,0,0,0,0,0,0,0,0,0,0,4290,"ADOLFO COELHO, AV",NA,"",51,"MANDAQUI",1,0,"ADOLFO COELHO, AV 606 SAO PAULO SP",-23.4718492,-46.6464998
"3111","D021300393",2235,"ARMANDO DE ARRUDA PEREIRA, AV ENG",NA,"",2370,"","22/02/2013 20:10",4,"AT",97,1594," "," ",0,0,1,0,0,0,0,0,0,0,0,0,0,0,0,0,0,2235,"ARMANDO DE ARRUDA PEREIRA, AV ENG",NA,"",37,"JABAQUARA",1,0,"ARMANDO DE ARRUDA PEREIRA, AV ENG 2370 SAO PAULO SP",-23.6484095,-46.6403726
"3113","D021300249",18172,"SILVA BUENO, RUA",18760,"TAYLOR, RUA COMTE",0,"","22/02/2013 21:30",2,"CO",17,2430," "," ",1,1,0,0,0,0,0,0,0,0,0,0,0,0,0,0,0,18172,"SILVA BUENO, RUA",18760,"TAYLOR, RUA COMTE",NA,"",1,0,"SILVA BUENO, RUA SAO PAULO SP &  TAYLOR, RUA COMTE SAO PAULO SP",-23.5920384,-46.601253
"3115","D021300280",4676,"CECI, AV",1937,"APETUPAS, AL",0,"","22/02/2013 22:05",2,"CO",27,1905," "," ",1,1,0,0,0,0,0,0,0,0,0,0,0,0,0,0,0,518,"ALBERTO WILLO, RUA",9899,"JANDIRA, AV",79,"SAUDE",1,0,"CECI, AV SAO PAULO SP &  APETUPAS, AL SAO PAULO SP",-23.6207973,-46.6498156
"3116","D021300430",14282,"MOURATO COELHO, RUA",2149,"ARCOVERDE, RUA CARD",0,"","22/02/2013 23:30",4,"AT",14,1339," "," ",1,0,0,0,0,0,0,0,0,0,0,0,0,0,0,0,0,2149,"ARCOVERDE, RUA CARD",14282,"MOURATO COELHO, RUA",63,"PINHEIROS",1,0,"MOURATO COELHO, RUA SAO PAULO SP &  ARCOVERDE, RUA CARD SAO PAULO SP",-23.5595325,-46.6905467
"3117","D021301826",2181,"ARICANDUVA, AV",NA,"",5555,"","23/02/2013 00:40",2,"CH",53,1205," "," ",0,1,0,0,0,0,0,0,0,0,0,0,0,0,0,0,0,2181,"ARICANDUVA, AV",NA,"",60,"PENHA",0,1,"ARICANDUVA, AV 5555 SAO PAULO SP",-23.5610792,-46.5113397
"3118","D021300706",8000,"GIOVANNI GRONCHI, AV",NA,"",3737,"","23/02/2013 00:40",4,"AT",89,1483," "," ",1,0,0,0,0,0,0,0,0,0,0,0,0,0,0,0,0,8000,"GIOVANNI GRONCHI, AV",NA,"",55,"MORUMBI",1,0,"GIOVANNI GRONCHI, AV 3737 SAO PAULO SP",-23.6130535,-46.7296057
"3119","D021301594",11542,"NORDESTINA, AV",NA,"",5500,"","23/02/2013 01:00",2,"CF",68,596," "," ",1,1,0,0,0,0,0,0,0,0,0,0,0,0,0,0,0,11542,"NORDESTINA, AV",NA,"",76,"SAO MIGUEL",1,0,"NORDESTINA, AV 5500 SAO PAULO SP",-23.5246116,-46.4183928
"3120","D021301524",2429,"ASSIS RIBEIRO, RUA DR",NA,"",8472,"","23/02/2013 02:00",2,"CT",62,776," "," ",0,1,0,0,0,0,0,0,0,0,0,1,0,0,0,0,0,2429,"ASSIS RIBEIRO, RUA DR",NA,"",28,"ERMELINO MATARA",1,0,"ASSIS RIBEIRO, RUA DR 8472 SAO PAULO SP",-23.4850531,-46.4790939
"3121","D021300707",8483,"GUILHERME DUMONT VILARES, AV DR",NA,"",240,"","23/02/2013 02:15",2,"SI",89,1484," "," ",0,2,0,0,0,0,0,0,0,0,0,0,0,0,0,0,0,8483,"GUILHERME DUMONT VILARES, AV DR",NA,"",85,"VILA ANDRADE",2,0,"GUILHERME DUMONT VILARES, AV DR 240 SAO PAULO SP",-23.6059844,-46.7463135
"3122","D021301179",7497,"FRANCISCO MESQUITA, AV DR",NA,"",1800,"","23/02/2013 02:46",2,"CH",56,1153," "," ",1,0,0,0,0,0,0,0,0,0,0,0,0,0,0,0,0,7497,"FRANCISCO MESQUITA, AV DR",NA,"",95,"VILA PRUDENTE",1,0,"FRANCISCO MESQUITA, AV DR 1800 SAO PAULO SP",-23.5983965,-46.5806067
"3123","D021300207",3581,"BRASIL, AV",19544,"VENEZA, RUA",0,"","23/02/2013 05:10",2,"CO",78,1452," "," ",1,0,0,0,0,0,0,0,0,0,0,1,0,0,0,0,0,3581,"BRASIL, AV",19544,"VENEZA, RUA",44,"JARDIM PAULISTA",2,0,"BRASIL, AV SAO PAULO SP &  VENEZA, RUA SAO PAULO SP",-21.4863218,-47.3631133
"3124","D021300190",8255,"GUAIANASES, RUA",NA,"",800,"","23/02/2013 05:30",2,"QF",77,1094," "," ",0,0,0,0,0,0,0,1,0,0,0,0,0,0,0,0,0,8255,"GUAIANASES, RUA",NA,"",70,"SANTA CECILIA",1,0,"GUAIANASES, RUA 800 SAO PAULO SP",-23.5348785,-46.6448544