"","id_acidente","codloga","logradouroA","codlogb","logradouroB","alt_num","referencia","data","cod_acid","tipo_acidente","dp","numero_BO","sentido","pista","automovel","moto","onibus","caminhao","bicicleta","moto_taxi","onibus_fretado","onibus_urbano","microonibus","van","vuc","caminhonete","carreta","jipe","outros","sem_informacao","carroca","princ_a","paiA","princ_b","paiB","cod_distrito","distrito","vit_ferida","vit_morta","local","lat","lon"
"3205","D021300319",4596,"CATARINA, AV STA",NA,"",1900,"","24/02/2013 15:00",4,"AT",35,2497," "," ",2,0,0,0,0,0,0,0,0,0,0,0,0,0,0,0,0,4596,"CATARINA, AV STA",NA,"",37,"JABAQUARA",5,0,"CATARINA, AV STA 1900 SAO PAULO SP",-23.6511261,-46.6597771
"3207","D021300753",3376,"BILLINGS, AV ENG",13019,"ESCOLA POLITECNICA, AV",0,"","24/02/2013 15:20",2,"TB",93,1330," "," ",0,1,0,0,0,0,0,0,0,0,0,0,0,0,0,0,0,3376,"BILLINGS, AV ENG",13019,"ESCOLA POLITECNICA, AV",12,"BUTANTA",2,0,"BILLINGS, AV ENG SAO PAULO SP &  ESCOLA POLITECNICA, AV SAO PAULO SP",-23.5355054,-46.7476126
"3208","D021301613",37209,"NAGIB FARAH MALUF, AV",NA,"",200,"","24/02/2013 15:30",2,"QM",103,1396," "," ",0,1,0,0,0,0,0,0,0,0,0,0,0,0,0,0,0,37209,"NAGIB FARAH MALUF, AV",NA,"",50,"LIMAO",2,0,"NAGIB FARAH MALUF, AV 200 SAO PAULO SP",-23.5515351,-46.4364502
"3209","D021301158",4736,"CELSO GARCIA, AV",NA,"",4815,"","24/02/2013 15:30",4,"AT",52,1091,"B"," ",1,0,0,0,0,0,0,0,0,0,0,0,0,0,0,0,0,4736,"CELSO GARCIA, AV",NA,"",82,"TATUAPE",1,0,"CELSO GARCIA, AV 4815 SAO PAULO SP",-23.5338318,-46.5662539
"3210","D021301237",9220,"INTERLAGOS, AV",NA,"",1800,"","24/02/2013 16:00",2,"CT",11,2110,"C"," ",0,1,1,0,0,0,0,0,0,0,0,0,0,0,0,0,0,9220,"INTERLAGOS, AV",NA,"",16,"CAMPO GRANDE",1,0,"INTERLAGOS, AV 1800 SAO PAULO SP",-23.6536293,-46.6799746
"3212","D021300617",20291,"TURISTICA DO JARAGUA, ES",NA,"",1500,"","24/02/2013 17:00",4,"AT",46,1718," "," ",0,0,0,0,0,0,0,0,0,0,0,0,0,0,0,1,0,20291,"TURISTICA DO JARAGUA, ES",NA,"",31,"GUAIANASES",1,0,"TURISTICA DO JARAGUA, ES 1500 SAO PAULO SP",-23.5505199,-46.6333094
"3213","D021301240",19844,"VITOR MANZINI, AV",NA,"",50,"","24/02/2013 17:00",2,"QD",11,2205," "," ",0,0,1,0,0,0,0,0,0,0,0,0,0,0,0,0,0,19844,"VITOR MANZINI, AV",NA,"",29,"FREGUESIA DO O",1,0,"VITOR MANZINI, AV 50 SAO PAULO SP",-23.6620431,-46.7065593
"3214","D021300982",78699,"AGENOR ALVES MEIRA, RUA",NA,"",500,"","24/02/2013 17:37",2,"CO",72,1678," "," ",0,0,0,1,1,0,0,0,0,0,0,0,0,0,0,0,0,78699,"AGENOR ALVES MEIRA, RUA",NA,"",40,"JAGUARE",1,0,"AGENOR ALVES MEIRA, RUA 500 SAO PAULO SP",-23.4584589,-46.6795427
"3215","D021301063",8033,"GUACARI, RUA",11619,"LAURA VERGUEIRO, RUA",0,"","24/02/2013 18:20",2,"CO",10,2138," "," ",1,0,0,0,1,0,0,0,0,0,0,0,0,0,0,0,0,8033,"GUACARI, RUA",11619,"LAURA VERGUEIRO, RUA",60,"PENHA",1,0,"GUACARI, RUA SAO PAULO SP &  LAURA VERGUEIRO, RUA SAO PAULO SP",-23.518256,-46.5448077
"3216","D021300443",8290,"GUALTER, AV S",18505,"SUCURIU, RUA",0,"","24/02/2013 18:40",2,"CO",14,1768," "," ",1,1,0,0,0,0,0,0,0,0,0,0,0,0,0,0,0,8290,"GUALTER, AV S",18505,"SUCURIU, RUA",2,"ALTO DE PINHEIR",1,0,"GUALTER, AV S SAO PAULO SP &  SUCURIU, RUA SAO PAULO SP",-23.5485911,-46.7101103
"3217","D021300186",17820,"TITO, AV MAL",NA,"",248,"","24/02/2013 18:45",2,"CO",77,870," "," ",3,0,0,0,0,0,0,0,0,0,0,0,0,0,0,0,0,17820,"TITO, AV MAL",NA,"",53,"MOEMA",2,0,"TITO, AV MAL 248 SAO PAULO SP",-23.4935898,-46.4434398
"3218","D021300849",13008,"MAGARINOS TORRES, RUA",967,"AMAMBAI, RUA",0,"","24/02/2013 19:00",2,"CO",19,1708," "," ",1,1,0,0,0,0,0,0,0,0,0,0,0,0,0,0,0,967,"AMAMBAI, RUA",13008,"MAGARINOS TORRES, RUA",NA,"",2,0,"MAGARINOS TORRES, RUA SAO PAULO SP &  AMAMBAI, RUA SAO PAULO SP",-23.5157159,-46.5890522
"3220","D021300959",4496,"CAROLINA SOARES, RUA",NA,"",627,"","24/02/2013 20:11",2,"CL",40,1979," "," ",1,1,0,0,0,0,0,0,0,0,0,0,0,0,0,0,0,4496,"CAROLINA SOARES, RUA",NA,"",50,"LIMAO",1,0,"CAROLINA SOARES, RUA 627 SAO PAULO SP",-23.4993622,-46.667729
"3221","D021300463",1374,"ANGELINA MAFFEI VITA, RUA",NA,"",200,"","24/02/2013 20:30",4,"AT",15,1772," "," ",1,0,0,0,0,0,0,0,0,0,0,0,0,0,0,0,0,1374,"ANGELINA MAFFEI VITA, RUA",NA,"",63,"PINHEIROS",2,0,"ANGELINA MAFFEI VITA, RUA 200 SAO PAULO SP",-23.5782064,-46.6883665
"3222","D021301429",2483,"ATLANTICA ANT. ROBERT KENNEDY, AV",9214,"INOCENTES, RUA DOS",0,"","24/02/2013 20:51",2,"CO",102,2114," "," ",1,1,0,0,0,0,0,0,0,0,0,0,0,0,0,0,0,2483,"ATLANTICA ANT. ROBERT KENNEDY, AV",9214,"INOCENTES, RUA DOS",81,"SOCORRO",2,0,"ATLANTICA ANT. ROBERT KENNEDY, AV SAO PAULO SP &  INOCENTES, RUA DOS SAO PAULO SP",-23.5505199,-46.6333094
"3223","D021300964",12440,"MACEDONIA, RUA",34217,"NELSON CRISTINI, RUA PDE",0,"","24/02/2013 22:30",2,"SI",45,491," "," ",0,0,0,0,0,0,0,0,0,0,0,1,0,0,0,1,0,12440,"MACEDONIA, RUA",34217,"NELSON CRISTINI, RUA PDE",11,"BRASILANDIA",1,0,"MACEDONIA, RUA SAO PAULO SP &  NELSON CRISTINI, RUA PDE SAO PAULO SP",-23.7044895,-46.7936352
"3224","D021300876",20089,"ZUQUIM, RUA DR",NA,"",1898,"","24/02/2013 22:35",4,"AT",20,1714," "," ",1,0,0,0,0,0,0,0,0,0,0,0,0,0,0,0,0,20089,"ZUQUIM, RUA DR",NA,"",8,"BELEM",1,0,"ZUQUIM, RUA DR 1898 SAO PAULO SP",-23.4894262,-46.6242232
"3225","D021300358",19583,"VERGUEIRO, RUA",NA,"",900,"","24/02/2013 22:42",2,"CO",95,1654," "," ",1,1,0,0,0,0,0,0,0,0,0,0,0,0,0,0,0,19583,"VERGUEIRO, RUA",NA,"",33,"IPIRANGA",1,0,"VERGUEIRO, RUA 900 SAO PAULO SP",-23.5699761,-46.639899
"3226","D021300827",3637,"BRAZ LEME, AV",12863,"MARAMBAIA, RUA",0,"","24/02/2013 22:51",2,"CO",13,1977," "," ",1,1,0,0,0,0,0,0,0,0,0,0,0,0,0,0,0,3637,"BRAZ LEME, AV",12863,"MARAMBAIA, RUA",21,"CASA VERDE",1,0,"BRAZ LEME, AV SAO PAULO SP &  MARAMBAIA, RUA SAO PAULO SP",-23.5036827,-46.6380042
"3227","D021300227",5618,"CURSINO, AV DO",NA,"",371,"","24/02/2013 23:00",2,"CO",16,2509," "," ",2,0,0,0,0,0,0,0,0,0,0,0,0,0,0,0,0,5618,"CURSINO, AV DO",NA,"",27,"CURSINO",1,0,"CURSINO, AV DO 371 SAO PAULO SP",-23.6058969,-46.6162007
"3228","D021300208",15656,"PAULISTA, AV",NA,"",1100,"","24/02/2013 23:06",2,"QM",78,1498," "," ",0,1,0,0,0,0,0,0,0,0,0,0,0,0,0,0,0,15656,"PAULISTA, AV",NA,"",7,"BELA VISTA",1,0,"PAULISTA, AV 1100 SAO PAULO SP",-23.5646509,-46.652501
"3231","D021301064",4128,"CANGAIBA, AV",NA,"",1356,"","25/02/2013 00:08",2,"CH",10,2151," "," ",1,0,0,0,0,0,0,0,0,0,0,0,0,0,0,0,0,4128,"CANGAIBA, AV",NA,"",18,"CANGAIBA",4,0,"CANGAIBA, AV 1356 SAO PAULO SP",-23.5107925,-46.5406878
"3232","D021300228",9715,"JABAQUARA, AV",15423,"PARACATU, RUA",0,"","25/02/2013 00:56",2,"CO",16,2512," "," ",2,0,0,0,0,0,0,0,0,0,0,0,0,0,0,0,0,9715,"JABAQUARA, AV",15423,"PARACATU, RUA",79,"SAUDE",2,0,"JABAQUARA, AV SAO PAULO SP &  PARACATU, RUA SAO PAULO SP",-23.6202152,-46.6396897
"3233","D021301504",18940,"TIBURCIO DE SOUSA, RUA",NA,"",2668,"","25/02/2013 01:00",2,"CL",50,2369," "," ",0,0,0,0,0,0,0,1,0,0,0,1,0,0,0,0,0,18940,"TIBURCIO DE SOUSA, RUA",NA,"",35,"ITAIM PAULISTA",2,0,"TIBURCIO DE SOUSA, RUA 2668 SAO PAULO SP",-23.5187642,-46.3877703
"3234","D021301505",13168,"MANUEL ALVARES PIMENTEL, RUA",NA,"",1108,"","25/02/2013 01:50",2,"QM",50,2376," "," ",0,1,0,0,0,0,0,0,0,0,0,0,0,0,0,0,0,13168,"MANUEL ALVARES PIMENTEL, RUA",NA,"",53,"MOEMA",2,0,"MANUEL ALVARES PIMENTEL, RUA 1108 SAO PAULO SP",-23.5224921,-46.3966992
"3235","D021301766",4752,"LUIS PIRES DE MINAS, AV",NA,"",200,"","25/02/2013 03:00",2,"CH",69,1951," "," ",0,0,0,0,0,0,0,0,0,0,0,1,0,0,0,0,0,4752,"LUIS PIRES DE MINAS, AV",NA,"",75,"SAO MATEUS",1,0,"LUIS PIRES DE MINAS, AV 200 SAO PAULO SP",-23.5926884,-46.5021065
"3236","D021301797",4531,"CASA GRANDE, ES",NA,"",957,"","25/02/2013 03:42",2,"QM",70,1923," "," ",0,1,0,0,0,0,0,0,0,0,0,0,0,0,0,0,0,4531,"CASA GRANDE, ES",NA,"",78,"SAPOPEMBA",1,0,"CASA GRANDE, ES 957 SAO PAULO SP",-23.5505199,-46.6333094
"3237","D021300368",21514,"ROQUE PETRONI JUNIOR, AV",NA,"",421,"","25/02/2013 05:00",2,"CH",96,842," "," ",1,0,0,0,0,0,0,0,0,0,0,0,0,0,0,0,0,21514,"ROQUE PETRONI JUNIOR, AV",NA,"",30,"GRAJAU",4,0,"ROQUE PETRONI JUNIOR, AV 421 SAO PAULO SP",-23.625904,-46.6913498
"3238","D021300260",40,"ABELARDO VERGUEIRO CESAR, RUA DR",4596,"CATARINA, AV STA",0,"","25/02/2013 06:00",4,"AT",27,543," "," ",1,0,0,0,0,0,0,0,0,0,0,0,0,0,0,0,0,40,"ABELARDO VERGUEIRO CESAR, RUA DR",4596,"CATARINA, AV STA",15,"CAMPO BELO",1,0,"ABELARDO VERGUEIRO CESAR, RUA DR SAO PAULO SP &  CATARINA, AV STA SAO PAULO SP",-23.6382563,-46.6706984
"3239","D021301306",15507,"TEOTONIO VILELA, AV SEN",NA,"",4013,"","25/02/2013 06:10",2,"CO",85,1039," "," ",1,1,0,0,0,0,0,0,0,0,0,0,0,0,0,0,0,15507,"TEOTONIO VILELA, AV SEN",NA,"",23,"CIDADE DUTRA",1,0,"TEOTONIO VILELA, AV SEN 4013 SAO PAULO SP",-23.7351738,-46.6989998
"3240","D021301371",9220,"INTERLAGOS, AV",NA,"",2729,"","25/02/2013 06:16",2,"CT",99,802," "," ",1,1,0,0,0,0,0,0,0,0,0,0,0,0,0,0,0,9220,"INTERLAGOS, AV",NA,"",16,"CAMPO GRANDE",1,0,"INTERLAGOS, AV 2729 SAO PAULO SP",-23.6771312,-46.6808375
"3241","D021300026",6642,"ESTADO, AV DO",13853,"MERCURIO, AV",0,"","25/02/2013 06:35",4,"AT",1,1538," "," ",1,0,0,0,0,0,0,0,0,0,0,0,0,0,0,0,0,6642,"ESTADO, AV DO",13853,"MERCURIO, AV",80,"SE",1,0,"ESTADO, AV DO SAO PAULO SP &  MERCURIO, AV SAO PAULO SP",-23.5635869,-46.6112253
"3243","D021300983",15843,"TOMAS DE NORONHA, RUA DOM",NA,"",344,"","25/02/2013 07:24",4,"AT",72,1692," "," ",0,1,0,0,0,0,0,0,0,0,0,0,0,0,0,0,0,15843,"TOMAS DE NORONHA, RUA DOM",NA,"",40,"JAGUARE",1,0,"TOMAS DE NORONHA, RUA DOM 344 SAO PAULO SP",-23.4511479,-46.6817614
"3244","D021301180",65634,"FRANCISCO FALCONI, AV",NA,"",1356,"","25/02/2013 07:30",2,"CO",56,1214," "," ",1,1,0,0,0,0,0,0,0,0,0,0,0,0,0,0,0,65634,"FRANCISCO FALCONI, AV",NA,"",26,"CONSOLACAO",2,0,"FRANCISCO FALCONI, AV 1356 SAO PAULO SP",-23.5930715,-46.5641357
"3245","D021300484",7491,"FRANCISCO MATARAZZO, AV",NA,"",1705,"","25/02/2013 07:30",2,"CO",23,1029," "," ",1,1,0,0,0,0,0,0,0,0,0,0,0,0,0,0,0,7491,"FRANCISCO MATARAZZO, AV",NA,"",6,"BARRA FUNDA",2,0,"FRANCISCO MATARAZZO, AV 1705 SAO PAULO SP",-23.5257895,-46.678959
"3246","D021300783",36061,"LUIZ DUMONT VILLARES, AV",NA,"",156,"","25/02/2013 07:30",2,"CT",9,1184," "," ",1,1,0,0,0,0,0,0,0,0,0,0,0,0,0,0,0,36061,"LUIZ DUMONT VILLARES, AV",NA,"",22,"CIDADE ADEMAR",2,0,"LUIZ DUMONT VILLARES, AV 156 SAO PAULO SP",-23.5004824,-46.6145391
"3248","D021301255",5606,"CUPECE, AV",NA,"",4340,"","25/02/2013 08:12",2,"CO",43,771," "," ",1,1,0,0,0,0,0,0,0,0,0,0,0,0,0,0,0,5606,"CUPECE, AV",NA,"",22,"CIDADE ADEMAR",1,0,"CUPECE, AV 4340 SAO PAULO SP",-23.6725899,-46.6446935
"3249","D021301747",6700,"UACUMA, RUA",NA,"",100,"","25/02/2013 08:20",4,"AT",66,931," "," ",0,0,0,0,0,0,0,0,0,0,0,0,0,0,0,1,0,6700,"UACUMA, RUA",NA,"",24,"CIDADE LIDER",1,0,"UACUMA, RUA 100 SAO PAULO SP",-23.5572771,-46.5098974
"3250","D021301353",19705,"CARDOZO DE MELLO NETO, RUA PROF",NA,"",100,"","25/02/2013 08:22",2,"CF",98,2121," "," ",1,1,0,0,0,0,0,0,0,0,0,0,0,0,0,0,0,19705,"CARDOZO DE MELLO NETO, RUA PROF",NA,"",0,"NULL",1,0,"CARDOZO DE MELLO NETO, RUA PROF 100 SAO PAULO SP",-23.6989762,-46.6392044
"3251","D021300229",26501,"JOSE MARIA WHITAKER, AV",NA,"",1450,"","25/02/2013 08:30",2,"CO",16,2524," "," ",1,1,0,0,0,0,0,0,0,0,0,0,0,0,0,0,0,26501,"JOSE MARIA WHITAKER, AV",NA,"",21,"CASA VERDE",2,0,"JOSE MARIA WHITAKER, AV 1450 SAO PAULO SP",-23.611794,-46.6448619
"3252","D021300633",12502,"MAGALHAES DE CASTRO, AV",NA,"",7,"","25/02/2013 08:40",2,"CO",51,901," "," ",1,1,0,0,0,0,0,0,0,0,0,0,0,0,0,0,0,13014,"MARGINAL DO RIO PINHEIROS, AV",NA,"",12,"BUTANTA",2,0,"MAGALHAES DE CASTRO, AV 7 SAO PAULO SP",-23.5598132,-46.7110678
"3253","D021301087",1702,"ANTONIO ESTEVAO DE CARVALHO, AV",NA,"",1900,"","25/02/2013 08:45",2,"CO",21,637,"C"," ",0,1,1,0,0,0,0,0,0,0,0,0,0,0,0,0,0,1702,"ANTONIO ESTEVAO DE CARVALHO, AV",NA,"",93,"VILA MATILDE",1,0,"ANTONIO ESTEVAO DE CARVALHO, AV 1900 SAO PAULO SP",-23.5298335,-46.5041186
"3254","D021301246",15509,"PARELHEIROS, RUA",NA,"",6061,"","25/02/2013 10:30",2,"CH",25,508,"B"," ",0,0,0,1,0,0,0,0,0,0,0,0,0,0,0,0,0,15509,"PARELHEIROS, RUA",NA,"",36,"ITAQUERA",2,0,"PARELHEIROS, RUA 6061 SAO PAULO SP",-23.5259475,-46.583077
"3255","D021300246",11913,"LINO COUTINHO, RUA",11506,"LABATUT, RUA",0,"","25/02/2013 11:20",2,"CO",17,1104," "," ",2,0,0,0,0,0,0,0,0,0,0,0,0,0,0,0,0,11506,"LABATUT, RUA",11913,"LINO COUTINHO, RUA",33,"IPIRANGA",1,0,"LINO COUTINHO, RUA SAO PAULO SP &  LABATUT, RUA SAO PAULO SP",-23.5888051,-46.6027546
"3256","D021300312",449,"ALBA, RUA",NA,"",1050,"","25/02/2013 11:20",4,"AT",35,1724," "," ",0,1,0,0,0,0,0,0,0,0,0,0,0,0,0,0,0,449,"ALBA, RUA",NA,"",37,"JABAQUARA",1,0,"ALBA, RUA 1050 SAO PAULO SP",-23.6451321,-46.6588098
"3257","D021300109",6642,"ESTADO, AV DO",NA,"",5533,"","25/02/2013 11:20",2,"CO",6,983," "," ",0,1,0,0,0,0,0,0,0,0,0,0,0,0,0,1,0,6642,"ESTADO, AV DO",NA,"",9,"BOM RETIRO",1,0,"ESTADO, AV DO 5533 SAO PAULO SP",-23.558007,-46.6160989
"3258","D021301525",16634,"ABEL TAVARES, AV",22213,"VINTE E UM DE SETEMBRO, AV",0,"","25/02/2013 12:00",2,"CL",62,795," "," ",1,1,0,0,0,0,0,0,0,0,0,0,0,0,0,0,0,16634,"ABEL TAVARES, AV",22213,"VINTE E UM DE SETEMBRO, AV",NA,"",1,0,"ABEL TAVARES, AV SAO PAULO SP &  VINTE E UM DE SETEMBRO, AV SAO PAULO SP",-23.485752,-46.4777247
"3259","D021300485",3522,"BOSQUE, RUA DO",NA,"",1157,"","25/02/2013 12:10",2,"CO",23,1046," "," ",0,2,0,0,0,0,0,0,0,0,0,0,0,0,0,0,0,3522,"BOSQUE, RUA DO",NA,"",70,"SANTA CECILIA",1,0,"BOSQUE, RUA DO 1157 SAO PAULO SP",-23.5242775,-46.6597444
"3261","D021301781",22002,"FREDERICO M. DA COSTA CARVALHO, AV DR",NA,"",974,"","25/02/2013 13:00",4,"AT",70,1166," "," ",1,0,0,0,0,0,0,0,0,0,0,0,0,0,0,0,0,22002,"FREDERICO M. DA COSTA CARVALHO, AV DR",NA,"",56,"PARELHEIROS",1,0,"FREDERICO M. DA COSTA CARVALHO, AV DR 974 SAO PAULO SP",-23.6088332,-46.5164984
"3263","D021300784",36061,"LUIZ DUMONT VILLARES, AV",NA,"",1030,"","25/02/2013 13:15",2,"CO",9,1198," "," ",1,1,0,0,0,0,0,0,0,0,0,0,0,0,0,0,0,36061,"LUIZ DUMONT VILLARES, AV",NA,"",22,"CIDADE ADEMAR",1,0,"LUIZ DUMONT VILLARES, AV 1030 SAO PAULO SP",-23.4950988,-46.6117824
"3264","D021300829",17832,"SAGUAIRU, RUA",16964,"RELIQUIA, RUA",0,"","25/02/2013 13:30",2,"SI",13,2005," "," ",1,1,0,0,0,0,0,0,0,0,0,0,0,0,0,0,0,16964,"RELIQUIA, RUA",17832,"SAGUAIRU, RUA",21,"CASA VERDE",1,0,"SAGUAIRU, RUA SAO PAULO SP &  RELIQUIA, RUA SAO PAULO SP",-23.5092964,-46.6531503
"3265","D021301238",10270,"JOAO DIAS, AV",NA,"",1830,"","25/02/2013 13:40",2,"CL",11,2166," "," ",1,1,0,0,0,0,0,0,0,0,0,0,0,0,0,0,0,10270,"JOAO DIAS, AV",NA,"",72,"SANTO AMARO",1,0,"JOAO DIAS, AV 1830 SAO PAULO SP",-23.6448047,-46.7180639
"3266","D021300051",4561,"CASTELO BRANCO, AV PRES",9489,"ITALIANOS, RUA DOS",0,"","25/02/2013 14:10",2,"CH",2,1122," "," ",0,1,0,0,0,0,0,0,0,0,0,1,0,0,0,0,0,4561,"CASTELO BRANCO, AV PRES",9489,"ITALIANOS, RUA DOS",9,"BOM RETIRO",2,0,"CASTELO BRANCO, AV PRES SAO PAULO SP &  ITALIANOS, RUA DOS SAO PAULO SP",-23.5216047,-46.6390428
"3267","D021301373",14743,"SABARA, AV NSRA DO",4121,"SOCRATES, RUA",0,"","25/02/2013 14:20",2,"CO",99,826," "," ",1,1,0,0,0,0,0,0,0,0,0,0,0,0,0,0,0,4121,"SOCRATES, RUA",14743,"SABARA, AV NSRA DO",16,"CAMPO GRANDE",1,0,"SABARA, AV NSRA DO SAO PAULO SP &  SOCRATES, RUA SAO PAULO SP",-23.5505199,-46.6333094
"3268","D021300402",6544,"ERMANO MARCHETTI, AV",NA,"",419,"","25/02/2013 14:30",2,"CT",7,1276," "," ",1,1,0,0,0,0,0,0,0,0,0,0,0,0,0,0,0,6544,"ERMANO MARCHETTI, AV",NA,"",48,"LAPA",1,0,"ERMANO MARCHETTI, AV 419 SAO PAULO SP",-23.5156504,-46.6954037
"3269","D021301129",35211,"GUILHERME GIORGI, AV",10502,"JOAO VIEIRA PRIOSTE, RUA",0,"","25/02/2013 14:45",2,"CL",31,1047," "," ",1,1,0,0,0,0,0,0,0,0,0,0,0,0,0,0,0,10502,"JOAO VIEIRA PRIOSTE, RUA",35211,"GUILHERME GIORGI, AV",20,"CARRAO",1,0,"GUILHERME GIORGI, AV SAO PAULO SP &  JOAO VIEIRA PRIOSTE, RUA SAO PAULO SP",-23.5539082,-46.5450462
"3270","D021300785",6110,"DUARTE DE AZEVEDO, RUA",NA,"",650,"","25/02/2013 15:30",4,"AT",9,1209," "," ",0,0,0,0,0,0,0,1,0,0,0,0,0,0,0,0,0,6110,"DUARTE DE AZEVEDO, RUA",NA,"",71,"SANTANA",1,0,"DUARTE DE AZEVEDO, RUA 650 SAO PAULO SP",-23.5011892,-46.6195834
"3271","D021300369",14267,"MORUMBI, AV",NA,"",8800,"","25/02/2013 15:30",2,"CT",96,855," "," ",2,0,0,0,0,0,0,0,0,0,0,0,0,0,0,0,0,14267,"MORUMBI, AV",NA,"",55,"MORUMBI",1,0,"MORUMBI, AV 8800 SAO PAULO SP",-23.6227918,-46.6861389
"3272","D021301765",78852,"DOURADOQUARA, RUA",NA,"",162,"","25/02/2013 16:00",4,"AT",69,1944," "," ",0,1,0,0,0,0,0,0,0,0,0,0,0,0,0,0,0,78852,"DOURADOQUARA, RUA",NA,"",56,"PARELHEIROS",1,0,"DOURADOQUARA, RUA 162 SAO PAULO SP",-23.5963792,-46.5017451
"3273","D021300643",12502,"MAGALHAES DE CASTRO, AV",14192,"MONTEIRO LOBATO, PCA",0,"","25/02/2013 16:10",2,"CO",51,1286,"B"," ",1,1,0,0,0,0,0,0,0,0,0,0,0,0,0,0,0,12502,"MAGALHAES DE CASTRO, AV",14192,"MONTEIRO LOBATO, PCA",12,"BUTANTA",1,0,"MAGALHAES DE CASTRO, AV SAO PAULO SP &  MONTEIRO LOBATO, PCA SAO PAULO SP",-23.6116422,-46.7005679
"3274","D021300062",14433,"NATANAEL, RUA MAJ",4590,"CATANDUVA, RUA",0,"","25/02/2013 16:20",2,"TB",4,1054," "," ",0,0,0,1,0,0,0,0,0,0,0,0,0,0,0,0,0,4590,"CATANDUVA, RUA",14433,"NATANAEL, RUA MAJ",26,"CONSOLACAO",4,0,"NATANAEL, RUA MAJ SAO PAULO SP &  CATANDUVA, RUA SAO PAULO SP",-23.5541605,-46.6669735
"3275","D021301637",72670,"INACIO MONTEIRO, RUA",99799,"CACHOEIRA CAMALEAO, RUA",0,"","25/02/2013 17:10",2,"CO",44,1284," "," ",1,1,0,0,0,0,0,0,0,0,0,0,0,0,0,0,0,72670,"INACIO MONTEIRO, RUA",99799,"CACHOEIRA CAMALEAO, RUA",68,"RIO PEQUENO",1,0,"INACIO MONTEIRO, RUA SAO PAULO SP &  CACHOEIRA CAMALEAO, RUA SAO PAULO SP",-23.5740692,-46.3933022
"3276","D021300341",5618,"CURSINO, AV DO",NA,"",2829,"","25/02/2013 19:00",2,"CO",83,1783," "," ",1,1,0,0,0,0,0,0,0,0,0,0,0,0,0,0,0,5618,"CURSINO, AV DO",NA,"",27,"CURSINO",1,0,"CURSINO, AV DO 2829 SAO PAULO SP",-23.6264574,-46.6191335
"3277","D021301398",4191,"CAPITINGA, RUA",NA,"",18,"","25/02/2013 19:00",2,"CF",100,2495," "," ",0,2,0,0,0,0,0,0,0,0,0,0,0,0,0,0,0,4191,"CAPITINGA, RUA",NA,"",32,"IGUATEMI",3,0,"CAPITINGA, RUA 18 SAO PAULO SP",-23.7252698,-46.7611596
"3278","D021300586",19684,"VIEGAS XORTES, RUA",NA,"",1,"","25/02/2013 19:15",2,"CF",37,1645," "," ",1,0,0,0,1,0,0,0,0,0,0,0,0,0,0,0,0,19684,"VIEGAS XORTES, RUA",NA,"",29,"FREGUESIA DO O",1,0,"VIEGAS XORTES, RUA 1 SAO PAULO SP",-23.6362498,-46.7494457
"3279","D021300444",2149,"ARCOVERDE, RUA CARD",NA,"",1647,"","25/02/2013 19:30",2,"CO",14,1807," "," ",1,1,0,0,0,0,0,0,0,0,0,0,0,0,0,0,0,2149,"ARCOVERDE, RUA CARD",NA,"",44,"JARDIM PAULISTA",1,0,"ARCOVERDE, RUA CARD 1647 SAO PAULO SP",-23.5610843,-46.6872918
"3280","D021301484",11542,"NORDESTINA, AV",NA,"",2735,"","25/02/2013 19:50",4,"AT",32,1442," "," ",1,0,0,0,0,0,0,0,0,0,0,0,0,0,0,0,0,11542,"NORDESTINA, AV",NA,"",76,"SAO MIGUEL",1,0,"NORDESTINA, AV 2735 SAO PAULO SP",-23.512552,-46.4328603
"3281","D021300634",16878,"RAPOSO TAVARES, VIA",NA,"",10800,"","25/02/2013 20:00",2,"QM",51,922," "," ",0,1,0,0,0,0,0,0,0,0,0,0,0,0,0,0,0,16878,"RAPOSO TAVARES, VIA",NA,"",13,"CACHOEIRINHA",2,0,"RAPOSO TAVARES, VIA 10800 SAO PAULO SP",-23.5326928,-48.4173233
"3282","D021301091",2181,"ARICANDUVA, AV",NA,"",3164,"","25/02/2013 20:10",2,"QD",21,1054," "," ",0,0,0,0,0,0,0,1,0,0,0,0,0,0,0,0,0,2181,"ARICANDUVA, AV",NA,"",60,"PENHA",1,0,"ARICANDUVA, AV 3164 SAO PAULO SP",-23.550968,-46.5231323
"3283","D021300111",15505,"PARECIS, RUA DOS",NA,"",29,"","25/02/2013 20:16",2,"QM",6,995," "," ",0,1,0,0,0,0,0,0,0,0,0,0,0,0,0,0,0,15505,"PARECIS, RUA DOS",NA,"",2,"ALTO DE PINHEIR",1,0,"PARECIS, RUA DOS 29 SAO PAULO SP",-23.5641617,-46.6282591
"3284","D021301729",75483,"SERTANISTAS, AV DOS",NA,"",1000,"","25/02/2013 21:46",2,"CL",55,2746," "," ",0,1,1,0,0,0,0,0,0,0,0,0,0,0,0,0,0,75483,"SERTANISTAS, AV DOS",NA,"",55,"MORUMBI",2,0,"SERTANISTAS, AV DOS 1000 SAO PAULO SP",-23.6295313,-46.4464251