"","id_acidente","codloga","logradouroA","codlogb","logradouroB","alt_num","referencia","data","cod_acid","tipo_acidente","dp","numero_BO","sentido","pista","automovel","moto","onibus","caminhao","bicicleta","moto_taxi","onibus_fretado","onibus_urbano","microonibus","van","vuc","caminhonete","carreta","jipe","outros","sem_informacao","carroca","princ_a","paiA","princ_b","paiB","cod_distrito","distrito","vit_ferida","vit_morta","local","lat","lon"
"3524","D031301324",15425,"CANTIDIO SAMPAIO, AV DEP",16838,"RAIMUNDO PEREIRA DE MAGAL., AV",0,"","01/03/2013 13:40",4,"AT",74,808,"C"," ",0,0,0,0,0,0,0,0,0,0,0,1,0,0,0,0,0,15425,"CANTIDIO SAMPAIO, AV DEP",16838,"RAIMUNDO PEREIRA DE MAGAL., AV",41,"JARAGUA",1,0,"CANTIDIO SAMPAIO, AV DEP SAO PAULO SP &  RAIMUNDO PEREIRA DE MAGAL., AV SAO PAULO SP",-23.4351468,-46.7178155
"3525","D031301172",15426,"PARADA PINTO, AV",NA,"",3700,"","01/03/2013 13:50",2,"SI",38,1085," "," ",1,1,0,0,0,0,0,0,0,0,0,0,0,0,0,0,0,15426,"PARADA PINTO, AV",NA,"",8,"BELEM",1,0,"PARADA PINTO, AV 3700 SAO PAULO SP",-23.4657896,-46.6365725
"3526","D031300521",5072,"CLELIA, RUA",NA,"",991,"","01/03/2013 13:58",2,"CO",7,1379," "," ",1,1,0,0,0,0,0,0,0,0,0,0,0,0,0,0,0,5072,"CLELIA, RUA",NA,"",NA,"",1,0,"CLELIA, RUA 991 SAO PAULO SP",-23.5250769,-46.6921234
"3527","D031302359",46936,"JACU-PESSEGO/NOVA TRABALHADORE, AV",8025,"MONTANHAS, RUA",0,"","01/03/2013 14:28",4,"AT",24,2215,"C"," ",1,0,0,0,0,0,0,0,0,0,0,0,0,0,0,0,0,184,"ADELINO, RUA",46936,"JACU-PESSEGO/NOVA TRABALHADORE, AV",NA,"",0,1,"JACU-PESSEGO/NOVA TRABALHADORE, AV SAO PAULO SP &  MONTANHAS, RUA SAO PAULO SP",-23.5754203,-46.4449094
"3529","D031302048",4826,"TEODORO BERNARDO DO NASCIMENTO, AV",NA,"",255,"","01/03/2013 14:30",2,"CO",67,632," "," ",1,1,0,0,0,0,0,0,0,0,0,0,0,0,0,0,0,4826,"TEODORO BERNARDO DO NASCIMENTO, AV",NA,"",86,"VILA CURUCA",1,0,"TEODORO BERNARDO DO NASCIMENTO, AV 255 SAO PAULO SP",-23.5254038,-46.4089013
"3530","D031300107",18232,"SILVIA, RUA",NA,"",376,"","01/03/2013 14:40",4,"AT",5,1152," "," ",1,0,0,0,0,0,0,0,0,0,0,0,0,0,0,0,0,18232,"SILVIA, RUA",NA,"",17,"CAMPO LIMPO",1,0,"SILVIA, RUA 376 SAO PAULO SP",-23.5613117,-46.6511748
"3531","D031300702",21242,"PLINIO SALGADO, RUA",NA,"",521,"","01/03/2013 14:48",2,"CO",34,1316," "," ",1,0,0,0,1,0,0,0,0,0,0,0,0,0,0,0,0,21242,"PLINIO SALGADO, RUA",NA,"",13,"CACHOEIRINHA",1,0,"PLINIO SALGADO, RUA 521 SAO PAULO SP",-23.5871043,-46.7324801
"3532","D031300255",14804,"NOVE DE JULHO, AV",NA,"",3700,"","01/03/2013 15:10",2,"CO",78,1649," "," ",1,1,0,0,0,0,0,0,0,0,0,0,0,0,0,0,0,14804,"NOVE DE JULHO, AV",NA,"",63,"PINHEIROS",1,0,"NOVE DE JULHO, AV 3700 SAO PAULO SP",-23.5713702,-46.6636746
"3533","D031301773",9220,"INTERLAGOS, AV",NA,"",1500,"","01/03/2013 16:00",2,"CO",99,969," "," ",1,1,0,0,0,0,0,0,0,0,0,0,0,0,0,0,0,9220,"INTERLAGOS, AV",NA,"",16,"CAMPO GRANDE",1,0,"INTERLAGOS, AV 1500 SAO PAULO SP",-23.6663927,-46.6779578
"3534","D031301580",6238,"NACOES UNIDAS, AV DAS",NA,"",16555,"","01/03/2013 16:20",2,"CO",11,2357," "," ",1,1,0,0,0,0,0,0,0,0,0,0,0,0,0,0,0,13014,"MARGINAL DO RIO PINHEIROS, AV",NA,"",90,"VILA LEOPOLDINA",1,0,"NACOES UNIDAS, AV DAS 16555 SAO PAULO SP",-23.6791511,-46.6960783
"3535","D031301432",4502,"CARRAO, AV CONS",NA,"",2220,"","01/03/2013 16:30",2,"CO",30,1120,"C"," ",1,1,0,0,0,0,0,0,0,0,0,0,0,0,0,0,0,4502,"CARRAO, AV CONS",NA,"",20,"CARRAO",2,0,"CARRAO, AV CONS 2220 SAO PAULO SP",-23.5475627,-46.5399288
"3536","D031300596",11516,"LACERDA FRANCO, RUA DEP",18813,"TEODORO SAMPAIO, RUA",0,"","01/03/2013 16:32",4,"AT",14,3001," "," ",1,0,0,0,0,0,0,0,0,0,0,0,0,0,0,0,0,11516,"LACERDA FRANCO, RUA DEP",18813,"TEODORO SAMPAIO, RUA",63,"PINHEIROS",1,0,"LACERDA FRANCO, RUA DEP SAO PAULO SP &  TEODORO SAMPAIO, RUA SAO PAULO SP",-23.5610131,-46.691867
"3537","D031300007",6642,"ESTADO, AV DO",NA,"",3001,"","01/03/2013 17:00",4,"AT",1,1742," "," ",0,1,0,0,0,0,0,0,0,0,0,0,0,0,0,0,0,6642,"ESTADO, AV DO",NA,"",9,"BOM RETIRO",1,0,"ESTADO, AV DO 3001 SAO PAULO SP",-23.5406054,-46.6276973
"3538","D031300703",14267,"MORUMBI, AV",NA,"",5594,"","01/03/2013 17:00",2,"CO",34,1321," "," ",1,1,0,0,0,0,0,0,0,0,0,0,0,0,0,0,0,14267,"MORUMBI, AV",NA,"",55,"MORUMBI",1,0,"MORUMBI, AV 5594 SAO PAULO SP",-23.6131765,-46.7138574
"3539","D031300810",18262,"SILVIO DE CAMPOS, AV DR",NA,"",100,"","01/03/2013 17:00",4,"AT",46,1038," "," ",0,0,0,0,0,0,0,0,0,0,0,1,0,0,0,0,0,18262,"SILVIO DE CAMPOS, AV DR",NA,"",NA,"",1,0,"SILVIO DE CAMPOS, AV DR 100 SAO PAULO SP",-23.4063088,-46.7547674
"3540","D031301578",6238,"NACOES UNIDAS, AV DAS",NA,"",14000,"","01/03/2013 17:17",2,"CT",11,2354," "," ",1,1,0,0,0,0,0,0,0,0,0,0,0,0,0,0,0,13014,"MARGINAL DO RIO PINHEIROS, AV",NA,"",90,"VILA LEOPOLDINA",1,0,"NACOES UNIDAS, AV DAS 14000 SAO PAULO SP",-23.6791525,-46.6960866
"3542","D031301041",9078,"IMIRIM, AV",NA,"",1591,"","01/03/2013 17:30",2,"CO",13,2219," "," ",1,1,0,0,0,0,0,0,0,0,0,0,0,0,0,0,0,9078,"IMIRIM, AV",NA,"",71,"SANTANA",1,0,"IMIRIM, AV 1591 SAO PAULO SP",-23.4922664,-46.6491069
"3543","D031302080",28944,"MANOEL FERREIRA PIRES, RUA",NA,"",700,"","01/03/2013 17:37",2,"CF",41,1153," "," ",1,1,0,0,0,0,0,0,0,0,0,0,0,0,0,0,0,28944,"MANOEL FERREIRA PIRES, RUA",NA,"",46,"JOSE BONIFACIO",1,0,"MANOEL FERREIRA PIRES, RUA 700 SAO PAULO SP",-23.5785254,-46.5248552
"3545","D031301232",1803,"ANTONIO MUNHOZ BONILHA, AV",NA,"",1347,"","01/03/2013 17:59",2,"CH",40,716," "," ",1,0,0,0,0,0,0,0,0,0,0,0,0,0,0,0,0,1803,"ANTONIO MUNHOZ BONILHA, AV",NA,"",50,"LIMAO",1,0,"ANTONIO MUNHOZ BONILHA, AV 1347 SAO PAULO SP",-23.4955465,-46.678936
"3546","D031301771",14743,"SABARA, AV NSRA DO",NA,"",2375,"","01/03/2013 18:00",2,"CL",99,924," "," ",1,0,0,1,0,0,0,0,0,0,0,0,0,0,0,0,0,14743,"SABARA, AV NSRA DO",NA,"",16,"CAMPO GRANDE",1,0,"SABARA, AV NSRA DO 2375 SAO PAULO SP",-23.5505199,-46.6333094
"3548","D031302258",9580,"ITAQUERA, AV",NA,"",3719,"","01/03/2013 18:51",4,"AT",66,1365,"B"," ",1,0,0,0,0,0,0,0,0,0,0,0,0,0,0,0,0,9580,"ITAQUERA, AV",NA,"",24,"CIDADE LIDER",1,0,"ITAQUERA, AV 3719 SAO PAULO SP",-23.5537509,-46.4899225
"3549","D031301875",9632,"ITINGUCU, RUA",1462,"ANIBAL CURY, RUA PROF",0,"","01/03/2013 19:25",2,"CO",24,2212," "," ",1,1,0,0,0,0,0,0,0,0,0,0,0,0,0,0,0,1462,"ANIBAL CURY, RUA PROF",9632,"ITINGUCU, RUA",60,"PENHA",1,0,"ITINGUCU, RUA SAO PAULO SP &  ANIBAL CURY, RUA PROF SAO PAULO SP",-23.5270874,-46.5021154
"3550","D031301337",44865,"AMADOR AGUIAR, AV",NA,"",10,"","01/03/2013 19:40",4,"AT",74,1839," "," ",0,0,0,0,0,0,0,0,0,0,0,0,0,0,0,1,0,44865,"AMADOR AGUIAR, AV",NA,"",41,"JARAGUA",1,0,"AMADOR AGUIAR, AV 10 SAO PAULO SP",-23.4469953,-46.7265383
"3551","D031300008",9032,"IGUAPE, RUA BR DE",NA,"",360,"","01/03/2013 19:50",4,"AT",1,1746," "," ",1,0,0,0,0,0,0,0,0,0,0,0,0,0,0,0,0,9032,"IGUAPE, RUA BR DE",NA,"",49,"LIBERDADE",1,0,"IGUAPE, RUA BR DE 360 SAO PAULO SP",-23.5583937,-46.6335371
"3552","D031301185",14242,"MOREIRA DE BARROS, RUA CONS",NA,"",4700,"","01/03/2013 20:00",4,"AT",38,1835,"C"," ",0,1,0,0,0,0,0,0,0,0,0,0,0,0,0,0,0,14242,"MOREIRA DE BARROS, RUA CONS",NA,"",0,"NULL",1,0,"MOREIRA DE BARROS, RUA CONS 4700 SAO PAULO SP",-23.471172,-46.6514854
"3553","D031300505",19100,"BANDEIRANTES, AV DOS",NA,"",1000,"","01/03/2013 20:27",2,"CO",96,2161," "," ",0,1,0,0,0,0,0,0,0,0,0,0,0,0,0,0,0,19100,"BANDEIRANTES, AV DOS",NA,"",24,"CIDADE LIDER",2,0,"BANDEIRANTES, AV DOS 1000 SAO PAULO SP",-23.6062723,-46.6785266
"3555","D031301579",10121,"JOAO ALFREDO, RUA",NA,"",500,"","01/03/2013 21:00",4,"AT",11,2356," "," ",0,0,1,0,0,0,0,0,0,0,0,0,0,0,0,0,0,10121,"JOAO ALFREDO, RUA",NA,"",72,"SANTO AMARO",1,0,"JOAO ALFREDO, RUA 500 SAO PAULO SP",-23.6591817,-46.7039546
"3556","D031302064",72533,"MANUEL PINTO DE ALMEIDA, RUA CAP",NA,"",50,"","01/03/2013 21:04",2,"CO",68,2580," "," ",0,0,0,1,1,0,0,0,0,0,0,0,0,0,0,0,0,72533,"MANUEL PINTO DE ALMEIDA, RUA CAP",NA,"",0,"NULL",1,0,"MANUEL PINTO DE ALMEIDA, RUA CAP 50 SAO PAULO SP",-23.530571,-46.41075
"3557","D031302360",46936,"JACU-PESSEGO/NOVA TRABALHADORE, AV",NA,"",1000,"","01/03/2013 21:30",2,"CF",24,2218," "," ",0,1,0,1,0,0,0,0,0,0,0,0,0,0,0,0,0,46936,"JACU-PESSEGO/NOVA TRABALHADORE, AV",NA,"",46,"JOSE BONIFACIO",0,1,"JACU-PESSEGO/NOVA TRABALHADORE, AV 1000 SAO PAULO SP",-23.5239177,-46.45724
"3558","D031301042",14242,"MOREIRA DE BARROS, RUA CONS",NA,"",446,"","01/03/2013 22:08",2,"CO",13,2224," "," ",1,1,0,0,0,0,0,0,0,0,0,0,0,0,0,0,0,14242,"MOREIRA DE BARROS, RUA CONS",NA,"",0,"NULL",1,0,"MOREIRA DE BARROS, RUA CONS 446 SAO PAULO SP",-23.4959955,-46.6296557
"3559","D031300829",28042,"GABRIEL ARREGUI, RUA",NA,"",159,"","01/03/2013 22:10",2,"QM",46,1905," "," ",0,1,0,0,0,0,0,0,0,0,0,0,0,0,0,0,0,28042,"GABRIEL ARREGUI, RUA",NA,"",52,"MARSILAC",1,0,"GABRIEL ARREGUI, RUA 159 SAO PAULO SP",-23.4448262,-46.7546838
"3560","D031302006",46936,"JACU-PESSEGO/NOVA TRABALHADORE, AV",NA,"",3602,"","01/03/2013 22:24",4,"AT",64,2222," "," ",1,0,0,0,0,0,0,0,0,0,0,0,0,0,0,0,0,46936,"JACU-PESSEGO/NOVA TRABALHADORE, AV",NA,"",46,"JOSE BONIFACIO",2,0,"JACU-PESSEGO/NOVA TRABALHADORE, AV 3602 SAO PAULO SP",-23.5792929,-46.4427658
"3561","D031300759",11432,"HUGO LACORTE VITALE, RUA DR",NA,"",479,"","01/03/2013 22:37",2,"CO",37,1688," "," ",1,1,0,0,0,0,0,0,0,0,0,0,0,0,0,0,0,11432,"HUGO LACORTE VITALE, RUA DR",NA,"",29,"FREGUESIA DO O",1,0,"HUGO LACORTE VITALE, RUA DR 479 SAO PAULO SP",-23.627959,-46.757631
"3562","D031301909",17563,"SABBADO D'ANGELO, RUA",2516,"AUGUSTO CARLOS BAUMAN, RUA",0,"","01/03/2013 22:40",2,"CL",32,1549," "," ",1,1,0,0,0,0,0,0,0,0,0,0,0,0,0,0,0,2516,"AUGUSTO CARLOS BAUMAN, RUA",17563,"SABBADO D'ANGELO, RUA",4,"ARICANDUVA",2,0,"SABBADO D'ANGELO, RUA SAO PAULO SP &  AUGUSTO CARLOS BAUMAN, RUA SAO PAULO SP",-23.5505199,-46.6333094
"3563","D031300614",4041,"CAMPOS BICUDO, RUA",NA,"",87,"","01/03/2013 22:47",2,"CH",15,1943," "," ",2,1,0,0,0,0,0,0,0,0,0,0,0,0,0,0,0,4041,"CAMPOS BICUDO, RUA",NA,"",34,"ITAIM BIBI",1,0,"CAMPOS BICUDO, RUA 87 SAO PAULO SP",-23.5820115,-46.6821996
"3564","D031301876",98965,"CALIM EID, AV",17002,"BENEDITO OTONI, RUA",0,"","01/03/2013 23:02",2,"CO",24,2219," "," ",1,0,0,1,0,0,0,0,0,0,0,0,0,0,0,0,0,17002,"BENEDITO OTONI, RUA",98965,"CALIM EID, AV",68,"RIO PEQUENO",2,0,"CALIM EID, AV SAO PAULO SP &  BENEDITO OTONI, RUA SAO PAULO SP",-23.520586,-46.50777
"3565","D031301823",15507,"TEOTONIO VILELA, AV SEN",NA,"",2120,"","01/03/2013 23:30",2,"CO",101,601," "," ",0,1,0,0,0,0,0,0,1,0,0,0,0,0,0,0,0,15507,"TEOTONIO VILELA, AV SEN",NA,"",23,"CIDADE DUTRA",1,0,"TEOTONIO VILELA, AV SEN 2120 SAO PAULO SP",-23.7200956,-46.6985691
"3566","D031301886",572,"ALCINDO MUNIZ DE SOUSA, RUA PROF",NA,"",35,"","01/03/2013 23:30",4,"AT",24,2608," "," ",1,0,0,0,0,0,0,0,0,0,0,0,0,0,0,0,0,572,"ALCINDO MUNIZ DE SOUSA, RUA PROF",NA,"",65,"PONTE RASA",1,0,"ALCINDO MUNIZ DE SOUSA, RUA PROF 35 SAO PAULO SP",-23.5173041,-46.5009041
"3568","D031302361",17824,"SAPOPEMBA, AV",NA,"",16857,"","01/03/2013 23:45",4,"AT",49,2917," "," ",1,0,0,0,0,0,0,0,0,0,0,0,0,0,0,0,0,17824,"SAPOPEMBA, AV",NA,"",33,"IPIRANGA",0,1,"SAPOPEMBA, AV 16857 SAO PAULO SP",-23.6199465,-46.4602991
"3569","D031301544",14213,"MOOCA, RUA DA",NA,"",4116,"","01/03/2013 23:47",4,"AT",57,1323,"B"," ",1,0,0,0,0,0,0,0,0,0,0,0,0,0,0,0,0,14213,"MOOCA, RUA DA",NA,"",16,"CAMPO GRANDE",1,0,"MOOCA, RUA DA 4116 SAO PAULO SP",-23.560465,-46.586124
"3570","D031302094",2878,"BARREIRA GRANDE, AV DA",NA,"",1800,"","01/03/2013 23:56",2,"CO",41,2120," "," ",1,1,0,0,0,0,0,0,0,0,0,0,0,0,0,0,0,2878,"BARREIRA GRANDE, AV DA",NA,"",78,"SAPOPEMBA",2,0,"BARREIRA GRANDE, AV DA 1800 SAO PAULO SP",-23.5858806,-46.5183958
"3571","D031301218",12716,"MANUEL GAYA, RUA",NA,"",108,"","02/03/2013 00:08",4,"AT",39,2192," "," ",1,0,0,0,0,0,0,0,0,0,0,0,0,0,0,0,0,12716,"MANUEL GAYA, RUA",NA,"",83,"TREMEMBE",1,0,"MANUEL GAYA, RUA 108 SAO PAULO SP",-23.4676121,-46.5942547
"3572","D031302179",36383,"CHUBEI TAKAGASHI, RUA",NA,"",650,"","02/03/2013 00:10",2,"CF",53,1381," "," ",1,1,0,0,0,0,0,0,0,0,0,0,0,0,0,0,0,36383,"CHUBEI TAKAGASHI, RUA",NA,"",50,"LIMAO",1,0,"CHUBEI TAKAGASHI, RUA 650 SAO PAULO SP",-23.5711037,-46.4239503
"3573","D031300830",30767,"SAO PAULO-JUNDIAI, ES",NA,"",5000,"","02/03/2013 00:23",2,"CH",46,1906," "," ",1,0,0,0,0,0,0,0,0,0,0,0,0,0,0,0,0,30767,"SAO PAULO-JUNDIAI, ES",NA,"",52,"MARSILAC",1,0,"SAO PAULO-JUNDIAI, ES 5000 SAO PAULO SP",-23.5505199,-46.6333094
"3574","D031301930",15111,"OSCAR EGIDIO DE ARAUJO, RUA DR",10393,"JOAO NERY, ES DOM",0,"","02/03/2013 00:30",4,"AT",50,2592," "," ",0,0,1,0,0,0,0,0,0,0,0,0,0,0,0,0,0,10393,"JOAO NERY, ES DOM",15111,"OSCAR EGIDIO DE ARAUJO, RUA DR",35,"ITAIM PAULISTA",1,0,"OSCAR EGIDIO DE ARAUJO, RUA DR SAO PAULO SP &  JOAO NERY, ES DOM SAO PAULO SP",-23.4957954,-46.4054514
"3575","D031300200",18993,"TIRADENTES, AV",8323,"GUAPORE, RUA",0,"","02/03/2013 01:22",2,"CO",12,1225," "," ",1,1,0,0,0,0,0,0,0,0,0,0,0,0,0,0,0,8323,"GUAPORE, RUA",18993,"TIRADENTES, AV",9,"BOM RETIRO",1,0,"TIRADENTES, AV SAO PAULO SP &  GUAPORE, RUA SAO PAULO SP",-23.5295824,-46.6315552
"3576","D031302043",12156,"LUIZ AYRES, RUA DR",NA,"",2500,"","02/03/2013 03:30",2,"QM",65,2225," "," ",0,1,0,0,0,0,0,0,0,0,0,0,0,0,0,0,0,12156,"LUIZ AYRES, RUA DR",NA,"",5,"ARTUR ALVIM",1,0,"LUIZ AYRES, RUA DR 2500 SAO PAULO SP",-23.5422396,-46.4814708
"3577","D031302402",11491,"KENKITI SIMOMOTO, AV",NA,"",81,"","02/03/2013 04:15",4,"AT",91,1468," "," ",0,0,0,1,0,0,0,0,0,0,0,0,0,0,0,0,0,11491,"KENKITI SIMOMOTO, AV",NA,"",40,"JAGUARE",0,1,"KENKITI SIMOMOTO, AV 81 SAO PAULO SP",-23.549222,-46.7421543
"3579","D031301849",2483,"ATLANTICA ANT. ROBERT KENNEDY, AV",NA,"",3779,"","02/03/2013 05:30",4,"AT",102,2370," "," ",0,0,0,0,0,0,0,0,0,0,0,0,0,0,0,1,0,2483,"ATLANTICA ANT. ROBERT KENNEDY, AV",NA,"",23,"CIDADE DUTRA",1,0,"ATLANTICA ANT. ROBERT KENNEDY, AV 3779 SAO PAULO SP",-23.5505199,-46.6333094
"3581","D031301715",12403,"M'BOI MIRIM, ES",NA,"",1900,"","02/03/2013 07:01",2,"CO",92,1363," "," ",0,1,1,0,0,0,0,0,0,0,0,0,0,0,0,0,0,12403,"M'BOI MIRIM, ES",NA,"",42,"JARDIM ANGELA",2,0,"M'BOI MIRIM, ES 1900 SAO PAULO SP",-23.5505199,-46.6333094
"3584","D031301978",46936,"JACU-PESSEGO/NOVA TRABALHADORE, AV",23879,"LARANJA DA CHINA, AV",0,"","02/03/2013 07:20",2,"QF",63,1559," "," ",1,0,0,1,0,0,0,0,0,0,0,0,0,0,0,0,0,23879,"LARANJA DA CHINA, AV",46936,"JACU-PESSEGO/NOVA TRABALHADORE, AV",89,"VILA JACUI",1,0,"JACU-PESSEGO/NOVA TRABALHADORE, AV SAO PAULO SP &  LARANJA DA CHINA, AV SAO PAULO SP",-23.5754203,-46.4449094
"3585","D031300358",35829,"MOREIRA GUIMARAES, AV",NA,"",728,"","02/03/2013 07:28",2,"CT",27,2555," "," ",1,1,0,0,0,0,0,0,0,0,0,0,0,0,0,0,0,35829,"MOREIRA GUIMARAES, AV",NA,"",24,"CIDADE LIDER",1,0,"MOREIRA GUIMARAES, AV 728 SAO PAULO SP",-23.607613,-46.6528343
"3586","D031301034",17799,"SANTOS DUMONT, AV",NA,"",1770,"","02/03/2013 07:46",2,"CH",13,819," "," ",1,0,0,0,0,0,0,0,0,0,0,0,0,0,0,0,0,17799,"SANTOS DUMONT, AV",NA,"",15,"CAMPO BELO",1,0,"SANTOS DUMONT, AV 1770 SAO PAULO SP",-23.4628212,-46.4694989
"3587","D031301681",20048,"YERVANT KISSAJIKIAN, AV",NA,"",3189,"","02/03/2013 07:58",2,"CH",80,302," "," ",1,0,0,0,0,0,0,0,0,0,0,0,0,0,0,0,0,20048,"YERVANT KISSAJIKIAN, AV",NA,"",29,"FREGUESIA DO O",2,0,"YERVANT KISSAJIKIAN, AV 3189 SAO PAULO SP",-23.6822559,-46.6521487
"3588","D031300307",10648,"JORDAO, RUA BRIG",NA,"",972,"","02/03/2013 08:03",2,"CH",17,615," "," ",1,0,0,0,0,0,0,0,0,0,0,0,0,0,0,0,0,10648,"JORDAO, RUA BRIG",NA,"",33,"IPIRANGA",1,0,"JORDAO, RUA BRIG 972 SAO PAULO SP",-23.5863691,-46.5995609
"3589","D031300443",14642,"NOE AZEVEDO, AV PROF",NA,"",350,"","02/03/2013 08:30",4,"AT",36,2785," "," ",1,0,0,0,0,0,0,0,0,0,0,0,0,0,0,0,0,14642,"NOE AZEVEDO, AV PROF",NA,"",92,"VILA MARIANA",1,0,"NOE AZEVEDO, AV PROF 350 SAO PAULO SP",-23.5866986,-46.6352579
"3590","D031301799",12403,"M'BOI MIRIM, ES",NA,"",7033,"","02/03/2013 08:30",2,"CO",100,494," "," ",0,2,0,0,0,0,0,0,0,0,0,0,0,0,0,0,0,12403,"M'BOI MIRIM, ES",NA,"",42,"JARDIM ANGELA",2,0,"M'BOI MIRIM, ES 7033 SAO PAULO SP",-23.5505199,-46.6333094
"3591","D031301671",5964,"DJALMA PESSOLATO, RUA",7040,"FERNANDO MAFRA MOREIRA, RUA",0,"","02/03/2013 08:40",2,"CO",48,490," "," ",1,1,0,0,0,0,0,0,0,0,0,0,0,0,0,0,0,5964,"DJALMA PESSOLATO, RUA",7040,"FERNANDO MAFRA MOREIRA, RUA",23,"CIDADE DUTRA",1,0,"DJALMA PESSOLATO, RUA SAO PAULO SP &  FERNANDO MAFRA MOREIRA, RUA SAO PAULO SP",-23.7057371,-46.6892436
"3592","D031301836",8368,"GUARAPIRANGA, AV",NA,"",1025,"","02/03/2013 09:00",2,"CO",102,309," "," ",0,3,0,0,0,0,0,0,0,0,0,0,0,0,0,0,0,8368,"GUARAPIRANGA, AV",NA,"",45,"JARDIM SAO LUIS",2,0,"GUARAPIRANGA, AV 1025 SAO PAULO SP",-23.6782651,-46.7342809
"3593","D031301098",27099,"DUTRA, VIA PRES",NA,"",227,"","02/03/2013 09:00",2,"CO",19,1302," "," ",1,0,0,2,0,0,0,0,0,0,0,2,0,0,0,0,0,27099,"DUTRA, VIA PRES",NA,"",36,"ITAQUERA",1,0,"DUTRA, VIA PRES 227 SAO PAULO SP",-23.514254,-46.5778158
"3594","D031301200",8320,"GUAPIRA, AV",3494,"BORGES, RUA",0,"","02/03/2013 09:00",2,"CO",39,1033,"C"," ",1,1,0,0,0,0,0,0,0,0,0,0,0,0,0,0,0,8320,"GUAPIRA, AV",19201,"TUCURUVI, AV",84,"TUCURUVI",1,0,"GUAPIRA, AV SAO PAULO SP &  BORGES, RUA SAO PAULO SP",-23.4688173,-46.5845853
"3595","D031302381",10918,"JOSE DINIZ, AV VER",16000,"JOSE DOS SANTOS JUNIOR, RUA",0,"","02/03/2013 09:00",2,"CO",27,2797," "," ",0,1,1,0,0,0,0,0,0,0,0,0,0,0,0,0,0,16000,"JOSE DOS SANTOS JUNIOR, RUA",98971,"AUSTREGESILO DE ATHAYDE, VD",NA,"",0,1,"JOSE DINIZ, AV VER SAO PAULO SP &  JOSE DOS SANTOS JUNIOR, RUA SAO PAULO SP",-23.6339852,-46.6908948
"3596","D031300865",20228,"EDMUNDO JOSE DE LIMA, RUA DR",NA,"",211,"","02/03/2013 09:30",2,"CL",51,1843," "," ",1,1,0,0,0,0,0,0,0,0,0,0,0,0,0,0,0,20228,"EDMUNDO JOSE DE LIMA, RUA DR",NA,"",13,"CACHOEIRINHA",1,0,"EDMUNDO JOSE DE LIMA, RUA DR 211 SAO PAULO SP",-23.5765233,-46.7567927
"3598","D031301559",19768,"VINTE E UM DE ABRIL, RUA",NA,"",1468,"","02/03/2013 10:30",4,"AT",81,613," "," ",1,0,0,0,0,0,0,0,0,0,0,0,0,0,0,0,0,19768,"VINTE E UM DE ABRIL, RUA",NA,"",6,"BARRA FUNDA",1,0,"VINTE E UM DE ABRIL, RUA 1468 SAO PAULO SP",-23.5405,-46.6012564
"3599","D031301581",952,"AMADOR BUENO, RUA",NA,"",505,"","02/03/2013 11:00",2,"CO",11,2381," "," ",1,1,0,0,0,0,0,0,0,0,0,0,0,0,0,0,0,952,"AMADOR BUENO, RUA",NA,"",72,"SANTO AMARO",1,0,"AMADOR BUENO, RUA 505 SAO PAULO SP",-23.6528527,-46.7127613
"3600","D031300330",63817,"GRANVILLE BANTOCK, RUA",NA,"",174,"","02/03/2013 11:36",2,"CO",26,1829," "," ",0,1,0,0,0,0,0,0,0,0,0,1,0,0,0,0,0,63817,"GRANVILLE BANTOCK, RUA",NA,"",21,"CASA VERDE",1,0,"GRANVILLE BANTOCK, RUA 174 SAO PAULO SP",-23.6381485,-46.6032063
"3601","D031300249",5881,"DINO BUENO, AL",8023,"GLETE, AL",0,"","02/03/2013 11:47",4,"AT",77,1231," "," ",1,0,0,0,0,0,0,0,0,0,0,0,0,0,0,0,0,5881,"DINO BUENO, AL",8023,"GLETE, AL",70,"SANTA CECILIA",1,0,"DINO BUENO, AL SAO PAULO SP &  GLETE, AL SAO PAULO SP",-23.5311115,-46.6438496
"3602","D031300701",44662,"JOSE CARLOS REZENDE, RUA",NA,"",141,"","02/03/2013 11:53",2,"CH",33,900095," "," ",2,0,0,0,0,0,0,0,0,0,0,0,0,0,0,0,0,44662,"JOSE CARLOS REZENDE, RUA",NA,"",64,"PIRITUBA",1,0,"JOSE CARLOS REZENDE, RUA 141 SAO PAULO SP",-23.479347,-46.7517106
"3603","D031301433",8119,"GONCALO NUNES, RUA",NA,"",295,"","02/03/2013 12:00",2,"CO",30,1139,"B"," ",1,0,0,0,1,0,0,0,0,0,0,0,0,0,0,0,0,8119,"GONCALO NUNES, RUA",NA,"",20,"CARRAO",1,0,"GONCALO NUNES, RUA 295 SAO PAULO SP",-23.5434658,-46.5494577
"3604","D031300445",17301,"RODRIGUES ALVES, AV CONS",NA,"",131,"","02/03/2013 12:30",2,"CO",36,3168," "," ",1,1,0,0,0,0,0,0,0,0,0,0,0,0,0,0,0,17301,"RODRIGUES ALVES, AV CONS",NA,"",9,"BOM RETIRO",1,0,"RODRIGUES ALVES, AV CONS 131 SAO PAULO SP",-23.5823334,-46.6397856
"3605","D031300315",15609,"PATRIOTAS, RUA DOS",NA,"",100,"","02/03/2013 12:30",2,"CO",17,1887," "," ",0,1,0,0,0,0,0,0,0,0,0,1,0,0,0,0,0,15609,"PATRIOTAS, RUA DOS",NA,"",23,"CIDADE DUTRA",1,0,"PATRIOTAS, RUA DOS 100 SAO PAULO SP",-23.5834589,-46.6053481