"","id_acidente","codloga","logradouroA","codlogb","logradouroB","alt_num","referencia","data","cod_acid","tipo_acidente","dp","numero_BO","sentido","pista","automovel","moto","onibus","caminhao","bicicleta","moto_taxi","onibus_fretado","onibus_urbano","microonibus","van","vuc","caminhonete","carreta","jipe","outros","sem_informacao","carroca","princ_a","paiA","princ_b","paiB","cod_distrito","distrito","vit_ferida","vit_morta","local","lat","lon"
"3606","D031300974",99321,"TRES ARAPONGAS, RUA",NA,"",56,"","02/03/2013 12:30",2,"SI",93,1422," "," ",1,1,0,0,0,0,0,0,0,0,0,0,0,0,0,0,0,99321,"TRES ARAPONGAS, RUA",NA,"",NA,"",1,0,"TRES ARAPONGAS, RUA 56 SAO PAULO SP",-23.5449253,-46.7422214
"3607","D031302226",79071,"JACINTO DE CARVALHAIS, RUA PDE",NA,"",26,"","02/03/2013 12:30",2,"CO",55,994," "," ",1,1,0,0,0,0,0,0,0,0,0,0,0,0,0,0,0,79071,"JACINTO DE CARVALHAIS, RUA PDE",NA,"",55,"MORUMBI",1,0,"JACINTO DE CARVALHAIS, RUA PDE 26 SAO PAULO SP",-23.5505199,-46.6333094
"3608","D031302174",36318,"OSVALDO PUCCI, AV",NA,"",100,"","02/03/2013 13:13",2,"CO",53,670," "," ",0,1,0,0,0,0,0,0,0,0,0,1,0,0,0,0,0,36318,"OSVALDO PUCCI, AV",NA,"",5,"ARTUR ALVIM",1,0,"OSVALDO PUCCI, AV 100 SAO PAULO SP",-23.566185,-46.4669412
"3609","D031301492",4736,"CELSO GARCIA, AV",NA,"",5449,"","02/03/2013 13:25",4,"AT",52,657," "," ",0,1,0,0,0,0,0,0,0,0,0,0,0,0,0,0,0,4736,"CELSO GARCIA, AV",NA,"",82,"TATUAPE",1,0,"CELSO GARCIA, AV 5449 SAO PAULO SP",-23.5317764,-46.56033
"3610","D031300084",5245,"CONSOLACAO, RUA DA",9276,"IPIRANGA, AV",0,"","02/03/2013 13:31",2,"CO",4,1592," "," ",1,1,0,0,0,0,0,0,0,0,0,0,0,0,0,0,0,9276,"IPIRANGA, AV",18804,"TEODORO BAIMA, RUA DR",NA,"",2,0,"CONSOLACAO, RUA DA SAO PAULO SP &  IPIRANGA, AV SAO PAULO SP",-23.5471579,-46.6469857
"3611","D031301111",19884,"VOLUNTARIOS DA PATRIA, RUA",NA,"",4648,"","02/03/2013 13:44",2,"CH",20,829," "," ",1,0,0,0,0,0,0,0,0,0,0,0,0,0,0,0,0,19884,"VOLUNTARIOS DA PATRIA, RUA",NA,"",8,"BELEM",1,0,"VOLUNTARIOS DA PATRIA, RUA 4648 SAO PAULO SP",-23.4810247,-46.6320764
"3612","D031301386",4157,"CANUTO SARAIVA, RUA",NA,"",567,"","02/03/2013 14:07",2,"CO",18,410," "," ",1,1,0,0,0,0,0,0,0,0,0,0,0,0,0,0,0,4157,"CANUTO SARAIVA, RUA",NA,"",54,"MOOCA",2,0,"CANUTO SARAIVA, RUA 567 SAO PAULO SP",-23.563629,-46.6016997
"3613","D031300338",3424,"BOGAERT, RUA",NA,"",107,"","02/03/2013 14:14",4,"AT",26,2141," "," ",0,1,0,0,0,0,0,0,0,0,0,0,0,0,0,0,0,3424,"BOGAERT, RUA",NA,"",69,"SACOMA",1,0,"BOGAERT, RUA 107 SAO PAULO SP",-23.6284707,-46.6006948
"3614","D031301361",2627,"AVELINO CARNEIRO, RUA CAP",NA,"",344,"","02/03/2013 14:27",2,"CO",10,2396," "," ",2,0,0,0,0,0,0,0,0,0,0,0,0,0,0,0,0,2627,"AVELINO CARNEIRO, RUA CAP",NA,"",60,"PENHA",1,0,"AVELINO CARNEIRO, RUA CAP 344 SAO PAULO SP",-23.5227906,-46.5483764
"3615","D031301347",7724,"GALILEU GAIA, RUA",16724,"QUEIROS VELOSO, RUA",0,"","02/03/2013 14:35",2,"CO",90,825," "," ",0,1,0,0,0,0,0,0,0,0,0,1,0,0,0,0,0,7724,"GALILEU GAIA, RUA",16724,"QUEIROS VELOSO, RUA",91,"VILA MARIA",2,0,"GALILEU GAIA, RUA SAO PAULO SP &  QUEIROS VELOSO, RUA SAO PAULO SP",-23.5205638,-46.5811882
"3617","D031302062",1076,"AMERICANO FREIRE, RUA GAL",NA,"",438,"","02/03/2013 15:40",2,"CO",68,892," "," ",0,1,0,0,0,0,0,0,1,0,0,0,0,0,0,0,0,1076,"AMERICANO FREIRE, RUA GAL",NA,"",47,"LAJEADO",1,0,"AMERICANO FREIRE, RUA GAL 438 SAO PAULO SP",-23.5390013,-46.4127293
"3618","D031301547",7315,"FRANCA CARVALHO, RUA",7033,"FERNANDO FALCAO, RUA",0,"","02/03/2013 15:45",2,"CO",57,900077,"C"," ",2,0,0,0,0,0,0,0,0,0,0,0,0,0,0,0,0,7033,"FERNANDO FALCAO, RUA",7315,"FRANCA CARVALHO, RUA",54,"MOOCA",3,0,"FRANCA CARVALHO, RUA SAO PAULO SP &  FERNANDO FALCAO, RUA SAO PAULO SP",-23.5618009,-46.5902415
"3619","D031302362",17824,"SAPOPEMBA, AV",21661,"EDGARD PINTO CESAR, RUA",0,"","02/03/2013 16:30",4,"AT",69,2141," "," ",0,1,0,0,0,0,0,0,0,0,0,0,0,0,0,0,0,17824,"SAPOPEMBA, AV",21661,"EDGARD PINTO CESAR, RUA",78,"SAPOPEMBA",0,1,"SAPOPEMBA, AV SAO PAULO SP &  EDGARD PINTO CESAR, RUA SAO PAULO SP",-23.6148326,-46.5024993
"3620","D031300449",5618,"CURSINO, AV DO",NA,"",5517,"","02/03/2013 17:25",2,"CH",83,541," "," ",0,1,0,0,0,0,0,0,0,0,0,0,0,0,0,0,0,5618,"CURSINO, AV DO",NA,"",27,"CURSINO",1,0,"CURSINO, AV DO 5517 SAO PAULO SP",-23.6484213,-46.6133842
"3621","D031301627",98963,"RODOANEL MARIO COVAS, VIA",NA,"",59,"","02/03/2013 17:40",2,"CP",25,1517," "," ",1,0,0,0,0,0,0,0,0,0,0,0,0,0,0,0,0,98963,"RODOANEL MARIO COVAS, VIA",NA,"",62,"PERUS",1,0,"RODOANEL MARIO COVAS, VIA 59 SAO PAULO SP",-23.760612,-46.5934574
"3624","D031302310",63274,"JACITARA TIPITI, RUA",68299,"FAVA DE LOBO, RUA",0,"","02/03/2013 18:00",2,"CO",70,2152," "," ",1,1,0,0,0,0,0,0,0,0,0,0,0,0,0,0,0,63274,"JACITARA TIPITI, RUA",68299,"FAVA DE LOBO, RUA",74,"SAO LUCAS",1,0,"JACITARA TIPITI, RUA SAO PAULO SP &  FAVA DE LOBO, RUA SAO PAULO SP",-23.6042129,-46.5412545
"3625","D031300704",4742,"CENOBELINO SERRA, RUA",7500,"FRANCISCO MORATO, AV PROF",0,"","02/03/2013 18:05",4,"AT",34,1702," "," ",0,1,0,0,0,0,0,0,0,0,0,0,0,0,0,0,0,4742,"CENOBELINO SERRA, RUA",7500,"FRANCISCO MORATO, AV PROF",96,"VILA SONIA",2,0,"CENOBELINO SERRA, RUA SAO PAULO SP &  FRANCISCO MORATO, AV PROF SAO PAULO SP",-23.5870991,-46.7287359
"3628","D031301858",10785,"JOSE ARTUR NOVA, AV DR",NA,"",2000,"","02/03/2013 18:30",2,"CO",22,1163,"B"," ",1,1,0,0,0,0,0,0,0,0,0,0,0,0,0,0,0,10785,"JOSE ARTUR NOVA, AV DR",NA,"",43,"JARDIM HELENA",1,0,"JOSE ARTUR NOVA, AV DR 2000 SAO PAULO SP",-23.4801539,-46.4290044
"3630","D031302095",2878,"BARREIRA GRANDE, AV DA",NA,"",3440,"","02/03/2013 18:33",2,"CO",41,2150," "," ",1,1,0,0,0,0,0,0,0,0,0,0,0,0,0,0,0,2878,"BARREIRA GRANDE, AV DA",NA,"",78,"SAPOPEMBA",1,0,"BARREIRA GRANDE, AV DA 3440 SAO PAULO SP",-23.5909556,-46.504736
"3631","D031301396",15304,"PAES DE BARROS, AV",NA,"",3452,"","02/03/2013 18:40",4,"AT",18,1332," "," ",1,0,0,0,0,0,0,0,0,0,0,0,0,0,0,0,0,15304,"PAES DE BARROS, AV",NA,"",16,"CAMPO GRANDE",1,0,"PAES DE BARROS, AV 3452 SAO PAULO SP",-23.5811096,-46.5868627
"3632","D031300543",16919,"REBOUCAS, AV",8714,"HENRIQUE SCHAUMANN, RUA",0,"","02/03/2013 18:40",2,"CO",14,1960," "," ",1,1,0,0,0,0,0,0,0,0,0,0,0,0,0,0,0,3581,"BRASIL, AV",16919,"REBOUCAS, AV",63,"PINHEIROS",1,0,"REBOUCAS, AV SAO PAULO SP &  HENRIQUE SCHAUMANN, RUA SAO PAULO SP",-23.5666153,-46.6829404
"3633","D031302108",75421,"JOSE HIGINO NEVES, AV",NA,"",1235,"","02/03/2013 19:20",4,"AT",44,1391," "," ",1,0,0,0,0,0,0,0,0,0,0,0,0,0,0,0,0,75421,"JOSE HIGINO NEVES, AV",NA,"",50,"LIMAO",2,0,"JOSE HIGINO NEVES, AV 1235 SAO PAULO SP",-23.5667754,-46.4017929
"3634","D031301151",27358,"FUAD LUTFALLA, AV",NA,"",650,"","02/03/2013 19:30",2,"CO",28,1121," "," ",1,1,0,0,0,0,0,0,0,0,0,0,0,0,0,0,0,27358,"FUAD LUTFALLA, AV",NA,"",4,"ARICANDUVA",2,0,"FUAD LUTFALLA, AV 650 SAO PAULO SP",-23.4846489,-46.7093417
"3635","D031300343",24507,"LINO DE MORAES LEME, AV DR",NA,"",972,"","02/03/2013 19:49",4,"AT",27,2194," "," ",1,0,0,0,0,0,0,0,0,0,0,0,0,0,0,0,0,24507,"LINO DE MORAES LEME, AV DR",NA,"",30,"GRAJAU",1,0,"LINO DE MORAES LEME, AV DR 972 SAO PAULO SP",-23.6405088,-46.6648179
"3636","D031300042",16581,"PRATES, RUA",NA,"",962,"","02/03/2013 20:00",2,"QM",2,238," "," ",0,1,0,0,0,0,0,0,0,0,0,0,0,0,0,0,0,16581,"PRATES, RUA",NA,"",15,"CAMPO BELO",1,0,"PRATES, RUA 962 SAO PAULO SP",-23.5256212,-46.6345807
"3637","D031301152",3771,"INAJAR DE SOUZA, AV",NA,"",2500,"","02/03/2013 20:45",4,"AT",28,1161," "," ",1,0,0,0,0,0,0,0,0,0,0,0,0,0,0,0,0,3771,"INAJAR DE SOUZA, AV",NA,"",50,"LIMAO",1,0,"INAJAR DE SOUZA, AV 2500 SAO PAULO SP",-23.484283,-46.6795071
"3638","D031302136",24428,"FORTE DO LEME, AV",24427,"FORTE DO RIO NEGRO, RUA",0,"","02/03/2013 20:58",2,"CL",49,1048," "," ",1,1,0,0,0,0,0,0,0,0,0,0,0,0,0,0,0,24427,"FORTE DO RIO NEGRO, RUA",24428,"FORTE DO LEME, AV",75,"SAO MATEUS",1,0,"FORTE DO LEME, AV SAO PAULO SP &  FORTE DO RIO NEGRO, RUA SAO PAULO SP",-23.608772,-46.4663942
"3639","D031301503",4736,"CELSO GARCIA, AV",NA,"",3700,"","02/03/2013 21:10",2,"CT",52,2408," "," ",1,0,0,0,0,0,0,1,0,0,0,0,0,0,0,0,0,4736,"CELSO GARCIA, AV",NA,"",82,"TATUAPE",1,0,"CELSO GARCIA, AV 3700 SAO PAULO SP",-23.5351759,-46.5765641
"3640","D031301219",7945,"GERTRUDES, RUA",NA,"",240,"","02/03/2013 21:27",2,"CO",39,2232," "," ",1,1,0,0,0,0,0,0,0,0,0,0,0,0,0,0,0,7945,"GERTRUDES, RUA",NA,"",94,"VILA MEDEIROS",1,0,"GERTRUDES, RUA 240 SAO PAULO SP",-23.4817254,-46.5858783
"3641","D031302403",15165,"OSVALDO DE OLIVEIRA, AV PROF",NA,"",114,"","02/03/2013 21:44",4,"AT",63,1739," "," ",1,1,0,0,0,0,0,0,0,0,0,0,0,0,0,0,0,15165,"OSVALDO DE OLIVEIRA, AV PROF",NA,"",51,"MANDAQUI",1,1,"OSVALDO DE OLIVEIRA, AV PROF 114 SAO PAULO SP",-23.5413993,-46.4267918
"3642","D031301115",18151,"SEZEFREDO FAGUNDES, AV CEL",12716,"MANUEL GAYA, RUA",0,"","02/03/2013 22:15",2,"CF",20,1906," "," ",2,0,0,0,0,0,0,0,0,0,0,0,0,0,0,0,0,12716,"MANUEL GAYA, RUA",18151,"SEZEFREDO FAGUNDES, AV CEL",83,"TREMEMBE",2,0,"SEZEFREDO FAGUNDES, AV CEL SAO PAULO SP &  MANUEL GAYA, RUA SAO PAULO SP",-23.4550902,-46.6022715
"3644","D031300699",310,"AGENOR COUTO DE MAGALHAES, AV",NA,"",25,"","02/03/2013 22:50",2,"SI",33,2950," "," ",1,1,0,0,0,0,0,0,0,0,0,0,0,0,0,0,0,310,"AGENOR COUTO DE MAGALHAES, AV",NA,"",64,"PIRITUBA",1,0,"AGENOR COUTO DE MAGALHAES, AV 25 SAO PAULO SP",-23.4848365,-46.7409007
"3645","D031301931",16652,"ANTONIO JOAO DE MEDEIROS, RUA",NA,"",820,"","02/03/2013 22:58",2,"CO",50,2623," "," ",1,1,0,0,0,0,0,0,0,0,0,0,0,0,0,0,0,16652,"ANTONIO JOAO DE MEDEIROS, RUA",NA,"",54,"MOOCA",2,0,"ANTONIO JOAO DE MEDEIROS, RUA 820 SAO PAULO SP",-23.5109384,-46.3973441
"3647","D031301468",5817,"DEZENOVE DE JANEIRO, AV",13759,"MAXIMILIANO DA CUNHA, RUA",0,"","02/03/2013 23:00",2,"CO",31,1154," "," ",1,1,0,0,0,0,0,0,0,0,0,0,0,0,0,0,0,5817,"DEZENOVE DE JANEIRO, AV",13759,"MAXIMILIANO DA CUNHA, RUA",20,"CARRAO",1,0,"DEZENOVE DE JANEIRO, AV SAO PAULO SP &  MAXIMILIANO DA CUNHA, RUA SAO PAULO SP",-23.5562899,-46.525423
"3648","D031301257",16051,"PENHA BRASIL, AV GAL",NA,"",309,"","02/03/2013 23:13",2,"CO",72,1882," "," ",1,0,0,0,0,0,0,0,0,0,0,1,0,0,0,0,0,16051,"PENHA BRASIL, AV GAL",NA,"",48,"LAPA",1,0,"PENHA BRASIL, AV GAL 309 SAO PAULO SP",-23.4597697,-46.67326
"3649","D031301645",5606,"CUPECE, AV",NA,"",2711,"","02/03/2013 23:30",2,"CO",43,2344,"C"," ",0,2,0,0,0,0,0,0,0,0,0,0,0,0,0,0,0,5606,"CUPECE, AV",NA,"",22,"CIDADE ADEMAR",2,0,"CUPECE, AV 2711 SAO PAULO SP",-23.6647971,-46.658836
"3650","D031300460",5618,"CURSINO, AV DO",NA,"",3396,"","02/03/2013 23:38",2,"CO",83,1847," "," ",1,1,0,0,0,0,0,0,0,0,0,0,0,0,0,0,0,5618,"CURSINO, AV DO",NA,"",27,"CURSINO",2,0,"CURSINO, AV DO 3396 SAO PAULO SP",-23.6312081,-46.6176214
"3651","D031302312",17824,"SAPOPEMBA, AV",NA,"",9215,"","02/03/2013 23:52",2,"CO",70,2152," "," ",1,1,0,0,0,0,0,0,0,0,0,0,0,0,0,0,0,17824,"SAPOPEMBA, AV",NA,"",33,"IPIRANGA",1,0,"SAPOPEMBA, AV 9215 SAO PAULO SP",-23.6012279,-46.5115763
"3652","D031302331",33642,"MASAO WATANABE, AV",NA,"",718,"","03/03/2013 00:07",4,"AT",77,1063," "," ",0,0,0,0,0,0,0,0,0,0,0,0,0,0,0,1,0,33642,"MASAO WATANABE, AV",NA,"",NA,"",0,1,"MASAO WATANABE, AV 718 SAO PAULO SP",-23.4608061,-46.6656452
"3653","D031301750",852,"ALVARENGA, ES DO",NA,"",902,"","03/03/2013 00:24",2,"CF",98,2348," "," ",3,0,0,0,0,0,0,0,0,0,0,0,0,0,0,0,0,852,"ALVARENGA, ES DO",NA,"",59,"PEDREIRA",2,0,"ALVARENGA, ES DO 902 SAO PAULO SP",-23.5505199,-46.6333094
"3654","D031302074",5679,"DAMASIO PINTO, RUA",NA,"",1491,"","03/03/2013 01:25",4,"AT",103,1598," "," ",0,0,1,0,0,0,0,0,0,0,0,0,0,0,0,0,0,5679,"DAMASIO PINTO, RUA",NA,"",36,"ITAQUERA",1,0,"DAMASIO PINTO, RUA 1491 SAO PAULO SP",-23.5268669,-46.4326583
"3655","D031301434",6741,"EUCLIDES PACHECO, RUA",NA,"",803,"","03/03/2013 01:45",2,"CO",30,1157," "," ",1,1,0,0,0,0,0,0,0,0,0,0,0,0,0,0,0,6741,"EUCLIDES PACHECO, RUA",NA,"",82,"TATUAPE",2,0,"EUCLIDES PACHECO, RUA 803 SAO PAULO SP",-23.5478334,-46.5670123
"3656","D031302313",17824,"SAPOPEMBA, AV",NA,"",6576,"","03/03/2013 02:15",4,"AT",70,2160," "," ",1,0,0,0,0,0,0,0,0,0,0,0,0,0,0,0,0,17824,"SAPOPEMBA, AV",NA,"",33,"IPIRANGA",1,0,"SAPOPEMBA, AV 6576 SAO PAULO SP",-23.5890331,-46.5322858
"3657","D031300705",14171,"MONTE MOR, AV BR DE",4049,"CAMPOS GERAIS, AV BR DE",0,"","03/03/2013 02:20",2,"CO",34,1705," "," ",1,1,0,0,0,0,0,0,0,0,0,0,0,0,0,0,0,4049,"CAMPOS GERAIS, AV BR DE",14171,"MONTE MOR, AV BR DE",55,"MORUMBI",1,0,"MONTE MOR, AV BR DE SAO PAULO SP &  CAMPOS GERAIS, AV BR DE SAO PAULO SP",-23.6117727,-46.7043239
"3658","D031302326",18470,"PIRAJUSSARA, AV",6855,"EZEQUIEL CAMPOS DIAS, AV DR",0,"","03/03/2013 02:22",2,"CV",89,1833," "," ",1,1,0,0,0,0,0,0,0,0,0,0,0,0,0,0,0,2582,"AURELIANO PIMENTEL, PCA PROF",18470,"PIRAJUSSARA, AV",NA,"",0,1,"PIRAJUSSARA, AV SAO PAULO SP &  EZEQUIEL CAMPOS DIAS, AV DR SAO PAULO SP",-23.5910553,-46.7413119
"3659","D031301825",2888,"BARRO BRANCO, ES DO",NA,"",1810,"","03/03/2013 02:30",2,"CO",101,1523," "," ",0,2,0,0,0,0,0,0,0,0,0,0,0,0,0,0,0,2888,"BARRO BRANCO, ES DO",NA,"",30,"GRAJAU",1,0,"BARRO BRANCO, ES DO 1810 SAO PAULO SP",-23.5505199,-46.6333094
"3660","D031302311",17824,"SAPOPEMBA, AV",NA,"",9337,"","03/03/2013 02:36",4,"AT",70,2158," "," ",0,0,1,0,0,0,0,0,0,0,0,0,0,0,0,0,0,17824,"SAPOPEMBA, AV",NA,"",33,"IPIRANGA",1,0,"SAPOPEMBA, AV 9337 SAO PAULO SP",-23.6022506,-46.5107784
"3661","D031302281",43404,"VILANOVA ARTIGAS, AV ARQ",NA,"",1900,"","03/03/2013 03:17",2,"CO",69,2164,"B"," ",0,1,0,0,0,0,0,0,0,0,0,0,0,0,0,1,0,43404,"VILANOVA ARTIGAS, AV ARQ",NA,"",56,"PARELHEIROS",2,0,"VILANOVA ARTIGAS, AV ARQ 1900 SAO PAULO SP",-23.6069907,-46.5018636
"3662","D031300921",12502,"MAGALHAES DE CASTRO, AV",NA,"",6200,"","03/03/2013 04:44",2,"CH",89,1709," "," ",1,0,0,0,0,0,0,0,0,0,0,0,0,0,0,0,0,13014,"MARGINAL DO RIO PINHEIROS, AV",NA,"",12,"BUTANTA",1,0,"MAGALHAES DE CASTRO, AV 6200 SAO PAULO SP",-23.6128012,-46.7008832
"3663","D031301824",3509,"BELMIRA MARIN, AV DONA",NA,"",1300,"","03/03/2013 05:20",2,"CO",101,1521," "," ",1,1,0,0,0,0,0,0,0,0,0,0,0,0,0,0,0,3509,"BELMIRA MARIN, AV DONA",NA,"",30,"GRAJAU",1,0,"BELMIRA MARIN, AV DONA 1300 SAO PAULO SP",-23.742166,-46.691897
"3665","D031300760",9529,"ITAPECERICA, ES DE",NA,"",1400,"","03/03/2013 06:21",2,"CT",37,1720," "," ",1,1,0,0,0,0,0,0,0,0,0,0,0,0,0,0,0,9529,"ITAPECERICA, ES DE",NA,"",29,"FREGUESIA DO O",2,0,"ITAPECERICA, ES DE 1400 SAO PAULO SP",-23.5505199,-46.6333094
"3667","D031300216",5567,"CRUZEIRO DO SUL, AV",NA,"",400,"","03/03/2013 07:02",4,"AT",12,1513," "," ",1,0,0,0,0,0,0,0,0,0,0,1,0,0,0,0,0,5567,"CRUZEIRO DO SUL, AV",NA,"",5,"ARTUR ALVIM",1,0,"CRUZEIRO DO SUL, AV 400 SAO PAULO SP",-23.5283624,-46.6252591
"3669","D031301435",3291,"BERNARDO, RUA S",NA,"",100,"","03/03/2013 07:48",2,"CO",30,1160,"B"," ",0,1,1,0,0,0,0,0,0,0,0,0,0,0,0,0,0,3291,"BERNARDO, RUA S",NA,"",82,"TATUAPE",1,0,"BERNARDO, RUA S 100 SAO PAULO SP",-23.545393,-46.5781266
"3670","D031301220",62455,"ARLINDO LUZ, PCA",4118,"BASILIO ALVES MORANGO, RUA",0,"","03/03/2013 07:55",4,"AT",39,2240," "," ",1,0,0,0,0,0,0,0,0,0,0,0,0,0,0,0,0,4118,"BASILIO ALVES MORANGO, RUA",16855,"RAMIZ GALVAO, AV",94,"VILA MEDEIROS",1,0,"ARLINDO LUZ, PCA SAO PAULO SP &  BASILIO ALVES MORANGO, RUA SAO PAULO SP",-23.4839257,-46.5768233
"3671","D031300544",16919,"REBOUCAS, AV",NA,"",2133,"","03/03/2013 08:25",4,"AT",14,1976," "," ",0,1,0,0,0,0,0,0,0,0,0,0,0,0,0,0,0,16919,"REBOUCAS, AV",NA,"",44,"JARDIM PAULISTA",2,0,"REBOUCAS, AV 2133 SAO PAULO SP",-23.5660204,-46.6808128
"3672","D031301802",21992,"GUILHERME ESPINDOLA PEQUITO, RUA",NA,"",32,"","03/03/2013 09:00",4,"AT",100,1149," "," ",0,1,0,0,0,0,0,0,0,0,0,0,0,0,0,0,0,21992,"GUILHERME ESPINDOLA PEQUITO, RUA",NA,"",32,"IGUATEMI",1,0,"GUILHERME ESPINDOLA PEQUITO, RUA 32 SAO PAULO SP",-23.6887122,-46.7639626
"3674","D031300204",12964,"MARCOS ARRUDA, RUA",21637,"HUMBERTO DE SOUZA MELLO, PCA GAL",0,"","03/03/2013 10:41",4,"AT",12,1311," "," ",0,0,0,0,0,0,0,1,0,0,0,0,0,0,0,0,0,12964,"MARCOS ARRUDA, RUA",21637,"HUMBERTO DE SOUZA MELLO, PCA GAL",NA,"",1,0,"MARCOS ARRUDA, RUA SAO PAULO SP &  HUMBERTO DE SOUZA MELLO, PCA GAL SAO PAULO SP",-23.5272852,-46.6033428
"3675","D031301258",78227,"ARAUJO CASTRO, RUA DR",NA,"",473,"","03/03/2013 12:00",2,"CH",72,1919," "," ",0,1,0,0,0,0,0,0,0,0,0,0,0,0,0,0,0,78227,"ARAUJO CASTRO, RUA DR",NA,"",8,"BELEM",1,0,"ARAUJO CASTRO, RUA DR 473 SAO PAULO SP",-23.4618022,-46.6648943
"3676","D031301439",27094,"SALIM FARAH MALUF, AV",NA,"",10,"","03/03/2013 12:00",2,"QM",30,1167," "," ",0,1,0,0,0,0,0,0,0,0,0,0,0,0,0,0,0,27094,"SALIM FARAH MALUF, AV",NA,"",82,"TATUAPE",1,0,"SALIM FARAH MALUF, AV 10 SAO PAULO SP",-23.5317093,-46.583942
"3677","D031302137",13671,"MATEO BEI, AV",NA,"",1890,"","03/03/2013 12:12",2,"CL",49,1060," "," ",1,1,0,0,0,0,0,0,0,0,0,0,0,0,0,0,0,13671,"MATEO BEI, AV",NA,"",75,"SAO MATEUS",1,0,"MATEO BEI, AV 1890 SAO PAULO SP",-23.5992425,-46.4855179
"3678","D031300604",10556,"JOAQUIM FLORIANO, RUA",NA,"",466,"","03/03/2013 12:35",2,"QD",15,1246," "," ",0,0,0,0,0,0,0,1,0,0,0,0,0,0,0,0,0,10556,"JOAQUIM FLORIANO, RUA",NA,"",34,"ITAIM BIBI",1,0,"JOAQUIM FLORIANO, RUA 466 SAO PAULO SP",-23.5845794,-46.6748433
"3679","D031300867",5309,"CORIFEU DE AZEVEDO MARQUES, AV",NA,"",1703,"","03/03/2013 12:40",2,"CH",51,1985," "," ",1,0,0,0,0,0,0,0,0,0,0,0,0,0,0,0,0,5309,"CORIFEU DE AZEVEDO MARQUES, AV",NA,"",12,"BUTANTA",1,0,"CORIFEU DE AZEVEDO MARQUES, AV 1703 SAO PAULO SP",-23.5746098,-46.7302454
"3680","D031300676",1232,"ANASTACIO, AV DO",NA,"",511,"","03/03/2013 12:45",2,"SI",33,1942," "," ",2,0,0,0,0,0,0,0,0,0,0,0,0,0,0,0,0,1232,"ANASTACIO, AV DO",NA,"",73,"SAO DOMINGOS",2,0,"ANASTACIO, AV DO 511 SAO PAULO SP",-23.5036865,-46.7334131
"3681","D031300344",10076,"JESUINO MACIEL, RUA DR",33018,"JOAO ALVARES SOARES, RUA",0,"","03/03/2013 12:59",2,"CO",27,2220," "," ",2,0,0,0,0,0,0,0,0,0,0,1,0,0,0,0,0,10076,"JESUINO MACIEL, RUA DR",33018,"JOAO ALVARES SOARES, RUA",15,"CAMPO BELO",1,0,"JESUINO MACIEL, RUA DR SAO PAULO SP &  JOAO ALVARES SOARES, RUA SAO PAULO SP",-23.6241495,-46.6660284
"3682","D031300545",7257,"FONSECA RODRIGUES, AV PROF",NA,"",1655,"","03/03/2013 13:00",2,"CO",14,1983," "," ",1,1,0,0,0,0,0,0,0,0,0,0,0,0,0,0,0,7257,"FONSECA RODRIGUES, AV PROF",NA,"",2,"ALTO DE PINHEIR",1,0,"FONSECA RODRIGUES, AV PROF 1655 SAO PAULO SP",-23.5442508,-46.7233238
"3683","D031300948",8000,"GIOVANNI GRONCHI, AV",NA,"",4297,"","03/03/2013 13:36",2,"CO",89,2298," "," ",1,1,0,0,0,0,0,0,0,0,0,0,0,0,0,0,0,8000,"GIOVANNI GRONCHI, AV",NA,"",55,"MORUMBI",1,0,"GIOVANNI GRONCHI, AV 4297 SAO PAULO SP",-23.6174482,-46.7316988
"3684","D031301911",18537,"SUZANA DE MELO, RUA",NA,"",299,"","03/03/2013 13:40",2,"CO",32,1606," "," ",1,1,0,0,0,0,0,0,0,0,0,0,0,0,0,0,0,18537,"SUZANA DE MELO, RUA",NA,"",51,"MANDAQUI",1,0,"SUZANA DE MELO, RUA 299 SAO PAULO SP",-23.5203916,-46.4383037
"3685","D031302233",17824,"SAPOPEMBA, AV",NA,"",16209,"","03/03/2013 13:50",2,"CF",55,2171," "," ",1,0,0,0,1,0,0,0,0,0,0,0,0,0,0,0,0,17824,"SAPOPEMBA, AV",NA,"",33,"IPIRANGA",1,0,"SAPOPEMBA, AV 16209 SAO PAULO SP",-23.6225631,-46.4479223
"3686","D031301954",21279,"IVO ROBACH DE OLIVEIRA, RUA",NA,"",85,"","03/03/2013 14:20",2,"CT",59,2648," "," ",2,0,0,0,0,0,0,0,0,0,0,0,0,0,0,0,0,21279,"IVO ROBACH DE OLIVEIRA, RUA",NA,"",53,"MOEMA",1,0,"IVO ROBACH DE OLIVEIRA, RUA 85 SAO PAULO SP",-23.4985647,-46.4086626
"3687","D031300043",9489,"ITALIANOS, RUA DOS",2864,"BARRA DO TIBAJI, RUA",0,"","03/03/2013 14:20",4,"AT",2,1253," "," ",0,0,0,0,0,0,0,1,0,0,0,0,0,0,0,0,0,2864,"BARRA DO TIBAJI, RUA",9489,"ITALIANOS, RUA DOS",9,"BOM RETIRO",1,0,"ITALIANOS, RUA DOS SAO PAULO SP &  BARRA DO TIBAJI, RUA SAO PAULO SP",-23.5238023,-46.644144