"","id_acidente","codloga","logradouroA","codlogb","logradouroB","alt_num","referencia","data","cod_acid","tipo_acidente","dp","numero_BO","sentido","pista","automovel","moto","onibus","caminhao","bicicleta","moto_taxi","onibus_fretado","onibus_urbano","microonibus","van","vuc","caminhonete","carreta","jipe","outros","sem_informacao","carroca","princ_a","paiA","princ_b","paiB","cod_distrito","distrito","vit_ferida","vit_morta","local","lat","lon"
"3688","D031301187",35287,"LAUZANE PAULISTA, AV",NA,"",28,"","03/03/2013 14:23",2,"CO",38,1913," "," ",1,1,0,0,0,0,0,0,0,0,0,0,0,0,0,0,0,35287,"LAUZANE PAULISTA, AV",NA,"",48,"LAPA",2,0,"LAUZANE PAULISTA, AV 28 SAO PAULO SP",-23.4757249,-46.6465028
"3689","D031300761",16339,"CARLOS LACERDA, AV",NA,"",1911,"","03/03/2013 14:30",4,"AT",37,1740," "," ",0,0,0,1,0,0,0,0,0,0,0,0,0,0,0,0,0,16339,"CARLOS LACERDA, AV",NA,"",29,"FREGUESIA DO O",1,0,"CARLOS LACERDA, AV 1911 SAO PAULO SP",-23.6482595,-46.7789728
"3690","D031300922",8000,"GIOVANNI GRONCHI, AV",NA,"",2789,"","03/03/2013 14:30",2,"CO",89,1728," "," ",0,1,0,0,0,0,0,0,0,0,0,1,0,0,0,0,0,8000,"GIOVANNI GRONCHI, AV",NA,"",55,"MORUMBI",1,0,"GIOVANNI GRONCHI, AV 2789 SAO PAULO SP",-23.6059869,-46.7252795
"3691","D031302382",99949,"CARLOS CALDEIRA FILHO, AV",NA,"",3900,"","03/03/2013 14:30",2,"CH",47,2768," "," ",0,1,0,0,0,0,0,0,0,0,0,0,0,0,0,0,0,99949,"CARLOS CALDEIRA FILHO, AV",NA,"",19,"CAPAO REDONDO",0,1,"CARLOS CALDEIRA FILHO, AV 3900 SAO PAULO SP",-23.6543133,-46.7642965
"3692","D031300171",543,"ALCANTARA MACHADO, AV",NA,"",2223,"","03/03/2013 14:45",2,"CO",8,1584,"C"," ",0,1,0,0,0,0,0,1,0,0,0,0,0,0,0,0,0,543,"ALCANTARA MACHADO, AV",NA,"",10,"BRAS",1,0,"ALCANTARA MACHADO, AV 2223 SAO PAULO SP",-23.5485057,-46.6038546
"3693","D031301689",16026,"PEIXOTO DE MELO FILHO, RUA",NA,"",81,"","03/03/2013 15:10",2,"CF",80,2368," "," ",0,1,0,0,0,0,0,0,0,0,0,1,0,0,0,0,0,16026,"PEIXOTO DE MELO FILHO, RUA",NA,"",29,"FREGUESIA DO O",2,0,"PEIXOTO DE MELO FILHO, RUA 81 SAO PAULO SP",-23.6806947,-46.6632316
"3694","D031301116",8238,"GUACA, AV DO",NA,"",575,"","03/03/2013 15:30",2,"QM",20,1921," "," ",0,1,0,0,0,0,0,0,0,0,0,0,0,0,0,0,0,8238,"GUACA, AV DO",NA,"",51,"MANDAQUI",1,0,"GUACA, AV DO 575 SAO PAULO SP",-23.4808285,-46.6387449
"3695","D031302385",852,"ALVARENGA, ES DO",NA,"",3800,"","03/03/2013 16:26",4,"AT",26,1989," "," ",0,1,0,0,0,0,0,0,0,0,0,0,0,0,0,0,0,852,"ALVARENGA, ES DO",NA,"",NA,"",0,1,"ALVARENGA, ES DO 3800 SAO PAULO SP",-23.5505199,-46.6333094
"3696","D031301502",4736,"CELSO GARCIA, AV",NA,"",4538,"","03/03/2013 16:32",4,"AT",52,1179,"B"," ",0,0,0,0,0,0,0,1,0,0,0,0,0,0,0,0,0,4736,"CELSO GARCIA, AV",NA,"",82,"TATUAPE",1,0,"CELSO GARCIA, AV 4538 SAO PAULO SP",-23.5347987,-46.5686804
"3697","D031301170",3771,"INAJAR DE SOUZA, AV",NA,"",2000,"","03/03/2013 16:35",2,"CO",28,900034," "," ",1,1,0,0,0,0,0,0,0,0,0,0,0,0,0,0,0,3771,"INAJAR DE SOUZA, AV",NA,"",50,"LIMAO",2,0,"INAJAR DE SOUZA, AV 2000 SAO PAULO SP",-23.4883925,-46.6833461
"3698","D031300975",13019,"ESCOLA POLITECNICA, AV",NA,"",1600,"","03/03/2013 16:50",2,"QM",93,1478," "," ",0,1,0,0,0,0,0,0,0,0,0,0,0,0,0,0,0,13019,"ESCOLA POLITECNICA, AV",NA,"",40,"JAGUARE",1,0,"ESCOLA POLITECNICA, AV 1600 SAO PAULO SP",-23.5576723,-46.742954
"3699","D031300762",65618,"ADAO COSTA MENDES, RUA",NA,"",100,"","03/03/2013 17:20",2,"CO",37,1747," "," ",1,1,0,0,0,0,0,0,0,0,0,0,0,0,0,0,0,65618,"ADAO COSTA MENDES, RUA",NA,"",29,"FREGUESIA DO O",2,0,"ADAO COSTA MENDES, RUA 100 SAO PAULO SP",-23.639591,-46.7672986
"3700","D031300153",16222,"PIEDADE, RUA",15584,"PASSOS, AV PREF",0,"","03/03/2013 17:30",2,"CO",6,1587," "," ",1,0,0,0,0,0,0,0,0,0,0,1,0,0,0,0,0,15584,"PASSOS, AV PREF",16222,"PIEDADE, RUA",NA,"",1,0,"PIEDADE, RUA SAO PAULO SP &  PASSOS, AV PREF SAO PAULO SP",-23.5560744,-46.6256087
"3701","D031301879",43777,"CARVALHO PINTO, AV GOV",13881,"MIGUEL, AV S",0,"","03/03/2013 17:30",4,"AT",24,2418," "," ",0,1,0,0,0,0,0,0,0,0,0,0,0,0,0,0,0,13881,"MIGUEL, AV S",43777,"CARVALHO PINTO, AV GOV",60,"PENHA",1,0,"CARVALHO PINTO, AV GOV SAO PAULO SP &  MIGUEL, AV S SAO PAULO SP",-23.5149544,-46.5203738
"3702","D031300407",31674,"HUGO BEOLCHI, AV DR",NA,"",754,"","03/03/2013 18:00",2,"CO",35,2854," "," ",1,1,0,0,0,0,0,0,0,0,0,0,0,0,0,0,0,31674,"HUGO BEOLCHI, AV DR",NA,"",42,"JARDIM ANGELA",1,0,"HUGO BEOLCHI, AV DR 754 SAO PAULO SP",-23.6325767,-46.6417057
"3703","D031300044",12383,"LUZ, PCA DA",NA,"",131,"","03/03/2013 18:20",2,"CO",2,1261," "," ",1,0,0,0,1,0,0,0,0,0,0,0,0,0,0,0,0,12383,"LUZ, PCA DA",NA,"",5,"ARTUR ALVIM",1,0,"LUZ, PCA DA 131 SAO PAULO SP",-23.5492204,-46.6336852
"3704","D031301149",18151,"SEZEFREDO FAGUNDES, AV CEL",NA,"",15639,"","03/03/2013 18:30",2,"CO",20,900019," "," ",2,0,0,0,0,0,0,0,0,0,0,0,0,0,0,0,0,18151,"SEZEFREDO FAGUNDES, AV CEL",NA,"",22,"CIDADE ADEMAR",4,0,"SEZEFREDO FAGUNDES, AV CEL 15639 SAO PAULO SP",-23.4131663,-46.5820833
"3705","D031301969",14917,"OLAVO EGIDIO DE SOUZA ARANHA, AV",NA,"",235,"","03/03/2013 18:40",2,"CO",62,2293," "," ",2,0,0,0,0,0,0,0,0,0,0,0,0,0,0,0,0,14917,"OLAVO EGIDIO DE SOUZA ARANHA, AV",NA,"",49,"LIBERDADE",1,0,"OLAVO EGIDIO DE SOUZA ARANHA, AV 235 SAO PAULO SP",-23.5062675,-46.4944979
"3706","D031301932",45816,"EUGENIO GRIECO, RUA",NA,"",89,"","03/03/2013 18:45",2,"CL",50,2657," "," ",1,1,0,0,0,0,0,0,0,0,0,0,0,0,0,0,0,45816,"EUGENIO GRIECO, RUA",NA,"",35,"ITAIM PAULISTA",2,0,"EUGENIO GRIECO, RUA 89 SAO PAULO SP",-23.5068459,-46.3775507
"3707","D031301296",8320,"GUAPIRA, AV",NA,"",1150,"","03/03/2013 19:05",4,"AT",73,2256," "," ",0,0,0,0,0,0,0,0,0,0,0,0,0,0,0,1,0,8320,"GUAPIRA, AV",NA,"",38,"JACANA",1,0,"GUAPIRA, AV 1150 SAO PAULO SP",-23.4754731,-46.593968
"3708","D031301440",34122,"MELO FREIRE, RUA",NA,"",5000,"","03/03/2013 19:08",2,"CT",30,1178," "," ",1,1,0,0,0,0,0,0,0,0,0,0,0,0,0,0,0,34122,"MELO FREIRE, RUA",NA,"",27,"CURSINO",1,0,"MELO FREIRE, RUA 5000 SAO PAULO SP",-23.5370342,-46.5582414
"3709","D031302225",68285,"FORTALEZA DE PARANAGUA, RUA",NA,"",10,"","03/03/2013 19:30",2,"CO",55,984," "," ",2,0,0,0,0,0,0,0,0,0,0,0,0,0,0,0,0,68285,"FORTALEZA DE PARANAGUA, RUA",NA,"",55,"MORUMBI",3,0,"FORTALEZA DE PARANAGUA, RUA 10 SAO PAULO SP",-23.620789,-46.4770002
"3710","D031301851",8368,"GUARAPIRANGA, AV",NA,"",752,"","03/03/2013 19:30",2,"CT",102,2429," "," ",1,2,0,0,0,0,0,0,0,0,0,0,0,0,0,0,0,8368,"GUARAPIRANGA, AV",NA,"",45,"JARDIM SAO LUIS",2,0,"GUARAPIRANGA, AV 752 SAO PAULO SP",-23.6663547,-46.7199235
"3711","D031301628",36031,"COLONIA, ES DA",NA,"",3000,"","03/03/2013 19:34",2,"CO",25,1532," "," ",1,1,0,0,0,0,0,0,0,0,0,0,0,0,0,0,0,36031,"COLONIA, ES DA",NA,"",76,"SAO MIGUEL",1,0,"COLONIA, ES DA 3000 SAO PAULO SP",-23.5505199,-46.6333094
"3712","D031300461",15239,"OURIVES, AV DOS",NA,"",600,"","03/03/2013 19:41",4,"AT",83,1888," "," ",1,0,0,0,0,0,0,0,0,0,0,0,0,0,0,0,0,15239,"OURIVES, AV DOS",NA,"",21,"CASA VERDE",1,0,"OURIVES, AV DOS 600 SAO PAULO SP",-23.6551826,-46.6090351
"3714","D031300408",66,"ABRAAO DE MORAIS, AV PROF",13915,"MIGUEL ESTEFANO, AV",0,"","03/03/2013 20:16",2,"CO",35,2831," "," ",1,1,0,0,0,0,0,0,0,0,0,0,0,0,0,0,0,66,"ABRAAO DE MORAIS, AV PROF",7019,"FRANCISCO TAPAJOS, RUA",79,"SAUDE",2,0,"ABRAAO DE MORAIS, AV PROF SAO PAULO SP &  MIGUEL ESTEFANO, AV SAO PAULO SP",-23.6072122,-46.6270066
"3716","D031302209",99007,"MANUEL DE OLIVEIRA RAMOS, RUA",NA,"",1326,"","03/03/2013 20:33",4,"AT",54,3033," "," ",1,0,0,0,0,0,0,0,0,0,0,0,0,0,0,0,0,99007,"MANUEL DE OLIVEIRA RAMOS, RUA",NA,"",25,"CIDADE TIRADENT",1,0,"MANUEL DE OLIVEIRA RAMOS, RUA 1326 SAO PAULO SP",-23.5853241,-46.3797601
"3717","D031300409",18464,"JORGE DUPRAT FIGUEIREDO, RUA",NA,"",148,"","03/03/2013 20:40",2,"CH",35,2863," "," ",1,1,0,0,0,0,0,0,0,0,0,0,0,0,0,0,0,18464,"JORGE DUPRAT FIGUEIREDO, RUA",NA,"",NA,"",1,0,"JORGE DUPRAT FIGUEIREDO, RUA 148 SAO PAULO SP",-23.6421252,-46.6603111
"3718","D031300389",18464,"JORGE DUPRAT FIGUEIREDO, RUA",NA,"",304,"","03/03/2013 20:50",2,"SI",35,1939," "," ",0,0,0,0,0,0,0,0,0,0,0,0,0,0,0,2,0,18464,"JORGE DUPRAT FIGUEIREDO, RUA",NA,"",NA,"",1,0,"JORGE DUPRAT FIGUEIREDO, RUA 304 SAO PAULO SP",-23.6426926,-46.6600437
"3719","D031300316",18172,"SILVA BUENO, RUA",15609,"PATRIOTAS, RUA DOS",0,"","03/03/2013 21:13",2,"CO",17,2862," "," ",2,0,0,0,0,0,0,0,0,0,0,0,0,0,0,0,0,15609,"PATRIOTAS, RUA DOS",18172,"SILVA BUENO, RUA",33,"IPIRANGA",2,0,"SILVA BUENO, RUA SAO PAULO SP &  PATRIOTAS, RUA DOS SAO PAULO SP",-23.5920384,-46.601253
"3720","D031302096",17135,"RIO DAS PEDRAS, AV",NA,"",1458,"","03/03/2013 21:25",2,"CH",41,2188," "," ",3,0,0,0,0,0,0,0,0,0,0,0,0,0,0,0,0,17135,"RIO DAS PEDRAS, AV",NA,"",27,"CURSINO",3,0,"RIO DAS PEDRAS, AV 1458 SAO PAULO SP",-23.5671783,-46.5109631
"3721","D031301652",72581,"EUNICE BECHARA DE OLIVEIRA, RUA PROFA",NA,"",490,"","03/03/2013 21:30",4,"AT",47,511," "," ",1,0,0,0,0,0,0,0,0,0,0,0,0,0,0,0,0,72581,"EUNICE BECHARA DE OLIVEIRA, RUA PROFA",NA,"",29,"FREGUESIA DO O",3,0,"EUNICE BECHARA DE OLIVEIRA, RUA PROFA 490 SAO PAULO SP",-23.6714075,-46.7765419
"3722","D031302282",17824,"SAPOPEMBA, AV",18026,"SERGIO, RUA S",0,"","03/03/2013 21:30",4,"AT",69,2191," "," ",0,1,0,0,0,0,0,0,0,0,0,0,0,0,0,0,0,17824,"SAPOPEMBA, AV",18026,"SERGIO, RUA S",NA,"",2,0,"SAPOPEMBA, AV SAO PAULO SP &  SERGIO, RUA S SAO PAULO SP",-23.6148326,-46.5024993
"3723","D031302263",65562,"ANTONIO LOMBARDO, RUA",NA,"",231,"","03/03/2013 21:41",2,"CH",66,1424," "," ",1,0,0,0,0,0,0,0,0,0,0,0,0,0,0,0,0,65562,"ANTONIO LOMBARDO, RUA",NA,"",38,"JACANA",1,0,"ANTONIO LOMBARDO, RUA 231 SAO PAULO SP",-23.5734096,-46.4985796
"3724","D031301425",17824,"SAPOPEMBA, AV",11709,"ATALAIA VELHA, RUA",0,"","03/03/2013 21:45",2,"CT",29,1358," "," ",1,1,0,0,0,0,0,0,0,0,0,0,0,0,0,0,0,11709,"ATALAIA VELHA, RUA",17824,"SAPOPEMBA, AV",1,"AGUA RASA",1,0,"SAPOPEMBA, AV SAO PAULO SP &  ATALAIA VELHA, RUA SAO PAULO SP",-23.6148326,-46.5024993
"3725","D031300410",449,"ALBA, RUA",1103,"AMERICO MORETTI, RUA TTE",0,"","03/03/2013 22:00",4,"AT",35,2868," "," ",0,1,0,0,0,0,0,0,0,0,0,0,0,0,0,0,0,449,"ALBA, RUA",1103,"AMERICO MORETTI, RUA TTE",37,"JABAQUARA",2,0,"ALBA, RUA SAO PAULO SP &  AMERICO MORETTI, RUA TTE SAO PAULO SP",-23.6400473,-46.6505331
"3726","D031302219",99861,"CACHOEIRA DO CAMPO GRANDE, RUA",NA,"",370,"","03/03/2013 22:00",2,"QM",54,900034," "," ",0,1,0,0,0,0,0,0,0,0,0,0,0,0,0,0,0,99861,"CACHOEIRA DO CAMPO GRANDE, RUA",NA,"",25,"CIDADE TIRADENT",1,0,"CACHOEIRA DO CAMPO GRANDE, RUA 370 SAO PAULO SP",-23.5833586,-46.3943636
"3728","D031302322",6238,"NACOES UNIDAS, AV DAS",NA,"",16421,"","03/03/2013 22:15",2,"CL",11,2428,"R"," ",1,1,0,0,0,0,0,0,0,0,0,0,0,0,0,0,0,13014,"MARGINAL DO RIO PINHEIROS, AV",NA,"",90,"VILA LEOPOLDINA",0,1,"NACOES UNIDAS, AV DAS 16421 SAO PAULO SP",-23.6791512,-46.6960787
"3729","D031302383",12403,"M'BOI MIRIM, ES",NA,"",5203,"","03/03/2013 23:00",2,"QM",47,2780," "," ",0,1,0,0,0,0,0,0,0,0,0,0,0,0,0,0,0,12403,"M'BOI MIRIM, ES",NA,"",42,"JARDIM ANGELA",0,1,"M'BOI MIRIM, ES 5203 SAO PAULO SP",-23.5505199,-46.6333094
"3730","D031300646",18519,"SUMARE, AV",NA,"",196,"","03/03/2013 23:30",2,"CH",23,1487," "," ",1,0,0,0,0,0,0,0,0,0,0,1,0,0,0,0,0,18519,"SUMARE, AV",NA,"",61,"PERDIZES",1,0,"SUMARE, AV 196 SAO PAULO SP",-23.5318178,-46.676897
"3731","D031302323",31498,"ROBERTO MARINHO - ANT AGUA ESP, AV JORN",17064,"RIBEIRO DO VALE, RUA",0,"","04/03/2013 00:28",2,"CL",27,2235," "," ",0,1,1,0,0,0,0,0,0,0,0,0,0,0,0,0,0,17064,"RIBEIRO DO VALE, RUA",31498,"ROBERTO MARINHO - ANT AGUA ESP, AV JORN",34,"ITAIM BIBI",1,1,"ROBERTO MARINHO - ANT AGUA ESP, AV JORN SAO PAULO SP &  RIBEIRO DO VALE, RUA SAO PAULO SP",-23.5505199,-46.6333094
"3732","D031301984",13881,"MIGUEL, AV S",NA,"",8530,"","04/03/2013 01:00",2,"CO",63,1816," "," ",1,1,0,0,0,0,0,0,0,0,0,0,0,0,0,0,0,13881,"MIGUEL, AV S",NA,"",65,"PONTE RASA",1,0,"MIGUEL, AV S 8530 SAO PAULO SP",-23.4978558,-46.454662
"3734","D031302007",15671,"GREGORIO MAFRA, AV PDE",NA,"",435,"","04/03/2013 02:22",4,"AT",64,2295," "," ",1,0,0,0,0,0,0,0,0,0,0,0,0,0,0,0,0,15671,"GREGORIO MAFRA, AV PDE",NA,"",36,"ITAQUERA",1,0,"GREGORIO MAFRA, AV PDE 435 SAO PAULO SP",-23.5505199,-46.6333094
"3735","D031301362",4723,"CELINA, RUA",NA,"",847,"","04/03/2013 05:50",2,"CO",10,2453," "," ",1,0,0,0,0,0,0,0,0,0,0,1,0,0,0,0,0,4723,"CELINA, RUA",NA,"",60,"PENHA",1,0,"CELINA, RUA 847 SAO PAULO SP",-23.5300907,-46.5291382
"3737","D031300842",19455,"VALENTIM GENTIL, AV",12502,"MAGALHAES DE CASTRO, AV",0,"","04/03/2013 07:00",2,"QM",51,1031," "," ",0,1,0,0,0,0,0,0,0,0,0,0,0,0,0,0,0,12502,"MAGALHAES DE CASTRO, AV",19455,"VALENTIM GENTIL, AV",12,"BUTANTA",1,0,"VALENTIM GENTIL, AV SAO PAULO SP &  MAGALHAES DE CASTRO, AV SAO PAULO SP",-23.5648365,-46.7069602
"3738","D031300114",12165,"LUIS ANTONIO, AV BRIG",NA,"",2154,"","04/03/2013 07:25",4,"AT",5,1313," "," ",0,0,0,0,0,0,0,1,0,0,0,0,0,0,0,0,0,12165,"LUIS ANTONIO, AV BRIG",NA,"",NA,"",1,0,"LUIS ANTONIO, AV BRIG 2154 SAO PAULO SP",-23.5667183,-46.6485777
"3739","D031301005",10622,"JOAQUINA RAMALHO, AV",13172,"MARIA CANDIDA, RUA",0,"","04/03/2013 07:27",2,"QM",9,1342," "," ",0,1,0,0,0,0,0,0,0,0,0,0,0,0,0,0,0,10622,"JOAQUINA RAMALHO, AV",13172,"MARIA CANDIDA, RUA",88,"VILA GUILHERME",2,0,"JOAQUINA RAMALHO, AV SAO PAULO SP &  MARIA CANDIDA, RUA SAO PAULO SP",-23.5087191,-46.6054935
"3740","D031300108",12165,"LUIS ANTONIO, AV BRIG",NA,"",2130,"","04/03/2013 07:29",4,"AT",5,1183," "," ",0,0,0,0,0,0,0,1,0,0,0,0,0,0,0,0,0,12165,"LUIS ANTONIO, AV BRIG",NA,"",NA,"",1,0,"LUIS ANTONIO, AV BRIG 2130 SAO PAULO SP",-23.566633,-46.6484643
"3741","D031300709",8611,"HEITOR DOS PRAZERES, RUA",NA,"",200,"","04/03/2013 07:55",2,"CO",34,1358," "," ",1,1,0,0,0,0,0,0,0,0,0,0,0,0,0,0,0,8611,"HEITOR DOS PRAZERES, RUA",NA,"",96,"VILA SONIA",1,0,"HEITOR DOS PRAZERES, RUA 200 SAO PAULO SP",-23.5704877,-46.7944951
"3742","D031301422",44742,"BERNARDINO BRITO FONSECA DE CA, AV",NA,"",1355,"","04/03/2013 07:58",4,"AT",21,900079," "," ",1,0,0,0,0,0,0,0,0,0,0,0,0,0,0,0,0,44742,"BERNARDINO BRITO FONSECA DE CA, AV",NA,"",93,"VILA MATILDE",1,0,"BERNARDINO BRITO FONSECA DE CA, AV 1355 SAO PAULO SP",-23.5505199,-46.6333094
"3743","D031301288",11982,"LOPES DA COSTA, RUA",7061,"FERNAO DIAS, VIA",0,"","04/03/2013 08:00",2,"CT",73,744," "," ",2,0,0,0,0,0,0,0,0,0,0,0,0,0,0,0,0,7061,"FERNAO DIAS, VIA",11982,"LOPES DA COSTA, RUA",38,"JACANA",1,0,"LOPES DA COSTA, RUA SAO PAULO SP &  FERNAO DIAS, VIA SAO PAULO SP",-23.4625051,-46.5730891
"3744","D031302139",46191,"SINHA MOCA, TR",46181,"AXE BABA, TR",0,"","04/03/2013 08:20",2,"CO",49,3049," "," ",2,0,0,0,0,0,0,0,0,0,0,0,0,0,0,0,0,46181,"AXE BABA, TR",46191,"SINHA MOCA, TR",32,"IGUATEMI",1,0,"SINHA MOCA, TR SAO PAULO SP &  AXE BABA, TR SAO PAULO SP",-23.608937,-46.450006
"3746","D031300139",5788,"DEMOSTENES BATISTA F. MARQUES, RUA PROF",NA,"",234,"","04/03/2013 08:33",2,"CT",6,1102,"C"," ",2,0,0,0,0,0,0,0,0,0,0,0,0,0,0,0,0,5788,"DEMOSTENES BATISTA F. MARQUES, RUA PROF",NA,"",14,"CAMBUCI",1,0,"DEMOSTENES BATISTA F. MARQUES, RUA PROF 234 SAO PAULO SP",-23.5585088,-46.6236443
"3747","D031300530",6544,"ERMANO MARCHETTI, AV",13605,"MARTINELLI, AV COMEN",0,"","04/03/2013 08:33",4,"AT",7,1676," "," ",0,1,0,0,0,0,0,0,0,0,0,0,0,0,0,0,0,6471,"SAO VICENTE, AV MARQ DE",41846,"PEDRO CORAZZA, PCA DR",6,"BARRA FUNDA",1,0,"ERMANO MARCHETTI, AV SAO PAULO SP &  MARTINELLI, AV COMEN SAO PAULO SP",-23.5138014,-46.7023128
"3748","D031300421",19583,"VERGUEIRO, RUA",11293,"JULIA, RUA DONA",0,"","04/03/2013 08:37",2,"CO",36,981," "," ",0,1,0,0,0,0,0,0,0,0,0,0,0,0,0,0,0,11293,"JULIA, RUA DONA",19583,"VERGUEIRO, RUA",92,"VILA MARIANA",1,0,"VERGUEIRO, RUA SAO PAULO SP &  JULIA, RUA DONA SAO PAULO SP",-23.6104332,-46.6085751
"3749","D031300707",18470,"PIRAJUSSARA, AV",12602,"MANFREDO LEITE, AV MONS",0,"","04/03/2013 08:45",2,"CO",34,1353," "," ",0,0,0,0,1,0,0,0,2,0,0,0,0,0,0,0,0,12602,"MANFREDO LEITE, AV MONS",18470,"PIRAJUSSARA, AV",96,"VILA SONIA",1,0,"PIRAJUSSARA, AV SAO PAULO SP &  MANFREDO LEITE, AV MONS SAO PAULO SP",-23.5910553,-46.7413119
"3750","D031301043",19903,"VALDEMAR MARTINS, RUA",10904,"JOSE DE OLIVEIRA, RUA",0,"","04/03/2013 08:50",2,"CO",13,2294," "," ",1,1,0,0,0,0,0,0,0,0,0,0,0,0,0,0,0,10904,"JOSE DE OLIVEIRA, RUA",19903,"VALDEMAR MARTINS, RUA",21,"CASA VERDE",2,0,"VALDEMAR MARTINS, RUA SAO PAULO SP &  JOSE DE OLIVEIRA, RUA SAO PAULO SP",-23.4920311,-46.6562013
"3751","D031300600",999,"SANTO AMARO, AV",NA,"",204,"","04/03/2013 09:00",2,"CO",15,1051,"B"," ",0,2,0,0,0,0,0,1,0,0,0,0,0,0,0,0,0,999,"SANTO AMARO, AV",NA,"",34,"ITAIM BIBI",1,0,"SANTO AMARO, AV 204 SAO PAULO SP",-23.585854,-46.6711051
"3752","D031300345",20036,"ZACARIAS DE GOIS, RUA",4567,"CASTRO, RUA VISC DE",0,"","04/03/2013 09:10",4,"AT",27,2246," "," ",1,0,0,0,0,0,0,0,0,0,0,0,0,0,0,0,0,4567,"CASTRO, RUA VISC DE",20036,"ZACARIAS DE GOIS, RUA",15,"CAMPO BELO",1,0,"ZACARIAS DE GOIS, RUA SAO PAULO SP &  CASTRO, RUA VISC DE SAO PAULO SP",-23.6303116,-46.6782013
"3753","D031301711",4334,"LUCIANO SILVA, RUA",NA,"",338,"","04/03/2013 09:39",2,"CO",92,508," "," ",1,1,0,0,0,0,0,0,0,0,0,0,0,0,0,0,0,4334,"LUCIANO SILVA, RUA",NA,"",45,"JARDIM SAO LUIS",1,0,"LUCIANO SILVA, RUA 338 SAO PAULO SP",-23.6465233,-46.7420683
"3754","D031300046",1421,"ANHAIA, RUA",NA,"",284,"","04/03/2013 09:57",4,"AT",2,1276," "," ",0,1,0,0,0,0,0,0,0,0,0,0,0,0,0,0,0,1421,"ANHAIA, RUA",NA,"",9,"BOM RETIRO",1,0,"ANHAIA, RUA 284 SAO PAULO SP",-23.5275554,-46.6432032
"3755","D031300708",7500,"FRANCISCO MORATO, AV PROF",NA,"",2068,"","04/03/2013 10:00",2,"CO",34,1356," "," ",1,1,0,0,0,0,0,0,0,0,0,0,0,0,0,0,0,7500,"FRANCISCO MORATO, AV PROF",NA,"",12,"BUTANTA",1,0,"FRANCISCO MORATO, AV PROF 2068 SAO PAULO SP",-23.5847098,-46.7188507
"3756","D031300140",15993,"PEDRO SEVERIANO, RUA DR",11794,"LEOPOLDO MIGUEZ, RUA",0,"","04/03/2013 10:00",2,"CO",6,1109," "," ",1,1,0,0,0,0,0,0,0,0,0,0,0,0,0,0,0,11794,"LEOPOLDO MIGUEZ, RUA",15993,"PEDRO SEVERIANO, RUA DR",14,"CAMBUCI",1,0,"PEDRO SEVERIANO, RUA DR SAO PAULO SP &  LEOPOLDO MIGUEZ, RUA SAO PAULO SP",-23.5553408,-46.6248627
"3757","D031301262",16051,"PENHA BRASIL, AV GAL",NA,"",1126,"","04/03/2013 10:20",2,"CL",72,2058," "," ",1,1,0,0,0,0,0,0,0,0,0,0,0,0,0,0,0,16051,"PENHA BRASIL, AV GAL",NA,"",48,"LAPA",1,0,"PENHA BRASIL, AV GAL 1126 SAO PAULO SP",-23.4597691,-46.6732638
"3758","D031301006",1711,"ANTONIO FERRAZ, RUA CEL",6099,"DOZE DE SETEMBRO, RUA",0,"","04/03/2013 10:35",2,"CO",9,1350," "," ",0,1,0,1,0,0,0,0,0,0,0,0,0,0,0,0,0,1711,"ANTONIO FERRAZ, RUA CEL",6099,"DOZE DE SETEMBRO, RUA",88,"VILA GUILHERME",1,0,"ANTONIO FERRAZ, RUA CEL SAO PAULO SP &  DOZE DE SETEMBRO, RUA SAO PAULO SP",-23.5134269,-46.6070159
"3759","D031301004",12457,"MACHADOS, RUA DOS",43150,"LEONOR F. COSTA ZACHARIAS, RUA",0,"","04/03/2013 11:00",2,"CO",9,1235,"B"," ",1,1,0,0,0,0,0,0,0,0,0,0,0,0,0,0,0,12457,"MACHADOS, RUA DOS",27166,"ANTONIO PATRICIO, RUA",88,"VILA GUILHERME",1,0,"MACHADOS, RUA DOS SAO PAULO SP &  LEONOR F. COSTA ZACHARIAS, RUA SAO PAULO SP",-23.5193369,-46.6098521
"3760","D031301651",72581,"EUNICE BECHARA DE OLIVEIRA, RUA PROFA",NA,"",121,"","04/03/2013 11:00",2,"CO",47,504," "," ",0,2,0,0,0,0,0,0,0,0,0,0,0,0,0,0,0,72581,"EUNICE BECHARA DE OLIVEIRA, RUA PROFA",NA,"",29,"FREGUESIA DO O",1,0,"EUNICE BECHARA DE OLIVEIRA, RUA PROFA 121 SAO PAULO SP",-23.6740472,-46.7748623
"3762","D031301044",3637,"BRAZ LEME, AV",NA,"",1315,"","04/03/2013 11:00",2,"CT",13,2319," "," ",2,0,0,0,0,0,0,0,0,0,0,0,0,0,0,0,0,3637,"BRAZ LEME, AV",NA,"",21,"CASA VERDE",1,0,"BRAZ LEME, AV 1315 SAO PAULO SP",-23.5068193,-46.6468175
"3763","D031301772",14743,"SABARA, AV NSRA DO",NA,"",3015,"","04/03/2013 11:30",4,"AT",99,953," "," ",1,0,0,0,0,0,0,0,0,0,0,0,0,0,0,0,0,14743,"SABARA, AV NSRA DO",NA,"",16,"CAMPO GRANDE",1,0,"SABARA, AV NSRA DO 3015 SAO PAULO SP",-23.5505199,-46.6333094