"","id_acidente","codloga","logradouroA","codlogb","logradouroB","alt_num","referencia","data","cod_acid","tipo_acidente","dp","numero_BO","sentido","pista","automovel","moto","onibus","caminhao","bicicleta","moto_taxi","onibus_fretado","onibus_urbano","microonibus","van","vuc","caminhonete","carreta","jipe","outros","sem_informacao","carroca","princ_a","paiA","princ_b","paiB","cod_distrito","distrito","vit_ferida","vit_morta","local","lat","lon"
"3765","D031301007",12084,"LUCIANO BROINIZZI, RUA",NA,"",50,"","04/03/2013 12:00",2,"CL",9,1356," "," ",1,0,0,0,0,0,0,0,0,0,0,1,0,0,0,0,0,12084,"LUCIANO BROINIZZI, RUA",NA,"",84,"TUCURUVI",1,0,"LUCIANO BROINIZZI, RUA 50 SAO PAULO SP",-23.4963289,-46.5978721
"3766","D031301570",19035,"TOLEDO BARBOSA, RUA",NA,"",59,"","04/03/2013 12:00",2,"QD",81,2532," "," ",0,0,1,0,0,0,0,0,0,0,0,0,0,0,0,0,0,19035,"TOLEDO BARBOSA, RUA",NA,"",10,"BRAS",1,0,"TOLEDO BARBOSA, RUA 59 SAO PAULO SP",-23.542311,-46.5903294
"3767","D031300346",19931,"WASHINGTON LUIS, AV",NA,"",5320,"","04/03/2013 12:32",2,"CT",27,2253," "," ",0,1,0,1,0,0,0,0,0,0,0,0,0,0,0,0,0,19931,"WASHINGTON LUIS, AV",NA,"",30,"GRAJAU",1,0,"WASHINGTON LUIS, AV 5320 SAO PAULO SP",-23.6321808,-46.6689073
"3768","D031302067",37271,"ADRIANO ALVAREZ, RUA",NA,"",44,"","04/03/2013 13:10",2,"CO",103,874," "," ",1,1,0,0,0,0,0,0,0,0,0,0,0,0,0,0,0,37271,"ADRIANO ALVAREZ, RUA",NA,"",50,"LIMAO",1,0,"ADRIANO ALVAREZ, RUA 44 SAO PAULO SP",-23.5552935,-46.4426417
"3769","D031300049",6642,"ESTADO, AV DO",NA,"",2189,"","04/03/2013 13:15",2,"CO",2,1369," "," ",2,0,0,0,0,0,0,0,0,0,0,0,0,0,0,0,0,6642,"ESTADO, AV DO",NA,"",9,"BOM RETIRO",1,0,"ESTADO, AV DO 2189 SAO PAULO SP",-23.571231,-46.6045186
"3770","D031300164",14805,"ALBERTO LION, PCA",15967,"PEDRO I, AV DOM",0,"","04/03/2013 13:20",2,"SI",8,1116," "," ",0,1,0,1,0,0,0,0,0,0,0,0,0,0,0,0,0,6642,"ESTADO, AV DO",14805,"ALBERTO LION, PCA",14,"CAMBUCI",1,0,"ALBERTO LION, PCA SAO PAULO SP &  PEDRO I, AV DOM SAO PAULO SP",-23.5647699,-46.6117339
"3771","D031300452",13915,"MIGUEL ESTEFANO, AV",NA,"",2497,"","04/03/2013 13:21",4,"AT",83,631,"C"," ",1,0,0,0,0,0,0,0,0,0,0,0,0,0,0,0,0,13915,"MIGUEL ESTEFANO, AV",NA,"",27,"CURSINO",1,0,"MIGUEL ESTEFANO, AV 2497 SAO PAULO SP",-23.6349802,-46.6272962
"3772","D031301933",10393,"JOAO NERY, ES DOM",NA,"",100,"","04/03/2013 13:30",2,"CO",50,2692," "," ",1,1,0,0,0,0,0,0,0,0,0,0,0,0,0,0,0,10393,"JOAO NERY, ES DOM",NA,"",54,"MOOCA",1,0,"JOAO NERY, ES DOM 100 SAO PAULO SP",-23.5505199,-46.6333094
"3775","D031301480",7545,"FRANCISCO REBELO, RUA",19607,"VIANA DO CASTELO, RUA",0,"","04/03/2013 14:30",2,"CF",42,809," "," ",1,1,0,0,0,0,0,0,0,0,0,0,0,0,0,0,0,7545,"FRANCISCO REBELO, RUA",19607,"VIANA DO CASTELO, RUA",95,"VILA PRUDENTE",1,0,"FRANCISCO REBELO, RUA SAO PAULO SP &  VIANA DO CASTELO, RUA SAO PAULO SP",-23.6044242,-46.5616234
"3777","D031302283",65872,"ANTONIO DE FRANCA E SILVA, RUA",NA,"",633,"","04/03/2013 15:06",4,"AT",69,2216," "," ",0,0,0,1,0,0,0,0,0,0,0,0,0,0,0,0,0,65872,"ANTONIO DE FRANCA E SILVA, RUA",NA,"",56,"PARELHEIROS",1,0,"ANTONIO DE FRANCA E SILVA, RUA 633 SAO PAULO SP",-23.6202405,-46.502585
"3778","D031301513",15047,"ORFANATO, RUA",NA,"",120,"","04/03/2013 15:18",4,"AT",56,368," "," ",1,0,0,0,0,0,0,0,0,0,0,0,0,0,0,0,0,15047,"ORFANATO, RUA",NA,"",33,"IPIRANGA",1,0,"ORFANATO, RUA 120 SAO PAULO SP",-23.5810129,-46.5839976
"3779","D031301222",13767,"MAZZEI, AV",2919,"BARTOLOMEU DE TORALES, RUA",0,"","04/03/2013 15:20",2,"CL",39,2304," "," ",1,1,0,0,0,0,0,0,0,0,0,0,0,0,0,0,0,2919,"BARTOLOMEU DE TORALES, RUA",13767,"MAZZEI, AV",84,"TUCURUVI",1,0,"MAZZEI, AV SAO PAULO SP &  BARTOLOMEU DE TORALES, RUA SAO PAULO SP",-23.4760209,-46.6035613
"3780","D031300553",10387,"JOAO MOURA, RUA",16919,"REBOUCAS, AV",0,"","04/03/2013 15:30",4,"AT",14,2056," "," ",1,0,0,0,0,0,0,0,0,0,0,0,0,0,0,0,0,10387,"JOAO MOURA, RUA",16919,"REBOUCAS, AV",44,"JARDIM PAULISTA",1,0,"JOAO MOURA, RUA SAO PAULO SP &  REBOUCAS, AV SAO PAULO SP",-23.5621478,-46.6764453
"3781","D031300178",543,"ALCANTARA MACHADO, AV",NA,"",3000,"","04/03/2013 15:30",2,"CT",8,1719," "," ",1,1,0,0,0,0,0,0,0,0,0,0,0,0,0,0,0,543,"ALCANTARA MACHADO, AV",NA,"",10,"BRAS",1,0,"ALCANTARA MACHADO, AV 3000 SAO PAULO SP",-23.5454777,-46.5970615
"3782","D031302235",23033,"PAULO NUNES FELIX, RUA",NA,"",65,"","04/03/2013 15:30",2,"CO",55,3055," "," ",1,1,0,0,0,0,0,0,0,0,0,0,0,0,0,0,0,23033,"PAULO NUNES FELIX, RUA",NA,"",NA,"",1,0,"PAULO NUNES FELIX, RUA 65 SAO PAULO SP",-23.6227468,-46.4769616
"3783","D031302227",23033,"PAULO NUNES FELIX, RUA",NA,"",80,"","04/03/2013 15:30",2,"CO",55,997," "," ",1,1,0,0,0,0,0,0,0,0,0,0,0,0,0,0,0,23033,"PAULO NUNES FELIX, RUA",NA,"",NA,"",1,0,"PAULO NUNES FELIX, RUA 80 SAO PAULO SP",-23.6228273,-46.4767961
"3784","D031300547",16919,"REBOUCAS, AV",NA,"",2835,"","04/03/2013 15:48",2,"CO",14,2024," "," ",1,1,0,0,0,0,0,0,0,0,0,0,0,0,0,0,0,16919,"REBOUCAS, AV",NA,"",44,"JARDIM PAULISTA",1,0,"REBOUCAS, AV 2835 SAO PAULO SP",-23.5691747,-46.6867764
"3785","D031302302",24338,"LUIZ IGNACIO ANHAIA MELLO, AV PROF",NA,"",9091,"","04/03/2013 16:00",2,"CO",70,1306," "," ",1,1,0,0,0,0,0,0,0,0,0,0,0,0,0,0,0,24338,"LUIZ IGNACIO ANHAIA MELLO, AV PROF",NA,"",26,"CONSOLACAO",2,0,"LUIZ IGNACIO ANHAIA MELLO, AV PROF 9091 SAO PAULO SP",-23.6028169,-46.5154084
"3786","D031300898",2294,"TOME DE ALMEIDA E OLIVEIRA, RUA",NA,"",668,"","04/03/2013 16:00",4,"AT",87,1298," "," ",1,0,0,0,0,0,0,0,0,0,0,0,0,0,0,0,0,2294,"TOME DE ALMEIDA E OLIVEIRA, RUA",NA,"",64,"PIRITUBA",1,0,"TOME DE ALMEIDA E OLIVEIRA, RUA 668 SAO PAULO SP",-23.473158,-46.7135916
"3787","D031301009",13172,"MARIA CANDIDA, RUA",12290,"LUIS RAMOS, RUA CAP",0,"","04/03/2013 16:00",2,"CO",9,1376," "," ",1,1,0,0,0,0,0,0,0,0,0,0,0,0,0,0,0,12290,"LUIS RAMOS, RUA CAP",13172,"MARIA CANDIDA, RUA",88,"VILA GUILHERME",1,0,"MARIA CANDIDA, RUA SAO PAULO SP &  LUIS RAMOS, RUA CAP SAO PAULO SP",-23.503332,-46.6092835
"3788","D031301699",15507,"TEOTONIO VILELA, AV SEN",NA,"",8000,"","04/03/2013 16:20",2,"QM",85,1231," "," ",0,1,0,0,0,0,0,0,0,0,0,0,0,0,0,0,0,15507,"TEOTONIO VILELA, AV SEN",NA,"",23,"CIDADE DUTRA",2,0,"TEOTONIO VILELA, AV SEN 8000 SAO PAULO SP",-23.7663231,-46.7172637
"3789","D031301008",4896,"CHICO PONTES, RUA",NA,"",1072,"","04/03/2013 16:30",2,"CO",9,1373," "," ",1,1,0,0,0,0,0,0,0,0,0,0,0,0,0,0,0,4896,"CHICO PONTES, RUA",NA,"",88,"VILA GUILHERME",1,0,"CHICO PONTES, RUA 1072 SAO PAULO SP",-23.5078861,-46.6023113
"3790","D031300069",4541,"CASPER LIBERO, AV",NA,"",465,"","04/03/2013 17:30",4,"AT",3,1879," "," ",1,0,0,0,0,0,0,0,0,0,0,0,0,0,0,0,0,4541,"CASPER LIBERO, AV",NA,"",67,"REPUBLICA",1,0,"CASPER LIBERO, AV 465 SAO PAULO SP",-23.537383,-46.6359356
"3791","D031300181",543,"ALCANTARA MACHADO, AV",NA,"",1873,"","04/03/2013 17:35",4,"AT",8,1859,"C"," ",0,0,1,0,0,0,0,0,0,0,0,0,0,0,0,0,0,543,"ALCANTARA MACHADO, AV",NA,"",10,"BRAS",1,0,"ALCANTARA MACHADO, AV 1873 SAO PAULO SP",-23.5466368,-46.5996305
"3792","D031301260",3771,"INAJAR DE SOUZA, AV",NA,"",2500,"","04/03/2013 18:30",2,"CT",72,1955," "," ",1,1,0,0,0,0,0,0,0,0,0,0,0,0,0,0,0,3771,"INAJAR DE SOUZA, AV",NA,"",50,"LIMAO",2,0,"INAJAR DE SOUZA, AV 2500 SAO PAULO SP",-23.484283,-46.6795071
"3793","D031300811",20291,"TURISTICA DO JARAGUA, ES",NA,"",616,"","04/03/2013 18:41",4,"AT",46,1072," "," ",1,0,0,0,0,0,0,0,0,0,0,0,0,0,0,0,0,20291,"TURISTICA DO JARAGUA, ES",NA,"",31,"GUAIANASES",1,0,"TURISTICA DO JARAGUA, ES 616 SAO PAULO SP",-23.5505199,-46.6333094
"3794","D031302081",17135,"RIO DAS PEDRAS, AV",NA,"",85,"","04/03/2013 19:00",4,"AT",41,1215," "," ",0,0,1,0,0,0,0,0,0,0,0,0,0,0,0,0,0,17135,"RIO DAS PEDRAS, AV",NA,"",27,"CURSINO",1,0,"RIO DAS PEDRAS, AV 85 SAO PAULO SP",-23.5590044,-46.5207593
"3795","D031300843",17162,"RIO PEQUENO, AV DO",NA,"",1710,"","04/03/2013 19:00",2,"CF",51,1057," "," ",1,1,0,0,0,0,0,0,0,0,0,0,0,0,0,0,0,17162,"RIO PEQUENO, AV DO",NA,"",13,"CACHOEIRINHA",1,0,"RIO PEQUENO, AV DO 1710 SAO PAULO SP",-23.5713382,-46.7599718
"3796","D031301852",8368,"GUARAPIRANGA, AV",7099,"FERREIRA VIANA, RUA",0,"","04/03/2013 19:15",2,"CO",102,2486," "," ",0,1,0,0,0,0,0,0,0,0,0,1,0,0,0,0,0,7099,"FERREIRA VIANA, RUA",8368,"GUARAPIRANGA, AV",81,"SOCORRO",1,0,"GUARAPIRANGA, AV SAO PAULO SP &  FERREIRA VIANA, RUA SAO PAULO SP",-23.6663547,-46.7199235
"3797","D031301338",18594,"TAIPAS, ES",NA,"",2100,"","04/03/2013 20:00",2,"SI",74,1957," "," ",0,1,0,0,1,0,0,0,0,0,0,0,0,0,0,0,0,18594,"TAIPAS, ES",NA,"",52,"MARSILAC",1,0,"TAIPAS, ES 2100 SAO PAULO SP",-23.4261258,-46.7260757
"3798","D031302284",64774,"CANDIDO DA LUZ PAIVA, RUA SOLD",NA,"",120,"","04/03/2013 20:40",4,"AT",69,2234," "," ",1,0,0,0,0,0,0,0,0,0,0,0,0,0,0,0,0,64774,"CANDIDO DA LUZ PAIVA, RUA SOLD",NA,"",56,"PARELHEIROS",1,0,"CANDIDO DA LUZ PAIVA, RUA SOLD 120 SAO PAULO SP",-23.615336,-46.4963658
"3800","D031301489",15032,"ORATORIO, AV DO",NA,"",106,"","04/03/2013 22:30",2,"CO",42,1380," "," ",1,1,0,0,0,0,0,0,0,0,0,0,0,0,0,0,0,15032,"ORATORIO, AV DO",NA,"",26,"CONSOLACAO",1,0,"ORATORIO, AV DO 106 SAO PAULO SP",-23.5826956,-46.561395
"3801","D031301676",9220,"INTERLAGOS, AV",NA,"",1399,"","04/03/2013 22:50",4,"AT",48,2412," "," ",0,1,0,0,0,0,0,0,0,0,0,0,0,0,0,0,0,9220,"INTERLAGOS, AV",NA,"",16,"CAMPO GRANDE",1,0,"INTERLAGOS, AV 1399 SAO PAULO SP",-23.6536481,-46.6799753
"3802","D031300976",9836,"JAGUARE, AV",5309,"CORIFEU DE AZEVEDO MARQUES, AV",0,"","04/03/2013 23:55",2,"CO",93,1507," "," ",2,1,0,0,0,0,0,0,0,0,0,0,0,0,0,0,0,5309,"CORIFEU DE AZEVEDO MARQUES, AV",9836,"JAGUARE, AV",55,"MORUMBI",1,0,"JAGUARE, AV SAO PAULO SP &  CORIFEU DE AZEVEDO MARQUES, AV SAO PAULO SP",-23.550963,-46.74035
"3803","D031302384",19705,"CARDOZO DE MELLO NETO, RUA PROF",NA,"",367,"","05/03/2013 00:30",2,"CL",98,2413," "," ",0,1,1,0,0,0,0,0,0,0,0,0,0,0,0,0,0,19705,"CARDOZO DE MELLO NETO, RUA PROF",NA,"",0,"NULL",0,1,"CARDOZO DE MELLO NETO, RUA PROF 367 SAO PAULO SP",-23.6998289,-46.6429719
"3804","D031302366",17820,"TITO, AV MAL",NA,"",3650,"","05/03/2013 02:00",2,"QM",50,2907," "," ",0,1,0,0,0,0,0,0,0,0,0,0,0,0,0,0,0,17820,"TITO, AV MAL",NA,"",53,"MOEMA",0,1,"TITO, AV MAL 3650 SAO PAULO SP",-23.4953782,-46.3908788
"3805","D031300256",3581,"BRASIL, AV",14804,"NOVE DE JULHO, AV",0,"","05/03/2013 03:08",2,"CO",78,1746," "," ",1,1,0,0,0,0,0,0,0,0,0,0,0,0,0,0,0,3581,"BRASIL, AV",14804,"NOVE DE JULHO, AV",44,"JARDIM PAULISTA",1,0,"BRASIL, AV SAO PAULO SP &  NOVE DE JULHO, AV SAO PAULO SP",-21.4863218,-47.3631133
"3806","D031300173",6642,"ESTADO, AV DO",NA,"",3000,"","05/03/2013 04:00",4,"AT",8,1627," "," ",0,0,0,1,0,0,0,0,0,0,0,0,0,0,0,0,0,6642,"ESTADO, AV DO",NA,"",9,"BOM RETIRO",1,0,"ESTADO, AV DO 3000 SAO PAULO SP",-23.5712514,-46.6045083
"3807","D031300014",6642,"ESTADO, AV DO",NA,"",3000,"","05/03/2013 05:00",4,"AT",1,1951," "," ",1,0,0,0,0,0,0,0,0,0,0,0,0,0,0,0,0,6642,"ESTADO, AV DO",NA,"",9,"BOM RETIRO",1,0,"ESTADO, AV DO 3000 SAO PAULO SP",-23.5712514,-46.6045083
"3808","D031300758",9529,"ITAPECERICA, ES DE",NA,"",4000,"","05/03/2013 05:20",2,"CL",37,1680," "," ",0,1,1,0,0,0,0,0,0,0,0,0,0,0,0,0,0,9529,"ITAPECERICA, ES DE",NA,"",29,"FREGUESIA DO O",1,0,"ITAPECERICA, ES DE 4000 SAO PAULO SP",-23.5505199,-46.6333094
"3809","D031300812",16838,"RAIMUNDO PEREIRA DE MAGAL., AV",36843,"CRUZ (PERUS), RUA STA",0,"","05/03/2013 06:00",2,"CT",46,1085," "," ",2,0,0,0,0,0,0,0,0,0,0,0,0,0,0,0,0,16838,"RAIMUNDO PEREIRA DE MAGAL., AV",36843,"CRUZ (PERUS), RUA STA",62,"PERUS",1,0,"RAIMUNDO PEREIRA DE MAGAL., AV SAO PAULO SP &  CRUZ (PERUS), RUA STA SAO PAULO SP",-23.4806625,-46.7253209
"3810","D031301234",6450,"EMILIO CARLOS, AV DEP",NA,"",1861,"","05/03/2013 06:24",2,"CO",40,749," "," ",1,1,0,0,0,0,0,0,0,0,0,0,0,0,0,0,0,6450,"EMILIO CARLOS, AV DEP",NA,"",50,"LIMAO",1,0,"EMILIO CARLOS, AV DEP 1861 SAO PAULO SP",-23.4909133,-46.6759172
"3811","D031301515",24338,"LUIZ IGNACIO ANHAIA MELLO, AV PROF",22127,"GRANDE SAO PAULO, VD",0,"","05/03/2013 06:30",2,"CO",56,1385," "," ",1,1,0,0,0,0,0,0,0,0,0,0,0,0,0,0,0,22127,"GRANDE SAO PAULO, VD",24338,"LUIZ IGNACIO ANHAIA MELLO, AV PROF",95,"VILA PRUDENTE",1,0,"LUIZ IGNACIO ANHAIA MELLO, AV PROF SAO PAULO SP &  GRANDE SAO PAULO, VD SAO PAULO SP",-23.5827842,-46.565808
"3812","D031302247",2181,"ARICANDUVA, AV",NA,"",5400,"","05/03/2013 06:40",4,"AT",66,1090," "," ",1,0,0,0,0,0,0,0,0,0,0,0,0,0,0,0,0,2181,"ARICANDUVA, AV",NA,"",60,"PENHA",1,0,"ARICANDUVA, AV 5400 SAO PAULO SP",-23.5610933,-46.5113224
"3813","D031301481",15032,"ORATORIO, AV DO",4055,"TIBAU DO SUL, RUA",0,"","05/03/2013 07:00",2,"CO",42,816,"C"," ",1,0,0,0,2,0,0,0,0,0,0,0,0,0,0,0,0,7231,"BOM JARDIM DE MINAS, RUA",15032,"ORATORIO, AV DO",74,"SAO LUCAS",2,0,"ORATORIO, AV DO SAO PAULO SP &  TIBAU DO SUL, RUA SAO PAULO SP",-23.5978656,-46.5401521
"3816","D031301010",6039,"DOMINGOS LUIS, PQ",NA,"",553,"","05/03/2013 07:20",2,"CO",9,1377," "," ",1,1,0,0,0,0,0,0,0,0,0,0,0,0,0,0,0,6039,"DOMINGOS LUIS, PQ",NA,"",71,"SANTANA",1,0,"DOMINGOS LUIS, PQ 553 SAO PAULO SP",-23.4944861,-46.6152678
"3817","D031300864",13019,"ESCOLA POLITECNICA, AV",NA,"",4200,"","05/03/2013 07:30",2,"CL",51,1520," "," ",1,1,0,0,0,0,0,0,0,0,0,0,0,0,0,0,0,13019,"ESCOLA POLITECNICA, AV",NA,"",40,"JAGUARE",1,0,"ESCOLA POLITECNICA, AV 4200 SAO PAULO SP",-23.5697908,-46.7614632
"3818","D031300764",75464,"SILVIO RIBEIRO ARAGAO, AV",NA,"",2,"","05/03/2013 07:30",4,"AT",37,1872," "," ",0,1,0,0,0,0,0,0,0,0,0,0,0,0,0,0,0,75464,"SILVIO RIBEIRO ARAGAO, AV",NA,"",29,"FREGUESIA DO O",1,0,"SILVIO RIBEIRO ARAGAO, AV 2 SAO PAULO SP",-23.6401435,-46.7479986
"3819","D031300172",543,"ALCANTARA MACHADO, AV",10488,"JOAO TOBIAS, RUA",0,"","05/03/2013 07:39",2,"SI",8,1624," "," ",0,1,0,0,0,0,0,0,0,0,0,0,0,0,0,1,0,543,"ALCANTARA MACHADO, AV",10488,"JOAO TOBIAS, RUA",54,"MOOCA",1,0,"ALCANTARA MACHADO, AV SAO PAULO SP &  JOAO TOBIAS, RUA SAO PAULO SP",-23.5528151,-46.613419
"3820","D031300844",16878,"RAPOSO TAVARES, VIA",NA,"",13200,"","05/03/2013 07:40",4,"AT",51,1060," "," ",1,2,0,0,0,0,0,0,0,0,0,0,0,0,0,0,0,16878,"RAPOSO TAVARES, VIA",NA,"",13,"CACHOEIRINHA",2,0,"RAPOSO TAVARES, VIA 13200 SAO PAULO SP",-23.5662579,-47.8738422
"3821","D031300047",17507,"RUDGE, AV",NA,"",700,"","05/03/2013 07:40",4,"AT",2,1297," "," ",1,0,0,0,0,0,0,0,0,0,0,0,0,0,0,0,0,17507,"RUDGE, AV",NA,"",70,"SANTA CECILIA",2,0,"RUDGE, AV 700 SAO PAULO SP",-23.5218978,-46.651016
"3822","D031301364",43777,"CARVALHO PINTO, AV GOV",NA,"",26,"","05/03/2013 07:40",2,"CO",10,2504,"C"," ",0,1,0,0,0,0,0,0,0,0,0,1,0,0,0,0,0,43777,"CARVALHO PINTO, AV GOV",NA,"",41,"JARAGUA",1,0,"CARVALHO PINTO, AV GOV 26 SAO PAULO SP",-23.5137544,-46.5457119
"3823","D031300277",5339,"CORREIA DE LEMOS, RUA",NA,"",327,"","05/03/2013 08:00",2,"CO",16,2970," "," ",1,1,0,0,0,0,0,0,0,0,0,0,0,0,0,0,0,5339,"CORREIA DE LEMOS, RUA",NA,"",79,"SAUDE",1,0,"CORREIA DE LEMOS, RUA 327 SAO PAULO SP",-23.6070712,-46.6344177
"3824","D031301045",4533,"CASA VERDE, AV",15250,"OURO GROSSO, RUA",0,"","05/03/2013 08:05",2,"CO",13,2338," "," ",1,1,0,0,0,0,0,0,0,0,0,0,0,0,0,0,0,4533,"CASA VERDE, AV",15250,"OURO GROSSO, RUA",21,"CASA VERDE",1,0,"CASA VERDE, AV SAO PAULO SP &  OURO GROSSO, RUA SAO PAULO SP",-23.5065329,-46.6665841
"3825","D031300495",6238,"NACOES UNIDAS, AV DAS",4249,"CARDOSO DE MELO, AV DR",0,"","05/03/2013 08:07",2,"SI",96,1083," "," ",1,1,0,0,0,0,0,0,0,0,0,0,0,0,0,0,0,4249,"CARDOSO DE MELO, AV DR",6238,"NACOES UNIDAS, AV DAS",72,"SANTO AMARO",2,0,"NACOES UNIDAS, AV DAS SAO PAULO SP &  CARDOSO DE MELO, AV DR SAO PAULO SP",-23.5735935,-46.7008864
"3827","D031300548",18813,"TEODORO SAMPAIO, RUA",NA,"",305,"","05/03/2013 08:58",4,"AT",14,2039," "," ",1,0,0,0,0,0,0,0,0,0,0,0,0,0,0,0,0,18813,"TEODORO SAMPAIO, RUA",NA,"",20,"CARRAO",1,0,"TEODORO SAMPAIO, RUA 305 SAO PAULO SP",-23.5604191,-46.6820374
"3828","D031301113",9170,"INES, AV STA",NA,"",640,"","05/03/2013 09:00",2,"QM",20,1185," "," ",0,1,0,0,0,0,0,0,0,0,0,0,0,0,0,0,0,9170,"INES, AV STA",NA,"",51,"MANDAQUI",1,0,"INES, AV STA 640 SAO PAULO SP",-23.4740356,-46.6300712
"3829","D031300878",6670,"ESTER SAMARA, RUA",NA,"",222,"","05/03/2013 09:00",2,"QM",75,778," "," ",0,1,0,0,0,0,0,0,0,0,0,0,0,0,0,0,0,6670,"ESTER SAMARA, RUA",NA,"",66,"RAPOSO TAVARES",1,0,"ESTER SAMARA, RUA 222 SAO PAULO SP",-23.5849586,-46.7690595
"3830","D031300710",12812,"EUGENIO BETTARELLO, RUA",2011,"CLOVIS DE OLIVEIRA, RUA DR",0,"","05/03/2013 09:11",4,"AT",34,1383," "," ",1,0,0,0,0,0,0,0,0,0,0,0,0,0,0,0,0,2011,"CLOVIS DE OLIVEIRA, RUA DR",12812,"EUGENIO BETTARELLO, RUA",55,"MORUMBI",1,0,"EUGENIO BETTARELLO, RUA SAO PAULO SP &  CLOVIS DE OLIVEIRA, RUA DR SAO PAULO SP",-23.5873626,-46.7188286
"3831","D031301700",15507,"TEOTONIO VILELA, AV SEN",NA,"",7900,"","05/03/2013 09:47",2,"CL",85,1239," "," ",1,0,0,0,1,0,0,0,0,0,0,0,0,0,0,0,0,15507,"TEOTONIO VILELA, AV SEN",NA,"",23,"CIDADE DUTRA",1,0,"TEOTONIO VILELA, AV SEN 7900 SAO PAULO SP",-23.7656584,-46.717111
"3832","D031300679",1571,"ANTONIO AYROSA, RUA",NA,"",545,"","05/03/2013 09:47",2,"CT",33,2009," "," ",1,1,0,0,0,0,0,0,0,0,0,0,0,0,0,0,0,1571,"ANTONIO AYROSA, RUA",NA,"",39,"JAGUARA",1,0,"ANTONIO AYROSA, RUA 545 SAO PAULO SP",-23.5121801,-46.7542248
"3833","D031300549",16919,"REBOUCAS, AV",NA,"",1545,"","05/03/2013 10:12",2,"CL",14,2044,"C"," ",1,1,0,0,0,0,0,0,0,0,0,0,0,0,0,0,0,16919,"REBOUCAS, AV",NA,"",44,"JARDIM PAULISTA",1,0,"REBOUCAS, AV 1545 SAO PAULO SP",-23.5631603,-46.675916
"3834","D031300422",19583,"VERGUEIRO, RUA",NA,"",2345,"","05/03/2013 10:49",4,"AT",36,1016," "," ",0,1,0,0,0,0,0,0,0,0,0,0,0,0,0,0,0,19583,"VERGUEIRO, RUA",NA,"",33,"IPIRANGA",1,0,"VERGUEIRO, RUA 2345 SAO PAULO SP",-23.582331,-46.6376816
"3835","D031300240",14750,"NOTHMANN, AL",NA,"",77,"","05/03/2013 10:49",4,"AT",77,992," "," ",1,0,0,0,0,0,0,0,0,0,0,0,0,0,0,0,0,14750,"NOTHMANN, AL",NA,"",70,"SANTA CECILIA",1,0,"NOTHMANN, AL 77 SAO PAULO SP",-23.5303482,-46.6426129
"3836","D031301647",5606,"CUPECE, AV",NA,"",4727,"","05/03/2013 11:00",2,"CO",43,2518," "," ",1,1,0,0,0,0,0,0,0,0,0,0,0,0,0,0,0,5606,"CUPECE, AV",NA,"",22,"CIDADE ADEMAR",1,0,"CUPECE, AV 4727 SAO PAULO SP",-23.6752555,-46.6423497
"3837","D031301298",13822,"MENDES DA ROCHA, AV",NA,"",2129,"","05/03/2013 11:00",2,"CT",73,2330," "," ",0,1,0,1,0,0,0,0,0,0,0,0,0,0,0,0,0,13822,"MENDES DA ROCHA, AV",NA,"",94,"VILA MEDEIROS",1,0,"MENDES DA ROCHA, AV 2129 SAO PAULO SP",-23.4699886,-46.5773838
"3838","D031301035",17799,"SANTOS DUMONT, AV",NA,"",2241,"","05/03/2013 11:04",2,"CL",13,855," "," ",0,1,0,0,0,0,0,0,0,0,0,1,0,0,0,1,0,17799,"SANTOS DUMONT, AV",NA,"",15,"CAMPO BELO",1,0,"SANTOS DUMONT, AV 2241 SAO PAULO SP",-23.4663585,-46.4667484
"3839","D031301387",8720,"HENRY FORD, AV",NA,"",1158,"","05/03/2013 11:15",2,"CO",18,421," "," ",1,1,0,0,0,0,0,0,0,0,0,0,0,0,0,0,0,8720,"HENRY FORD, AV",NA,"",95,"VILA PRUDENTE",1,0,"HENRY FORD, AV 1158 SAO PAULO SP",-23.5763866,-46.59778
"3840","D031300347",16356,"OTAVIO TARQUINIO DE SOUSA, RUA",9764,"JACEGUAI, RUA BR DE",0,"","05/03/2013 11:20",2,"SI",27,2293," "," ",1,1,0,0,0,0,0,0,0,0,0,0,0,0,0,0,0,9764,"JACEGUAI, RUA BR DE",16356,"OTAVIO TARQUINIO DE SOUSA, RUA",15,"CAMPO BELO",1,0,"OTAVIO TARQUINIO DE SOUSA, RUA SAO PAULO SP &  JACEGUAI, RUA BR DE SAO PAULO SP",-23.617348,-46.6690803
"3841","D031300711",16337,"ELISEU DE ALMEIDA, AV",6204,"EDMUNDO SCANNAPIECO, RUA",0,"","05/03/2013 11:55",2,"CO",34,1395," "," ",0,2,0,0,0,0,0,0,0,0,0,1,0,0,0,0,0,6204,"EDMUNDO SCANNAPIECO, RUA",16337,"ELISEU DE ALMEIDA, AV",NA,"",1,0,"ELISEU DE ALMEIDA, AV SAO PAULO SP &  EDMUNDO SCANNAPIECO, RUA SAO PAULO SP",-23.580821,-46.721895
"3842","D031300278",73491,"MAURICIO FRANCISCO DA SILVA, RUA",NA,"",307,"","05/03/2013 12:00",2,"CO",16,2973," "," ",1,1,0,0,0,0,0,0,0,0,0,0,0,0,0,0,0,73491,"MAURICIO FRANCISCO DA SILVA, RUA",NA,"",29,"FREGUESIA DO O",1,0,"MAURICIO FRANCISCO DA SILVA, RUA 307 SAO PAULO SP",-23.6645948,-46.6650331