"","id_acidente","codloga","logradouroA","codlogb","logradouroB","alt_num","referencia","data","cod_acid","tipo_acidente","dp","numero_BO","sentido","pista","automovel","moto","onibus","caminhao","bicicleta","moto_taxi","onibus_fretado","onibus_urbano","microonibus","van","vuc","caminhonete","carreta","jipe","outros","sem_informacao","carroca","princ_a","paiA","princ_b","paiB","cod_distrito","distrito","vit_ferida","vit_morta","local","lat","lon"
"3843","D031300348",15887,"PEDRO BUENO, AV",NA,"",875,"","05/03/2013 12:24",2,"CT",27,2298," "," ",0,2,0,0,0,0,0,0,0,0,0,0,0,0,0,0,0,15887,"PEDRO BUENO, AV",NA,"",30,"GRAJAU",1,0,"PEDRO BUENO, AV 875 SAO PAULO SP",-23.6367453,-46.6512415
"3844","D031300373",17518,"DEMOSTENES, RUA",NA,"",244,"","05/03/2013 12:25",2,"CO",27,2917," "," ",1,1,0,0,0,0,0,0,0,0,0,0,0,0,0,0,0,17518,"DEMOSTENES, RUA",NA,"",30,"GRAJAU",1,0,"DEMOSTENES, RUA 244 SAO PAULO SP",-23.6143651,-46.676435
"3846","D031300241",14947,"OLIMPIO DA SILVEIRA, AV GAL",NA,"",132,"","05/03/2013 13:36",4,"AT",77,997,"B"," ",1,1,0,0,0,0,0,0,0,0,0,0,0,0,0,0,0,14947,"OLIMPIO DA SILVEIRA, AV GAL",NA,"",19,"CAPAO REDONDO",1,0,"OLIMPIO DA SILVEIRA, AV GAL 132 SAO PAULO SP",-23.532439,-46.6576815
"3847","D031301538",14213,"MOOCA, RUA DA",NA,"",3940,"","05/03/2013 13:40",2,"CO",57,907," "," ",1,1,0,0,0,0,0,0,0,0,0,0,0,0,0,0,0,14213,"MOOCA, RUA DA",NA,"",16,"CAMPO GRANDE",1,0,"MOOCA, RUA DA 3940 SAO PAULO SP",-23.5597327,-46.5877285
"3848","D031301082",475,"ALBERTO BYINGTON, AV",NA,"",2181,"","05/03/2013 13:43",2,"CO",19,871," "," ",1,1,0,0,0,0,0,0,0,0,0,0,0,0,0,0,0,475,"ALBERTO BYINGTON, AV",NA,"",91,"VILA MARIA",1,0,"ALBERTO BYINGTON, AV 2181 SAO PAULO SP",-23.5024585,-46.58607
"3849","D031300141",6642,"ESTADO, AV DO",NA,"",6737,"","05/03/2013 13:45",2,"CO",6,1143," "," ",1,1,0,0,0,0,0,0,0,0,0,0,0,0,0,0,0,6642,"ESTADO, AV DO",NA,"",9,"BOM RETIRO",1,0,"ESTADO, AV DO 6737 SAO PAULO SP",-23.5670644,-46.6098752
"3850","D031300201",12964,"MARCOS ARRUDA, RUA",NA,"",106,"","05/03/2013 13:54",2,"CO",12,1277," "," ",0,1,0,0,0,0,0,0,0,0,0,1,0,0,0,0,0,12964,"MARCOS ARRUDA, RUA",NA,"",8,"BELEM",1,0,"MARCOS ARRUDA, RUA 106 SAO PAULO SP",-23.5373437,-46.6022877
"3851","D031301330",15425,"CANTIDIO SAMPAIO, AV DEP",NA,"",5067,"","05/03/2013 13:58",4,"AT",74,1019," "," ",0,1,0,0,0,0,0,0,0,0,0,0,0,0,0,0,0,15425,"CANTIDIO SAMPAIO, AV DEP",NA,"",41,"JARAGUA",1,0,"CANTIDIO SAMPAIO, AV DEP 5067 SAO PAULO SP",-23.4425436,-46.7065283
"3852","D031300552",29,"ABEGOARIA, RUA",NA,"",63,"","05/03/2013 14:20",2,"CO",14,2054," "," ",1,1,0,0,0,0,0,0,0,0,0,0,0,0,0,0,0,29,"ABEGOARIA, RUA",NA,"",20,"CARRAO",1,0,"ABEGOARIA, RUA 63 SAO PAULO SP",-23.5484806,-46.6861022
"3853","D031301595",19931,"WASHINGTON LUIS, AV",NA,"",2480,"","05/03/2013 14:35",2,"SI",11,2530," "," ",1,1,0,0,0,0,0,0,0,0,0,0,0,0,0,0,0,19931,"WASHINGTON LUIS, AV",NA,"",NA,"",1,0,"WASHINGTON LUIS, AV 2480 SAO PAULO SP",-23.6520996,-46.682922
"3854","D031301155",10129,"JOAO ALVES PIMENTA, RUA",NA,"",224,"","05/03/2013 15:00",4,"AT",28,1275," "," ",1,0,0,0,0,0,0,0,0,0,0,0,0,0,0,0,0,10129,"JOAO ALVES PIMENTA, RUA",NA,"",64,"PIRITUBA",1,0,"JOAO ALVES PIMENTA, RUA 224 SAO PAULO SP",-23.4824397,-46.7094098
"3855","D031300925",99498,"ALBERTO AUGUSTO ALVES, AV",8000,"GIOVANNI GRONCHI, AV",0,"","05/03/2013 15:30",2,"CO",89,1828," "," ",1,1,0,0,0,0,0,0,0,0,0,0,0,0,0,0,0,8000,"GIOVANNI GRONCHI, AV",99498,"ALBERTO AUGUSTO ALVES, AV",85,"VILA ANDRADE",1,0,"ALBERTO AUGUSTO ALVES, AV SAO PAULO SP &  GIOVANNI GRONCHI, AV SAO PAULO SP",-23.6405862,-46.7369489
"3856","D031300331",12421,"MACARIO, RUA DOM",NA,"",396,"","05/03/2013 16:00",4,"AT",26,1946," "," ",0,0,0,0,0,0,0,0,0,0,0,0,0,0,0,2,0,12421,"MACARIO, RUA DOM",NA,"",27,"CURSINO",1,0,"MACARIO, RUA DOM 396 SAO PAULO SP",-23.6197966,-46.613512
"3857","D031300713",16646,"JOSE JANNARELLI, RUA",12812,"EUGENIO BETTARELLO, RUA",0,"","05/03/2013 16:00",2,"CO",34,1421," "," ",1,1,0,0,0,0,0,0,0,0,0,0,0,0,0,0,0,12812,"EUGENIO BETTARELLO, RUA",16646,"JOSE JANNARELLI, RUA",55,"MORUMBI",1,0,"JOSE JANNARELLI, RUA SAO PAULO SP &  EUGENIO BETTARELLO, RUA SAO PAULO SP",-23.5900785,-46.7165858
"3858","D031301235",29026,"ROSAS DE OURO, RUA",13605,"MARTINELLI, AV COMEN",0,"","05/03/2013 16:20",4,"AT",40,767," "," ",0,0,0,2,0,0,0,0,0,0,0,0,0,0,0,0,0,13605,"MARTINELLI, AV COMEN",75682,"FREIRE CISNEIRO, RUA DR",50,"LIMAO",1,0,"ROSAS DE OURO, RUA SAO PAULO SP &  MARTINELLI, AV COMEN SAO PAULO SP",-23.5072853,-46.6885292
"3859","D031301748",13357,"MARIA COELHO AGUIAR, AV",NA,"",1170,"","05/03/2013 16:28",4,"AT",92,900119," "," ",0,1,0,0,0,0,0,0,0,0,0,0,0,0,0,0,0,13357,"MARIA COELHO AGUIAR, AV",NA,"",NA,"",1,0,"MARIA COELHO AGUIAR, AV 1170 SAO PAULO SP",-23.6543486,-46.735517
"3860","D031302109",16494,"MIGUEL ACHIOLE DA FONCECA, AV",NA,"",1189,"","05/03/2013 16:50",2,"CO",44,1442," "," ",0,1,1,0,0,0,0,0,0,0,0,0,0,0,0,0,0,16494,"MIGUEL ACHIOLE DA FONCECA, AV",NA,"",50,"LIMAO",1,0,"MIGUEL ACHIOLE DA FONCECA, AV 1189 SAO PAULO SP",-23.558997,-46.4007685
"3861","D031300546",16919,"REBOUCAS, AV",NA,"",2200,"","05/03/2013 17:40",4,"AT",14,2007," "," ",0,1,0,0,0,0,0,0,0,0,0,0,0,0,0,0,0,16919,"REBOUCAS, AV",NA,"",44,"JARDIM PAULISTA",1,0,"REBOUCAS, AV 2200 SAO PAULO SP",-23.566038,-46.6815
"3862","D031300665",18519,"SUMARE, AV",NA,"",840,"","05/03/2013 17:40",4,"AT",23,2069," "," ",0,1,0,0,0,0,0,0,0,0,0,0,0,0,0,0,0,18519,"SUMARE, AV",NA,"",61,"PERDIZES",4,0,"SUMARE, AV 840 SAO PAULO SP",-23.5376023,-46.6745562
"3863","D031302363",15913,"PEDRO DE SOUZA TENORIO, RUA PDE",NA,"",186,"","05/03/2013 18:00",4,"AT",41,1235," "," ",0,0,0,1,0,0,0,0,0,0,0,0,0,0,0,0,0,15913,"PEDRO DE SOUZA TENORIO, RUA PDE",NA,"",27,"CURSINO",0,1,"PEDRO DE SOUZA TENORIO, RUA PDE 186 SAO PAULO SP",-23.5505199,-46.6333094
"3864","D031300712",8000,"GIOVANNI GRONCHI, AV",6536,"ERASMO TEIXEIRA DE ASSUNCAO, RUA DR",0,"","05/03/2013 18:00",2,"CO",34,1410," "," ",0,1,0,0,1,0,0,0,0,0,0,0,0,0,0,0,0,6536,"ERASMO TEIXEIRA DE ASSUNCAO, RUA DR",8000,"GIOVANNI GRONCHI, AV",NA,"",1,0,"GIOVANNI GRONCHI, AV SAO PAULO SP &  ERASMO TEIXEIRA DE ASSUNCAO, RUA DR SAO PAULO SP",-23.6004501,-46.710515
"3865","D031300628",7491,"FRANCISCO MATARAZZO, AV",NA,"",1400,"","05/03/2013 18:11",2,"CL",23,1257," "," ",0,1,0,0,0,0,0,0,1,0,0,0,0,0,0,0,0,7491,"FRANCISCO MATARAZZO, AV",NA,"",6,"BARRA FUNDA",1,0,"FRANCISCO MATARAZZO, AV 1400 SAO PAULO SP",-23.5258894,-46.6759966
"3866","D031301117",351,"AGUA FRIA, AV",NA,"",1291,"","05/03/2013 18:20",2,"CO",20,1997," "," ",2,0,0,0,0,0,0,0,0,0,0,0,0,0,0,0,0,351,"AGUA FRIA, AV",NA,"",71,"SANTANA",3,0,"AGUA FRIA, AV 1291 SAO PAULO SP",-23.4775128,-46.6207547
"3867","D031301980",9084,"IMPERADOR, ES DO",NA,"",4006,"","05/03/2013 18:30",4,"AT",63,1663," "," ",0,1,0,0,0,0,0,0,0,0,0,0,0,0,0,0,0,9084,"IMPERADOR, ES DO",NA,"",89,"VILA JACUI",1,0,"IMPERADOR, ES DO 4006 SAO PAULO SP",-23.5505199,-46.6333094
"3868","D031302265",3577,"EMBIU, RUA",NA,"",453,"","05/03/2013 18:30",2,"CO",66,1470," "," ",0,1,0,1,0,0,0,0,0,0,0,0,0,0,0,0,0,3577,"EMBIU, RUA",NA,"",24,"CIDADE LIDER",1,0,"EMBIU, RUA 453 SAO PAULO SP",-23.5533831,-46.5111575
"3869","D031301790",8129,"MOLIERE, RUA",6082,"JAIME DO ESPIRITO SANTO, RUA",0,"","05/03/2013 18:40",2,"SI",99,2533," "," ",1,1,0,0,0,0,0,0,0,0,0,0,0,0,0,0,0,6082,"JAIME DO ESPIRITO SANTO, RUA",8129,"MOLIERE, RUA",16,"CAMPO GRANDE",1,0,"MOLIERE, RUA SAO PAULO SP &  JAIME DO ESPIRITO SANTO, RUA SAO PAULO SP",-23.6577474,-46.6925901
"3870","D031300755",11777,"LEONOR QUADROS, RUA",74885,"ARTUR DE SOUZA MARQUES, RUA",0,"","05/03/2013 18:45",2,"CO",34,2375," "," ",0,1,0,0,0,0,0,0,0,0,0,1,0,0,0,0,0,11777,"LEONOR QUADROS, RUA",74885,"ARTUR DE SOUZA MARQUES, RUA",55,"MORUMBI",1,0,"LEONOR QUADROS, RUA SAO PAULO SP &  ARTUR DE SOUZA MARQUES, RUA SAO PAULO SP",-23.6148692,-46.7117664
"3872","D031300175",19163,"TRILHOS, RUA DOS",NA,"",909,"","05/03/2013 19:00",4,"AT",8,1650," "," ",0,1,0,0,0,0,0,0,0,0,0,0,0,0,0,0,0,19163,"TRILHOS, RUA DOS",NA,"",54,"MOOCA",1,0,"TRILHOS, RUA DOS 909 SAO PAULO SP",-23.5531248,-46.5999226
"3873","D031301331",16838,"RAIMUNDO PEREIRA DE MAGAL., AV",NA,"",11500,"","05/03/2013 19:00",2,"CO",74,1035," "," ",1,1,0,0,0,0,0,0,0,0,0,0,0,0,0,0,0,16838,"RAIMUNDO PEREIRA DE MAGAL., AV",NA,"",31,"GUAIANASES",1,0,"RAIMUNDO PEREIRA DE MAGAL., AV 11500 SAO PAULO SP",-23.4419008,-46.7209258
"3876","D031300174",16358,"PIRATININGA, RUA",NA,"",738,"","05/03/2013 19:40",4,"AT",8,1649," "," ",0,0,0,0,0,0,0,0,0,0,0,1,0,0,0,0,0,16358,"PIRATININGA, RUA",NA,"",6,"BARRA FUNDA",1,0,"PIRATININGA, RUA 738 SAO PAULO SP",-23.5511213,-46.6169681
"3877","D031301667",78147,"POVOA DE VARZIM, RUA",NA,"",1111,"","05/03/2013 20:00",2,"CO",47,3769," "," ",0,1,0,0,0,0,0,0,0,0,0,0,0,0,0,1,0,78147,"POVOA DE VARZIM, RUA",NA,"",29,"FREGUESIA DO O",1,0,"POVOA DE VARZIM, RUA 1111 SAO PAULO SP",-23.651526,-46.790073
"3879","D031301878",63991,"RIACHO DA CRUZ, RUA",NA,"",139,"","05/03/2013 20:15",2,"CO",24,2369," "," ",1,1,0,0,0,0,0,0,0,0,0,0,0,0,0,0,0,63991,"RIACHO DA CRUZ, RUA",NA,"",49,"LIBERDADE",1,0,"RIACHO DA CRUZ, RUA 139 SAO PAULO SP",-23.5006568,-46.4996131
"3880","D031301583",10270,"JOAO DIAS, AV",NA,"",1800,"","05/03/2013 20:40",4,"AT",11,2536," "," ",0,1,0,0,0,0,0,0,0,0,0,0,0,0,0,0,0,10270,"JOAO DIAS, AV",NA,"",72,"SANTO AMARO",1,0,"JOAO DIAS, AV 1800 SAO PAULO SP",-23.6448025,-46.7177135
"3881","D031302009",14581,"NICOLAU JACINTO, AV",NA,"",108,"","05/03/2013 20:49",4,"AT",64,2367," "," ",1,0,0,0,0,0,0,0,0,0,0,0,0,0,0,0,0,14581,"NICOLAU JACINTO, AV",NA,"",65,"PONTE RASA",1,0,"NICOLAU JACINTO, AV 108 SAO PAULO SP",-23.5259533,-46.4877345
"3882","D031301490",15032,"ORATORIO, AV DO",NA,"",2750,"","05/03/2013 20:52",2,"CO",42,1402," "," ",1,1,0,0,0,0,0,0,0,0,0,0,0,0,0,0,0,15032,"ORATORIO, AV DO",NA,"",26,"CONSOLACAO",1,0,"ORATORIO, AV DO 2750 SAO PAULO SP",-23.5943138,-46.5439557
"3883","D031301792",14743,"SABARA, AV NSRA DO",75037,"DANAIDES, RUA",0,"","05/03/2013 21:10",2,"CO",99,2538," "," ",1,1,0,0,0,0,0,0,0,0,0,0,0,0,0,0,0,14743,"SABARA, AV NSRA DO",75037,"DANAIDES, RUA",NA,"",1,0,"SABARA, AV NSRA DO SAO PAULO SP &  DANAIDES, RUA SAO PAULO SP",-23.5505199,-46.6333094
"3884","D031301300",11982,"LOPES DA COSTA, RUA",8283,"GUAJARAS, RUA",0,"","05/03/2013 21:38",2,"CO",73,2352," "," ",1,0,0,0,0,0,0,1,0,0,0,0,0,0,0,0,0,8283,"GUAJARAS, RUA",11982,"LOPES DA COSTA, RUA",38,"JACANA",2,0,"LOPES DA COSTA, RUA SAO PAULO SP &  GUAJARAS, RUA SAO PAULO SP",-23.4625051,-46.5730891
"3885","D031300012",19764,"VINTE E TRES DE MAIO, AV",2795,"BANDEIRA, PCA DA",0,"","05/03/2013 23:00",4,"AT",1,1893," "," ",1,0,0,0,0,0,0,0,0,0,0,0,0,0,0,0,0,15261,"OUVIDOR, RUA DO",17025,"RIACHUELO, RUA",80,"SE",1,0,"VINTE E TRES DE MAIO, AV SAO PAULO SP &  BANDEIRA, PCA DA SAO PAULO SP",-23.5834995,-46.6524613
"3886","D031301516",22127,"GRANDE SAO PAULO, VD",NA,"",999,"","05/03/2013 23:30",4,"AT",56,1406," "," ",0,1,0,0,0,0,0,0,0,0,0,0,0,0,0,0,0,22127,"GRANDE SAO PAULO, VD",NA,"",18,"CANGAIBA",1,0,"GRANDE SAO PAULO, VD 999 SAO PAULO SP",-23.5865874,-46.5904434
"3887","D031300868",16878,"RAPOSO TAVARES, VIA",NA,"",13500,"","06/03/2013 00:05",2,"TB",51,2073," "," ",1,1,0,0,0,0,0,0,0,0,0,0,0,0,0,0,0,16878,"RAPOSO TAVARES, VIA",NA,"",13,"CACHOEIRINHA",1,0,"RAPOSO TAVARES, VIA 13500 SAO PAULO SP",-23.526761,-48.4631175
"3888","D031302248",17135,"RIO DAS PEDRAS, AV",NA,"",4172,"","06/03/2013 01:30",4,"AT",66,1109," "," ",1,0,0,0,0,0,0,0,0,0,0,0,0,0,0,0,0,17135,"RIO DAS PEDRAS, AV",NA,"",27,"CURSINO",1,0,"RIO DAS PEDRAS, AV 4172 SAO PAULO SP",-23.5840366,-46.4933429
"3889","D031302111",22836,"FERNAO CARRILHO, RUA",NA,"",33,"","06/03/2013 02:11",4,"AT",44,1476," "," ",0,0,0,0,0,0,0,0,0,0,0,0,0,0,0,1,0,22836,"FERNAO CARRILHO, RUA",NA,"",50,"LIMAO",1,0,"FERNAO CARRILHO, RUA 33 SAO PAULO SP",-23.5605172,-46.4092853
"3890","D031301850",10232,"JOAO DE BARROS, AV",NA,"",155,"","06/03/2013 02:38",2,"CH",102,2394," "," ",1,0,0,1,0,0,0,0,0,0,0,0,0,0,0,0,0,10232,"JOAO DE BARROS, AV",NA,"",81,"SOCORRO",1,0,"JOAO DE BARROS, AV 155 SAO PAULO SP",-23.6740696,-46.7165547
"3892","D031301757",76154,"ALBINO BENTO, RUA",NA,"",197,"","06/03/2013 04:35",2,"QD",98,2811," "," ",0,0,1,0,0,0,0,0,0,0,0,0,0,0,0,0,0,76154,"ALBINO BENTO, RUA",NA,"",29,"FREGUESIA DO O",1,0,"ALBINO BENTO, RUA 197 SAO PAULO SP",-23.7028831,-46.6465733
"3893","D031301083",27104,"JANIO QUADROS, PTE PRS.",NA,"",10,"","06/03/2013 05:00",2,"QM",19,881," "," ",0,1,0,0,0,0,0,0,0,0,0,0,0,0,0,0,0,8478,"GUILHERME COTCHING, AV",NA,"",10,"BRAS",1,0,"JANIO QUADROS, PTE PRS. 10 SAO PAULO SP",-23.5505199,-46.6333094
"3894","D031301173",13374,"MARIANA CALIGIORI RONCHETTI, AV",NA,"",316,"","06/03/2013 06:15",4,"AT",38,1171," "," ",0,0,0,0,0,0,0,0,0,0,0,0,0,0,0,1,0,13374,"MARIANA CALIGIORI RONCHETTI, AV",NA,"",13,"CACHOEIRINHA",1,0,"MARIANA CALIGIORI RONCHETTI, AV 316 SAO PAULO SP",-23.4618921,-46.6536499
"3895","D031301118",18151,"SEZEFREDO FAGUNDES, AV CEL",NA,"",2941,"","06/03/2013 06:25",2,"CF",20,2012," "," ",1,1,0,0,0,0,0,0,0,0,0,0,0,0,0,0,0,18151,"SEZEFREDO FAGUNDES, AV CEL",NA,"",22,"CIDADE ADEMAR",2,0,"SEZEFREDO FAGUNDES, AV CEL 2941 SAO PAULO SP",-23.4533048,-46.601865
"3897","D031301841",2483,"ATLANTICA ANT. ROBERT KENNEDY, AV",NA,"",2777,"","06/03/2013 06:39",2,"CO",102,673," "," ",1,1,0,0,0,0,0,0,0,0,0,0,0,0,0,0,0,2483,"ATLANTICA ANT. ROBERT KENNEDY, AV",NA,"",NA,"",1,0,"ATLANTICA ANT. ROBERT KENNEDY, AV 2777 SAO PAULO SP",-23.5505199,-46.6333094
"3898","D031301011",27089,"LAGOA PANEMA, RUA",NA,"",416,"","06/03/2013 07:00",4,"AT",9,1402," "," ",2,0,0,0,0,0,0,0,0,0,0,0,0,0,0,0,0,27089,"LAGOA PANEMA, RUA",NA,"",47,"LAJEADO",2,0,"LAGOA PANEMA, RUA 416 SAO PAULO SP",-23.504691,-46.6051162
"3900","D031301842",2483,"ATLANTICA ANT. ROBERT KENNEDY, AV",NA,"",2777,"","06/03/2013 07:00",2,"QM",102,675," "," ",0,1,0,0,0,0,0,0,0,0,0,0,0,0,0,0,0,2483,"ATLANTICA ANT. ROBERT KENNEDY, AV",NA,"",NA,"",1,0,"ATLANTICA ANT. ROBERT KENNEDY, AV 2777 SAO PAULO SP",-23.5505199,-46.6333094
"3902","D031300926",13014,"MARGINAL DO RIO PINHEIROS, AV",NA,"",4701,"","06/03/2013 07:12",2,"CO",89,1834," "," ",1,1,0,0,0,0,0,0,0,0,0,0,0,0,0,0,0,13014,"MARGINAL DO RIO PINHEIROS, AV",NA,"",40,"JAGUARE",1,0,"MARGINAL DO RIO PINHEIROS, AV 4701 SAO PAULO SP",-23.5563633,-46.6619688
"3903","D031301934",17820,"TITO, AV MAL",NA,"",5071,"","06/03/2013 07:30",2,"CO",50,2762," "," ",1,1,0,0,0,0,0,0,0,0,0,0,0,0,0,0,0,17820,"TITO, AV MAL",NA,"",53,"MOEMA",1,0,"TITO, AV MAL 5071 SAO PAULO SP",-23.4977184,-46.3969592
"3904","D031301960",15467,"PARANAGUA, AV",NA,"",400,"","06/03/2013 07:33",2,"CO",62,937," "," ",0,1,0,0,0,0,0,0,0,0,0,1,0,0,0,0,0,15467,"PARANAGUA, AV",NA,"",49,"LIBERDADE",1,0,"PARANAGUA, AV 400 SAO PAULO SP",-23.5021944,-46.4763036
"3905","D031301804",21992,"GUILHERME ESPINDOLA PEQUITO, RUA",NA,"",137,"","06/03/2013 07:40",2,"QD",100,1276,"C"," ",0,0,0,0,0,0,0,1,0,0,0,0,0,0,0,0,0,21992,"GUILHERME ESPINDOLA PEQUITO, RUA",NA,"",32,"IGUATEMI",1,0,"GUILHERME ESPINDOLA PEQUITO, RUA 137 SAO PAULO SP",-23.6886984,-46.7635801
"3906","D031300924",5051,"CLAUDIO FRANCHI, AV",653,"JOSE MARIA DA SILVA PARANHOS, AV",0,"","06/03/2013 07:45",2,"CO",89,1824," "," ",0,1,0,0,0,0,0,0,0,0,0,1,0,0,0,0,0,653,"JOSE MARIA DA SILVA PARANHOS, AV",5051,"CLAUDIO FRANCHI, AV",96,"VILA SONIA",1,0,"CLAUDIO FRANCHI, AV SAO PAULO SP &  JOSE MARIA DA SILVA PARANHOS, AV SAO PAULO SP",-23.6014973,-46.7373285
"3907","D031301469",14782,"NOVA JERUSALEM, RUA",NA,"",660,"","06/03/2013 07:50",4,"AT",31,1291," "," ",0,0,0,0,0,0,0,0,0,0,0,1,0,0,0,0,0,14782,"NOVA JERUSALEM, RUA",NA,"",20,"CARRAO",1,0,"NOVA JERUSALEM, RUA 660 SAO PAULO SP",-23.5481409,-46.549669
"3908","D031301749",5711,"DANTAS JUNIOR, RUA PROF",NA,"",100,"","06/03/2013 07:50",4,"AT",98,325," "," ",1,0,0,0,0,0,0,0,0,0,0,0,0,0,0,0,0,5711,"DANTAS JUNIOR, RUA PROF",NA,"",29,"FREGUESIA DO O",1,0,"DANTAS JUNIOR, RUA PROF 100 SAO PAULO SP",-23.6914148,-46.6614044
"3909","D031301046",3637,"BRAZ LEME, AV",NA,"",715,"","06/03/2013 07:50",4,"AT",13,2385," "," ",1,0,0,0,0,0,0,0,0,0,0,0,0,0,0,0,0,3637,"BRAZ LEME, AV",NA,"",21,"CASA VERDE",1,0,"BRAZ LEME, AV 715 SAO PAULO SP",-23.508596,-46.6523641
"3910","D031300627",4142,"JOSE DE OLIVEIRA COUTINHO, RUA",NA,"",10,"","06/03/2013 07:55",4,"AT",23,1232," "," ",0,1,0,0,0,0,0,0,0,0,0,0,0,0,0,0,0,4142,"JOSE DE OLIVEIRA COUTINHO, RUA",NA,"",0,"NULL",2,0,"JOSE DE OLIVEIRA COUTINHO, RUA 10 SAO PAULO SP",-23.5248418,-46.6711948
"3912","D031301012",5567,"CRUZEIRO DO SUL, AV",7278,"FORCA PUBLICA, RUA",0,"","06/03/2013 08:20",4,"AT",9,1404," "," ",0,1,0,0,0,0,0,0,0,0,0,0,0,0,0,0,0,5567,"CRUZEIRO DO SUL, AV",7278,"FORCA PUBLICA, RUA",71,"SANTANA",1,0,"CRUZEIRO DO SUL, AV SAO PAULO SP &  FORCA PUBLICA, RUA SAO PAULO SP",-23.5073033,-46.6250321
"3914","D031302068",1704,"ANTONIO FAGGIANO, RUA FREI",NA,"",595,"","06/03/2013 09:00",2,"QD",103,918," "," ",0,0,1,0,0,0,0,0,0,0,0,0,0,0,0,0,0,1704,"ANTONIO FAGGIANO, RUA FREI",NA,"",46,"JOSE BONIFACIO",1,0,"ANTONIO FAGGIANO, RUA FREI 595 SAO PAULO SP",-23.5519324,-46.430588
"3915","D031301549",35211,"GUILHERME GIORGI, AV",1415,"ANGOERA, RUA",0,"","06/03/2013 09:10",4,"AT",58,538," "," ",1,0,0,0,0,0,0,0,0,0,0,0,0,0,0,0,0,1415,"ANGOERA, RUA",35211,"GUILHERME GIORGI, AV",87,"VILA FORMOSA",1,0,"GUILHERME GIORGI, AV SAO PAULO SP &  ANGOERA, RUA SAO PAULO SP",-23.5539082,-46.5450462
"3917","D031300518",2235,"ARMANDO DE ARRUDA PEREIRA, AV ENG",NA,"",4500,"","06/03/2013 09:30",4,"AA",97,2901," "," ",0,1,0,0,0,0,0,0,0,0,0,0,0,0,0,0,0,2235,"ARMANDO DE ARRUDA PEREIRA, AV ENG",NA,"",37,"JABAQUARA",1,0,"ARMANDO DE ARRUDA PEREIRA, AV ENG 4500 SAO PAULO SP",-23.6641142,-46.6380391
"3918","D031301803",12403,"M'BOI MIRIM, ES",NA,"",4415,"","06/03/2013 09:40",2,"CO",100,1215," "," ",0,1,0,0,0,0,0,2,0,0,0,0,0,0,0,0,0,12403,"M'BOI MIRIM, ES",NA,"",42,"JARDIM ANGELA",1,0,"M'BOI MIRIM, ES 4415 SAO PAULO SP",-23.5505199,-46.6333094
"3921","D031301584",17122,"RIO BRANCO, RUA BR DO",NA,"",200,"","06/03/2013 10:03",4,"AT",11,2562," "," ",0,1,0,0,0,0,0,0,0,0,0,0,0,0,0,0,0,17122,"RIO BRANCO, RUA BR DO",NA,"",29,"FREGUESIA DO O",1,0,"RIO BRANCO, RUA BR DO 200 SAO PAULO SP",-23.6535454,-46.7083039
"3922","D031300202",6642,"ESTADO, AV DO",16006,"PEDRO VICENTE, RUA",0,"","06/03/2013 10:19",2,"CH",12,1298," "," ",0,0,1,0,0,0,0,0,0,0,0,0,0,0,0,0,0,6642,"ESTADO, AV DO",16006,"PEDRO VICENTE, RUA",9,"BOM RETIRO",3,0,"ESTADO, AV DO SAO PAULO SP &  PEDRO VICENTE, RUA SAO PAULO SP",-23.5635869,-46.6112253
"3923","D031302357",18703,"TAQUARI, RUA",NA,"",97,"","06/03/2013 10:27",4,"AT",8,378," "," ",0,1,0,0,0,0,0,0,0,0,0,0,0,0,0,0,0,18703,"TAQUARI, RUA",NA,"",10,"BRAS",1,1,"TAQUARI, RUA 97 SAO PAULO SP",-23.554498,-46.5998885
"3924","D031301084",8478,"GUILHERME COTCHING, AV",541,"ALCANTARA, RUA",0,"","06/03/2013 10:30",2,"CT",19,889," "," ",1,1,0,0,0,0,0,0,0,0,0,0,0,0,0,0,0,541,"ALCANTARA, RUA",8478,"GUILHERME COTCHING, AV",91,"VILA MARIA",2,0,"GUILHERME COTCHING, AV SAO PAULO SP &  ALCANTARA, RUA SAO PAULO SP",-23.5186365,-46.5897343
"3925","D031300203",10640,"JOLI, RUA",4313,"CARLOS BOTELHO, RUA DR",0,"","06/03/2013 10:41",2,"CO",12,1307," "," ",1,1,0,0,0,0,0,0,0,0,0,0,0,0,0,0,0,4313,"CARLOS BOTELHO, RUA DR",10640,"JOLI, RUA",10,"BRAS",1,0,"JOLI, RUA SAO PAULO SP &  CARLOS BOTELHO, RUA DR SAO PAULO SP",-23.5379238,-46.6098725
"3926","D031301906",9806,"PIRES DO RIO, AV",NA,"",2635,"","06/03/2013 11:00",2,"CO",32,765," "," ",1,1,0,0,0,0,0,0,0,0,0,0,0,0,0,0,0,9806,"PIRES DO RIO, AV",NA,"",76,"SAO MIGUEL",1,0,"PIRES DO RIO, AV 2635 SAO PAULO SP",-23.5200461,-46.4440951
"3928","D031301085",14270,"MORVAN DIAS DE FIGUEIREDO, AV",NA,"",4987,"","06/03/2013 11:30",2,"CO",19,892," "," ",1,1,0,0,0,0,0,0,0,0,0,0,0,0,0,0,0,29772,"MARGINAL DO RIO TIETE, AV",NA,"",0,"NULL",1,0,"MORVAN DIAS DE FIGUEIREDO, AV 4987 SAO PAULO SP",-23.5277916,-46.5916914