"","id_acidente","codloga","logradouroA","codlogb","logradouroB","alt_num","referencia","data","cod_acid","tipo_acidente","dp","numero_BO","sentido","pista","automovel","moto","onibus","caminhao","bicicleta","moto_taxi","onibus_fretado","onibus_urbano","microonibus","van","vuc","caminhonete","carreta","jipe","outros","sem_informacao","carroca","princ_a","paiA","princ_b","paiB","cod_distrito","distrito","vit_ferida","vit_morta","local","lat","lon"
"3930","D031300009",6708,"ESTUDANTES, RUA DOS",NA,"",100,"","06/03/2013 12:00",4,"AT",1,1844," "," ",1,0,0,0,0,0,0,0,0,0,0,0,0,0,0,0,0,6708,"ESTUDANTES, RUA DOS",NA,"",NA,"",1,0,"ESTUDANTES, RUA DOS 100 SAO PAULO SP",-23.5555272,-46.6342779
"3931","D031301366",5785,"DEMINI, RUA",17950,"SEBASTIAO MARIANO, RUA",0,"","06/03/2013 12:30",2,"CO",10,2583," "," ",1,1,0,0,0,0,0,0,0,0,0,0,0,0,0,0,0,5785,"DEMINI, RUA",15043,"ORENCIO VIDIGAL, AV DR",60,"PENHA",1,0,"DEMINI, RUA SAO PAULO SP &  SEBASTIAO MARIANO, RUA SAO PAULO SP",-23.5303588,-46.5338776
"3932","D031301585",998,"SANTO AMARO, AL",17905,"BONNEVILLE, LGO",0,"","06/03/2013 12:30",2,"CO",11,2564," "," ",0,1,0,1,0,0,0,0,0,0,0,0,0,0,0,0,0,998,"SANTO AMARO, AL",17905,"BONNEVILLE, LGO",72,"SANTO AMARO",1,0,"SANTO AMARO, AL SAO PAULO SP &  BONNEVILLE, LGO SAO PAULO SP",-23.6538058,-46.7067734
"3933","D031300616",7691,"GABRIEL MONTEIRO DA SILVA, AL",19655,"VICENTE PENTEADO, RUA DESEM",0,"","06/03/2013 12:40",4,"AT",15,2094," "," ",0,0,0,0,0,0,0,0,0,0,0,1,0,0,0,0,0,7691,"GABRIEL MONTEIRO DA SILVA, AL",19655,"VICENTE PENTEADO, RUA DESEM",63,"PINHEIROS",1,0,"GABRIEL MONTEIRO DA SILVA, AL SAO PAULO SP &  VICENTE PENTEADO, RUA DESEM SAO PAULO SP",-23.574341,-46.6853256
"3935","D031300423",12852,"MARAGLIANO, RUA MAJ",NA,"",194,"","06/03/2013 13:15",2,"CO",36,1039," "," ",1,1,0,0,0,0,0,0,0,0,0,0,0,0,0,0,0,12852,"MARAGLIANO, RUA MAJ",NA,"",92,"VILA MARIANA",1,0,"MARAGLIANO, RUA MAJ 194 SAO PAULO SP",-23.5874263,-46.6387223
"3936","D031300297",7103,"FIACAO DA SAUDE, RUA",NA,"",14,"","06/03/2013 13:30",4,"AT",16,3978," "," ",1,0,0,0,0,0,0,0,0,0,0,0,0,0,0,0,0,7103,"FIACAO DA SAUDE, RUA",NA,"",79,"SAUDE",2,0,"FIACAO DA SAUDE, RUA 14 SAO PAULO SP",-23.6154275,-46.6373347
"3937","D031301165",3771,"INAJAR DE SOUZA, AV",NA,"",1730,"","06/03/2013 13:50",2,"QM",28,2232," "," ",0,1,0,0,0,0,0,0,0,0,0,0,0,0,0,0,0,3771,"INAJAR DE SOUZA, AV",NA,"",50,"LIMAO",1,0,"INAJAR DE SOUZA, AV 1730 SAO PAULO SP",-23.4900507,-46.6846656
"3938","D031300952",3105,"BELMONTE, RUA",NA,"",1066,"","06/03/2013 14:47",2,"CL",91,471," "," ",1,1,0,0,0,0,0,0,0,0,0,0,0,0,0,0,0,3105,"BELMONTE, RUA",NA,"",90,"VILA LEOPOLDINA",1,0,"BELMONTE, RUA 1066 SAO PAULO SP",-23.5283861,-46.719971
"3939","D031301635",34128,"JOAO DE LUCA, AV VER",NA,"",777,"","06/03/2013 14:57",2,"CO",43,906,"C"," ",1,0,1,0,0,0,0,0,0,0,0,0,0,0,0,0,0,34128,"JOAO DE LUCA, AV VER",NA,"",42,"JARDIM ANGELA",2,0,"JOAO DE LUCA, AV VER 777 SAO PAULO SP",-23.6504852,-46.6696905
"3940","D031300523",7887,"GEORGE SCHMIDT, RUA",NA,"",177,"","06/03/2013 15:00",4,"AT",7,1482," "," ",1,0,0,0,0,0,0,0,0,0,0,0,0,0,0,0,0,7887,"GEORGE SCHMIDT, RUA",NA,"",48,"LAPA",1,0,"GEORGE SCHMIDT, RUA 177 SAO PAULO SP",-23.7073062,-46.6893923
"3941","D031301935",713,"ALFREDO MOREIRA PINTO, RUA",NA,"",203,"","06/03/2013 15:00",4,"AT",50,2774," "," ",1,0,0,0,0,0,0,0,0,0,0,0,0,0,0,0,0,713,"ALFREDO MOREIRA PINTO, RUA",NA,"",35,"ITAIM PAULISTA",1,0,"ALFREDO MOREIRA PINTO, RUA 203 SAO PAULO SP",-23.5006233,-46.4003854
"3942","D031301367",954,"AMADOR BUENO DA VEIGA, AV",NA,"",87,"","06/03/2013 15:30",4,"AT",10,2589," "," ",0,0,0,0,0,0,0,1,0,0,0,0,0,0,0,0,0,954,"AMADOR BUENO DA VEIGA, AV",NA,"",60,"PENHA",1,0,"AMADOR BUENO DA VEIGA, AV 87 SAO PAULO SP",-23.5231039,-46.5438754
"3944","D031300257",5245,"CONSOLACAO, RUA DA",NA,"",3555,"","06/03/2013 15:39",4,"AT",78,1800," "," ",0,0,0,0,0,0,0,0,0,0,0,1,0,0,0,0,0,5245,"CONSOLACAO, RUA DA",NA,"",26,"CONSOLACAO",1,0,"CONSOLACAO, RUA DA 3555 SAO PAULO SP",-23.5628514,-46.6702521
"3945","D031301201",21310,"ANTONIO MARIA LAET, AV DR",NA,"",973,"","06/03/2013 15:40",2,"CO",39,1090,"C"," ",1,1,0,0,0,0,0,1,0,0,0,0,0,0,0,0,0,21310,"ANTONIO MARIA LAET, AV DR",NA,"",0,"NULL",1,0,"ANTONIO MARIA LAET, AV DR 973 SAO PAULO SP",-23.4735095,-46.5985035
"3946","D031301047",20066,"ZILDA, RUA",NA,"",829,"","06/03/2013 15:40",2,"CO",13,2392," "," ",0,1,0,0,0,0,0,0,0,0,0,1,0,0,0,0,0,20066,"ZILDA, RUA",NA,"",44,"JARDIM PAULISTA",2,0,"ZILDA, RUA 829 SAO PAULO SP",-23.4925697,-46.662231
"3947","D031302320",34275,"SOLAR DOS PINHEIROS, RUA",NA,"",10,"","06/03/2013 16:00",2,"QM",70,900001," "," ",0,1,0,0,0,0,0,0,0,0,0,0,0,0,0,0,0,34275,"SOLAR DOS PINHEIROS, RUA",NA,"",56,"PARELHEIROS",2,0,"SOLAR DOS PINHEIROS, RUA 10 SAO PAULO SP",-23.6030444,-46.5282192
"3948","D031301936",23179,"BERNARDINO BORLASCA, RUA",NA,"",90,"","06/03/2013 16:00",4,"AT",50,2789," "," ",1,0,0,0,0,0,0,0,0,0,0,0,0,0,0,0,0,23179,"BERNARDINO BORLASCA, RUA",NA,"",54,"MOOCA",1,0,"BERNARDINO BORLASCA, RUA 90 SAO PAULO SP",-23.4961008,-46.3725577
"3949","D031300176",543,"ALCANTARA MACHADO, AV",NA,"",1495,"","06/03/2013 16:00",2,"CO",8,1677," "," ",0,1,0,0,0,0,0,0,0,0,0,0,0,0,0,1,0,543,"ALCANTARA MACHADO, AV",NA,"",10,"BRAS",1,0,"ALCANTARA MACHADO, AV 1495 SAO PAULO SP",-23.5466249,-46.5996099
"3950","D031301561",6371,"ELISABETH DE ROBIANO, AV CDSSA",NA,"",300,"","06/03/2013 16:20",2,"CT",81,662," "," ",0,1,0,1,0,0,0,0,0,0,0,0,0,0,0,0,0,29772,"MARGINAL DO RIO TIETE, AV",NA,"",82,"TATUAPE",1,0,"ELISABETH DE ROBIANO, AV CDSSA 300 SAO PAULO SP",-23.5076424,-46.5495997
"3951","D031301762",153,"EDUARDO CINELLI, RUA",NA,"",58,"","06/03/2013 16:25",2,"QD",98,3011," "," ",0,0,0,0,0,0,0,0,1,0,0,0,0,0,0,0,0,153,"EDUARDO CINELLI, RUA",NA,"",59,"PEDREIRA",1,0,"EDUARDO CINELLI, RUA 58 SAO PAULO SP",-23.5168833,-46.495431
"3952","D031301163",12648,"MANUEL D'ELBOUX, RUA DOM",NA,"",76,"","06/03/2013 16:50",2,"CL",28,2081," "," ",1,1,0,0,0,0,0,0,0,0,0,0,0,0,0,0,0,12648,"MANUEL D'ELBOUX, RUA DOM",NA,"",64,"PIRITUBA",1,0,"MANUEL D'ELBOUX, RUA DOM 76 SAO PAULO SP",-23.4875853,-46.7131337
"3953","D031301441",34122,"MELO FREIRE, RUA",19206,"TUIUTI, RUA",0,"","06/03/2013 17:20",2,"CO",30,1310," "," ",1,1,0,0,0,0,0,0,0,0,0,0,0,0,0,0,0,19206,"TUIUTI, RUA",34122,"MELO FREIRE, RUA",82,"TATUAPE",1,0,"MELO FREIRE, RUA SAO PAULO SP &  TUIUTI, RUA SAO PAULO SP",-23.5391715,-46.5695321
"3954","D031301174",16170,"PERI RONCHETTI, AV",NA,"",648,"","06/03/2013 17:30",2,"CO",38,1190," "," ",0,0,0,0,1,0,0,0,0,0,0,1,0,0,0,0,0,16170,"PERI RONCHETTI, AV",NA,"",8,"BELEM",1,0,"PERI RONCHETTI, AV 648 SAO PAULO SP",-23.462784,-46.6521832
"3955","D031301119",19884,"VOLUNTARIOS DA PATRIA, RUA",22266,"LUIS LUSTOSA DA SILVA, RUA DR",0,"","06/03/2013 17:40",2,"CO",20,2032," "," ",1,1,0,0,0,0,0,0,0,0,0,0,0,0,0,0,0,19884,"VOLUNTARIOS DA PATRIA, RUA",22266,"LUIS LUSTOSA DA SILVA, RUA DR",71,"SANTANA",1,0,"VOLUNTARIOS DA PATRIA, RUA SAO PAULO SP &  LUIS LUSTOSA DA SILVA, RUA DR SAO PAULO SP",-23.5033096,-46.6263934
"3956","D031301223",17339,"ROLAND GARROS, AV",NA,"",1065,"","06/03/2013 17:50",2,"CO",39,2384," "," ",0,0,0,0,1,0,0,1,0,0,0,0,0,0,0,0,0,17339,"ROLAND GARROS, AV",NA,"",22,"CIDADE ADEMAR",1,0,"ROLAND GARROS, AV 1065 SAO PAULO SP",-23.4788346,-46.5777333
"3957","D031302285",23546,"JOSE AMERICO DE ALMEIDA, AV MIN",NA,"",35,"","06/03/2013 17:50",2,"CO",69,2297," "," ",1,1,0,0,0,0,0,0,0,0,0,0,0,0,0,0,0,23546,"JOSE AMERICO DE ALMEIDA, AV MIN",NA,"",26,"CONSOLACAO",1,0,"JOSE AMERICO DE ALMEIDA, AV MIN 35 SAO PAULO SP",-23.6064175,-46.4882127
"3959","D031300011",17545,"SE, PCA DA",NA,"",100,"","06/03/2013 18:00",2,"CO",1,1865," "," ",1,1,0,0,0,0,0,0,0,0,0,0,0,0,0,0,0,17545,"SE, PCA DA",NA,"",1,"AGUA RASA",1,0,"SE, PCA DA 100 SAO PAULO SP",-23.5492204,-46.6336852
"3961","D031302029",36172,"FRANCISCO DE TOLEDO, AV PDE",NA,"",390,"","06/03/2013 18:00",2,"CT",65,771," "," ",1,1,0,0,0,0,0,0,0,0,0,0,0,0,0,0,0,36172,"FRANCISCO DE TOLEDO, AV PDE",NA,"",38,"JACANA",1,0,"FRANCISCO DE TOLEDO, AV PDE 390 SAO PAULO SP",-23.6700441,-46.5847066
"3962","D031301979",9084,"IMPERADOR, ES DO",NA,"",5000,"","06/03/2013 18:20",4,"AT",63,1629," "," ",0,1,0,0,0,0,0,0,0,0,0,0,0,0,0,0,0,9084,"IMPERADOR, ES DO",NA,"",89,"VILA JACUI",1,0,"IMPERADOR, ES DO 5000 SAO PAULO SP",-23.5505199,-46.6333094
"3963","D031300332",19723,"VILARES, RUA DOM",14710,"MERCES, RUA NSRA DAS",0,"","06/03/2013 18:20",2,"CO",26,1978," "," ",0,1,1,0,0,0,0,0,0,0,0,0,0,0,0,0,0,14710,"MERCES, RUA NSRA DAS",19723,"VILARES, RUA DOM",69,"SACOMA",1,0,"VILARES, RUA DOM SAO PAULO SP &  MERCES, RUA NSRA DAS SAO PAULO SP",-23.6245732,-46.6060421
"3964","D031300142",6642,"ESTADO, AV DO",18847,"TERESA CRISTINA, AV",0,"","06/03/2013 18:20",4,"AT",6,1176," "," ",0,1,0,0,0,0,0,0,0,0,0,0,0,0,0,0,0,6642,"ESTADO, AV DO",18847,"TERESA CRISTINA, AV",33,"IPIRANGA",2,0,"ESTADO, AV DO SAO PAULO SP &  TERESA CRISTINA, AV SAO PAULO SP",-23.5635869,-46.6112253
"3965","D031301815",2850,"BARONESA, ES DA",NA,"",829,"","06/03/2013 18:30",2,"CO",100,2934," "," ",1,1,0,0,0,0,0,0,0,0,0,0,0,0,0,0,0,2850,"BARONESA, ES DA",NA,"",42,"JARDIM ANGELA",2,0,"BARONESA, ES DA 829 SAO PAULO SP",-23.5505199,-46.6333094
"3966","D031302364",20059,"ZELINA, AV",NA,"",395,"","06/03/2013 18:30",2,"CF",56,1427,"C"," ",0,1,0,1,0,0,0,0,0,0,0,0,0,0,0,0,0,20059,"ZELINA, AV",NA,"",26,"CONSOLACAO",0,1,"ZELINA, AV 395 SAO PAULO SP",-23.5893059,-46.5799965
"3968","D031300351",31498,"ROBERTO MARINHO - ANT AGUA ESP, AV JORN",20036,"ZACARIAS DE GOIS, RUA",0,"","06/03/2013 18:40",2,"CL",27,2394," "," ",1,1,0,0,0,0,0,0,0,0,0,0,0,0,0,0,0,20036,"ZACARIAS DE GOIS, RUA",31498,"ROBERTO MARINHO - ANT AGUA ESP, AV JORN",15,"CAMPO BELO",1,0,"ROBERTO MARINHO - ANT AGUA ESP, AV JORN SAO PAULO SP &  ZACARIAS DE GOIS, RUA SAO PAULO SP",-23.5505199,-46.6333094
"3970","D031300685",17530,"RUMI DE RANIERI, RUA",NA,"",150,"","06/03/2013 19:10",2,"CO",33,2147," "," ",1,1,0,0,0,0,0,0,0,0,0,0,0,0,0,0,0,17530,"RUMI DE RANIERI, RUA",NA,"",43,"JARDIM HELENA",1,0,"RUMI DE RANIERI, RUA 150 SAO PAULO SP",-23.4995502,-46.7356338
"3971","D031300471",6517,"EPIACABA, RUA",NA,"",892,"","06/03/2013 19:19",4,"AT",95,1078," "," ",0,0,0,1,0,0,0,0,0,0,0,0,0,0,0,0,0,6517,"EPIACABA, RUA",NA,"",69,"SACOMA",1,0,"EPIACABA, RUA 892 SAO PAULO SP",-23.6330754,-46.5867384
"3973","D031301774",14743,"SABARA, AV NSRA DO",NA,"",2950,"","06/03/2013 19:25",4,"AT",99,999," "," ",1,0,0,0,0,0,0,0,0,0,0,0,0,0,0,0,0,14743,"SABARA, AV NSRA DO",NA,"",16,"CAMPO GRANDE",1,0,"SABARA, AV NSRA DO 2950 SAO PAULO SP",-23.5505199,-46.6333094
"3974","D031300715",7500,"FRANCISCO MORATO, AV PROF",NA,"",2300,"","06/03/2013 19:30",2,"CO",34,1445," "," ",1,1,0,0,0,0,0,0,0,0,0,0,0,0,0,0,0,7500,"FRANCISCO MORATO, AV PROF",NA,"",12,"BUTANTA",1,0,"FRANCISCO MORATO, AV PROF 2300 SAO PAULO SP",-23.5851349,-46.7205665
"3975","D031300680",21629,"ELISIO CORDEIRO DE SIQUEIRA, AV",NA,"",738,"","06/03/2013 19:50",4,"AT",33,2066," "," ",1,0,0,0,0,0,0,0,0,0,0,0,0,0,0,0,0,21629,"ELISIO CORDEIRO DE SIQUEIRA, AV",NA,"",31,"GUAIANASES",1,0,"ELISIO CORDEIRO DE SIQUEIRA, AV 738 SAO PAULO SP",-23.500333,-46.7471659
"3977","D031300113",19583,"VERGUEIRO, RUA",NA,"",266,"","06/03/2013 20:03",4,"AT",5,1284," "," ",0,1,0,0,0,0,0,0,0,0,0,0,0,0,0,0,0,19583,"VERGUEIRO, RUA",NA,"",33,"IPIRANGA",1,0,"VERGUEIRO, RUA 266 SAO PAULO SP",-23.564527,-46.639603
"3978","D031302010",4490,"CAROLINA FONSECA, RUA",NA,"",10,"","06/03/2013 20:05",4,"AT",64,2411," "," ",0,0,1,0,0,0,0,0,0,0,0,0,0,0,0,0,0,4490,"CAROLINA FONSECA, RUA",NA,"",36,"ITAQUERA",1,0,"CAROLINA FONSECA, RUA 10 SAO PAULO SP",-23.5332339,-46.4539477
"3979","D031300483",11562,"LAGRIMAS, ES DAS",NA,"",1000,"","06/03/2013 20:11",2,"CO",95,1988," "," ",1,0,0,0,1,0,0,0,0,0,0,0,0,0,0,0,0,11562,"LAGRIMAS, ES DAS",NA,"",69,"SACOMA",1,0,"LAGRIMAS, ES DAS 1000 SAO PAULO SP",-23.5505199,-46.6333094
"3980","D031302140",46191,"SINHA MOCA, TR",NA,"",655,"","06/03/2013 20:34",4,"AT",49,3177," "," ",0,1,0,0,0,0,0,0,0,0,0,0,0,0,0,0,0,46191,"SINHA MOCA, TR",NA,"",32,"IGUATEMI",2,0,"SINHA MOCA, TR 655 SAO PAULO SP",-23.6087813,-46.4493132
"3981","D031300048",9489,"ITALIANOS, RUA DOS",2864,"BARRA DO TIBAJI, RUA",0,"","06/03/2013 20:39",2,"CO",2,1322," "," ",0,1,0,0,0,0,0,0,0,0,0,1,0,0,0,0,0,2864,"BARRA DO TIBAJI, RUA",9489,"ITALIANOS, RUA DOS",9,"BOM RETIRO",1,0,"ITALIANOS, RUA DOS SAO PAULO SP &  BARRA DO TIBAJI, RUA SAO PAULO SP",-23.5238023,-46.644144
"3982","D031301913",4974,"COROA DE FRADE, AV",NA,"",100,"","06/03/2013 21:00",4,"AT",32,1686,"C"," ",1,0,0,0,0,0,0,0,0,0,0,0,0,0,0,0,0,4974,"COROA DE FRADE, AV",NA,"",47,"LAJEADO",1,0,"COROA DE FRADE, AV 100 SAO PAULO SP",-23.5244267,-46.4314481
"3983","D031302201",99997,"TEXTEIS, RUA DOS",NA,"",1650,"","06/03/2013 21:20",2,"CF",54,1339," "," ",1,1,0,0,0,0,0,0,0,0,0,0,0,0,0,0,0,99997,"TEXTEIS, RUA DOS",NA,"",25,"CIDADE TIRADENT",1,0,"TEXTEIS, RUA DOS 1650 SAO PAULO SP",-23.5951537,-46.4009849
"3984","D031301907",18803,"TEODORO, RUA S",9587,"SERRA DE SAO DOMINGOS, RUA",0,"","06/03/2013 21:30",2,"CO",32,935," "," ",1,1,0,0,0,0,0,0,0,0,0,0,0,0,0,0,0,9587,"SERRA DE SAO DOMINGOS, RUA",18803,"TEODORO, RUA S",NA,"",1,0,"TEODORO, RUA S SAO PAULO SP &  SERRA DE SAO DOMINGOS, RUA SAO PAULO SP",-23.5554372,-46.4526667
"3985","D031300473",18173,"SILVA CASTRO, RUA CEL",NA,"",96,"","06/03/2013 22:00",4,"AT",95,1132," "," ",0,0,0,0,0,0,0,0,0,0,0,0,0,0,0,1,0,18173,"SILVA CASTRO, RUA CEL",NA,"",18,"CANGAIBA",1,0,"SILVA CASTRO, RUA CEL 96 SAO PAULO SP",-23.6041767,-46.5970409
"3986","D031300555",6819,"EUSEBIO MATOSO, AV",NA,"",252,"","06/03/2013 22:30",2,"QM",14,2110," "," ",0,1,0,0,0,0,0,0,0,0,0,0,0,0,0,0,0,6819,"EUSEBIO MATOSO, AV",NA,"",63,"PINHEIROS",1,0,"EUSEBIO MATOSO, AV 252 SAO PAULO SP",-23.5710326,-46.6932167
"3987","D031301120",20089,"ZUQUIM, RUA DR",NA,"",1925,"","06/03/2013 22:40",4,"AT",20,2037," "," ",0,0,0,1,0,0,0,0,0,0,0,0,0,0,0,0,0,20089,"ZUQUIM, RUA DR",NA,"",8,"BELEM",1,0,"ZUQUIM, RUA DR 1925 SAO PAULO SP",-23.4891042,-46.6241652
"3989","D031301301",9066,"IMBIRAS, RUA",NA,"",305,"","06/03/2013 23:00",2,"CL",73,2391," "," ",1,1,0,0,0,0,0,0,0,0,0,0,0,0,0,0,0,9066,"IMBIRAS, RUA",NA,"",83,"TREMEMBE",1,0,"IMBIRAS, RUA 305 SAO PAULO SP",-23.4635031,-46.5955719
"3990","D031302112",15569,"PASSAGEM FUNDA, RUA DA",NA,"",100,"","06/03/2013 23:20",2,"CF",44,1489," "," ",1,0,1,0,0,0,0,0,0,0,0,0,0,0,0,0,0,15569,"PASSAGEM FUNDA, RUA DA",NA,"",50,"LIMAO",1,0,"PASSAGEM FUNDA, RUA DA 100 SAO PAULO SP",-23.5539093,-46.4134543
"3991","D031300675",1427,"ANHANGUERA, RUA",NA,"",22,"","06/03/2013 23:30",2,"CT",33,1568," "," ",1,0,0,0,0,0,0,0,0,0,0,0,0,0,0,1,0,1427,"ANHANGUERA, RUA",NA,"",70,"SANTA CECILIA",1,0,"ANHANGUERA, RUA 22 SAO PAULO SP",-23.527651,-46.6527087
"3992","D031301166",3771,"INAJAR DE SOUZA, AV",NA,"",550,"","07/03/2013 00:15",4,"AT",28,2408," "," ",1,0,0,0,0,0,0,0,0,0,0,0,0,0,0,0,0,3771,"INAJAR DE SOUZA, AV",NA,"",50,"LIMAO",1,0,"INAJAR DE SOUZA, AV 550 SAO PAULO SP",-23.5005899,-46.6863308
"3993","D031302211",99999,"METALURGICOS, AV DOS",99997,"TEXTEIS, RUA DOS",0,"","07/03/2013 02:22",2,"CO",54,3183," "," ",1,1,0,0,0,0,0,0,0,0,0,0,0,0,0,0,0,99997,"TEXTEIS, RUA DOS",99999,"METALURGICOS, AV DOS",25,"CIDADE TIRADENT",1,0,"METALURGICOS, AV DOS SAO PAULO SP &  TEXTEIS, RUA DOS SAO PAULO SP",-23.5999975,-46.4005799
"3994","D031300601",10074,"JESUINO ARRUDA, RUA",10189,"JOAO CACHOEIRA, RUA",0,"","07/03/2013 05:50",2,"CO",15,1134," "," ",1,1,0,0,0,0,0,0,0,0,0,0,0,0,0,0,0,10074,"JESUINO ARRUDA, RUA",10189,"JOAO CACHOEIRA, RUA",34,"ITAIM BIBI",1,0,"JESUINO ARRUDA, RUA SAO PAULO SP &  JOAO CACHOEIRA, RUA SAO PAULO SP",-23.5817914,-46.6733924
"3995","D031300333",5806,"DESCAMPADO, RUA",18704,"TAQUARICHIM, RUA",0,"","07/03/2013 06:15",2,"CO",26,1996," "," ",0,0,0,0,1,0,0,1,0,0,0,0,0,0,0,0,0,5806,"DESCAMPADO, RUA",18704,"TAQUARICHIM, RUA",69,"SACOMA",1,0,"DESCAMPADO, RUA SAO PAULO SP &  TAQUARICHIM, RUA SAO PAULO SP",-23.6221852,-46.6042972
"3996","D031301038",9078,"IMIRIM, AV",6515,"EPAMINONDAS MELO DO AMARAL, RUA",0,"","07/03/2013 06:20",2,"CO",13,1335," "," ",0,1,0,0,0,0,0,0,0,0,0,0,0,0,0,1,0,6515,"EPAMINONDAS MELO DO AMARAL, RUA",9078,"IMIRIM, AV",21,"CASA VERDE",1,0,"IMIRIM, AV SAO PAULO SP &  EPAMINONDAS MELO DO AMARAL, RUA SAO PAULO SP",-23.4763933,-46.6630839
"3997","D031301261",16051,"PENHA BRASIL, AV GAL",NA,"",1406,"","07/03/2013 06:20",2,"CO",72,2023," "," ",0,1,0,0,1,0,0,0,0,0,0,0,0,0,0,0,0,16051,"PENHA BRASIL, AV GAL",NA,"",48,"LAPA",1,0,"PENHA BRASIL, AV GAL 1406 SAO PAULO SP",-23.4609744,-46.6709281
"3998","D031300350",19931,"WASHINGTON LUIS, AV",NA,"",100,"","07/03/2013 06:20",2,"CO",27,2360," "," ",1,1,0,0,0,0,0,0,0,0,0,0,0,0,0,0,0,19931,"WASHINGTON LUIS, AV",NA,"",30,"GRAJAU",1,0,"WASHINGTON LUIS, AV 100 SAO PAULO SP",-23.6604858,-46.7034929
"3999","D031301202",8538,"GUSTAVO ADOLFO, AV",56,"ABILIO SAMPAIO, AV DR",0,"","07/03/2013 07:00",2,"CO",39,1097," "," ",1,1,0,0,0,0,0,0,0,0,0,0,0,0,0,0,0,56,"ABILIO SAMPAIO, AV DR",8538,"GUSTAVO ADOLFO, AV",94,"VILA MEDEIROS",1,0,"GUSTAVO ADOLFO, AV SAO PAULO SP &  ABILIO SAMPAIO, AV DR SAO PAULO SP",-23.4894901,-46.5783227
"4000","D031301890",13881,"MIGUEL, AV S",43777,"CARVALHO PINTO, AV GOV",0,"","07/03/2013 07:00",2,"CO",24,2685," "," ",1,0,0,0,1,0,0,0,0,0,0,0,0,0,0,0,0,13881,"MIGUEL, AV S",43777,"CARVALHO PINTO, AV GOV",60,"PENHA",1,0,"MIGUEL, AV S SAO PAULO SP &  CARVALHO PINTO, AV GOV SAO PAULO SP",-23.513252,-46.517118
"4001","D031301153",3771,"INAJAR DE SOUZA, AV",NA,"",1857,"","07/03/2013 07:20",2,"CO",28,1232," "," ",1,0,0,0,0,0,0,1,0,0,0,0,0,0,0,0,0,3771,"INAJAR DE SOUZA, AV",NA,"",50,"LIMAO",1,0,"INAJAR DE SOUZA, AV 1857 SAO PAULO SP",-23.4896554,-46.6846811
"4002","D031302303",24338,"LUIZ IGNACIO ANHAIA MELLO, AV PROF",NA,"",7000,"","07/03/2013 07:27",2,"CO",70,1366," "," ",0,2,0,0,0,0,0,0,0,0,0,0,0,0,0,0,0,24338,"LUIZ IGNACIO ANHAIA MELLO, AV PROF",NA,"",26,"CONSOLACAO",2,0,"LUIZ IGNACIO ANHAIA MELLO, AV PROF 7000 SAO PAULO SP",-23.5982998,-46.5339079
"4003","D031300914",15626,"PAULA FERREIRA, AV",NA,"",2064,"","07/03/2013 07:30",2,"SI",87,900106," "," ",1,1,0,0,0,0,0,0,0,0,0,0,0,0,0,0,0,15626,"PAULA FERREIRA, AV",NA,"",64,"PIRITUBA",1,0,"PAULA FERREIRA, AV 2064 SAO PAULO SP",-23.4937896,-46.7147392
"4004","D031301122",13133,"MARIA AMALIA LOPES AZEVEDO, RUA",NA,"",1700,"","07/03/2013 07:40",2,"CL",20,2056," "," ",1,1,0,0,0,0,0,0,0,0,0,0,0,0,0,0,0,13133,"MARIA AMALIA LOPES AZEVEDO, RUA",NA,"",83,"TREMEMBE",1,0,"MARIA AMALIA LOPES AZEVEDO, RUA 1700 SAO PAULO SP",-23.4563396,-46.5933065
"4005","D031301716",12134,"ANTONIO RAMOS ROSA, RUA",33663,"LUIS ANTONIO VERNEY, RUA",0,"","07/03/2013 07:45",2,"CL",92,1488," "," ",1,1,0,0,0,0,0,0,0,0,0,0,0,0,0,0,0,12134,"ANTONIO RAMOS ROSA, RUA",33663,"LUIS ANTONIO VERNEY, RUA",45,"JARDIM SAO LUIS",1,0,"ANTONIO RAMOS ROSA, RUA SAO PAULO SP &  LUIS ANTONIO VERNEY, RUA SAO PAULO SP",-23.6603945,-46.7468564
"4006","D031301653",4975,"HENRIQUE SAM MINDLIN, RUA",NA,"",169,"","07/03/2013 07:50",4,"AT",47,2963," "," ",0,1,0,0,0,0,0,0,0,0,0,0,0,0,0,0,0,4975,"HENRIQUE SAM MINDLIN, RUA",NA,"",19,"CAPAO REDONDO",1,0,"HENRIQUE SAM MINDLIN, RUA 169 SAO PAULO SP",-23.6785174,-46.7807689
"4007","D031302279",43404,"VILANOVA ARTIGAS, AV ARQ",NA,"",983,"","07/03/2013 08:00",4,"AT",69,708," "," ",1,0,0,0,0,0,0,0,0,0,0,0,0,0,0,0,0,43404,"VILANOVA ARTIGAS, AV ARQ",NA,"",56,"PARELHEIROS",1,0,"VILANOVA ARTIGAS, AV ARQ 983 SAO PAULO SP",-23.5505199,-46.6333094
"4008","D031301887",43777,"CARVALHO PINTO, AV GOV",13881,"MIGUEL, AV S",0,"","07/03/2013 08:00",2,"CO",24,2618," "," ",1,0,0,0,1,0,0,0,0,0,0,0,0,0,0,0,0,13881,"MIGUEL, AV S",43777,"CARVALHO PINTO, AV GOV",60,"PENHA",1,0,"CARVALHO PINTO, AV GOV SAO PAULO SP &  MIGUEL, AV S SAO PAULO SP",-23.5149544,-46.5203738