"","id_acidente","codloga","logradouroA","codlogb","logradouroB","alt_num","referencia","data","cod_acid","tipo_acidente","dp","numero_BO","sentido","pista","automovel","moto","onibus","caminhao","bicicleta","moto_taxi","onibus_fretado","onibus_urbano","microonibus","van","vuc","caminhonete","carreta","jipe","outros","sem_informacao","carroca","princ_a","paiA","princ_b","paiB","cod_distrito","distrito","vit_ferida","vit_morta","local","lat","lon"
"4009","D031300716",5996,"DOMINGOS BARBIERI, RUA",7531,"FRANCISCO PERROTI, RUA",0,"","07/03/2013 08:12",2,"QM",34,1456," "," ",0,1,0,0,0,0,0,0,0,0,0,0,0,0,0,0,0,5996,"DOMINGOS BARBIERI, RUA",7531,"FRANCISCO PERROTI, RUA",12,"BUTANTA",1,0,"DOMINGOS BARBIERI, RUA SAO PAULO SP &  FRANCISCO PERROTI, RUA SAO PAULO SP",-23.5779864,-46.7205189
"4010","D031300352",11510,"LACEDEMONIA, RUA",6089,"DORIA, AV",0,"","07/03/2013 08:15",2,"CO",27,2406," "," ",1,0,0,0,0,0,0,0,0,0,0,1,0,0,0,0,0,6089,"DORIA, AV",11510,"LACEDEMONIA, RUA",15,"CAMPO BELO",1,0,"LACEDEMONIA, RUA SAO PAULO SP &  DORIA, AV SAO PAULO SP",-23.63803,-46.6691637
"4011","D031301121",13133,"MARIA AMALIA LOPES AZEVEDO, RUA",NA,"",1182,"","07/03/2013 08:30",2,"CL",20,2053," "," ",1,1,0,0,0,0,0,0,0,0,0,0,0,0,0,0,0,13133,"MARIA AMALIA LOPES AZEVEDO, RUA",NA,"",83,"TREMEMBE",1,0,"MARIA AMALIA LOPES AZEVEDO, RUA 1182 SAO PAULO SP",-23.4583454,-46.6142881
"4012","D031301672",22027,"DONATO CARUSO FILHO, RUA",NA,"",10,"","07/03/2013 09:00",4,"AT",48,886," "," ",0,0,0,0,0,0,0,0,0,0,0,0,0,0,0,1,0,22027,"DONATO CARUSO FILHO, RUA",NA,"",32,"IGUATEMI",1,0,"DONATO CARUSO FILHO, RUA 10 SAO PAULO SP",-23.7085267,-46.6915761
"4013","D031301586",6238,"NACOES UNIDAS, AV DAS",NA,"",20003,"","07/03/2013 09:30",2,"CT",11,2614," "," ",0,1,0,0,0,0,0,0,0,0,0,1,0,0,0,0,0,13014,"MARGINAL DO RIO PINHEIROS, AV",NA,"",90,"VILA LEOPOLDINA",1,0,"NACOES UNIDAS, AV DAS 20003 SAO PAULO SP",-23.6791493,-46.696063
"4014","D031301442",9572,"ITAPURA, RUA",NA,"",663,"","07/03/2013 09:40",2,"CO",30,1312," "," ",1,1,0,0,0,0,0,0,0,0,0,0,0,0,0,0,0,9572,"ITAPURA, RUA",NA,"",82,"TATUAPE",1,0,"ITAPURA, RUA 663 SAO PAULO SP",-23.5440341,-46.5666431
"4015","D031301539",7033,"FERNANDO FALCAO, RUA",NA,"",764,"","07/03/2013 10:00",2,"CO",57,946," "," ",2,0,0,0,0,0,0,0,0,0,0,0,0,0,0,0,0,7033,"FERNANDO FALCAO, RUA",NA,"",54,"MOOCA",1,0,"FERNANDO FALCAO, RUA 764 SAO PAULO SP",-23.5602147,-46.5871205
"4016","D031302030",12156,"LUIZ AYRES, RUA DR",NA,"",1936,"","07/03/2013 10:30",2,"CO",65,783,"B"," ",1,1,0,0,0,0,0,0,0,0,0,0,0,0,0,0,0,12156,"LUIZ AYRES, RUA DR",NA,"",5,"ARTUR ALVIM",1,0,"LUIZ AYRES, RUA DR 1936 SAO PAULO SP",-23.5394522,-46.4859245
"4017","D031302141",9044,"RAGUEB CHOHFI, AV",NA,"",500,"","07/03/2013 10:31",2,"CO",49,3205," "," ",1,1,0,1,0,0,0,0,0,0,0,0,0,0,0,0,0,9044,"RAGUEB CHOHFI, AV",NA,"",32,"IGUATEMI",1,0,"RAGUEB CHOHFI, AV 500 SAO PAULO SP",-23.6083056,-46.4724554
"4018","D031301999",3994,"CAMPANELLA, AV",4126,"CANGAMBA, RUA",0,"","07/03/2013 10:33",2,"CO",64,1948," "," ",1,1,0,0,0,0,0,0,0,0,0,0,0,0,0,0,0,3994,"CAMPANELLA, AV",4126,"CANGAMBA, RUA",36,"ITAQUERA",2,0,"CAMPANELLA, AV SAO PAULO SP &  CANGAMBA, RUA SAO PAULO SP",-23.5352605,-46.4642064
"4019","D031300490",4249,"CARDOSO DE MELO, AV DR",NA,"",1747,"","07/03/2013 11:15",4,"AT",96,826," "," ",0,0,0,0,0,0,0,0,0,0,0,0,0,0,0,1,0,4249,"CARDOSO DE MELO, AV DR",NA,"",34,"ITAIM BIBI",1,0,"CARDOSO DE MELO, AV DR 1747 SAO PAULO SP",-23.5961418,-46.689904
"4020","D031300512",7960,"GETULIO VARGAS FILHO, RUA",NA,"",359,"","07/03/2013 11:25",2,"CO",97,889," "," ",1,1,0,0,0,0,0,0,0,0,0,0,0,0,0,0,0,7960,"GETULIO VARGAS FILHO, RUA",NA,"",37,"JABAQUARA",1,0,"GETULIO VARGAS FILHO, RUA 359 SAO PAULO SP",-23.6453915,-46.6357067
"4021","D031300681",33234,"MARGINAL DIREITA DO TIETE, AV",NA,"",1200,"","07/03/2013 11:30",2,"CO",33,2087,"B"," ",1,0,0,1,0,0,0,0,0,0,0,0,0,0,0,0,0,29772,"MARGINAL DO RIO TIETE, AV",NA,"",39,"JAGUARA",1,0,"MARGINAL DIREITA DO TIETE, AV 1200 SAO PAULO SP",-23.5168723,-46.7412642
"4022","D031300177",543,"ALCANTARA MACHADO, AV",NA,"",3512,"","07/03/2013 11:38",4,"AT",8,1690," "," ",0,0,1,0,0,0,0,0,0,0,0,0,0,0,0,0,0,543,"ALCANTARA MACHADO, AV",NA,"",10,"BRAS",1,0,"ALCANTARA MACHADO, AV 3512 SAO PAULO SP",-23.5444155,-46.5920143
"4024","D031300279",3523,"BOSQUE DA SAUDE, AV",NA,"",1250,"","07/03/2013 12:20",2,"CO",16,3078," "," ",2,0,0,0,0,0,0,0,0,0,0,0,0,0,0,0,0,3523,"BOSQUE DA SAUDE, AV",NA,"",27,"CURSINO",2,0,"BOSQUE DA SAUDE, AV 1250 SAO PAULO SP",-23.6132997,-46.626462
"4025","D031301203",9978,"JARDIM JAPAO, AV",4855,"CHAN-NAN, RUA",0,"","07/03/2013 12:22",2,"CO",39,1104,"B"," ",0,1,0,0,0,0,0,0,0,0,0,1,0,0,0,0,0,4855,"CHAN-NAN, RUA",9978,"JARDIM JAPAO, AV",94,"VILA MEDEIROS",1,0,"JARDIM JAPAO, AV SAO PAULO SP &  CHAN-NAN, RUA SAO PAULO SP",-23.4831307,-46.5800117
"4027","D031300815",46890,"ALEXIOS JAFET (ESTR.CAMPINAS), AV",NA,"",1482,"","07/03/2013 12:55",4,"AT",46,1176," "," ",1,0,0,0,0,0,0,0,0,0,0,0,0,0,0,0,0,46890,"ALEXIOS JAFET (ESTR.CAMPINAS), AV",NA,"",41,"JARAGUA",1,0,"ALEXIOS JAFET (ESTR.CAMPINAS), AV 1482 SAO PAULO SP",-23.5725526,-46.6597339
"4028","D031301654",9529,"ITAPECERICA, ES DE",NA,"",5100,"","07/03/2013 13:15",4,"AT",47,2979," "," ",0,0,1,0,0,0,0,0,0,0,0,0,0,0,0,0,0,9529,"ITAPECERICA, ES DE",NA,"",29,"FREGUESIA DO O",1,0,"ITAPECERICA, ES DE 5100 SAO PAULO SP",-23.5505199,-46.6333094
"4029","D031301444",15918,"PEDRO DOMINGUES, RUA",NA,"",320,"","07/03/2013 13:20",2,"CO",30,1330," "," ",1,1,0,0,0,0,0,0,0,0,0,0,0,0,0,0,0,15918,"PEDRO DOMINGUES, RUA",NA,"",27,"CURSINO",1,0,"PEDRO DOMINGUES, RUA 320 SAO PAULO SP",-23.5759121,-46.5895866
"4031","D031301541",72835,"JOAO INACIO TEIXEIRA, RUA DR",7033,"FERNANDO FALCAO, RUA",0,"","07/03/2013 13:35",2,"CT",57,953," "," ",2,0,0,0,0,0,0,0,0,0,0,0,0,0,0,0,0,4543,"CASSANDOCA, AV",7033,"FERNANDO FALCAO, RUA",54,"MOOCA",1,0,"JOAO INACIO TEIXEIRA, RUA DR SAO PAULO SP &  FERNANDO FALCAO, RUA SAO PAULO SP",-23.5579323,-46.5851156
"4032","D031302249",33960,"ALBERT DE ROCHAS D'AIGLUM, RUA CEL",NA,"",239,"","07/03/2013 13:40",4,"AT",66,1130," "," ",1,0,0,0,0,0,0,0,0,0,0,0,0,0,0,0,0,33960,"ALBERT DE ROCHAS D'AIGLUM, RUA CEL",NA,"",38,"JACANA",1,0,"ALBERT DE ROCHAS D'AIGLUM, RUA CEL 239 SAO PAULO SP",-23.5693337,-46.4800674
"4033","D031302013",98912,"JOSE PINHEIRO BORGES, AV",18109,"ITAGIMIRIM, RUA",0,"","07/03/2013 13:50",2,"CO",64,2452," "," ",1,1,0,0,0,0,0,0,0,0,0,0,0,0,0,0,0,18109,"ITAGIMIRIM, RUA",98912,"JOSE PINHEIRO BORGES, AV",36,"ITAQUERA",1,0,"JOSE PINHEIRO BORGES, AV SAO PAULO SP &  ITAGIMIRIM, RUA SAO PAULO SP",-23.5379455,-46.4560852
"4034","D031301587",11350,"ALEXANDRE DUMAS, RUA",NA,"",1410,"","07/03/2013 14:00",4,"AT",11,2618," "," ",0,1,0,0,0,0,0,0,0,0,0,0,0,0,0,0,0,11350,"ALEXANDRE DUMAS, RUA",NA,"",72,"SANTO AMARO",1,0,"ALEXANDRE DUMAS, RUA 1410 SAO PAULO SP",-23.6338843,-46.7010322
"4036","D031301540",18127,"SETE PONTES, RUA",1111,"AMERICO VESPUCCI, RUA",0,"","07/03/2013 14:16",2,"CO",57,952," "," ",1,1,0,0,0,0,0,0,0,0,0,0,0,0,0,0,0,1111,"AMERICO VESPUCCI, RUA",18127,"SETE PONTES, RUA",NA,"",1,0,"SETE PONTES, RUA SAO PAULO SP &  AMERICO VESPUCCI, RUA SAO PAULO SP",-23.5758523,-46.583431
"4037","D031300223",11525,"LADARIO, RUA BR DE",NA,"",657,"","07/03/2013 14:55",4,"AT",12,1693," "," ",1,0,0,0,0,0,0,0,0,0,0,0,0,0,0,0,0,11525,"LADARIO, RUA BR DE",NA,"",10,"BRAS",1,0,"LADARIO, RUA BR DE 657 SAO PAULO SP",-23.5362993,-46.6190871
"4038","D031301013",14270,"MORVAN DIAS DE FIGUEIREDO, AV",NA,"",2801,"","07/03/2013 15:00",2,"CO",9,1450," "," ",1,1,0,0,0,0,0,0,0,0,0,0,0,0,0,0,0,29772,"MARGINAL DO RIO TIETE, AV",NA,"",0,"NULL",1,0,"MORVAN DIAS DE FIGUEIREDO, AV 2801 SAO PAULO SP",-23.5220739,-46.6031496
"4040","D031300629",16514,"PORTO CARREIRO, RUA BRA DE",5565,"CRUZEIRO, RUA",0,"","07/03/2013 15:13",2,"CO",23,1275," "," ",2,0,0,0,0,0,0,0,0,0,0,0,0,0,0,0,0,5565,"CRUZEIRO, RUA",16514,"PORTO CARREIRO, RUA BRA DE",70,"SANTA CECILIA",2,0,"PORTO CARREIRO, RUA BRA DE SAO PAULO SP &  CRUZEIRO, RUA SAO PAULO SP",-23.5196703,-46.6547219
"4041","D031301123",18151,"SEZEFREDO FAGUNDES, AV CEL",NA,"",1927,"","07/03/2013 15:16",2,"CO",20,2067," "," ",1,1,0,0,0,0,0,0,0,0,0,0,0,0,0,0,0,18151,"SEZEFREDO FAGUNDES, AV CEL",NA,"",22,"CIDADE ADEMAR",1,0,"SEZEFREDO FAGUNDES, AV CEL 1927 SAO PAULO SP",-23.4622933,-46.6031089
"4042","D031300472",6517,"EPIACABA, RUA",NA,"",547,"","07/03/2013 15:40",2,"CO",95,1103," "," ",1,2,0,0,0,0,0,0,0,0,0,0,0,0,0,0,0,6517,"EPIACABA, RUA",NA,"",69,"SACOMA",2,0,"EPIACABA, RUA 547 SAO PAULO SP",-23.6343224,-46.5889154
"4043","D031301154",14736,"O, AV NSRA DO",NA,"",1453,"","07/03/2013 15:45",2,"CO",28,1249," "," ",1,1,0,0,0,0,0,0,0,0,0,0,0,0,0,0,0,14736,"O, AV NSRA DO",NA,"",50,"LIMAO",1,0,"O, AV NSRA DO 1453 SAO PAULO SP",-23.5505199,-46.6333094
"4044","D031301445",14178,"MONTE SERRAT, RUA",2673,"AZEVEDO SOARES, RUA",0,"","07/03/2013 15:58",4,"AT",30,1331,"B"," ",1,0,0,0,0,0,0,0,0,0,0,0,0,0,0,0,0,2673,"AZEVEDO SOARES, RUA",14178,"MONTE SERRAT, RUA",82,"TATUAPE",1,0,"MONTE SERRAT, RUA SAO PAULO SP &  AZEVEDO SOARES, RUA SAO PAULO SP",-23.5478352,-46.5605446
"4045","D031300558",18813,"TEODORO SAMPAIO, RUA",16017,"PEDROSO DE MORAIS, AV",0,"","07/03/2013 17:30",4,"AT",14,2145," "," ",1,0,0,0,0,0,0,0,0,0,0,0,0,0,0,0,0,16017,"PEDROSO DE MORAIS, AV",18813,"TEODORO SAMPAIO, RUA",63,"PINHEIROS",1,0,"TEODORO SAMPAIO, RUA SAO PAULO SP &  PEDROSO DE MORAIS, AV SAO PAULO SP",-23.5652586,-46.6903013
"4046","D031302253",2181,"ARICANDUVA, AV",NA,"",4500,"","07/03/2013 17:40",2,"CO",66,1191," "," ",0,1,0,0,0,0,0,0,0,0,0,0,0,0,0,1,0,2181,"ARICANDUVA, AV",NA,"",60,"PENHA",1,0,"ARICANDUVA, AV 4500 SAO PAULO SP",-23.5594272,-46.5137981
"4047","D031301720",13357,"MARIA COELHO AGUIAR, AV",NA,"",215,"","07/03/2013 17:40",2,"CO",92,1584," "," ",1,1,0,0,0,0,0,0,0,0,0,0,0,0,0,0,0,13357,"MARIA COELHO AGUIAR, AV",NA,"",45,"JARDIM SAO LUIS",1,0,"MARIA COELHO AGUIAR, AV 215 SAO PAULO SP",-23.6483613,-46.7316463
"4048","D031302114",16494,"MIGUEL ACHIOLE DA FONCECA, AV",17316,"RODRIGUES DE MIRANDA JUNIOR, RUA DR",0,"","07/03/2013 18:00",4,"AT",44,1512," "," ",0,0,0,0,0,0,0,1,0,0,0,0,0,0,0,0,0,16494,"MIGUEL ACHIOLE DA FONCECA, AV",17316,"RODRIGUES DE MIRANDA JUNIOR, RUA DR",31,"GUAIANASES",1,0,"MIGUEL ACHIOLE DA FONCECA, AV SAO PAULO SP &  RODRIGUES DE MIRANDA JUNIOR, RUA DR SAO PAULO SP",-23.5602557,-46.4081626
"4049","D031301955",12993,"DIOGO DA COSTA TAVARES, AV",4751,"TOMAS LOPES DE CAMARGO, AV",0,"","07/03/2013 18:00",4,"AT",59,2836," "," ",1,0,0,0,0,0,0,0,0,0,0,0,0,0,0,0,0,4751,"TOMAS LOPES DE CAMARGO, AV",12993,"DIOGO DA COSTA TAVARES, AV",43,"JARDIM HELENA",1,0,"DIOGO DA COSTA TAVARES, AV SAO PAULO SP &  TOMAS LOPES DE CAMARGO, AV SAO PAULO SP",-23.483016,-46.382146
"4050","D031300720",7500,"FRANCISCO MORATO, AV PROF",NA,"",4900,"","07/03/2013 18:10",2,"CO",34,1628," "," ",0,1,0,0,0,0,0,1,0,0,0,0,0,0,0,0,0,7500,"FRANCISCO MORATO, AV PROF",NA,"",12,"BUTANTA",1,0,"FRANCISCO MORATO, AV PROF 4900 SAO PAULO SP",-23.5984096,-46.7410325
"4051","D031300954",20600,"ERNESTO IGEL, AV",NA,"",10,"","07/03/2013 18:30",2,"CO",91,1586," "," ",1,1,0,0,0,0,0,0,0,0,0,0,0,0,0,0,0,20600,"ERNESTO IGEL, AV",NA,"",14,"CAMBUCI",1,0,"ERNESTO IGEL, AV 10 SAO PAULO SP",-23.5169552,-46.7268604
"4052","D031301646",4734,"CELSO DOS SANTOS, AV",17014,"RETIFICACAO, RUA DA",0,"","07/03/2013 18:30",2,"CO",43,2517,"C"," ",1,1,0,0,0,0,0,0,0,0,0,0,0,0,0,0,0,4734,"CELSO DOS SANTOS, AV",17014,"RETIFICACAO, RUA DA",22,"CIDADE ADEMAR",2,0,"CELSO DOS SANTOS, AV SAO PAULO SP &  RETIFICACAO, RUA DA SAO PAULO SP",-23.6691661,-46.6677312
"4053","D031301961",7068,"FERNAO MENDES PINTO, RUA",59748,"JOAQUIM AUGUSTO DE CAMARGO, RUA DR",0,"","07/03/2013 18:41",2,"CO",62,960," "," ",1,1,0,0,0,0,0,0,0,0,0,0,0,0,0,0,0,7068,"FERNAO MENDES PINTO, RUA",59748,"JOAQUIM AUGUSTO DE CAMARGO, RUA DR",28,"ERMELINO MATARA",1,0,"FERNAO MENDES PINTO, RUA SAO PAULO SP &  JOAQUIM AUGUSTO DE CAMARGO, RUA DR SAO PAULO SP",-23.4978657,-46.4870314
"4054","D031301655",35497,"ABILIO CESAR, RUA",NA,"",294,"","07/03/2013 18:52",2,"CO",47,2993," "," ",0,1,0,0,0,0,0,0,0,0,0,1,0,0,0,0,0,35497,"ABILIO CESAR, RUA",NA,"",19,"CAPAO REDONDO",2,0,"ABILIO CESAR, RUA 294 SAO PAULO SP",-23.6807605,-46.7770772
"4055","D031301048",19884,"VOLUNTARIOS DA PATRIA, RUA",NA,"",1456,"","07/03/2013 19:00",2,"CO",13,2438," "," ",1,1,0,0,0,0,0,0,0,0,0,0,0,0,0,0,0,19884,"VOLUNTARIOS DA PATRIA, RUA",NA,"",8,"BELEM",1,0,"VOLUNTARIOS DA PATRIA, RUA 1456 SAO PAULO SP",-23.5075602,-46.6261443
"4056","D031300085",17557,"SABARA, RUA",16204,"PIAUI, RUA",0,"","07/03/2013 19:20",2,"CL",4,1832," "," ",1,1,0,0,0,0,0,0,0,0,0,0,0,0,0,0,0,16204,"PIAUI, RUA",17557,"SABARA, RUA",26,"CONSOLACAO",1,0,"SABARA, RUA SAO PAULO SP &  PIAUI, RUA SAO PAULO SP",-23.5474253,-46.65488
"4057","D031300205",6642,"ESTADO, AV DO",4146,"CANTAREIRA, RUA DA",0,"","07/03/2013 19:24",2,"QM",12,1330," "," ",0,1,0,0,0,0,0,0,0,0,0,0,0,0,0,0,0,5567,"CRUZEIRO DO SUL, AV",6642,"ESTADO, AV DO",57,"PARI",1,0,"ESTADO, AV DO SAO PAULO SP &  CANTAREIRA, RUA DA SAO PAULO SP",-23.5635869,-46.6112253
"4058","D031301368",43777,"CARVALHO PINTO, AV GOV",1870,"ANTONIO SEBASTIAO, RUA",0,"","07/03/2013 19:25",2,"CH",10,3651," "," ",1,0,0,0,0,0,0,0,0,0,0,0,0,0,0,0,0,1870,"ANTONIO SEBASTIAO, RUA",43777,"CARVALHO PINTO, AV GOV",60,"PENHA",1,0,"CARVALHO PINTO, AV GOV SAO PAULO SP &  ANTONIO SEBASTIAO, RUA SAO PAULO SP",-23.5149544,-46.5203738
"4059","D031300741",21674,"JORGE JOAO SAAD, AV",936,"LEON KANIEFSKY, RUA REG",0,"","07/03/2013 19:55",2,"CO",34,1891," "," ",1,1,0,0,0,0,0,0,0,0,0,0,0,0,0,0,0,936,"LEON KANIEFSKY, RUA REG",21674,"JORGE JOAO SAAD, AV",55,"MORUMBI",1,0,"JORGE JOAO SAAD, AV SAO PAULO SP &  LEON KANIEFSKY, RUA REG SAO PAULO SP",-23.5907419,-46.7220614
"4060","D031300561",5885,"DIOGENES RIBEIRO DE LIMA, AV",8290,"GUALTER, AV S",0,"","07/03/2013 20:00",2,"CO",14,2190," "," ",1,0,0,0,1,0,0,0,0,0,0,0,0,0,0,0,0,5885,"DIOGENES RIBEIRO DE LIMA, AV",8290,"GUALTER, AV S",2,"ALTO DE PINHEIR",1,0,"DIOGENES RIBEIRO DE LIMA, AV SAO PAULO SP &  GUALTER, AV S SAO PAULO SP",-23.5335586,-46.7188173
"4061","D031300572",16017,"PEDROSO DE MORAIS, AV",14435,"NATINGUI, RUA",0,"","07/03/2013 20:00",2,"CO",14,2466," "," ",1,0,0,0,1,0,0,0,0,0,0,0,0,0,0,0,0,14435,"NATINGUI, RUA",16017,"PEDROSO DE MORAIS, AV",2,"ALTO DE PINHEIR",1,0,"PEDROSO DE MORAIS, AV SAO PAULO SP &  NATINGUI, RUA SAO PAULO SP",-23.5604714,-46.6945891
"4062","D031300513",17911,"SEBASTIAO AFONSO, RUA",5606,"CUPECE, AV",0,"","07/03/2013 20:20",2,"CO",97,2006," "," ",1,1,0,0,0,0,0,0,0,0,0,0,0,0,0,0,0,5606,"CUPECE, AV",7764,"GARCIA DE AVILA, AV",22,"CIDADE ADEMAR",1,0,"SEBASTIAO AFONSO, RUA SAO PAULO SP &  CUPECE, AV SAO PAULO SP",-23.6780204,-46.6342783
"4063","D031302113",34375,"CASTELO DE LECA, RUA",73957,"INACIO MOREIRA, RUA",0,"","07/03/2013 20:50",2,"CO",44,1510," "," ",1,1,0,0,0,0,0,0,0,0,0,0,0,0,0,0,0,34375,"CASTELO DE LECA, RUA",73957,"INACIO MOREIRA, RUA",3,"ANHANGUERA",1,0,"CASTELO DE LECA, RUA SAO PAULO SP &  INACIO MOREIRA, RUA SAO PAULO SP",-23.5497701,-46.402844
"4064","D031302267",2181,"ARICANDUVA, AV",NA,"",5555,"","07/03/2013 20:59",4,"AT",66,1530," "," ",1,0,0,0,0,0,0,0,0,0,0,0,0,0,0,0,0,2181,"ARICANDUVA, AV",NA,"",60,"PENHA",2,0,"ARICANDUVA, AV 5555 SAO PAULO SP",-23.5610792,-46.5113397
"4066","D031301363",43777,"CARVALHO PINTO, AV GOV",18724,"TARUMA, AV",0,"","07/03/2013 21:20",2,"CO",10,2461," "," ",1,1,0,0,0,0,0,0,0,0,0,0,0,0,0,0,0,18724,"TARUMA, AV",43777,"CARVALHO PINTO, AV GOV",18,"CANGAIBA",1,0,"CARVALHO PINTO, AV GOV SAO PAULO SP &  TARUMA, AV SAO PAULO SP",-23.5149544,-46.5203738
"4067","D031300682",1429,"ANHANGUERA, VIA",NA,"",15800,"","07/03/2013 22:00",4,"AT",33,2104," "," ",1,0,0,0,0,0,0,0,0,0,0,0,0,0,0,0,0,1429,"ANHANGUERA, VIA",NA,"",73,"SAO DOMINGOS",2,0,"ANHANGUERA, VIA 15800 SAO PAULO SP",-23.4900941,-46.7665396
"4068","D031302142",24420,"FORTE DE ARAXA, RUA",NA,"",200,"","07/03/2013 22:05",2,"CH",49,3234," "," ",1,0,0,0,1,0,0,0,0,0,0,0,0,0,0,0,0,24420,"FORTE DE ARAXA, RUA",NA,"",51,"MANDAQUI",1,0,"FORTE DE ARAXA, RUA 200 SAO PAULO SP",-23.6013231,-46.4684763
"4069","D031301224",8320,"GUAPIRA, AV",16404,"PIXIBAS, RUA",0,"","07/03/2013 22:08",2,"CL",39,2433," "," ",1,1,0,0,0,0,0,0,0,0,0,0,0,0,0,0,0,8320,"GUAPIRA, AV",16404,"PIXIBAS, RUA",84,"TUCURUVI",1,0,"GUAPIRA, AV SAO PAULO SP &  PIXIBAS, RUA SAO PAULO SP",-23.4688173,-46.5845853
"4070","D031302000",3994,"CAMPANELLA, AV",21253,"AGUIA DE HAIA, AV",0,"","07/03/2013 22:50",4,"AT",64,1968," "," ",1,0,0,0,0,0,0,0,0,0,0,0,0,0,0,0,0,6613,"ESPERANTINA, AV",21253,"AGUIA DE HAIA, AV",5,"ARTUR ALVIM",1,0,"CAMPANELLA, AV SAO PAULO SP &  AGUIA DE HAIA, AV SAO PAULO SP",-23.5352605,-46.4642064
"4071","D031300154",3699,"BUENO DE ANDRADE, RUA",NA,"",673,"","07/03/2013 23:12",2,"CO",6,1711," "," ",1,1,0,0,0,0,0,0,0,0,0,0,0,0,0,0,0,3699,"BUENO DE ANDRADE, RUA",NA,"",49,"LIBERDADE",2,0,"BUENO DE ANDRADE, RUA 673 SAO PAULO SP",-23.565953,-46.6306993
"4073","D031301806",21991,"AZEVEDO SODRE, RUA DR",NA,"",17,"","08/03/2013 03:45",2,"CF",100,1320," "," ",1,0,1,0,0,0,0,0,0,0,0,0,0,0,0,0,0,21991,"AZEVEDO SODRE, RUA DR",NA,"",32,"IGUATEMI",2,0,"AZEVEDO SODRE, RUA DR 17 SAO PAULO SP",-23.6847598,-46.763061
"4074","D031301589",19931,"WASHINGTON LUIS, AV",NA,"",1260,"","08/03/2013 05:00",4,"AT",11,2645," "," ",0,1,0,0,0,0,0,0,0,0,0,0,0,0,0,0,0,19931,"WASHINGTON LUIS, AV",NA,"",30,"GRAJAU",2,0,"WASHINGTON LUIS, AV 1260 SAO PAULO SP",-23.6557506,-46.6929778
"4075","D031300769",34682,"CAMPO LIMPO, ES DO",NA,"",5000,"","08/03/2013 06:40",2,"CT",37,1993," "," ",2,0,0,0,0,0,0,0,0,0,0,0,0,0,0,0,0,34682,"CAMPO LIMPO, ES DO",NA,"",17,"CAMPO LIMPO",1,0,"CAMPO LIMPO, ES DO 5000 SAO PAULO SP",-23.2019463,-46.785846
"4076","D031300630",6471,"SAO VICENTE, AV MARQ DE",NA,"",1500,"","08/03/2013 06:55",2,"QM",23,1284," "," ",0,1,0,0,0,0,0,0,0,0,0,0,0,0,0,0,0,6471,"SAO VICENTE, AV MARQ DE",NA,"",6,"BARRA FUNDA",1,0,"SAO VICENTE, AV MARQ DE 1500 SAO PAULO SP",-23.5193961,-46.6741002
"4077","D031300955",8275,"GUAIPA, RUA",NA,"",1220,"","08/03/2013 06:55",2,"CH",91,1595," "," ",0,1,0,0,0,0,0,0,0,0,0,0,0,0,0,0,0,8275,"GUAIPA, RUA",NA,"",90,"VILA LEOPOLDINA",1,0,"GUAIPA, RUA 1220 SAO PAULO SP",-23.5215234,-46.7341348
"4078","D031301656",9529,"ITAPECERICA, ES DE",NA,"",6520,"","08/03/2013 07:00",2,"CO",47,3002," "," ",0,1,0,0,0,0,0,0,0,0,0,0,0,0,0,1,0,9529,"ITAPECERICA, ES DE",NA,"",29,"FREGUESIA DO O",1,0,"ITAPECERICA, ES DE 6520 SAO PAULO SP",-23.5505199,-46.6333094
"4079","D031302250",22268,"OSVALDO VALLE CORDEIRO, AV",NA,"",614,"","08/03/2013 07:20",2,"CO",66,1137," "," ",2,1,0,0,0,0,0,0,0,0,0,0,0,0,0,0,0,22268,"OSVALDO VALLE CORDEIRO, AV",NA,"",38,"JACANA",1,0,"OSVALDO VALLE CORDEIRO, AV 614 SAO PAULO SP",-23.5584912,-46.4904661
"4080","D031301590",10270,"JOAO DIAS, AV",NA,"",1819,"","08/03/2013 07:25",2,"CT",11,2650,"C"," ",1,1,0,0,0,0,0,0,0,0,0,0,0,0,0,0,0,10270,"JOAO DIAS, AV",NA,"",72,"SANTO AMARO",1,0,"JOAO DIAS, AV 1819 SAO PAULO SP",-23.6449319,-46.7179965
"4082","D031300309",14449,"NAZARE, AV",NA,"",1086,"","08/03/2013 07:30",4,"AT",17,1394," "," ",0,1,0,0,0,0,0,0,0,0,0,0,0,0,0,0,0,14449,"NAZARE, AV",NA,"",33,"IPIRANGA",1,0,"NAZARE, AV 1086 SAO PAULO SP",-23.594281,-46.6101175
"4083","D031300806",16339,"CARLOS LACERDA, AV",NA,"",2554,"","08/03/2013 07:40",2,"CO",37,3000," "," ",1,1,0,0,0,0,0,0,0,0,0,0,0,0,0,0,0,16339,"CARLOS LACERDA, AV",NA,"",29,"FREGUESIA DO O",2,0,"CARLOS LACERDA, AV 2554 SAO PAULO SP",-23.6543221,-46.7770366
"4086","D031301717",8368,"GUARAPIRANGA, AV",35858,"GUIDO CALOI, AV",0,"","08/03/2013 08:10",2,"CO",92,1527,"C"," ",1,1,0,0,0,0,0,0,0,0,0,0,0,0,0,0,0,8368,"GUARAPIRANGA, AV",35858,"GUIDO CALOI, AV",45,"JARDIM SAO LUIS",1,0,"GUARAPIRANGA, AV SAO PAULO SP &  GUIDO CALOI, AV SAO PAULO SP",-23.6663547,-46.7199235