"","id_acidente","codloga","logradouroA","codlogb","logradouroB","alt_num","referencia","data","cod_acid","tipo_acidente","dp","numero_BO","sentido","pista","automovel","moto","onibus","caminhao","bicicleta","moto_taxi","onibus_fretado","onibus_urbano","microonibus","van","vuc","caminhonete","carreta","jipe","outros","sem_informacao","carroca","princ_a","paiA","princ_b","paiB","cod_distrito","distrito","vit_ferida","vit_morta","local","lat","lon"
"4087","D031300814",46890,"ALEXIOS JAFET (ESTR.CAMPINAS), AV",NA,"",484,"","08/03/2013 08:10",2,"SI",46,1553," "," ",1,0,0,0,0,0,0,0,0,0,0,1,0,0,0,0,0,46890,"ALEXIOS JAFET (ESTR.CAMPINAS), AV",NA,"",41,"JARAGUA",1,0,"ALEXIOS JAFET (ESTR.CAMPINAS), AV 484 SAO PAULO SP",-23.5658497,-46.6531787
"4088","D031301880",9632,"ITINGUCU, RUA",4745,"BALTAZAR BRUM, RUA",0,"","08/03/2013 08:10",4,"AT",24,2459," "," ",1,0,0,0,0,0,0,0,0,0,0,0,0,0,0,0,0,4745,"BALTAZAR BRUM, RUA",9632,"ITINGUCU, RUA",60,"PENHA",1,0,"ITINGUCU, RUA SAO PAULO SP &  BALTAZAR BRUM, RUA SAO PAULO SP",-23.5270874,-46.5021154
"4089","D031300013",33667,"LESTE-OESTE, LIG",NA,"",100,"","08/03/2013 08:20",4,"AT",1,1912," "," ",1,0,0,0,0,0,0,0,0,0,0,0,0,0,0,0,0,33667,"LESTE-OESTE, LIG",NA,"",2,"ALTO DE PINHEIR",1,0,"LESTE-OESTE, LIG 100 SAO PAULO SP",-23.5505199,-46.6333094
"4090","D031301588",6238,"NACOES UNIDAS, AV DAS",11063,"JOSE MARIA, AV PDE",0,"","08/03/2013 08:40",2,"SI",11,2639," "," ",1,1,0,0,0,0,0,0,0,0,0,0,0,0,0,0,0,6238,"NACOES UNIDAS, AV DAS",11063,"JOSE MARIA, AV PDE",72,"SANTO AMARO",1,0,"NACOES UNIDAS, AV DAS SAO PAULO SP &  JOSE MARIA, AV PDE SAO PAULO SP",-23.5735935,-46.7008864
"4091","D031300260",15656,"PAULISTA, AV",NA,"",1000,"","08/03/2013 08:50",2,"CO",78,1920," "," ",0,0,0,0,1,0,0,1,0,0,0,0,0,0,0,0,0,15656,"PAULISTA, AV",NA,"",7,"BELA VISTA",1,0,"PAULISTA, AV 1000 SAO PAULO SP",-23.5647577,-46.6518495
"4092","D031301049",19884,"VOLUNTARIOS DA PATRIA, RUA",NA,"",2018,"","08/03/2013 09:10",4,"AT",13,2461," "," ",0,1,0,0,0,0,0,0,0,0,0,0,0,0,0,0,0,19884,"VOLUNTARIOS DA PATRIA, RUA",NA,"",8,"BELEM",1,0,"VOLUNTARIOS DA PATRIA, RUA 2018 SAO PAULO SP",-23.5025179,-46.6262969
"4093","D031302401",3961,"CAMBUCI, LGO DO",NA,"",167,"","08/03/2013 09:28",4,"AT",16,4186," "," ",1,0,0,0,0,0,0,0,0,0,0,0,0,0,0,0,0,3961,"CAMBUCI, LGO DO",NA,"",NA,"",0,1,"CAMBUCI, LGO DO 167 SAO PAULO SP",-23.5631758,-46.6202965
"4094","D031302143",9044,"RAGUEB CHOHFI, AV",2181,"ARICANDUVA, AV",0,"","08/03/2013 09:30",2,"CT",49,3256," "," ",2,0,0,0,0,0,0,0,0,0,0,0,0,0,0,0,0,2181,"ARICANDUVA, AV",9044,"RAGUEB CHOHFI, AV",75,"SAO MATEUS",1,0,"RAGUEB CHOHFI, AV SAO PAULO SP &  ARICANDUVA, AV SAO PAULO SP",-23.5962789,-46.4358414
"4095","D031300185",543,"ALCANTARA MACHADO, AV",NA,"",400,"","08/03/2013 09:40",2,"QD",8,1940," "," ",0,0,0,0,0,0,0,1,0,0,0,0,0,0,0,0,0,543,"ALCANTARA MACHADO, AV",NA,"",10,"BRAS",1,0,"ALCANTARA MACHADO, AV 400 SAO PAULO SP",-23.5523354,-46.6213285
"4096","D031300742",7500,"FRANCISCO MORATO, AV PROF",NA,"",4000,"","08/03/2013 10:15",2,"CO",34,1898," "," ",0,1,0,1,0,0,0,0,0,0,0,0,0,0,0,0,0,7500,"FRANCISCO MORATO, AV PROF",NA,"",12,"BUTANTA",1,0,"FRANCISCO MORATO, AV PROF 4000 SAO PAULO SP",-23.5931944,-46.7344347
"4097","D031301124",15916,"PEDRO DOLL, RUA",NA,"",300,"","08/03/2013 10:15",2,"CH",20,2099," "," ",3,0,0,0,0,0,0,0,0,0,0,0,0,0,0,0,0,15916,"PEDRO DOLL, RUA",NA,"",8,"BELEM",1,0,"PEDRO DOLL, RUA 300 SAO PAULO SP",-23.491498,-46.6289946
"4098","D031300559",16919,"REBOUCAS, AV",NA,"",3000,"","08/03/2013 11:00",2,"CT",14,2165,"B"," ",1,1,0,0,0,0,0,0,0,0,0,0,0,0,0,0,0,16919,"REBOUCAS, AV",NA,"",44,"JARDIM PAULISTA",1,0,"REBOUCAS, AV 3000 SAO PAULO SP",-23.5696407,-46.6883688
"4101","D031302202",99999,"METALURGICOS, AV DOS",NA,"",1200,"","08/03/2013 12:00",4,"AT",54,1354,"C"," ",0,1,0,0,0,0,0,0,0,0,0,0,0,0,0,0,0,99999,"METALURGICOS, AV DOS",NA,"",25,"CIDADE TIRADENT",1,0,"METALURGICOS, AV DOS 1200 SAO PAULO SP",-23.5934676,-46.4064384
"4102","D031301718",8368,"GUARAPIRANGA, AV",NA,"",2079,"","08/03/2013 12:15",2,"CH",92,1531," "," ",2,0,0,0,0,0,0,0,0,0,0,1,0,0,0,0,0,8368,"GUARAPIRANGA, AV",NA,"",45,"JARDIM SAO LUIS",1,0,"GUARAPIRANGA, AV 2079 SAO PAULO SP",-23.6861612,-46.7384327
"4103","D031300927",13014,"MARGINAL DO RIO PINHEIROS, AV",NA,"",16741,"","08/03/2013 12:25",2,"CO",89,1909," "," ",1,1,0,0,0,0,0,0,0,0,0,0,0,0,0,0,0,13014,"MARGINAL DO RIO PINHEIROS, AV",NA,"",40,"JAGUARE",1,0,"MARGINAL DO RIO PINHEIROS, AV 16741 SAO PAULO SP",-23.5604208,-46.6574734
"4104","D031300524",19080,"TONELERO, RUA",NA,"",1046,"","08/03/2013 12:30",2,"CO",7,1528," "," ",1,1,0,0,0,0,0,0,0,0,0,0,0,0,0,0,0,19080,"TONELERO, RUA",NA,"",14,"CAMBUCI",1,0,"TONELERO, RUA 1046 SAO PAULO SP",-23.5367855,-46.7059932
"4105","D031301050",4534,"BERNARDINO FANGANIELLO, RUA",NA,"",282,"","08/03/2013 12:40",4,"AT",13,2470," "," ",1,0,0,0,0,0,0,0,0,0,0,0,0,0,0,0,0,4534,"BERNARDINO FANGANIELLO, RUA",NA,"",21,"CASA VERDE",1,0,"BERNARDINO FANGANIELLO, RUA 282 SAO PAULO SP",-23.5130466,-46.6585932
"4106","D031300747",16337,"ELISEU DE ALMEIDA, AV",NA,"",2062,"","08/03/2013 12:45",2,"CO",34,1945," "," ",1,1,0,0,0,0,0,0,0,0,0,0,0,0,0,0,0,16337,"ELISEU DE ALMEIDA, AV",NA,"",0,"NULL",1,0,"ELISEU DE ALMEIDA, AV 2062 SAO PAULO SP",-23.5859875,-46.7311309
"4107","D031302251",75435,"ARRAIAS DO ARAGUAIA, AV",NA,"",23,"","08/03/2013 13:00",4,"AT",66,1141," "," ",0,1,0,0,0,0,0,0,0,0,0,0,0,0,0,0,0,75435,"ARRAIAS DO ARAGUAIA, AV",NA,"",27,"CURSINO",1,0,"ARRAIAS DO ARAGUAIA, AV 23 SAO PAULO SP",-23.5793262,-46.5020076
"4108","D031301014",29050,"EUGENIO DE FREITAS, RUA",NA,"",79,"","08/03/2013 13:10",4,"AT",9,1465," "," ",0,1,0,0,0,0,0,0,0,0,0,0,0,0,0,0,0,29050,"EUGENIO DE FREITAS, RUA",NA,"",88,"VILA GUILHERME",1,0,"EUGENIO DE FREITAS, RUA 79 SAO PAULO SP",-23.5194527,-46.6058396
"4109","D031301542",11234,"JOSE ZAPPI, RUA",NA,"",10,"","08/03/2013 13:10",4,"AT",57,969," "," ",0,1,0,0,0,0,0,0,0,0,0,0,0,0,0,0,0,11234,"JOSE ZAPPI, RUA",NA,"",95,"VILA PRUDENTE",1,0,"JOSE ZAPPI, RUA 10 SAO PAULO SP",-23.5809751,-46.5854704
"4110","D031300602",3697,"BUENO BRANDAO, RUA",6061,"DOMINGOS LEME, RUA",0,"","08/03/2013 13:55",2,"CO",15,1168," "," ",1,1,0,0,0,0,0,0,0,0,0,0,0,0,0,0,0,3697,"BUENO BRANDAO, RUA",6061,"DOMINGOS LEME, RUA",53,"MOEMA",1,0,"BUENO BRANDAO, RUA SAO PAULO SP &  DOMINGOS LEME, RUA SAO PAULO SP",-23.590291,-46.671719
"4111","D031300683",21354,"BENEDITO DA FONSECA RONDON, RUA",75034,"JOAO BEIL, RUA PDE",0,"","08/03/2013 14:00",2,"CL",33,2128," "," ",1,1,0,0,0,0,0,0,0,0,0,0,0,0,0,0,0,21354,"BENEDITO DA FONSECA RONDON, RUA",75034,"JOAO BEIL, RUA PDE",NA,"",1,0,"BENEDITO DA FONSECA RONDON, RUA SAO PAULO SP &  JOAO BEIL, RUA PDE SAO PAULO SP",-23.5022131,-46.7486611
"4112","D031302180",46936,"JACU-PESSEGO/NOVA TRABALHADORE, AV",NA,"",300,"","08/03/2013 14:00",4,"AT",53,1522," "," ",0,1,0,0,0,0,0,0,0,0,0,0,0,0,0,0,0,46936,"JACU-PESSEGO/NOVA TRABALHADORE, AV",NA,"",46,"JOSE BONIFACIO",1,0,"JACU-PESSEGO/NOVA TRABALHADORE, AV 300 SAO PAULO SP",-23.5300819,-46.4570282
"4113","D031300162",543,"ALCANTARA MACHADO, AV",3653,"BRESSER, RUA",0,"","08/03/2013 14:00",2,"CO",8,747," "," ",1,1,0,0,0,0,0,0,0,0,0,0,0,0,0,0,0,543,"ALCANTARA MACHADO, AV",3653,"BRESSER, RUA",54,"MOOCA",1,0,"ALCANTARA MACHADO, AV SAO PAULO SP &  BRESSER, RUA SAO PAULO SP",-23.5528151,-46.613419
"4114","D031300956",12436,"MACEDO SOARES, AV EMB",NA,"",10735,"","08/03/2013 15:00",2,"QM",91,1611," "," ",0,1,0,0,0,0,0,0,0,0,0,0,0,0,0,0,0,29772,"MARGINAL DO RIO TIETE, AV",NA,"",48,"LAPA",1,0,"MACEDO SOARES, AV EMB 10735 SAO PAULO SP",-23.5096473,-46.7095173
"4115","D031301088",14270,"MORVAN DIAS DE FIGUEIREDO, AV",NA,"",1809,"","08/03/2013 15:00",2,"CH",19,936," "," ",0,0,0,0,0,0,0,0,0,0,0,1,0,0,0,0,0,29772,"MARGINAL DO RIO TIETE, AV",NA,"",0,"NULL",1,0,"MORVAN DIAS DE FIGUEIREDO, AV 1809 SAO PAULO SP",-23.5195154,-46.6149555
"4116","D031301859",17820,"TITO, AV MAL",NA,"",2500,"","08/03/2013 15:00",2,"CO",22,1284,"B"," ",0,1,0,0,0,0,0,0,0,0,0,1,0,0,0,0,0,17820,"TITO, AV MAL",NA,"",53,"MOEMA",1,0,"TITO, AV MAL 2500 SAO PAULO SP",-23.4942385,-46.4220509
"4120","D031300631",7491,"FRANCISCO MATARAZZO, AV",NA,"",361,"","08/03/2013 15:52",4,"AT",23,1296," "," ",1,0,0,0,0,0,0,0,0,0,0,0,0,0,0,0,0,7491,"FRANCISCO MATARAZZO, AV",NA,"",6,"BARRA FUNDA",1,0,"FRANCISCO MATARAZZO, AV 361 SAO PAULO SP",-23.5302356,-46.6669569
"4121","D031301881",13881,"MIGUEL, AV S",NA,"",470,"","08/03/2013 17:00",2,"CO",24,2477," "," ",1,0,1,0,0,0,0,0,0,0,0,0,0,0,0,0,0,13881,"MIGUEL, AV S",NA,"",65,"PONTE RASA",1,0,"MIGUEL, AV S 470 SAO PAULO SP",-23.5186912,-46.5235574
"4122","D031302144",13671,"MATEO BEI, AV",NA,"",344,"","08/03/2013 17:10",2,"CO",49,3280," "," ",2,0,0,0,0,0,0,0,0,0,0,0,0,0,0,0,0,13671,"MATEO BEI, AV",NA,"",75,"SAO MATEUS",1,0,"MATEO BEI, AV 344 SAO PAULO SP",-23.5865436,-46.4912337
"4123","D031300672",19259,"TURIASSU, RUA",NA,"",1126,"","08/03/2013 17:14",4,"AT",23,900014," "," ",0,1,0,0,0,0,0,0,0,0,0,0,0,0,0,0,0,19259,"TURIASSU, RUA",NA,"",19,"CAPAO REDONDO",1,0,"TURIASSU, RUA 1126 SAO PAULO SP",-23.531767,-46.673793
"4124","D031300354",19931,"WASHINGTON LUIS, AV",NA,"",4800,"","08/03/2013 17:15",2,"CT",27,2441," "," ",1,1,0,0,0,0,0,0,0,0,0,0,0,0,0,0,0,19931,"WASHINGTON LUIS, AV",NA,"",30,"GRAJAU",1,0,"WASHINGTON LUIS, AV 4800 SAO PAULO SP",-23.6188231,-46.6623245
"4128","D031300353",10076,"JESUINO MACIEL, RUA DR",10918,"JOSE DINIZ, AV VER",0,"","08/03/2013 17:45",2,"CO",27,2433," "," ",2,1,0,0,0,0,0,0,0,0,0,0,0,0,0,0,0,10076,"JESUINO MACIEL, RUA DR",10918,"JOSE DINIZ, AV VER",15,"CAMPO BELO",1,0,"JESUINO MACIEL, RUA DR SAO PAULO SP &  JOSE DINIZ, AV VER SAO PAULO SP",-23.6241495,-46.6660284
"4130","D031301413",12461,"MACIEL MONTEIRO, RUA",7013,"FERNANDES PEREIRA, RUA",0,"","08/03/2013 18:05",4,"AT",21,2698," "," ",0,1,0,0,0,0,0,0,0,0,0,0,0,0,0,0,0,7013,"FERNANDES PEREIRA, RUA",12461,"MACIEL MONTEIRO, RUA",5,"ARTUR ALVIM",2,0,"MACIEL MONTEIRO, RUA SAO PAULO SP &  FERNANDES PEREIRA, RUA SAO PAULO SP",-23.5433984,-46.4929178
"4131","D031301051",19884,"VOLUNTARIOS DA PATRIA, RUA",14916,"OLAVO EGIDIO, RUA DR",0,"","08/03/2013 18:05",4,"AT",13,2488," "," ",1,0,0,0,0,0,0,0,0,0,0,0,0,0,0,0,0,14916,"OLAVO EGIDIO, RUA DR",19884,"VOLUNTARIOS DA PATRIA, RUA",71,"SANTANA",1,0,"VOLUNTARIOS DA PATRIA, RUA SAO PAULO SP &  OLAVO EGIDIO, RUA DR SAO PAULO SP",-23.5033096,-46.6263934
"4133","D031301784",7917,"GERALDO SANT'ANA, AV SARG",NA,"",427,"","08/03/2013 18:30",2,"CT",99,1291," "," ",0,2,0,0,0,0,0,0,0,0,0,0,0,0,0,0,0,7917,"GERALDO SANT'ANA, AV SARG",NA,"",16,"CAMPO GRANDE",1,0,"GERALDO SANT'ANA, AV SARG 427 SAO PAULO SP",-23.6634678,-46.6872402
"4134","D031301826",15507,"TEOTONIO VILELA, AV SEN",NA,"",7000,"","08/03/2013 19:00",4,"AT",101,1659," "," ",0,0,0,0,0,0,0,0,0,0,0,1,0,0,0,0,0,15507,"TEOTONIO VILELA, AV SEN",NA,"",23,"CIDADE DUTRA",2,0,"TEOTONIO VILELA, AV SEN 7000 SAO PAULO SP",-23.7567074,-46.7140567
"4135","D031301860",9806,"PIRES DO RIO, AV",NA,"",1071,"","08/03/2013 19:16",4,"AT",22,1288," "," ",0,1,0,0,0,0,0,0,0,0,0,0,0,0,0,0,0,9806,"PIRES DO RIO, AV",NA,"",76,"SAO MIGUEL",2,0,"PIRES DO RIO, AV 1071 SAO PAULO SP",-23.5054777,-46.4429169
"4136","D031301225",7102,"FERROVIARIOS, RUA DOS",NA,"",55,"","08/03/2013 19:20",2,"QM",39,2540," "," ",0,1,0,0,0,0,0,0,0,0,0,0,0,0,0,0,0,7102,"FERROVIARIOS, RUA DOS",NA,"",84,"TUCURUVI",1,0,"FERROVIARIOS, RUA DOS 55 SAO PAULO SP",-23.4813656,-46.6023197
"4137","D031301388",15304,"PAES DE BARROS, AV",NA,"",2620,"","08/03/2013 19:29",2,"CO",18,454," "," ",1,1,0,0,0,0,0,0,0,0,0,0,0,0,0,0,0,15304,"PAES DE BARROS, AV",NA,"",16,"CAMPO GRANDE",1,0,"PAES DE BARROS, AV 2620 SAO PAULO SP",-23.5753836,-46.5874671
"4138","D031300484",19583,"VERGUEIRO, RUA",NA,"",7933,"","08/03/2013 19:29",4,"AT",95,2031," "," ",1,0,0,0,0,0,0,0,0,0,0,0,0,0,0,0,0,19583,"VERGUEIRO, RUA",NA,"",33,"IPIRANGA",1,0,"VERGUEIRO, RUA 7933 SAO PAULO SP",-23.611756,-46.6079412
"4139","D031301015",4219,"ZAKI NARCHI, AV",NA,"",152,"","08/03/2013 19:30",2,"CO",9,1470," "," ",1,1,0,0,0,0,0,0,0,0,0,0,0,0,0,0,0,4219,"ZAKI NARCHI, AV",NA,"",88,"VILA GUILHERME",1,0,"ZAKI NARCHI, AV 152 SAO PAULO SP",-23.5116366,-46.6224631
"4140","D031300103",43615,"SERRA AZUL DE MINAS, RUA",NA,"",151,"","08/03/2013 20:00",4,"AT",4,1348," "," ",0,1,0,0,0,0,0,0,0,0,0,0,0,0,0,0,0,43615,"SERRA AZUL DE MINAS, RUA",NA,"",54,"MOOCA",1,0,"SERRA AZUL DE MINAS, RUA 151 SAO PAULO SP",-23.5131263,-46.3936022
"4144","D031302314",61830,"PRIMAVERA DE CAIENA, AV",NA,"",128,"","08/03/2013 20:55",2,"CF",70,2389," "," ",0,2,0,0,0,0,0,0,0,0,0,0,0,0,0,0,0,61830,"PRIMAVERA DE CAIENA, AV",NA,"",56,"PARELHEIROS",2,0,"PRIMAVERA DE CAIENA, AV 128 SAO PAULO SP",-23.6127621,-46.5110714
"4145","D031300560",18813,"TEODORO SAMPAIO, RUA",14282,"MOURATO COELHO, RUA",0,"","08/03/2013 21:38",4,"AT",14,2173," "," ",1,0,0,0,0,0,0,0,0,0,0,0,0,0,0,0,0,14282,"MOURATO COELHO, RUA",18813,"TEODORO SAMPAIO, RUA",63,"PINHEIROS",1,0,"TEODORO SAMPAIO, RUA SAO PAULO SP &  MOURATO COELHO, RUA SAO PAULO SP",-23.5652586,-46.6903013
"4146","D031302236",9589,"ADELIA CHOHFI, AV",NA,"",100,"","08/03/2013 21:57",4,"AT",55,3278," "," ",0,0,0,0,0,0,0,0,0,0,0,0,0,0,0,1,0,9589,"ADELIA CHOHFI, AV",NA,"",75,"SAO MATEUS",1,0,"ADELIA CHOHFI, AV 100 SAO PAULO SP",-23.6127067,-46.4765918
"4147","D031302115",63230,"POXIM, RUA",NA,"",68,"","08/03/2013 22:15",4,"AT",44,1528," "," ",1,0,0,0,0,0,0,0,0,0,0,0,0,0,0,0,0,63230,"POXIM, RUA",NA,"",50,"LIMAO",1,0,"POXIM, RUA 68 SAO PAULO SP",-23.558819,-46.4143504
"4148","D031300485",10208,"JOAO CLIMACO, ES S",8308,"GUANIQUE, RUA",0,"","08/03/2013 22:26",2,"SI",95,2037," "," ",1,0,1,0,0,0,0,0,0,0,0,0,0,0,0,0,0,8308,"GUANIQUE, RUA",10208,"JOAO CLIMACO, ES S",69,"SACOMA",1,0,"JOAO CLIMACO, ES S SAO PAULO SP &  GUANIQUE, RUA SAO PAULO SP",-23.5505199,-46.6333094
"4149","D031300687",1232,"ANASTACIO, AV DO",NA,"",1000,"","08/03/2013 22:30",2,"CO",33,2154," "," ",1,1,0,0,0,0,0,0,0,0,0,0,0,0,0,0,0,1232,"ANASTACIO, AV DO",NA,"",73,"SAO DOMINGOS",1,0,"ANASTACIO, AV DO 1000 SAO PAULO SP",-23.499812,-46.7344362
"4150","D031301566",11109,"JOSE MONTEIRO, RUA",NA,"",100,"","08/03/2013 22:43",4,"AT",81,1281," "," ",1,0,0,0,0,0,0,0,0,0,0,0,0,0,0,0,0,11109,"JOSE MONTEIRO, RUA",NA,"",8,"BELEM",1,0,"JOSE MONTEIRO, RUA 100 SAO PAULO SP",-23.5399549,-46.606507
"4151","D031302328",16838,"RAIMUNDO PEREIRA DE MAGAL., AV",NA,"",5200,"","08/03/2013 22:57",4,"AT",33,2144," "," ",1,0,0,0,0,0,0,0,0,0,0,0,0,0,0,0,0,16838,"RAIMUNDO PEREIRA DE MAGAL., AV",NA,"",31,"GUAIANASES",0,1,"RAIMUNDO PEREIRA DE MAGAL., AV 5200 SAO PAULO SP",-23.4851657,-46.7236853
"4152","D031300508",31520,"ANTONIO JOSE DOS SANTOS, AV PDE",999,"SANTO AMARO, AV",0,"","08/03/2013 23:15",2,"SI",96,2619," "," ",1,1,0,0,0,0,0,0,0,0,0,0,0,0,0,0,0,999,"SANTO AMARO, AV",31520,"ANTONIO JOSE DOS SANTOS, AV PDE",34,"ITAIM BIBI",1,0,"ANTONIO JOSE DOS SANTOS, AV PDE SAO PAULO SP &  SANTO AMARO, AV SAO PAULO SP",-23.5505199,-46.6333094
"4153","D031301263",16051,"PENHA BRASIL, AV GAL",NA,"",347,"","08/03/2013 23:45",2,"CH",72,2081," "," ",0,1,0,0,0,0,0,0,0,0,0,0,0,0,0,0,0,16051,"PENHA BRASIL, AV GAL",NA,"",48,"LAPA",2,0,"PENHA BRASIL, AV GAL 347 SAO PAULO SP",-23.4597696,-46.6732602
"4155","D031302016",7552,"FRANCISCO RODRIGUES SECKLER, RUA",NA,"",520,"","09/03/2013 00:30",2,"CO",64,2493," "," ",0,1,1,0,0,0,0,0,0,0,0,0,0,0,0,0,0,7552,"FRANCISCO RODRIGUES SECKLER, RUA",NA,"",36,"ITAQUERA",1,0,"FRANCISCO RODRIGUES SECKLER, RUA 520 SAO PAULO SP",-23.5274319,-46.4551136
"4156","D031302212",45354,"SARA KUBITSCHEK, RUA",99327,"NAYLOR DE OLIVEIRA, AV",0,"","09/03/2013 02:20",2,"CF",54,3331," "," ",0,2,0,0,0,0,0,0,0,0,0,0,0,0,0,0,0,45354,"SARA KUBITSCHEK, RUA",99327,"NAYLOR DE OLIVEIRA, AV",25,"CIDADE TIRADENT",1,0,"SARA KUBITSCHEK, RUA SAO PAULO SP &  NAYLOR DE OLIVEIRA, AV SAO PAULO SP",-23.580707,-46.4041414
"4157","D031300919",13014,"MARGINAL DO RIO PINHEIROS, AV",NA,"",12,"","09/03/2013 02:46",2,"CO",89,1500," "," ",1,0,0,0,0,0,0,0,0,0,0,0,0,0,0,0,0,13014,"MARGINAL DO RIO PINHEIROS, AV",NA,"",40,"JAGUARE",4,0,"MARGINAL DO RIO PINHEIROS, AV 12 SAO PAULO SP",-23.4453173,-46.5790431
"4158","D031300462",15017,"FRANCISCO DE TOURINHO, TR",NA,"",43,"","09/03/2013 03:51",2,"CF",83,2041," "," ",1,1,0,0,0,0,0,0,0,0,0,0,0,0,0,0,0,15017,"FRANCISCO DE TOURINHO, TR",NA,"",49,"LIBERDADE",1,0,"FRANCISCO DE TOURINHO, TR 43 SAO PAULO SP",-23.5112448,-46.5110102
"4159","D031300519",5077,"CLEMENTE ALVARES, RUA",NA,"",100,"","09/03/2013 04:30",2,"CO",7,489," "," ",1,0,0,0,0,0,0,0,0,1,0,0,0,0,0,0,0,5077,"CLEMENTE ALVARES, RUA",NA,"",48,"LAPA",1,0,"CLEMENTE ALVARES, RUA 100 SAO PAULO SP",-23.5208381,-46.7036619
"4160","D031300686",1429,"ANHANGUERA, VIA",NA,"",14300,"","09/03/2013 04:32",2,"CT",33,2148," "," ",1,0,0,1,0,0,0,0,0,0,0,0,0,0,0,0,0,1429,"ANHANGUERA, VIA",NA,"",73,"SAO DOMINGOS",1,0,"ANHANGUERA, VIA 14300 SAO PAULO SP",-23.4900941,-46.7665396
"4161","D031301910",46936,"JACU-PESSEGO/NOVA TRABALHADORE, AV",NA,"",4600,"","09/03/2013 05:50",2,"CL",32,1589," "," ",1,1,0,0,0,0,0,0,0,0,0,0,0,0,0,0,0,46936,"JACU-PESSEGO/NOVA TRABALHADORE, AV",NA,"",46,"JOSE BONIFACIO",1,0,"JACU-PESSEGO/NOVA TRABALHADORE, AV 4600 SAO PAULO SP",-23.5792929,-46.4427658
"4162","D031301482",19708,"VILA EMA, AV",NA,"",3881,"","09/03/2013 06:30",2,"CH",42,882," "," ",2,0,0,0,0,0,0,0,0,0,0,0,0,0,0,0,0,19708,"VILA EMA, AV",NA,"",26,"CONSOLACAO",1,0,"VILA EMA, AV 3881 SAO PAULO SP",-23.5894985,-46.5425131
"4163","D031301086",4775,"CEREJEIRAS, AV DAS",NA,"",340,"","09/03/2013 06:41",2,"CH",19,899," "," ",1,0,0,0,0,0,0,0,0,0,0,0,0,0,0,0,0,4775,"CEREJEIRAS, AV DAS",NA,"",94,"VILA MEDEIROS",2,0,"CEREJEIRAS, AV DAS 340 SAO PAULO SP",-23.5123494,-46.5804445
"4164","D031302386",15507,"TEOTONIO VILELA, AV SEN",NA,"",5000,"","09/03/2013 06:50",2,"CT",101,1668," "," ",1,1,0,1,0,0,0,0,0,0,0,0,0,0,0,0,0,15507,"TEOTONIO VILELA, AV SEN",NA,"",NA,"",0,1,"TEOTONIO VILELA, AV SEN 5000 SAO PAULO SP",-23.7592428,-46.7153524
"4166","D031301290",6224,"EDU CHAVES, AV",4749,"ANTENOR NAVARRO, AV",0,"","09/03/2013 07:00",2,"CO",73,910," "," ",1,1,0,0,0,0,0,0,0,0,0,0,0,0,0,0,0,4749,"ANTENOR NAVARRO, AV",6224,"EDU CHAVES, AV",94,"VILA MEDEIROS",1,0,"EDU CHAVES, AV SAO PAULO SP &  ANTENOR NAVARRO, AV SAO PAULO SP",-23.4721429,-46.5718386
"4167","D031300788",99949,"CARLOS CALDEIRA FILHO, AV",NA,"",15,"","09/03/2013 07:10",2,"CO",37,2381," "," ",1,1,0,0,0,0,0,0,0,0,0,0,0,0,0,0,0,99949,"CARLOS CALDEIRA FILHO, AV",NA,"",19,"CAPAO REDONDO",1,0,"CARLOS CALDEIRA FILHO, AV 15 SAO PAULO SP",-23.6518674,-46.7606243
"4168","D031301326",6361,"ELISIO TEIXEIRA LEITE, AV",NA,"",7200,"","09/03/2013 07:33",2,"CT",74,912," "," ",0,1,1,0,0,0,0,0,0,0,0,0,0,0,0,0,0,6361,"ELISIO TEIXEIRA LEITE, AV",NA,"",29,"FREGUESIA DO O",1,0,"ELISIO TEIXEIRA LEITE, AV 7200 SAO PAULO SP",-23.4392491,-46.7170236
"4169","D031300766",99949,"CARLOS CALDEIRA FILHO, AV",NA,"",1000,"","09/03/2013 07:40",2,"CO",37,1946," "," ",1,1,0,0,0,0,0,0,0,0,0,0,0,0,0,0,0,99949,"CARLOS CALDEIRA FILHO, AV",NA,"",19,"CAPAO REDONDO",1,0,"CARLOS CALDEIRA FILHO, AV 1000 SAO PAULO SP",-23.643331,-46.74754
"4170","D031301325",15425,"CANTIDIO SAMPAIO, AV DEP",NA,"",3500,"","09/03/2013 07:48",4,"AT",74,903,"B"," ",0,1,0,0,0,0,0,0,0,0,0,0,0,0,0,0,0,15425,"CANTIDIO SAMPAIO, AV DEP",NA,"",41,"JARAGUA",1,0,"CANTIDIO SAMPAIO, AV DEP 3500 SAO PAULO SP",-23.454143,-46.6964363
"4171","D031301959",21253,"AGUIA DE HAIA, AV",NA,"",3601,"","09/03/2013 08:07",2,"CT",62,800," "," ",1,0,1,0,0,0,0,0,0,0,0,0,0,0,0,0,0,21253,"AGUIA DE HAIA, AV",NA,"",0,"NULL",3,0,"AGUIA DE HAIA, AV 3601 SAO PAULO SP",-23.5148349,-46.4767775
"4172","D031300496",19100,"BANDEIRANTES, AV DOS",NA,"",2094,"","09/03/2013 08:10",2,"CL",96,1091," "," ",1,1,0,0,0,0,0,0,0,0,0,0,0,0,0,0,0,19100,"BANDEIRANTES, AV DOS",NA,"",24,"CIDADE LIDER",1,0,"BANDEIRANTES, AV DOS 2094 SAO PAULO SP",-23.6091336,-46.676464