"","id_acidente","codloga","logradouroA","codlogb","logradouroB","alt_num","referencia","data","cod_acid","tipo_acidente","dp","numero_BO","sentido","pista","automovel","moto","onibus","caminhao","bicicleta","moto_taxi","onibus_fretado","onibus_urbano","microonibus","van","vuc","caminhonete","carreta","jipe","outros","sem_informacao","carroca","princ_a","paiA","princ_b","paiB","cod_distrito","distrito","vit_ferida","vit_morta","local","lat","lon"
"4246","D031300063",4659,"CAXIAS, AV DUQ DE",17115,"RIO BRANCO, AV",0,"","10/03/2013 07:09",2,"CO",3,1381," "," ",1,1,0,0,0,0,0,0,0,0,0,0,0,0,0,0,0,4659,"CAXIAS, AV DUQ DE",17115,"RIO BRANCO, AV",67,"REPUBLICA",1,0,"CAXIAS, AV DUQ DE SAO PAULO SP &  RIO BRANCO, AV SAO PAULO SP",-23.5505199,-46.6333094
"4247","D031300563",6897,"FARIA LIMA, AV BRIG",18813,"TEODORO SAMPAIO, RUA",0,"","10/03/2013 07:24",2,"CH",14,2219," "," ",1,0,0,0,0,0,0,0,0,0,0,0,0,0,0,0,0,6897,"FARIA LIMA, AV BRIG",18813,"TEODORO SAMPAIO, RUA",63,"PINHEIROS",1,0,"FARIA LIMA, AV BRIG SAO PAULO SP &  TEODORO SAMPAIO, RUA SAO PAULO SP",-23.5786046,-46.685823
"4248","D031301882",30522,"EMBIRA, RUA",NA,"",494,"","10/03/2013 08:10",2,"CH",24,2519,"B"," ",1,0,0,0,0,0,0,0,0,0,0,0,0,0,0,0,0,30522,"EMBIRA, RUA",NA,"",49,"LIBERDADE",1,0,"EMBIRA, RUA 494 SAO PAULO SP",-23.5151709,-46.5000159
"4249","D031300833",63821,"MANUEL BICUDO DE AGUIRRE, RUA",NA,"",63,"","10/03/2013 09:00",4,"AT",46,2193," "," ",1,0,0,0,0,0,0,0,0,0,0,0,0,0,0,0,0,63821,"MANUEL BICUDO DE AGUIRRE, RUA",NA,"",31,"GUAIANASES",1,0,"MANUEL BICUDO DE AGUIRRE, RUA 63 SAO PAULO SP",-23.4770925,-46.7562669
"4251","D031300486",1247,"ANCHIETA, VIA",NA,"",1405,"","10/03/2013 10:02",4,"AT",95,2081," "," ",1,0,0,0,0,0,0,0,0,0,0,0,0,0,0,0,0,1247,"ANCHIETA, VIA",NA,"",33,"IPIRANGA",1,0,"ANCHIETA, VIA 1405 SAO PAULO SP",-23.6139753,-46.6008407
"4252","D031302181",36392,"MASATO MISAWA, RUA",NA,"",488,"","10/03/2013 11:11",2,"CF",53,1555," "," ",0,1,0,0,0,0,0,0,0,0,0,1,0,0,0,0,0,36392,"MASATO MISAWA, RUA",NA,"",51,"MANDAQUI",1,0,"MASATO MISAWA, RUA 488 SAO PAULO SP",-23.5650555,-46.4415159
"4253","D031301883",2429,"ASSIS RIBEIRO, RUA DR",NA,"",5500,"","10/03/2013 11:30",4,"AT",24,2521," "," ",1,0,0,0,0,0,0,0,0,0,0,0,0,0,0,0,0,2429,"ASSIS RIBEIRO, RUA DR",NA,"",28,"ERMELINO MATARA",1,0,"ASSIS RIBEIRO, RUA DR 5500 SAO PAULO SP",-23.4901542,-46.5051279
"4254","D031301993",46936,"JACU-PESSEGO/NOVA TRABALHADORE, AV",8025,"MONTANHAS, RUA",0,"","10/03/2013 11:50",2,"SI",63,2354," "," ",3,0,0,0,0,0,0,0,0,0,0,0,0,0,0,0,0,184,"ADELINO, RUA",46936,"JACU-PESSEGO/NOVA TRABALHADORE, AV",36,"ITAQUERA",4,0,"JACU-PESSEGO/NOVA TRABALHADORE, AV SAO PAULO SP &  MONTANHAS, RUA SAO PAULO SP",-23.5754203,-46.4449094
"4255","D031300551",16919,"REBOUCAS, AV",15114,"OSCAR FREIRE, RUA",0,"","10/03/2013 12:00",2,"QD",14,2051," "," ",0,0,1,0,0,0,0,0,0,0,0,0,0,0,0,0,0,15114,"OSCAR FREIRE, RUA",16919,"REBOUCAS, AV",44,"JARDIM PAULISTA",1,0,"REBOUCAS, AV SAO PAULO SP &  OSCAR FREIRE, RUA SAO PAULO SP",-23.5666153,-46.6829404
"4256","D031302286",98941,"JACQUES BREL, TR",NA,"",630,"","10/03/2013 12:21",4,"AT",69,2435," "," ",1,0,0,0,0,0,0,0,0,0,0,0,0,0,0,0,0,98941,"JACQUES BREL, TR",NA,"",78,"SAPOPEMBA",2,0,"JACQUES BREL, TR 630 SAO PAULO SP",-23.5505199,-46.6333094
"4257","D031302239",63061,"GASPAR MADEIRA, RUA",NA,"",14,"","10/03/2013 12:35",4,"AT",55,3364," "," ",0,0,0,0,0,0,0,0,1,0,0,0,0,0,0,0,0,63061,"GASPAR MADEIRA, RUA",NA,"",0,"NULL",1,0,"GASPAR MADEIRA, RUA 14 SAO PAULO SP",-23.6270909,-46.458911
"4258","D031300317",6642,"ESTADO, AV DO",NA,"",8777,"","10/03/2013 13:47",2,"SI",17,3213," "," ",1,0,0,1,0,0,0,0,0,0,0,0,0,0,0,0,0,6642,"ESTADO, AV DO",NA,"",9,"BOM RETIRO",2,0,"ESTADO, AV DO 8777 SAO PAULO SP",-23.5844071,-46.599129
"4259","D031301721",64259,"AMON, TR",NA,"",99,"","10/03/2013 14:00",2,"CF",92,1619," "," ",0,1,0,0,0,0,0,0,0,0,0,1,0,0,0,0,0,64259,"AMON, TR",NA,"",32,"IGUATEMI",1,0,"AMON, TR 99 SAO PAULO SP",-23.5533658,-46.4342683
"4260","D031301504",4736,"CELSO GARCIA, AV",NA,"",4900,"","10/03/2013 14:20",2,"QD",52,2812," "," ",0,0,1,0,0,0,0,0,0,0,0,0,0,0,0,0,0,4736,"CELSO GARCIA, AV",NA,"",82,"TATUAPE",1,0,"CELSO GARCIA, AV 4900 SAO PAULO SP",-23.5336227,-46.5653577
"4261","D031300969",4781,"CERRO CORA, RUA",5885,"DIOGENES RIBEIRO DE LIMA, AV",0,"","10/03/2013 14:30",2,"CT",91,2233," "," ",2,0,0,0,0,0,0,0,0,0,0,0,0,0,0,0,0,4781,"CERRO CORA, RUA",5885,"DIOGENES RIBEIRO DE LIMA, AV",48,"LAPA",1,0,"CERRO CORA, RUA SAO PAULO SP &  DIOGENES RIBEIRO DE LIMA, AV SAO PAULO SP",-23.5353251,-46.7151092
"4262","D031300669",7781,"VICENTE MIGUEL MARINO, RUA CON",NA,"",250,"","10/03/2013 14:50",2,"CO",23,2483," "," ",1,1,0,0,0,0,0,0,0,0,0,0,0,0,0,0,0,7781,"VICENTE MIGUEL MARINO, RUA CON",NA,"",70,"SANTA CECILIA",1,0,"VICENTE MIGUEL MARINO, RUA CON 250 SAO PAULO SP",-23.526899,-46.6506272
"4263","D031300805",99949,"CARLOS CALDEIRA FILHO, AV",29212,"BOM CONSELHO, RUA NSRA DO",0,"","10/03/2013 14:50",2,"CO",37,2843," "," ",1,1,0,0,0,0,0,0,0,0,0,0,0,0,0,0,0,29212,"BOM CONSELHO, RUA NSRA DO",99949,"CARLOS CALDEIRA FILHO, AV",45,"JARDIM SAO LUIS",1,0,"CARLOS CALDEIRA FILHO, AV SAO PAULO SP &  BOM CONSELHO, RUA NSRA DO SAO PAULO SP",-23.6481998,-46.7582692
"4264","D031301889",67533,"NOVO ORIENTE DO PIAUI, RUA",NA,"",400,"","10/03/2013 15:00",2,"CO",24,2661," "," ",2,0,0,0,0,0,0,0,0,0,0,0,0,0,0,0,0,67533,"NOVO ORIENTE DO PIAUI, RUA",NA,"",49,"LIBERDADE",1,0,"NOVO ORIENTE DO PIAUI, RUA 400 SAO PAULO SP",-23.4938417,-46.504536
"4265","D031300282",14642,"NOE AZEVEDO, AV PROF",6013,"DOMINGOS DE MORAIS, RUA",0,"","10/03/2013 15:21",2,"CT",16,3215," "," ",1,1,0,0,0,0,0,0,0,0,0,0,0,0,0,0,0,6013,"DOMINGOS DE MORAIS, RUA",14642,"NOE AZEVEDO, AV PROF",92,"VILA MARIANA",1,0,"NOE AZEVEDO, AV PROF SAO PAULO SP &  DOMINGOS DE MORAIS, RUA SAO PAULO SP",-23.5888326,-46.6346832
"4266","D031301807",12403,"M'BOI MIRIM, ES",NA,"",7815,"","10/03/2013 15:30",2,"CO",100,1330," "," ",1,1,0,0,0,0,0,0,0,0,0,0,0,0,0,0,0,12403,"M'BOI MIRIM, ES",NA,"",42,"JARDIM ANGELA",2,0,"M'BOI MIRIM, ES 7815 SAO PAULO SP",-23.5505199,-46.6333094
"4267","D031300286",9159,"INDIANOPOLIS, AV",NA,"",1151,"","10/03/2013 15:45",2,"CO",16,3278," "," ",2,0,0,0,0,0,0,0,0,0,0,0,0,0,0,0,0,9159,"INDIANOPOLIS, AV",NA,"",79,"SAUDE",2,0,"INDIANOPOLIS, AV 1151 SAO PAULO SP",-23.6088379,-46.6521782
"4268","D031302053",14095,"ANTONIO MANZI, RUA CON",NA,"",126,"","10/03/2013 15:55",2,"CH",67,2938," "," ",1,0,0,0,0,0,0,0,0,0,0,0,0,0,0,0,0,14095,"ANTONIO MANZI, RUA CON",NA,"",50,"LIMAO",1,0,"ANTONIO MANZI, RUA CON 126 SAO PAULO SP",-23.5239663,-46.4167633
"4269","D031301054",21876,"CAMPO DE BAGATELLE, PCA",NA,"",10,"","10/03/2013 16:00",2,"CT",13,2557," "," ",1,1,0,0,0,0,0,0,0,0,0,0,0,0,0,0,0,21876,"CAMPO DE BAGATELLE, PCA",NA,"",8,"BELEM",1,0,"CAMPO DE BAGATELLE, PCA 10 SAO PAULO SP",-23.5147328,-46.628411
"4270","D031300514",21314,"ARMANDO DE ALCANTARA, RUA DR",NA,"",5200,"","10/03/2013 16:24",2,"CO",97,2087," "," ",0,1,1,0,0,0,0,0,0,0,0,0,0,0,0,0,0,21314,"ARMANDO DE ALCANTARA, RUA DR",NA,"",13,"CACHOEIRINHA",1,0,"ARMANDO DE ALCANTARA, RUA DR 5200 SAO PAULO SP",-23.5791964,-46.7499114
"4274","D031301982",23879,"LARANJA DA CHINA, AV",3971,"FLOR DE INVERNO, RUA",0,"","10/03/2013 17:00",2,"CO",63,1782," "," ",1,1,0,0,0,0,0,0,0,0,0,0,0,0,0,0,0,3971,"FLOR DE INVERNO, RUA",23879,"LARANJA DA CHINA, AV",89,"VILA JACUI",1,0,"LARANJA DA CHINA, AV SAO PAULO SP &  FLOR DE INVERNO, RUA SAO PAULO SP",-23.5087194,-46.4599216
"4275","D031300834",99167,"ALBERTO CALLIX, RUA",NA,"",566,"","10/03/2013 17:30",4,"AT",46,2209," "," ",0,1,0,0,0,0,0,0,0,0,0,0,0,0,0,0,0,99167,"ALBERTO CALLIX, RUA",NA,"",3,"ANHANGUERA",2,0,"ALBERTO CALLIX, RUA 566 SAO PAULO SP",-23.4382716,-46.7929415
"4276","D031300767",34682,"CAMPO LIMPO, ES DO",65011,"ISIDORO LARRAIA, RUA",0,"","10/03/2013 17:40",2,"CO",37,1987," "," ",1,1,0,0,0,0,0,0,0,0,0,0,0,0,0,0,0,34682,"CAMPO LIMPO, ES DO",65011,"ISIDORO LARRAIA, RUA",NA,"",1,0,"CAMPO LIMPO, ES DO SAO PAULO SP &  ISIDORO LARRAIA, RUA SAO PAULO SP",-23.2019463,-46.785846
"4277","D031302387",4970,"JOAO MARIA DE ALMEIDA, AV",NA,"",824,"","10/03/2013 18:00",4,"AT",26,2098," "," ",0,1,0,0,0,0,0,0,0,0,0,0,0,0,0,0,0,4970,"JOAO MARIA DE ALMEIDA, AV",NA,"",42,"JARDIM ANGELA",2,1,"JOAO MARIA DE ALMEIDA, AV 824 SAO PAULO SP",-23.6622312,-46.6485778
"4278","D031302333",3771,"INAJAR DE SOUZA, AV",NA,"",5756,"","10/03/2013 18:27",4,"AT",28,1318," "," ",0,0,0,0,0,0,0,0,0,0,0,0,0,0,0,1,0,3771,"INAJAR DE SOUZA, AV",NA,"",50,"LIMAO",0,1,"INAJAR DE SOUZA, AV 5756 SAO PAULO SP",-23.4611618,-46.6727536
"4279","D031301188",13374,"MARIANA CALIGIORI RONCHETTI, AV",NA,"",830,"","10/03/2013 18:30",2,"CO",38,2143,"B"," ",0,1,0,0,0,0,0,0,0,0,0,1,0,0,0,0,0,13374,"MARIANA CALIGIORI RONCHETTI, AV",NA,"",13,"CACHOEIRINHA",1,0,"MARIANA CALIGIORI RONCHETTI, AV 830 SAO PAULO SP",-23.4588497,-46.6570909
"4280","D031301287",75982,"MANUEL AQUILINO DOS SANTOS, RUA",NA,"",18,"","10/03/2013 18:30",2,"CO",72,2847," "," ",2,0,0,0,0,0,0,0,0,0,0,0,0,0,0,0,0,75982,"MANUEL AQUILINO DOS SANTOS, RUA",NA,"",8,"BELEM",1,0,"MANUEL AQUILINO DOS SANTOS, RUA 18 SAO PAULO SP",-23.4605419,-46.6840624
"4281","D031300958",15567,"PASSAGEM, RUA BR DA",NA,"",50,"","10/03/2013 18:30",4,"AT",91,1656," "," ",1,0,0,0,0,0,0,0,0,0,0,0,0,0,0,0,0,15567,"PASSAGEM, RUA BR DA",NA,"",90,"VILA LEOPOLDINA",1,0,"PASSAGEM, RUA BR DA 50 SAO PAULO SP",-20.235558,-50.8951272
"4282","D031300980",99321,"TRES ARAPONGAS, RUA",NA,"",11,"","10/03/2013 18:45",4,"AT",93,1648," "," ",1,0,0,0,0,0,0,0,0,0,0,0,0,0,0,0,0,99321,"TRES ARAPONGAS, RUA",NA,"",NA,"",1,0,"TRES ARAPONGAS, RUA 11 SAO PAULO SP",-23.5482998,-46.7427921
"4283","D031301303",40418,"AUGUSTO RODRIGUES, RUA",NA,"",680,"","10/03/2013 19:10",4,"AT",73,2511," "," ",0,1,0,0,0,0,0,0,0,0,0,0,0,0,0,0,0,40418,"AUGUSTO RODRIGUES, RUA",NA,"",83,"TREMEMBE",1,0,"AUGUSTO RODRIGUES, RUA 680 SAO PAULO SP",-23.4346171,-46.5782475
"4284","D031302097",38984,"PORFIRIO DA PAZ, AV GAL",NA,"",16,"","10/03/2013 19:15",2,"CO",41,2453," "," ",1,1,0,0,0,0,0,0,0,0,0,0,0,0,0,0,0,38984,"PORFIRIO DA PAZ, AV GAL",NA,"",78,"SAPOPEMBA",1,0,"PORFIRIO DA PAZ, AV GAL 16 SAO PAULO SP",-23.5871427,-46.5189596
"4285","D031301519",15275,"PACHECO E CHAVES, RUA CAP",NA,"",1111,"","10/03/2013 19:24",4,"AT",56,1510," "," ",1,0,0,0,0,0,0,0,0,0,0,0,0,0,0,0,0,15275,"PACHECO E CHAVES, RUA CAP",NA,"",26,"CONSOLACAO",1,0,"PACHECO E CHAVES, RUA CAP 1111 SAO PAULO SP",-23.5816382,-46.5871316
"4286","D031301754",5606,"CUPECE, AV",7764,"GARCIA DE AVILA, AV",0,"","10/03/2013 20:40",4,"AT",98,2637," "," ",0,1,0,0,0,0,0,0,0,0,0,0,0,0,0,0,0,5606,"CUPECE, AV",7764,"GARCIA DE AVILA, AV",22,"CIDADE ADEMAR",2,0,"CUPECE, AV SAO PAULO SP &  GARCIA DE AVILA, AV SAO PAULO SP",-23.6626179,-46.6622987
"4287","D031302070",15165,"OSVALDO DE OLIVEIRA, AV PROF",NA,"",100,"","10/03/2013 21:00",2,"CH",103,1016," "," ",1,0,0,0,0,0,0,0,0,0,0,0,0,0,0,0,0,15165,"OSVALDO DE OLIVEIRA, AV PROF",NA,"",51,"MANDAQUI",1,0,"OSVALDO DE OLIVEIRA, AV PROF 100 SAO PAULO SP",-23.5413453,-46.4266467
"4288","D031302388",14743,"SABARA, AV NSRA DO",NA,"",3400,"","10/03/2013 21:00",4,"AT",97,671," "," ",1,0,0,0,0,0,0,0,0,0,0,0,0,0,0,0,0,14743,"SABARA, AV NSRA DO",NA,"",16,"CAMPO GRANDE",0,1,"SABARA, AV NSRA DO 3400 SAO PAULO SP",-23.5505199,-46.6333094
"4289","D031302019",3431,"BOICORA, RUA",NA,"",256,"","10/03/2013 21:00",4,"AT",64,2544," "," ",0,0,0,0,0,0,0,0,0,0,0,1,0,0,0,0,0,3431,"BOICORA, RUA",NA,"",51,"MANDAQUI",2,0,"BOICORA, RUA 256 SAO PAULO SP",-23.5396621,-46.4805191
"4290","D031301884",98965,"CALIM EID, AV",NA,"",1408,"","10/03/2013 21:25",2,"CO",24,2545," "," ",1,1,0,0,0,0,0,0,0,0,0,0,0,0,0,0,0,98965,"CALIM EID, AV",NA,"",60,"PENHA",1,0,"CALIM EID, AV 1408 SAO PAULO SP",-23.5205006,-46.4991598
"4291","D031301938",37041,"MARCO ANTONIO SETTI, RUA",NA,"",500,"","10/03/2013 21:40",4,"AT",50,2982," "," ",0,1,0,0,0,0,0,0,0,0,0,0,0,0,0,0,0,37041,"MARCO ANTONIO SETTI, RUA",NA,"",54,"MOOCA",1,0,"MARCO ANTONIO SETTI, RUA 500 SAO PAULO SP",-23.5070143,-46.3695521
"4292","D031301793",14743,"SABARA, AV NSRA DO",NA,"",3472,"","10/03/2013 21:45",4,"AT",99,2719," "," ",1,0,0,0,0,0,0,0,0,0,0,0,0,0,0,0,0,14743,"SABARA, AV NSRA DO",NA,"",16,"CAMPO GRANDE",1,0,"SABARA, AV NSRA DO 3472 SAO PAULO SP",-23.5505199,-46.6333094
"4293","D031301520",27094,"SALIM FARAH MALUF, AV",19708,"VILA EMA, AV",0,"","10/03/2013 22:07",4,"AT",56,1517," "," ",0,1,0,0,0,0,0,0,0,0,0,0,0,0,0,0,0,19708,"VILA EMA, AV",27094,"SALIM FARAH MALUF, AV",95,"VILA PRUDENTE",1,0,"SALIM FARAH MALUF, AV SAO PAULO SP &  VILA EMA, AV SAO PAULO SP",-23.5555392,-46.5773751
"4294","D031301189",33642,"MASAO WATANABE, AV",NA,"",783,"","10/03/2013 23:00",4,"AT",38,2157," "," ",0,1,0,0,0,0,0,0,0,0,0,0,0,0,0,0,0,33642,"MASAO WATANABE, AV",NA,"",8,"BELEM",1,0,"MASAO WATANABE, AV 783 SAO PAULO SP",-23.4603558,-46.665501
"4295","D031300157",15967,"PEDRO I, AV DOM",NA,"",594,"","10/03/2013 23:00",4,"AT",8,1785," "," ",0,0,0,0,0,0,0,0,0,0,0,0,0,0,0,1,0,15967,"PEDRO I, AV DOM",NA,"",12,"BUTANTA",1,0,"PEDRO I, AV DOM 594 SAO PAULO SP",-23.5705441,-46.6114258
"4296","D031301443",6741,"EUCLIDES PACHECO, RUA",5153,"COELHO LISBOA, RUA",0,"","10/03/2013 23:00",2,"CO",30,1324," "," ",4,0,0,0,0,0,0,0,0,0,0,0,0,0,0,0,0,5153,"COELHO LISBOA, RUA",6741,"EUCLIDES PACHECO, RUA",82,"TATUAPE",1,0,"EUCLIDES PACHECO, RUA SAO PAULO SP &  COELHO LISBOA, RUA SAO PAULO SP",-23.5455459,-46.5550439
"4297","D031300464",5618,"CURSINO, AV DO",NA,"",6520,"","11/03/2013 00:05",2,"CF",83,2101," "," ",0,1,0,0,0,0,0,0,0,0,0,1,0,0,0,0,0,5618,"CURSINO, AV DO",NA,"",27,"CURSINO",1,0,"CURSINO, AV DO 6520 SAO PAULO SP",-23.6558231,-46.614413
"4298","D031301521",65634,"FRANCISCO FALCONI, AV",NA,"",1000,"","11/03/2013 00:09",2,"CO",56,1521," "," ",1,1,0,0,0,0,0,0,0,0,0,0,0,0,0,0,0,65634,"FRANCISCO FALCONI, AV",NA,"",26,"CONSOLACAO",1,0,"FRANCISCO FALCONI, AV 1000 SAO PAULO SP",-23.5911413,-46.5670008
"4299","D031302075",35915,"VIRGINIA FERNI, RUA",35955,"ALFREDO RICCI, RUA",0,"","11/03/2013 00:10",2,"CH",103,1785," "," ",1,0,0,0,0,0,0,0,0,0,0,0,0,0,0,0,0,35915,"VIRGINIA FERNI, RUA",35955,"ALFREDO RICCI, RUA",NA,"",2,0,"VIRGINIA FERNI, RUA SAO PAULO SP &  ALFREDO RICCI, RUA SAO PAULO SP",-23.5408646,-46.4395363
"4300","D031300283",19128,"TRES DE MAIO, RUA",NA,"",280,"","11/03/2013 00:20",2,"CO",16,3225," "," ",1,0,0,0,0,0,0,0,0,0,0,1,0,0,0,0,0,19128,"TRES DE MAIO, RUA",NA,"",21,"CASA VERDE",1,0,"TRES DE MAIO, RUA 280 SAO PAULO SP",-23.602327,-46.6421003
"4301","D031301782",14743,"SABARA, AV NSRA DO",NA,"",2236,"","11/03/2013 00:30",4,"AT",99,1222," "," ",0,0,1,0,0,0,0,0,0,0,0,0,0,0,0,0,0,14743,"SABARA, AV NSRA DO",NA,"",16,"CAMPO GRANDE",1,0,"SABARA, AV NSRA DO 2236 SAO PAULO SP",-23.5505199,-46.6333094
"4302","D031301697",15507,"TEOTONIO VILELA, AV SEN",NA,"",6300,"","11/03/2013 01:00",2,"CH",85,552," "," ",1,0,0,0,0,0,0,0,0,0,0,0,0,0,0,0,0,15507,"TEOTONIO VILELA, AV SEN",NA,"",23,"CIDADE DUTRA",2,0,"TEOTONIO VILELA, AV SEN 6300 SAO PAULO SP",-23.7592733,-46.7153531
"4303","D031301249",11665,"LAZARO AMANCIO DE BARROS, ES",NA,"",535,"","11/03/2013 02:30",2,"SI",45,2161," "," ",0,1,0,0,0,0,0,0,0,0,0,0,0,0,0,1,0,11665,"LAZARO AMANCIO DE BARROS, ES",NA,"",11,"BRASILANDIA",1,0,"LAZARO AMANCIO DE BARROS, ES 535 SAO PAULO SP",-23.5505199,-46.6333094
"4304","D031301794",6238,"NACOES UNIDAS, AV DAS",9220,"INTERLAGOS, AV",0,"","11/03/2013 03:00",2,"CH",99,2723," "," ",1,0,0,0,0,0,0,0,0,0,0,0,0,0,0,0,0,6238,"NACOES UNIDAS, AV DAS",9220,"INTERLAGOS, AV",16,"CAMPO GRANDE",1,0,"NACOES UNIDAS, AV DAS SAO PAULO SP &  INTERLAGOS, AV SAO PAULO SP",-23.5735935,-46.7008864
"4305","D031301266",15425,"CANTIDIO SAMPAIO, AV DEP",NA,"",2800,"","11/03/2013 03:44",2,"QM",72,2166," "," ",0,1,0,0,0,0,0,0,0,0,0,0,0,0,0,0,0,15425,"CANTIDIO SAMPAIO, AV DEP",NA,"",41,"JARAGUA",2,0,"CANTIDIO SAMPAIO, AV DEP 2800 SAO PAULO SP",-23.4596351,-46.6892056
"4307","D031301805",12403,"M'BOI MIRIM, ES",NA,"",5000,"","11/03/2013 06:40",4,"AT",100,1307," "," ",1,0,0,0,0,0,0,0,0,0,0,0,0,0,0,0,0,12403,"M'BOI MIRIM, ES",NA,"",42,"JARDIM ANGELA",1,0,"M'BOI MIRIM, ES 5000 SAO PAULO SP",-23.5505199,-46.6333094
"4308","D031301483",17824,"SAPOPEMBA, AV",NA,"",5880,"","11/03/2013 06:45",2,"CO",42,895,"C"," ",1,1,0,0,0,0,0,0,0,0,0,0,0,0,0,0,0,17824,"SAPOPEMBA, AV",NA,"",33,"IPIRANGA",1,0,"SAPOPEMBA, AV 5880 SAO PAULO SP",-23.5834283,-46.5349966
"4309","D031302252",75433,"LATINOS, AV DOS",NA,"",1345,"","11/03/2013 06:53",2,"CO",66,1160," "," ",1,0,0,1,0,0,0,0,0,0,0,0,0,0,0,0,0,75433,"LATINOS, AV DOS",NA,"",38,"JACANA",2,0,"LATINOS, AV DOS 1345 SAO PAULO SP",-23.5731486,-46.493113
"4310","D031300847",17775,"SANTANESIA, RUA",NA,"",250,"","11/03/2013 07:00",2,"QM",51,1157," "," ",0,1,0,0,0,0,0,0,0,0,0,0,0,0,0,0,0,17775,"SANTANESIA, RUA",NA,"",13,"CACHOEIRINHA",1,0,"SANTANESIA, RUA 250 SAO PAULO SP",-23.5733854,-46.7197855
"4311","D031301755",16626,"PRIMO FAZZINI, RUA",NA,"",89,"","11/03/2013 07:00",4,"AT",98,2642," "," ",0,1,0,0,0,0,0,0,0,0,0,0,0,0,0,0,0,16626,"PRIMO FAZZINI, RUA",NA,"",29,"FREGUESIA DO O",1,0,"PRIMO FAZZINI, RUA 89 SAO PAULO SP",-23.5505199,-46.6333094
"4313","D031300929",8483,"GUILHERME DUMONT VILARES, AV DR",NA,"",983,"","11/03/2013 07:25",2,"CO",89,1992," "," ",1,1,0,0,0,0,0,0,0,0,0,0,0,0,0,0,0,8483,"GUILHERME DUMONT VILARES, AV DR",NA,"",85,"VILA ANDRADE",2,0,"GUILHERME DUMONT VILARES, AV DR 983 SAO PAULO SP",-23.6116295,-46.7414839
"4314","D031301423",11417,"JURUCUA, RUA",13543,"MARIUS, RUA",0,"","11/03/2013 07:40",2,"CO",29,689," "," ",1,1,0,0,0,0,0,0,0,0,0,0,0,0,0,0,0,11417,"JURUCUA, RUA",13543,"MARIUS, RUA",1,"AGUA RASA",1,0,"JURUCUA, RUA SAO PAULO SP &  MARIUS, RUA SAO PAULO SP",-23.575765,-46.5675559
"4316","D031300355",14050,"MIRUNA, AV",2025,"ARAES, AL DOS",0,"","11/03/2013 07:50",2,"CO",27,2511," "," ",2,1,0,0,0,0,0,0,0,0,0,0,0,0,0,0,0,2025,"ARAES, AL DOS",14050,"MIRUNA, AV",79,"SAUDE",1,0,"MIRUNA, AV SAO PAULO SP &  ARAES, AL DOS SAO PAULO SP",-23.614804,-46.6613722
"4317","D031301775",17360,"ALBERTO DE ZAGOTTIS, AV ENG",4046,"CAMPOS DE OLIVEIRA, RUA PROF",0,"","11/03/2013 08:00",2,"CO",99,1068," "," ",1,1,0,0,0,0,0,0,0,0,0,0,0,0,0,0,0,4046,"CAMPOS DE OLIVEIRA, RUA PROF",17360,"ALBERTO DE ZAGOTTIS, AV ENG",16,"CAMPO GRANDE",1,0,"ALBERTO DE ZAGOTTIS, AV ENG SAO PAULO SP &  CAMPOS DE OLIVEIRA, RUA PROF SAO PAULO SP",-23.6735847,-46.6974577
"4318","D031300385",17762,"SANTA ISABEL, RUA VISC DE",7609,"FREDERICO ALBUQUERQUE, RUA",0,"","11/03/2013 08:19",2,"CF",35,713," "," ",1,1,0,0,0,0,0,0,0,0,0,0,0,0,0,0,0,7609,"FREDERICO ALBUQUERQUE, RUA",17762,"SANTA ISABEL, RUA VISC DE",22,"CIDADE ADEMAR",1,0,"SANTA ISABEL, RUA VISC DE SAO PAULO SP &  FREDERICO ALBUQUERQUE, RUA SAO PAULO SP",-23.6639522,-46.6566691
"4319","D031301673",12639,"MANUEL CALDEIRA, RUA",NA,"",679,"","11/03/2013 08:20",2,"CL",48,934," "," ",1,1,0,0,0,0,0,0,0,0,0,0,0,0,0,0,0,12639,"MANUEL CALDEIRA, RUA",NA,"",23,"CIDADE DUTRA",1,0,"MANUEL CALDEIRA, RUA 679 SAO PAULO SP",-23.7206472,-46.6916079
"4320","D031301618",41786,"SEREIA, RUA DA",NA,"",20,"","11/03/2013 08:21",2,"CO",25,650," "," ",0,0,0,1,1,0,0,0,0,0,0,0,0,0,0,0,0,41786,"SEREIA, RUA DA",NA,"",76,"SAO MIGUEL",1,0,"SEREIA, RUA DA 20 SAO PAULO SP",-23.7766332,-46.6965351
"4321","D031301719",8368,"GUARAPIRANGA, AV",NA,"",1792,"","11/03/2013 08:22",4,"AT",92,1574,"C"," ",0,0,1,0,0,0,0,0,0,0,0,0,0,0,0,0,0,8368,"GUARAPIRANGA, AV",NA,"",45,"JARDIM SAO LUIS",1,0,"GUARAPIRANGA, AV 1792 SAO PAULO SP",-23.6834986,-46.7362155
"4322","D031301016",10497,"JOAO VENTURA BATISTA, RUA",8466,"GUILHERME, AV",0,"","11/03/2013 08:36",2,"CO",9,1492," "," ",0,1,0,0,0,0,0,0,0,0,0,1,0,0,0,0,0,8466,"GUILHERME, AV",10497,"JOAO VENTURA BATISTA, RUA",88,"VILA GUILHERME",1,0,"JOAO VENTURA BATISTA, RUA SAO PAULO SP &  GUILHERME, AV SAO PAULO SP",-23.5143217,-46.6103487