"","id_acidente","codloga","logradouroA","codlogb","logradouroB","alt_num","referencia","data","cod_acid","tipo_acidente","dp","numero_BO","sentido","pista","automovel","moto","onibus","caminhao","bicicleta","moto_taxi","onibus_fretado","onibus_urbano","microonibus","van","vuc","caminhonete","carreta","jipe","outros","sem_informacao","carroca","princ_a","paiA","princ_b","paiB","cod_distrito","distrito","vit_ferida","vit_morta","local","lat","lon"
"4323","D031301127",14767,"NOVA CANTAREIRA, AV",NA,"",7541,"","11/03/2013 09:00",2,"CF",20,2192," "," ",1,0,0,1,0,0,0,0,0,0,0,1,0,0,0,0,0,14767,"NOVA CANTAREIRA, AV",NA,"",83,"TREMEMBE",1,0,"NOVA CANTAREIRA, AV 7541 SAO PAULO SP",-23.4417488,-46.617267
"4324","D031301205",19201,"TUCURUVI, AV",NA,"",323,"","11/03/2013 09:25",4,"AT",39,1159,"B"," ",0,1,0,0,0,0,0,0,0,0,0,0,0,0,0,0,0,19201,"TUCURUVI, AV",NA,"",22,"CIDADE ADEMAR",1,0,"TUCURUVI, AV 323 SAO PAULO SP",-23.4791722,-46.6082106
"4325","D031300717",22169,"CLEMENTINE BRENNE, RUA",14611,"ERNEST RENAN, RUA",0,"","11/03/2013 09:30",2,"CO",34,1530," "," ",1,1,0,0,0,0,0,0,0,0,0,0,0,0,0,0,0,14611,"ERNEST RENAN, RUA",22169,"CLEMENTINE BRENNE, RUA",NA,"",1,0,"CLEMENTINE BRENNE, RUA SAO PAULO SP &  ERNEST RENAN, RUA SAO PAULO SP",-23.6067608,-46.7253676
"4326","D031300497",6238,"NACOES UNIDAS, AV DAS",NA,"",11633,"","11/03/2013 09:48",2,"CO",96,1109," "," ",1,1,0,0,0,0,0,0,0,0,0,0,0,0,0,0,0,13014,"MARGINAL DO RIO PINHEIROS, AV",NA,"",90,"VILA LEOPOLDINA",1,0,"NACOES UNIDAS, AV DAS 11633 SAO PAULO SP",-23.6017732,-46.6952119
"4327","D031300391",36098,"AFFONSO D'ESCRAGNOLLE TAUNAY, AV",NA,"",100,"","11/03/2013 10:14",2,"QM",35,2180," "," ",0,1,0,0,0,0,0,0,0,0,0,0,0,0,0,0,0,36098,"AFFONSO D'ESCRAGNOLLE TAUNAY, AV",NA,"",24,"CIDADE LIDER",1,0,"AFFONSO D'ESCRAGNOLLE TAUNAY, AV 100 SAO PAULO SP",-23.6294696,-46.6389741
"4328","D031300243",1356,"ANGELICA, AV",9847,"JAGUARIBE, RUA",0,"","11/03/2013 10:16",4,"AT",77,1075," "," ",1,0,0,0,0,0,0,0,0,0,0,0,0,0,0,0,0,1356,"ANGELICA, AV",9847,"JAGUARIBE, RUA",70,"SANTA CECILIA",1,0,"ANGELICA, AV SAO PAULO SP &  JAGUARIBE, RUA SAO PAULO SP",-23.5474146,-46.6586504
"4329","D031300633",16463,"POMPEIA, AV",NA,"",718,"","11/03/2013 10:18",4,"AT",23,1327," "," ",0,1,0,0,0,0,0,0,0,0,0,0,0,0,0,0,0,16463,"POMPEIA, AV",NA,"",19,"CAPAO REDONDO",1,0,"POMPEIA, AV 718 SAO PAULO SP",-23.5308107,-46.6854926
"4330","D031300284",17991,"SENA MADUREIRA, RUA",NA,"",1225,"","11/03/2013 11:03",4,"AT",16,3241," "," ",0,1,0,0,0,0,0,0,0,0,0,0,0,0,0,0,0,17991,"SENA MADUREIRA, RUA",NA,"",9,"BOM RETIRO",1,0,"SENA MADUREIRA, RUA 1225 SAO PAULO SP",-23.5930791,-46.6473919
"4331","D031301164",5947,"EDGAR FACO, AV GAL",28914,"PIQUERI, PTE DO",0,"","11/03/2013 11:30",2,"CO",28,2227," "," ",1,1,0,0,0,0,0,0,0,0,0,0,0,0,0,0,0,5947,"EDGAR FACO, AV GAL",28914,"PIQUERI, PTE DO",64,"PIRITUBA",1,0,"EDGAR FACO, AV GAL SAO PAULO SP &  PIQUERI, PTE DO SAO PAULO SP",-23.4986333,-46.7070233
"4332","D031300357",19931,"WASHINGTON LUIS, AV",NA,"",5800,"","11/03/2013 11:46",2,"CO",27,2532," "," ",1,1,0,0,0,0,0,0,0,0,0,0,0,0,0,0,0,19931,"WASHINGTON LUIS, AV",NA,"",30,"GRAJAU",1,0,"WASHINGTON LUIS, AV 5800 SAO PAULO SP",-23.6295182,-46.6673417
"4334","D031300771",34682,"CAMPO LIMPO, ES DO",NA,"",5405,"","11/03/2013 12:00",2,"QM",37,2074," "," ",0,1,0,0,0,0,0,0,0,0,0,0,0,0,0,0,0,34682,"CAMPO LIMPO, ES DO",NA,"",17,"CAMPO LIMPO",1,0,"CAMPO LIMPO, ES DO 5405 SAO PAULO SP",-23.2019463,-46.785846
"4336","D031302033",9580,"ITAQUERA, AV",NA,"",7200,"","11/03/2013 12:15",2,"CO",65,875," "," ",1,1,0,0,0,0,0,0,0,0,0,0,0,0,0,0,0,9580,"ITAQUERA, AV",NA,"",24,"CIDADE LIDER",1,0,"ITAQUERA, AV 7200 SAO PAULO SP",-23.5477233,-46.4614685
"4337","D031300525",6858,"FABIA, RUA",NA,"",528,"","11/03/2013 12:25",4,"AT",7,1596," "," ",1,0,0,0,0,0,0,0,0,0,0,0,0,0,0,0,0,6858,"FABIA, RUA",NA,"",48,"LAPA",1,0,"FABIA, RUA 528 SAO PAULO SP",-23.5270873,-46.6962755
"4338","D031300207",18993,"TIRADENTES, AV",NA,"",302,"","11/03/2013 12:32",2,"CL",12,1395," "," ",0,1,0,0,0,0,0,1,0,0,0,0,0,0,0,0,0,18993,"TIRADENTES, AV",NA,"",9,"BOM RETIRO",1,0,"TIRADENTES, AV 302 SAO PAULO SP",-23.5330145,-46.6325115
"4340","D031300386",21185,"MASCOTE, AV",NA,"",913,"","11/03/2013 13:00",4,"AT",35,715," "," ",0,0,0,0,0,0,0,0,0,0,0,1,0,0,0,0,0,21185,"MASCOTE, AV",NA,"",0,"NULL",1,0,"MASCOTE, AV 913 SAO PAULO SP",-23.6470546,-46.6702092
"4341","D031300896",6980,"FELIPE PINEL, AV DR",NA,"",686,"","11/03/2013 13:15",2,"QM",87,1257," "," ",0,1,0,0,0,0,0,0,0,0,0,0,0,0,0,0,0,6980,"FELIPE PINEL, AV DR",NA,"",64,"PIRITUBA",1,0,"FELIPE PINEL, AV DR 686 SAO PAULO SP",-23.4832174,-46.7310856
"4342","D031301683",20048,"YERVANT KISSAJIKIAN, AV",NA,"",2100,"","11/03/2013 13:18",2,"CL",80,851," "," ",1,1,0,0,0,0,0,0,0,0,0,0,0,0,0,0,0,20048,"YERVANT KISSAJIKIAN, AV",NA,"",29,"FREGUESIA DO O",1,0,"YERVANT KISSAJIKIAN, AV 2100 SAO PAULO SP",-23.6758478,-46.6604585
"4343","D031300129",33667,"LESTE-OESTE, LIG",NA,"",950,"","11/03/2013 13:30",2,"CT",5,2070," "," ",2,0,0,0,0,0,0,0,1,0,0,0,0,0,0,0,0,33667,"LESTE-OESTE, LIG",NA,"",2,"ALTO DE PINHEIR",1,0,"LESTE-OESTE, LIG 950 SAO PAULO SP",-23.5505199,-46.6333094
"4344","D031301702",15507,"TEOTONIO VILELA, AV SEN",NA,"",6600,"","11/03/2013 14:00",2,"CO",85,1345," "," ",3,0,0,0,0,0,0,0,0,0,0,1,0,0,0,0,0,15507,"TEOTONIO VILELA, AV SEN",NA,"",23,"CIDADE DUTRA",1,0,"TEOTONIO VILELA, AV SEN 6600 SAO PAULO SP",-23.7592803,-46.7153533
"4345","D031302184",46936,"JACU-PESSEGO/NOVA TRABALHADORE, AV",NA,"",1200,"","11/03/2013 14:00",2,"QD",53,1611," "," ",0,0,0,0,0,0,0,0,1,0,0,0,0,0,0,0,0,46936,"JACU-PESSEGO/NOVA TRABALHADORE, AV",NA,"",46,"JOSE BONIFACIO",1,0,"JACU-PESSEGO/NOVA TRABALHADORE, AV 1200 SAO PAULO SP",-23.5222431,-46.4563958
"4347","D031301912",11294,"FONTOURA XAVIER, RUA",NA,"",849,"","11/03/2013 14:00",2,"CO",32,1635," "," ",3,0,0,0,0,0,0,0,0,0,0,0,0,0,0,0,0,11294,"FONTOURA XAVIER, RUA",NA,"",36,"ITAQUERA",1,0,"FONTOURA XAVIER, RUA 849 SAO PAULO SP",-23.5473222,-46.4545305
"4348","D031302288",47897,"JEAN GABIM, TR",NA,"",100,"","11/03/2013 14:07",4,"AT",69,2480," "," ",0,1,0,0,0,0,0,0,0,0,0,0,0,0,0,0,0,47897,"JEAN GABIM, TR",NA,"",78,"SAPOPEMBA",1,0,"JEAN GABIM, TR 100 SAO PAULO SP",-20.5444487,-47.4347659
"4349","D031302334",42220,"USHIKICHI KAMYIA, RUA",NA,"",1121,"","11/03/2013 14:20",4,"AT",73,2547," "," ",0,0,1,0,0,0,0,0,0,0,0,0,0,0,0,0,0,42220,"USHIKICHI KAMYIA, RUA",NA,"",38,"JACANA",0,1,"USHIKICHI KAMYIA, RUA 1121 SAO PAULO SP",-23.4386579,-46.5865901
"4350","D031301244",14060,"MOACIR CESTARI, RUA DR",NA,"",99,"","11/03/2013 14:27",2,"CO",45,583,"B"," ",2,0,0,0,0,0,0,0,0,0,0,0,0,0,0,0,0,14060,"MOACIR CESTARI, RUA DR",NA,"",11,"BRASILANDIA",1,0,"MOACIR CESTARI, RUA DR 99 SAO PAULO SP",-23.4725989,-46.6938919
"4351","D031300002",16535,"PORTUGAL, AV",NA,"",530,"","11/03/2013 14:30",4,"AT",1,1513," "," ",1,0,0,0,0,0,0,0,0,0,0,0,0,0,0,0,0,16535,"PORTUGAL, AV",NA,"",30,"GRAJAU",1,0,"PORTUGAL, AV 530 SAO PAULO SP",-23.6137635,-46.6806423
"4352","D031301245",15791,"ORLANDO GARCIA DA SILVEIRA, AV PDE",NA,"",62,"","11/03/2013 14:30",4,"AT",45,585," "," ",1,0,0,0,0,0,0,0,0,0,0,0,0,0,0,0,0,15791,"ORLANDO GARCIA DA SILVEIRA, AV PDE",NA,"",40,"JAGUARE",1,0,"ORLANDO GARCIA DA SILVEIRA, AV PDE 62 SAO PAULO SP",-23.5505199,-46.6333094
"4353","D031302131",36068,"MARIA APARECIDA CUSTODIO, RUA",NA,"",48,"","11/03/2013 14:40",2,"CT",49,760," "," ",1,1,0,0,0,0,0,0,0,0,0,0,0,0,0,0,0,36068,"MARIA APARECIDA CUSTODIO, RUA",NA,"",55,"MORUMBI",1,0,"MARIA APARECIDA CUSTODIO, RUA 48 SAO PAULO SP",-23.5986985,-46.4622834
"4354","D031301837",2538,"AUGUSTO FERREIRA DE MORAIS, RUA",1318,"ANDRE DE LEAO, RUA",0,"","11/03/2013 15:29",2,"CO",102,353," "," ",1,1,0,0,0,0,0,0,0,0,0,0,0,0,0,0,0,1318,"ANDRE DE LEAO, RUA",2538,"AUGUSTO FERREIRA DE MORAIS, RUA",81,"SOCORRO",1,0,"AUGUSTO FERREIRA DE MORAIS, RUA SAO PAULO SP &  ANDRE DE LEAO, RUA SAO PAULO SP",-23.6687677,-46.7172002
"4356","D031300424",19764,"VINTE E TRES DE MAIO, AV",NA,"",2260,"","11/03/2013 15:30",2,"CO",36,1140," "," ",1,1,0,0,0,0,0,0,0,0,0,0,0,0,0,0,0,19764,"VINTE E TRES DE MAIO, AV",NA,"",17,"CAMPO LIMPO",2,0,"VINTE E TRES DE MAIO, AV 2260 SAO PAULO SP",-23.5830696,-46.6522492
"4357","D031300285",6013,"DOMINGOS DE MORAIS, RUA",NA,"",1800,"","11/03/2013 15:30",2,"CO",16,3268," "," ",2,1,0,0,0,0,0,0,0,0,0,0,0,0,0,0,0,6013,"DOMINGOS DE MORAIS, RUA",NA,"",92,"VILA MARIANA",1,0,"DOMINGOS DE MORAIS, RUA 1800 SAO PAULO SP",-23.5918052,-46.6362893
"4359","D031300116",17237,"ROCHA, RUA",NA,"",23,"","11/03/2013 15:39",4,"AT",5,1364," "," ",1,0,0,0,0,0,0,0,0,0,0,0,0,0,0,0,0,17237,"ROCHA, RUA",NA,"",7,"BELA VISTA",1,0,"ROCHA, RUA 23 SAO PAULO SP",-23.5563878,-46.6497643
"4360","D031301268",72693,"HENRY CHARLES POTEL, RUA",NA,"",700,"","11/03/2013 15:40",4,"AT",72,2194," "," ",0,0,0,0,0,0,0,0,0,0,0,0,0,0,0,1,0,72693,"HENRY CHARLES POTEL, RUA",NA,"",40,"JAGUARE",1,0,"HENRY CHARLES POTEL, RUA 700 SAO PAULO SP",-23.4714365,-46.6776894
"4361","D031301594",12181,"LUIS BARROSO, RUA CEL",NA,"",132,"","11/03/2013 16:15",2,"QM",11,2894," "," ",0,1,0,0,0,0,0,0,0,0,0,0,0,0,0,0,0,12181,"LUIS BARROSO, RUA CEL",NA,"",72,"SANTO AMARO",1,0,"LUIS BARROSO, RUA CEL 132 SAO PAULO SP",-23.6489831,-46.7061861
"4363","D031301951",9293,"CORDAO DE SAO FRANCISCO, RUA",NA,"",100,"","11/03/2013 16:30",4,"AT",59,1004," "," ",0,0,0,0,0,0,0,0,1,0,0,0,0,0,0,0,0,9293,"CORDAO DE SAO FRANCISCO, RUA",NA,"",43,"JARDIM HELENA",1,0,"CORDAO DE SAO FRANCISCO, RUA 100 SAO PAULO SP",-23.4938169,-46.4085112
"4364","D031301551",43408,"ABEL FERREIRA, AV VER",14196,"MONTEMAGNO, AV",0,"","11/03/2013 16:34",4,"AT",58,640," "," ",0,1,0,0,0,0,0,0,0,0,0,0,0,0,0,0,0,14196,"MONTEMAGNO, AV",43408,"ABEL FERREIRA, AV VER",1,"AGUA RASA",1,0,"ABEL FERREIRA, AV VER SAO PAULO SP &  MONTEMAGNO, AV SAO PAULO SP",-23.5650195,-46.5589073
"4366","D031300179",14213,"MOOCA, RUA DA",6642,"ESTADO, AV DO",0,"","11/03/2013 17:14",2,"CT",8,1813," "," ",1,1,0,0,0,0,0,0,0,0,0,0,0,0,0,0,0,6642,"ESTADO, AV DO",7122,"FIGUEIRA, RUA DA",14,"CAMBUCI",1,0,"MOOCA, RUA DA SAO PAULO SP &  ESTADO, AV DO SAO PAULO SP",-23.5549376,-46.6077126
"4367","D031301470",5817,"DEZENOVE DE JANEIRO, AV",NA,"",274,"","11/03/2013 17:17",2,"QD",31,1341," "," ",0,0,1,0,0,0,0,0,0,0,0,0,0,0,0,0,0,5817,"DEZENOVE DE JANEIRO, AV",NA,"",20,"CARRAO",1,0,"DEZENOVE DE JANEIRO, AV 274 SAO PAULO SP",-23.5550812,-46.526576
"4368","D031301591",16532,"PORTO SEGURO, RUA VISC DE",NA,"",391,"","11/03/2013 17:30",4,"AT",11,2766," "," ",1,0,0,0,0,0,0,0,0,0,0,0,0,0,0,0,0,16532,"PORTO SEGURO, RUA VISC DE",NA,"",30,"GRAJAU",1,0,"PORTO SEGURO, RUA VISC DE 391 SAO PAULO SP",-23.6471516,-46.6900055
"4369","D031300718",14267,"MORUMBI, AV",855,"ALVARENGA, RUA",0,"","11/03/2013 17:30",2,"CO",34,1551," "," ",1,1,0,0,0,0,0,0,0,0,0,0,0,0,0,0,0,855,"ALVARENGA, RUA",14663,"NORDESTINO, RUA",55,"MORUMBI",1,0,"MORUMBI, AV SAO PAULO SP &  ALVARENGA, RUA SAO PAULO SP",-23.5871012,-46.7059801
"4370","D031301401",2181,"ARICANDUVA, AV",NA,"",2000,"","11/03/2013 17:45",2,"CO",21,801," "," ",0,0,0,0,0,0,0,2,0,0,0,0,0,0,0,0,0,2181,"ARICANDUVA, AV",NA,"",60,"PENHA",1,0,"ARICANDUVA, AV 2000 SAO PAULO SP",-23.5538842,-46.5184408
"4371","D031300981",9836,"JAGUARE, AV",NA,"",551,"","11/03/2013 18:00",4,"AT",93,1660," "," ",1,0,0,0,0,0,0,0,0,0,0,0,0,0,0,0,0,9836,"JAGUARE, AV",NA,"",40,"JAGUARE",1,0,"JAGUARE, AV 551 SAO PAULO SP",-23.5552579,-46.743897
"4372","D031302031",36162,"TOMAS DE VILANOVA, RUA PDE",36159,"MANUEL PEDROSO, RUA PDE",0,"","11/03/2013 18:00",4,"AT",65,829," "," ",0,1,0,0,0,0,0,0,0,0,0,0,0,0,0,0,0,36159,"MANUEL PEDROSO, RUA PDE",36162,"TOMAS DE VILANOVA, RUA PDE",5,"ARTUR ALVIM",1,0,"TOMAS DE VILANOVA, RUA PDE SAO PAULO SP &  MANUEL PEDROSO, RUA PDE SAO PAULO SP",-23.5505199,-46.6333094
"4373","D031300668",1475,"ANTARTICA, AV",18519,"SUMARE, AV",0,"","11/03/2013 18:15",2,"CT",23,2289," "," ",1,0,0,0,0,0,0,0,0,0,0,0,0,0,0,1,0,1475,"ANTARTICA, AV",13573,"MARREY JUNIOR, PCA",6,"BARRA FUNDA",1,0,"ANTARTICA, AV SAO PAULO SP &  SUMARE, AV SAO PAULO SP",-23.5285655,-46.6756003
"4374","D031301176",15426,"PARADA PINTO, AV",6450,"EMILIO CARLOS, AV DEP",0,"","11/03/2013 18:40",4,"AT",38,1300," "," ",0,1,0,0,0,0,0,0,0,0,0,0,0,0,0,0,0,6450,"EMILIO CARLOS, AV DEP",27923,"MANUEL DA COSTA NEGREIROS, PCA",13,"CACHOEIRINHA",1,0,"PARADA PINTO, AV SAO PAULO SP &  EMILIO CARLOS, AV DEP SAO PAULO SP",-23.4694786,-46.6646692
"4375","D031300050",19147,"TRES RIOS, RUA",NA,"",252,"","11/03/2013 18:48",4,"AT",2,1406," "," ",0,0,0,0,1,0,0,0,0,0,0,0,0,0,0,0,0,19147,"TRES RIOS, RUA",NA,"",11,"BRASILANDIA",1,0,"TRES RIOS, RUA 252 SAO PAULO SP",-23.5292594,-46.6366379
"4376","D031300564",12273,"LUIS MURAT, RUA",NA,"",90,"","11/03/2013 18:50",2,"QM",14,2293," "," ",0,1,0,0,0,0,0,0,0,0,0,0,0,0,0,0,0,12273,"LUIS MURAT, RUA",NA,"",63,"PINHEIROS",1,0,"LUIS MURAT, RUA 90 SAO PAULO SP",-23.556539,-46.6842964
"4378","D031301371",7703,"GABRIELA MISTRAL, AV",NA,"",1150,"","11/03/2013 19:14",2,"SI",10,2820," "," ",0,1,0,0,0,0,0,0,0,0,0,0,0,0,0,0,0,7703,"GABRIELA MISTRAL, AV",NA,"",60,"PENHA",1,0,"GABRIELA MISTRAL, AV 1150 SAO PAULO SP",-23.5111015,-46.5507397
"4379","D031301267",72693,"HENRY CHARLES POTEL, RUA",NA,"",801,"","11/03/2013 19:15",4,"AT",72,2188," "," ",1,0,0,0,0,0,0,0,0,0,0,0,0,0,0,0,0,72693,"HENRY CHARLES POTEL, RUA",NA,"",40,"JAGUARE",1,0,"HENRY CHARLES POTEL, RUA 801 SAO PAULO SP",-23.4707167,-46.677389
"4380","D031301885",73799,"MARIA DAS DORES ABRANCHES, RUA",NA,"",150,"","11/03/2013 19:30",2,"CO",24,2583," "," ",0,0,1,0,1,0,0,0,0,0,0,0,0,0,0,0,0,73799,"MARIA DAS DORES ABRANCHES, RUA",NA,"",49,"LIBERDADE",1,0,"MARIA DAS DORES ABRANCHES, RUA 150 SAO PAULO SP",-23.508587,-46.500439
"4381","D031302240",17824,"SAPOPEMBA, AV",NA,"",15000,"","11/03/2013 20:00",4,"AT",55,3445," "," ",0,0,0,0,0,0,0,0,0,0,0,1,0,0,0,0,0,17824,"SAPOPEMBA, AV",NA,"",33,"IPIRANGA",1,0,"SAPOPEMBA, AV 15000 SAO PAULO SP",-23.6204082,-46.4671858
"4383","D031301269",65066,"IBIRAIARAS, RUA",NA,"",37,"","11/03/2013 20:09",4,"AT",72,2198," "," ",1,0,0,0,0,0,0,0,0,0,0,0,0,0,0,0,0,65066,"IBIRAIARAS, RUA",NA,"",40,"JAGUARE",1,0,"IBIRAIARAS, RUA 37 SAO PAULO SP",-23.4502649,-46.684944
"4384","D031301426",17824,"SAPOPEMBA, AV",NA,"",3119,"","11/03/2013 21:11",4,"AT",29,1542," "," ",1,0,0,0,0,0,0,0,0,0,0,0,0,0,0,0,0,17824,"SAPOPEMBA, AV",NA,"",33,"IPIRANGA",1,0,"SAPOPEMBA, AV 3119 SAO PAULO SP",-23.5734668,-46.5590027
"4385","D031300689",7397,"FRANCISCO DE ASSIS, RUA S",NA,"",770,"","11/03/2013 21:37",4,"AT",33,2247," "," ",1,0,0,0,0,0,0,0,0,0,0,0,0,0,0,0,0,7397,"FRANCISCO DE ASSIS, RUA S",NA,"",73,"SAO DOMINGOS",1,0,"FRANCISCO DE ASSIS, RUA S 770 SAO PAULO SP",-23.4880816,-46.740188
"4386","D031300770",34682,"CAMPO LIMPO, ES DO",NA,"",3891,"","11/03/2013 21:40",2,"CL",37,2023," "," ",2,1,0,0,0,0,0,0,0,0,0,0,0,0,0,0,0,34682,"CAMPO LIMPO, ES DO",NA,"",17,"CAMPO LIMPO",1,0,"CAMPO LIMPO, ES DO 3891 SAO PAULO SP",-23.2019463,-46.785846
"4387","D031301304",16305,"ANTONELO DA MESSINA, AV",NA,"",1355,"","11/03/2013 21:45",4,"AT",73,2554," "," ",1,0,0,0,0,0,0,0,0,0,0,0,0,0,0,0,0,16305,"ANTONELO DA MESSINA, AV",NA,"",83,"TREMEMBE",1,0,"ANTONELO DA MESSINA, AV 1355 SAO PAULO SP",-23.4456191,-46.5898595
"4388","D031302182",46936,"JACU-PESSEGO/NOVA TRABALHADORE, AV",NA,"",2700,"","11/03/2013 22:04",2,"QM",53,1600," "," ",0,1,0,0,0,0,0,0,0,0,0,0,0,0,0,0,0,46936,"JACU-PESSEGO/NOVA TRABALHADORE, AV",NA,"",46,"JOSE BONIFACIO",1,0,"JACU-PESSEGO/NOVA TRABALHADORE, AV 2700 SAO PAULO SP",-23.5448326,-46.4474996
"4389","D031301567",4632,"CATUMBI, RUA",NA,"",446,"","11/03/2013 22:19",2,"CT",81,1347," "," ",0,0,1,1,0,0,0,0,0,0,0,0,0,0,0,0,0,4632,"CATUMBI, RUA",NA,"",8,"BELEM",2,0,"CATUMBI, RUA 446 SAO PAULO SP",-23.5343308,-46.6004995
"4391","D031302289",17824,"SAPOPEMBA, AV",NA,"",13569,"","11/03/2013 23:20",2,"CH",69,2510," "," ",1,0,0,0,0,0,0,0,0,0,0,0,0,0,0,0,0,17824,"SAPOPEMBA, AV",NA,"",33,"IPIRANGA",1,0,"SAPOPEMBA, AV 13569 SAO PAULO SP",-23.6120805,-46.4773178
"4392","D031301270",72693,"HENRY CHARLES POTEL, RUA",NA,"",434,"","12/03/2013 00:45",4,"AT",72,2204," "," ",1,0,0,0,0,0,0,0,0,0,0,0,0,0,0,0,0,72693,"HENRY CHARLES POTEL, RUA",NA,"",40,"JAGUARE",1,0,"HENRY CHARLES POTEL, RUA 434 SAO PAULO SP",-23.4736214,-46.6785981
"4393","D031300753",18470,"PIRAJUSSARA, AV",NA,"",5000,"","12/03/2013 01:40",2,"CO",34,2312," "," ",1,1,0,0,0,0,0,0,0,0,0,0,0,0,0,0,0,18470,"PIRAJUSSARA, AV",NA,"",13,"CACHOEIRINHA",1,0,"PIRAJUSSARA, AV 5000 SAO PAULO SP",-23.6009479,-46.7479002
"4394","D031300603",6238,"NACOES UNIDAS, AV DAS",8889,"HUNGRIA, RUA",0,"","12/03/2013 05:10",2,"CO",15,1230," "," ",1,0,0,1,0,0,0,0,0,0,0,1,0,0,0,0,0,6238,"NACOES UNIDAS, AV DAS",8889,"HUNGRIA, RUA",NA,"",1,0,"NACOES UNIDAS, AV DAS SAO PAULO SP &  HUNGRIA, RUA SAO PAULO SP",-23.5735935,-46.7008864
"4396","D031301543",18070,"SERRA DE JAIRE, RUA",12744,"MANUEL PEREIRA LOBO, RUA",0,"","12/03/2013 06:30",2,"CO",57,1004," "," ",2,0,0,0,0,0,0,0,0,0,0,0,0,0,0,0,0,12744,"MANUEL PEREIRA LOBO, RUA",18070,"SERRA DE JAIRE, RUA",8,"BELEM",1,0,"SERRA DE JAIRE, RUA SAO PAULO SP &  MANUEL PEREIRA LOBO, RUA SAO PAULO SP",-23.5494856,-46.5848819
"4397","D031300180",543,"ALCANTARA MACHADO, AV",NA,"",4000,"","12/03/2013 06:40",2,"CT",8,1824," "," ",1,1,0,0,0,0,0,0,0,0,0,0,0,0,0,0,0,543,"ALCANTARA MACHADO, AV",NA,"",10,"BRAS",1,0,"ALCANTARA MACHADO, AV 4000 SAO PAULO SP",-23.5507858,-46.6079009
"4398","D031301768",852,"ALVARENGA, ES DO",NA,"",2200,"","12/03/2013 06:40",2,"CO",98,3320," "," ",1,1,0,0,0,0,0,0,0,0,0,0,0,0,0,0,0,852,"ALVARENGA, ES DO",NA,"",59,"PEDREIRA",1,0,"ALVARENGA, ES DO 2200 SAO PAULO SP",-23.5505199,-46.6333094
"4400","D031301523",7964,"GIESTAS, RUA",15455,"PARAMU, RUA",0,"","12/03/2013 06:45",4,"AT",56,1554," "," ",1,0,0,0,0,0,0,0,0,0,0,0,0,0,0,0,0,7964,"GIESTAS, RUA",15455,"PARAMU, RUA",95,"VILA PRUDENTE",1,0,"GIESTAS, RUA SAO PAULO SP &  PARAMU, RUA SAO PAULO SP",-23.5937458,-46.5786027
"4401","D031301776",14743,"SABARA, AV NSRA DO",NA,"",3160,"","12/03/2013 07:08",2,"CO",99,1093," "," ",1,1,0,0,0,0,0,0,0,0,0,0,0,0,0,0,0,14743,"SABARA, AV NSRA DO",NA,"",16,"CAMPO GRANDE",2,0,"SABARA, AV NSRA DO 3160 SAO PAULO SP",-23.5505199,-46.6333094
"4402","D031300690",1232,"ANASTACIO, AV DO",NA,"",1785,"","12/03/2013 07:15",2,"CF",33,2259," "," ",0,1,0,0,0,0,0,0,0,0,0,1,0,0,0,0,0,1232,"ANASTACIO, AV DO",NA,"",73,"SAO DOMINGOS",1,0,"ANASTACIO, AV DO 1785 SAO PAULO SP",-23.4932543,-46.7372118
"4403","D031301843",2483,"ATLANTICA ANT. ROBERT KENNEDY, AV",NA,"",717,"","12/03/2013 07:15",2,"CO",102,715," "," ",1,0,0,0,0,0,0,1,0,0,0,0,0,0,0,0,0,2483,"ATLANTICA ANT. ROBERT KENNEDY, AV",NA,"",23,"CIDADE DUTRA",2,0,"ATLANTICA ANT. ROBERT KENNEDY, AV 717 SAO PAULO SP",-23.5505199,-46.6333094
"4404","D031300719",18470,"PIRAJUSSARA, AV",NA,"",4730,"","12/03/2013 07:16",2,"QM",34,1554," "," ",0,1,0,0,0,0,0,0,0,0,0,0,0,0,0,0,0,18470,"PIRAJUSSARA, AV",NA,"",13,"CACHOEIRINHA",2,0,"PIRAJUSSARA, AV 4730 SAO PAULO SP",-23.600472,-46.7477152
"4405","D031301703",15507,"TEOTONIO VILELA, AV SEN",NA,"",7900,"","12/03/2013 07:30",4,"AT",85,1356," "," ",0,1,0,0,0,0,0,0,0,0,0,0,0,0,0,0,0,15507,"TEOTONIO VILELA, AV SEN",NA,"",23,"CIDADE DUTRA",1,0,"TEOTONIO VILELA, AV SEN 7900 SAO PAULO SP",-23.7656584,-46.717111
"4406","D031302183",36318,"OSVALDO PUCCI, AV",NA,"",100,"","12/03/2013 07:30",2,"CL",53,1610," "," ",1,1,0,0,0,0,0,0,0,0,0,0,0,0,0,0,0,36318,"OSVALDO PUCCI, AV",NA,"",5,"ARTUR ALVIM",1,0,"OSVALDO PUCCI, AV 100 SAO PAULO SP",-23.566185,-46.4669412
"4407","D031300982",3376,"BILLINGS, AV ENG",639,"ALEXANDRE MACKENZIE, AV ENG",0,"","12/03/2013 07:40",2,"CH",93,1671," "," ",0,0,0,0,0,0,0,0,0,0,0,1,0,0,0,0,0,639,"ALEXANDRE MACKENZIE, AV ENG",3376,"BILLINGS, AV ENG",40,"JAGUARE",1,0,"BILLINGS, AV ENG SAO PAULO SP &  ALEXANDRE MACKENZIE, AV ENG SAO PAULO SP",-23.5355054,-46.7476126