"","id_acidente","codloga","logradouroA","codlogb","logradouroB","alt_num","referencia","data","cod_acid","tipo_acidente","dp","numero_BO","sentido","pista","automovel","moto","onibus","caminhao","bicicleta","moto_taxi","onibus_fretado","onibus_urbano","microonibus","van","vuc","caminhonete","carreta","jipe","outros","sem_informacao","carroca","princ_a","paiA","princ_b","paiB","cod_distrito","distrito","vit_ferida","vit_morta","local","lat","lon"
"4486","D031301129",351,"AGUA FRIA, AV",NA,"",100,"","13/03/2013 07:10",2,"CO",20,2286," "," ",0,1,1,0,0,0,0,0,0,0,0,0,0,0,0,0,0,351,"AGUA FRIA, AV",NA,"",71,"SANTANA",1,0,"AGUA FRIA, AV 100 SAO PAULO SP",-23.4877197,-46.624053
"4487","D031301705",15507,"TEOTONIO VILELA, AV SEN",NA,"",6360,"","13/03/2013 07:30",2,"CO",85,1377," "," ",1,1,0,0,0,0,0,0,0,0,0,0,0,0,0,0,0,15507,"TEOTONIO VILELA, AV SEN",NA,"",23,"CIDADE DUTRA",1,0,"TEOTONIO VILELA, AV SEN 6360 SAO PAULO SP",-23.7530408,-46.7112674
"4488","D031301353",6371,"ELISABETH DE ROBIANO, AV CDSSA",NA,"",3479,"","13/03/2013 07:50",2,"CT",90,974,"C"," ",1,1,0,0,0,0,0,0,0,0,0,0,0,0,0,0,0,29772,"MARGINAL DO RIO TIETE, AV",NA,"",82,"TATUAPE",1,0,"ELISABETH DE ROBIANO, AV CDSSA 3479 SAO PAULO SP",-23.5076424,-46.5495997
"4489","D031302404",10100,"JOAO, RUA PDE",8031,"MICAELA VIEIRA, PCA DONA",0,"","13/03/2013 08:00",4,"AT",5,1648," "," ",0,0,1,0,0,0,0,0,0,0,0,0,0,0,0,0,0,954,"AMADOR BUENO DA VEIGA, AV",10100,"JOAO, RUA PDE",NA,"",0,1,"JOAO, RUA PDE SAO PAULO SP &  MICAELA VIEIRA, PCA DONA SAO PAULO SP",-23.5873689,-46.5900184
"4490","D031300182",543,"ALCANTARA MACHADO, AV",8373,"GUARAPUAVA, RUA",0,"","13/03/2013 09:10",2,"CO",8,1860," "," ",1,1,0,0,0,0,0,0,0,0,0,0,0,0,0,0,0,543,"ALCANTARA MACHADO, AV",8373,"GUARAPUAVA, RUA",54,"MOOCA",1,0,"ALCANTARA MACHADO, AV SAO PAULO SP &  GUARAPUAVA, RUA SAO PAULO SP",-23.5528151,-46.613419
"4492","D031301684",20957,"HERMENEGILDO MARTINI, RUA",NA,"",208,"","13/03/2013 09:15",4,"AT",80,879," "," ",0,1,0,0,0,0,0,0,0,0,0,0,0,0,0,0,0,20957,"HERMENEGILDO MARTINI, RUA",NA,"",29,"FREGUESIA DO O",1,0,"HERMENEGILDO MARTINI, RUA 208 SAO PAULO SP",-23.6758372,-46.6646139
"4493","D031301844",2483,"ATLANTICA ANT. ROBERT KENNEDY, AV",NA,"",3771,"","13/03/2013 09:35",4,"AT",102,732," "," ",0,1,0,0,0,0,0,0,0,0,0,0,0,0,0,0,0,2483,"ATLANTICA ANT. ROBERT KENNEDY, AV",NA,"",23,"CIDADE DUTRA",1,0,"ATLANTICA ANT. ROBERT KENNEDY, AV 3771 SAO PAULO SP",-23.5505199,-46.6333094
"4494","D031302082",9134,"INCONFIDENCIA MINEIRA, AV",16956,"REGO BARROS, RUA",0,"","13/03/2013 09:50",2,"CO",41,1386," "," ",1,1,0,0,0,0,0,0,0,0,0,0,0,0,0,0,0,9134,"INCONFIDENCIA MINEIRA, AV",16956,"REGO BARROS, RUA",4,"ARICANDUVA",1,0,"INCONFIDENCIA MINEIRA, AV SAO PAULO SP &  REGO BARROS, RUA SAO PAULO SP",-23.577714,-46.516821
"4495","D031302002",8520,"GUIRA, RUA",NA,"",228,"","13/03/2013 10:15",2,"CO",64,2137," "," ",2,0,0,0,0,0,0,0,0,0,0,0,0,0,0,0,0,8520,"GUIRA, RUA",NA,"",53,"MOEMA",1,0,"GUIRA, RUA 228 SAO PAULO SP",-23.5314165,-46.4727408
"4496","D031301845",16247,"PINEDO, AV DE",NA,"",117,"","13/03/2013 10:40",4,"AT",102,734," "," ",0,0,0,0,0,0,0,0,0,0,0,1,0,0,0,0,0,16247,"PINEDO, AV DE",NA,"",32,"IGUATEMI",1,0,"PINEDO, AV DE 117 SAO PAULO SP",-23.666627,-46.7123878
"4497","D031301273",15425,"CANTIDIO SAMPAIO, AV DEP",NA,"",1797,"","13/03/2013 10:40",2,"CO",72,2239," "," ",0,1,0,0,0,0,0,0,0,0,0,1,0,0,0,0,0,15425,"CANTIDIO SAMPAIO, AV DEP",NA,"",41,"JARAGUA",1,0,"CANTIDIO SAMPAIO, AV DEP 1797 SAO PAULO SP",-23.4634312,-46.6816888
"4498","D031300568",16919,"REBOUCAS, AV",NA,"",2836,"","13/03/2013 10:45",2,"CO",14,2340,"B"," ",0,0,0,0,0,0,0,2,0,0,0,0,0,0,0,0,0,16919,"REBOUCAS, AV",NA,"",44,"JARDIM PAULISTA",1,0,"REBOUCAS, AV 2836 SAO PAULO SP",-23.5679457,-46.6852614
"4499","D031300020",5111,"CLOVIS BEVILAQUA, PCA",NA,"",351,"","13/03/2013 11:10",2,"QD",1,2212," "," ",0,0,0,0,0,0,0,1,0,0,0,0,0,0,0,0,0,5111,"CLOVIS BEVILAQUA, PCA",NA,"",80,"SE",1,0,"CLOVIS BEVILAQUA, PCA 351 SAO PAULO SP",-23.5501717,-46.6328845
"4500","D031301327",46568,"PAZ, AV NSRA DA",16838,"RAIMUNDO PEREIRA DE MAGAL., AV",0,"","13/03/2013 11:19",2,"CL",74,967," "," ",0,1,1,0,0,0,0,0,0,0,0,0,0,0,0,0,0,16838,"RAIMUNDO PEREIRA DE MAGAL., AV",46568,"PAZ, AV NSRA DA",41,"JARAGUA",1,0,"PAZ, AV NSRA DA SAO PAULO SP &  RAIMUNDO PEREIRA DE MAGAL., AV SAO PAULO SP",-23.5505199,-46.6333094
"4501","D031301447",7645,"FRONTIN, AV CD DE",16251,"PINHALZINHO, RUA",0,"","13/03/2013 11:30",2,"CT",30,1458," "," ",0,2,0,0,0,0,0,0,0,0,0,0,0,0,0,0,0,7645,"FRONTIN, AV CD DE",16251,"PINHALZINHO, RUA",82,"TATUAPE",1,0,"FRONTIN, AV CD DE SAO PAULO SP &  PINHALZINHO, RUA SAO PAULO SP",-23.5505199,-46.6333094
"4502","D031300434",3274,"BERNARDINO DE CAMPOS, AV",15153,"OSWALDO CRUZ, PCA",0,"","13/03/2013 11:45",2,"CF",36,1350," "," ",1,1,0,0,0,0,0,0,0,0,0,0,0,0,0,0,0,15153,"OSWALDO CRUZ, PCA",15656,"PAULISTA, AV",7,"BELA VISTA",1,0,"BERNARDINO DE CAMPOS, AV SAO PAULO SP &  OSWALDO CRUZ, PCA SAO PAULO SP",-23.5761068,-46.641305
"4503","D031301637",67206,"JOAO GOMES BATISTA, RUA",1731,"ANTONIO GIL, RUA",0,"","13/03/2013 11:50",2,"CF",43,1011," "," ",2,0,0,0,0,0,0,0,0,0,0,0,0,0,0,0,0,1731,"ANTONIO GIL, RUA",67206,"JOAO GOMES BATISTA, RUA",22,"CIDADE ADEMAR",2,0,"JOAO GOMES BATISTA, RUA SAO PAULO SP &  ANTONIO GIL, RUA SAO PAULO SP",-23.6599255,-46.6697243
"4504","D031300349",24507,"LINO DE MORAES LEME, AV DR",NA,"",200,"","13/03/2013 12:00",4,"AT",27,2315," "," ",0,1,0,0,0,0,0,0,0,0,0,0,0,0,0,0,0,24507,"LINO DE MORAES LEME, AV DR",NA,"",30,"GRAJAU",2,0,"LINO DE MORAES LEME, AV DR 200 SAO PAULO SP",-23.6345142,-46.6605934
"4505","D031302254",70344,"RANCHO VERDE, RUA",NA,"",346,"","13/03/2013 12:10",2,"CO",66,1212," "," ",0,1,0,0,1,0,0,0,0,0,0,0,0,0,0,0,0,70344,"RANCHO VERDE, RUA",NA,"",49,"LIBERDADE",1,0,"RANCHO VERDE, RUA 346 SAO PAULO SP",-23.5022285,-46.5030341
"4506","D031301724",12403,"M'BOI MIRIM, ES",NA,"",4080,"","13/03/2013 12:15",2,"CF",92,1646," "," ",0,1,1,0,0,0,0,0,0,0,0,0,0,0,0,0,0,12403,"M'BOI MIRIM, ES",NA,"",42,"JARDIM ANGELA",1,0,"M'BOI MIRIM, ES 4080 SAO PAULO SP",-23.5505199,-46.6333094
"4507","D031301723",10270,"JOAO DIAS, AV",8000,"GIOVANNI GRONCHI, AV",0,"","13/03/2013 12:15",2,"CO",92,1642," "," ",1,1,0,0,0,0,0,0,0,0,0,0,0,0,0,0,0,8000,"GIOVANNI GRONCHI, AV",9529,"ITAPECERICA, ES DE",85,"VILA ANDRADE",1,0,"JOAO DIAS, AV SAO PAULO SP &  GIOVANNI GRONCHI, AV SAO PAULO SP",-23.6448965,-46.7188468
"4508","D031301659",74271,"JOAO DA CRUZ E SOUSA, RUA",NA,"",260,"","13/03/2013 12:20",2,"SI",47,3242," "," ",0,2,0,0,0,0,0,0,0,0,0,0,0,0,0,0,0,74271,"JOAO DA CRUZ E SOUSA, RUA",NA,"",29,"FREGUESIA DO O",1,0,"JOAO DA CRUZ E SOUSA, RUA 260 SAO PAULO SP",-23.6597029,-46.7886878
"4509","D031300360",24507,"LINO DE MORAES LEME, AV DR",NA,"",987,"","13/03/2013 12:30",4,"AT",27,2600," "," ",0,1,0,0,0,0,0,0,0,0,0,0,0,0,0,0,0,24507,"LINO DE MORAES LEME, AV DR",NA,"",30,"GRAJAU",2,0,"LINO DE MORAES LEME, AV DR 987 SAO PAULO SP",-23.6406826,-46.6648281
"4510","D031300425",271,"AFONSO DE FREITAS, RUA",NA,"",125,"","13/03/2013 12:30",4,"AT",36,1188," "," ",1,0,0,0,0,0,0,0,0,0,0,0,0,0,0,0,0,271,"AFONSO DE FREITAS, RUA",NA,"",92,"VILA MARIANA",1,0,"AFONSO DE FREITAS, RUA 125 SAO PAULO SP",-23.5747808,-46.6432212
"4511","D031300319",6962,"FILIPE CARDOSO, RUA",NA,"",238,"","13/03/2013 12:35",2,"CO",17,2203," "," ",1,1,0,0,0,0,0,0,0,0,0,0,0,0,0,0,0,6962,"FILIPE CARDOSO, RUA",NA,"",27,"CURSINO",1,0,"FILIPE CARDOSO, RUA 238 SAO PAULO SP",-23.6162948,-46.6198404
"4512","D031301592",4053,"MARIO LOPES LEAO, AV",NA,"",1050,"","13/03/2013 13:00",4,"AT",11,2829," "," ",1,0,0,0,0,0,0,0,0,0,0,0,0,0,0,0,0,4053,"MARIO LOPES LEAO, AV",NA,"",72,"SANTO AMARO",1,0,"MARIO LOPES LEAO, AV 1050 SAO PAULO SP",-23.6513989,-46.7155908
"4513","D031300246",9847,"JAGUARIBE, RUA",NA,"",611,"","13/03/2013 13:00",4,"AT",77,1121," "," ",1,0,0,0,0,0,0,0,0,0,0,0,0,0,0,0,0,9847,"JAGUARIBE, RUA",NA,"",70,"SANTA CECILIA",1,0,"JAGUARIBE, RUA 611 SAO PAULO SP",-23.5416093,-46.6538299
"4514","D031302083",17135,"RIO DAS PEDRAS, AV",NA,"",1930,"","13/03/2013 13:08",4,"AT",41,1389," "," ",0,0,0,0,0,0,0,1,0,0,0,0,0,0,0,0,0,17135,"RIO DAS PEDRAS, AV",NA,"",27,"CURSINO",1,0,"RIO DAS PEDRAS, AV 1930 SAO PAULO SP",-23.5700539,-46.5078713
"4515","D031301493",13239,"MARIA EUGENIA, RUA",NA,"",190,"","13/03/2013 13:24",4,"AT",52,791," "," ",1,0,0,0,0,0,0,0,0,0,0,0,0,0,0,0,0,13239,"MARIA EUGENIA, RUA",NA,"",82,"TATUAPE",1,0,"MARIA EUGENIA, RUA 190 SAO PAULO SP",-23.5338232,-46.5739644
"4516","D031300986",13019,"ESCOLA POLITECNICA, AV",NA,"",1260,"","13/03/2013 13:30",2,"CT",93,1708," "," ",1,0,0,1,0,0,0,0,0,0,0,0,0,0,0,0,0,13019,"ESCOLA POLITECNICA, AV",NA,"",40,"JAGUARE",2,0,"ESCOLA POLITECNICA, AV 1260 SAO PAULO SP",-23.5567659,-46.739847
"4517","D031300875",19817,"VITAL BRASIL, AV",7500,"FRANCISCO MORATO, AV PROF",0,"","13/03/2013 13:40",4,"AT",51,900056," "," ",0,1,0,0,0,0,0,0,0,0,0,0,0,0,0,0,0,7500,"FRANCISCO MORATO, AV PROF",10674,"JORGE DE LIMA, PCA",12,"BUTANTA",2,0,"VITAL BRASIL, AV SAO PAULO SP &  FRANCISCO MORATO, AV PROF SAO PAULO SP",-23.5696565,-46.7140386
"4518","D031301660",17772,"SANT'ANNA, AV COMEN",NA,"",847,"","13/03/2013 14:15",4,"AT",47,3245," "," ",0,1,0,0,0,0,0,0,0,0,0,0,0,0,0,0,0,17772,"SANT'ANNA, AV COMEN",NA,"",29,"FREGUESIA DO O",1,0,"SANT'ANNA, AV COMEN 847 SAO PAULO SP",-23.5186813,-46.6999583
"4519","D031301524",20059,"ZELINA, AV",NA,"",740,"","13/03/2013 14:15",4,"AT",56,1586," "," ",0,1,0,0,0,0,0,0,0,0,0,0,0,0,0,0,0,20059,"ZELINA, AV",NA,"",26,"CONSOLACAO",1,0,"ZELINA, AV 740 SAO PAULO SP",-23.5898268,-46.5766984
"4520","D031302412",18464,"JORGE DUPRAT FIGUEIREDO, RUA",NA,"",304,"","13/03/2013 14:15",4,"AT",36,1341," "," ",0,1,0,0,0,0,0,0,0,0,0,0,0,0,0,0,0,18464,"JORGE DUPRAT FIGUEIREDO, RUA",NA,"",NA,"",0,1,"JORGE DUPRAT FIGUEIREDO, RUA 304 SAO PAULO SP",-23.6426926,-46.6600437
"4521","D031301846",17110,"RIO BONITO, AV DO",NA,"",3000,"","13/03/2013 14:15",2,"CO",102,739," "," ",0,1,0,0,0,0,0,0,0,0,0,1,0,0,0,0,0,17110,"RIO BONITO, AV DO",NA,"",32,"IGUATEMI",1,0,"RIO BONITO, AV DO 3000 SAO PAULO SP",-23.6966848,-46.7015504
"4522","D031301448",6932,"FEIJO, AV REG",NA,"",1500,"","13/03/2013 14:30",2,"CL",30,1461," "," ",1,1,0,0,0,0,0,0,0,0,0,0,0,0,0,0,0,6932,"FEIJO, AV REG",NA,"",1,"AGUA RASA",1,0,"FEIJO, AV REG 1500 SAO PAULO SP",-22.9031096,-47.0613713
"4523","D031302367",18826,"BENTO GUELFI, AV",NA,"",2471,"","13/03/2013 15:00",2,"CO",49,785,"B"," ",0,1,1,0,0,0,0,0,0,0,0,0,0,0,0,0,0,18826,"BENTO GUELFI, AV",NA,"",55,"MORUMBI",1,1,"BENTO GUELFI, AV 2471 SAO PAULO SP",-23.6146391,-46.423118
"4524","D031300016",19543,"VENCESLAU BRAS, RUA",NA,"",54,"","13/03/2013 15:05",4,"AT",1,2092," "," ",0,0,0,0,0,0,0,0,0,0,0,1,0,0,0,0,0,19543,"VENCESLAU BRAS, RUA",NA,"",1,"AGUA RASA",1,0,"VENCESLAU BRAS, RUA 54 SAO PAULO SP",-23.5494761,-46.6326713
"4525","D031301562",6371,"ELISABETH DE ROBIANO, AV CDSSA",NA,"",1000,"","13/03/2013 15:09",2,"CT",81,756," "," ",0,1,0,1,0,0,0,0,0,0,0,0,0,0,0,0,0,29772,"MARGINAL DO RIO TIETE, AV",NA,"",82,"TATUAPE",1,0,"ELISABETH DE ROBIANO, AV CDSSA 1000 SAO PAULO SP",-23.5076424,-46.5495997
"4527","D031300749",14267,"MORUMBI, AV",10268,"JOAO DI PIETRO, RUA",0,"","13/03/2013 16:00",2,"CO",34,2066," "," ",1,1,0,0,0,0,0,0,0,0,0,0,0,0,0,0,0,504,"ALBERTO PENTEADO, AV DR",14267,"MORUMBI, AV",55,"MORUMBI",1,0,"MORUMBI, AV SAO PAULO SP &  JOAO DI PIETRO, RUA SAO PAULO SP",-23.5871012,-46.7059801
"4529","D031300569",16919,"REBOUCAS, AV",NA,"",2538,"","13/03/2013 16:30",4,"AT",14,2361," "," ",0,1,0,0,0,0,0,0,0,0,0,0,0,0,0,0,0,16919,"REBOUCAS, AV",NA,"",44,"JARDIM PAULISTA",2,0,"REBOUCAS, AV 2538 SAO PAULO SP",-23.5675291,-46.6844829
"4530","D031300920",13014,"MARGINAL DO RIO PINHEIROS, AV",NA,"",11,"","13/03/2013 16:40",2,"CO",89,1610," "," ",1,1,0,0,0,0,0,0,0,0,0,0,0,0,0,0,0,13014,"MARGINAL DO RIO PINHEIROS, AV",NA,"",40,"JAGUARE",1,0,"MARGINAL DO RIO PINHEIROS, AV 11 SAO PAULO SP",-23.4453033,-46.5790767
"4531","D031300636",9548,"ITAPICURU, RUA",8044,"GODOI, RUA MIN",0,"","13/03/2013 16:41",2,"CO",23,1385," "," ",1,1,0,0,0,0,0,0,0,0,0,0,0,0,0,0,0,8044,"GODOI, RUA MIN",9548,"ITAPICURU, RUA",61,"PERDIZES",1,0,"ITAPICURU, RUA SAO PAULO SP &  GODOI, RUA MIN SAO PAULO SP",-23.5349719,-46.6688802
"4532","D031301306",16305,"ANTONELO DA MESSINA, AV",NA,"",1211,"","13/03/2013 16:48",4,"AT",73,2617," "," ",1,0,0,0,0,0,0,0,0,0,0,0,0,0,0,0,0,16305,"ANTONELO DA MESSINA, AV",NA,"",83,"TREMEMBE",1,0,"ANTONELO DA MESSINA, AV 1211 SAO PAULO SP",-23.4468871,-46.5898996
"4533","D031302077",37209,"NAGIB FARAH MALUF, AV",10152,"JOAO BATISTA CONTI, AV PROF",0,"","13/03/2013 18:20",2,"CO",103,1850," "," ",1,1,0,0,0,0,0,0,0,0,0,0,0,0,0,0,0,10152,"JOAO BATISTA CONTI, AV PROF",37209,"NAGIB FARAH MALUF, AV",46,"JOSE BONIFACIO",1,0,"NAGIB FARAH MALUF, AV SAO PAULO SP &  JOAO BATISTA CONTI, AV PROF SAO PAULO SP",-23.5360834,-46.429702
"4534","D031300380",8944,"IBIRAPUERA, AV",9062,"IMARES, AV DOS",0,"","13/03/2013 18:27",4,"AT",27,3175," "," ",0,1,0,0,0,0,0,0,0,0,0,0,0,0,0,0,0,8944,"IBIRAPUERA, AV",22176,"JOAO CASTALDI OU DOS EUCALIPTO, AV",53,"MOEMA",1,0,"IBIRAPUERA, AV SAO PAULO SP &  IMARES, AV DOS SAO PAULO SP",-23.6014353,-46.6601288
"4535","D031300465",5618,"CURSINO, AV DO",NA,"",3281,"","13/03/2013 18:30",2,"CO",83,2471," "," ",1,1,0,0,0,0,0,0,0,0,0,0,0,0,0,0,0,5618,"CURSINO, AV DO",NA,"",27,"CURSINO",1,0,"CURSINO, AV DO 3281 SAO PAULO SP",-23.6303212,-46.6179981
"4536","D031302315",17824,"SAPOPEMBA, AV",NA,"",7685,"","13/03/2013 19:05",2,"CO",70,2572," "," ",1,1,0,0,0,0,0,0,0,0,0,0,0,0,0,0,0,17824,"SAPOPEMBA, AV",NA,"",33,"IPIRANGA",2,0,"SAPOPEMBA, AV 7685 SAO PAULO SP",-23.5953052,-46.524519
"4537","D031300361",999,"SANTO AMARO, AV",NA,"",3500,"","13/03/2013 19:10",2,"CO",27,2620," "," ",1,1,0,0,0,0,0,1,0,0,0,0,0,0,0,0,0,999,"SANTO AMARO, AV",NA,"",34,"ITAIM BIBI",2,0,"SANTO AMARO, AV 3500 SAO PAULO SP",-23.6147251,-46.6793779
"4538","D031300276",9715,"JABAQUARA, AV",5754,"DECIO, RUA",0,"","13/03/2013 19:15",4,"AT",16,2301," "," ",1,0,0,0,0,0,0,0,0,0,0,0,0,0,0,0,0,9715,"JABAQUARA, AV",13915,"MIGUEL ESTEFANO, AV",79,"SAUDE",1,0,"JABAQUARA, AV SAO PAULO SP &  DECIO, RUA SAO PAULO SP",-23.6202152,-46.6396897
"4539","D031300637",15270,"PACAEMBU, AV",NA,"",1682,"","13/03/2013 20:45",4,"AT",23,1390," "," ",1,0,0,0,0,0,0,0,0,0,0,0,0,0,0,0,0,15270,"PACAEMBU, AV",NA,"",19,"CAPAO REDONDO",1,0,"PACAEMBU, AV 1682 SAO PAULO SP",-23.5407799,-46.6646752
"4540","D031301027",12926,"MARCILIO FRANCO, RUA CEL",NA,"",200,"","13/03/2013 20:57",4,"AT",9,2291," "," ",0,1,0,0,0,0,0,0,0,0,0,0,0,0,0,0,0,12926,"MARCILIO FRANCO, RUA CEL",NA,"",88,"VILA GUILHERME",1,0,"MARCILIO FRANCO, RUA CEL 200 SAO PAULO SP",-23.4983826,-46.6094514
"4541","D031301525",14976,"OLIVEIRA GOUVEIA, RUA",NA,"",204,"","13/03/2013 21:00",2,"CO",56,1591," "," ",1,0,0,0,0,0,0,0,0,0,0,1,0,0,0,0,0,14976,"OLIVEIRA GOUVEIA, RUA",NA,"",26,"CONSOLACAO",1,0,"OLIVEIRA GOUVEIA, RUA 204 SAO PAULO SP",-23.587135,-46.5826366
"4542","D031302368",46936,"JACU-PESSEGO/NOVA TRABALHADORE, AV",NA,"",5000,"","13/03/2013 21:21",4,"AT",63,1849," "," ",1,0,0,0,0,0,0,0,0,0,0,0,0,0,0,0,0,46936,"JACU-PESSEGO/NOVA TRABALHADORE, AV",NA,"",46,"JOSE BONIFACIO",0,1,"JACU-PESSEGO/NOVA TRABALHADORE, AV 5000 SAO PAULO SP",-23.5792929,-46.4427658
"4543","D031300570",16919,"REBOUCAS, AV",NA,"",1164,"","13/03/2013 21:40",2,"CT",14,2369,"B"," ",1,1,0,0,0,0,0,0,0,0,0,0,0,0,0,0,0,16919,"REBOUCAS, AV",NA,"",44,"JARDIM PAULISTA",1,0,"REBOUCAS, AV 1164 SAO PAULO SP",-23.5607379,-46.6730424
"4544","D031301335",16838,"RAIMUNDO PEREIRA DE MAGAL., AV",NA,"",6900,"","13/03/2013 21:50",2,"QD",74,1206," "," ",0,0,1,0,0,0,0,0,0,0,0,0,0,0,0,0,0,16838,"RAIMUNDO PEREIRA DE MAGAL., AV",NA,"",31,"GUAIANASES",1,0,"RAIMUNDO PEREIRA DE MAGAL., AV 6900 SAO PAULO SP",-23.473777,-46.7276634
"4545","D031300772",9529,"ITAPECERICA, ES DE",NA,"",3470,"","13/03/2013 22:00",4,"AT",37,2075," "," ",1,0,0,0,0,0,0,0,0,0,0,0,0,0,0,0,0,9529,"ITAPECERICA, ES DE",NA,"",29,"FREGUESIA DO O",1,0,"ITAPECERICA, ES DE 3470 SAO PAULO SP",-23.5505199,-46.6333094
"4547","D031300251",10101,"JOAO, AV S",NA,"",248,"","13/03/2013 22:50",4,"AT",77,1457,"B"," ",0,1,0,0,0,0,0,0,0,0,0,0,0,0,0,0,0,10101,"JOAO, AV S",NA,"",67,"REPUBLICA",1,0,"JOAO, AV S 248 SAO PAULO SP",-23.544252,-46.6375612
"4548","D031301339",15425,"CANTIDIO SAMPAIO, AV DEP",NA,"",5642,"","13/03/2013 23:10",2,"CO",74,2260,"C"," ",1,0,1,0,0,0,0,0,0,0,0,0,0,0,0,0,0,15425,"CANTIDIO SAMPAIO, AV DEP",NA,"",41,"JARAGUA",3,0,"CANTIDIO SAMPAIO, AV DEP 5642 SAO PAULO SP",-23.442102,-46.706929
"4549","D031301600",11063,"JOSE MARIA, AV PDE",NA,"",600,"","14/03/2013 01:06",2,"CO",11,3135," "," ",0,0,2,0,0,0,0,0,0,0,0,0,0,0,0,0,0,11063,"JOSE MARIA, AV PDE",NA,"",72,"SANTO AMARO",1,0,"JOSE MARIA, AV PDE 600 SAO PAULO SP",-23.3101719,-45.9951734
"4550","D031301250",15791,"ORLANDO GARCIA DA SILVEIRA, AV PDE",NA,"",446,"","14/03/2013 01:10",2,"SI",45,2255," "," ",1,1,0,0,0,0,0,0,0,0,0,0,0,0,0,0,0,15791,"ORLANDO GARCIA DA SILVEIRA, AV PDE",NA,"",40,"JAGUARE",1,0,"ORLANDO GARCIA DA SILVEIRA, AV PDE 446 SAO PAULO SP",-23.5505199,-46.6333094
"4551","D031301888",13881,"MIGUEL, AV S",NA,"",3428,"","14/03/2013 01:40",2,"CH",24,2650," "," ",1,0,0,0,0,0,0,0,0,0,0,0,0,0,0,0,0,13881,"MIGUEL, AV S",NA,"",65,"PONTE RASA",1,0,"MIGUEL, AV S 3428 SAO PAULO SP",-23.6435879,-46.6267077
"4552","D031301190",13374,"MARIANA CALIGIORI RONCHETTI, AV",13148,"MARIA ANTONIA MARTINS, AV",0,"","14/03/2013 01:40",2,"CO",38,2259," "," ",1,0,0,0,0,0,0,1,0,0,0,0,0,0,0,0,0,13148,"MARIA ANTONIA MARTINS, AV",13374,"MARIANA CALIGIORI RONCHETTI, AV",13,"CACHOEIRINHA",1,0,"MARIANA CALIGIORI RONCHETTI, AV SAO PAULO SP &  MARIA ANTONIA MARTINS, AV SAO PAULO SP",-23.4640006,-46.6549868
"4554","D031301221",15630,"AGUAS DE SAO PEDRO, AV",19114,"TRAMWAY, RUA DO",0,"","14/03/2013 04:10",2,"QM",39,2297," "," ",0,1,0,0,0,0,0,0,0,0,0,0,0,0,0,0,0,15630,"AGUAS DE SAO PEDRO, AV",18918,"TOME PORTES, RUA",83,"TREMEMBE",1,0,"AGUAS DE SAO PEDRO, AV SAO PAULO SP &  TRAMWAY, RUA DO SAO PAULO SP",-23.4870644,-46.6142626
"4555","D031301130",10945,"JOSE ERMIRIO DE MORAES, AV SEN",NA,"",2005,"","14/03/2013 05:30",2,"CO",20,2402," "," ",2,0,0,0,0,0,0,0,0,0,0,0,0,0,0,0,0,10945,"JOSE ERMIRIO DE MORAES, AV SEN",NA,"",83,"TREMEMBE",1,0,"JOSE ERMIRIO DE MORAES, AV SEN 2005 SAO PAULO SP",-23.4382824,-46.6176728
"4556","D031301661",75460,"WILHELM FRIEDRICH LADWIG, AV",NA,"",38,"","14/03/2013 05:37",4,"AT",47,3258," "," ",1,0,0,0,0,0,0,0,0,0,0,0,0,0,0,0,0,75460,"WILHELM FRIEDRICH LADWIG, AV",NA,"",29,"FREGUESIA DO O",1,0,"WILHELM FRIEDRICH LADWIG, AV 38 SAO PAULO SP",-23.680532,-46.7691841
"4557","D031302407",6371,"ELISABETH DE ROBIANO, AV CDSSA",NA,"",750,"","14/03/2013 07:00",2,"CH",81,762," "," ",1,0,0,1,0,0,0,0,0,0,0,0,0,0,0,0,0,29772,"MARGINAL DO RIO TIETE, AV",NA,"",82,"TATUAPE",1,1,"ELISABETH DE ROBIANO, AV CDSSA 750 SAO PAULO SP",-23.5076424,-46.5495997
"4558","D031300395",4596,"CATARINA, AV STA",NA,"",1531,"","14/03/2013 07:10",2,"CO",35,231," "," ",1,1,0,0,0,0,0,0,0,0,0,0,0,0,0,0,0,4596,"CATARINA, AV STA",NA,"",37,"JABAQUARA",1,0,"CATARINA, AV STA 1531 SAO PAULO SP",-23.6482609,-46.6624377
"4559","D031300615",14804,"NOVE DE JULHO, AV",8225,"GROENLANDIA, RUA",0,"","14/03/2013 07:10",2,"CL",15,2002," "," ",1,1,0,0,0,0,0,0,0,0,0,0,0,0,0,0,0,8225,"GROENLANDIA, RUA",14804,"NOVE DE JULHO, AV",44,"JARDIM PAULISTA",1,0,"NOVE DE JULHO, AV SAO PAULO SP &  GROENLANDIA, RUA SAO PAULO SP",-23.5517584,-46.6473069
"4560","D031300211",10177,"JOAO BOEMER, RUA",NA,"",917,"","14/03/2013 07:15",2,"QM",12,1461," "," ",0,1,1,0,0,0,0,0,0,0,0,0,0,0,0,0,0,10177,"JOAO BOEMER, RUA",NA,"",8,"BELEM",1,0,"JOAO BOEMER, RUA 917 SAO PAULO SP",-23.5325598,-46.6118202