"","id_acidente","codloga","logradouroA","codlogb","logradouroB","alt_num","referencia","data","cod_acid","tipo_acidente","dp","numero_BO","sentido","pista","automovel","moto","onibus","caminhao","bicicleta","moto_taxi","onibus_fretado","onibus_urbano","microonibus","van","vuc","caminhonete","carreta","jipe","outros","sem_informacao","carroca","princ_a","paiA","princ_b","paiB","cod_distrito","distrito","vit_ferida","vit_morta","local","lat","lon"
"4637","D031300961",16726,"QUEIROZ FILHO, AV",NA,"",313,"","15/03/2013 12:00",4,"AT",91,1764," "," ",0,0,0,0,0,0,0,0,0,0,0,1,0,0,0,0,0,16726,"QUEIROZ FILHO, AV",NA,"",14,"CAMBUCI",1,0,"QUEIROZ FILHO, AV 313 SAO PAULO SP",-23.5370817,-46.7234375
"4638","D031300781",34682,"CAMPO LIMPO, ES DO",NA,"",1100,"","15/03/2013 12:05",2,"SI",37,22238," "," ",0,1,0,0,0,0,0,0,1,0,0,0,0,0,0,0,0,34682,"CAMPO LIMPO, ES DO",NA,"",17,"CAMPO LIMPO",1,0,"CAMPO LIMPO, ES DO 1100 SAO PAULO SP",-23.2019463,-46.785846
"4639","D031301156",19091,"HEITOR NASCIMENTO, RUA DR",NA,"",322,"","15/03/2013 12:10",2,"CO",28,1401," "," ",1,1,0,0,0,0,0,0,0,0,0,0,0,0,0,0,0,19091,"HEITOR NASCIMENTO, RUA DR",NA,"",4,"ARICANDUVA",1,0,"HEITOR NASCIMENTO, RUA DR 322 SAO PAULO SP",-23.4964291,-46.7071517
"4640","D031301665",83,"FEITICO DA VILA, RUA",NA,"",399,"","15/03/2013 12:30",4,"AT",47,3440," "," ",0,1,0,0,0,0,0,0,0,0,0,0,0,0,0,0,0,83,"FEITICO DA VILA, RUA",NA,"",19,"CAPAO REDONDO",1,0,"FEITICO DA VILA, RUA 399 SAO PAULO SP",-23.6863166,-46.79381
"4641","D031301403",7645,"FRONTIN, AV CD DE",NA,"",1140,"","15/03/2013 13:00",2,"CO",21,864,"B"," ",1,1,0,0,0,0,0,0,0,0,0,0,0,0,0,0,0,7645,"FRONTIN, AV CD DE",NA,"",93,"VILA MATILDE",1,0,"FRONTIN, AV CD DE 1140 SAO PAULO SP",-23.5505199,-46.6333094
"4642","D031301526",24338,"LUIZ IGNACIO ANHAIA MELLO, AV PROF",22127,"GRANDE SAO PAULO, VD",0,"","15/03/2013 13:03",2,"CO",56,1625," "," ",0,1,0,1,0,0,0,0,0,0,0,0,0,0,0,0,0,22127,"GRANDE SAO PAULO, VD",24338,"LUIZ IGNACIO ANHAIA MELLO, AV PROF",95,"VILA PRUDENTE",1,0,"LUIZ IGNACIO ANHAIA MELLO, AV PROF SAO PAULO SP &  GRANDE SAO PAULO, VD SAO PAULO SP",-23.5827842,-46.565808
"4644","D031302348",34071,"CLOVIS CAVALCANTI, RUA",NA,"",98,"","15/03/2013 13:22",2,"CH",46,1270," "," ",1,0,0,0,0,0,0,0,0,0,0,0,0,0,0,0,0,34071,"CLOVIS CAVALCANTI, RUA",NA,"",62,"PERUS",0,1,"CLOVIS CAVALCANTI, RUA 98 SAO PAULO SP",-23.4012137,-46.7520423
"4645","D031301209",11321,"JULIO BUONO, AV",NA,"",1953,"","15/03/2013 13:30",4,"AT",39,1265," "," ",1,0,0,0,0,0,0,0,0,0,0,0,0,0,0,0,0,11321,"JULIO BUONO, AV",NA,"",94,"VILA MEDEIROS",1,0,"JULIO BUONO, AV 1953 SAO PAULO SP",-23.4830716,-46.5904642
"4646","D031300571",16017,"PEDROSO DE MORAIS, AV",NA,"",1003,"","15/03/2013 14:00",2,"CO",14,2443," "," ",2,0,0,0,0,0,0,0,0,0,0,0,0,0,0,0,0,16017,"PEDROSO DE MORAIS, AV",NA,"",45,"JARDIM SAO LUIS",1,0,"PEDROSO DE MORAIS, AV 1003 SAO PAULO SP",-23.561771,-46.6930372
"4647","D031300430",27795,"BIBLIA, PCA DA",3761,"CABRINI, RUA MADRE",0,"","15/03/2013 14:00",4,"AT",36,1288," "," ",1,0,0,0,0,0,0,0,0,0,0,0,0,0,0,0,0,3761,"CABRINI, RUA MADRE",27795,"BIBLIA, PCA DA",NA,"",1,0,"BIBLIA, PCA DA SAO PAULO SP &  CABRINI, RUA MADRE SAO PAULO SP",-23.5925786,-46.6383589
"4648","D031301237",5738,"DARIO RIBEIRO, RUA PROF",NA,"",750,"","15/03/2013 14:12",4,"AT",40,926," "," ",0,0,0,0,0,0,0,0,0,0,0,1,0,0,0,0,0,5738,"DARIO RIBEIRO, RUA PROF",NA,"",50,"LIMAO",1,0,"DARIO RIBEIRO, RUA PROF 750 SAO PAULO SP",-23.4926319,-46.6710039
"4649","D031302132",13671,"MATEO BEI, AV",7379,"FRANCISCO CORDELLI, RUA",0,"","15/03/2013 14:40",2,"CO",49,807," "," ",1,1,0,0,0,0,0,0,0,0,0,0,0,0,0,0,0,7379,"FRANCISCO CORDELLI, RUA",13671,"MATEO BEI, AV",75,"SAO MATEUS",2,0,"MATEO BEI, AV SAO PAULO SP &  FRANCISCO CORDELLI, RUA SAO PAULO SP",-23.5972768,-46.4866619
"4650","D031302229",17824,"SAPOPEMBA, AV",NA,"",15117,"","15/03/2013 14:46",2,"SI",55,1141," "," ",0,1,0,0,0,0,0,0,0,0,0,1,0,0,0,0,0,17824,"SAPOPEMBA, AV",NA,"",33,"IPIRANGA",1,0,"SAPOPEMBA, AV 15117 SAO PAULO SP",-23.6225807,-46.4653608
"4651","D031301450",18068,"SERRA DE BRAGANCA, RUA",1967,"APUCARANA, RUA",0,"","15/03/2013 14:48",2,"CO",30,1507," "," ",2,0,0,0,0,0,0,0,0,0,0,0,0,0,0,0,0,1967,"APUCARANA, RUA",18068,"SERRA DE BRAGANCA, RUA",82,"TATUAPE",2,0,"SERRA DE BRAGANCA, RUA SAO PAULO SP &  APUCARANA, RUA SAO PAULO SP",-23.5449429,-46.5682309
"4652","D031300942",60516,"MARIE NADER CALFAT, RUA",NA,"",503,"","15/03/2013 14:50",2,"CO",89,2350," "," ",1,1,0,0,0,0,0,0,0,0,0,0,0,0,0,0,0,60516,"MARIE NADER CALFAT, RUA",NA,"",29,"FREGUESIA DO O",1,0,"MARIE NADER CALFAT, RUA 503 SAO PAULO SP",-23.6281666,-46.7295036
"4653","D031300641",4561,"CASTELO BRANCO, AV PRES",17507,"RUDGE, AV",0,"","15/03/2013 15:00",2,"CT",23,1442," "," ",0,2,0,0,0,0,0,0,0,0,0,0,0,0,0,0,0,4561,"CASTELO BRANCO, AV PRES",17507,"RUDGE, AV",NA,"",1,0,"CASTELO BRANCO, AV PRES SAO PAULO SP &  RUDGE, AV SAO PAULO SP",-23.5216047,-46.6390428
"4654","D031302347",13881,"MIGUEL, AV S",NA,"",4530,"","15/03/2013 15:11",4,"AT",62,1058," "," ",0,0,1,0,0,0,0,0,0,0,0,0,0,0,0,0,0,13881,"MIGUEL, AV S",NA,"",65,"PONTE RASA",0,1,"MIGUEL, AV S 4530 SAO PAULO SP",-23.5075418,-46.4896905
"4655","D031300145",120,"ACLIMACAO, AV DA",NA,"",763,"","15/03/2013 15:15",2,"CO",6,1319," "," ",1,0,0,0,0,0,0,1,0,0,0,1,0,0,0,0,0,120,"ACLIMACAO, AV DA",NA,"",49,"LIBERDADE",1,0,"ACLIMACAO, AV DA 763 SAO PAULO SP",-23.5728821,-46.6325561
"4656","D031302390",1010,"AMARO ANTONIO ROSA, RUA",9529,"ITAPECERICA, ES DE",0,"","15/03/2013 15:20",2,"CO",37,2237," "," ",0,1,0,1,0,0,0,0,0,0,0,0,0,0,0,0,0,1010,"AMARO ANTONIO ROSA, RUA",9529,"ITAPECERICA, ES DE",45,"JARDIM SAO LUIS",0,1,"AMARO ANTONIO ROSA, RUA SAO PAULO SP &  ITAPECERICA, ES DE SAO PAULO SP",-23.6422425,-46.7414644
"4657","D031300852",5309,"CORIFEU DE AZEVEDO MARQUES, AV",NA,"",2284,"","15/03/2013 15:30",2,"CT",51,1256," "," ",1,1,0,0,0,0,0,0,0,0,0,0,0,0,0,0,0,5309,"CORIFEU DE AZEVEDO MARQUES, AV",NA,"",12,"BUTANTA",1,0,"CORIFEU DE AZEVEDO MARQUES, AV 2284 SAO PAULO SP",-23.57398,-46.7355912
"4658","D031301275",3771,"INAJAR DE SOUZA, AV",NA,"",5000,"","15/03/2013 15:30",4,"AT",72,2298," "," ",1,0,0,0,0,0,0,0,0,0,0,0,0,0,0,0,0,3771,"INAJAR DE SOUZA, AV",NA,"",50,"LIMAO",1,0,"INAJAR DE SOUZA, AV 5000 SAO PAULO SP",-23.4686423,-46.670097
"4660","D031300266",12165,"LUIS ANTONIO, AV BRIG",15146,"OSORIO DUQUE ESTRADA, RUA",0,"","15/03/2013 16:00",4,"AT",78,2153,"C"," ",1,0,0,0,0,0,0,0,0,0,0,0,0,0,0,0,0,12165,"LUIS ANTONIO, AV BRIG",15146,"OSORIO DUQUE ESTRADA, RUA",44,"JARDIM PAULISTA",1,0,"LUIS ANTONIO, AV BRIG SAO PAULO SP &  OSORIO DUQUE ESTRADA, RUA SAO PAULO SP",-23.5699897,-46.6512614
"4661","D031301810",62251,"INACIO COUTO, RUA",NA,"",510,"","15/03/2013 16:10",2,"CT",100,1434,"B"," ",1,1,0,0,0,0,0,0,0,0,0,0,0,0,0,0,0,62251,"INACIO COUTO, RUA",NA,"",32,"IGUATEMI",1,0,"INACIO COUTO, RUA 510 SAO PAULO SP",-23.7204632,-46.7693471
"4662","D031301949",21259,"ALIPIO DE BARROS, AV PROF",69795,"LOASA, RUA",0,"","15/03/2013 16:20",2,"CO",59,872," "," ",1,1,0,0,0,0,0,0,0,0,0,0,0,0,0,0,0,21259,"ALIPIO DE BARROS, AV PROF",69795,"LOASA, RUA",43,"JARDIM HELENA",1,0,"ALIPIO DE BARROS, AV PROF SAO PAULO SP &  LOASA, RUA SAO PAULO SP",-23.4884171,-46.4151894
"4663","D031300933",8483,"GUILHERME DUMONT VILARES, AV DR",NA,"",423,"","15/03/2013 16:30",2,"CO",89,2120," "," ",1,1,0,0,0,0,0,0,0,0,0,0,0,0,0,0,0,8483,"GUILHERME DUMONT VILARES, AV DR",NA,"",85,"VILA ANDRADE",1,0,"GUILHERME DUMONT VILARES, AV DR 423 SAO PAULO SP",-23.6074541,-46.74515
"4665","D031301178",44645,"DIREITOS HUMANOS, AV",7347,"FRANCISCO RANIERI, AV DR",0,"","15/03/2013 16:53",2,"CO",38,1392," "," ",1,1,0,0,0,0,0,0,0,0,0,0,0,0,0,0,0,7347,"FRANCISCO RANIERI, AV DR",44645,"DIREITOS HUMANOS, AV",51,"MANDAQUI",1,0,"DIREITOS HUMANOS, AV SAO PAULO SP &  FRANCISCO RANIERI, AV DR SAO PAULO SP",-23.4761224,-46.6402686
"4667","D031300782",9529,"ITAPECERICA, ES DE",NA,"",1660,"","15/03/2013 17:23",2,"CT",37,2241," "," ",1,1,0,0,0,0,0,0,0,0,0,0,0,0,0,0,0,9529,"ITAPECERICA, ES DE",NA,"",29,"FREGUESIA DO O",1,0,"ITAPECERICA, ES DE 1660 SAO PAULO SP",-23.5505199,-46.6333094
"4668","D031302290",66609,"ORIZANIA, RUA",NA,"",22,"","15/03/2013 17:30",4,"AT",69,2600," "," ",1,0,0,0,0,0,0,0,0,0,0,0,0,0,0,0,0,66609,"ORIZANIA, RUA",NA,"",56,"PARELHEIROS",1,0,"ORIZANIA, RUA 22 SAO PAULO SP",-23.5984168,-46.4973829
"4670","D031301914",98912,"JOSE PINHEIRO BORGES, AV",5745,"DAVID DOMINGUES FERREIRA, AV",0,"","15/03/2013 17:40",2,"CO",32,1753,"B"," ",0,2,0,0,0,0,0,0,0,0,0,0,0,0,0,0,0,5745,"DAVID DOMINGUES FERREIRA, AV",98912,"JOSE PINHEIRO BORGES, AV",93,"VILA MATILDE",1,0,"JOSE PINHEIRO BORGES, AV SAO PAULO SP &  DAVID DOMINGUES FERREIRA, AV SAO PAULO SP",-23.5379455,-46.4560852
"4671","D031300019",3403,"BOA VISTA, RUA",NA,"",314,"","15/03/2013 17:50",4,"AT",1,2175," "," ",0,0,0,0,1,0,0,0,0,0,0,0,0,0,0,0,0,3403,"BOA VISTA, RUA",NA,"",80,"SE",1,0,"BOA VISTA, RUA 314 SAO PAULO SP",-23.5452532,-46.6336249
"4672","D031301410",2181,"ARICANDUVA, AV",14234,"MORAVIA, RUA",0,"","15/03/2013 19:00",2,"CO",21,1412," "," ",1,1,0,0,0,0,0,0,0,0,0,0,0,0,0,0,0,2181,"ARICANDUVA, AV",14234,"MORAVIA, RUA",20,"CARRAO",1,0,"ARICANDUVA, AV SAO PAULO SP &  MORAVIA, RUA SAO PAULO SP",-23.5479783,-46.5260893
"4673","D031301415",10581,"JOAQUIM MARRA, RUA",NA,"",395,"","15/03/2013 19:20",2,"CO",21,2995," "," ",1,1,0,0,0,0,0,0,0,0,0,0,0,0,0,0,0,10581,"JOAQUIM MARRA, RUA",NA,"",93,"VILA MATILDE",1,0,"JOAQUIM MARRA, RUA 395 SAO PAULO SP",-23.5323246,-46.5251867
"4676","D031300184",18703,"TAQUARI, RUA",NA,"",510,"","15/03/2013 20:15",4,"AT",8,1927," "," ",1,0,0,0,0,0,0,0,0,0,0,0,0,0,0,0,0,18703,"TAQUARI, RUA",NA,"",10,"BRAS",1,0,"TAQUARI, RUA 510 SAO PAULO SP",-23.5516181,-46.5980521
"4677","D031300261",3581,"BRASIL, AV",2484,"ATLANTICA, RUA",0,"","15/03/2013 20:20",2,"CL",78,2066,"B"," ",1,1,0,0,0,0,0,0,0,0,0,0,0,0,0,0,0,2484,"ATLANTICA, RUA",3581,"BRASIL, AV",44,"JARDIM PAULISTA",1,0,"BRASIL, AV SAO PAULO SP &  ATLANTICA, RUA SAO PAULO SP",-21.4863218,-47.3631133
"4678","D031300972",3105,"BELMONTE, RUA",8275,"GUAIPA, RUA",0,"","15/03/2013 20:30",2,"CO",91,900069," "," ",2,0,0,0,0,0,0,0,0,0,0,0,0,0,0,0,0,7841,"GAVIAO PEIXOTO, RUA BRIG",8275,"GUAIPA, RUA",NA,"",2,0,"BELMONTE, RUA SAO PAULO SP &  GUAIPA, RUA SAO PAULO SP",-23.521602,-46.7222841
"4679","D031302298",17824,"SAPOPEMBA, AV",NA,"",11000,"","15/03/2013 20:30",2,"QM",69,3280," "," ",0,1,0,0,0,0,0,0,0,0,0,0,0,0,0,0,0,17824,"SAPOPEMBA, AV",NA,"",33,"IPIRANGA",1,0,"SAPOPEMBA, AV 11000 SAO PAULO SP",-23.6145931,-46.5029371
"4680","D031301227",36061,"LUIZ DUMONT VILLARES, AV",NA,"",1300,"","15/03/2013 20:30",2,"SI",39,2699," "," ",2,1,0,0,0,0,0,0,0,0,0,0,0,0,0,0,0,36061,"LUIZ DUMONT VILLARES, AV",NA,"",22,"CIDADE ADEMAR",1,0,"LUIZ DUMONT VILLARES, AV 1300 SAO PAULO SP",-23.4910025,-46.6105415
"4681","D031300128",19764,"VINTE E TRES DE MAIO, AV",NA,"",595,"","15/03/2013 21:10",2,"CT",5,2065," "," ",1,1,0,0,0,0,0,0,0,0,0,0,0,0,0,0,0,19764,"VINTE E TRES DE MAIO, AV",NA,"",17,"CAMPO LIMPO",1,0,"VINTE E TRES DE MAIO, AV 595 SAO PAULO SP",-23.5830737,-46.6522533
"4683","D031300872",22282,"ERNANI DA GAMA CORREA, RUA DR",NA,"",476,"","15/03/2013 21:25",2,"CO",51,2453," "," ",1,0,0,0,0,0,0,0,1,0,0,0,0,0,0,0,0,22282,"ERNANI DA GAMA CORREA, RUA DR",NA,"",13,"CACHOEIRINHA",1,0,"ERNANI DA GAMA CORREA, RUA DR 476 SAO PAULO SP",-23.5748141,-46.7242805
"4684","D031301395",15304,"PAES DE BARROS, AV",14213,"MOOCA, RUA DA",0,"","15/03/2013 22:30",2,"QM",18,815," "," ",0,1,0,0,0,0,0,0,0,0,0,0,0,0,0,0,0,14213,"MOOCA, RUA DA",15304,"PAES DE BARROS, AV",54,"MOOCA",1,0,"PAES DE BARROS, AV SAO PAULO SP &  MOOCA, RUA DA SAO PAULO SP",-23.5743005,-46.5876557
"4686","D031300723",12502,"MAGALHAES DE CASTRO, AV",NA,"",11,"","15/03/2013 23:00",2,"CO",34,1674," "," ",1,1,0,0,0,0,0,0,0,0,0,0,0,0,0,0,0,13014,"MARGINAL DO RIO PINHEIROS, AV",NA,"",12,"BUTANTA",1,0,"MAGALHAES DE CASTRO, AV 11 SAO PAULO SP",-23.5598491,-46.7108085
"4687","D031300053",4561,"CASTELO BRANCO, AV PRES",33202,"ANGELO DI SARNO, RUA",0,"","15/03/2013 23:00",2,"CO",2,1506," "," ",1,1,0,0,0,0,0,0,0,0,0,0,0,0,0,0,0,4561,"CASTELO BRANCO, AV PRES",33202,"ANGELO DI SARNO, RUA",9,"BOM RETIRO",1,0,"CASTELO BRANCO, AV PRES SAO PAULO SP &  ANGELO DI SARNO, RUA SAO PAULO SP",-23.5216047,-46.6390428
"4688","D031301312",62088,"ANHANDUI, RUA",NA,"",110,"","15/03/2013 23:36",2,"CH",73,2708," "," ",1,0,0,0,0,0,0,0,0,0,0,0,0,0,0,0,0,62088,"ANHANDUI, RUA",NA,"",22,"CIDADE ADEMAR",1,0,"ANHANDUI, RUA 110 SAO PAULO SP",-23.4479227,-46.5895479
"4689","D031301795",9220,"INTERLAGOS, AV",NA,"",1900,"","16/03/2013 00:03",4,"AT",99,2925," "," ",1,0,0,0,0,0,0,0,0,0,0,0,0,0,0,0,0,9220,"INTERLAGOS, AV",NA,"",16,"CAMPO GRANDE",1,0,"INTERLAGOS, AV 1900 SAO PAULO SP",-23.6710083,-46.6780328
"4690","D031301397",15304,"PAES DE BARROS, AV",NA,"",134,"","16/03/2013 00:23",2,"CH",18,1637," "," ",1,0,0,0,0,0,0,0,0,0,0,0,0,0,0,0,0,15304,"PAES DE BARROS, AV",NA,"",16,"CAMPO GRANDE",1,0,"PAES DE BARROS, AV 134 SAO PAULO SP",-23.5566825,-46.6003881
"4691","D031300364",19931,"WASHINGTON LUIS, AV",NA,"",5865,"","16/03/2013 00:30",2,"CO",27,2702," "," ",1,1,0,0,0,0,0,1,0,0,0,0,0,0,0,0,0,19931,"WASHINGTON LUIS, AV",NA,"",30,"GRAJAU",1,0,"WASHINGTON LUIS, AV 5865 SAO PAULO SP",-23.6292442,-46.6668939
"4692","D031301102",475,"ALBERTO BYINGTON, AV",NA,"",3406,"","16/03/2013 01:00",2,"CO",19,2360," "," ",3,0,0,0,0,0,0,0,0,0,0,0,0,0,0,0,0,475,"ALBERTO BYINGTON, AV",NA,"",91,"VILA MARIA",1,0,"ALBERTO BYINGTON, AV 3406 SAO PAULO SP",-23.5028375,-46.580359
"4693","D031301191",15426,"PARADA PINTO, AV",NA,"",66,"","16/03/2013 01:41",4,"AT",38,2306," "," ",1,0,0,0,0,0,0,0,0,0,0,0,0,0,0,0,0,15426,"PARADA PINTO, AV",NA,"",8,"BELEM",1,0,"PARADA PINTO, AV 66 SAO PAULO SP",-23.4739951,-46.6673046
"4696","D031301329",72682,"RIO UNA, RUA",NA,"",10,"","16/03/2013 05:00",2,"QM",74,1003," "," ",0,1,0,0,0,0,0,0,0,0,0,0,0,0,0,0,0,72682,"RIO UNA, RUA",NA,"",52,"MARSILAC",1,0,"RIO UNA, RUA 10 SAO PAULO SP",-23.4517797,-46.718785
"4697","D031301192",9170,"INES, AV STA",NA,"",1800,"","16/03/2013 05:00",2,"SI",38,2310," "," ",1,1,0,0,0,0,0,0,0,0,0,0,0,0,0,0,0,9170,"INES, AV STA",NA,"",51,"MANDAQUI",2,0,"INES, AV STA 1800 SAO PAULO SP",-23.456645,-46.6490756
"4698","D031300262",15656,"PAULISTA, AV",NA,"",1400,"","16/03/2013 05:30",2,"CO",78,2071," "," ",2,0,0,0,0,0,0,0,0,0,0,0,0,0,0,0,0,15656,"PAULISTA, AV",NA,"",7,"BELA VISTA",4,0,"PAULISTA, AV 1400 SAO PAULO SP",-23.5570704,-46.6615884
"4700","D031300263",15656,"PAULISTA, AV",NA,"",1063,"","16/03/2013 05:50",2,"CT",78,2072," "," ",1,1,0,0,0,0,0,0,0,0,0,0,0,0,0,0,0,15656,"PAULISTA, AV",NA,"",7,"BELA VISTA",1,0,"PAULISTA, AV 1063 SAO PAULO SP",-23.5647929,-46.6526223
"4703","D031300728",21674,"JORGE JOAO SAAD, AV",11925,"LIRA, RUA COMTE",0,"","16/03/2013 06:40",2,"CO",34,1735," "," ",2,0,0,0,0,0,0,0,0,0,0,0,0,0,0,0,0,12835,"LICIO MARCONDES DO AMARAL, RUA",21674,"JORGE JOAO SAAD, AV",55,"MORUMBI",1,0,"JORGE JOAO SAAD, AV SAO PAULO SP &  LIRA, RUA COMTE SAO PAULO SP",-23.5907419,-46.7220614
"4704","D031301238",11885,"DOMINGOS TORRES, RUA",18657,"TANGERINAS, RUA",0,"","16/03/2013 06:54",2,"CO",40,1004," "," ",1,0,0,0,0,0,0,0,0,0,0,1,0,0,0,0,0,11885,"DOMINGOS TORRES, RUA",18657,"TANGERINAS, RUA",21,"CASA VERDE",3,0,"DOMINGOS TORRES, RUA SAO PAULO SP &  TANGERINAS, RUA SAO PAULO SP",-23.5060994,-46.6679283
"4705","D031301291",19719,"JAUPACI, RUA",NA,"",536,"","16/03/2013 07:00",2,"CH",73,1011," "," ",2,0,0,0,0,0,0,0,0,0,0,0,0,0,0,0,0,19719,"JAUPACI, RUA",NA,"",22,"CIDADE ADEMAR",1,0,"JAUPACI, RUA 536 SAO PAULO SP",-23.4524172,-46.5909429
"4706","D031301150",3771,"INAJAR DE SOUZA, AV",NA,"",3098,"","16/03/2013 07:26",2,"CH",28,1015," "," ",1,0,0,0,0,0,0,0,0,0,0,0,0,0,0,0,0,3771,"INAJAR DE SOUZA, AV",NA,"",50,"LIMAO",3,0,"INAJAR DE SOUZA, AV 3098 SAO PAULO SP",-23.4821202,-46.6759046
"4707","D031300915",8587,"HASTINFILO DE MOURA, RUA MAL",NA,"",30,"","16/03/2013 07:30",2,"CO",89,357," "," ",0,1,0,0,0,0,0,0,0,0,0,1,0,0,0,0,0,8587,"HASTINFILO DE MOURA, RUA MAL",NA,"",85,"VILA ANDRADE",1,0,"HASTINFILO DE MOURA, RUA MAL 30 SAO PAULO SP",-23.6173656,-46.5665391
"4708","D031301728",8368,"GUARAPIRANGA, AV",NA,"",100,"","16/03/2013 07:45",2,"QM",92,1728," "," ",0,1,0,0,0,0,0,0,0,0,0,0,0,0,0,0,0,8368,"GUARAPIRANGA, AV",NA,"",45,"JARDIM SAO LUIS",1,0,"GUARAPIRANGA, AV 100 SAO PAULO SP",-23.66956,-46.734116
"4709","D031301760",5606,"CUPECE, AV",NA,"",4805,"","16/03/2013 07:58",2,"CO",98,2930," "," ",2,0,0,0,0,0,0,0,0,0,0,0,0,0,0,0,0,5606,"CUPECE, AV",NA,"",22,"CIDADE ADEMAR",3,0,"CUPECE, AV 4805 SAO PAULO SP",-23.6758111,-46.6419215
"4710","D031300089",5245,"CONSOLACAO, RUA DA",15656,"PAULISTA, AV",0,"","16/03/2013 08:00",2,"CT",4,1995," "," ",1,1,0,0,0,0,0,0,0,0,0,0,0,0,0,0,0,5245,"CONSOLACAO, RUA DA",15656,"PAULISTA, AV",26,"CONSOLACAO",1,0,"CONSOLACAO, RUA DA SAO PAULO SP &  PAULISTA, AV SAO PAULO SP",-23.5471579,-46.6469857
"4711","D031301726",11167,"JOSE QUARESMA FRANCO, RUA",NA,"",93,"","16/03/2013 08:00",2,"CO",92,1725," "," ",2,0,0,0,0,0,0,0,0,0,0,0,0,0,0,0,0,11167,"JOSE QUARESMA FRANCO, RUA",NA,"",32,"IGUATEMI",2,0,"JOSE QUARESMA FRANCO, RUA 93 SAO PAULO SP",-23.6762432,-46.7474766
"4712","D031301036",20066,"ZILDA, RUA",NA,"",663,"","16/03/2013 08:00",2,"CO",13,1009," "," ",0,1,0,0,0,0,0,0,0,0,0,1,0,0,0,0,0,20066,"ZILDA, RUA",NA,"",44,"JARDIM PAULISTA",1,0,"ZILDA, RUA 663 SAO PAULO SP",-23.49395,-46.661877
"4713","D031302291",17824,"SAPOPEMBA, AV",NA,"",11700,"","16/03/2013 08:40",4,"AT",69,2673," "," ",0,0,0,1,0,0,0,0,0,0,0,0,0,0,0,0,0,17824,"SAPOPEMBA, AV",NA,"",33,"IPIRANGA",1,0,"SAPOPEMBA, AV 11700 SAO PAULO SP",-23.6142807,-46.4970578
"4714","D031300642",18519,"SUMARE, AV",19927,"VANDERLEI, RUA",0,"","16/03/2013 08:52",2,"CO",23,1456," "," ",1,1,0,0,0,0,0,0,0,0,0,0,0,0,0,1,0,18519,"SUMARE, AV",19927,"VANDERLEI, RUA",61,"PERDIZES",2,0,"SUMARE, AV SAO PAULO SP &  VANDERLEI, RUA SAO PAULO SP",-22.8071539,-47.223149
"4715","D031302153",13671,"MATEO BEI, AV",7379,"FRANCISCO CORDELLI, RUA",0,"","16/03/2013 09:30",2,"CO",49,3648," "," ",1,1,0,0,0,0,0,0,0,0,0,0,0,0,0,0,0,7379,"FRANCISCO CORDELLI, RUA",13671,"MATEO BEI, AV",75,"SAO MATEUS",2,0,"MATEO BEI, AV SAO PAULO SP &  FRANCISCO CORDELLI, RUA SAO PAULO SP",-23.5972768,-46.4866619
"4716","D031300853",16878,"RAPOSO TAVARES, VIA",NA,"",10,"","16/03/2013 09:55",2,"CO",51,1267," "," ",1,1,0,0,0,0,0,0,0,0,0,0,0,0,0,0,0,16878,"RAPOSO TAVARES, VIA",NA,"",13,"CACHOEIRINHA",2,0,"RAPOSO TAVARES, VIA 10 SAO PAULO SP",-23.6218906,-46.6885289
"4717","D031301891",9632,"ITINGUCU, RUA",NA,"",2758,"","16/03/2013 10:00",2,"CO",24,2747," "," ",1,1,0,0,0,0,0,0,0,0,0,0,0,0,0,0,0,9632,"ITINGUCU, RUA",NA,"",60,"PENHA",1,0,"ITINGUCU, RUA 2758 SAO PAULO SP",-23.534473,-46.4918972
"4718","D031300899",21706,"LAUDELINO VIEIRA DE CAMPOS, RUA",NA,"",13,"","16/03/2013 10:29",4,"AT",87,1387," "," ",1,0,0,0,0,0,0,0,0,0,0,0,0,0,0,0,0,21706,"LAUDELINO VIEIRA DE CAMPOS, RUA",NA,"",31,"GUAIANASES",1,0,"LAUDELINO VIEIRA DE CAMPOS, RUA 13 SAO PAULO SP",-23.4967355,-46.7255981
"4719","D031300264",4526,"CASA BRANCA, AL",17791,"SANTOS, AL",0,"","16/03/2013 10:30",2,"CO",78,2077," "," ",2,0,0,0,0,0,0,0,0,0,0,0,0,0,0,0,0,4526,"CASA BRANCA, AL",17791,"SANTOS, AL",44,"JARDIM PAULISTA",1,0,"CASA BRANCA, AL SAO PAULO SP &  SANTOS, AL SAO PAULO SP",-23.5662095,-46.6600909
"4720","D031300724",855,"ALVARENGA, RUA",7500,"FRANCISCO MORATO, AV PROF",0,"","16/03/2013 10:50",2,"CO",34,1683," "," ",1,1,0,0,0,0,0,0,0,0,0,0,0,0,0,0,0,616,"ALEUTAS, RUA",7500,"FRANCISCO MORATO, AV PROF",55,"MORUMBI",1,0,"ALVARENGA, RUA SAO PAULO SP &  FRANCISCO MORATO, AV PROF SAO PAULO SP",-23.56847,-46.7117265