"","id_acidente","codloga","logradouroA","codlogb","logradouroB","alt_num","referencia","data","cod_acid","tipo_acidente","dp","numero_BO","sentido","pista","automovel","moto","onibus","caminhao","bicicleta","moto_taxi","onibus_fretado","onibus_urbano","microonibus","van","vuc","caminhonete","carreta","jipe","outros","sem_informacao","carroca","princ_a","paiA","princ_b","paiB","cod_distrito","distrito","vit_ferida","vit_morta","local","lat","lon"
"4721","D031302106",7901,"ANTONIO SOARES PAIS, RUA",16443,"POA, ES DE",0,"","16/03/2013 10:50",4,"AT",44,820," "," ",0,0,0,1,0,0,0,0,0,0,0,0,0,0,0,0,0,7901,"ANTONIO SOARES PAIS, RUA",16443,"POA, ES DE",31,"GUAIANASES",1,0,"ANTONIO SOARES PAIS, RUA SAO PAULO SP &  POA, ES DE SAO PAULO SP",-23.5547965,-46.3956443
"4722","D031301506",4736,"CELSO GARCIA, AV",NA,"",6066,"","16/03/2013 11:00",2,"QD",52,3019,"C"," ",0,0,1,0,0,0,0,0,0,0,0,0,0,0,0,0,0,4736,"CELSO GARCIA, AV",NA,"",82,"TATUAPE",1,0,"CELSO GARCIA, AV 6066 SAO PAULO SP",-23.5299451,-46.5547041
"4723","D031300721",11612,"LAUDO FERREIRA DE CAMARGO, AV MIN",NA,"",52,"","16/03/2013 12:26",2,"CO",34,1657," "," ",1,1,0,0,0,0,0,0,0,0,0,0,0,0,0,0,0,11612,"LAUDO FERREIRA DE CAMARGO, AV MIN",NA,"",13,"CACHOEIRINHA",1,0,"LAUDO FERREIRA DE CAMARGO, AV MIN 52 SAO PAULO SP",-23.5891606,-46.7357627
"4724","D031301729",13929,"MIGUEL LOPES, RUA",NA,"",550,"","16/03/2013 12:30",2,"CO",92,1730," "," ",1,1,0,0,0,0,0,0,0,0,0,0,0,0,0,0,0,13929,"MIGUEL LOPES, RUA",NA,"",19,"CAPAO REDONDO",1,0,"MIGUEL LOPES, RUA 550 SAO PAULO SP",-23.6656761,-46.7644056
"4725","D031302107",5457,"COUTINHO E MELO, RUA",NA,"",343,"","16/03/2013 12:47",2,"QM",44,822," "," ",0,1,0,0,0,0,0,0,0,0,0,0,0,0,0,0,0,5457,"COUTINHO E MELO, RUA",NA,"",31,"GUAIANASES",2,0,"COUTINHO E MELO, RUA 343 SAO PAULO SP",-23.549812,-46.4094774
"4726","D031300900",2294,"TOME DE ALMEIDA E OLIVEIRA, RUA",NA,"",100,"","16/03/2013 13:00",2,"CO",87,1395," "," ",1,0,0,0,1,0,0,0,0,0,0,0,0,0,0,0,0,2294,"TOME DE ALMEIDA E OLIVEIRA, RUA",NA,"",64,"PIRITUBA",1,0,"TOME DE ALMEIDA E OLIVEIRA, RUA 100 SAO PAULO SP",-23.4748235,-46.7186108
"4727","D031301725",8368,"GUARAPIRANGA, AV",NA,"",3600,"","16/03/2013 13:30",2,"QM",92,1665," "," ",0,1,0,0,0,0,0,0,0,0,0,0,0,0,0,0,0,8368,"GUARAPIRANGA, AV",NA,"",45,"JARDIM SAO LUIS",1,0,"GUARAPIRANGA, AV 3600 SAO PAULO SP",-23.66721,-46.7264578
"4728","D031300365",15342,"PALMARES, RUA",10586,"JOAQUIM NABUCO, RUA",0,"","16/03/2013 13:33",2,"CH",27,2714," "," ",0,0,0,0,0,0,0,0,0,0,0,1,0,0,0,0,0,10586,"JOAQUIM NABUCO, RUA",15342,"PALMARES, RUA",15,"CAMPO BELO",4,0,"PALMARES, RUA SAO PAULO SP &  JOAQUIM NABUCO, RUA SAO PAULO SP",-23.617646,-46.4190015
"4729","D031301251",34562,"JOAO PAULO I, AV",70537,"EXPRESSIONISMO, RUA",0,"","16/03/2013 14:00",2,"CO",45,2319," "," ",1,1,0,0,0,0,0,0,0,0,0,0,0,0,0,0,0,34562,"JOAO PAULO I, AV",70537,"EXPRESSIONISMO, RUA",NA,"",1,0,"JOAO PAULO I, AV SAO PAULO SP &  EXPRESSIONISMO, RUA SAO PAULO SP",-23.4905859,-46.6887778
"4730","D031302354",9066,"IMBIRAS, RUA",NA,"",200,"","16/03/2013 14:00",2,"QM",77,1327," "," ",0,0,0,0,1,0,0,0,0,0,0,0,0,0,0,0,0,9066,"IMBIRAS, RUA",NA,"",NA,"",0,1,"IMBIRAS, RUA 200 SAO PAULO SP",-23.4644042,-46.5960319
"4731","D031300366",26500,"VICENTE RAO, AV PROF.",NA,"",421,"","16/03/2013 14:03",2,"CO",27,2722," "," ",1,1,0,0,0,0,0,0,0,0,0,0,0,0,0,0,0,26500,"VICENTE RAO, AV PROF.",NA,"",30,"GRAJAU",1,0,"VICENTE RAO, AV PROF. 421 SAO PAULO SP",-23.6262305,-46.6871967
"4733","D031301039",15188,"OTAVIANO ALVES DE LIMA, AV",NA,"",100,"","16/03/2013 14:30",2,"SI",13,1514," "," ",2,0,0,0,0,0,0,0,0,0,0,0,0,0,0,0,0,29772,"MARGINAL DO RIO TIETE, AV",NA,"",NA,"",3,0,"OTAVIANO ALVES DE LIMA, AV 100 SAO PAULO SP",-23.5077262,-46.6913919
"4735","D031301090",15131,"GUARANESIA, RUA",541,"ALCANTARA, RUA",0,"","16/03/2013 15:17",2,"CL",19,1019," "," ",1,1,0,0,0,0,0,0,0,0,0,0,0,0,0,0,0,541,"ALCANTARA, RUA",15131,"GUARANESIA, RUA",91,"VILA MARIA",1,0,"GUARANESIA, RUA SAO PAULO SP &  ALCANTARA, RUA SAO PAULO SP",-23.5120356,-46.5862098
"4738","D031300575",10387,"JOAO MOURA, RUA",12473,"MADALENA, RUA",0,"","16/03/2013 16:59",2,"CO",14,2475," "," ",1,1,0,0,0,0,0,0,0,0,0,0,0,0,0,0,0,10387,"JOAO MOURA, RUA",12473,"MADALENA, RUA",63,"PINHEIROS",1,0,"JOAO MOURA, RUA SAO PAULO SP &  MADALENA, RUA SAO PAULO SP",-23.5621478,-46.6764453
"4739","D031302349",3674,"BROTERO, RUA CONS",NA,"",1486,"","16/03/2013 17:30",4,"AT",91,1792," "," ",0,0,0,0,0,0,0,0,0,0,0,0,0,0,0,1,0,3674,"BROTERO, RUA CONS",NA,"",70,"SANTA CECILIA",0,1,"BROTERO, RUA CONS 1486 SAO PAULO SP",-23.539428,-46.6614692
"4740","D031300775",8122,"JOSE PEREIRA BUENO, RUA",NA,"",269,"","16/03/2013 17:50",2,"CO",37,2153," "," ",0,2,0,0,0,0,0,0,0,0,0,0,0,0,0,0,0,8122,"JOSE PEREIRA BUENO, RUA",NA,"",17,"CAMPO LIMPO",1,0,"JOSE PEREIRA BUENO, RUA 269 SAO PAULO SP",-23.6357455,-46.7482316
"4741","D031300776",34682,"CAMPO LIMPO, ES DO",NA,"",6030,"","16/03/2013 17:50",2,"QM",37,2155," "," ",0,1,0,0,0,0,0,0,0,0,0,0,0,0,0,0,0,34682,"CAMPO LIMPO, ES DO",NA,"",17,"CAMPO LIMPO",1,0,"CAMPO LIMPO, ES DO 6030 SAO PAULO SP",-23.2019463,-46.785846
"4742","D031301252",19986,"XAVIER DA SILVEIRA, PCA",NA,"",469,"","16/03/2013 18:00",2,"CH",45,2325," "," ",2,0,0,0,0,0,0,0,0,0,0,0,0,0,0,0,0,19986,"XAVIER DA SILVEIRA, PCA",NA,"",33,"IPIRANGA",1,0,"XAVIER DA SILVEIRA, PCA 469 SAO PAULO SP",-23.5631897,-46.5742925
"4743","D031302117",16494,"MIGUEL ACHIOLE DA FONCECA, AV",NA,"",1909,"","16/03/2013 18:00",2,"CO",44,1705," "," ",2,0,0,0,0,0,0,0,0,0,0,0,0,0,0,0,0,16494,"MIGUEL ACHIOLE DA FONCECA, AV",NA,"",50,"LIMAO",3,0,"MIGUEL ACHIOLE DA FONCECA, AV 1909 SAO PAULO SP",-23.5601241,-46.4073086
"4744","D031301357",1019,"AMARO FELICISSIMO DA SILVEIRA, AV TTE",NA,"",1384,"","16/03/2013 18:00",2,"QV",90,2738," "," ",1,0,0,0,0,0,0,0,0,0,0,0,0,0,0,0,0,1019,"AMARO FELICISSIMO DA SILVEIRA, AV TTE",NA,"",91,"VILA MARIA",1,0,"AMARO FELICISSIMO DA SILVEIRA, AV TTE 1384 SAO PAULO SP",-23.5505199,-46.6333094
"4745","D031300962",740,"ALIANCA LIBERAL, RUA",3530,"BOTELHO, RUA CEL",0,"","16/03/2013 18:04",2,"CL",91,1788," "," ",2,0,0,0,0,0,0,0,0,0,0,0,0,0,0,0,0,740,"ALIANCA LIBERAL, RUA",3530,"BOTELHO, RUA CEL",90,"VILA LEOPOLDINA",1,0,"ALIANCA LIBERAL, RUA SAO PAULO SP &  BOTELHO, RUA CEL SAO PAULO SP",-23.5222575,-46.7270965
"4746","D031301816",12403,"M'BOI MIRIM, ES",NA,"",5000,"","16/03/2013 19:00",2,"CO",100,2987," "," ",1,1,0,0,0,0,0,0,0,0,0,0,0,0,0,0,0,12403,"M'BOI MIRIM, ES",NA,"",42,"JARDIM ANGELA",1,0,"M'BOI MIRIM, ES 5000 SAO PAULO SP",-23.5505199,-46.6333094
"4747","D031300730",19145,"TRES PODERES, AV DOS",7500,"FRANCISCO MORATO, AV PROF",0,"","16/03/2013 19:25",2,"CO",34,1756," "," ",1,1,0,0,0,0,0,0,0,0,0,0,0,0,0,0,0,7500,"FRANCISCO MORATO, AV PROF",19145,"TRES PODERES, AV DOS",12,"BUTANTA",2,0,"TRES PODERES, AV DOS SAO PAULO SP &  FRANCISCO MORATO, AV PROF SAO PAULO SP",-23.5767445,-46.714289
"4748","D031301848",17110,"RIO BONITO, AV DO",NA,"",1751,"","16/03/2013 19:30",2,"CL",102,811," "," ",2,0,0,0,0,0,0,0,0,0,0,0,0,0,0,0,0,17110,"RIO BONITO, AV DO",NA,"",32,"IGUATEMI",1,0,"RIO BONITO, AV DO 1751 SAO PAULO SP",-23.6880047,-46.7017223
"4749","D031302154",9044,"RAGUEB CHOHFI, AV",NA,"",5192,"","16/03/2013 19:35",2,"CO",49,3670,"B"," ",1,1,0,0,0,0,0,0,0,0,0,0,0,0,0,0,0,9044,"RAGUEB CHOHFI, AV",NA,"",32,"IGUATEMI",2,0,"RAGUEB CHOHFI, AV 5192 SAO PAULO SP",-23.596291,-46.435565
"4752","D031300091",2617,"AVANHANDAVA, RUA",13614,"MARTINHO PRADO, RUA",0,"","16/03/2013 19:58",2,"CO",4,2088," "," ",1,1,0,0,0,0,0,0,0,0,0,0,0,0,0,0,0,2617,"AVANHANDAVA, RUA",13614,"MARTINHO PRADO, RUA",67,"REPUBLICA",1,0,"AVANHANDAVA, RUA SAO PAULO SP &  MARTINHO PRADO, RUA SAO PAULO SP",-23.5509028,-46.6466838
"4753","D031302099",14366,"NACIONALISTAS, AV DOS",10891,"JOSE DE BARROS LIMA, RUA",0,"","16/03/2013 20:20",2,"CO",41,2696," "," ",2,0,0,0,0,0,0,0,0,0,0,0,0,0,0,0,0,10891,"JOSE DE BARROS LIMA, RUA",14366,"NACIONALISTAS, AV DOS",4,"ARICANDUVA",2,0,"NACIONALISTAS, AV DOS SAO PAULO SP &  JOSE DE BARROS LIMA, RUA SAO PAULO SP",-23.5763244,-46.520087
"4756","D031301893",4128,"CANGAIBA, AV",NA,"",4300,"","16/03/2013 21:15",2,"CO",24,2815," "," ",1,1,0,0,0,0,0,0,0,0,0,0,0,0,0,0,0,4128,"CANGAIBA, AV",NA,"",18,"CANGAIBA",1,0,"CANGAIBA, AV 4300 SAO PAULO SP",-23.5051208,-46.5155366
"4758","D031300413",9715,"JABAQUARA, AV",3644,"BRAZOPOLIS, RUA",0,"","16/03/2013 21:40",4,"AT",35,3540," "," ",0,0,0,0,0,0,0,0,0,0,0,0,0,0,0,1,0,3644,"BRAZOPOLIS, RUA",9715,"JABAQUARA, AV",NA,"",1,0,"JABAQUARA, AV SAO PAULO SP &  BRAZOPOLIS, RUA SAO PAULO SP",-23.6202152,-46.6396897
"4759","D031302187",36428,"FRANCISCO TRANCHESI, AV",60675,"AFONSO DE SAMPAIO E SOUSA, AV",0,"","16/03/2013 21:40",2,"CO",53,1707," "," ",0,0,2,0,0,0,0,0,0,0,0,0,0,0,0,0,0,6927,"HARRY DANHENBERG, RUA",36428,"FRANCISCO TRANCHESI, AV",58,"PARQUE DO CARMO",5,0,"FRANCISCO TRANCHESI, AV SAO PAULO SP &  AFONSO DE SAMPAIO E SOUSA, AV SAO PAULO SP",-23.5699642,-46.4599817
"4760","D031300888",99656,"CARLOS FARIA, RUA",NA,"",406,"","16/03/2013 22:35",2,"CO",75,2162," "," ",0,2,0,0,0,0,0,0,0,0,0,0,0,0,0,0,0,99656,"CARLOS FARIA, RUA",NA,"",13,"CACHOEIRINHA",1,0,"CARLOS FARIA, RUA 406 SAO PAULO SP",-23.6035432,-46.7843735
"4761","D031301103",5204,"CONCEICAO (ES.), AV",NA,"",4310,"","16/03/2013 23:00",2,"CO",19,2391," "," ",1,0,0,0,1,0,0,0,0,0,0,0,0,0,0,0,0,5204,"CONCEICAO (ES.), AV",NA,"",88,"VILA GUILHERME",1,0,"CONCEICAO (ES.), AV 4310 SAO PAULO SP",-23.5505199,-46.6333094
"4762","D031300130",15656,"PAULISTA, AV",4410,"CARLOS SAMPAIO, RUA",0,"","16/03/2013 23:15",4,"AT",5,2094," "," ",0,0,0,0,0,0,0,0,0,0,0,1,0,0,0,0,0,13248,"MARIA FIGUEIREDO, RUA",15656,"PAULISTA, AV",7,"BELA VISTA",1,0,"PAULISTA, AV SAO PAULO SP &  CARLOS SAMPAIO, RUA SAO PAULO SP",-23.5625897,-46.6549244
"4763","D031300066",4659,"CAXIAS, AV DUQ DE",NA,"",330,"","16/03/2013 23:50",2,"CH",3,1517," "," ",1,1,0,0,0,0,0,0,0,0,0,0,0,0,0,0,0,4659,"CAXIAS, AV DUQ DE",NA,"",67,"REPUBLICA",1,0,"CAXIAS, AV DUQ DE 330 SAO PAULO SP",-23.5505199,-46.6333094
"4765","D031302292",65872,"ANTONIO DE FRANCA E SILVA, RUA",NA,"",680,"","17/03/2013 01:35",2,"CO",69,2700," "," ",2,0,0,0,0,0,0,0,0,0,0,0,0,0,0,0,0,65872,"ANTONIO DE FRANCA E SILVA, RUA",NA,"",56,"PARELHEIROS",5,0,"ANTONIO DE FRANCA E SILVA, RUA 680 SAO PAULO SP",-23.6206498,-46.5028442
"4766","D031301375",43777,"CARVALHO PINTO, AV GOV",18724,"TARUMA, AV",0,"","17/03/2013 02:03",2,"CO",10,3033," "," ",1,1,0,0,0,0,0,0,0,0,0,0,0,0,0,0,0,18724,"TARUMA, AV",43777,"CARVALHO PINTO, AV GOV",18,"CANGAIBA",1,0,"CARVALHO PINTO, AV GOV SAO PAULO SP &  TARUMA, AV SAO PAULO SP",-23.5149544,-46.5203738
"4767","D031300368",12847,"MARACATINS, AL DOS",9880,"JAMARIS, AV",0,"","17/03/2013 02:24",2,"CL",27,2735," "," ",2,0,0,0,0,0,0,0,0,0,0,0,0,0,0,0,0,9880,"JAMARIS, AV",12847,"MARACATINS, AL DOS",53,"MOEMA",1,0,"MARACATINS, AL DOS SAO PAULO SP &  JAMARIS, AV SAO PAULO SP",-23.6087227,-46.6624171
"4768","D031301939",17820,"TITO, AV MAL",NA,"",4700,"","17/03/2013 02:56",2,"CH",50,3253," "," ",1,0,0,0,0,0,0,0,0,0,0,0,0,0,0,0,0,17820,"TITO, AV MAL",NA,"",53,"MOEMA",2,0,"TITO, AV MAL 4700 SAO PAULO SP",-23.4973446,-46.3995956
"4769","D031301446",18068,"SERRA DE BRAGANCA, RUA",19727,"VILELA, RUA",0,"","17/03/2013 03:53",2,"CH",30,1440," "," ",1,0,0,0,0,0,0,0,0,0,0,0,0,0,0,0,0,18068,"SERRA DE BRAGANCA, RUA",19727,"VILELA, RUA",NA,"",1,0,"SERRA DE BRAGANCA, RUA SAO PAULO SP &  VILELA, RUA SAO PAULO SP",-23.5449429,-46.5682309
"4770","D031302350",1429,"ANHANGUERA, VIA",NA,"",16300,"","17/03/2013 04:58",4,"AT",33,2418," "," ",1,0,0,0,0,0,0,0,0,0,0,0,0,0,0,0,0,1429,"ANHANGUERA, VIA",NA,"",73,"SAO DOMINGOS",0,1,"ANHANGUERA, VIA 16300 SAO PAULO SP",-23.4900941,-46.7665396
"4771","D031302394",8368,"GUARAPIRANGA, AV",NA,"",1200,"","17/03/2013 05:20",2,"CF",47,3390," "," ",0,0,2,0,0,0,0,0,0,0,0,0,0,0,0,0,0,8368,"GUARAPIRANGA, AV",NA,"",45,"JARDIM SAO LUIS",4,1,"GUARAPIRANGA, AV 1200 SAO PAULO SP",-23.6803395,-46.7347739
"4772","D031300576",9935,"JAPIACOIA, RUA",12175,"LUIS AUGUSTO DE QUEIROS ARANHA, RUA DR",0,"","17/03/2013 05:55",2,"CF",14,2491," "," ",1,0,0,0,0,0,0,0,0,0,0,0,0,0,0,0,0,9935,"JAPIACOIA, RUA",12175,"LUIS AUGUSTO DE QUEIROS ARANHA, RUA DR",2,"ALTO DE PINHEIR",2,0,"JAPIACOIA, RUA SAO PAULO SP &  LUIS AUGUSTO DE QUEIROS ARANHA, RUA DR SAO PAULO SP",-23.5438328,-46.709632
"4773","D031301759",852,"ALVARENGA, ES DO",NA,"",1500,"","17/03/2013 06:54",2,"CF",98,2881," "," ",0,0,0,0,0,0,0,0,1,0,0,1,0,0,0,0,0,852,"ALVARENGA, ES DO",NA,"",59,"PEDREIRA",1,0,"ALVARENGA, ES DO 1500 SAO PAULO SP",-23.5505199,-46.6333094
"4775","D031302155",18826,"BENTO GUELFI, AV",NA,"",1660,"","17/03/2013 07:00",2,"CH",49,3688," "," ",1,0,0,0,0,0,0,0,0,0,0,0,0,0,0,0,0,18826,"BENTO GUELFI, AV",NA,"",55,"MORUMBI",1,0,"BENTO GUELFI, AV 1660 SAO PAULO SP",-23.6102726,-46.4259133
"4776","D031301061",27187,"OLAVO FONTOURA, AV",NA,"",1200,"","17/03/2013 07:23",2,"CT",13,2847," "," ",1,0,0,1,0,0,0,0,0,0,0,0,0,0,0,0,0,27187,"OLAVO FONTOURA, AV",NA,"",8,"BELEM",2,0,"OLAVO FONTOURA, AV 1200 SAO PAULO SP",-23.5150892,-46.6420086
"4777","D031301104",1930,"NADIR DIAS DE FIGUEIREDO, AV",NA,"",580,"","17/03/2013 08:00",2,"CH",19,2409," "," ",1,0,0,0,0,0,0,0,0,0,0,0,0,0,0,0,0,1930,"NADIR DIAS DE FIGUEIREDO, AV",NA,"",91,"VILA MARIA",1,0,"NADIR DIAS DE FIGUEIREDO, AV 580 SAO PAULO SP",-23.51992,-46.5949389
"4778","D031302085",10503,"JOAO XXIII, AV",NA,"",1600,"","17/03/2013 10:11",4,"AT",41,1446," "," ",1,0,0,0,0,0,0,0,0,0,0,0,0,0,0,0,0,10503,"JOAO XXIII, AV",NA,"",4,"ARICANDUVA",1,0,"JOAO XXIII, AV 1600 SAO PAULO SP",-23.5685307,-46.5276885
"4779","D031300533",19004,"TITO, RUA",NA,"",1132,"","17/03/2013 10:20",4,"AT",7,1806," "," ",0,0,0,0,0,0,0,0,0,0,0,1,0,0,0,0,0,19004,"TITO, RUA",NA,"",14,"CAMBUCI",1,0,"TITO, RUA 1132 SAO PAULO SP",-23.5282164,-46.7029768
"4780","D031301416",8261,"WALDEMAR CARLOS PEREIRA, AV",NA,"",1159,"","17/03/2013 10:50",2,"CO",21,3047," "," ",1,1,0,0,0,0,0,0,0,0,0,0,0,0,0,0,0,8261,"WALDEMAR CARLOS PEREIRA, AV",NA,"",93,"VILA MATILDE",1,0,"WALDEMAR CARLOS PEREIRA, AV 1159 SAO PAULO SP",-23.5439117,-46.5164516
"4781","D031301648",34128,"JOAO DE LUCA, AV VER",NA,"",901,"","17/03/2013 11:30",2,"CO",43,2892," "," ",2,0,0,0,0,0,0,0,0,0,0,1,0,0,0,0,0,34128,"JOAO DE LUCA, AV VER",NA,"",42,"JARDIM ANGELA",4,0,"JOAO DE LUCA, AV VER 901 SAO PAULO SP",-23.6518925,-46.6692306
"4784","D031300819",18262,"SILVIO DE CAMPOS, AV DR",NA,"",235,"","17/03/2013 13:00",2,"CO",46,1361," "," ",2,0,0,0,0,0,0,0,0,0,0,0,0,0,0,0,0,18262,"SILVIO DE CAMPOS, AV DR",NA,"",NA,"",1,0,"SILVIO DE CAMPOS, AV DR 235 SAO PAULO SP",-23.4067905,-46.7561817
"4785","D031302293",65872,"ANTONIO DE FRANCA E SILVA, RUA",NA,"",823,"","17/03/2013 13:10",2,"CL",69,2726," "," ",1,1,0,0,0,0,0,0,0,0,0,0,0,0,0,0,0,65872,"ANTONIO DE FRANCA E SILVA, RUA",NA,"",56,"PARELHEIROS",1,0,"ANTONIO DE FRANCA E SILVA, RUA 823 SAO PAULO SP",-23.6217122,-46.5034682
"4787","D031301028",3792,"CACHOEIRA DO ARARI, RUA",NA,"",290,"","17/03/2013 13:29",2,"CO",9,2411,"C"," ",1,0,0,0,0,0,0,0,0,0,0,1,0,0,0,0,0,3792,"CACHOEIRA DO ARARI, RUA",NA,"",88,"VILA GUILHERME",1,0,"CACHOEIRA DO ARARI, RUA 290 SAO PAULO SP",-23.5036083,-46.5959404
"4788","D031301427",3676,"BRUNA, RUA",NA,"",72,"","17/03/2013 13:36",4,"AT",29,1662," "," ",1,0,0,0,0,0,0,0,0,0,0,0,0,0,0,0,0,3676,"BRUNA, RUA",NA,"",1,"AGUA RASA",1,0,"BRUNA, RUA 72 SAO PAULO SP",-23.5703031,-46.5606482
"4790","D031300884",36553,"NAZIR MIGUEL, RUA",NA,"",200,"","17/03/2013 14:15",2,"QD",75,1032," "," ",0,0,0,0,0,0,0,1,0,0,0,0,0,0,0,0,0,36553,"NAZIR MIGUEL, RUA",NA,"",13,"CACHOEIRINHA",1,0,"NAZIR MIGUEL, RUA 200 SAO PAULO SP",-23.6038216,-46.7948292
"4791","D031301314",9512,"ITAMONTE, RUA",6224,"EDU CHAVES, AV",0,"","17/03/2013 15:00",2,"CO",73,2775," "," ",2,0,0,0,0,0,0,0,0,0,0,0,0,0,0,0,0,6224,"EDU CHAVES, AV",9512,"ITAMONTE, RUA",38,"JACANA",2,0,"ITAMONTE, RUA SAO PAULO SP &  EDU CHAVES, AV SAO PAULO SP",-23.4891779,-46.5786137
"4792","D031301919",9806,"PIRES DO RIO, AV",NA,"",2999,"","17/03/2013 15:32",4,"AT",32,1952," "," ",1,0,0,0,0,0,0,0,0,0,0,0,0,0,0,0,0,9806,"PIRES DO RIO, AV",NA,"",76,"SAO MIGUEL",1,0,"PIRES DO RIO, AV 2999 SAO PAULO SP",-23.5235256,-46.4438735
"4793","D031300067",17000,"REPUBLICA, PCA DA",NA,"",76,"","17/03/2013 16:20",4,"AT",3,1535," "," ",1,0,0,0,0,0,0,0,0,0,0,0,0,0,0,0,0,17000,"REPUBLICA, PCA DA",NA,"",0,"NULL",1,0,"REPUBLICA, PCA DA 76 SAO PAULO SP",-23.5492204,-46.6336852
"4794","D031301105",14270,"MORVAN DIAS DE FIGUEIREDO, AV",1930,"NADIR DIAS DE FIGUEIREDO, AV",0,"","17/03/2013 16:33",2,"CO",19,2420," "," ",3,0,0,0,0,0,0,0,0,0,0,0,0,0,0,0,0,1930,"NADIR DIAS DE FIGUEIREDO, AV",14270,"MORVAN DIAS DE FIGUEIREDO, AV",NA,"",1,0,"MORVAN DIAS DE FIGUEIREDO, AV SAO PAULO SP &  NADIR DIAS DE FIGUEIREDO, AV SAO PAULO SP",-23.5218788,-46.6058375
"4795","D031300964",10941,"JOSE ELIAS, RUA DR",10663,"JORGE AMERICANO, RUA",0,"","17/03/2013 16:45",4,"AT",91,1833," "," ",1,0,0,0,0,0,0,0,0,0,0,0,0,0,0,0,0,10663,"JORGE AMERICANO, RUA",10941,"JOSE ELIAS, RUA DR",48,"LAPA",1,0,"JOSE ELIAS, RUA DR SAO PAULO SP &  JORGE AMERICANO, RUA SAO PAULO SP",-23.5316761,-46.7165767
"4796","D031300751",7500,"FRANCISCO MORATO, AV PROF",21674,"JORGE JOAO SAAD, AV",0,"","17/03/2013 17:30",2,"CO",34,2188," "," ",1,1,0,0,0,0,0,0,0,0,0,0,0,0,0,0,0,7500,"FRANCISCO MORATO, AV PROF",21674,"JORGE JOAO SAAD, AV",12,"BUTANTA",1,0,"FRANCISCO MORATO, AV PROF SAO PAULO SP &  JORGE JOAO SAAD, AV SAO PAULO SP",-23.5789486,-46.7103326
"4797","D031301545",10162,"JOAO BATISTA DE LACERDA, RUA DR",NA,"",261,"","17/03/2013 19:40",2,"CO",57,1672,"C"," ",2,0,0,0,0,0,0,0,0,0,0,0,0,0,0,0,0,10162,"JOAO BATISTA DE LACERDA, RUA DR",NA,"",8,"BELEM",1,0,"JOAO BATISTA DE LACERDA, RUA DR 261 SAO PAULO SP",-23.54942,-46.5846026
"4798","D031301131",351,"AGUA FRIA, AV",NA,"",1617,"","17/03/2013 19:50",2,"QM",20,2425,"C"," ",0,1,0,0,0,0,0,0,0,0,0,0,0,0,0,0,0,351,"AGUA FRIA, AV",NA,"",71,"SANTANA",1,0,"AGUA FRIA, AV 1617 SAO PAULO SP",-23.4749785,-46.6191379
"4799","D031300158",14317,"MUNIZ DE SOUSA, RUA",NA,"",720,"","17/03/2013 19:59",2,"CT",8,1980," "," ",5,0,0,0,0,0,0,0,0,0,0,0,0,0,0,0,0,14317,"MUNIZ DE SOUSA, RUA",NA,"",12,"BUTANTA",2,0,"MUNIZ DE SOUSA, RUA 720 SAO PAULO SP",-23.5692439,-46.627083
"4800","D031300265",2497,"AUGUSTA, RUA",NA,"",2514,"","17/03/2013 20:08",4,"AT",78,2116," "," ",1,0,0,0,0,0,0,0,0,0,0,0,0,0,0,0,0,2497,"AUGUSTA, RUA",NA,"",26,"CONSOLACAO",1,0,"AUGUSTA, RUA 2514 SAO PAULO SP",-23.5631708,-46.665612
"4801","D031300187",18337,"SIQUEIRA BUENO, RUA",19306,"UBIRAJARA, LGO",0,"","17/03/2013 20:10",2,"CO",8,2030," "," ",2,0,0,0,0,0,0,0,0,0,0,0,0,0,0,0,0,185,"ADELINO, RUA PDE",19306,"UBIRAJARA, LGO",54,"MOOCA",1,0,"SIQUEIRA BUENO, RUA SAO PAULO SP &  UBIRAJARA, LGO SAO PAULO SP",-23.5457795,-46.5925681
"4802","D031300889",8603,"HEITOR ANTONIO EIRAS GARCIA, AV ENG",NA,"",6668,"","17/03/2013 20:30",2,"CH",75,2194," "," ",1,0,0,0,0,0,0,0,0,0,0,0,0,0,0,0,0,8603,"HEITOR ANTONIO EIRAS GARCIA, AV ENG",NA,"",68,"RIO PEQUENO",2,0,"HEITOR ANTONIO EIRAS GARCIA, AV ENG 6668 SAO PAULO SP",-23.6002296,-46.7873028
"4803","D031300725",14267,"MORUMBI, AV",NA,"",6500,"","17/03/2013 20:30",2,"CO",34,1701," "," ",2,0,1,0,0,0,0,0,0,0,0,0,0,0,0,0,0,14267,"MORUMBI, AV",NA,"",55,"MORUMBI",1,0,"MORUMBI, AV 6500 SAO PAULO SP",-23.6172961,-46.7076075
"4804","D031301193",14242,"MOREIRA DE BARROS, RUA CONS",NA,"",2270,"","17/03/2013 20:33",2,"CF",38,2349,"B"," ",2,0,0,0,0,0,0,0,0,0,0,1,0,0,0,0,0,14242,"MOREIRA DE BARROS, RUA CONS",NA,"",0,"NULL",2,0,"MOREIRA DE BARROS, RUA CONS 2270 SAO PAULO SP",-23.4848243,-46.6414796
"4805","D031300092",2497,"AUGUSTA, RUA",NA,"",2823,"","17/03/2013 20:37",2,"CL",4,2114," "," ",2,0,0,0,0,0,0,0,0,0,0,0,0,0,0,0,0,2497,"AUGUSTA, RUA",NA,"",26,"CONSOLACAO",1,0,"AUGUSTA, RUA 2823 SAO PAULO SP",-23.5653635,-46.6676347