"","id_acidente","codloga","logradouroA","codlogb","logradouroB","alt_num","referencia","data","cod_acid","tipo_acidente","dp","numero_BO","sentido","pista","automovel","moto","onibus","caminhao","bicicleta","moto_taxi","onibus_fretado","onibus_urbano","microonibus","van","vuc","caminhonete","carreta","jipe","outros","sem_informacao","carroca","princ_a","paiA","princ_b","paiB","cod_distrito","distrito","vit_ferida","vit_morta","local","lat","lon"
"4806","D031300136",16010,"PEDROSO, RUA",19583,"VERGUEIRO, RUA",0,"","17/03/2013 20:45",2,"CL",5,2770," "," ",1,0,0,0,0,0,0,0,0,0,0,1,0,0,0,0,0,16010,"PEDROSO, RUA",19583,"VERGUEIRO, RUA",49,"LIBERDADE",1,0,"PEDROSO, RUA SAO PAULO SP &  VERGUEIRO, RUA SAO PAULO SP",-23.5626761,-46.6407018
"4808","D031301834",5138,"CANAL DA COCAIA, ES DO",25154,"DEMAS ZITTO, RUA",0,"","17/03/2013 20:49",2,"CO",101,2322," "," ",0,1,1,0,0,0,0,0,0,0,0,0,0,0,0,0,0,5138,"CANAL DA COCAIA, ES DO",25154,"DEMAS ZITTO, RUA",NA,"",1,0,"CANAL DA COCAIA, ES DO SAO PAULO SP &  DEMAS ZITTO, RUA SAO PAULO SP",-23.5505199,-46.6333094
"4809","D031301853",8368,"GUARAPIRANGA, AV",NA,"",750,"","17/03/2013 21:10",4,"AT",102,2970," "," ",2,0,0,0,0,0,0,0,0,0,0,0,0,0,0,0,0,8368,"GUARAPIRANGA, AV",NA,"",45,"JARDIM SAO LUIS",1,0,"GUARAPIRANGA, AV 750 SAO PAULO SP",-23.666399,-46.7197302
"4810","D031301921",2516,"AUGUSTO CARLOS BAUMAN, RUA",5679,"DAMASIO PINTO, RUA",0,"","17/03/2013 21:39",2,"CO",32,1956," "," ",2,0,0,0,0,0,0,0,0,0,0,0,0,0,0,0,0,2516,"AUGUSTO CARLOS BAUMAN, RUA",9590,"ITAQUERA-GUAIANAZES, ES",36,"ITAQUERA",1,0,"AUGUSTO CARLOS BAUMAN, RUA SAO PAULO SP &  DAMASIO PINTO, RUA SAO PAULO SP",-23.5316515,-46.4470261
"4811","D031300873",35598,"CIDADE UNIVERSITARIA, PTE DA",NA,"",10,"","17/03/2013 21:50",2,"SI",51,2506," "," ",2,0,0,0,0,0,0,0,0,0,0,0,0,0,0,0,0,35598,"CIDADE UNIVERSITARIA, PTE DA",NA,"",2,"ALTO DE PINHEIR",4,0,"CIDADE UNIVERSITARIA, PTE DA 10 SAO PAULO SP",-23.5617573,-46.7213147
"4812","D031300387",15378,"CIDADE DE BAGDA, RUA",9718,"GENARO DE CARVALHO, RUA",0,"","17/03/2013 21:50",2,"CL",35,1095," "," ",2,0,0,0,0,0,0,0,0,0,0,0,0,0,0,0,0,9718,"GENARO DE CARVALHO, RUA",15378,"CIDADE DE BAGDA, RUA",37,"JABAQUARA",1,0,"CIDADE DE BAGDA, RUA SAO PAULO SP &  GENARO DE CARVALHO, RUA SAO PAULO SP",-23.6563762,-46.6533195
"4813","D031302415",4736,"CELSO GARCIA, AV",NA,"",564,"","17/03/2013 22:25",4,"AT",90,1272,"C"," ",0,0,1,0,0,0,0,0,0,0,0,0,0,0,0,0,0,4736,"CELSO GARCIA, AV",NA,"",82,"TATUAPE",0,1,"CELSO GARCIA, AV 564 SAO PAULO SP",-23.5390574,-46.6068927
"4814","D031302335",19711,"ABILIO PEDRO RAMOS, RUA",NA,"",350,"","17/03/2013 22:26",4,"AT",73,2785," "," ",0,1,0,0,0,0,0,0,0,0,0,0,0,0,0,0,0,19711,"ABILIO PEDRO RAMOS, RUA",NA,"",22,"CIDADE ADEMAR",1,1,"ABILIO PEDRO RAMOS, RUA 350 SAO PAULO SP",-23.4616909,-46.5774465
"4815","D031301417",1507,"ANTONIETA DE MORAIS, RUA",NA,"",380,"","17/03/2013 22:33",2,"CH",21,3065," "," ",1,0,0,0,0,0,0,0,0,0,0,0,0,0,0,0,0,1507,"ANTONIETA DE MORAIS, RUA",NA,"",93,"VILA MATILDE",1,0,"ANTONIETA DE MORAIS, RUA 380 SAO PAULO SP",-23.5440759,-46.5271447
"4816","D031301418",12612,"MANILHA, RUA",2181,"ARICANDUVA, AV",0,"","17/03/2013 22:40",2,"CO",21,3068," "," ",2,0,0,0,0,0,0,0,0,0,0,0,0,0,0,0,0,2181,"ARICANDUVA, AV",2440,"ASTARTE, RUA",20,"CARRAO",1,0,"MANILHA, RUA SAO PAULO SP &  ARICANDUVA, AV SAO PAULO SP",-23.5480252,-46.5261119
"4817","D031300515",24491,"IMIGRANTES, VIA DOS",NA,"",13,"","17/03/2013 23:00",2,"CO",97,2326," "," ",1,1,0,0,0,0,0,0,0,0,0,0,0,0,0,0,0,24491,"IMIGRANTES, VIA DOS",NA,"",NA,"",1,0,"IMIGRANTES, VIA DOS 13 SAO PAULO SP",-23.6526818,-46.6342479
"4818","D031301940",5366,"CORREGO TIJUCO PRETO, AV",NA,"",445,"","17/03/2013 23:10",4,"AT",50,3286," "," ",0,1,0,0,0,0,0,0,0,0,0,0,0,0,0,0,0,5366,"CORREGO TIJUCO PRETO, AV",NA,"",35,"ITAIM PAULISTA",2,0,"CORREGO TIJUCO PRETO, AV 445 SAO PAULO SP",-23.4948045,-46.3837513
"4819","D031302021",10627,"JUAZEIRO DO NORTE, RUA",NA,"",453,"","17/03/2013 23:16",4,"AT",64,2786," "," ",1,0,0,0,0,0,0,0,0,0,0,0,0,0,0,0,0,10627,"JUAZEIRO DO NORTE, RUA",NA,"",15,"CAMPO BELO",1,0,"JUAZEIRO DO NORTE, RUA 453 SAO PAULO SP",-23.5281469,-46.4879535
"4821","D031300147",11922,"LINS DE VASCONCELOS, AV",995,"AMARANTE, RUA",0,"","18/03/2013 00:00",2,"SI",6,31352," "," ",1,1,0,0,0,0,0,0,0,0,0,0,0,0,0,0,0,995,"AMARANTE, RUA",11922,"LINS DE VASCONCELOS, AV",14,"CAMBUCI",1,0,"LINS DE VASCONCELOS, AV SAO PAULO SP &  AMARANTE, RUA SAO PAULO SP",-23.5729401,-46.622809
"4822","D031300131",12165,"LUIS ANTONIO, AV BRIG",NA,"",600,"","18/03/2013 00:15",2,"CO",5,2119," "," ",0,1,0,0,0,0,0,0,0,0,0,0,0,0,0,1,0,12165,"LUIS ANTONIO, AV BRIG",NA,"",7,"BELA VISTA",1,0,"LUIS ANTONIO, AV BRIG 600 SAO PAULO SP",-23.5555753,-46.6394416
"4823","D031300293",66,"ABRAAO DE MORAIS, AV PROF",13915,"MIGUEL ESTEFANO, AV",0,"","18/03/2013 00:28",2,"CO",16,3568," "," ",1,1,0,0,0,0,0,0,0,0,0,0,0,0,0,0,0,66,"ABRAAO DE MORAIS, AV PROF",7019,"FRANCISCO TAPAJOS, RUA",79,"SAUDE",1,0,"ABRAAO DE MORAIS, AV PROF SAO PAULO SP &  MIGUEL ESTEFANO, AV SAO PAULO SP",-23.6072122,-46.6270066
"4824","D031302046",12156,"LUIZ AYRES, RUA DR",NA,"",2500,"","18/03/2013 00:45",2,"CH",65,2788," "," ",1,0,0,0,0,0,0,0,0,0,0,0,0,0,0,0,0,12156,"LUIZ AYRES, RUA DR",NA,"",5,"ARTUR ALVIM",1,0,"LUIZ AYRES, RUA DR 2500 SAO PAULO SP",-23.5422396,-46.4814708
"4825","D031300427",3274,"BERNARDINO DE CAMPOS, AV",57,"ABILIO SOARES, RUA",0,"","18/03/2013 02:41",2,"CO",36,1218," "," ",1,1,0,0,0,0,0,0,0,0,0,0,0,0,0,0,0,57,"ABILIO SOARES, RUA",3274,"BERNARDINO DE CAMPOS, AV",92,"VILA MARIANA",1,0,"BERNARDINO DE CAMPOS, AV SAO PAULO SP &  ABILIO SOARES, RUA SAO PAULO SP",-23.5761068,-46.641305
"4826","D031302079",9134,"INCONFIDENCIA MINEIRA, AV",NA,"",1013,"","18/03/2013 05:30",2,"CT",41,827," "," ",1,0,1,0,0,0,0,0,0,0,0,0,0,0,0,0,0,9134,"INCONFIDENCIA MINEIRA, AV",NA,"",4,"ARICANDUVA",1,0,"INCONFIDENCIA MINEIRA, AV 1013 SAO PAULO SP",-23.5768311,-46.5162707
"4827","D031300783",34682,"CAMPO LIMPO, ES DO",NA,"",3225,"","18/03/2013 05:30",2,"QM",37,2271," "," ",1,1,0,0,0,0,0,0,0,0,0,0,0,0,0,0,0,34682,"CAMPO LIMPO, ES DO",NA,"",17,"CAMPO LIMPO",2,0,"CAMPO LIMPO, ES DO 3225 SAO PAULO SP",-23.2019463,-46.785846
"4828","D031300935",8000,"GIOVANNI GRONCHI, AV",61244,"JOSE GALANTE, AV",0,"","18/03/2013 05:38",2,"CO",89,2199," "," ",1,1,0,0,0,0,0,0,0,0,0,0,0,0,0,0,0,61244,"JOSE GALANTE, AV",66268,"JAMES FERRAZ ALVIM, RUA DR",85,"VILA ANDRADE",1,0,"GIOVANNI GRONCHI, AV SAO PAULO SP &  JOSE GALANTE, AV SAO PAULO SP",-23.6004501,-46.710515
"4829","D031300454",14510,"NESTOR ALBERTO DE MACEDO, RUA DR",NA,"",8,"","18/03/2013 06:00",4,"AT",83,667," "," ",1,0,0,0,0,0,0,0,0,0,0,0,0,0,0,0,0,14510,"NESTOR ALBERTO DE MACEDO, RUA DR",NA,"",27,"CURSINO",1,0,"NESTOR ALBERTO DE MACEDO, RUA DR 8 SAO PAULO SP",-23.6258447,-46.6206297
"4830","D031301730",13357,"MARIA COELHO AGUIAR, AV",NA,"",215,"","18/03/2013 06:08",4,"AT",92,1741," "," ",0,0,0,0,0,0,0,0,0,0,0,0,0,0,0,1,0,13357,"MARIA COELHO AGUIAR, AV",NA,"",45,"JARDIM SAO LUIS",1,0,"MARIA COELHO AGUIAR, AV 215 SAO PAULO SP",-23.6483613,-46.7316463
"4831","D031300376",26500,"VICENTE RAO, AV PROF.",NA,"",30,"","18/03/2013 06:30",2,"CO",27,3037," "," ",1,0,0,1,0,0,0,0,0,0,0,0,0,0,0,0,0,26500,"VICENTE RAO, AV PROF.",NA,"",30,"GRAJAU",1,0,"VICENTE RAO, AV PROF. 30 SAO PAULO SP",-23.6267619,-46.6869641
"4832","D031301198",14242,"MOREIRA DE BARROS, RUA CONS",7347,"FRANCISCO RANIERI, AV DR",0,"","18/03/2013 06:30",2,"CO",38,2881," "," ",0,1,0,0,0,0,0,0,0,0,0,1,0,0,0,0,0,7347,"FRANCISCO RANIERI, AV DR",14242,"MOREIRA DE BARROS, RUA CONS",51,"MANDAQUI",1,0,"MOREIRA DE BARROS, RUA CONS SAO PAULO SP &  FRANCISCO RANIERI, AV DR SAO PAULO SP",-23.4788703,-46.6508619
"4833","D031300973",14685,"ASSUNCAO, AV NSRA DA",NA,"",2,"","18/03/2013 06:50",4,"AT",93,1290," "," ",1,0,0,0,0,0,0,0,0,0,0,0,0,0,0,0,0,14685,"ASSUNCAO, AV NSRA DA",NA,"",68,"RIO PEQUENO",1,0,"ASSUNCAO, AV NSRA DA 2 SAO PAULO SP",-23.5505199,-46.6333094
"4834","D031300369",15887,"PEDRO BUENO, AV",NA,"",650,"","18/03/2013 06:59",2,"CO",27,2776," "," ",3,0,0,0,0,0,0,0,0,0,0,0,0,0,0,0,0,15887,"PEDRO BUENO, AV",NA,"",30,"GRAJAU",1,0,"PEDRO BUENO, AV 650 SAO PAULO SP",-23.6354986,-46.6496348
"4835","D031300509",2235,"ARMANDO DE ARRUDA PEREIRA, AV ENG",NA,"",2700,"","18/03/2013 07:00",4,"AT",97,759," "," ",0,0,1,0,0,0,0,0,0,0,0,0,0,0,0,0,0,2235,"ARMANDO DE ARRUDA PEREIRA, AV ENG",NA,"",37,"JABAQUARA",1,0,"ARMANDO DE ARRUDA PEREIRA, AV ENG 2700 SAO PAULO SP",-23.6512135,-46.6396065
"4836","D031300541",6238,"NACOES UNIDAS, AV DAS",4178,"CAPEPUXIS, RUA",0,"","18/03/2013 07:00",2,"CT",14,1346," "," ",1,1,0,0,0,0,0,0,0,0,0,0,0,0,0,0,0,1581,"ANTONIO BATUIRA, AV",6238,"NACOES UNIDAS, AV DAS",72,"SANTO AMARO",1,0,"NACOES UNIDAS, AV DAS SAO PAULO SP &  CAPEPUXIS, RUA SAO PAULO SP",-23.5735935,-46.7008864
"4837","D031301376",4128,"CANGAIBA, AV",NA,"",92,"","18/03/2013 07:05",2,"QD",10,3070," "," ",0,0,0,0,0,0,0,1,0,0,0,0,0,0,0,0,0,4128,"CANGAIBA, AV",NA,"",18,"CANGAIBA",1,0,"CANGAIBA, AV 92 SAO PAULO SP",-23.518974,-46.5463534
"4838","D031301781",9220,"INTERLAGOS, AV",NA,"",871,"","18/03/2013 07:10",2,"CF",99,1209," "," ",2,1,0,0,0,0,0,0,0,0,0,0,0,0,0,0,0,9220,"INTERLAGOS, AV",NA,"",16,"CAMPO GRANDE",1,0,"INTERLAGOS, AV 871 SAO PAULO SP",-23.6608314,-46.6793918
"4839","D031300643",18908,"TOMAS EDSON, AV",NA,"",62,"","18/03/2013 07:10",4,"AT",23,1463," "," ",0,0,1,0,0,0,0,0,0,0,0,0,0,0,0,0,0,18908,"TOMAS EDSON, AV",NA,"",35,"ITAIM PAULISTA",1,0,"TOMAS EDSON, AV 62 SAO PAULO SP",-23.5250135,-46.6643794
"4840","D031300963",14172,"MONTE PASCAL, RUA",NA,"",100,"","18/03/2013 07:15",4,"AT",91,1828," "," ",0,1,0,0,0,0,0,0,0,0,0,0,0,0,0,0,0,14172,"MONTE PASCAL, RUA",NA,"",48,"LAPA",1,0,"MONTE PASCAL, RUA 100 SAO PAULO SP",-23.5208435,-46.719925
"4841","D031301675",20514,"MANUEL ALVES SOARES, AV",NA,"",299,"","18/03/2013 07:21",4,"AT",48,1032," "," ",1,0,0,0,0,0,0,0,0,0,0,0,0,0,0,0,0,20514,"MANUEL ALVES SOARES, AV",NA,"",32,"IGUATEMI",1,0,"MANUEL ALVES SOARES, AV 299 SAO PAULO SP",-23.7240185,-46.6877658
"4842","D031301132",18257,"SILVIO DE ALMEIDA SAMPAIO, RUA",NA,"",101,"","18/03/2013 07:30",4,"AT",20,2443," "," ",0,1,0,0,0,0,0,0,0,0,0,0,0,0,0,0,0,18257,"SILVIO DE ALMEIDA SAMPAIO, RUA",NA,"",8,"BELEM",1,0,"SILVIO DE ALMEIDA SAMPAIO, RUA 101 SAO PAULO SP",-23.4773901,-46.631519
"4843","D031302308",15032,"ORATORIO, AV DO",NA,"",6530,"","18/03/2013 07:30",2,"CT",70,1750," "," ",3,0,0,0,0,0,0,0,0,0,0,0,0,0,0,0,0,15032,"ORATORIO, AV DO",NA,"",26,"CONSOLACAO",2,0,"ORATORIO, AV DO 6530 SAO PAULO SP",-23.6126062,-46.523513
"4844","D031301892",13881,"MIGUEL, AV S",43777,"CARVALHO PINTO, AV GOV",0,"","18/03/2013 07:30",4,"AT",24,2795," "," ",0,1,0,0,0,0,0,0,0,0,0,0,0,0,0,0,0,13881,"MIGUEL, AV S",43777,"CARVALHO PINTO, AV GOV",60,"PENHA",1,0,"MIGUEL, AV S SAO PAULO SP &  CARVALHO PINTO, AV GOV SAO PAULO SP",-23.513252,-46.517118
"4845","D031301998",9806,"PIRES DO RIO, AV",19800,"VIRGINIA DE MIRANDA, RUA",0,"","18/03/2013 07:30",2,"CO",64,1809," "," ",1,1,0,0,0,0,0,0,0,0,0,0,0,0,0,0,0,9806,"PIRES DO RIO, AV",19800,"VIRGINIA DE MIRANDA, RUA",76,"SAO MIGUEL",1,0,"PIRES DO RIO, AV SAO PAULO SP &  VIRGINIA DE MIRANDA, RUA SAO PAULO SP",-23.5173451,-46.443657
"4846","D031301210",6163,"EDE, AV",6475,"ALDEIA VINTE DE SETEMBRO, RUA",0,"","18/03/2013 07:40",4,"AT",39,1279," "," ",1,0,0,0,0,0,0,0,0,0,0,0,0,0,0,0,0,6163,"EDE, AV",6475,"ALDEIA VINTE DE SETEMBRO, RUA",94,"VILA MEDEIROS",1,0,"EDE, AV SAO PAULO SP &  ALDEIA VINTE DE SETEMBRO, RUA SAO PAULO SP",-23.4943829,-46.5921248
"4847","D031300988",5309,"CORIFEU DE AZEVEDO MARQUES, AV",NA,"",3009,"","18/03/2013 08:00",2,"SI",93,1803," "," ",1,1,0,0,0,0,0,0,0,0,0,0,0,0,0,0,0,5309,"CORIFEU DE AZEVEDO MARQUES, AV",NA,"",12,"BUTANTA",1,0,"CORIFEU DE AZEVEDO MARQUES, AV 3009 SAO PAULO SP",-23.5697632,-46.7411812
"4849","D031300426",19583,"VERGUEIRO, RUA",NA,"",2317,"","18/03/2013 08:25",4,"AT",36,1217," "," ",0,1,0,0,0,0,0,0,0,0,0,0,0,0,0,0,0,19583,"VERGUEIRO, RUA",NA,"",33,"IPIRANGA",1,0,"VERGUEIRO, RUA 2317 SAO PAULO SP",-23.5821231,-46.6377321
"4851","D031301157",13417,"MARINA, AV STA",NA,"",2107,"","18/03/2013 08:45",2,"CO",28,1429," "," ",0,1,0,0,0,0,0,0,0,0,0,1,0,0,0,0,0,13417,"MARINA, AV STA",NA,"",6,"BARRA FUNDA",1,0,"MARINA, AV STA 2107 SAO PAULO SP",-23.5065379,-46.6936538
"4852","D031300746",5856,"DIAS VIEIRA, RUA",NA,"",11,"","18/03/2013 08:46",4,"AT",34,1943," "," ",1,0,0,0,0,0,0,0,0,0,0,0,0,0,0,0,0,5856,"DIAS VIEIRA, RUA",NA,"",96,"VILA SONIA",1,0,"DIAS VIEIRA, RUA 11 SAO PAULO SP",-23.5952632,-46.7293127
"4853","D031300854",16878,"RAPOSO TAVARES, VIA",NA,"",11100,"","18/03/2013 08:50",2,"CO",51,1285," "," ",2,2,0,0,0,0,0,0,0,0,0,0,0,0,0,0,0,16878,"RAPOSO TAVARES, VIA",NA,"",13,"CACHOEIRINHA",3,0,"RAPOSO TAVARES, VIA 11100 SAO PAULO SP",-23.5340173,-48.4216192
"4854","D031300214",4871,"XAVANTES, RUA",17081,"RICARDO GONCALVES, RUA DR",0,"","18/03/2013 08:52",4,"AT",12,1561," "," ",0,0,0,0,0,0,0,1,0,0,0,0,0,0,0,0,0,4871,"XAVANTES, RUA",17081,"RICARDO GONCALVES, RUA DR",10,"BRAS",1,0,"XAVANTES, RUA SAO PAULO SP &  RICARDO GONCALVES, RUA DR SAO PAULO SP",-23.5393245,-46.6143507
"4855","D031302372",7897,"GERACINA, RUA",NA,"",297,"","18/03/2013 09:00",4,"AT",63,2009," "," ",1,0,0,0,0,0,0,0,0,0,0,0,0,0,0,0,0,7897,"GERACINA, RUA",NA,"",53,"MOEMA",0,1,"GERACINA, RUA 297 SAO PAULO SP",-23.5071707,-46.4717165
"4856","D031301062",3202,"BENTA PEREIRA, RUA",5681,"DAMIANA DA CUNHA, RUA",0,"","18/03/2013 09:20",2,"CO",13,2894,"C"," ",1,1,0,0,0,0,0,0,0,0,0,0,0,0,0,0,0,3202,"BENTA PEREIRA, RUA",5681,"DAMIANA DA CUNHA, RUA",71,"SANTANA",2,0,"BENTA PEREIRA, RUA SAO PAULO SP &  DAMIANA DA CUNHA, RUA SAO PAULO SP",-23.499097,-46.6419146
"4858","D031301619",36045,"MARCILAC, ES ENG",NA,"",49000,"","18/03/2013 09:30",4,"AT",25,715,"B"," ",0,0,1,0,0,0,0,0,0,0,0,0,0,0,0,0,0,36045,"MARCILAC, ES ENG",NA,"",76,"SAO MIGUEL",1,0,"MARCILAC, ES ENG 49000 SAO PAULO SP",-23.5505199,-46.6333094
"4861","D031302337",42220,"USHIKICHI KAMYIA, RUA",NA,"",38,"","18/03/2013 10:40",4,"AT",73,2873," "," ",1,0,0,0,0,0,0,0,0,0,0,0,0,0,0,0,0,42220,"USHIKICHI KAMYIA, RUA",NA,"",NA,"",0,1,"USHIKICHI KAMYIA, RUA 38 SAO PAULO SP",-23.442934,-46.5943165
"4862","D031301452",4108,"CANDIDO LACERDA, RUA",NA,"",109,"","18/03/2013 11:12",4,"AT",30,1539," "," ",2,0,0,0,0,0,0,0,0,0,0,0,0,0,0,0,0,4108,"CANDIDO LACERDA, RUA",NA,"",87,"VILA FORMOSA",2,0,"CANDIDO LACERDA, RUA 109 SAO PAULO SP",-23.5539467,-46.5644722
"4864","D031300578",16919,"REBOUCAS, AV",NA,"",2823,"","18/03/2013 11:50",2,"CO",14,2538," "," ",1,1,0,0,0,0,0,0,0,0,0,0,0,0,0,0,0,16919,"REBOUCAS, AV",NA,"",44,"JARDIM PAULISTA",1,0,"REBOUCAS, AV 2823 SAO PAULO SP",-23.5690107,-46.6864539
"4865","D031302035",9580,"ITAQUERA, AV",NA,"",3000,"","18/03/2013 12:00",2,"CO",65,910,"C"," ",1,1,0,0,0,0,0,0,0,0,0,0,0,0,0,0,0,9580,"ITAQUERA, AV",NA,"",24,"CIDADE LIDER",1,0,"ITAQUERA, AV 3000 SAO PAULO SP",-23.5493994,-46.5032745
"4866","D031301943",17820,"TITO, AV MAL",NA,"",6035,"","18/03/2013 12:30",4,"AT",50,3365," "," ",0,0,0,0,0,0,0,0,0,0,0,0,0,0,0,1,0,17820,"TITO, AV MAL",NA,"",53,"MOEMA",1,0,"TITO, AV MAL 6035 SAO PAULO SP",-23.4924549,-46.3882893
"4867","D031300754",19145,"TRES PODERES, AV DOS",7500,"FRANCISCO MORATO, AV PROF",0,"","18/03/2013 12:30",2,"CO",34,2365," "," ",1,1,0,0,0,0,0,0,0,0,0,0,0,0,0,0,0,7500,"FRANCISCO MORATO, AV PROF",19145,"TRES PODERES, AV DOS",12,"BUTANTA",1,0,"TRES PODERES, AV DOS SAO PAULO SP &  FRANCISCO MORATO, AV PROF SAO PAULO SP",-23.5767445,-46.714289
"4869","D031300118",18618,"TAMANDARE, RUA",NA,"",776,"","18/03/2013 13:00",4,"AT",5,1490," "," ",0,1,0,0,0,0,0,0,0,0,0,0,0,0,0,0,0,18618,"TAMANDARE, RUA",NA,"",49,"LIBERDADE",1,0,"TAMANDARE, RUA 776 SAO PAULO SP",-23.5653247,-46.636178
"4870","D031300502",261,"AFONSO BRAZ, RUA",NA,"",600,"","18/03/2013 13:00",2,"CL",96,1369," "," ",1,1,0,0,0,0,0,0,0,0,0,0,0,0,0,0,0,261,"AFONSO BRAZ, RUA",NA,"",53,"MOEMA",1,0,"AFONSO BRAZ, RUA 600 SAO PAULO SP",-23.5953606,-46.669602
"4871","D031301018",14347,"AZIR ANTONIO SALTON, RUA",5204,"CONCEICAO (ES.), AV",0,"","18/03/2013 13:00",4,"AT",9,1659," "," ",1,0,0,0,0,0,0,0,0,0,0,0,0,0,0,0,0,5204,"CONCEICAO (ES.), AV",14347,"AZIR ANTONIO SALTON, RUA",88,"VILA GUILHERME",1,0,"AZIR ANTONIO SALTON, RUA SAO PAULO SP &  CONCEICAO (ES.), AV SAO PAULO SP",-23.4998675,-46.6122885
"4872","D031300269",3034,"BELA CINTRA, RUA",NA,"",1833,"","18/03/2013 13:06",4,"AT",78,2388," "," ",1,0,0,0,0,0,0,0,0,0,0,0,0,0,0,0,0,3034,"BELA CINTRA, RUA",NA,"",26,"CONSOLACAO",1,0,"BELA CINTRA, RUA 1833 SAO PAULO SP",-23.5613092,-46.6667884
"4873","D031300784",34682,"CAMPO LIMPO, ES DO",NA,"",100,"","18/03/2013 13:30",4,"AT",37,2288," "," ",1,0,0,0,0,0,0,0,0,0,0,0,0,0,0,0,0,34682,"CAMPO LIMPO, ES DO",NA,"",17,"CAMPO LIMPO",1,0,"CAMPO LIMPO, ES DO 100 SAO PAULO SP",-23.2019463,-46.785846
"4874","D031302341",16919,"REBOUCAS, AV",16263,"PINHEIROS, RUA DOS",0,"","18/03/2013 13:45",4,"AT",14,2688," "," ",1,0,0,0,0,0,0,0,0,0,0,0,0,0,0,0,0,3581,"BRASIL, AV",16919,"REBOUCAS, AV",63,"PINHEIROS",0,1,"REBOUCAS, AV SAO PAULO SP &  PINHEIROS, RUA DOS SAO PAULO SP",-23.5666153,-46.6829404
"4875","D031301988",13881,"MIGUEL, AV S",NA,"",6855,"","18/03/2013 13:55",4,"AT",63,1973,"C"," ",1,0,0,0,0,0,0,0,0,0,0,0,0,0,0,0,0,13881,"MIGUEL, AV S",NA,"",65,"PONTE RASA",1,0,"MIGUEL, AV S 6855 SAO PAULO SP",-23.5005648,-46.4700529
"4876","D031300119",19764,"VINTE E TRES DE MAIO, AV",NA,"",500,"","18/03/2013 14:15",4,"AT",5,1497," "," ",0,0,0,0,0,0,0,0,0,0,0,0,0,0,0,1,0,19764,"VINTE E TRES DE MAIO, AV",NA,"",17,"CAMPO LIMPO",1,0,"VINTE E TRES DE MAIO, AV 500 SAO PAULO SP",-23.5830739,-46.6522535
"4877","D031300752",17759,"SANTA EULALIA, RUA BR",NA,"",100,"","18/03/2013 14:30",2,"CO",34,2221," "," ",1,1,0,0,0,0,0,0,0,0,0,0,0,0,0,0,0,17759,"SANTA EULALIA, RUA BR",NA,"",13,"CACHOEIRINHA",1,0,"SANTA EULALIA, RUA BR 100 SAO PAULO SP",-23.6067056,-46.7068845
"4878","D031301471",5817,"DEZENOVE DE JANEIRO, AV",NA,"",421,"","18/03/2013 15:00",2,"CO",31,1476," "," ",1,1,0,0,0,0,0,0,0,0,0,0,0,0,0,0,0,5817,"DEZENOVE DE JANEIRO, AV",NA,"",20,"CARRAO",1,0,"DEZENOVE DE JANEIRO, AV 421 SAO PAULO SP",-23.5559965,-46.5255015
"4879","D031300965",7836,"GASTAO VIDIGAL, AV DR",NA,"",1946,"","18/03/2013 15:10",2,"CO",91,1841," "," ",2,0,0,0,0,0,0,0,0,0,0,0,0,0,0,0,0,7836,"GASTAO VIDIGAL, AV DR",NA,"",90,"VILA LEOPOLDINA",1,0,"GASTAO VIDIGAL, AV DR 1946 SAO PAULO SP",-23.5339331,-46.7347799
"4880","D031300021",17545,"SE, PCA DA",NA,"",89,"","18/03/2013 15:40",4,"AT",1,2222," "," ",1,0,0,0,0,0,0,0,0,0,0,0,0,0,0,0,0,17545,"SE, PCA DA",NA,"",1,"AGUA RASA",1,0,"SE, PCA DA 89 SAO PAULO SP",-23.5492204,-46.6336852
"4881","D031300320",15160,"OSVALDO ARANHA, AV",NA,"",130,"","18/03/2013 15:50",2,"CO",26,234," "," ",1,0,0,0,0,0,0,0,0,0,0,1,0,0,0,0,0,15160,"OSVALDO ARANHA, AV",NA,"",0,"NULL",1,0,"OSVALDO ARANHA, AV 130 SAO PAULO SP",-23.613708,-46.6104237
"4885","D031302307",17824,"SAPOPEMBA, AV",21661,"EDGARD PINTO CESAR, RUA",0,"","18/03/2013 16:25",4,"AT",70,1577," "," ",0,1,0,0,0,0,0,0,0,0,0,0,0,0,0,0,0,17824,"SAPOPEMBA, AV",21661,"EDGARD PINTO CESAR, RUA",78,"SAPOPEMBA",2,0,"SAPOPEMBA, AV SAO PAULO SP &  EDGARD PINTO CESAR, RUA SAO PAULO SP",-23.6148326,-46.5024993
"4886","D031300372",3048,"BELA VISTA, RUA BRA DE",NA,"",750,"","18/03/2013 16:50",2,"CO",27,2840," "," ",1,1,0,0,0,0,0,0,0,0,0,0,0,0,0,0,0,3048,"BELA VISTA, RUA BRA DE",NA,"",15,"CAMPO BELO",1,0,"BELA VISTA, RUA BRA DE 750 SAO PAULO SP",-23.624534,-46.6626831
"4887","D031300779",99949,"CARLOS CALDEIRA FILHO, AV",NA,"",880,"","18/03/2013 16:50",2,"CL",37,2226," "," ",1,1,0,0,0,0,0,0,0,0,0,0,0,0,0,0,0,99949,"CARLOS CALDEIRA FILHO, AV",NA,"",19,"CAPAO REDONDO",1,0,"CARLOS CALDEIRA FILHO, AV 880 SAO PAULO SP",-23.6431285,-46.7473635