"","id_acidente","codloga","logradouroA","codlogb","logradouroB","alt_num","referencia","data","cod_acid","tipo_acidente","dp","numero_BO","sentido","pista","automovel","moto","onibus","caminhao","bicicleta","moto_taxi","onibus_fretado","onibus_urbano","microonibus","van","vuc","caminhonete","carreta","jipe","outros","sem_informacao","carroca","princ_a","paiA","princ_b","paiB","cod_distrito","distrito","vit_ferida","vit_morta","local","lat","lon"
"4888","D031300161",11794,"LEOPOLDO MIGUEZ, RUA",NA,"",450,"","18/03/2013 17:00",2,"CL",8,2572," "," ",0,2,0,0,0,0,0,0,0,0,0,0,0,0,0,0,0,11794,"LEOPOLDO MIGUEZ, RUA",NA,"",14,"CAMBUCI",1,0,"LEOPOLDO MIGUEZ, RUA 450 SAO PAULO SP",-23.5565742,-46.6241333
"4889","D031302008",17302,"LAGOA SALGADA, RUA",NA,"",95,"","18/03/2013 17:00",2,"CO",64,2311," "," ",1,1,0,0,0,0,0,0,0,0,0,0,0,0,0,0,0,17302,"LAGOA SALGADA, RUA",NA,"",51,"MANDAQUI",1,0,"LAGOA SALGADA, RUA 95 SAO PAULO SP",-23.5349354,-46.4543191
"4890","D031301942",78742,"MIXIRA, RUA",NA,"",60,"","18/03/2013 17:20",2,"CO",50,3339," "," ",1,1,0,0,0,0,0,0,0,0,0,0,0,0,0,0,0,78742,"MIXIRA, RUA",NA,"",35,"ITAIM PAULISTA",1,0,"MIXIRA, RUA 60 SAO PAULO SP",-23.5069769,-46.389536
"4891","D031301472",2440,"ASTARTE, RUA",NA,"",460,"","18/03/2013 17:53",4,"AT",31,1478," "," ",0,0,0,0,0,0,0,0,0,0,0,1,0,0,0,0,0,2440,"ASTARTE, RUA",NA,"",20,"CARRAO",1,0,"ASTARTE, RUA 460 SAO PAULO SP",-23.5498398,-46.5249382
"4892","D031300937",9710,"JOSE HOR. MEIRELLES TEIXEIRA, RUA PROF",NA,"",704,"","18/03/2013 18:10",2,"CO",89,2223," "," ",1,1,0,0,0,0,0,0,0,0,0,0,0,0,0,0,0,9710,"JOSE HOR. MEIRELLES TEIXEIRA, RUA PROF",NA,"",96,"VILA SONIA",1,0,"JOSE HOR. MEIRELLES TEIXEIRA, RUA PROF 704 SAO PAULO SP",-23.5559971,-46.4105377
"4893","D031302256",2181,"ARICANDUVA, AV",NA,"",5555,"","18/03/2013 18:15",2,"SI",66,1288," "," ",0,2,0,0,0,0,0,0,0,0,0,0,0,0,0,0,0,2181,"ARICANDUVA, AV",NA,"",60,"PENHA",2,0,"ARICANDUVA, AV 5555 SAO PAULO SP",-23.5610792,-46.5113397
"4894","D031300499",13699,"ROQUE PETRELLA, RUA",NA,"",44,"","18/03/2013 18:19",2,"CO",96,1238," "," ",1,0,0,0,1,0,0,0,0,0,0,0,0,0,0,0,0,13699,"ROQUE PETRELLA, RUA",NA,"",34,"ITAIM BIBI",1,0,"ROQUE PETRELLA, RUA 44 SAO PAULO SP",-23.621995,-46.6848684
"4895","D031300428",13248,"MARIA FIGUEIREDO, RUA",13446,"MARIO AMARAL, RUA",0,"","18/03/2013 18:30",2,"CO",36,1231," "," ",1,1,0,0,0,0,0,0,0,0,0,0,0,0,0,0,0,13248,"MARIA FIGUEIREDO, RUA",13446,"MARIO AMARAL, RUA",92,"VILA MARIANA",1,0,"MARIA FIGUEIREDO, RUA SAO PAULO SP &  MARIO AMARAL, RUA SAO PAULO SP",-23.5716223,-46.6498002
"4896","D031301744",76195,"CARMEM ESCABIA MOTTA COELHO, RUA",NA,"",50,"","18/03/2013 18:58",4,"AT",92,3449," "," ",0,0,0,0,0,0,0,0,0,0,0,0,0,0,0,1,0,76195,"CARMEM ESCABIA MOTTA COELHO, RUA",NA,"",32,"IGUATEMI",1,0,"CARMEM ESCABIA MOTTA COELHO, RUA 50 SAO PAULO SP",-23.675753,-46.7507986
"4897","D031300023",19745,"VINTE E CINCO DE MARCO, RUA",NA,"",100,"","18/03/2013 19:00",4,"AT",1,2227," "," ",0,0,0,0,0,0,0,0,0,0,0,1,0,0,0,0,0,19745,"VINTE E CINCO DE MARCO, RUA",NA,"",80,"SE",1,0,"VINTE E CINCO DE MARCO, RUA 100 SAO PAULO SP",-23.5486468,-46.6304714
"4899","D031301336",16838,"RAIMUNDO PEREIRA DE MAGAL., AV",NA,"",10000,"","18/03/2013 19:15",2,"CO",74,1239," "," ",1,1,0,0,0,0,0,0,0,0,0,0,0,0,0,0,0,16838,"RAIMUNDO PEREIRA DE MAGAL., AV",NA,"",31,"GUAIANASES",1,0,"RAIMUNDO PEREIRA DE MAGAL., AV 10000 SAO PAULO SP",-23.4518071,-46.7188392
"4900","D031301391",11265,"JUVENTUS, RUA",NA,"",347,"","18/03/2013 19:23",4,"AT",18,505," "," ",1,0,0,0,0,0,0,0,0,0,0,0,0,0,0,0,0,11265,"JUVENTUS, RUA",NA,"",54,"MOOCA",1,0,"JUVENTUS, RUA 347 SAO PAULO SP",-23.5702384,-46.5913941
"4901","D031301211",11704,"LEITE PENTEADO, RUA",14787,"NOVA OLINDA, RUA",0,"","18/03/2013 19:30",2,"CO",39,1297," "," ",0,0,0,0,1,0,0,0,0,0,0,1,0,0,0,0,0,11704,"LEITE PENTEADO, RUA",14787,"NOVA OLINDA, RUA",94,"VILA MEDEIROS",1,0,"LEITE PENTEADO, RUA SAO PAULO SP &  NOVA OLINDA, RUA SAO PAULO SP",-23.4984968,-46.5899634
"4903","D031301212",8320,"GUAPIRA, AV",17387,"ROQUE DE PAULA MONTEIRO, RUA",0,"","18/03/2013 19:40",4,"AT",39,1298," "," ",0,1,0,0,0,0,0,0,0,0,0,0,0,0,0,0,0,8320,"GUAPIRA, AV",17387,"ROQUE DE PAULA MONTEIRO, RUA",38,"JACANA",1,0,"GUAPIRA, AV SAO PAULO SP &  ROQUE DE PAULA MONTEIRO, RUA SAO PAULO SP",-23.4688173,-46.5845853
"4904","D031301915",2640,"AVINHADO, RUA",NA,"",250,"","18/03/2013 19:50",2,"CO",32,1814," "," ",1,0,0,0,1,0,0,0,0,0,0,0,0,0,0,0,0,2640,"AVINHADO, RUA",NA,"",86,"VILA CURUCA",1,0,"AVINHADO, RUA 250 SAO PAULO SP",-23.5189404,-46.4260553
"4905","D031301894",10025,"JAIME TORRES, AV",30522,"EMBIRA, RUA",0,"","18/03/2013 20:30",4,"AT",24,2818," "," ",1,0,0,0,0,0,0,0,0,0,0,0,0,0,0,0,0,10025,"JAIME TORRES, AV",30522,"EMBIRA, RUA",NA,"",1,0,"JAIME TORRES, AV SAO PAULO SP &  EMBIRA, RUA SAO PAULO SP",-23.518478,-46.507706
"4906","D031300132",18618,"TAMANDARE, RUA",7664,"FURTADO, RUA CONS",0,"","18/03/2013 20:39",2,"CO",5,2228," "," ",1,1,0,0,0,0,0,0,0,0,0,0,0,0,0,0,0,7664,"FURTADO, RUA CONS",18618,"TAMANDARE, RUA",49,"LIBERDADE",1,0,"TAMANDARE, RUA SAO PAULO SP &  FURTADO, RUA CONS SAO PAULO SP",-23.5638361,-46.6346247
"4907","D031301228",9978,"JARDIM JAPAO, AV",17339,"ROLAND GARROS, AV",0,"","18/03/2013 23:30",2,"CO",39,2826," "," ",1,1,0,0,0,0,0,0,0,0,0,0,0,0,0,0,0,9978,"JARDIM JAPAO, AV",17339,"ROLAND GARROS, AV",94,"VILA MEDEIROS",1,0,"JARDIM JAPAO, AV SAO PAULO SP &  ROLAND GARROS, AV SAO PAULO SP",-23.4831307,-46.5800117
"4908","D031300901",6980,"FELIPE PINEL, AV DR",NA,"",1800,"","19/03/2013 05:00",2,"CF",87,1424," "," ",2,0,0,0,0,0,0,0,0,0,0,0,0,0,0,0,0,6980,"FELIPE PINEL, AV DR",NA,"",64,"PIRITUBA",2,0,"FELIPE PINEL, AV DR 1800 SAO PAULO SP",-23.4746748,-46.7340036
"4909","D031302395",15507,"TEOTONIO VILELA, AV SEN",NA,"",7239,"","19/03/2013 05:20",2,"CT",85,1478,"B"," ",0,1,1,0,0,0,0,0,0,0,0,0,0,0,0,0,0,15507,"TEOTONIO VILELA, AV SEN",NA,"",23,"CIDADE DUTRA",0,1,"TEOTONIO VILELA, AV SEN 7239 SAO PAULO SP",-23.7591243,-46.7150261
"4910","D031301277",16051,"PENHA BRASIL, AV GAL",4598,"MONTE SAO MARTINHO, RUA",0,"","19/03/2013 05:30",2,"CO",72,2407," "," ",1,1,0,0,0,0,0,0,0,0,0,0,0,0,0,0,0,4598,"MONTE SAO MARTINHO, RUA",16051,"PENHA BRASIL, AV GAL",13,"CACHOEIRINHA",1,0,"PENHA BRASIL, AV GAL SAO PAULO SP &  MONTE SAO MARTINHO, RUA SAO PAULO SP",-23.4595594,-46.6745109
"4911","D031300999",2455,"ATALIBA LEONEL, AV GAL",NA,"",2442,"","19/03/2013 06:45",2,"CO",9,1039," "," ",1,1,0,0,0,0,0,0,0,0,0,0,0,0,0,0,0,2455,"ATALIBA LEONEL, AV GAL",NA,"",88,"VILA GUILHERME",1,0,"ATALIBA LEONEL, AV GAL 2442 SAO PAULO SP",-23.4943207,-46.6103328
"4912","D031301685",75468,"SAMUEL ARNOLD, RUA",NA,"",500,"","19/03/2013 06:50",4,"AT",80,948," "," ",0,0,0,0,0,0,0,0,0,0,0,0,0,0,0,1,0,75468,"SAMUEL ARNOLD, RUA",NA,"",29,"FREGUESIA DO O",1,0,"SAMUEL ARNOLD, RUA 500 SAO PAULO SP",-23.6818615,-46.6677866
"4913","D031300989",13917,"MIGUEL FRIAS E VASCONCELOS, AV",3443,"BOLONHA, AV",0,"","19/03/2013 06:50",2,"CO",93,1879," "," ",1,1,0,0,0,0,0,0,0,0,0,0,0,0,0,0,0,3443,"BOLONHA, AV",13917,"MIGUEL FRIAS E VASCONCELOS, AV",40,"JAGUARE",1,0,"MIGUEL FRIAS E VASCONCELOS, AV SAO PAULO SP &  BOLONHA, AV SAO PAULO SP",-23.5528175,-46.7433199
"4914","D031300902",12648,"MANUEL D'ELBOUX, RUA DOM",NA,"",25,"","19/03/2013 07:02",2,"CO",87,1428," "," ",0,1,0,0,0,0,0,1,0,0,0,0,0,0,0,0,0,12648,"MANUEL D'ELBOUX, RUA DOM",NA,"",64,"PIRITUBA",1,0,"MANUEL D'ELBOUX, RUA DOM 25 SAO PAULO SP",-23.4875424,-46.7136724
"4915","D031301838",2483,"ATLANTICA ANT. ROBERT KENNEDY, AV",NA,"",4141,"","19/03/2013 07:31",2,"CO",102,392," "," ",1,1,0,0,0,0,0,0,0,0,0,0,0,0,0,0,0,2483,"ATLANTICA ANT. ROBERT KENNEDY, AV",NA,"",23,"CIDADE DUTRA",1,0,"ATLANTICA ANT. ROBERT KENNEDY, AV 4141 SAO PAULO SP",-23.5505199,-46.6333094
"4917","D031300532",6858,"FABIA, RUA",NA,"",13,"","19/03/2013 07:50",2,"CO",7,1777," "," ",1,1,0,0,0,0,0,0,0,0,0,0,0,0,0,0,0,6858,"FABIA, RUA",NA,"",48,"LAPA",1,0,"FABIA, RUA 13 SAO PAULO SP",-23.527099,-46.6912713
"4919","D031301527",6642,"ESTADO, AV DO",8955,"IBITIRAMA, RUA",0,"","19/03/2013 08:00",2,"CO",56,1700," "," ",1,1,0,0,0,0,0,0,0,0,0,0,0,0,0,0,0,6642,"ESTADO, AV DO",8955,"IBITIRAMA, RUA",63,"PINHEIROS",1,0,"ESTADO, AV DO SAO PAULO SP &  IBITIRAMA, RUA SAO PAULO SP",-23.5635869,-46.6112253
"4920","D031302156",2181,"ARICANDUVA, AV",NA,"",12000,"","19/03/2013 08:10",2,"QM",49,3767," "," ",0,1,0,0,0,0,0,0,0,0,0,0,0,0,0,0,0,2181,"ARICANDUVA, AV",NA,"",60,"PENHA",1,0,"ARICANDUVA, AV 12000 SAO PAULO SP",-23.5930999,-46.4694983
"4922","D031301019",14270,"MORVAN DIAS DE FIGUEIREDO, AV",NA,"",145,"","19/03/2013 08:25",2,"CO",9,1676," "," ",1,1,0,0,0,0,0,0,0,0,0,0,0,0,0,0,0,29772,"MARGINAL DO RIO TIETE, AV",NA,"",0,"NULL",2,0,"MORVAN DIAS DE FIGUEIREDO, AV 145 SAO PAULO SP",-23.5185087,-46.622728
"4925","D031301761",852,"ALVARENGA, ES DO",NA,"",3447,"","19/03/2013 09:20",2,"CO",98,2978," "," ",2,0,0,0,0,0,0,0,0,0,0,0,0,0,0,0,0,852,"ALVARENGA, ES DO",NA,"",59,"PEDREIRA",1,0,"ALVARENGA, ES DO 3447 SAO PAULO SP",-23.5505199,-46.6333094
"4926","D031301063",4794,"CESAR CASTIGLIONI JUNIOR, RUA DR",NA,"",358,"","19/03/2013 09:30",2,"CO",13,2937," "," ",1,1,0,0,0,0,0,0,0,0,0,0,0,0,0,0,0,4794,"CESAR CASTIGLIONI JUNIOR, RUA DR",NA,"",21,"CASA VERDE",1,0,"CESAR CASTIGLIONI JUNIOR, RUA DR 358 SAO PAULO SP",-23.5101353,-46.6590395
"4927","D031301896",954,"AMADOR BUENO DA VEIGA, AV",NA,"",3987,"","19/03/2013 09:30",2,"CO",24,2836," "," ",1,1,0,0,0,0,0,0,0,0,0,0,0,0,0,0,0,954,"AMADOR BUENO DA VEIGA, AV",NA,"",60,"PENHA",2,0,"AMADOR BUENO DA VEIGA, AV 3987 SAO PAULO SP",-23.517039,-46.5095249
"4928","D031300397",2235,"ARMANDO DE ARRUDA PEREIRA, AV ENG",15887,"PEDRO BUENO, AV",0,"","19/03/2013 09:49",4,"AT",35,2468," "," ",1,0,0,0,0,0,0,0,0,0,0,0,0,0,0,0,0,2235,"ARMANDO DE ARRUDA PEREIRA, AV ENG",15887,"PEDRO BUENO, AV",37,"JABAQUARA",1,0,"ARMANDO DE ARRUDA PEREIRA, AV ENG SAO PAULO SP &  PEDRO BUENO, AV SAO PAULO SP",-23.6342719,-46.6414387
"4929","D031300437",12651,"MANUEL DA NOBREGA, RUA",NA,"",111,"","19/03/2013 10:30",2,"CO",36,1509," "," ",1,1,0,0,0,0,0,0,0,0,0,0,0,0,0,0,0,12651,"MANUEL DA NOBREGA, RUA",NA,"",53,"MOEMA",2,0,"MANUEL DA NOBREGA, RUA 111 SAO PAULO SP",-23.5686808,-46.6491168
"4930","D031300215",7786,"GASOMETRO, RUA DO",NA,"",725,"","19/03/2013 10:41",2,"CO",12,1566," "," ",1,1,0,0,0,0,0,0,0,0,0,0,0,0,0,0,0,7786,"GASOMETRO, RUA DO",NA,"",10,"BRAS",1,0,"GASOMETRO, RUA DO 725 SAO PAULO SP",-23.5433045,-46.6192443
"4933","D031300398",4596,"CATARINA, AV STA",NA,"",216,"","19/03/2013 11:25",2,"CO",35,2479," "," ",1,1,0,0,0,0,0,0,0,0,0,0,0,0,0,0,0,4596,"CATARINA, AV STA",NA,"",NA,"",1,0,"CATARINA, AV STA 216 SAO PAULO SP",-23.638917,-46.6698931
"4934","D031300855",4666,"CAXINGUI, AV",NA,"",280,"","19/03/2013 11:30",2,"CO",51,1322," "," ",1,1,0,0,0,0,0,0,0,0,0,0,0,0,0,0,0,4666,"CAXINGUI, AV",NA,"",12,"BUTANTA",1,0,"CAXINGUI, AV 280 SAO PAULO SP",-23.5716725,-46.7134413
"4935","D031302157",13671,"MATEO BEI, AV",NA,"",2831,"","19/03/2013 11:54",2,"CO",49,3782," "," ",1,1,0,0,0,0,0,0,0,0,0,0,0,0,0,0,0,13671,"MATEO BEI, AV",NA,"",75,"SAO MATEUS",2,0,"MATEO BEI, AV 2831 SAO PAULO SP",-23.6058203,-46.4797218
"4937","D031301240",6450,"EMILIO CARLOS, AV DEP",NA,"",3100,"","19/03/2013 12:30",2,"CO",40,1045," "," ",1,1,0,0,0,0,0,0,0,0,0,0,0,0,0,0,0,6450,"EMILIO CARLOS, AV DEP",NA,"",50,"LIMAO",1,0,"EMILIO CARLOS, AV DEP 3100 SAO PAULO SP",-23.4796347,-46.6727771
"4938","D031301945",17820,"TITO, AV MAL",NA,"",6450,"","19/03/2013 12:40",2,"CO",50,3682," "," ",1,1,0,0,0,0,0,0,0,0,0,0,0,0,0,0,0,17820,"TITO, AV MAL",NA,"",53,"MOEMA",1,0,"TITO, AV MAL 6450 SAO PAULO SP",-23.4907403,-46.3863134
"4939","D031300474",3252,"BERGAL, RUA",1464,"ANNY, RUA",0,"","19/03/2013 12:55",4,"AT",95,1345," "," ",1,0,0,0,0,0,0,0,0,0,0,0,0,0,0,0,0,1464,"ANNY, RUA",3252,"BERGAL, RUA",69,"SACOMA",1,0,"BERGAL, RUA SAO PAULO SP &  ANNY, RUA SAO PAULO SP",-23.6201894,-46.5845411
"4940","D031301133",60406,"JOAO RIOS, RUA",NA,"",275,"","19/03/2013 13:10",4,"AT",20,2481," "," ",1,0,0,0,0,0,0,0,0,0,0,0,0,0,0,0,0,60406,"JOAO RIOS, RUA",NA,"",22,"CIDADE ADEMAR",1,0,"JOAO RIOS, RUA 275 SAO PAULO SP",-23.4482287,-46.611511
"4941","D031300475",43154,"TANCREDO NEVES, AV PRES",NA,"",100,"","19/03/2013 13:25",2,"CO",95,1346," "," ",1,1,0,0,0,0,0,0,0,0,0,0,0,0,0,0,0,43154,"TANCREDO NEVES, AV PRES",NA,"",18,"CANGAIBA",1,0,"TANCREDO NEVES, AV PRES 100 SAO PAULO SP",-23.6058734,-46.6052496
"4942","D031300580",2316,"ARRUDA BOTELHO, AV",NA,"",868,"","19/03/2013 13:26",2,"CO",14,2578," "," ",2,0,0,0,0,0,0,0,0,0,0,0,0,0,0,0,0,2316,"ARRUDA BOTELHO, AV",NA,"",2,"ALTO DE PINHEIR",1,0,"ARRUDA BOTELHO, AV 868 SAO PAULO SP",-23.5533217,-46.7195579
"4943","D031302336",2181,"ARICANDUVA, AV",5664,"DALILA, AV",0,"","19/03/2013 14:12",2,"CH",21,907," "," ",0,1,0,0,0,0,0,0,0,0,0,0,0,0,0,0,0,2181,"ARICANDUVA, AV",5664,"DALILA, AV",NA,"",0,1,"ARICANDUVA, AV SAO PAULO SP &  DALILA, AV SAO PAULO SP",-23.5479783,-46.5260893
"4944","D031301847",2483,"ATLANTICA ANT. ROBERT KENNEDY, AV",NA,"",248,"","19/03/2013 14:20",4,"AT",102,805," "," ",1,1,0,0,0,0,0,0,0,0,0,0,0,0,0,0,0,2483,"ATLANTICA ANT. ROBERT KENNEDY, AV",NA,"",23,"CIDADE DUTRA",1,0,"ATLANTICA ANT. ROBERT KENNEDY, AV 248 SAO PAULO SP",-23.5505199,-46.6333094
"4945","D031300903",16838,"RAIMUNDO PEREIRA DE MAGAL., AV",NA,"",6800,"","19/03/2013 14:52",2,"CO",87,1441," "," ",1,1,0,0,0,0,0,0,0,0,0,0,0,0,0,0,0,16838,"RAIMUNDO PEREIRA DE MAGAL., AV",NA,"",31,"GUAIANASES",1,0,"RAIMUNDO PEREIRA DE MAGAL., AV 6800 SAO PAULO SP",-23.4746409,-46.7276763
"4946","D031301453",2673,"AZEVEDO SOARES, RUA",NA,"",2691,"","19/03/2013 14:54",2,"CL",30,1564," "," ",0,1,0,0,0,0,0,0,0,0,0,1,0,0,0,0,0,2673,"AZEVEDO SOARES, RUA",NA,"",82,"TATUAPE",1,0,"AZEVEDO SOARES, RUA 2691 SAO PAULO SP",-23.546686,-46.5508062
"4948","D031300090",5245,"CONSOLACAO, RUA DA",NA,"",542,"","19/03/2013 15:57",2,"CO",4,2069," "," ",1,1,0,0,0,0,0,0,0,0,0,0,0,0,0,0,0,5245,"CONSOLACAO, RUA DA",NA,"",26,"CONSOLACAO",2,0,"CONSOLACAO, RUA DA 542 SAO PAULO SP",-23.5471357,-46.646965
"4949","D031300024",16870,"RANGEL PESTANA, AV",15968,"PEDRO I, PQ DOM",0,"","19/03/2013 16:00",2,"CO",1,2260," "," ",1,1,0,0,0,0,0,0,0,0,0,0,0,0,0,0,0,15968,"PEDRO I, PQ DOM",16870,"RANGEL PESTANA, AV",NA,"",1,0,"RANGEL PESTANA, AV SAO PAULO SP &  PEDRO I, PQ DOM SAO PAULO SP",-23.5447812,-46.6196928
"4950","D031300729",11687,"LEBRET, AV PDE",8669,"HENRIQUE MAGALHAES, RUA MONS",0,"","19/03/2013 16:58",2,"CO",34,1740," "," ",1,1,0,0,0,0,0,0,0,0,0,0,0,0,0,0,0,8669,"HENRIQUE MAGALHAES, RUA MONS",11687,"LEBRET, AV PDE",55,"MORUMBI",2,0,"LEBRET, AV PDE SAO PAULO SP &  HENRIQUE MAGALHAES, RUA MONS SAO PAULO SP",-23.5505199,-46.6333094
"4952","D031301629",36031,"COLONIA, ES DA",NA,"",95,"","19/03/2013 18:00",2,"CT",25,1966," "," ",0,1,0,0,0,0,0,0,0,0,0,1,0,0,0,0,0,36031,"COLONIA, ES DA",NA,"",76,"SAO MIGUEL",1,0,"COLONIA, ES DA 95 SAO PAULO SP",-23.5505199,-46.6333094
"4953","D031300940",9710,"JOSE HOR. MEIRELLES TEIXEIRA, RUA PROF",NA,"",538,"","19/03/2013 18:00",2,"CO",89,2298," "," ",0,1,0,0,1,0,0,0,0,0,0,0,0,0,0,0,0,9710,"JOSE HOR. MEIRELLES TEIXEIRA, RUA PROF",NA,"",96,"VILA SONIA",1,0,"JOSE HOR. MEIRELLES TEIXEIRA, RUA PROF 538 SAO PAULO SP",-23.5559971,-46.4105377
"4954","D031300581",8706,"HENRIQUE MONTEIRO, RUA",6897,"FARIA LIMA, AV BRIG",0,"","19/03/2013 18:00",2,"CL",14,2588," "," ",1,1,0,0,0,0,0,0,0,0,0,0,0,0,0,0,0,6897,"FARIA LIMA, AV BRIG",8706,"HENRIQUE MONTEIRO, RUA",63,"PINHEIROS",2,0,"HENRIQUE MONTEIRO, RUA SAO PAULO SP &  FARIA LIMA, AV BRIG SAO PAULO SP",-23.5695126,-46.689992
"4955","D031301474",12106,"LUCINDA GOMES BARRETO, RUA",12381,"LUTECIA, RUA",0,"","19/03/2013 18:12",2,"CO",31,1496," "," ",0,1,0,1,0,0,0,0,0,0,0,0,0,0,0,0,0,12106,"LUCINDA GOMES BARRETO, RUA",12381,"LUTECIA, RUA",20,"CARRAO",1,0,"LUCINDA GOMES BARRETO, RUA SAO PAULO SP &  LUTECIA, RUA SAO PAULO SP",-23.5458799,-46.5408831
"4956","D031301392",15304,"PAES DE BARROS, AV",NA,"",2500,"","19/03/2013 18:20",2,"QM",18,514," "," ",0,1,0,0,0,0,0,0,0,0,0,0,0,0,0,0,0,15304,"PAES DE BARROS, AV",NA,"",16,"CAMPO GRANDE",1,0,"PAES DE BARROS, AV 2500 SAO PAULO SP",-23.5730346,-46.587672
"4957","D031301668",6334,"ELLIS MAAS, AV",NA,"",749,"","19/03/2013 18:30",2,"CO",47,3771," "," ",1,1,0,0,0,0,0,0,0,0,0,0,0,0,0,0,0,6334,"ELLIS MAAS, AV",NA,"",19,"CAPAO REDONDO",1,0,"ELLIS MAAS, AV 749 SAO PAULO SP",-23.6664309,-46.7715312
"4958","D031301134",835,"ALTINOPOLIS, RUA",NA,"",111,"","19/03/2013 18:37",4,"AT",20,2488," "," ",1,0,0,0,0,0,0,0,0,0,0,0,0,0,0,0,0,835,"ALTINOPOLIS, RUA",NA,"",71,"SANTANA",1,0,"ALTINOPOLIS, RUA 111 SAO PAULO SP",-23.4854126,-46.6174661
"4959","D031301455",4502,"CARRAO, AV CONS",8333,"GUARACIABA, RUA",0,"","19/03/2013 19:00",2,"CO",30,1571," "," ",3,1,0,0,0,0,0,0,0,0,0,0,0,0,0,0,0,4502,"CARRAO, AV CONS",8333,"GUARACIABA, RUA",20,"CARRAO",1,0,"CARRAO, AV CONS SAO PAULO SP &  GUARACIABA, RUA SAO PAULO SP",-23.5458958,-46.5434081
"4960","D031301213",8320,"GUAPIRA, AV",18664,"TANQUE VELHO, RUA",0,"","19/03/2013 19:17",2,"CO",39,1317,"B"," ",1,0,0,0,1,0,0,0,0,0,0,0,0,0,0,0,0,8320,"GUAPIRA, AV",18664,"TANQUE VELHO, RUA",84,"TUCURUVI",1,0,"GUAPIRA, AV SAO PAULO SP &  TANQUE VELHO, RUA SAO PAULO SP",-23.4688173,-46.5845853
"4962","D031301528",19708,"VILA EMA, AV",NA,"",800,"","19/03/2013 19:30",4,"AT",56,1717," "," ",1,0,0,0,0,0,0,0,0,0,0,0,0,0,0,0,0,19708,"VILA EMA, AV",NA,"",26,"CONSOLACAO",1,0,"VILA EMA, AV 800 SAO PAULO SP",-23.58051,-46.5688496
"4963","D031301473",18615,"TAMAINDE, RUA",18206,"SILVEIRA BUENO, RUA",0,"","19/03/2013 20:00",2,"CO",31,1494," "," ",1,1,0,0,0,0,0,0,0,0,0,0,0,0,0,0,0,18206,"SILVEIRA BUENO, RUA",18615,"TAMAINDE, RUA",20,"CARRAO",1,0,"TAMAINDE, RUA SAO PAULO SP &  SILVEIRA BUENO, RUA SAO PAULO SP",-23.5440283,-46.5348894
"4964","D031300476",19583,"VERGUEIRO, RUA",7875,"GENTIL DE MOURA, AV DR",0,"","19/03/2013 20:20",4,"AT",95,1358," "," ",1,0,0,0,0,0,0,0,0,0,0,0,0,0,0,0,0,7875,"GENTIL DE MOURA, AV DR",19583,"VERGUEIRO, RUA",33,"IPIRANGA",1,0,"VERGUEIRO, RUA SAO PAULO SP &  GENTIL DE MOURA, AV DR SAO PAULO SP",-23.6104332,-46.6085751
"4965","D031300613",12326,"JUSCELINO KUBITSCHEK, AV PRES",16985,"RENATO PAES DE BARROS, RUA DR",0,"","19/03/2013 20:30",2,"CO",15,1559," "," ",1,1,0,0,0,0,0,0,0,0,0,0,0,0,0,0,0,11789,"LEOPOLDO COUTO MAGALHAES JR., RUA",12326,"JUSCELINO KUBITSCHEK, AV PRES",34,"ITAIM BIBI",1,0,"JUSCELINO KUBITSCHEK, AV PRES SAO PAULO SP &  RENATO PAES DE BARROS, RUA DR SAO PAULO SP",-23.5909217,-46.6886685
"4966","D031302396",21514,"ROQUE PETRONI JUNIOR, AV",9765,"JACERU, RUA",0,"","19/03/2013 22:00",2,"CH",27,2851," "," ",0,1,0,0,0,0,0,0,0,0,0,0,0,0,0,0,0,9765,"JACERU, RUA",21514,"ROQUE PETRONI JUNIOR, AV",34,"ITAIM BIBI",0,1,"ROQUE PETRONI JUNIOR, AV SAO PAULO SP &  JACERU, RUA SAO PAULO SP",-23.6214849,-46.6981062
"4968","D031301064",719,"ALFREDO PUJOL, RUA",NA,"",174,"","19/03/2013 22:29",2,"CO",13,2973," "," ",1,1,0,0,0,0,0,0,0,0,0,0,0,0,0,0,0,719,"ALFREDO PUJOL, RUA",NA,"",71,"SANTANA",1,0,"ALFREDO PUJOL, RUA 174 SAO PAULO SP",-23.500213,-46.6275213
"4969","D031301568",70,"ABRANTES, RUA MARQ DE",4486,"CAROLINA, RUA IRMA",0,"","19/03/2013 22:37",2,"CO",81,1497," "," ",2,0,0,0,0,0,0,0,0,0,0,0,0,0,0,0,0,70,"ABRANTES, RUA MARQ DE",4486,"CAROLINA, RUA IRMA",8,"BELEM",2,0,"ABRANTES, RUA MARQ DE SAO PAULO SP &  CAROLINA, RUA IRMA SAO PAULO SP",-23.5384165,-46.5851765
"4970","D031300786",34682,"CAMPO LIMPO, ES DO",NA,"",4000,"","20/03/2013 04:30",2,"CT",37,2357," "," ",0,1,0,0,0,0,0,0,0,0,0,0,0,0,0,1,0,34682,"CAMPO LIMPO, ES DO",NA,"",17,"CAMPO LIMPO",1,0,"CAMPO LIMPO, ES DO 4000 SAO PAULO SP",-23.2019463,-46.785846
"4971","D031301732",10270,"JOAO DIAS, AV",NA,"",3270,"","20/03/2013 05:30",4,"AT",92,1815," "," ",1,0,0,0,0,0,0,0,0,0,0,0,0,0,0,0,0,10270,"JOAO DIAS, AV",NA,"",72,"SANTO AMARO",1,0,"JOAO DIAS, AV 3270 SAO PAULO SP",-23.6442123,-46.7320519