"","id_acidente","codloga","logradouroA","codlogb","logradouroB","alt_num","referencia","data","cod_acid","tipo_acidente","dp","numero_BO","sentido","pista","automovel","moto","onibus","caminhao","bicicleta","moto_taxi","onibus_fretado","onibus_urbano","microonibus","van","vuc","caminhonete","carreta","jipe","outros","sem_informacao","carroca","princ_a","paiA","princ_b","paiB","cod_distrito","distrito","vit_ferida","vit_morta","local","lat","lon"
"4972","D031300321",11544,"LAGES, RUA MARQ DE",14710,"MERCES, RUA NSRA DAS",0,"","20/03/2013 06:13",4,"AT",26,2375," "," ",0,0,0,0,0,0,0,0,0,0,0,0,0,0,0,1,0,11544,"LAGES, RUA MARQ DE",14710,"MERCES, RUA NSRA DAS",69,"SACOMA",1,0,"LAGES, RUA MARQ DE SAO PAULO SP &  MERCES, RUA NSRA DAS SAO PAULO SP",-23.6273518,-46.6094089
"4973","D031301964",14094,"MOGI DAS CRUZES, ES DE",7670,"GABRIEL, AV DR",0,"","20/03/2013 06:20",2,"CO",62,1104,"C"," ",1,1,0,0,0,0,0,0,0,0,0,0,0,0,0,0,0,7670,"GABRIEL, AV DR",14094,"MOGI DAS CRUZES, ES DE",65,"PONTE RASA",1,0,"MOGI DAS CRUZES, ES DE SAO PAULO SP &  GABRIEL, AV DR SAO PAULO SP",-23.5505199,-46.6333094
"4975","D031300477",1247,"ANCHIETA, VIA",NA,"",1310,"","20/03/2013 06:45",2,"CO",95,1367," "," ",1,2,0,0,0,0,0,0,0,0,0,0,0,0,0,0,0,1247,"ANCHIETA, VIA",NA,"",33,"IPIRANGA",2,0,"ANCHIETA, VIA 1310 SAO PAULO SP",-23.6130775,-46.6007677
"4976","D031301411",12612,"MANILHA, RUA",2181,"ARICANDUVA, AV",0,"","20/03/2013 07:20",2,"CO",21,1513," "," ",1,1,0,0,0,0,0,0,0,0,0,0,0,0,0,0,0,2181,"ARICANDUVA, AV",2440,"ASTARTE, RUA",20,"CARRAO",1,0,"MANILHA, RUA SAO PAULO SP &  ARICANDUVA, AV SAO PAULO SP",-23.5480252,-46.5261119
"4977","D031300248",11346,"JULIO PRESTES, PCA",NA,"",16,"","20/03/2013 07:40",4,"AT",77,1209," "," ",1,0,0,0,0,0,0,0,0,0,0,0,0,0,0,0,0,11346,"JULIO PRESTES, PCA",NA,"",15,"CAMPO BELO",1,0,"JULIO PRESTES, PCA 16 SAO PAULO SP",-23.533893,-46.6408596
"4978","D031301812",12403,"M'BOI MIRIM, ES",NA,"",3815,"","20/03/2013 07:55",2,"CO",100,1841," "," ",0,1,0,1,0,0,0,0,0,0,0,0,0,0,0,0,0,12403,"M'BOI MIRIM, ES",NA,"",42,"JARDIM ANGELA",1,0,"M'BOI MIRIM, ES 3815 SAO PAULO SP",-23.5505199,-46.6333094
"4979","D031300217",16870,"RANGEL PESTANA, AV",NA,"",1590,"","20/03/2013 07:55",4,"AT",12,1590," "," ",0,0,0,0,0,0,0,1,0,0,0,0,0,0,0,0,0,16870,"RANGEL PESTANA, AV",NA,"",1,"AGUA RASA",1,0,"RANGEL PESTANA, AV 1590 SAO PAULO SP",-23.5447933,-46.6192211
"4980","D031300856",16878,"RAPOSO TAVARES, VIA",NA,"",12500,"","20/03/2013 08:00",2,"CO",51,1337," "," ",0,1,0,0,0,0,0,0,0,0,0,0,0,0,0,1,0,16878,"RAPOSO TAVARES, VIA",NA,"",13,"CACHOEIRINHA",1,0,"RAPOSO TAVARES, VIA 12500 SAO PAULO SP",-23.5331022,-48.4351254
"4981","D031301065",719,"ALFREDO PUJOL, RUA",NA,"",795,"","20/03/2013 08:00",2,"CO",13,2984,"B"," ",1,1,0,0,0,0,0,0,0,0,0,0,0,0,0,0,0,719,"ALFREDO PUJOL, RUA",NA,"",71,"SANTANA",1,0,"ALFREDO PUJOL, RUA 795 SAO PAULO SP",-23.5003019,-46.6336755
"4982","D031300938",13014,"MARGINAL DO RIO PINHEIROS, AV",NA,"",14500,"","20/03/2013 08:00",2,"CO",89,2264," "," ",2,1,0,0,0,0,0,0,0,0,0,0,0,0,0,0,0,13014,"MARGINAL DO RIO PINHEIROS, AV",NA,"",40,"JAGUARE",1,0,"MARGINAL DO RIO PINHEIROS, AV 14500 SAO PAULO SP",-23.5604208,-46.6574734
"4983","D031300025",19745,"VINTE E CINCO DE MARCO, RUA",NA,"",1225,"","20/03/2013 08:13",4,"AT",1,2285," "," ",0,0,0,0,0,0,0,0,0,0,0,1,0,0,0,0,0,19745,"VINTE E CINCO DE MARCO, RUA",NA,"",80,"SE",1,0,"VINTE E CINCO DE MARCO, RUA 1225 SAO PAULO SP",-23.5389512,-46.6320935
"4984","D031302175",13294,"MARIA LUIZA AMERICANO, AV",66439,"VITORIANO DOS ANJOS, RUA",0,"","20/03/2013 09:00",2,"CO",53,852," "," ",1,0,1,0,0,0,0,0,0,0,0,0,0,0,0,0,0,13294,"MARIA LUIZA AMERICANO, AV",66439,"VITORIANO DOS ANJOS, RUA",NA,"",1,0,"MARIA LUIZA AMERICANO, AV SAO PAULO SP &  VITORIANO DOS ANJOS, RUA SAO PAULO SP",-23.5790785,-46.4814067
"4985","D031301620",33015,"SADAMU INOUE, AV",NA,"",1600,"","20/03/2013 09:07",2,"CO",25,735," "," ",1,0,0,0,0,0,0,0,0,0,0,1,0,0,0,0,0,33015,"SADAMU INOUE, AV",NA,"",76,"SAO MIGUEL",1,0,"SADAMU INOUE, AV 1600 SAO PAULO SP",-23.7875631,-46.7263862
"4986","D031300478",1247,"ANCHIETA, VIA",NA,"",10700,"","20/03/2013 09:20",2,"CO",95,1372," "," ",1,1,0,0,0,0,0,0,0,0,0,0,0,0,0,0,0,1247,"ANCHIETA, VIA",NA,"",33,"IPIRANGA",1,0,"ANCHIETA, VIA 10700 SAO PAULO SP",-23.6433577,-46.5860313
"4987","D031301456",7645,"FRONTIN, AV CD DE",NA,"",450,"","20/03/2013 09:33",2,"CO",30,1580," "," ",1,0,0,0,0,0,0,0,0,0,0,0,0,0,0,0,1,7645,"FRONTIN, AV CD DE",NA,"",93,"VILA MATILDE",1,0,"FRONTIN, AV CD DE 450 SAO PAULO SP",-23.5505199,-46.6333094
"4988","D031300148",11922,"LINS DE VASCONCELOS, AV",NA,"",920,"","20/03/2013 10:00",2,"CO",6,1389," "," ",1,1,0,0,0,0,0,0,0,0,0,0,0,0,0,0,0,11922,"LINS DE VASCONCELOS, AV",NA,"",92,"VILA MARIANA",1,0,"LINS DE VASCONCELOS, AV 920 SAO PAULO SP",-23.5714139,-46.6225378
"4989","D031301965",99577,"MILENE ELIAS, AV",15467,"PARANAGUA, AV",0,"","20/03/2013 10:00",4,"AT",62,1105," "," ",1,0,0,0,0,0,0,0,0,0,0,0,0,0,0,0,0,15467,"PARANAGUA, AV",99577,"MILENE ELIAS, AV",34,"ITAIM BIBI",1,0,"MILENE ELIAS, AV SAO PAULO SP &  PARANAGUA, AV SAO PAULO SP",-23.4916023,-46.478694
"4990","D031301811",12403,"M'BOI MIRIM, ES",NA,"",4500,"","20/03/2013 10:30",4,"AT",100,1585," "," ",0,0,0,0,0,0,0,0,0,0,0,1,0,0,0,0,0,12403,"M'BOI MIRIM, ES",NA,"",42,"JARDIM ANGELA",1,0,"M'BOI MIRIM, ES 4500 SAO PAULO SP",-23.5505199,-46.6333094
"4991","D031301332",6361,"ELISIO TEIXEIRA LEITE, AV",NA,"",5231,"","20/03/2013 10:30",2,"CO",74,1066," "," ",2,0,0,0,0,0,0,0,0,0,0,0,0,0,0,0,0,6361,"ELISIO TEIXEIRA LEITE, AV",NA,"",29,"FREGUESIA DO O",1,0,"ELISIO TEIXEIRA LEITE, AV 5231 SAO PAULO SP",-23.4546931,-46.7122437
"4992","D031300149",19083,"TOPAZIO, RUA",NA,"",400,"","20/03/2013 10:30",4,"AT",6,1392," "," ",1,0,0,0,0,0,0,0,0,0,0,0,0,0,0,0,0,19083,"TOPAZIO, RUA",NA,"",37,"JABAQUARA",1,0,"TOPAZIO, RUA 400 SAO PAULO SP",-23.5745275,-46.6326908
"4993","D031300026",11824,"LIBERO BADARO, RUA",NA,"",119,"","20/03/2013 11:00",4,"AT",1,2293," "," ",0,1,0,0,0,0,0,0,0,0,0,0,0,0,0,0,0,11824,"LIBERO BADARO, RUA",NA,"",80,"SE",1,0,"LIBERO BADARO, RUA 119 SAO PAULO SP",-23.5484058,-46.6374129
"4994","D031301378",8262,"GUAIAUNA, RUA",NA,"",395,"","20/03/2013 11:40",2,"CO",10,3167," "," ",1,1,0,0,0,0,0,0,0,0,0,0,0,0,0,0,0,8262,"GUAIAUNA, RUA",NA,"",60,"PENHA",1,0,"GUAIAUNA, RUA 395 SAO PAULO SP",-23.5309646,-46.5496048
"4995","D031302071",10152,"JOAO BATISTA CONTI, AV PROF",NA,"",138,"","20/03/2013 11:40",2,"CO",103,1144," "," ",1,1,0,0,0,0,0,0,0,0,0,0,0,0,0,0,0,10152,"JOAO BATISTA CONTI, AV PROF",NA,"",46,"JOSE BONIFACIO",1,0,"JOAO BATISTA CONTI, AV PROF 138 SAO PAULO SP",-23.5509625,-46.4317794
"4997","D031302358",19001,"TIRO AO POMBO, RUA",NA,"",231,"","20/03/2013 12:00",4,"AT",45,663," "," ",0,0,0,0,0,0,0,0,0,0,0,0,0,0,0,1,0,19001,"TIRO AO POMBO, RUA",NA,"",40,"JAGUARE",0,1,"TIRO AO POMBO, RUA 231 SAO PAULO SP",-23.4717192,-46.6892341
"4998","D031300072",19996,"XAVIER DE TOLEDO, RUA CEL",NA,"",100,"","20/03/2013 12:17",4,"AT",3,2333,"B"," ",0,1,0,0,0,0,0,0,0,0,0,0,0,0,0,0,0,19996,"XAVIER DE TOLEDO, RUA CEL",NA,"",0,"NULL",1,0,"XAVIER DE TOLEDO, RUA CEL 100 SAO PAULO SP",-23.5478615,-46.6424109
"4999","D031300027",6642,"ESTADO, AV DO",NA,"",4643,"","20/03/2013 12:18",2,"CO",1,2304," "," ",1,1,0,0,0,0,0,0,0,0,0,0,0,0,0,0,0,6642,"ESTADO, AV DO",NA,"",9,"BOM RETIRO",1,0,"ESTADO, AV DO 4643 SAO PAULO SP",-23.5549774,-46.6239392
"5000","D031300648",7491,"FRANCISCO MATARAZZO, AV",NA,"",10000,"","20/03/2013 12:20",4,"AT",23,1528," "," ",1,0,0,0,0,0,0,0,0,0,0,0,0,0,0,0,0,7491,"FRANCISCO MATARAZZO, AV",NA,"",6,"BARRA FUNDA",1,0,"FRANCISCO MATARAZZO, AV 10000 SAO PAULO SP",-23.5318891,-46.6636755
"5001","D031301092",541,"ALCANTARA, RUA",967,"AMAMBAI, RUA",0,"","20/03/2013 12:30",2,"CO",19,1108," "," ",1,1,0,0,0,0,0,0,0,0,0,0,0,0,0,0,0,541,"ALCANTARA, RUA",967,"AMAMBAI, RUA",91,"VILA MARIA",2,0,"ALCANTARA, RUA SAO PAULO SP &  AMAMBAI, RUA SAO PAULO SP",-23.5232036,-46.5919291
"5002","D031300820",25406,"ESMIRNA, RUA",NA,"",100,"","20/03/2013 12:39",2,"CH",46,1364," "," ",1,1,0,0,0,0,0,0,0,0,0,0,0,0,0,0,0,25406,"ESMIRNA, RUA",NA,"",52,"MARSILAC",2,0,"ESMIRNA, RUA 100 SAO PAULO SP",-23.4058272,-46.738348
"5003","D031300339",4596,"CATARINA, AV STA",11510,"LACEDEMONIA, RUA",0,"","20/03/2013 13:18",2,"CO",27,803," "," ",1,1,0,0,0,0,0,0,0,0,0,0,0,0,0,0,0,4596,"CATARINA, AV STA",11510,"LACEDEMONIA, RUA",15,"CAMPO BELO",1,0,"CATARINA, AV STA SAO PAULO SP &  LACEDEMONIA, RUA SAO PAULO SP",-23.6478165,-46.6624038
"5004","D031300188",17831,"SAPUCAIA, RUA",NA,"",326,"","20/03/2013 13:22",2,"CO",8,2056," "," ",2,0,0,0,0,0,0,0,0,0,0,0,0,0,0,0,0,17831,"SAPUCAIA, RUA",NA,"",10,"BRAS",1,0,"SAPUCAIA, RUA 326 SAO PAULO SP",-23.5493127,-46.5929603
"5005","D031300731",7500,"FRANCISCO MORATO, AV PROF",NA,"",2100,"","20/03/2013 13:55",2,"CO",34,1769," "," ",4,0,0,0,0,0,0,0,0,0,0,0,0,0,0,0,0,7500,"FRANCISCO MORATO, AV PROF",NA,"",12,"BUTANTA",1,0,"FRANCISCO MORATO, AV PROF 2100 SAO PAULO SP",-23.5848018,-46.7190195
"5007","D031301638",34128,"JOAO DE LUCA, AV VER",NA,"",200,"","20/03/2013 14:16",4,"AT",43,1108," "," ",0,0,0,0,0,0,0,0,0,0,0,0,0,0,0,1,0,34128,"JOAO DE LUCA, AV VER",NA,"",42,"JARDIM ANGELA",1,0,"JOAO DE LUCA, AV VER 200 SAO PAULO SP",-23.6454165,-46.671859
"5008","D031300218",3653,"BRESSER, RUA",NA,"",882,"","20/03/2013 14:42",4,"AT",12,1602," "," ",0,1,0,0,0,0,0,0,0,0,0,0,0,0,0,0,0,3653,"BRESSER, RUA",NA,"",10,"BRAS",1,0,"BRESSER, RUA 882 SAO PAULO SP",-23.5378156,-46.6084678
"5009","D031301214",12716,"MANUEL GAYA, RUA",NA,"",214,"","20/03/2013 14:46",2,"CO",39,1335,"C"," ",1,1,0,0,0,0,0,0,0,0,0,0,0,0,0,0,0,12716,"MANUEL GAYA, RUA",NA,"",83,"TREMEMBE",1,0,"MANUEL GAYA, RUA 214 SAO PAULO SP",-23.4668861,-46.5950058
"5010","D031301686",20048,"YERVANT KISSAJIKIAN, AV",NA,"",574,"","20/03/2013 14:48",2,"CL",80,978," "," ",0,2,0,0,0,0,0,0,0,0,0,0,0,0,0,0,0,20048,"YERVANT KISSAJIKIAN, AV",NA,"",29,"FREGUESIA DO O",1,0,"YERVANT KISSAJIKIAN, AV 574 SAO PAULO SP",-23.6682195,-46.6734976
"5011","D031302300",19708,"VILA EMA, AV",NA,"",5264,"","20/03/2013 14:50",2,"CO",70,856," "," ",1,1,0,0,0,0,0,0,0,0,0,0,0,0,0,0,0,19708,"VILA EMA, AV",NA,"",26,"CONSOLACAO",1,0,"VILA EMA, AV 5264 SAO PAULO SP",-23.597355,-46.5328455
"5013","D031300582",10387,"JOAO MOURA, RUA",9262,"IPERO, RUA",0,"","20/03/2013 15:41",2,"CL",14,2617," "," ",1,0,0,0,0,0,0,0,0,0,0,1,0,0,0,0,0,9262,"IPERO, RUA",10387,"JOAO MOURA, RUA",63,"PINHEIROS",1,0,"JOAO MOURA, RUA SAO PAULO SP &  IPERO, RUA SAO PAULO SP",-23.5621478,-46.6764453
"5014","D031300585",7257,"FONSECA RODRIGUES, AV PROF",NA,"",835,"","20/03/2013 16:20",2,"CO",14,2692," "," ",1,1,0,0,0,0,0,0,0,0,0,0,0,0,0,0,0,7257,"FONSECA RODRIGUES, AV PROF",NA,"",2,"ALTO DE PINHEIR",1,0,"FONSECA RODRIGUES, AV PROF 835 SAO PAULO SP",-23.5479024,-46.7156169
"5015","D031301639",5606,"CUPECE, AV",NA,"",2443,"","20/03/2013 16:40",4,"AT",43,1115," "," ",0,0,0,0,0,0,0,0,0,0,0,1,0,0,0,0,0,5606,"CUPECE, AV",NA,"",22,"CIDADE ADEMAR",1,0,"CUPECE, AV 2443 SAO PAULO SP",-23.6638456,-46.6611385
"5016","D031300692",4115,"CANDIDO PORTINARI, AV",NA,"",441,"","20/03/2013 17:10",2,"CO",33,2557,"B"," ",1,1,0,0,0,0,0,0,0,0,0,0,0,0,0,0,0,4115,"CANDIDO PORTINARI, AV",NA,"",39,"JAGUARA",1,0,"CANDIDO PORTINARI, AV 441 SAO PAULO SP",-23.5082274,-46.7512537
"5017","D031301246",27090,"EMILIA MARQUES FERREIRA, RUA",NA,"",59,"","20/03/2013 17:15",2,"CO",45,671," "," ",1,1,0,0,0,0,0,0,0,0,0,0,0,0,0,0,0,27090,"EMILIA MARQUES FERREIRA, RUA",NA,"",40,"JAGUARE",1,0,"EMILIA MARQUES FERREIRA, RUA 59 SAO PAULO SP",-23.4747959,-46.702382
"5018","D031302049",21508,"RAIMUNDO DE PAULO FREITAS, RUA",NA,"",481,"","20/03/2013 17:30",2,"CH",67,822," "," ",2,2,0,0,0,0,0,0,0,0,0,0,0,0,0,0,0,21508,"RAIMUNDO DE PAULO FREITAS, RUA",NA,"",50,"LIMAO",2,0,"RAIMUNDO DE PAULO FREITAS, RUA 481 SAO PAULO SP",-23.5194443,-46.4149381
"5019","D031301687",20048,"YERVANT KISSAJIKIAN, AV",NA,"",1415,"","20/03/2013 17:30",2,"CL",80,984," "," ",1,1,0,0,0,0,0,0,0,0,0,0,0,0,0,0,0,20048,"YERVANT KISSAJIKIAN, AV",NA,"",29,"FREGUESIA DO O",1,0,"YERVANT KISSAJIKIAN, AV 1415 SAO PAULO SP",-23.6725573,-46.6664213
"5020","D031301094",1044,"MERE AMEDEA, RUA",35588,"SILVIO LEANDRO, RUA",0,"","20/03/2013 17:30",2,"CO",19,1115," "," ",1,1,0,0,0,0,0,0,0,0,0,0,0,0,0,0,0,1044,"MERE AMEDEA, RUA",35588,"SILVIO LEANDRO, RUA",91,"VILA MARIA",1,0,"MERE AMEDEA, RUA SAO PAULO SP &  SILVIO LEANDRO, RUA SAO PAULO SP",-23.5069276,-46.5893148
"5021","D031301709",3509,"BELMIRA MARIN, AV DONA",NA,"",3988,"","20/03/2013 18:00",2,"CF",85,1991," "," ",1,1,0,0,0,0,0,0,0,0,0,0,0,0,0,0,0,3509,"BELMIRA MARIN, AV DONA",NA,"",30,"GRAJAU",2,0,"BELMIRA MARIN, AV DONA 3988 SAO PAULO SP",-23.7550841,-46.679402
"5022","D031302406",12436,"MACEDO SOARES, AV EMB",NA,"",4500,"","20/03/2013 18:00",4,"AT",7,1888,"A"," ",1,0,0,0,0,0,0,0,0,0,0,0,0,0,0,0,0,29772,"MARGINAL DO RIO TIETE, AV",NA,"",48,"LAPA",0,1,"MACEDO SOARES, AV EMB 4500 SAO PAULO SP",-23.5166117,-46.7281234
"5024","D031301158",27358,"FUAD LUTFALLA, AV",NA,"",946,"","20/03/2013 18:40",2,"QD",28,1517," "," ",0,0,1,0,0,0,0,0,0,0,0,0,0,0,0,0,0,27358,"FUAD LUTFALLA, AV",NA,"",4,"ARICANDUVA",1,0,"FUAD LUTFALLA, AV 946 SAO PAULO SP",-23.4821372,-46.7080859
"5026","D031300028",8024,"GLICERIO, RUA",NA,"",66,"","20/03/2013 19:05",4,"AT",1,2320," "," ",1,0,0,0,0,0,0,0,0,0,0,0,0,0,0,0,0,8024,"GLICERIO, RUA",NA,"",80,"SE",1,0,"GLICERIO, RUA 66 SAO PAULO SP",-23.5074352,-46.4768283
"5028","D031302159",19012,"TITA RUFFO, RUA",6977,"FILIPE MARINETTI, RUA",0,"","20/03/2013 19:20",2,"CO",49,3838," "," ",2,0,0,0,0,0,0,0,0,0,0,0,0,0,0,0,0,6977,"FILIPE MARINETTI, RUA",19012,"TITA RUFFO, RUA",75,"SAO MATEUS",1,0,"TITA RUFFO, RUA SAO PAULO SP &  FILIPE MARINETTI, RUA SAO PAULO SP",-23.6058041,-46.4798001
"5029","D031300923",13014,"MARGINAL DO RIO PINHEIROS, AV",NA,"",115,"","20/03/2013 19:30",2,"CO",89,1779," "," ",1,1,0,0,0,0,0,0,0,0,0,0,0,0,0,0,0,13014,"MARGINAL DO RIO PINHEIROS, AV",NA,"",40,"JAGUARE",1,0,"MARGINAL DO RIO PINHEIROS, AV 115 SAO PAULO SP",-23.564285,-46.6794498
"5030","D031302271",22268,"OSVALDO VALLE CORDEIRO, AV",NA,"",100,"","20/03/2013 19:39",2,"CO",66,1780," "," ",1,1,0,0,0,0,0,0,0,0,0,0,0,0,0,0,0,22268,"OSVALDO VALLE CORDEIRO, AV",NA,"",38,"JACANA",1,0,"OSVALDO VALLE CORDEIRO, AV 100 SAO PAULO SP",-23.5546988,-46.4923066
"5032","D031300234",10177,"JOAO BOEMER, RUA",17180,"RITA, RUA STA",0,"","20/03/2013 20:00",2,"CO",12,2067," "," ",2,0,0,0,0,0,0,0,0,0,0,0,0,0,0,0,0,10177,"JOAO BOEMER, RUA",17180,"RITA, RUA STA",8,"BELEM",1,0,"JOAO BOEMER, RUA SAO PAULO SP &  RITA, RUA STA SAO PAULO SP",-23.5312342,-46.6130982
"5033","D031300219",16006,"PEDRO VICENTE, RUA",NA,"",421,"","20/03/2013 20:30",4,"AT",12,1611," "," ",1,0,0,0,0,0,0,0,0,0,0,0,0,0,0,0,0,16006,"PEDRO VICENTE, RUA",NA,"",25,"CIDADE TIRADENT",1,0,"PEDRO VICENTE, RUA 421 SAO PAULO SP",-23.5253827,-46.6247229
"5034","D031302338",35449,"BANDEIRANTES, VIA DOS",NA,"",23000,"","20/03/2013 20:50",4,"AT",33,2567," "," ",1,0,0,0,0,0,0,0,0,0,0,0,0,0,0,0,0,35449,"BANDEIRANTES, VIA DOS",NA,"",64,"PIRITUBA",0,1,"BANDEIRANTES, VIA DOS 23000 SAO PAULO SP",-23.5962255,-46.6921266
"5035","D031302022",3994,"CAMPANELLA, AV",NA,"",748,"","20/03/2013 21:12",2,"CO",64,2895," "," ",1,1,0,0,0,0,0,0,0,0,0,0,0,0,0,0,0,3994,"CAMPANELLA, AV",NA,"",36,"ITAQUERA",1,0,"CAMPANELLA, AV 748 SAO PAULO SP",-23.5361726,-46.4673389
"5036","D031300620",16011,"PEDROSO ALVARENGA, RUA",NA,"",743,"","20/03/2013 21:30",2,"CO",15,2629," "," ",0,1,0,0,0,0,0,0,0,0,0,0,0,0,0,1,0,16011,"PEDROSO ALVARENGA, RUA",NA,"",28,"ERMELINO MATARA",1,0,"PEDROSO ALVARENGA, RUA 743 SAO PAULO SP",-23.5817311,-46.6775522
"5037","D031300094",14804,"NOVE DE JULHO, AV",NA,"",1918,"","20/03/2013 21:45",4,"AT",4,2202," "," ",1,0,0,0,0,0,0,0,0,0,0,0,0,0,0,0,0,14804,"NOVE DE JULHO, AV",NA,"",63,"PINHEIROS",1,0,"NOVE DE JULHO, AV 1918 SAO PAULO SP",-23.5573819,-46.6526884
"5038","D031302215",9044,"RAGUEB CHOHFI, AV",NA,"",5900,"","20/03/2013 21:48",2,"CO",54,3747," "," ",1,1,0,0,0,0,0,0,0,0,0,0,0,0,0,0,0,9044,"RAGUEB CHOHFI, AV",NA,"",32,"IGUATEMI",2,0,"RAGUEB CHOHFI, AV 5900 SAO PAULO SP",-23.5951491,-46.4294661
"5039","D031301451",185,"ADELINO, RUA PDE",3458,"BOM SUCESSO, RUA",0,"","20/03/2013 21:50",2,"CL",30,1514," "," ",1,0,0,0,0,0,0,0,0,0,0,1,0,0,0,0,0,185,"ADELINO, RUA PDE",3458,"BOM SUCESSO, RUA",82,"TATUAPE",1,0,"ADELINO, RUA PDE SAO PAULO SP &  BOM SUCESSO, RUA SAO PAULO SP",-23.5505199,-46.6333094
"5041","D031301229",21310,"ANTONIO MARIA LAET, AV DR",NA,"",271,"","20/03/2013 22:21",2,"CL",39,2895," "," ",1,0,1,0,0,0,0,0,0,0,0,0,0,0,0,0,0,21310,"ANTONIO MARIA LAET, AV DR",NA,"",0,"NULL",2,0,"ANTONIO MARIA LAET, AV DR 271 SAO PAULO SP",-23.4789557,-46.6031502
"5042","D031300912",6980,"FELIPE PINEL, AV DR",NA,"",750,"","20/03/2013 22:50",2,"CF",87,2886," "," ",2,0,0,0,0,0,0,0,0,0,0,0,0,0,0,0,0,6980,"FELIPE PINEL, AV DR",NA,"",64,"PIRITUBA",3,0,"FELIPE PINEL, AV DR 750 SAO PAULO SP",-23.4819971,-46.7314207
"5043","D031301598",9112,"INACIO DE LOYOLA, PCA STO",10270,"JOAO DIAS, AV",0,"","20/03/2013 23:00",2,"CL",11,3114," "," ",0,1,0,0,0,0,0,0,0,0,0,1,0,0,0,0,0,10198,"JOAO CARLOS DA SILVA BORGES, AV",10270,"JOAO DIAS, AV",67,"REPUBLICA",2,0,"INACIO DE LOYOLA, PCA STO SAO PAULO SP &  JOAO DIAS, AV SAO PAULO SP",-23.6454093,-46.7115457
"5044","D031301989",9084,"IMPERADOR, ES DO",NA,"",3830,"","21/03/2013 01:30",2,"CH",63,2022," "," ",1,0,0,0,0,0,0,0,0,0,0,0,0,0,0,0,0,9084,"IMPERADOR, ES DO",NA,"",89,"VILA JACUI",1,0,"IMPERADOR, ES DO 3830 SAO PAULO SP",-23.5505199,-46.6333094
"5045","D031301356",39012,"POETA, AV DO",39027,"CARLOS CALVO, RUA",0,"","21/03/2013 01:34",2,"SI",90,1117," "," ",1,0,0,1,0,0,0,0,0,0,0,0,0,0,0,0,0,39012,"POETA, AV DO",39027,"CARLOS CALVO, RUA",NA,"",1,0,"POETA, AV DO SAO PAULO SP &  CARLOS CALVO, RUA SAO PAULO SP",-23.4866897,-46.5662159
"5046","D031301796",9220,"INTERLAGOS, AV",NA,"",2255,"","21/03/2013 02:55",2,"CH",99,3115," "," ",0,0,0,0,0,0,0,0,1,0,0,0,0,0,0,0,0,9220,"INTERLAGOS, AV",NA,"",16,"CAMPO GRANDE",2,0,"INTERLAGOS, AV 2255 SAO PAULO SP",-23.6738936,-46.6774992
"5047","D031301496",4736,"CELSO GARCIA, AV",27094,"SALIM FARAH MALUF, AV",0,"","21/03/2013 04:30",2,"CO",52,831," "," ",2,0,0,0,0,0,0,0,0,0,0,0,0,0,0,0,0,4736,"CELSO GARCIA, AV",27094,"SALIM FARAH MALUF, AV",8,"BELEM",1,0,"CELSO GARCIA, AV SAO PAULO SP &  SALIM FARAH MALUF, AV SAO PAULO SP",-23.5359522,-46.5717652
"5048","D031301135",14767,"NOVA CANTAREIRA, AV",NA,"",1548,"","21/03/2013 05:15",4,"AT",20,2522," "," ",1,0,0,0,0,0,0,0,0,0,0,0,0,0,0,0,0,14767,"NOVA CANTAREIRA, AV",NA,"",83,"TREMEMBE",1,0,"NOVA CANTAREIRA, AV 1548 SAO PAULO SP",-23.4820137,-46.6127111
"5049","D031301020",2455,"ATALIBA LEONEL, AV GAL",NA,"",3539,"","21/03/2013 05:20",2,"QM",9,1715," "," ",0,1,0,0,0,0,0,0,0,0,0,0,0,0,0,0,0,2455,"ATALIBA LEONEL, AV GAL",NA,"",88,"VILA GUILHERME",1,0,"ATALIBA LEONEL, AV GAL 3539 SAO PAULO SP",-23.4861498,-46.605266
"5050","D031301682",20048,"YERVANT KISSAJIKIAN, AV",NA,"",2600,"","21/03/2013 06:05",4,"AT",80,403," "," ",0,1,0,0,0,0,0,0,0,0,0,0,0,0,0,0,0,20048,"YERVANT KISSAJIKIAN, AV",NA,"",29,"FREGUESIA DO O",1,0,"YERVANT KISSAJIKIAN, AV 2600 SAO PAULO SP",-23.6788114,-46.6566935
"5051","D031302339",6808,"EUROPA, AV",NA,"",725,"","21/03/2013 06:15",4,"AT",15,1396,"C"," ",0,0,1,0,0,0,0,0,0,0,0,0,0,0,0,0,0,6808,"EUROPA, AV",NA,"",63,"PINHEIROS",0,1,"EUROPA, AV 725 SAO PAULO SP",-23.5767773,-46.679654
"5054","D031301599",3216,"BENTO BRANCO DE ANDRADE FILHO, RUA",NA,"",477,"","21/03/2013 07:00",4,"AT",11,3131," "," ",0,1,0,0,0,0,0,0,0,0,0,0,0,0,0,0,0,3216,"BENTO BRANCO DE ANDRADE FILHO, RUA",NA,"",72,"SANTO AMARO",1,0,"BENTO BRANCO DE ANDRADE FILHO, RUA 477 SAO PAULO SP",-23.6489949,-46.7219878