"","id_acidente","codloga","logradouroA","codlogb","logradouroB","alt_num","referencia","data","cod_acid","tipo_acidente","dp","numero_BO","sentido","pista","automovel","moto","onibus","caminhao","bicicleta","moto_taxi","onibus_fretado","onibus_urbano","microonibus","van","vuc","caminhonete","carreta","jipe","outros","sem_informacao","carroca","princ_a","paiA","princ_b","paiB","cod_distrito","distrito","vit_ferida","vit_morta","local","lat","lon"
"5055","D031301136",14767,"NOVA CANTAREIRA, AV",NA,"",4354,"","21/03/2013 07:00",4,"AT",20,2325," "," ",1,0,0,0,0,0,0,0,0,0,0,0,0,0,0,0,0,14767,"NOVA CANTAREIRA, AV",NA,"",83,"TREMEMBE",1,0,"NOVA CANTAREIRA, AV 4354 SAO PAULO SP",-23.4625496,-46.6161611
"5056","D031301457",18961,"TIJUCO PRETO, RUA",7014,"FERNANDES PINHEIRO, RUA",0,"","21/03/2013 07:04",2,"CO",30,1604," "," ",1,0,1,0,0,0,0,0,0,0,0,0,0,0,0,0,0,7014,"FERNANDES PINHEIRO, RUA",18961,"TIJUCO PRETO, RUA",82,"TATUAPE",1,0,"TIJUCO PRETO, RUA SAO PAULO SP &  FERNANDES PINHEIRO, RUA SAO PAULO SP",-23.5437411,-46.5703171
"5057","D031300399",19789,"VIRGILIO DE LEMOS, RUA",NA,"",681,"","21/03/2013 07:22",2,"QM",35,2546," "," ",0,1,0,0,0,0,0,0,0,0,0,0,0,0,0,0,0,19789,"VIRGILIO DE LEMOS, RUA",NA,"",NA,"",1,0,"VIRGILIO DE LEMOS, RUA 681 SAO PAULO SP",-23.6605709,-46.6568993
"5058","D031300732",7500,"FRANCISCO MORATO, AV PROF",NA,"",1627,"","21/03/2013 07:29",2,"CO",34,1780," "," ",1,1,0,0,0,0,0,0,0,0,0,0,0,0,0,0,0,7500,"FRANCISCO MORATO, AV PROF",NA,"",12,"BUTANTA",1,0,"FRANCISCO MORATO, AV PROF 1627 SAO PAULO SP",-23.583294,-46.7145621
"5059","D031300294",2394,"ASCENDINO REIS, AV PROF",NA,"",965,"","21/03/2013 07:39",2,"CT",16,3734," "," ",2,0,0,0,0,0,0,0,0,0,0,0,0,0,0,0,0,2394,"ASCENDINO REIS, AV PROF",NA,"",53,"MOEMA",1,0,"ASCENDINO REIS, AV PROF 965 SAO PAULO SP",-23.5995093,-46.6516864
"5060","D031300939",61669,"ITAPAIUNA, RUA",NA,"",1800,"","21/03/2013 07:45",2,"CO",89,2281," "," ",1,1,0,0,0,0,0,0,0,0,0,0,0,0,0,0,0,61669,"ITAPAIUNA, RUA",NA,"",29,"FREGUESIA DO O",1,0,"ITAPAIUNA, RUA 1800 SAO PAULO SP",-23.6364678,-46.7275598
"5061","D031300030",15984,"PEDRO II, PQ DOM",NA,"",900,"","21/03/2013 08:00",4,"AT",1,2328," "," ",0,0,0,0,0,0,0,0,0,0,0,1,0,0,0,0,0,15984,"PEDRO II, PQ DOM",NA,"",1,"AGUA RASA",1,0,"PEDRO II, PQ DOM 900 SAO PAULO SP",-23.548054,-46.6300832
"5063","D031300068",9276,"IPIRANGA, AV",9543,"ITAPETININGA, RUA BR DE",0,"","21/03/2013 08:00",2,"QM",3,1643,"C"," ",0,1,0,0,0,0,0,0,0,0,0,0,0,0,0,0,0,9276,"IPIRANGA, AV",9543,"ITAPETININGA, RUA BR DE",67,"REPUBLICA",1,0,"IPIRANGA, AV SAO PAULO SP &  ITAPETININGA, RUA BR DE SAO PAULO SP",-23.5457285,-46.6440924
"5064","D031300733",14267,"MORUMBI, AV",3622,"BRAULIO, RUA S",0,"","21/03/2013 08:00",2,"CO",34,1782," "," ",1,1,0,0,0,0,0,0,0,0,0,0,0,0,0,0,0,3622,"BRAULIO, RUA S",14267,"MORUMBI, AV",55,"MORUMBI",1,0,"MORUMBI, AV SAO PAULO SP &  BRAULIO, RUA S SAO PAULO SP",-23.5871012,-46.7059801
"5066","D031300735",3020,"BEGONIAS, RUA DAS",NA,"",37,"","21/03/2013 08:06",2,"QM",34,1789," "," ",0,1,0,0,0,0,0,0,0,0,0,0,0,0,0,0,0,3020,"BEGONIAS, RUA DAS",NA,"",55,"MORUMBI",1,0,"BEGONIAS, RUA DAS 37 SAO PAULO SP",-23.5937856,-46.6969785
"5068","D031300534",8267,"GUAICURUS, RUA",NA,"",1467,"","21/03/2013 08:30",4,"AT",7,1830," "," ",0,0,1,0,0,0,0,0,0,0,0,0,0,0,0,0,0,8267,"GUAICURUS, RUA",NA,"",48,"LAPA",1,0,"GUAICURUS, RUA 1467 SAO PAULO SP",-23.5211578,-46.6996164
"5069","D031301733",35858,"GUIDO CALOI, AV",NA,"",4560,"","21/03/2013 08:30",2,"QM",92,1840,"C"," ",0,1,0,0,0,0,0,0,0,0,0,0,0,0,0,0,0,35858,"GUIDO CALOI, AV",NA,"",32,"IGUATEMI",1,0,"GUIDO CALOI, AV 4560 SAO PAULO SP",-23.6671059,-46.7272917
"5070","D031300661",16463,"POMPEIA, AV",14799,"HAVAI, RUA",0,"","21/03/2013 08:30",2,"CO",23,1838," "," ",1,1,0,0,0,0,0,0,0,0,0,0,0,0,0,0,0,14799,"HAVAI, RUA",16463,"POMPEIA, AV",61,"PERDIZES",1,0,"POMPEIA, AV SAO PAULO SP &  HAVAI, RUA SAO PAULO SP",-23.5459378,-46.6910742
"5071","D031300858",19817,"VITAL BRASIL, AV",NA,"",57,"","21/03/2013 08:45",2,"CO",51,1364," "," ",1,1,0,0,0,0,0,0,0,0,0,0,0,0,0,0,0,19817,"VITAL BRASIL, AV",NA,"",13,"CACHOEIRINHA",1,0,"VITAL BRASIL, AV 57 SAO PAULO SP",-23.5723626,-46.7052576
"5072","D031300510",24491,"IMIGRANTES, VIA DOS",NA,"",12800,"","21/03/2013 09:00",4,"AT",97,805," "," ",0,0,0,0,0,0,0,0,0,0,0,1,0,0,0,0,0,24491,"IMIGRANTES, VIA DOS",NA,"",NA,"",1,0,"IMIGRANTES, VIA DOS 12800 SAO PAULO SP",-22.9668535,-46.5442386
"5073","D031302092",2603,"AURORA DAS DORES, RUA",NA,"",200,"","21/03/2013 09:30",2,"QD",41,1679," "," ",0,0,1,0,0,0,0,0,0,0,0,0,0,0,0,0,0,2603,"AURORA DAS DORES, RUA",NA,"",87,"VILA FORMOSA",1,0,"AURORA DAS DORES, RUA 200 SAO PAULO SP",-23.5754009,-46.5319614
"5074","D031300501",7237,"FLORIDA, RUA",12193,"LUIS CARLOS BERRINI, AV ENG",0,"","21/03/2013 10:00",2,"QM",96,1332," "," ",1,1,0,0,0,0,0,0,0,0,0,0,0,0,0,0,0,7237,"FLORIDA, RUA",12193,"LUIS CARLOS BERRINI, AV ENG",34,"ITAIM BIBI",1,0,"FLORIDA, RUA SAO PAULO SP &  LUIS CARLOS BERRINI, AV ENG SAO PAULO SP",-23.6085014,-46.6921907
"5075","D031301095",3830,"LUIS FELIPE DE ORLEANS, RUA DOM",NA,"",687,"","21/03/2013 10:35",2,"QM",19,1121," "," ",0,1,0,0,0,0,0,0,0,0,0,0,0,0,0,0,0,3830,"LUIS FELIPE DE ORLEANS, RUA DOM",NA,"",91,"VILA MARIA",1,0,"LUIS FELIPE DE ORLEANS, RUA DOM 687 SAO PAULO SP",-23.5173438,-46.5893549
"5076","D031301137",14767,"NOVA CANTAREIRA, AV",NA,"",659,"","21/03/2013 10:56",4,"AT",20,2530,"B"," ",1,1,0,0,0,0,0,0,0,0,0,0,0,0,0,0,0,14767,"NOVA CANTAREIRA, AV",NA,"",83,"TREMEMBE",1,0,"NOVA CANTAREIRA, AV 659 SAO PAULO SP",-23.4865737,-46.619147
"5077","D031300511",2235,"ARMANDO DE ARRUDA PEREIRA, AV ENG",NA,"",2654,"","21/03/2013 11:30",2,"CL",97,809," "," ",1,1,0,0,0,0,0,0,0,0,0,0,0,0,0,0,0,2235,"ARMANDO DE ARRUDA PEREIRA, AV ENG",NA,"",37,"JABAQUARA",1,0,"ARMANDO DE ARRUDA PEREIRA, AV ENG 2654 SAO PAULO SP",-23.6497395,-46.6407126
"5078","D031300401",7882,"GEORGE CORBISIER, AV ENG",NA,"",900,"","21/03/2013 11:30",4,"AT",35,2563," "," ",1,0,0,0,0,0,0,0,0,0,0,0,0,0,0,0,0,7882,"GEORGE CORBISIER, AV ENG",NA,"",37,"JABAQUARA",1,0,"GEORGE CORBISIER, AV ENG 900 SAO PAULO SP",-23.6446709,-46.6449599
"5079","D031302230",75483,"SERTANISTAS, AV DOS",NA,"",433,"","21/03/2013 11:30",2,"CO",55,1224," "," ",1,0,0,1,0,0,0,0,0,0,0,0,0,0,0,0,0,75483,"SERTANISTAS, AV DOS",NA,"",55,"MORUMBI",1,0,"SERTANISTAS, AV DOS 433 SAO PAULO SP",-23.6262347,-46.4458182
"5080","D031301458",1967,"APUCARANA, RUA",NA,"",1615,"","21/03/2013 11:40",2,"CO",30,1613," "," ",2,0,0,0,0,0,0,0,0,0,0,0,0,0,0,0,0,1967,"APUCARANA, RUA",NA,"",82,"TATUAPE",1,0,"APUCARANA, RUA 1615 SAO PAULO SP",-23.5524531,-46.5619851
"5081","D031301552",10503,"JOAO XXIII, AV",NA,"",359,"","21/03/2013 12:00",2,"SI",58,669," "," ",0,1,0,0,0,0,0,0,0,0,0,0,0,0,0,0,0,10503,"JOAO XXIII, AV",NA,"",4,"ARICANDUVA",1,0,"JOAO XXIII, AV 359 SAO PAULO SP",-23.5714771,-46.5370364
"5082","D031301066",3637,"BRAZ LEME, AV",NA,"",3351,"","21/03/2013 12:02",2,"QD",13,3045," "," ",0,0,0,0,0,0,0,1,0,0,0,0,0,0,0,0,0,3637,"BRAZ LEME, AV",NA,"",21,"CASA VERDE",1,0,"BRAZ LEME, AV 3351 SAO PAULO SP",-23.5038673,-46.6281229
"5083","D031300267",10548,"JOAQUIM EUGENIO DE LIMA, AL",17791,"SANTOS, AL",0,"","21/03/2013 12:20",2,"OU",78,2219," "," ",1,1,0,0,0,0,0,0,0,0,0,0,0,0,0,0,0,10548,"JOAQUIM EUGENIO DE LIMA, AL",17791,"SANTOS, AL",44,"JARDIM PAULISTA",1,0,"JOAQUIM EUGENIO DE LIMA, AL SAO PAULO SP &  SANTOS, AL SAO PAULO SP",-23.5687356,-46.6533992
"5084","D031301379",7703,"GABRIELA MISTRAL, AV",2304,"OLIVIO GUELFI, RUA",0,"","21/03/2013 12:30",2,"CO",10,2330," "," ",1,1,0,0,0,0,0,0,0,0,0,0,0,0,0,0,0,2304,"OLIVIO GUELFI, RUA",7703,"GABRIELA MISTRAL, AV",60,"PENHA",1,0,"GABRIELA MISTRAL, AV SAO PAULO SP &  OLIVIO GUELFI, RUA SAO PAULO SP",-23.5098584,-46.5505242
"5085","D031300619",14804,"NOVE DE JULHO, AV",NA,"",4300,"","21/03/2013 12:50",2,"CO",15,2348," "," ",1,1,0,0,0,0,0,0,0,0,0,0,0,0,0,0,0,14804,"NOVE DE JULHO, AV",NA,"",63,"PINHEIROS",1,0,"NOVE DE JULHO, AV 4300 SAO PAULO SP",-23.5744373,-46.6679959
"5086","D031300904",14741,"MIGUEL DE CASTRO, RUA",NA,"",87,"","21/03/2013 12:50",4,"AT",87,1486," "," ",1,0,0,0,0,0,0,0,0,0,0,0,0,0,0,0,0,14741,"MIGUEL DE CASTRO, RUA",NA,"",64,"PIRITUBA",1,0,"MIGUEL DE CASTRO, RUA 87 SAO PAULO SP",-23.5163467,-46.46526
"5087","D031301966",13881,"MIGUEL, AV S",NA,"",4575,"","21/03/2013 12:54",4,"AT",62,1136,"C"," ",1,1,0,0,0,0,0,0,0,0,0,1,0,0,0,0,0,13881,"MIGUEL, AV S",NA,"",65,"PONTE RASA",3,0,"MIGUEL, AV S 4575 SAO PAULO SP",-23.5073667,-46.4890991
"5088","D031300905",15626,"PAULA FERREIRA, AV",NA,"",2542,"","21/03/2013 13:40",4,"AT",87,1514," "," ",1,0,0,0,0,0,0,0,0,0,0,0,0,0,0,0,0,15626,"PAULA FERREIRA, AV",NA,"",64,"PIRITUBA",1,0,"PAULA FERREIRA, AV 2542 SAO PAULO SP",-23.4898423,-46.7164681
"5089","D031302011",3994,"CAMPANELLA, AV",5131,"COATA, RUA",0,"","21/03/2013 14:30",2,"CO",64,2416," "," ",0,2,0,0,0,0,0,0,0,0,0,0,0,0,0,0,0,304,"AGAPANTOS, AV DOS",3994,"CAMPANELLA, AV",36,"ITAQUERA",3,0,"CAMPANELLA, AV SAO PAULO SP &  COATA, RUA SAO PAULO SP",-23.5352605,-46.4642064
"5091","D031300311",3454,"BOM PASTOR, RUA",NA,"",1250,"","21/03/2013 15:00",2,"CT",17,1673," "," ",1,1,0,0,0,0,0,0,0,0,0,0,0,0,0,0,0,3454,"BOM PASTOR, RUA",NA,"",33,"IPIRANGA",2,0,"BOM PASTOR, RUA 1250 SAO PAULO SP",-23.5875269,-46.6073683
"5092","D031301475",4502,"CARRAO, AV CONS",NA,"",1836,"","21/03/2013 15:02",2,"SI",31,1533," "," ",1,1,0,0,0,0,0,0,0,0,0,0,0,0,0,0,0,4502,"CARRAO, AV CONS",NA,"",20,"CARRAO",1,0,"CARRAO, AV CONS 1836 SAO PAULO SP",-23.546065,-46.5433133
"5093","D031301783",14743,"SABARA, AV NSRA DO",NA,"",116,"","21/03/2013 15:10",4,"AT",99,1279," "," ",0,0,0,0,0,0,0,0,0,0,0,1,0,0,0,0,0,14743,"SABARA, AV NSRA DO",NA,"",16,"CAMPO GRANDE",1,0,"SABARA, AV NSRA DO 116 SAO PAULO SP",-23.5505199,-46.6333094
"5094","D031300584",6819,"EUSEBIO MATOSO, AV",NA,"",800,"","21/03/2013 15:19",2,"CO",14,2660," "," ",1,1,0,0,0,0,0,0,0,0,0,0,0,0,0,0,0,6819,"EUSEBIO MATOSO, AV",NA,"",63,"PINHEIROS",2,0,"EUSEBIO MATOSO, AV 800 SAO PAULO SP",-23.5717906,-46.6989295
"5095","D031301874",5687,"DANFER, AV",70653,"BALSA NOVA, RUA",0,"","21/03/2013 15:23",2,"CO",24,935," "," ",1,1,0,0,0,0,0,0,0,0,0,0,0,0,0,0,0,5687,"DANFER, AV",70653,"BALSA NOVA, RUA",18,"CANGAIBA",2,0,"DANFER, AV SAO PAULO SP &  BALSA NOVA, RUA SAO PAULO SP",-23.5041149,-46.5040845
"5096","D031300821",16838,"RAIMUNDO PEREIRA DE MAGAL., AV",NA,"",15000,"","21/03/2013 15:50",2,"CH",46,1386," "," ",0,0,0,1,0,0,0,0,0,0,0,0,0,0,0,0,0,16838,"RAIMUNDO PEREIRA DE MAGAL., AV",NA,"",31,"GUAIANASES",1,0,"RAIMUNDO PEREIRA DE MAGAL., AV 15000 SAO PAULO SP",-23.4090097,-46.7348037
"5097","D031301640",5606,"CUPECE, AV",NA,"",4140,"","21/03/2013 15:56",2,"CO",43,1132," "," ",1,0,0,1,0,0,0,0,0,0,0,0,0,0,0,0,0,5606,"CUPECE, AV",NA,"",22,"CIDADE ADEMAR",1,0,"CUPECE, AV 4140 SAO PAULO SP",-23.6716668,-46.6459789
"5098","D031300150",6296,"EIRAS GARCIA, RUA",NA,"",90,"","21/03/2013 16:04",2,"CO",6,1416," "," ",1,1,0,0,0,0,0,0,0,0,0,0,0,0,0,0,0,6296,"EIRAS GARCIA, RUA",NA,"",14,"CAMBUCI",1,0,"EIRAS GARCIA, RUA 90 SAO PAULO SP",-23.5750368,-46.6192789
"5099","D031300757",7570,"FRANCISCO TRAMONTANO, RUA",486,"ALBERTO DE OLIVEIRA LIMA, AV DR",0,"","21/03/2013 16:10",4,"AT",34,3150," "," ",1,0,0,0,0,0,0,0,0,0,0,0,0,0,0,0,0,486,"ALBERTO DE OLIVEIRA LIMA, AV DR",7570,"FRANCISCO TRAMONTANO, RUA",55,"MORUMBI",1,0,"FRANCISCO TRAMONTANO, RUA SAO PAULO SP &  ALBERTO DE OLIVEIRA LIMA, AV DR SAO PAULO SP",-23.6162218,-46.7020878
"5100","D031300455",5618,"CURSINO, AV DO",NA,"",5790,"","21/03/2013 16:34",2,"CO",83,697," "," ",1,1,0,0,0,0,0,0,0,0,0,0,0,0,0,0,0,5618,"CURSINO, AV DO",NA,"",27,"CURSINO",1,0,"CURSINO, AV DO 5790 SAO PAULO SP",-23.6506938,-46.6142004
"5101","D031300910",11039,"JOSE LOURENCO, RUA PROF",NA,"",935,"","21/03/2013 16:40",2,"QM",87,2268," "," ",0,1,0,0,0,0,0,0,0,0,0,0,0,0,0,0,0,11039,"JOSE LOURENCO, RUA PROF",NA,"",64,"PIRITUBA",1,0,"JOSE LOURENCO, RUA PROF 935 SAO PAULO SP",-23.467397,-46.7137052
"5102","D031301498",18731,"TATUAPE, RUA DO",NA,"",266,"","21/03/2013 17:00",2,"CH",52,885," "," ",1,0,0,0,0,0,0,0,0,0,0,1,0,0,0,0,0,18731,"TATUAPE, RUA DO",NA,"",27,"CURSINO",1,0,"TATUAPE, RUA DO 266 SAO PAULO SP",-23.530348,-46.5626357
"5103","D031300189",9855,"JAIBARAS, RUA",8484,"GUILHERME ELLIS, RUA DR",0,"","21/03/2013 17:20",2,"CO",8,2085," "," ",1,1,0,0,0,0,0,0,0,0,0,0,0,0,0,0,0,8484,"GUILHERME ELLIS, RUA DR",9855,"JAIBARAS, RUA",54,"MOOCA",1,0,"JAIBARAS, RUA SAO PAULO SP &  GUILHERME ELLIS, RUA DR SAO PAULO SP",-23.547431,-46.597403
"5104","D031302294",43171,"ESQUIVEL NAVARRO, RUA",NA,"",905,"","21/03/2013 17:30",2,"SI",69,2883," "," ",0,1,0,0,0,0,0,0,0,0,0,0,0,0,0,0,0,43171,"ESQUIVEL NAVARRO, RUA",NA,"",56,"PARELHEIROS",1,0,"ESQUIVEL NAVARRO, RUA 905 SAO PAULO SP",-23.6087106,-46.5040978
"5106","D031300859",5309,"CORIFEU DE AZEVEDO MARQUES, AV",NA,"",1105,"","21/03/2013 18:00",4,"AT",51,1378," "," ",0,1,0,0,0,0,0,0,0,0,0,0,0,0,0,0,0,5309,"CORIFEU DE AZEVEDO MARQUES, AV",NA,"",12,"BUTANTA",1,0,"CORIFEU DE AZEVEDO MARQUES, AV 1105 SAO PAULO SP",-23.57338,-46.7248481
"5107","D031300649",7491,"FRANCISCO MATARAZZO, AV",NA,"",426,"","21/03/2013 18:20",2,"CO",23,1571," "," ",1,1,0,0,0,0,0,0,0,0,0,0,0,0,0,0,0,7491,"FRANCISCO MATARAZZO, AV",NA,"",6,"BARRA FUNDA",1,0,"FRANCISCO MATARAZZO, AV 426 SAO PAULO SP",-23.5298353,-46.6672817
"5108","D031301316",36766,"CACHOEIRA, ES DA",NA,"",826,"","21/03/2013 18:50",4,"AT",73,2924," "," ",0,0,0,0,0,0,0,0,0,0,0,1,0,0,0,0,0,36766,"CACHOEIRA, ES DA",NA,"",83,"TREMEMBE",1,0,"CACHOEIRA, ES DA 826 SAO PAULO SP",-23.5505199,-46.6333094
"5109","D031300220",17400,"ROSA, RUA STA",NA,"",160,"","21/03/2013 18:50",4,"AT",12,1637," "," ",0,1,0,0,0,0,0,0,0,0,0,0,0,0,0,0,0,17400,"ROSA, RUA STA",NA,"",6,"BARRA FUNDA",2,0,"ROSA, RUA STA 160 SAO PAULO SP",-23.5417372,-46.6268367
"5111","D031301139",18151,"SEZEFREDO FAGUNDES, AV CEL",NA,"",4214,"","21/03/2013 19:00",2,"CO",20,2549," "," ",1,0,0,0,0,0,0,0,1,0,0,0,0,0,0,0,0,18151,"SEZEFREDO FAGUNDES, AV CEL",NA,"",22,"CIDADE ADEMAR",1,0,"SEZEFREDO FAGUNDES, AV CEL 4214 SAO PAULO SP",-23.4468333,-46.5985106
"5112","D031300414",36098,"AFFONSO D'ESCRAGNOLLE TAUNAY, AV",NA,"",500,"","21/03/2013 19:00",4,"AT",35,3768," "," ",0,1,0,0,0,0,0,0,0,0,0,0,0,0,0,0,0,36098,"AFFONSO D'ESCRAGNOLLE TAUNAY, AV",NA,"",24,"CIDADE LIDER",1,0,"AFFONSO D'ESCRAGNOLLE TAUNAY, AV 500 SAO PAULO SP",-23.6294696,-46.6389741
"5113","D031302012",5266,"CONTINENTES, RUA DOS",98965,"CALIM EID, AV",0,"","21/03/2013 19:00",2,"CO",64,2422," "," ",1,1,0,0,0,0,0,0,0,0,0,0,0,0,0,0,0,5266,"CONTINENTES, RUA DOS",98965,"CALIM EID, AV",NA,"",1,0,"CONTINENTES, RUA DOS SAO PAULO SP &  CALIM EID, AV SAO PAULO SP",-23.5339097,-46.4885256
"5114","D031300031",1521,"ANTONIO, RUA STO",9758,"JACAREI, VD",0,"","21/03/2013 19:00",2,"CF",1,2353," "," ",1,1,0,0,0,0,0,0,0,0,0,0,0,0,0,0,0,1521,"ANTONIO, RUA STO",9758,"JACAREI, VD",67,"REPUBLICA",1,0,"ANTONIO, RUA STO SAO PAULO SP &  JACAREI, VD SAO PAULO SP",-23.5507601,-46.6426817
"5115","D031302121",16443,"POA, ES DE",NA,"",1620,"","21/03/2013 19:00",2,"QM",44,1915," "," ",0,1,0,0,0,0,0,0,0,0,0,0,0,0,0,0,0,16443,"POA, ES DE",NA,"",50,"LIMAO",2,0,"POA, ES DE 1620 SAO PAULO SP",-23.5505199,-46.6333094
"5116","D031301215",8320,"GUAPIRA, AV",NA,"",1617,"","21/03/2013 19:07",4,"AT",39,1359," "," ",1,0,0,0,0,0,0,0,0,0,0,0,0,0,0,0,0,8320,"GUAPIRA, AV",NA,"",38,"JACANA",1,0,"GUAPIRA, AV 1617 SAO PAULO SP",-23.4741274,-46.5899891
"5117","D031301138",18151,"SEZEFREDO FAGUNDES, AV CEL",NA,"",350,"","21/03/2013 19:20",4,"AT",20,2544," "," ",0,0,0,0,0,0,0,0,0,0,0,1,0,0,0,0,0,18151,"SEZEFREDO FAGUNDES, AV CEL",NA,"",22,"CIDADE ADEMAR",1,0,"SEZEFREDO FAGUNDES, AV CEL 350 SAO PAULO SP",-23.3737798,-46.577306
"5119","D031300040",19147,"TRES RIOS, RUA",5340,"CORREIA DE MELO, RUA",0,"","21/03/2013 20:09",4,"AT",2,429," "," ",1,0,0,0,0,0,0,0,0,0,0,0,0,0,0,0,0,5340,"CORREIA DE MELO, RUA",19147,"TRES RIOS, RUA",9,"BOM RETIRO",1,0,"TRES RIOS, RUA SAO PAULO SP &  CORREIA DE MELO, RUA SAO PAULO SP",-23.5294099,-46.6364271
"5121","D031302087",3852,"CIPRIANO RODRIGUES, AV",NA,"",440,"","21/03/2013 20:50",2,"CL",41,1559," "," ",1,0,0,0,1,0,0,0,0,0,0,0,0,0,0,0,0,3852,"CIPRIANO RODRIGUES, AV",NA,"",4,"ARICANDUVA",1,0,"CIPRIANO RODRIGUES, AV 440 SAO PAULO SP",-23.5750801,-46.5295328
"5122","D031302160",63743,"JOAO CARLOS FERREIRA, RUA",NA,"",120,"","21/03/2013 21:10",2,"CO",49,3861," "," ",0,2,0,0,0,0,0,0,0,0,0,0,0,0,0,0,0,63743,"JOAO CARLOS FERREIRA, RUA",NA,"",55,"MORUMBI",1,0,"JOAO CARLOS FERREIRA, RUA 120 SAO PAULO SP",-23.5968233,-46.4516095
"5123","D031301106",14244,"MOREIRA DE VASCONCELOS, RUA",NA,"",372,"","21/03/2013 21:30",2,"CO",19,2552," "," ",1,1,0,0,0,0,0,0,0,0,0,0,0,0,0,0,0,14244,"MOREIRA DE VASCONCELOS, RUA",NA,"",36,"ITAQUERA",1,0,"MOREIRA DE VASCONCELOS, RUA 372 SAO PAULO SP",-23.5040034,-46.5838235
"5124","D031300295",17991,"SENA MADUREIRA, RUA",3535,"BOTUCATU, RUA",0,"","21/03/2013 21:30",2,"CL",16,3781," "," ",1,1,0,0,0,0,0,0,0,0,0,0,0,0,0,0,0,3535,"BOTUCATU, RUA",17991,"SENA MADUREIRA, RUA",92,"VILA MARIANA",1,0,"SENA MADUREIRA, RUA SAO PAULO SP &  BOTUCATU, RUA SAO PAULO SP",-23.5934879,-46.6405606
"5126","D031302128",16919,"REBOUCAS, AV",10387,"JOAO MOURA, RUA",0,"","21/03/2013 22:00",2,"CO",14,2686,"B"," ",0,0,0,0,1,0,0,1,0,0,0,0,0,0,0,0,0,10387,"JOAO MOURA, RUA",16919,"REBOUCAS, AV",44,"JARDIM PAULISTA",1,0,"REBOUCAS, AV SAO PAULO SP &  JOAO MOURA, RUA SAO PAULO SP",-23.5666153,-46.6829404
"5127","D031301429",43408,"ABEL FERREIRA, AV VER",14196,"MONTEMAGNO, AV",0,"","21/03/2013 22:15",2,"CT",29,1775," "," ",3,0,0,0,0,0,0,0,0,0,0,0,0,0,0,0,0,14196,"MONTEMAGNO, AV",43408,"ABEL FERREIRA, AV VER",1,"AGUA RASA",1,0,"ABEL FERREIRA, AV VER SAO PAULO SP &  MONTEMAGNO, AV SAO PAULO SP",-23.5650195,-46.5589073
"5128","D031301854",2483,"ATLANTICA ANT. ROBERT KENNEDY, AV",NA,"",3797,"","21/03/2013 22:39",4,"AT",102,3161," "," ",1,0,0,0,0,0,0,0,0,0,0,0,0,0,0,0,0,2483,"ATLANTICA ANT. ROBERT KENNEDY, AV",NA,"",23,"CIDADE DUTRA",1,0,"ATLANTICA ANT. ROBERT KENNEDY, AV 3797 SAO PAULO SP",-23.5505199,-46.6333094
"5130","D031301317",17282,"NAO USAR- TERESA CARRENO, RUA",NA,"",52,"","21/03/2013 23:15",2,"CH",73,2929," "," ",1,1,0,0,0,0,0,0,0,0,0,0,0,0,0,0,0,17282,"NAO USAR- TERESA CARRENO, RUA",NA,"",83,"TREMEMBE",2,0,"NAO USAR- TERESA CARRENO, RUA 52 SAO PAULO SP",-23.4456454,-46.579505
"5131","D031302340",8320,"GUAPIRA, AV",17931,"SEBASTIAO DE FREITAS, RUA",0,"","21/03/2013 23:30",4,"AT",73,2926,"B"," ",1,0,0,0,0,0,0,0,0,0,0,0,0,0,0,0,0,8320,"GUAPIRA, AV",17931,"SEBASTIAO DE FREITAS, RUA",84,"TUCURUVI",0,1,"GUAPIRA, AV SAO PAULO SP &  SEBASTIAO DE FREITAS, RUA SAO PAULO SP",-23.4688173,-46.5845853
"5132","D031301112",19325,"AGOSTINHO SOARES, RUA",NA,"",11,"","21/03/2013 23:35",2,"CO",20,1078," "," ",1,1,0,0,0,0,0,0,0,0,0,0,0,0,0,0,0,19325,"AGOSTINHO SOARES, RUA",NA,"",22,"CIDADE ADEMAR",1,0,"AGOSTINHO SOARES, RUA 11 SAO PAULO SP",-23.4559989,-46.6141602
"5133","D031301428",14202,"MONTESINA, RUA",27094,"SALIM FARAH MALUF, AV",0,"","22/03/2013 01:35",2,"CH",29,1774," "," ",1,0,0,0,0,0,0,0,0,0,0,0,0,0,0,0,0,14202,"MONTESINA, RUA",27094,"SALIM FARAH MALUF, AV",1,"AGUA RASA",1,0,"MONTESINA, RUA SAO PAULO SP &  SALIM FARAH MALUF, AV SAO PAULO SP",-23.5741827,-46.5693288
"5136","D031300618",7691,"GABRIEL MONTEIRO DA SILVA, AL",16919,"REBOUCAS, AV",0,"","22/03/2013 05:50",2,"CO",15,2321," "," ",1,1,0,0,0,0,0,0,0,0,0,0,0,0,0,0,0,7691,"GABRIEL MONTEIRO DA SILVA, AL",16919,"REBOUCAS, AV",44,"JARDIM PAULISTA",1,0,"GABRIEL MONTEIRO DA SILVA, AL SAO PAULO SP &  REBOUCAS, AV SAO PAULO SP",-23.574341,-46.6853256
"5138","D031301159",3771,"INAJAR DE SOUZA, AV",NA,"",2357,"","22/03/2013 06:40",4,"AT",28,1536," "," ",1,0,0,0,0,0,0,0,0,0,0,0,0,0,0,0,0,3771,"INAJAR DE SOUZA, AV",NA,"",50,"LIMAO",1,0,"INAJAR DE SOUZA, AV 2357 SAO PAULO SP",-23.4858157,-46.6815961