"","id_acidente","codloga","logradouroA","codlogb","logradouroB","alt_num","referencia","data","cod_acid","tipo_acidente","dp","numero_BO","sentido","pista","automovel","moto","onibus","caminhao","bicicleta","moto_taxi","onibus_fretado","onibus_urbano","microonibus","van","vuc","caminhonete","carreta","jipe","outros","sem_informacao","carroca","princ_a","paiA","princ_b","paiB","cod_distrito","distrito","vit_ferida","vit_morta","local","lat","lon"
"5139","D031300823",1429,"ANHANGUERA, VIA",NA,"",20900,"","22/03/2013 06:45",2,"CT",46,1395," "," ",1,1,0,0,0,0,0,0,0,0,0,0,0,0,0,0,0,1429,"ANHANGUERA, VIA",NA,"",73,"SAO DOMINGOS",1,0,"ANHANGUERA, VIA 20900 SAO PAULO SP",-23.4900941,-46.7665396
"5140","D031301318",45819,"ARI DA ROCHA MIRANDA, RUA",NA,"",96,"","22/03/2013 07:00",2,"CO",73,2939,"C"," ",1,0,0,0,1,0,0,0,0,0,0,0,0,0,0,0,0,45819,"ARI DA ROCHA MIRANDA, RUA",NA,"",38,"JACANA",1,0,"ARI DA ROCHA MIRANDA, RUA 96 SAO PAULO SP",-23.4556125,-46.5847314
"5141","D031301944",17820,"TITO, AV MAL",NA,"",6500,"","22/03/2013 07:30",2,"CL",50,3500," "," ",1,1,0,0,0,0,0,0,0,0,0,0,0,0,0,0,0,17820,"TITO, AV MAL",NA,"",53,"MOEMA",1,0,"TITO, AV MAL 6500 SAO PAULO SP",-23.4905176,-46.3861667
"5142","D031301763",5606,"CUPECE, AV",NA,"",5664,"","22/03/2013 07:40",4,"AT",98,3101," "," ",0,1,0,0,0,0,0,0,0,0,0,0,0,0,0,0,0,5606,"CUPECE, AV",NA,"",22,"CIDADE ADEMAR",2,0,"CUPECE, AV 5664 SAO PAULO SP",-23.6820839,-46.6369407
"5143","D031302161",13671,"MATEO BEI, AV",6940,"FELICE BUSCAGLIA, RUA DR",0,"","22/03/2013 07:40",2,"CO",49,3899," "," ",1,1,0,0,0,0,0,0,0,0,0,0,0,0,0,0,0,6940,"FELICE BUSCAGLIA, RUA DR",13671,"MATEO BEI, AV",75,"SAO MATEUS",1,0,"MATEO BEI, AV SAO PAULO SP &  FELICE BUSCAGLIA, RUA DR SAO PAULO SP",-23.5972768,-46.4866619
"5144","D031301622",37964,"BARRAGEM, ES DA",NA,"",326,"","22/03/2013 07:54",2,"CO",25,760," "," ",1,1,0,0,0,0,0,0,0,0,0,0,0,0,0,0,0,37964,"BARRAGEM, ES DA",NA,"",76,"SAO MIGUEL",1,0,"BARRAGEM, ES DA 326 SAO PAULO SP",-23.5505199,-46.6333094
"5145","D031300500",17003,"REPUBLICA DO LIBANO, AV",10014,"JAUAPERI, AL",0,"","22/03/2013 07:59",2,"CF",96,1322," "," ",1,1,0,0,0,0,0,0,0,0,0,0,0,0,0,0,0,10014,"JAUAPERI, AL",17003,"REPUBLICA DO LIBANO, AV",53,"MOEMA",1,0,"REPUBLICA DO LIBANO, AV SAO PAULO SP &  JAUAPERI, AL SAO PAULO SP",-23.5877683,-46.6640953
"5146","D031300737",569,"ALCIDES SANGIRARDI, AV",NA,"",2000,"","22/03/2013 08:00",2,"CO",34,1816," "," ",1,1,0,0,0,0,0,0,0,0,0,0,0,0,0,0,0,13014,"MARGINAL DO RIO PINHEIROS, AV",NA,"",55,"MORUMBI",1,0,"ALCIDES SANGIRARDI, AV 2000 SAO PAULO SP",-23.5941029,-46.6948835
"5147","D031302231",17824,"SAPOPEMBA, AV",NA,"",16000,"","22/03/2013 08:02",2,"CO",55,1231," "," ",1,1,0,0,0,0,0,0,0,0,0,0,0,0,0,0,0,17824,"SAPOPEMBA, AV",NA,"",33,"IPIRANGA",2,0,"SAPOPEMBA, AV 16000 SAO PAULO SP",-23.6127992,-46.4729239
"5148","D031301621",36045,"MARCILAC, ES ENG",NA,"",700,"","22/03/2013 08:09",4,"AT",25,756," "," ",1,0,0,0,0,0,0,0,0,0,0,0,0,0,0,0,0,36045,"MARCILAC, ES ENG",NA,"",76,"SAO MIGUEL",2,0,"MARCILAC, ES ENG 700 SAO PAULO SP",-23.5505199,-46.6333094
"5149","D031300736",8000,"GIOVANNI GRONCHI, AV",71707,"MARCELO MISTRORIGO, RUA",0,"","22/03/2013 08:10",2,"CO",34,1815," "," ",0,2,0,0,0,0,0,0,0,0,0,0,0,0,0,0,0,8000,"GIOVANNI GRONCHI, AV",71707,"MARCELO MISTRORIGO, RUA",55,"MORUMBI",2,0,"GIOVANNI GRONCHI, AV SAO PAULO SP &  MARCELO MISTRORIGO, RUA SAO PAULO SP",-23.6004501,-46.710515
"5150","D031301079",20066,"ZILDA, RUA",3813,"CAETANO ALVARES, AV ENG",0,"","22/03/2013 08:16",2,"QD",13,3472," "," ",0,0,0,0,0,0,0,1,0,0,0,0,0,0,0,0,0,3813,"CAETANO ALVARES, AV ENG",20066,"ZILDA, RUA",21,"CASA VERDE",1,0,"ZILDA, RUA SAO PAULO SP &  CAETANO ALVARES, AV ENG SAO PAULO SP",-23.4940166,-46.6617848
"5151","D031300082",33447,"OKUHARA KOEI, VD",NA,"",215,"","22/03/2013 08:20",2,"CO",4,1382," "," ",1,1,0,0,0,0,0,0,0,0,0,1,0,0,0,0,0,33447,"OKUHARA KOEI, VD",NA,"",34,"ITAIM BIBI",1,0,"OKUHARA KOEI, VD 215 SAO PAULO SP",-23.5565149,-46.6652822
"5152","D031301278",15425,"CANTIDIO SAMPAIO, AV DEP",NA,"",2402,"","22/03/2013 08:21",2,"CT",72,2466,"C"," ",0,2,0,0,0,0,0,0,0,0,0,0,0,0,0,0,0,15425,"CANTIDIO SAMPAIO, AV DEP",NA,"",41,"JARAGUA",1,0,"CANTIDIO SAMPAIO, AV DEP 2402 SAO PAULO SP",-23.4597794,-46.6850119
"5153","D031301459",4144,"CANTAGALO, RUA",NA,"",1970,"","22/03/2013 08:30",2,"CO",30,1630," "," ",0,1,0,0,0,0,0,0,0,0,0,1,0,0,0,0,0,4144,"CANTAGALO, RUA",NA,"",20,"CARRAO",1,0,"CANTAGALO, RUA 1970 SAO PAULO SP",-23.5435178,-46.5549946
"5154","D031301553",6239,"EDUARDO COTCHING, AV DR",NA,"",1628,"","22/03/2013 08:33",2,"CO",58,677," "," ",1,1,0,0,0,0,0,0,0,0,0,0,0,0,0,0,0,6239,"EDUARDO COTCHING, AV DR",NA,"",87,"VILA FORMOSA",1,0,"EDUARDO COTCHING, AV DR 1628 SAO PAULO SP",-23.5647423,-46.5465668
"5155","D031300221",4332,"CARLOS DE CAMPOS, AV",NA,"",583,"","22/03/2013 08:57",4,"AT",12,1649," "," ",0,1,0,0,0,0,0,0,0,0,0,0,0,0,0,0,0,4332,"CARLOS DE CAMPOS, AV",NA,"",57,"PARI",2,0,"CARLOS DE CAMPOS, AV 583 SAO PAULO SP",-23.5272347,-46.6123756
"5156","D031300093",14433,"NATANAEL, RUA MAJ",NA,"",235,"","22/03/2013 08:57",2,"QM",4,2144," "," ",0,1,0,0,0,0,0,0,0,0,0,0,0,0,0,0,0,14433,"NATANAEL, RUA MAJ",NA,"",26,"CONSOLACAO",1,0,"NATANAEL, RUA MAJ 235 SAO PAULO SP",-23.5550539,-46.6672727
"5157","D031301067",719,"ALFREDO PUJOL, RUA",NA,"",976,"","22/03/2013 10:00",4,"AT",13,3078," "," ",0,0,0,0,0,0,0,1,0,0,0,0,0,0,0,0,0,719,"ALFREDO PUJOL, RUA",NA,"",71,"SANTANA",1,0,"ALFREDO PUJOL, RUA 976 SAO PAULO SP",-23.5002521,-46.6354634
"5158","D031302134",21187,"DIONE, RUA",9044,"RAGUEB CHOHFI, AV",0,"","22/03/2013 10:00",2,"CO",49,909," "," ",0,0,0,0,1,0,0,0,0,0,0,1,0,0,0,0,0,9044,"RAGUEB CHOHFI, AV",21187,"DIONE, RUA",75,"SAO MATEUS",1,0,"DIONE, RUA SAO PAULO SP &  RAGUEB CHOHFI, AV SAO PAULO SP",-23.6110387,-46.4728372
"5159","D031302162",9044,"RAGUEB CHOHFI, AV",NA,"",69,"","22/03/2013 10:04",4,"AT",49,3907," "," ",0,1,0,0,0,0,0,0,0,0,0,0,0,0,0,0,0,9044,"RAGUEB CHOHFI, AV",NA,"",32,"IGUATEMI",1,0,"RAGUEB CHOHFI, AV 69 SAO PAULO SP",-23.6111066,-46.4753651
"5160","D031301021",8466,"GUILHERME, AV",NA,"",1731,"","22/03/2013 10:11",4,"AT",9,1745," "," ",0,0,0,0,0,0,0,1,0,0,0,0,0,0,0,0,0,8466,"GUILHERME, AV",NA,"",88,"VILA GUILHERME",1,0,"GUILHERME, AV 1731 SAO PAULO SP",-23.508604,-46.6001058
"5161","D031300312",6642,"ESTADO, AV DO",NA,"",75000,"","22/03/2013 10:52",2,"CO",17,1694,"C"," ",0,1,0,0,0,0,0,0,0,0,0,1,0,0,0,0,0,6642,"ESTADO, AV DO",NA,"",9,"BOM RETIRO",1,0,"ESTADO, AV DO 75000 SAO PAULO SP",-23.5590277,-46.6148965
"5162","D031301460",19206,"TUIUTI, RUA",185,"ADELINO, RUA PDE",0,"","22/03/2013 10:57",4,"AT",30,1635," "," ",0,0,0,0,0,0,0,0,0,0,0,1,0,0,0,0,0,18276,"SILVIO ROMERO, PCA",19206,"TUIUTI, RUA",82,"TATUAPE",1,0,"TUIUTI, RUA SAO PAULO SP &  ADELINO, RUA PDE SAO PAULO SP",-23.5460879,-46.5741417
"5163","D031301641",5606,"CUPECE, AV",NA,"",3671,"","22/03/2013 11:00",2,"CL",43,1147," "," ",0,1,0,0,0,0,0,0,1,0,0,0,0,0,0,0,0,5606,"CUPECE, AV",NA,"",22,"CIDADE ADEMAR",1,0,"CUPECE, AV 3671 SAO PAULO SP",-23.6687846,-46.6500746
"5164","D031300697",14350,"MUTINGA, AV",79595,"FABIO DE ALMEIDA MAGALHAES, RUA",0,"","22/03/2013 11:45",2,"CO",33,2618," "," ",0,1,0,0,0,0,0,0,0,0,0,0,0,0,0,1,0,14350,"MUTINGA, AV",79595,"FABIO DE ALMEIDA MAGALHAES, RUA",73,"SAO DOMINGOS",1,0,"MUTINGA, AV SAO PAULO SP &  FABIO DE ALMEIDA MAGALHAES, RUA SAO PAULO SP",-23.5012655,-46.7553287
"5165","D031300790",14020,"MIRANDAS, ES DOS",NA,"",40,"","22/03/2013 12:30",4,"AT",37,2433," "," ",0,0,0,0,0,0,0,0,0,0,0,1,0,0,0,0,0,14020,"MIRANDAS, ES DOS",NA,"",17,"CAMPO LIMPO",1,0,"MIRANDAS, ES DOS 40 SAO PAULO SP",-23.5505199,-46.6333094
"5166","D031302072",20804,"LUIS MATEUS (GUAIANAZES), RUA",8914,"ROLA CABOCLA, RUA",0,"","22/03/2013 12:30",2,"CO",103,1180," "," ",1,1,0,0,0,0,0,0,0,0,0,0,0,0,0,0,0,8914,"ROLA CABOCLA, RUA",20804,"LUIS MATEUS (GUAIANAZES), RUA",31,"GUAIANASES",1,0,"LUIS MATEUS (GUAIANAZES), RUA SAO PAULO SP &  ROLA CABOCLA, RUA SAO PAULO SP",-23.0602933,-45.6222887
"5167","D031301554",10503,"JOAO XXIII, AV",NA,"",691,"","22/03/2013 13:00",4,"AT",58,680,"B"," ",1,0,0,0,0,0,0,0,0,0,0,0,0,0,0,0,0,10503,"JOAO XXIII, AV",NA,"",4,"ARICANDUVA",1,0,"JOAO XXIII, AV 691 SAO PAULO SP",-23.5727126,-46.5344557
"5168","D031300190",543,"ALCANTARA MACHADO, AV",NA,"",1908,"","22/03/2013 13:13",2,"CO",8,2102," "," ",1,1,0,0,0,0,0,0,0,0,0,0,0,0,0,0,0,543,"ALCANTARA MACHADO, AV",NA,"",10,"BRAS",1,0,"ALCANTARA MACHADO, AV 1908 SAO PAULO SP",-23.550298,-46.6062734
"5169","D031300388",4596,"CATARINA, AV STA",5020,"DORNAS FILHO, RUA",0,"","22/03/2013 13:21",2,"CO",35,831," "," ",1,1,0,0,0,0,0,0,0,0,0,0,0,0,0,0,0,4596,"CATARINA, AV STA",5020,"DORNAS FILHO, RUA",37,"JABAQUARA",1,0,"CATARINA, AV STA SAO PAULO SP &  DORNAS FILHO, RUA SAO PAULO SP",-23.6478165,-46.6624038
"5170","D031300456",37716,"AQUILES JOVANE, RUA",NA,"",77,"","22/03/2013 13:39",2,"CO",83,704," "," ",1,1,0,0,0,0,0,0,0,0,0,0,0,0,0,0,0,37716,"AQUILES JOVANE, RUA",NA,"",21,"CASA VERDE",1,0,"AQUILES JOVANE, RUA 77 SAO PAULO SP",-23.6574157,-46.6110258
"5171","D031300151",15967,"PEDRO I, AV DOM",NA,"",410,"","22/03/2013 14:25",2,"CO",6,1437," "," ",2,0,0,0,0,0,0,0,0,0,0,0,0,0,0,0,0,15967,"PEDRO I, AV DOM",NA,"",12,"BUTANTA",2,0,"PEDRO I, AV DOM 410 SAO PAULO SP",-23.5705448,-46.6112938
"5172","D031301499",6956,"FELIPE, RUA S",NA,"",527,"","22/03/2013 14:27",2,"CO",52,896," "," ",2,0,0,0,0,0,0,0,0,0,0,0,0,0,0,0,0,6956,"FELIPE, RUA S",NA,"",82,"TATUAPE",1,0,"FELIPE, RUA S 527 SAO PAULO SP",-23.5301087,-46.5700961
"5173","D031302342",66114,"GONCALO DO ABAETE, RUA S",NA,"",546,"","22/03/2013 14:30",2,"QM",72,2473," "," ",0,0,0,1,1,0,0,0,0,0,0,0,0,0,0,0,0,66114,"GONCALO DO ABAETE, RUA S",NA,"",11,"BRASILANDIA",0,1,"GONCALO DO ABAETE, RUA S 546 SAO PAULO SP",-23.4614901,-46.6792133
"5174","D031301785",13035,"MIGUEL YUNES, RUA",NA,"",1100,"","22/03/2013 14:40",2,"CT",99,1299," "," ",1,1,0,0,0,0,0,0,0,0,0,0,0,0,0,0,0,13035,"MIGUEL YUNES, RUA",NA,"",16,"CAMPO GRANDE",1,0,"MIGUEL YUNES, RUA 1100 SAO PAULO SP",-23.6945387,-46.6805884
"5175","D031301068",8898,"IAPO, RUA",2479,"ATILIO PIFFER, RUA",0,"","22/03/2013 14:40",2,"CO",13,3088," "," ",0,1,0,0,0,0,0,0,0,0,0,1,0,0,0,0,0,2479,"ATILIO PIFFER, RUA",8898,"IAPO, RUA",21,"CASA VERDE",1,0,"IAPO, RUA SAO PAULO SP &  ATILIO PIFFER, RUA SAO PAULO SP",-23.5145822,-46.6567114
"5176","D031302129",4216,"CARAIBAS, RUA",18752,"TAVARES BASTOS, RUA",0,"","22/03/2013 14:56",4,"AT",23,1594," "," ",0,0,0,0,1,0,0,0,0,0,0,0,0,0,0,0,0,4216,"CARAIBAS, RUA",18752,"TAVARES BASTOS, RUA",61,"PERDIZES",2,0,"CARAIBAS, RUA SAO PAULO SP &  TAVARES BASTOS, RUA SAO PAULO SP",-23.5303666,-46.6808972
"5177","D031300494",6897,"FARIA LIMA, AV BRIG",NA,"",4150,"","22/03/2013 15:00",2,"CT",96,999," "," ",0,2,0,0,0,0,0,0,0,0,0,0,0,0,0,0,0,6897,"FARIA LIMA, AV BRIG",NA,"",63,"PINHEIROS",1,0,"FARIA LIMA, AV BRIG 4150 SAO PAULO SP",-23.5927691,-46.6808628
"5178","D031301180",9170,"INES, AV STA",NA,"",926,"","22/03/2013 15:30",2,"CO",38,1516," "," ",1,1,0,0,0,0,0,0,0,0,0,0,0,0,0,0,0,9170,"INES, AV STA",NA,"",51,"MANDAQUI",1,0,"INES, AV STA 926 SAO PAULO SP",-23.4716175,-46.6298585
"5179","D031300586",6897,"FARIA LIMA, AV BRIG",NA,"",2217,"","22/03/2013 15:40",4,"AT",14,2717," "," ",0,1,0,0,0,0,0,0,0,0,0,0,0,0,0,0,0,6897,"FARIA LIMA, AV BRIG",NA,"",63,"PINHEIROS",1,0,"FARIA LIMA, AV BRIG 2217 SAO PAULO SP",-23.5764045,-46.687252
"5180","D031302127",19884,"VOLUNTARIOS DA PATRIA, RUA",NA,"",1413,"","22/03/2013 15:45",2,"CO",13,3093," "," ",0,0,0,0,1,0,0,1,0,0,0,0,0,0,0,0,0,19884,"VOLUNTARIOS DA PATRIA, RUA",NA,"",NA,"",1,0,"VOLUNTARIOS DA PATRIA, RUA 1413 SAO PAULO SP",-23.508027,-46.6262253
"5182","D031302133",74318,"PEDRO ANTONIO PIMENTEL, RUA PROF",NA,"",218,"","22/03/2013 16:20",2,"CT",49,878," "," ",0,2,0,0,0,0,0,0,0,0,0,0,0,0,0,0,0,74318,"PEDRO ANTONIO PIMENTEL, RUA PROF",NA,"",55,"MORUMBI",2,0,"PEDRO ANTONIO PIMENTEL, RUA PROF 218 SAO PAULO SP",-23.5978319,-46.4373633
"5183","D031302273",2181,"ARICANDUVA, AV",NA,"",5555,"","22/03/2013 16:30",2,"CL",66,1818," "," ",1,1,0,0,0,0,0,0,0,0,0,0,0,0,0,0,0,2181,"ARICANDUVA, AV",NA,"",60,"PENHA",1,0,"ARICANDUVA, AV 5555 SAO PAULO SP",-23.5610792,-46.5113397
"5184","D031302037",12156,"LUIZ AYRES, RUA DR",NA,"",1800,"","22/03/2013 16:50",2,"CT",65,981,"B"," ",1,1,0,0,0,0,0,0,0,0,0,0,0,0,0,0,0,12156,"LUIZ AYRES, RUA DR",NA,"",5,"ARTUR ALVIM",1,0,"LUIZ AYRES, RUA DR 1800 SAO PAULO SP",-23.5383599,-46.4865254
"5185","D031302274",2181,"ARICANDUVA, AV",NA,"",5555,"","22/03/2013 17:00",4,"AT",66,1821," "," ",1,0,0,0,0,0,0,0,0,0,0,0,0,0,0,0,0,2181,"ARICANDUVA, AV",NA,"",60,"PENHA",1,0,"ARICANDUVA, AV 5555 SAO PAULO SP",-23.5610792,-46.5113397
"5186","D031300402",22588,"NICOLAU WEBER, PCA",NA,"",62,"","22/03/2013 17:15",4,"AT",35,2614," "," ",0,1,0,0,0,0,0,0,0,0,0,0,0,0,0,0,0,22588,"NICOLAU WEBER, PCA",NA,"",42,"JARDIM ANGELA",1,0,"NICOLAU WEBER, PCA 62 SAO PAULO SP",-23.6394045,-46.6480696
"5187","D031301140",18151,"SEZEFREDO FAGUNDES, AV CEL",NA,"",1943,"","22/03/2013 17:20",2,"CO",20,2577," "," ",1,1,0,0,0,0,0,0,0,0,0,0,0,0,0,0,0,18151,"SEZEFREDO FAGUNDES, AV CEL",NA,"",22,"CIDADE ADEMAR",1,0,"SEZEFREDO FAGUNDES, AV CEL 1943 SAO PAULO SP",-23.4621667,-46.6030104
"5189","D031301797",6238,"NACOES UNIDAS, AV DAS",NA,"",19740,"","22/03/2013 17:40",2,"CO",99,3212," "," ",1,1,0,0,0,0,0,0,0,0,0,0,0,0,0,0,0,13014,"MARGINAL DO RIO PINHEIROS, AV",NA,"",90,"VILA LEOPOLDINA",2,0,"NACOES UNIDAS, AV DAS 19740 SAO PAULO SP",-23.6791492,-46.6960638
"5190","D031302264",2181,"ARICANDUVA, AV",NA,"",5670,"","22/03/2013 17:45",2,"CO",66,1444," "," ",1,1,0,0,0,0,0,0,0,0,0,0,0,0,0,0,0,2181,"ARICANDUVA, AV",NA,"",60,"PENHA",1,0,"ARICANDUVA, AV 5670 SAO PAULO SP",-23.5703744,-46.5046074
"5191","D031300419",2394,"ASCENDINO REIS, AV PROF",NA,"",560,"","22/03/2013 18:00",4,"AT",36,833," "," ",0,1,0,0,0,0,0,0,0,0,0,0,0,0,0,0,0,2394,"ASCENDINO REIS, AV PROF",NA,"",53,"MOEMA",1,0,"ASCENDINO REIS, AV PROF 560 SAO PAULO SP",-23.5953229,-46.6508922
"5192","D031302257",2181,"ARICANDUVA, AV",NA,"",6470,"","22/03/2013 18:30",4,"AT",66,1360," "," ",1,0,0,0,0,0,0,0,0,0,0,0,0,0,0,0,0,2181,"ARICANDUVA, AV",NA,"",60,"PENHA",1,0,"ARICANDUVA, AV 6470 SAO PAULO SP",-23.5609939,-46.5114408
"5193","D031300191",543,"ALCANTARA MACHADO, AV",NA,"",618,"","22/03/2013 18:30",2,"QM",8,2109," "," ",0,1,0,0,0,0,0,0,0,0,0,0,0,0,0,0,0,543,"ALCANTARA MACHADO, AV",NA,"",10,"BRAS",1,0,"ALCANTARA MACHADO, AV 618 SAO PAULO SP",-23.5526231,-46.61901
"5194","D031300341",19100,"BANDEIRANTES, AV DOS",NA,"",11,"","22/03/2013 18:30",2,"SI",27,1741," "," ",0,0,0,0,0,0,0,0,1,0,0,0,0,0,0,1,0,19100,"BANDEIRANTES, AV DOS",NA,"",24,"CIDADE LIDER",1,0,"BANDEIRANTES, AV DOS 11 SAO PAULO SP",-23.5984895,-46.6879433
"5196","D031301070",3813,"CAETANO ALVARES, AV ENG",NA,"",3525,"","22/03/2013 19:00",2,"CO",13,3100," "," ",1,1,0,0,0,0,0,0,0,0,0,0,0,0,0,0,0,3813,"CAETANO ALVARES, AV ENG",NA,"",21,"CASA VERDE",1,0,"CAETANO ALVARES, AV ENG 3525 SAO PAULO SP",-23.4886987,-46.6541314
"5198","D031300756",14267,"MORUMBI, AV",NA,"",1200,"","22/03/2013 19:40",2,"CO",34,2420," "," ",1,1,0,0,0,0,0,0,0,0,0,0,0,0,0,0,0,14267,"MORUMBI, AV",NA,"",55,"MORUMBI",1,0,"MORUMBI, AV 1200 SAO PAULO SP",-23.5857398,-46.705954
"5199","D031300587",16919,"REBOUCAS, AV",NA,"",1278,"","22/03/2013 20:10",4,"AT",14,2730," "," ",1,0,0,0,0,0,0,0,0,0,0,0,0,0,0,0,0,16919,"REBOUCAS, AV",NA,"",44,"JARDIM PAULISTA",1,0,"REBOUCAS, AV 1278 SAO PAULO SP",-23.5618473,-46.6745554
"5200","D031301994",9084,"IMPERADOR, ES DO",NA,"",2000,"","22/03/2013 20:30",2,"CL",63,2950," "," ",1,0,0,1,0,0,0,0,0,0,0,0,0,0,0,0,0,9084,"IMPERADOR, ES DO",NA,"",89,"VILA JACUI",1,0,"IMPERADOR, ES DO 2000 SAO PAULO SP",-23.5505199,-46.6333094
"5201","D031301745",61545,"HOLDA BOTTO MALANCONI, RUA",60485,"JULES BORDET, RUA",0,"","22/03/2013 21:15",4,"AT",92,3636," "," ",0,1,0,0,0,0,0,0,0,0,0,0,0,0,0,0,0,60485,"JULES BORDET, RUA",61545,"HOLDA BOTTO MALANCONI, RUA",45,"JARDIM SAO LUIS",1,0,"HOLDA BOTTO MALANCONI, RUA SAO PAULO SP &  JULES BORDET, RUA SAO PAULO SP",-23.6575073,-46.7529508
"5202","D031300375",8944,"IBIRAPUERA, AV",NA,"",1897,"","22/03/2013 21:52",2,"SI",27,2971," "," ",0,1,0,0,0,0,0,0,0,0,0,0,0,0,0,0,0,8944,"IBIRAPUERA, AV",NA,"",53,"MOEMA",2,0,"IBIRAPUERA, AV 1897 SAO PAULO SP",-23.601687,-46.6603013
"5203","D031300374",17181,"VICENTE LEPORACE, RUA",7791,"GABRIELE D'ANNUNZIO, RUA",0,"","22/03/2013 21:52",2,"CO",27,2935," "," ",0,0,0,0,0,0,0,0,0,0,0,2,0,0,0,0,0,7791,"GABRIELE D'ANNUNZIO, RUA",17181,"VICENTE LEPORACE, RUA",15,"CAMPO BELO",1,0,"VICENTE LEPORACE, RUA SAO PAULO SP &  GABRIELE D'ANNUNZIO, RUA SAO PAULO SP",-23.6272452,-46.6723647
"5204","D031301518",45042,"VILA PRUDENTE, RUA",NA,"",185,"","22/03/2013 22:02",4,"AT",56,1479," "," ",1,0,0,0,0,0,0,0,0,0,0,0,0,0,0,0,0,45042,"VILA PRUDENTE, RUA",NA,"",95,"VILA PRUDENTE",1,0,"VILA PRUDENTE, RUA 185 SAO PAULO SP",-23.5472554,-46.6174075
"5205","D031301956",30718,"JOSE MARTINS LISBOA, AV",NA,"",1014,"","22/03/2013 22:04",2,"CO",59,3539," "," ",2,1,0,0,0,0,0,0,0,0,0,0,0,0,0,0,0,30718,"JOSE MARTINS LISBOA, AV",NA,"",NA,"",1,0,"JOSE MARTINS LISBOA, AV 1014 SAO PAULO SP",-23.4813699,-46.4139714
"5206","D031301080",15188,"OTAVIANO ALVES DE LIMA, AV",2479,"ATILIO PIFFER, RUA",0,"","22/03/2013 22:30",2,"CT",13,300045," "," ",1,1,0,0,0,0,0,0,0,0,0,0,0,0,0,0,0,2479,"ATILIO PIFFER, RUA",15188,"OTAVIANO ALVES DE LIMA, AV",21,"CASA VERDE",1,0,"OTAVIANO ALVES DE LIMA, AV SAO PAULO SP &  ATILIO PIFFER, RUA SAO PAULO SP",-23.5076655,-46.7073803
"5207","D031301977",3106,"BELO HORIZONTE, RUA",NA,"",41,"","22/03/2013 22:30",4,"AT",63,1320," "," ",0,1,0,0,0,0,0,0,0,0,0,0,0,0,0,0,0,3106,"BELO HORIZONTE, RUA",NA,"",8,"BELEM",1,0,"BELO HORIZONTE, RUA 41 SAO PAULO SP",-23.4840665,-46.4600278
"5208","D031302024",4490,"CAROLINA FONSECA, RUA",13870,"PALMERINO CALABRESE, RUA",0,"","22/03/2013 23:00",2,"CO",64,2952," "," ",1,1,0,0,0,0,0,0,0,0,0,0,0,0,0,0,0,4490,"CAROLINA FONSECA, RUA",13870,"PALMERINO CALABRESE, RUA",36,"ITAQUERA",1,0,"CAROLINA FONSECA, RUA SAO PAULO SP &  PALMERINO CALABRESE, RUA SAO PAULO SP",-23.5291454,-46.4557375
"5209","D031301141",18151,"SEZEFREDO FAGUNDES, AV CEL",NA,"",3600,"","22/03/2013 23:13",2,"CO",20,2601," "," ",1,1,0,0,0,0,0,0,0,0,0,0,0,0,0,0,0,18151,"SEZEFREDO FAGUNDES, AV CEL",NA,"",22,"CIDADE ADEMAR",1,0,"SEZEFREDO FAGUNDES, AV CEL 3600 SAO PAULO SP",-23.4485119,-46.5990959
"5210","D031302042",9580,"ITAQUERA, AV",22268,"OSVALDO VALLE CORDEIRO, AV",0,"","22/03/2013 23:30",4,"AT",65,1824," "," ",0,0,0,0,0,0,0,0,0,0,0,1,0,0,0,0,0,9580,"ITAQUERA, AV",22268,"OSVALDO VALLE CORDEIRO, AV",NA,"",1,0,"ITAQUERA, AV SAO PAULO SP &  OSVALDO VALLE CORDEIRO, AV SAO PAULO SP",-23.5540176,-46.4897549
"5211","D031302054",11542,"NORDESTINA, AV",NA,"",4922,"","23/03/2013 00:05",2,"CO",67,3537," "," ",1,1,0,0,0,0,0,0,0,0,0,0,0,0,0,0,0,11542,"NORDESTINA, AV",NA,"",76,"SAO MIGUEL",1,0,"NORDESTINA, AV 4922 SAO PAULO SP",-23.5211729,-46.4189781
"5212","D031302392",99466,"CHEDID JAFET, AV",NA,"",100,"","23/03/2013 00:26",4,"AT",16,3844,"B"," ",1,0,0,0,0,0,0,0,0,0,0,0,0,0,0,0,0,99466,"CHEDID JAFET, AV",NA,"",NA,"",0,1,"CHEDID JAFET, AV 100 SAO PAULO SP",-23.5916023,-46.6891058
"5213","D031301972",13881,"MIGUEL, AV S",NA,"",5100,"","23/03/2013 00:36",2,"CT",62,2951," "," ",1,1,0,0,0,0,0,0,0,0,0,0,0,0,0,0,0,13881,"MIGUEL, AV S",NA,"",65,"PONTE RASA",2,0,"MIGUEL, AV S 5100 SAO PAULO SP",-23.5075515,-46.4842414
"5214","D031300138",15967,"PEDRO I, AV DOM",9151,"INDEPENDENCIA (V PRUDENTE), RUA",0,"","23/03/2013 00:50",4,"AT",6,509," "," ",0,0,0,0,0,0,0,0,0,0,0,0,0,0,0,1,0,9151,"INDEPENDENCIA (V PRUDENTE), RUA",15967,"PEDRO I, AV DOM",NA,"",1,0,"PEDRO I, AV DOM SAO PAULO SP &  INDEPENDENCIA (V PRUDENTE), RUA SAO PAULO SP",-23.5771805,-46.6103202