"","id_acidente","codloga","logradouroA","codlogb","logradouroB","alt_num","referencia","data","cod_acid","tipo_acidente","dp","numero_BO","sentido","pista","automovel","moto","onibus","caminhao","bicicleta","moto_taxi","onibus_fretado","onibus_urbano","microonibus","van","vuc","caminhonete","carreta","jipe","outros","sem_informacao","carroca","princ_a","paiA","princ_b","paiB","cod_distrito","distrito","vit_ferida","vit_morta","local","lat","lon"
"5215","D031301340",46566,"NELSON PALMA TRAVASSOS, AV",NA,"",100,"","23/03/2013 01:10",2,"CO",74,2485," "," ",1,0,1,0,0,0,0,0,0,0,0,0,0,0,0,0,0,46566,"NELSON PALMA TRAVASSOS, AV",NA,"",41,"JARAGUA",3,0,"NELSON PALMA TRAVASSOS, AV 100 SAO PAULO SP",-23.4389804,-46.7238893
"5216","D031300796",9529,"ITAPECERICA, ES DE",NA,"",2000,"","23/03/2013 01:10",2,"CO",37,2517," "," ",2,0,0,0,0,0,0,0,0,0,0,0,0,0,0,0,0,9529,"ITAPECERICA, ES DE",NA,"",29,"FREGUESIA DO O",2,0,"ITAPECERICA, ES DE 2000 SAO PAULO SP",-23.5505199,-46.6333094
"5218","D031302391",6896,"FANFULA, RUA",NA,"",310,"","23/03/2013 02:30",4,"AT",16,3846," "," ",0,1,0,0,0,0,0,0,0,0,0,0,0,0,0,0,0,6896,"FANFULA, RUA",NA,"",NA,"",0,1,"FANFULA, RUA 310 SAO PAULO SP",-23.6783636,-46.6635627
"5219","D031301255",15425,"CANTIDIO SAMPAIO, AV DEP",NA,"",517,"","23/03/2013 03:00",2,"CH",72,1104," "," ",1,0,0,0,0,0,0,0,0,0,0,0,0,0,0,0,0,15425,"CANTIDIO SAMPAIO, AV DEP",NA,"",41,"JARAGUA",2,0,"CANTIDIO SAMPAIO, AV DEP 517 SAO PAULO SP",-23.441848,-46.7071657
"5220","D031301279",71000,"FIRMINOPOLIS, RUA",NA,"",140,"","23/03/2013 03:45",2,"QM",72,2486," "," ",0,1,0,0,0,0,0,0,0,0,0,0,0,0,0,0,0,71000,"FIRMINOPOLIS, RUA",NA,"",8,"BELEM",1,0,"FIRMINOPOLIS, RUA 140 SAO PAULO SP",-23.4499727,-46.6850775
"5221","D031301572",10270,"JOAO DIAS, AV",NA,"",2346,"","23/03/2013 04:48",2,"CT",11,410," "," ",2,0,0,0,0,0,0,0,0,0,0,0,0,0,0,0,0,10270,"JOAO DIAS, AV",NA,"",72,"SANTO AMARO",1,0,"JOAO DIAS, AV 2346 SAO PAULO SP",-23.6447163,-46.7231474
"5222","D031301093",4775,"CEREJEIRAS, AV DAS",NA,"",318,"","23/03/2013 05:00",2,"CF",19,1110," "," ",1,0,0,0,0,0,0,0,1,0,0,0,0,0,0,0,0,4775,"CEREJEIRAS, AV DAS",NA,"",94,"VILA MEDEIROS",2,0,"CEREJEIRAS, AV DAS 318 SAO PAULO SP",-23.5126078,-46.5803247
"5223","D031301573",4053,"MARIO LOPES LEAO, AV",NA,"",650,"","23/03/2013 05:00",2,"CH",11,411," "," ",1,1,0,0,0,0,0,0,0,0,0,0,0,0,0,0,0,4053,"MARIO LOPES LEAO, AV",NA,"",72,"SANTO AMARO",2,0,"MARIO LOPES LEAO, AV 650 SAO PAULO SP",-23.6516459,-46.7118282
"5224","D031301601",19931,"WASHINGTON LUIS, AV",NA,"",800,"","23/03/2013 05:30",2,"CO",11,3224," "," ",1,1,0,0,0,0,0,0,0,0,0,0,0,0,0,0,0,19931,"WASHINGTON LUIS, AV",NA,"",30,"GRAJAU",1,0,"WASHINGTON LUIS, AV 800 SAO PAULO SP",-23.6581155,-46.697284
"5227","D031302397",18464,"JORGE DUPRAT FIGUEIREDO, RUA",NA,"",385,"","23/03/2013 06:37",2,"CH",26,2448," "," ",0,1,0,0,0,0,0,0,0,0,0,0,0,0,0,0,0,18464,"JORGE DUPRAT FIGUEIREDO, RUA",NA,"",0,"NULL",0,1,"JORGE DUPRAT FIGUEIREDO, RUA 385 SAO PAULO SP",-23.6432405,-46.6595407
"5229","D031301839",2483,"ATLANTICA ANT. ROBERT KENNEDY, AV",NA,"",3500,"","23/03/2013 06:46",2,"CO",102,415," "," ",1,1,0,0,0,0,0,0,0,0,0,0,0,0,0,0,0,2483,"ATLANTICA ANT. ROBERT KENNEDY, AV",NA,"",23,"CIDADE DUTRA",1,0,"ATLANTICA ANT. ROBERT KENNEDY, AV 3500 SAO PAULO SP",-23.5505199,-46.6333094
"5230","D031302176",6927,"HARRY DANHENBERG, RUA",NA,"",700,"","23/03/2013 07:04",2,"QM",53,888," "," ",0,1,0,0,0,0,0,0,0,0,0,0,0,0,0,0,0,6927,"HARRY DANHENBERG, RUA",NA,"",24,"CIDADE LIDER",1,0,"HARRY DANHENBERG, RUA 700 SAO PAULO SP",-23.7776267,-46.6838948
"5231","D031301735",8368,"GUARAPIRANGA, AV",35858,"GUIDO CALOI, AV",0,"","23/03/2013 07:15",2,"QM",92,1896," "," ",0,1,0,0,0,0,0,0,0,0,0,0,0,0,0,0,0,8368,"GUARAPIRANGA, AV",35858,"GUIDO CALOI, AV",45,"JARDIM SAO LUIS",2,0,"GUARAPIRANGA, AV SAO PAULO SP &  GUIDO CALOI, AV SAO PAULO SP",-23.6663547,-46.7199235
"5232","D031302177",15924,"PEDRO FELICIANO, RUA",19070,"TOME ALVARES DE CASTRO, RUA",0,"","23/03/2013 07:30",4,"AT",53,902," "," ",1,0,0,0,0,0,0,0,0,0,0,0,0,0,0,0,0,15924,"PEDRO FELICIANO, RUA",19070,"TOME ALVARES DE CASTRO, RUA",58,"PARQUE DO CARMO",1,0,"PEDRO FELICIANO, RUA SAO PAULO SP &  TOME ALVARES DE CASTRO, RUA SAO PAULO SP",-23.5583196,-46.4477853
"5233","D031301666",6334,"ELLIS MAAS, AV",10508,"JOAO ZELTNER, RUA",0,"","23/03/2013 07:30",2,"SI",47,3653," "," ",1,1,0,0,0,0,0,0,0,0,0,0,0,0,0,0,0,6334,"ELLIS MAAS, AV",10508,"JOAO ZELTNER, RUA",19,"CAPAO REDONDO",1,0,"ELLIS MAAS, AV SAO PAULO SP &  JOAO ZELTNER, RUA SAO PAULO SP",-23.6606408,-46.7679491
"5234","D031302014",21253,"AGUIA DE HAIA, AV",NA,"",367,"","23/03/2013 07:39",2,"CO",64,2469," "," ",1,1,0,0,0,0,0,0,0,0,0,0,0,0,0,0,0,21253,"AGUIA DE HAIA, AV",NA,"",0,"NULL",1,0,"AGUIA DE HAIA, AV 367 SAO PAULO SP",-23.5387885,-46.4810526
"5235","D031301602",16075,"PEREIRA BARRETO, RUA",NA,"",36,"","23/03/2013 08:20",2,"CH",11,3225," "," ",1,1,0,0,0,0,0,0,0,0,0,0,0,0,0,0,0,16075,"PEREIRA BARRETO, RUA",NA,"",29,"FREGUESIA DO O",1,0,"PEREIRA BARRETO, RUA 36 SAO PAULO SP",-23.6550085,-46.7032693
"5236","D031301293",7061,"FERNAO DIAS, VIA",NA,"",84800,"","23/03/2013 08:20",2,"CL",73,1108," "," ",1,0,0,1,0,0,0,0,0,0,0,0,0,0,0,0,0,7061,"FERNAO DIAS, VIA",NA,"",38,"JACANA",2,0,"FERNAO DIAS, VIA 84800 SAO PAULO SP",-23.4609146,-46.5715728
"5237","D031302221",17269,"RODOLFO PIRANI, AV",NA,"",377,"","23/03/2013 09:15",2,"CO",55,896," "," ",1,1,0,0,0,0,0,0,0,0,0,0,0,0,0,0,0,17269,"RODOLFO PIRANI, AV",NA,"",55,"MORUMBI",1,0,"RODOLFO PIRANI, AV 377 SAO PAULO SP",-23.6280157,-46.4620808
"5238","D031301603",998,"SANTO AMARO, AL",NA,"",747,"","23/03/2013 09:30",2,"CO",11,3227," "," ",1,1,0,0,0,0,0,0,0,0,0,0,0,0,0,0,0,998,"SANTO AMARO, AL",NA,"",72,"SANTO AMARO",1,0,"SANTO AMARO, AL 747 SAO PAULO SP",-23.6603702,-46.7048077
"5239","D031301294",8253,"PAULO LINCOLN DO VALLE PONTIN, AV",NA,"",61,"","23/03/2013 09:30",2,"CO",73,1117," "," ",1,1,0,0,0,0,0,0,0,0,0,0,0,0,0,0,0,8253,"PAULO LINCOLN DO VALLE PONTIN, AV",NA,"",38,"JACANA",1,0,"PAULO LINCOLN DO VALLE PONTIN, AV 61 SAO PAULO SP",-23.4648277,-46.5850999
"5240","D031300650",2271,"ARNALDO, AV DR",NA,"",1516,"","23/03/2013 10:00",4,"AT",23,1603," "," ",0,0,0,0,0,0,0,0,0,0,0,1,0,0,0,0,0,2271,"ARNALDO, AV DR",NA,"",26,"CONSOLACAO",2,0,"ARNALDO, AV DR 1516 SAO PAULO SP",-23.5502179,-46.6785199
"5241","D031301992",9084,"IMPERADOR, ES DO",NA,"",2707,"","23/03/2013 10:00",2,"QM",63,2473," "," ",0,1,0,0,0,0,0,0,0,0,0,0,0,0,0,0,0,9084,"IMPERADOR, ES DO",NA,"",89,"VILA JACUI",1,0,"IMPERADOR, ES DO 2707 SAO PAULO SP",-23.5505199,-46.6333094
"5242","D031301713",12403,"M'BOI MIRIM, ES",NA,"",2667,"","23/03/2013 10:00",4,"AT",92,679," "," ",0,1,0,0,0,0,0,0,0,0,0,0,0,0,0,0,0,12403,"M'BOI MIRIM, ES",NA,"",42,"JARDIM ANGELA",1,0,"M'BOI MIRIM, ES 2667 SAO PAULO SP",-23.5505199,-46.6333094
"5243","D031300032",16870,"RANGEL PESTANA, AV",NA,"",300,"","23/03/2013 10:30",4,"AT",1,2390," "," ",1,0,0,0,0,0,0,0,0,0,0,0,0,0,0,0,0,16870,"RANGEL PESTANA, AV",NA,"",1,"AGUA RASA",1,0,"RANGEL PESTANA, AV 300 SAO PAULO SP",-23.5504116,-46.6318752
"5244","D031300791",18132,"BATISTA CRESPO, RUA",NA,"",100,"","23/03/2013 10:30",2,"CO",37,2451," "," ",1,1,0,0,0,0,0,0,0,0,0,0,0,0,0,0,0,18132,"BATISTA CRESPO, RUA",NA,"",29,"FREGUESIA DO O",1,0,"BATISTA CRESPO, RUA 100 SAO PAULO SP",-23.631579,-46.7711151
"5245","D031301801",8439,"GUAVIRUTUBA, RUA",NA,"",1380,"","23/03/2013 11:00",2,"CO",100,680," "," ",2,1,0,0,0,0,0,0,0,0,0,0,0,0,0,0,0,8439,"GUAVIRUTUBA, RUA",NA,"",42,"JARDIM ANGELA",1,0,"GUAVIRUTUBA, RUA 1380 SAO PAULO SP",-23.6811235,-46.7350645
"5246","D031302015",2701,"BACURAU, RUA",NA,"",641,"","23/03/2013 11:00",4,"AT",64,2481," "," ",1,0,0,0,0,0,0,0,0,0,0,0,0,0,0,0,0,2701,"BACURAU, RUA",NA,"",36,"ITAQUERA",1,0,"BACURAU, RUA 641 SAO PAULO SP",-23.5280272,-46.4682237
"5247","D031300073",4659,"CAXIAS, AV DUQ DE",17115,"RIO BRANCO, AV",0,"","23/03/2013 11:30",4,"AT",3,2406," "," ",0,1,0,0,0,0,0,0,0,0,0,0,0,0,0,0,0,4659,"CAXIAS, AV DUQ DE",17115,"RIO BRANCO, AV",67,"REPUBLICA",2,0,"CAXIAS, AV DUQ DE SAO PAULO SP &  RIO BRANCO, AV SAO PAULO SP",-23.5505199,-46.6333094
"5248","D031301642",70611,"LUIS GONZAGA BICUDO, RUA",64621,"JOAO NOEL VON SONNLEITHNER, RUA",0,"","23/03/2013 11:40",2,"CO",43,1164," "," ",1,0,0,0,1,0,0,0,0,0,0,0,0,0,0,0,0,64621,"JOAO NOEL VON SONNLEITHNER, RUA",70611,"LUIS GONZAGA BICUDO, RUA",NA,"",1,0,"LUIS GONZAGA BICUDO, RUA SAO PAULO SP &  JOAO NOEL VON SONNLEITHNER, RUA SAO PAULO SP",-23.6562505,-46.6670582
"5249","D031301952",72982,"CACHOEIRA MANGANAL, RUA",NA,"",42,"","23/03/2013 11:40",2,"CT",59,1198," "," ",0,1,0,0,0,0,0,0,0,0,0,1,0,0,0,0,0,72982,"CACHOEIRA MANGANAL, RUA",NA,"",54,"MOOCA",1,0,"CACHOEIRA MANGANAL, RUA 42 SAO PAULO SP",-23.4905307,-46.3955385
"5250","D031300479",16951,"REGINO ARAGAO, RUA",6298,"ELBA, RUA",0,"","23/03/2013 11:57",2,"CO",95,1441," "," ",1,1,0,0,0,0,0,0,0,0,0,0,0,0,0,0,0,6298,"ELBA, RUA",16951,"REGINO ARAGAO, RUA",69,"SACOMA",2,0,"REGINO ARAGAO, RUA SAO PAULO SP &  ELBA, RUA SAO PAULO SP",-23.6128739,-46.6066781
"5251","D031301764",8269,"GUAICURI, RUA DO",NA,"",99,"","23/03/2013 13:00",4,"AT",98,3160," "," ",0,1,0,0,0,0,0,0,0,0,0,0,0,0,0,0,0,8269,"GUAICURI, RUA DO",NA,"",22,"CIDADE ADEMAR",1,0,"GUAICURI, RUA DO 99 SAO PAULO SP",-23.6934113,-46.6418772
"5253","D031301467",34122,"MELO FREIRE, RUA",18071,"SERRA DE JAPI, RUA",0,"","23/03/2013 14:10",2,"CO",30,2128," "," ",2,0,0,0,0,0,0,0,0,0,0,0,0,0,0,1,0,18071,"SERRA DE JAPI, RUA",34122,"MELO FREIRE, RUA",82,"TATUAPE",1,0,"MELO FREIRE, RUA SAO PAULO SP &  SERRA DE JAPI, RUA SAO PAULO SP",-23.5391715,-46.5695321
"5254","D031302038",36173,"ESTANISLAU DE CAMPOS, AV PDE",34654,"WALDEMAR TIETZ, AV",0,"","23/03/2013 14:16",2,"CO",65,992," "," ",0,1,0,0,0,0,0,0,1,0,0,0,0,0,0,0,0,34654,"WALDEMAR TIETZ, AV",36173,"ESTANISLAU DE CAMPOS, AV PDE",NA,"",1,0,"ESTANISLAU DE CAMPOS, AV PDE SAO PAULO SP &  WALDEMAR TIETZ, AV SAO PAULO SP",-23.5505199,-46.6333094
"5255","D031300120",17237,"ROCHA, RUA",NA,"",175,"","23/03/2013 14:30",4,"AT",5,1598," "," ",0,0,0,0,0,0,0,0,0,0,0,0,0,0,0,1,0,17237,"ROCHA, RUA",NA,"",7,"BELA VISTA",1,0,"ROCHA, RUA 175 SAO PAULO SP",-23.5577352,-46.6497347
"5256","D031302018",16778,"QUIXERAMOBIM, RUA",NA,"",89,"","23/03/2013 14:30",2,"CL",64,2535," "," ",1,1,0,0,0,0,0,0,0,0,0,1,0,0,0,0,0,16778,"QUIXERAMOBIM, RUA",NA,"",49,"LIBERDADE",1,0,"QUIXERAMOBIM, RUA 89 SAO PAULO SP",-23.5301881,-46.486538
"5257","D031300836",35449,"BANDEIRANTES, VIA DOS",NA,"",26,"","23/03/2013 14:44",2,"SI",46,2658," "," ",2,0,0,1,0,0,0,0,0,0,0,0,0,0,0,0,0,35449,"BANDEIRANTES, VIA DOS",NA,"",64,"PIRITUBA",5,0,"BANDEIRANTES, VIA DOS 26 SAO PAULO SP",-23.4117436,-46.7671411
"5258","D031301510",8720,"HENRY FORD, AV",NA,"",900,"","23/03/2013 15:30",2,"QM",56,934," "," ",0,1,0,0,0,0,0,0,0,0,0,0,0,0,0,0,0,8720,"HENRY FORD, AV",NA,"",95,"VILA PRUDENTE",1,0,"HENRY FORD, AV 900 SAO PAULO SP",-23.5739539,-46.5988459
"5259","D031300824",1429,"ANHANGUERA, VIA",NA,"",26500,"","23/03/2013 15:55",2,"CH",46,1431," "," ",0,1,0,0,0,0,0,0,0,0,0,0,0,0,0,0,0,1429,"ANHANGUERA, VIA",NA,"",73,"SAO DOMINGOS",1,0,"ANHANGUERA, VIA 26500 SAO PAULO SP",-23.4900941,-46.7665396
"5260","D031301380",954,"AMADOR BUENO DA VEIGA, AV",NA,"",2250,"","23/03/2013 16:00",2,"CT",10,3307," "," ",1,1,0,0,0,0,0,0,0,0,0,0,0,0,0,0,0,954,"AMADOR BUENO DA VEIGA, AV",NA,"",60,"PENHA",1,0,"AMADOR BUENO DA VEIGA, AV 2250 SAO PAULO SP",-23.5226661,-46.5241032
"5261","D031301967",14917,"OLAVO EGIDIO DE SOUZA ARANHA, AV",NA,"",1330,"","23/03/2013 16:30",4,"AT",62,1201," "," ",1,1,0,0,0,0,0,0,0,0,0,0,0,0,0,0,0,14917,"OLAVO EGIDIO DE SOUZA ARANHA, AV",NA,"",49,"LIBERDADE",1,0,"OLAVO EGIDIO DE SOUZA ARANHA, AV 1330 SAO PAULO SP",-23.4973532,-46.4961161
"5262","D031302222",63078,"MORRO DAS PEDRAS, RUA",NA,"",30,"","23/03/2013 16:50",2,"CH",55,934," "," ",2,1,0,0,0,0,0,0,0,0,0,0,0,0,0,0,0,63078,"MORRO DAS PEDRAS, RUA",NA,"",55,"MORUMBI",1,0,"MORRO DAS PEDRAS, RUA 30 SAO PAULO SP",-23.6335809,-46.4615996
"5263","D031302001",8039,"GODOFREDO, RUA BR DE",NA,"",50,"","23/03/2013 17:30",2,"CO",64,2097," "," ",1,1,0,0,0,0,0,0,0,0,0,0,0,0,0,0,0,8039,"GODOFREDO, RUA BR DE",NA,"",36,"ITAQUERA",1,0,"GODOFREDO, RUA BR DE 50 SAO PAULO SP",-23.519639,-46.4449795
"5264","D031300787",99949,"CARLOS CALDEIRA FILHO, AV",NA,"",55,"","23/03/2013 17:30",2,"CO",37,2363," "," ",1,1,0,0,0,0,0,0,0,0,0,0,0,0,0,0,0,99949,"CARLOS CALDEIRA FILHO, AV",NA,"",19,"CAPAO REDONDO",1,0,"CARLOS CALDEIRA FILHO, AV 55 SAO PAULO SP",-23.639734,-46.7452754
"5265","D031300252",5881,"DINO BUENO, AL",NA,"",552,"","23/03/2013 18:20",4,"AT",77,1626,"C"," ",1,0,0,0,0,0,0,0,0,0,0,0,0,0,0,0,0,5881,"DINO BUENO, AL",NA,"",70,"SANTA CECILIA",1,0,"DINO BUENO, AL 552 SAO PAULO SP",-23.5300347,-46.6445149
"5266","D031300035",6642,"ESTADO, AV DO",NA,"",100,"","23/03/2013 18:35",4,"AT",1,2528," "," ",0,0,0,1,0,0,0,0,0,0,0,0,0,0,0,0,0,6642,"ESTADO, AV DO",NA,"",9,"BOM RETIRO",1,0,"ESTADO, AV DO 100 SAO PAULO SP",-23.5416624,-46.6286643
"5267","D031301454",27094,"SALIM FARAH MALUF, AV",NA,"",2475,"","23/03/2013 18:50",2,"CO",30,1567," "," ",0,1,0,0,1,0,0,0,0,0,0,0,0,0,0,0,0,27094,"SALIM FARAH MALUF, AV",NA,"",82,"TATUAPE",1,0,"SALIM FARAH MALUF, AV 2475 SAO PAULO SP",-23.5320626,-46.5835908
"5268","D031301870",34798,"CARLO BIBIENA, RUA",NA,"",320,"","23/03/2013 19:32",2,"CL",22,2137," "," ",3,0,0,0,0,0,0,0,0,0,0,0,0,0,0,0,0,34798,"CARLO BIBIENA, RUA",NA,"",53,"MOEMA",1,0,"CARLO BIBIENA, RUA 320 SAO PAULO SP",-23.4904542,-46.4199779
"5269","D031301142",13133,"MARIA AMALIA LOPES AZEVEDO, RUA",14767,"NOVA CANTAREIRA, AV",0,"","23/03/2013 20:00",2,"CO",20,2608," "," ",0,0,1,0,1,0,0,0,0,0,0,0,0,0,0,0,0,13133,"MARIA AMALIA LOPES AZEVEDO, RUA",14767,"NOVA CANTAREIRA, AV",NA,"",1,0,"MARIA AMALIA LOPES AZEVEDO, RUA SAO PAULO SP &  NOVA CANTAREIRA, AV SAO PAULO SP",-23.4584963,-46.6105009
"5270","D031301194",277,"AFONSO LOPES VIEIRA, RUA",NA,"",320,"","23/03/2013 20:30",2,"CO",38,2500," "," ",1,1,0,0,0,0,0,0,0,0,0,0,0,0,0,0,0,277,"AFONSO LOPES VIEIRA, RUA",NA,"",13,"CACHOEIRINHA",2,0,"AFONSO LOPES VIEIRA, RUA 320 SAO PAULO SP",-23.4629998,-46.6625109
"5271","D031301830",10036,"JEQUIRITUBA, RUA",NA,"",249,"","23/03/2013 20:40",2,"CO",101,2058," "," ",1,1,0,0,0,0,0,0,0,0,0,0,0,0,0,0,0,10036,"JEQUIRITUBA, RUA",NA,"",30,"GRAJAU",2,0,"JEQUIRITUBA, RUA 249 SAO PAULO SP",-23.7242715,-46.6912012
"5272","D031300966",9141,"INDAIATUBA, RUA VISC DE",NA,"",206,"","23/03/2013 21:07",2,"CO",91,1944," "," ",1,1,0,0,0,0,0,0,0,0,0,0,0,0,0,0,0,9141,"INDAIATUBA, RUA VISC DE",NA,"",48,"LAPA",1,0,"INDAIATUBA, RUA VISC DE 206 SAO PAULO SP",-23.530625,-46.7140302
"5273","D031301677",20514,"MANUEL ALVES SOARES, AV",NA,"",507,"","23/03/2013 21:10",2,"CO",48,3173," "," ",1,1,0,0,0,0,0,0,0,0,0,0,0,0,0,0,0,20514,"MANUEL ALVES SOARES, AV",NA,"",32,"IGUATEMI",1,0,"MANUEL ALVES SOARES, AV 507 SAO PAULO SP",-23.7257123,-46.6864241
"5274","D031301869",9806,"PIRES DO RIO, AV",34802,"AURELIANO JOSE LESSA, RUA",0,"","23/03/2013 21:38",2,"CO",22,2106," "," ",1,1,0,0,0,0,0,0,0,0,0,0,0,0,0,0,0,9806,"PIRES DO RIO, AV",34802,"AURELIANO JOSE LESSA, RUA",76,"SAO MIGUEL",2,0,"PIRES DO RIO, AV SAO PAULO SP &  AURELIANO JOSE LESSA, RUA SAO PAULO SP",-23.5173451,-46.443657
"5275","D031301976",16490,"PONTE RASA, RUA",NA,"",302,"","23/03/2013 21:45",2,"CH",62,3307," "," ",1,1,0,0,0,0,0,0,0,0,0,0,0,0,0,0,0,16490,"PONTE RASA, RUA",NA,"",0,"NULL",1,0,"PONTE RASA, RUA 302 SAO PAULO SP",-23.5117019,-46.4884623
"5276","D031301107",15093,"OSAKA, RUA",NA,"",1179,"","23/03/2013 22:19",2,"CH",19,2609,"B"," ",0,1,0,0,0,0,0,0,0,0,0,0,0,0,0,0,0,15093,"OSAKA, RUA",NA,"",36,"ITAQUERA",1,0,"OSAKA, RUA 1179 SAO PAULO SP",-23.5039012,-46.5739222
"5277","D031301546",6532,"ERARIO, RUA DO",NA,"",5,"","23/03/2013 22:26",2,"CO",57,1821," "," ",1,1,0,0,0,0,0,0,0,0,0,0,0,0,0,0,0,6532,"ERARIO, RUA DO",NA,"",1,"AGUA RASA",1,0,"ERARIO, RUA DO 5 SAO PAULO SP",-23.5655448,-46.5761345
"5278","D031301143",14767,"NOVA CANTAREIRA, AV",NA,"",200,"","23/03/2013 23:30",2,"CO",20,2610," "," ",1,1,0,0,0,0,0,0,0,0,0,0,0,0,0,0,0,14767,"NOVA CANTAREIRA, AV",NA,"",83,"TREMEMBE",1,0,"NOVA CANTAREIRA, AV 200 SAO PAULO SP",-23.4880567,-46.6224471
"5279","D031300663",7491,"FRANCISCO MATARAZZO, AV",NA,"",694,"","23/03/2013 23:35",2,"CO",23,1947," "," ",2,1,0,0,0,0,0,0,0,0,0,0,0,0,0,0,0,7491,"FRANCISCO MATARAZZO, AV",NA,"",6,"BARRA FUNDA",1,0,"FRANCISCO MATARAZZO, AV 694 SAO PAULO SP",-23.5283899,-46.6697226
"5280","D031300891",36622,"VICTOR OSVALDO CARELLI, RUA",3732,"JOAQUIM LAPAS VEIGA, RUA",0,"","24/03/2013 00:15",2,"CH",75,2368," "," ",1,1,0,0,0,0,0,0,0,0,0,0,0,0,0,0,0,3732,"JOAQUIM LAPAS VEIGA, RUA",37087,"ANTONIO RAMIRO DA SILVA, AV",68,"RIO PEQUENO",3,0,"VICTOR OSVALDO CARELLI, RUA SAO PAULO SP &  JOAQUIM LAPAS VEIGA, RUA SAO PAULO SP",-23.5781987,-46.7803186
"5281","D031301786",9220,"INTERLAGOS, AV",20048,"YERVANT KISSAJIKIAN, AV",0,"","24/03/2013 00:17",2,"CL",99,1324," "," ",1,1,0,0,0,0,0,0,0,0,0,0,0,0,0,0,0,9220,"INTERLAGOS, AV",20048,"YERVANT KISSAJIKIAN, AV",16,"CAMPO GRANDE",1,0,"INTERLAGOS, AV SAO PAULO SP &  YERVANT KISSAJIKIAN, AV SAO PAULO SP",-23.6872639,-46.6953006
"5282","D031301957",67840,"CONFLUENCIA DA FORQUILHA, RUA",NA,"",463,"","24/03/2013 00:30",4,"AT",59,3681," "," ",0,1,0,0,0,0,0,0,0,0,0,0,0,0,0,0,0,67840,"CONFLUENCIA DA FORQUILHA, RUA",NA,"",54,"MOOCA",1,0,"CONFLUENCIA DA FORQUILHA, RUA 463 SAO PAULO SP",-23.4874012,-46.3938951
"5283","D031301831",3509,"BELMIRA MARIN, AV DONA",NA,"",3775,"","24/03/2013 00:50",2,"CO",101,2064," "," ",1,1,0,0,0,0,0,0,0,0,0,0,0,0,0,0,0,3509,"BELMIRA MARIN, AV DONA",NA,"",30,"GRAJAU",1,0,"BELMIRA MARIN, AV DONA 3775 SAO PAULO SP",-23.7527115,-46.6830254
"5285","D031301678",2483,"ATLANTICA ANT. ROBERT KENNEDY, AV",NA,"",5703,"","24/03/2013 03:00",2,"CO",48,3182," "," ",2,0,0,0,0,0,0,0,0,0,0,0,0,0,0,0,0,2483,"ATLANTICA ANT. ROBERT KENNEDY, AV",NA,"",23,"CIDADE DUTRA",1,0,"ATLANTICA ANT. ROBERT KENNEDY, AV 5703 SAO PAULO SP",-23.5505199,-46.6333094
"5287","D031301765",5606,"CUPECE, AV",18031,"ASSEMBLEIA, AV",0,"","24/03/2013 05:25",2,"CT",98,3184," "," ",1,1,0,0,0,0,0,0,0,0,0,0,0,0,0,0,0,5606,"CUPECE, AV",18031,"ASSEMBLEIA, AV",22,"CIDADE ADEMAR",1,0,"CUPECE, AV SAO PAULO SP &  ASSEMBLEIA, AV SAO PAULO SP",-23.6626179,-46.6622987
"5288","D031300892",26426,"INACIO CERVANTES, RUA",NA,"",19,"","24/03/2013 05:30",2,"CH",75,2377," "," ",1,0,0,0,0,0,0,0,0,0,0,0,0,0,0,0,0,26426,"INACIO CERVANTES, RUA",NA,"",13,"CACHOEIRINHA",2,0,"INACIO CERVANTES, RUA 19 SAO PAULO SP",-23.59064,-46.7966121
"5290","D031301747",8368,"GUARAPIRANGA, AV",NA,"",1740,"","24/03/2013 05:45",2,"SI",92,900064," "," ",1,0,0,0,0,0,0,0,0,0,0,0,0,0,0,0,0,8368,"GUARAPIRANGA, AV",NA,"",45,"JARDIM SAO LUIS",1,0,"GUARAPIRANGA, AV 1740 SAO PAULO SP",-23.6837073,-46.7363429
"5291","D031301359",5567,"CRUZEIRO DO SUL, AV",6781,"EULALIA, RUA STA",0,"","24/03/2013 05:50",2,"CO",9,2621," "," ",2,0,0,0,0,0,0,0,0,0,0,0,0,0,0,0,0,4219,"ZAKI NARCHI, AV",5567,"CRUZEIRO DO SUL, AV",71,"SANTANA",1,0,"CRUZEIRO DO SUL, AV SAO PAULO SP &  EULALIA, RUA STA SAO PAULO SP",-23.5073033,-46.6250321
"5292","D031302352",9170,"INES, AV STA",NA,"",3000,"","24/03/2013 06:26",2,"CO",14,2897," "," ",1,1,0,0,0,0,0,0,0,0,0,0,0,0,0,0,0,9170,"INES, AV STA",NA,"",NA,"",0,1,"INES, AV STA 3000 SAO PAULO SP",-23.456645,-46.6490756
"5293","D031300318",11379,"JUNTAS PROVISORIAS, AV",NA,"",823,"","24/03/2013 06:52",2,"CO",17,3853," "," ",1,2,0,0,0,0,0,0,0,0,0,0,1,0,0,0,0,11379,"JUNTAS PROVISORIAS, AV",NA,"",95,"VILA PRUDENTE",2,0,"JUNTAS PROVISORIAS, AV 823 SAO PAULO SP",-23.5942364,-46.5973031
"5295","D031300622",11789,"LEOPOLDO COUTO MAGALHAES JR., RUA",NA,"",1105,"","24/03/2013 07:04",2,"CO",15,2770," "," ",1,1,0,0,0,0,0,0,0,0,0,0,0,0,0,0,0,11789,"LEOPOLDO COUTO MAGALHAES JR., RUA",NA,"",34,"ITAIM BIBI",1,0,"LEOPOLDO COUTO MAGALHAES JR., RUA 1105 SAO PAULO SP",-23.5891065,-46.6831166