"","id_acidente","codloga","logradouroA","codlogb","logradouroB","alt_num","referencia","data","cod_acid","tipo_acidente","dp","numero_BO","sentido","pista","automovel","moto","onibus","caminhao","bicicleta","moto_taxi","onibus_fretado","onibus_urbano","microonibus","van","vuc","caminhonete","carreta","jipe","outros","sem_informacao","carroca","princ_a","paiA","princ_b","paiB","cod_distrito","distrito","vit_ferida","vit_morta","local","lat","lon"
"5453","D031300503",21514,"ROQUE PETRONI JUNIOR, AV",NA,"",800,"","26/03/2013 14:18",4,"AT",96,1389," "," ",0,0,1,0,0,0,0,0,0,0,0,0,0,0,0,0,0,21514,"ROQUE PETRONI JUNIOR, AV",NA,"",30,"GRAJAU",1,0,"ROQUE PETRONI JUNIOR, AV 800 SAO PAULO SP",-23.6227734,-46.6967708
"5454","D031300652",16463,"POMPEIA, AV",NA,"",1771,"","26/03/2013 14:30",2,"CO",23,1646," "," ",1,2,0,0,0,0,0,0,0,0,0,0,0,0,0,0,0,16463,"POMPEIA, AV",NA,"",19,"CAPAO REDONDO",2,0,"POMPEIA, AV 1771 SAO PAULO SP",-23.5389557,-46.690817
"5455","D031301406",18454,"SOUSA BANDEIRA, AV",NA,"",136,"","26/03/2013 14:58",4,"AT",21,1005," "," ",1,0,0,0,0,0,0,0,0,0,0,0,0,0,0,0,0,18454,"SOUSA BANDEIRA, AV",NA,"",38,"JACANA",1,0,"SOUSA BANDEIRA, AV 136 SAO PAULO SP",-23.5482746,-46.5019308
"5456","D031300653",1475,"ANTARTICA, AV",NA,"",214,"","26/03/2013 15:04",4,"AT",23,1648," "," ",0,0,0,0,0,0,0,0,0,0,0,0,0,0,0,1,0,1475,"ANTARTICA, AV",NA,"",6,"BARRA FUNDA",1,0,"ANTARTICA, AV 214 SAO PAULO SP",-23.5214134,-46.6682923
"5457","D031300325",43154,"TANCREDO NEVES, AV PRES",NA,"",100,"","26/03/2013 15:15",2,"SI",26,2574," "," ",0,1,0,1,0,0,0,0,0,0,0,0,0,0,0,0,0,43154,"TANCREDO NEVES, AV PRES",NA,"",18,"CANGAIBA",1,0,"TANCREDO NEVES, AV PRES 100 SAO PAULO SP",-23.6058734,-46.6052496
"5458","D031300991",831,"ALTINO, AV PRES",NA,"",2986,"","26/03/2013 15:20",2,"QM",93,1996," "," ",0,1,0,0,0,0,0,0,0,0,0,1,0,0,0,0,0,831,"ALTINO, AV PRES",NA,"",40,"JAGUARE",1,0,"ALTINO, AV PRES 2986 SAO PAULO SP",-23.5312134,-46.7563776
"5459","D031302399",12403,"M'BOI MIRIM, ES",NA,"",7018,"","26/03/2013 15:22",2,"CF",100,1628," "," ",0,1,1,0,0,0,0,0,0,0,0,0,0,0,0,0,0,12403,"M'BOI MIRIM, ES",NA,"",42,"JARDIM ANGELA",0,1,"M'BOI MIRIM, ES 7018 SAO PAULO SP",-23.5505199,-46.6333094
"5460","D031301247",15485,"PARAPUA, RUA",NA,"",720,"","26/03/2013 15:30",2,"CO",45,721,"B"," ",1,1,0,0,0,0,0,0,0,0,0,0,0,0,0,0,0,15485,"PARAPUA, RUA",NA,"",4,"ARICANDUVA",1,0,"PARAPUA, RUA 720 SAO PAULO SP",-23.4785002,-46.6909103
"5461","D031301900",7874,"GENTIL BRAGA, RUA",NA,"",368,"","26/03/2013 15:45",2,"CO",24,3090," "," ",1,0,0,0,1,0,0,0,0,0,0,0,0,0,0,0,0,7874,"GENTIL BRAGA, RUA",NA,"",18,"CANGAIBA",1,0,"GENTIL BRAGA, RUA 368 SAO PAULO SP",-23.5098217,-46.5113799
"5462","D031300589",7086,"FERREIRA DE ARAUJO, RUA",19890,"VUPABUSSU, RUA",0,"","26/03/2013 16:00",2,"CO",14,2868," "," ",1,1,0,0,0,0,0,0,0,0,0,0,0,0,0,0,0,7086,"FERREIRA DE ARAUJO, RUA",19890,"VUPABUSSU, RUA",63,"PINHEIROS",1,0,"FERREIRA DE ARAUJO, RUA SAO PAULO SP &  VUPABUSSU, RUA SAO PAULO SP",-23.560112,-46.697899
"5463","D031301614",10270,"JOAO DIAS, AV",3216,"BENTO BRANCO DE ANDRADE FILHO, RUA",0,"","26/03/2013 16:40",2,"CO",11,900102," "," ",1,1,0,0,0,0,0,0,0,0,0,0,0,0,0,0,0,3216,"BENTO BRANCO DE ANDRADE FILHO, RUA",10270,"JOAO DIAS, AV",72,"SANTO AMARO",1,0,"JOAO DIAS, AV SAO PAULO SP &  BENTO BRANCO DE ANDRADE FILHO, RUA SAO PAULO SP",-23.6448965,-46.7188468
"5464","D031300590",6238,"NACOES UNIDAS, AV DAS",NA,"",9999,"","26/03/2013 17:05",2,"CO",14,2869," "," ",1,1,0,0,0,0,0,0,0,0,0,0,0,0,0,0,0,13014,"MARGINAL DO RIO PINHEIROS, AV",NA,"",90,"VILA LEOPOLDINA",1,0,"NACOES UNIDAS, AV DAS 9999 SAO PAULO SP",-23.6791555,-46.6961009
"5465","D031300096",5245,"CONSOLACAO, RUA DA",12132,"LUIS, AV S",0,"","26/03/2013 17:29",4,"AT",4,2264," "," ",0,0,0,0,0,0,0,1,0,0,0,0,0,0,0,0,0,5245,"CONSOLACAO, RUA DA",19996,"XAVIER DE TOLEDO, RUA CEL",67,"REPUBLICA",1,0,"CONSOLACAO, RUA DA SAO PAULO SP &  LUIS, AV S SAO PAULO SP",-23.5471579,-46.6469857
"5466","D031301477",4502,"CARRAO, AV CONS",NA,"",2000,"","26/03/2013 17:30",4,"AT",31,1653," "," ",0,1,0,0,0,0,0,0,0,0,0,0,0,0,0,0,0,4502,"CARRAO, AV CONS",NA,"",20,"CARRAO",1,0,"CARRAO, AV CONS 2000 SAO PAULO SP",-23.546705,-46.5418657
"5467","D031300876",5309,"CORIFEU DE AZEVEDO MARQUES, AV",NA,"",1674,"","26/03/2013 17:30",2,"CO",51,900063," "," ",1,1,0,0,0,0,0,0,0,0,0,0,0,0,0,0,0,5309,"CORIFEU DE AZEVEDO MARQUES, AV",NA,"",12,"BUTANTA",1,0,"CORIFEU DE AZEVEDO MARQUES, AV 1674 SAO PAULO SP",-23.5748012,-46.7299228
"5468","D031301922",18803,"TEODORO, RUA S",NA,"",500,"","26/03/2013 17:30",2,"CO",32,2055," "," ",1,1,0,0,0,0,0,0,0,0,0,0,0,0,0,0,0,18803,"TEODORO, RUA S",NA,"",51,"MANDAQUI",1,0,"TEODORO, RUA S 500 SAO PAULO SP",-23.5565741,-46.4477772
"5469","D031301863",17820,"TITO, AV MAL",NA,"",1307,"","26/03/2013 17:40",2,"CO",22,1591," "," ",1,1,0,0,0,0,0,0,0,0,0,0,0,0,0,0,0,17820,"TITO, AV MAL",NA,"",53,"MOEMA",1,0,"TITO, AV MAL 1307 SAO PAULO SP",-23.4951032,-46.4330337
"5471","D031300074",15323,"PAICANDU, LGO DO",NA,"",70,"","26/03/2013 17:45",4,"AT",3,2503," "," ",0,0,0,0,0,0,0,1,0,0,0,0,0,0,0,0,0,15323,"PAICANDU, LGO DO",NA,"",5,"ARTUR ALVIM",1,0,"PAICANDU, LGO DO 70 SAO PAULO SP",-23.439253,-46.2748572
"5472","D031302241",17824,"SAPOPEMBA, AV",NA,"",29000,"","26/03/2013 17:59",2,"CF",55,4098," "," ",0,0,0,1,0,0,0,0,0,0,0,1,0,0,0,0,0,17824,"SAPOPEMBA, AV",NA,"",33,"IPIRANGA",1,0,"SAPOPEMBA, AV 29000 SAO PAULO SP",-23.6228321,-46.4438559
"5473","D031300238",4736,"CELSO GARCIA, AV",3653,"BRESSER, RUA",0,"","26/03/2013 17:59",4,"AT",12,1735," "," ",1,0,0,0,0,0,0,0,0,0,0,0,0,0,0,0,0,3653,"BRESSER, RUA",4736,"CELSO GARCIA, AV",10,"BRAS",1,0,"CELSO GARCIA, AV SAO PAULO SP &  BRESSER, RUA SAO PAULO SP",-23.5359522,-46.5717652
"5474","D031302122",21711,"SATURNINO PEREIRA, RUA",NA,"",751,"","26/03/2013 18:30",2,"CO",44,1926," "," ",2,0,0,0,0,0,0,0,0,0,0,0,0,0,0,0,0,21711,"SATURNINO PEREIRA, RUA",NA,"",50,"LIMAO",2,0,"SATURNINO PEREIRA, RUA 751 SAO PAULO SP",-23.5506055,-46.4128811
"5475","D031301342",5350,"CORREDOR, ES DO",NA,"",693,"","26/03/2013 18:30",2,"CO",74,2609," "," ",0,2,0,0,0,0,0,0,0,0,0,0,0,0,0,0,0,5350,"CORREDOR, ES DO",NA,"",41,"JARAGUA",1,0,"CORREDOR, ES DO 693 SAO PAULO SP",-23.5505199,-46.6333094
"5476","D031300799",3079,"BELEZAS, AV DAS",NA,"",526,"","26/03/2013 18:30",2,"CO",37,2556," "," ",0,1,0,0,0,0,0,1,0,0,0,0,0,0,0,0,0,3079,"BELEZAS, AV DAS",NA,"",85,"VILA ANDRADE",1,0,"BELEZAS, AV DAS 526 SAO PAULO SP",-23.6418009,-46.7429331
"5477","D031301529",6642,"ESTADO, AV DO",NA,"",1000,"","26/03/2013 19:30",2,"CO",56,1885," "," ",1,1,0,0,0,0,0,0,0,0,0,0,0,0,0,0,0,6642,"ESTADO, AV DO",NA,"",9,"BOM RETIRO",1,0,"ESTADO, AV DO 1000 SAO PAULO SP",-23.5259239,-46.6293948
"5478","D031301901",75996,"PASTORIL DE ITAPETINGA, RUA",NA,"",559,"","26/03/2013 19:56",2,"CL",24,30952," "," ",1,1,0,0,0,0,0,0,0,0,0,0,0,0,0,0,0,75996,"PASTORIL DE ITAPETINGA, RUA",NA,"",49,"LIBERDADE",1,0,"PASTORIL DE ITAPETINGA, RUA 559 SAO PAULO SP",-23.5034405,-46.5038043
"5479","D031301679",12017,"LOURENCO CABREIRA, AV",13698,"MATIAS BECK, AV",0,"","26/03/2013 21:20",4,"AT",48,3293," "," ",1,0,0,0,0,0,0,0,0,0,0,0,0,0,0,0,0,7653,"FRUTUOSO BARBOSA, RUA",12017,"LOURENCO CABREIRA, AV",23,"CIDADE DUTRA",1,0,"LOURENCO CABREIRA, AV SAO PAULO SP &  MATIAS BECK, AV SAO PAULO SP",-23.7176895,-46.6906689
"5480","D031302040",12156,"LUIZ AYRES, RUA DR",NA,"",2500,"","27/03/2013 00:15",4,"AT",65,1026," "," ",1,0,0,0,0,0,0,0,0,0,0,0,0,0,0,0,0,12156,"LUIZ AYRES, RUA DR",NA,"",5,"ARTUR ALVIM",1,0,"LUIZ AYRES, RUA DR 2500 SAO PAULO SP",-23.5422396,-46.4814708
"5481","D031300861",13019,"ESCOLA POLITECNICA, AV",NA,"",3547,"","27/03/2013 05:09",4,"AT",51,1460," "," ",1,0,0,0,0,0,0,0,0,0,0,0,0,0,0,0,0,13019,"ESCOLA POLITECNICA, AV",NA,"",40,"JAGUARE",1,0,"ESCOLA POLITECNICA, AV 3547 SAO PAULO SP",-23.5674241,-46.7561152
"5482","D031300152",19583,"VERGUEIRO, RUA",NA,"",4416,"","27/03/2013 06:50",2,"CO",6,1512," "," ",1,1,0,0,0,0,0,0,0,0,0,0,0,0,0,0,0,19583,"VERGUEIRO, RUA",NA,"",33,"IPIRANGA",2,0,"VERGUEIRO, RUA 4416 SAO PAULO SP",-23.5954923,-46.6251221
"5483","D031301147",13133,"MARIA AMALIA LOPES AZEVEDO, RUA",NA,"",183,"","27/03/2013 07:05",2,"CO",20,2722," "," ",1,1,0,0,0,0,0,0,0,0,0,0,0,0,0,0,0,13133,"MARIA AMALIA LOPES AZEVEDO, RUA",NA,"",83,"TREMEMBE",1,0,"MARIA AMALIA LOPES AZEVEDO, RUA 183 SAO PAULO SP",-23.4607147,-46.622249
"5485","D031301644",34128,"JOAO DE LUCA, AV VER",NA,"",20,"","27/03/2013 07:11",4,"AT",43,1205," "," ",0,1,0,0,0,0,0,0,0,0,0,0,0,0,0,0,0,34128,"JOAO DE LUCA, AV VER",NA,"",42,"JARDIM ANGELA",2,0,"JOAO DE LUCA, AV VER 20 SAO PAULO SP",-23.6449396,-46.6721206
"5486","D031302261",2181,"ARICANDUVA, AV",NA,"",5670,"","27/03/2013 07:12",2,"QD",66,1408," "," ",0,1,0,0,0,0,0,0,0,0,0,0,0,0,0,0,0,2181,"ARICANDUVA, AV",NA,"",60,"PENHA",1,0,"ARICANDUVA, AV 5670 SAO PAULO SP",-23.5703744,-46.5046074
"5487","D031301990",23879,"LARANJA DA CHINA, AV",NA,"",304,"","27/03/2013 07:12",2,"CL",63,2198," "," ",1,1,0,0,0,0,0,0,0,0,0,0,0,0,0,0,0,23879,"LARANJA DA CHINA, AV",NA,"",53,"MOEMA",1,0,"LARANJA DA CHINA, AV 304 SAO PAULO SP",-23.5102082,-46.4614169
"5488","D031301866",8886,"HUMBERTO ROMANI, RUA",NA,"",110,"","27/03/2013 07:30",4,"AT",22,1604," "," ",0,0,0,0,0,0,0,0,0,1,0,0,0,0,0,0,0,8886,"HUMBERTO ROMANI, RUA",NA,"",76,"SAO MIGUEL",1,0,"HUMBERTO ROMANI, RUA 110 SAO PAULO SP",-23.4937796,-46.4487032
"5489","D031302262",71986,"SAUL BORGES CARNEIRO, RUA",NA,"",200,"","27/03/2013 07:30",2,"CO",66,1409," "," ",2,0,0,0,1,0,0,0,0,0,0,0,0,0,0,0,0,71986,"SAUL BORGES CARNEIRO, RUA",NA,"",38,"JACANA",1,0,"SAUL BORGES CARNEIRO, RUA 200 SAO PAULO SP",-23.5585641,-46.5075136
"5490","D031300056",17507,"RUDGE, AV",NA,"",555,"","27/03/2013 07:50",4,"AT",2,1695,"C"," ",0,1,0,0,0,0,0,0,0,0,0,0,0,0,0,0,0,17507,"RUDGE, AV",NA,"",70,"SANTA CECILIA",3,0,"RUDGE, AV 555 SAO PAULO SP",-23.5234616,-46.6505628
"5492","D031301077",3202,"BENTA PEREIRA, RUA",5681,"DAMIANA DA CUNHA, RUA",0,"","27/03/2013 07:50",2,"CO",13,3282,"C"," ",1,1,0,0,0,0,0,0,0,0,0,0,0,0,0,0,0,3202,"BENTA PEREIRA, RUA",5681,"DAMIANA DA CUNHA, RUA",71,"SANTANA",1,0,"BENTA PEREIRA, RUA SAO PAULO SP &  DAMIANA DA CUNHA, RUA SAO PAULO SP",-23.499097,-46.6419146
"5493","D031302168",24422,"FORTE CANANEIA, RUA",NA,"",159,"","27/03/2013 07:55",2,"CO",49,4214," "," ",1,1,0,0,0,0,0,0,0,0,0,0,0,0,0,0,0,24422,"FORTE CANANEIA, RUA",NA,"",55,"MORUMBI",1,0,"FORTE CANANEIA, RUA 159 SAO PAULO SP",-23.6006589,-46.4652834
"5494","D031300654",19259,"TURIASSU, RUA",NA,"",1032,"","27/03/2013 07:59",2,"SI",23,1657," "," ",0,0,0,0,0,0,0,0,1,0,0,0,0,0,0,0,0,19259,"TURIASSU, RUA",NA,"",19,"CAPAO REDONDO",1,0,"TURIASSU, RUA 1032 SAO PAULO SP",-23.5322233,-46.673026
"5495","D031300607",8889,"HUNGRIA, RUA",NA,"",1400,"","27/03/2013 08:00",2,"CT",15,1507," "," ",1,1,0,0,0,0,0,0,0,0,0,0,0,0,0,0,0,13014,"MARGINAL DO RIO PINHEIROS, AV",NA,"",63,"PINHEIROS",1,0,"HUNGRIA, RUA 1400 SAO PAULO SP",-23.5754624,-46.6959451
"5496","D031300123",19764,"VINTE E TRES DE MAIO, AV",NA,"",1000,"","27/03/2013 08:00",2,"CT",5,1675," "," ",1,1,0,0,0,0,0,0,0,0,0,0,0,0,0,0,0,19764,"VINTE E TRES DE MAIO, AV",NA,"",17,"CAMPO LIMPO",1,0,"VINTE E TRES DE MAIO, AV 1000 SAO PAULO SP",-23.5830727,-46.6522523
"5497","D031301078",3813,"CAETANO ALVARES, AV ENG",10324,"JOAO GUALBERTO, RUA PDE",0,"","27/03/2013 08:30",2,"CO",13,3286," "," ",2,0,0,0,0,0,0,0,0,0,0,0,0,0,0,0,0,3813,"CAETANO ALVARES, AV ENG",10324,"JOAO GUALBERTO, RUA PDE",21,"CASA VERDE",2,0,"CAETANO ALVARES, AV ENG SAO PAULO SP &  JOAO GUALBERTO, RUA PDE SAO PAULO SP",-23.4830811,-46.6330478
"5499","D031301500",7366,"FRANCISCO BUENO, RUA",NA,"",384,"","27/03/2013 09:05",2,"CT",52,927," "," ",2,0,0,0,0,0,0,0,0,0,0,0,0,0,0,0,0,7366,"FRANCISCO BUENO, RUA",NA,"",82,"TATUAPE",1,0,"FRANCISCO BUENO, RUA 384 SAO PAULO SP",-23.5315918,-46.5833771
"5500","D031302056",5408,"COSME DEODATO TADEU, RUA PROF",NA,"",100,"","27/03/2013 09:15",2,"QD",68,64," "," ",0,0,0,0,0,0,0,0,1,0,0,0,0,0,0,0,0,5408,"COSME DEODATO TADEU, RUA PROF",NA,"",45,"JARDIM SAO LUIS",1,0,"COSME DEODATO TADEU, RUA PROF 100 SAO PAULO SP",-23.543439,-46.4092594
"5501","D031300907",15626,"PAULA FERREIRA, AV",NA,"",855,"","27/03/2013 10:20",2,"CO",87,1603," "," ",1,1,0,0,0,0,0,0,0,0,0,0,0,0,0,0,0,15626,"PAULA FERREIRA, AV",NA,"",64,"PIRITUBA",1,0,"PAULA FERREIRA, AV 855 SAO PAULO SP",-23.5021698,-46.7078487
"5502","D031302374",14094,"MOGI DAS CRUZES, ES DE",NA,"",2200,"","27/03/2013 10:25",4,"AT",53,1938," "," ",1,0,0,0,0,0,0,0,0,0,0,0,0,0,0,0,0,14094,"MOGI DAS CRUZES, ES DE",NA,"",NA,"",0,1,"MOGI DAS CRUZES, ES DE 2200 SAO PAULO SP",-23.5505199,-46.6333094
"5503","D031301530",15047,"ORFANATO, RUA",NA,"",111,"","27/03/2013 10:39",2,"CO",56,1893," "," ",2,0,1,0,0,0,0,0,0,0,0,0,0,0,0,0,0,15047,"ORFANATO, RUA",NA,"",33,"IPIRANGA",1,0,"ORFANATO, RUA 111 SAO PAULO SP",-23.5809148,-46.584227
"5504","D031300299",17083,"RICARDO JAFET, AV DR",NA,"",1920,"","27/03/2013 11:10",2,"CT",16,4052," "," ",0,0,0,0,0,0,0,0,0,0,0,1,0,0,0,1,0,17083,"RICARDO JAFET, AV DR",NA,"",37,"JABAQUARA",1,0,"RICARDO JAFET, AV DR 1920 SAO PAULO SP",-23.5921693,-46.620989
"5506","D031301241",28231,"ANTONIO RIBEIRO ROXO, RUA",2830,"FRANCISCO AUGUSTO LOPES, RUA",0,"","27/03/2013 11:46",4,"AT",40,1056," "," ",1,0,0,0,0,0,0,0,0,0,0,0,0,0,0,0,0,2830,"FRANCISCO AUGUSTO LOPES, RUA",28231,"ANTONIO RIBEIRO ROXO, RUA",50,"LIMAO",1,0,"ANTONIO RIBEIRO ROXO, RUA SAO PAULO SP &  FRANCISCO AUGUSTO LOPES, RUA SAO PAULO SP",-23.496676,-46.6717508
"5507","D031301533",15047,"ORFANATO, RUA",NA,"",265,"","27/03/2013 11:50",4,"AT",56,1911," "," ",0,1,0,0,0,0,0,0,0,0,0,0,0,0,0,0,0,15047,"ORFANATO, RUA",NA,"",33,"IPIRANGA",3,0,"ORFANATO, RUA 265 SAO PAULO SP",-23.5802974,-46.5827659
"5508","D031301394",11265,"JUVENTUS, RUA",NA,"",671,"","27/03/2013 12:08",2,"CO",18,564," "," ",0,1,0,0,0,0,0,0,0,0,0,1,0,0,0,0,0,11265,"JUVENTUS, RUA",NA,"",54,"MOOCA",1,0,"JUVENTUS, RUA 671 SAO PAULO SP",-23.5726481,-46.5889376
"5511","D031301162",6450,"EMILIO CARLOS, AV DEP",NA,"",3871,"","27/03/2013 12:50",2,"CO",28,1678," "," ",0,1,0,0,0,0,0,1,0,0,0,0,0,0,0,0,0,6450,"EMILIO CARLOS, AV DEP",NA,"",50,"LIMAO",1,0,"EMILIO CARLOS, AV DEP 3871 SAO PAULO SP",-23.474963,-46.6684091
"5512","D031302353",7491,"FRANCISCO MATARAZZO, AV",NA,"",840,"","27/03/2013 12:51",4,"AT",23,1671," "," ",0,0,1,0,0,0,0,0,0,0,0,0,0,0,0,0,0,7491,"FRANCISCO MATARAZZO, AV",NA,"",6,"BARRA FUNDA",0,1,"FRANCISCO MATARAZZO, AV 840 SAO PAULO SP",-23.527942,-46.6708287
"5515","D031300097",15656,"PAULISTA, AV",5245,"CONSOLACAO, RUA DA",0,"","27/03/2013 13:16",4,"AT",4,2278," "," ",1,0,0,0,0,0,0,0,0,0,0,0,0,0,0,0,0,5245,"CONSOLACAO, RUA DA",15656,"PAULISTA, AV",26,"CONSOLACAO",1,0,"PAULISTA, AV SAO PAULO SP &  CONSOLACAO, RUA DA SAO PAULO SP",-23.5625897,-46.6549244
"5516","D031300504",41023,"CHUCRI ZAIDAN, AV DR",NA,"",246,"","27/03/2013 13:21",2,"SI",96,140," "," ",1,1,0,0,0,0,0,0,0,0,0,0,0,0,0,0,0,41023,"CHUCRI ZAIDAN, AV DR",NA,"",30,"GRAJAU",1,0,"CHUCRI ZAIDAN, AV DR 246 SAO PAULO SP",-23.6174986,-46.6978448
"5517","D031301478",4502,"CARRAO, AV CONS",NA,"",2885,"","27/03/2013 13:30",2,"SI",31,1659," "," ",1,1,0,0,0,0,0,0,0,0,0,0,0,0,0,0,0,4502,"CARRAO, AV CONS",NA,"",20,"CARRAO",1,0,"CARRAO, AV CONS 2885 SAO PAULO SP",-23.5500551,-46.53398
"5518","D031300098",18040,"SERGIPE, RUA",NA,"",372,"","27/03/2013 13:39",2,"CT",4,2280," "," ",0,1,0,0,0,0,0,0,0,0,0,0,0,0,0,1,0,18040,"SERGIPE, RUA",NA,"",7,"BELA VISTA",1,0,"SERGIPE, RUA 372 SAO PAULO SP",-23.5479635,-46.6573588
"5519","D031300480",5762,"DELAMARE, AV ALM",NA,"",3000,"","27/03/2013 14:03",2,"CO",95,1518," "," ",0,2,0,0,0,0,0,0,0,0,0,0,0,0,0,0,0,5762,"DELAMARE, AV ALM",NA,"",33,"IPIRANGA",2,0,"DELAMARE, AV ALM 3000 SAO PAULO SP",-23.6106679,-46.586097
"5520","D031301609",6238,"NACOES UNIDAS, AV DAS",NA,"",16000,"","27/03/2013 14:10",2,"CO",11,3407," "," ",1,0,0,0,0,0,0,1,0,0,0,0,0,0,0,0,0,13014,"MARGINAL DO RIO PINHEIROS, AV",NA,"",90,"VILA LEOPOLDINA",1,0,"NACOES UNIDAS, AV DAS 16000 SAO PAULO SP",-23.6791514,-46.6960801
"5521","D031301463",34122,"MELO FREIRE, RUA",1657,"ANTONIO DE BARROS, RUA",0,"","27/03/2013 14:30",2,"CO",30,1722," "," ",1,0,0,0,0,0,0,0,0,0,0,1,0,0,0,0,0,1657,"ANTONIO DE BARROS, RUA",34122,"MELO FREIRE, RUA",82,"TATUAPE",1,0,"MELO FREIRE, RUA SAO PAULO SP &  ANTONIO DE BARROS, RUA SAO PAULO SP",-23.5391715,-46.5695321
"5522","D031301564",3896,"CAJURU, RUA",NA,"",185,"","27/03/2013 14:48",2,"CO",81,903," "," ",1,1,0,0,0,0,0,0,0,0,0,0,0,0,0,0,0,3896,"CAJURU, RUA",NA,"",8,"BELEM",1,0,"CAJURU, RUA 185 SAO PAULO SP",-23.5441418,-46.6017733
"5523","D031300405",14246,"MOREIRA LIMA, RUA CD",NA,"",865,"","27/03/2013 15:00",2,"CO",35,2772," "," ",0,1,0,0,0,0,0,0,0,0,0,1,0,0,0,0,0,14246,"MOREIRA LIMA, RUA CD",NA,"",42,"JARDIM ANGELA",2,0,"MOREIRA LIMA, RUA CD 865 SAO PAULO SP",-23.5505199,-46.6333094
"5524","D031300877",78530,"OSVALDO LIBARINO DE OLIVEIRA, RUA",NA,"",304,"","27/03/2013 15:15",2,"QM",75,425," "," ",0,1,0,0,0,0,0,0,0,0,0,0,0,0,0,0,0,78530,"OSVALDO LIBARINO DE OLIVEIRA, RUA",NA,"",13,"CACHOEIRINHA",2,0,"OSVALDO LIBARINO DE OLIVEIRA, RUA 304 SAO PAULO SP",-23.5967104,-46.784726
"5525","D031301407",5957,"DIVINOLANDIA, PCA",1702,"ANTONIO ESTEVAO DE CARVALHO, AV",0,"","27/03/2013 15:15",2,"CO",21,1026," "," ",1,1,0,0,0,0,0,0,0,0,0,1,0,0,0,0,0,1702,"ANTONIO ESTEVAO DE CARVALHO, AV",5957,"DIVINOLANDIA, PCA",93,"VILA MATILDE",1,0,"DIVINOLANDIA, PCA SAO PAULO SP &  ANTONIO ESTEVAO DE CARVALHO, AV SAO PAULO SP",-23.5281289,-46.5093719
"5526","D031300435",10630,"PEDRO ALVARES CABRAL, AV",38960,"ALDO CHIORATTO, ESCOTEIRO, PCA",0,"","27/03/2013 15:22",4,"AT",36,1403," "," ",0,1,0,0,0,0,0,0,0,0,0,0,0,0,0,0,0,57,"ABILIO SOARES, RUA",10630,"PEDRO ALVARES CABRAL, AV",53,"MOEMA",1,0,"PEDRO ALVARES CABRAL, AV SAO PAULO SP &  ALDO CHIORATTO, ESCOTEIRO, PCA SAO PAULO SP",-23.582408,-46.6572821
"5527","D031300539",19600,"VESPASIANO, RUA",NA,"",445,"","27/03/2013 15:40",2,"CO",7,2079," "," ",1,1,0,0,0,0,0,0,0,0,0,0,0,0,0,0,0,19600,"VESPASIANO, RUA",NA,"",14,"CAMBUCI",1,0,"VESPASIANO, RUA 445 SAO PAULO SP",-23.5262124,-46.6954101
"5528","D031301924",9804,"AURELIANO BARREIROS, RUA",13161,"MARIA BAUMANN MENDONCA, RUA",0,"","27/03/2013 15:40",2,"CO",32,2059," "," ",1,1,0,0,0,0,0,0,0,0,0,0,0,0,0,0,0,9804,"AURELIANO BARREIROS, RUA",60357,"TURVO, RUA",36,"ITAQUERA",1,0,"AURELIANO BARREIROS, RUA SAO PAULO SP &  MARIA BAUMANN MENDONCA, RUA SAO PAULO SP",-23.5375648,-46.451513
"5529","D031300102",1356,"ANGELICA, AV",NA,"",1313,"","27/03/2013 16:00",2,"CO",4,2425," "," ",1,1,0,0,0,0,0,0,0,0,0,0,0,0,0,0,0,1356,"ANGELICA, AV",NA,"",70,"SANTA CECILIA",1,0,"ANGELICA, AV 1313 SAO PAULO SP",-23.5443072,-46.656973
"5530","D031300591",33683,"PAULO VI, AV",11935,"LISBOA, RUA",0,"","27/03/2013 16:00",2,"CO",14,2905," "," ",0,1,0,0,0,0,0,0,0,0,0,1,0,0,0,0,0,11935,"LISBOA, RUA",33683,"PAULO VI, AV",63,"PINHEIROS",2,0,"PAULO VI, AV SAO PAULO SP &  LISBOA, RUA SAO PAULO SP",-23.5521173,-46.6784213
"5531","D031300034",17025,"RIACHUELO, RUA",16744,"QUINTINO BOCAIUVA, RUA",0,"","27/03/2013 16:15",4,"AT",1,2493," "," ",0,1,0,0,0,0,0,0,0,0,0,0,0,0,0,0,0,16744,"QUINTINO BOCAIUVA, RUA",17025,"RIACHUELO, RUA",80,"SE",1,0,"RIACHUELO, RUA SAO PAULO SP &  QUINTINO BOCAIUVA, RUA SAO PAULO SP",-23.5504522,-46.6371201
"5532","D031301923",17563,"SABBADO D'ANGELO, RUA",67786,"FRANCISCO DO PIAUI, RUA S",0,"","27/03/2013 16:20",2,"CL",32,2056,"B"," ",0,1,0,0,0,0,0,1,0,0,0,0,0,0,0,0,0,17563,"SABBADO D'ANGELO, RUA",67786,"FRANCISCO DO PIAUI, RUA S",NA,"",1,0,"SABBADO D'ANGELO, RUA SAO PAULO SP &  FRANCISCO DO PIAUI, RUA S SAO PAULO SP",-23.5505199,-46.6333094