"","id_acidente","codloga","logradouroA","codlogb","logradouroB","alt_num","referencia","data","cod_acid","tipo_acidente","dp","numero_BO","sentido","pista","automovel","moto","onibus","caminhao","bicicleta","moto_taxi","onibus_fretado","onibus_urbano","microonibus","van","vuc","caminhonete","carreta","jipe","outros","sem_informacao","carroca","princ_a","paiA","princ_b","paiB","cod_distrito","distrito","vit_ferida","vit_morta","local","lat","lon"
"5533","D031300944",8000,"GIOVANNI GRONCHI, AV",NA,"",5201,"","27/03/2013 16:50",2,"CO",89,2428," "," ",0,0,0,0,0,0,0,1,0,0,0,1,0,0,0,0,0,8000,"GIOVANNI GRONCHI, AV",NA,"",55,"MORUMBI",2,0,"GIOVANNI GRONCHI, AV 5201 SAO PAULO SP",-23.6226553,-46.733684
"5534","D031301184",14188,"MONTEIRO DE CAMARGO, RUA PROF",NA,"",27,"","27/03/2013 17:15",4,"AT",38,1611," "," ",0,1,0,0,0,0,0,0,0,0,0,0,0,0,0,0,0,14188,"MONTEIRO DE CAMARGO, RUA PROF",NA,"",8,"BELEM",1,0,"MONTEIRO DE CAMARGO, RUA PROF 27 SAO PAULO SP",-23.4624883,-46.6520524
"5535","D031300231",5567,"CRUZEIRO DO SUL, AV",16006,"PEDRO VICENTE, RUA",0,"","27/03/2013 17:24",2,"CO",12,1754," "," ",2,1,0,0,0,0,0,0,0,0,0,1,0,0,0,0,0,5567,"CRUZEIRO DO SUL, AV",16006,"PEDRO VICENTE, RUA",57,"PARI",2,0,"CRUZEIRO DO SUL, AV SAO PAULO SP &  PEDRO VICENTE, RUA SAO PAULO SP",-23.5073033,-46.6250321
"5536","D031301565",10042,"JEQUITINHONHA, RUA",NA,"",111,"","27/03/2013 18:00",2,"CT",81,904," "," ",1,0,1,0,0,0,0,0,0,0,0,0,0,0,0,0,0,10042,"JEQUITINHONHA, RUA",NA,"",8,"BELEM",1,0,"JEQUITINHONHA, RUA 111 SAO PAULO SP",-23.5306537,-46.6009908
"5537","D031302270",2181,"ARICANDUVA, AV",NA,"",5800,"","27/03/2013 18:00",2,"QD",66,1664," "," ",0,0,1,0,0,0,0,0,0,0,0,0,0,0,0,0,0,2181,"ARICANDUVA, AV",NA,"",60,"PENHA",1,0,"ARICANDUVA, AV 5800 SAO PAULO SP",-23.5719101,-46.5045673
"5538","D031300946",8000,"GIOVANNI GRONCHI, AV",NA,"",5111,"","27/03/2013 18:17",2,"CO",89,2481," "," ",1,1,0,0,0,0,0,0,0,0,0,0,0,0,0,0,0,8000,"GIOVANNI GRONCHI, AV",NA,"",55,"MORUMBI",1,0,"GIOVANNI GRONCHI, AV 5111 SAO PAULO SP",-23.6246761,-46.7340059
"5539","D031300745",7500,"FRANCISCO MORATO, AV PROF",NA,"",4228,"","27/03/2013 18:30",4,"AT",34,1930," "," ",1,0,0,0,0,0,0,0,0,0,0,0,0,0,0,0,0,7500,"FRANCISCO MORATO, AV PROF",NA,"",12,"BUTANTA",1,0,"FRANCISCO MORATO, AV PROF 4228 SAO PAULO SP",-23.5943115,-46.736966
"5540","D031300232",15587,"PASTEUR, RUA",NA,"",145,"","27/03/2013 18:44",2,"CO",12,1757," "," ",0,1,0,0,1,0,0,0,0,0,0,0,0,0,0,0,0,15587,"PASTEUR, RUA",NA,"",57,"PARI",1,0,"PASTEUR, RUA 145 SAO PAULO SP",-23.5321463,-46.6243066
"5541","D031300195",6642,"ESTADO, AV DO",NA,"",5612,"","27/03/2013 18:49",2,"CT",8,2242," "," ",1,1,0,0,0,0,0,0,0,0,0,0,0,0,0,0,0,6642,"ESTADO, AV DO",NA,"",9,"BOM RETIRO",1,0,"ESTADO, AV DO 5612 SAO PAULO SP",-23.5587491,-46.615955
"5544","D031301610",19931,"WASHINGTON LUIS, AV",NA,"",3080,"","27/03/2013 19:00",4,"AT",11,3414," "," ",0,1,0,0,0,0,0,0,0,0,0,0,0,0,0,0,0,19931,"WASHINGTON LUIS, AV",NA,"",30,"GRAJAU",1,0,"WASHINGTON LUIS, AV 3080 SAO PAULO SP",-23.651161,-46.6781868
"5545","D031301974",61826,"WENCESLAU GUIMARAES, AV",NA,"",100,"","27/03/2013 19:00",2,"CF",62,3130," "," ",0,2,0,0,0,0,0,0,0,0,0,0,0,0,0,0,0,61826,"WENCESLAU GUIMARAES, AV",NA,"",49,"LIBERDADE",2,0,"WENCESLAU GUIMARAES, AV 100 SAO PAULO SP",-23.4900969,-46.4973802
"5546","D031302164",22427,"CONFEDERACAO DOS TAMOIOS, RUA",NA,"",688,"","27/03/2013 19:00",2,"CO",49,4153,"C"," ",1,1,0,0,0,0,0,0,0,0,0,0,0,0,0,0,0,22427,"CONFEDERACAO DOS TAMOIOS, RUA",NA,"",55,"MORUMBI",2,0,"CONFEDERACAO DOS TAMOIOS, RUA 688 SAO PAULO SP",-23.6011547,-46.4432656
"5548","D031300439",8215,"GREGORIO SERRAO, RUA",12452,"MACHADO DE ASSIS, RUA",0,"","27/03/2013 19:20",2,"CO",36,1627," "," ",1,1,0,0,0,0,0,0,0,0,0,0,0,0,0,0,0,8215,"GREGORIO SERRAO, RUA",12452,"MACHADO DE ASSIS, RUA",92,"VILA MARIANA",1,0,"GREGORIO SERRAO, RUA SAO PAULO SP &  MACHADO DE ASSIS, RUA SAO PAULO SP",-23.5826296,-46.6353531
"5549","D031301408",1702,"ANTONIO ESTEVAO DE CARVALHO, AV",NA,"",2693,"","27/03/2013 19:28",4,"AT",21,1028," "," ",1,0,0,0,0,0,0,0,0,0,0,0,0,0,0,0,0,1702,"ANTONIO ESTEVAO DE CARVALHO, AV",NA,"",93,"VILA MATILDE",1,0,"ANTONIO ESTEVAO DE CARVALHO, AV 2693 SAO PAULO SP",-23.5391507,-46.4962919
"5550","D031301343",18594,"TAIPAS, ES",NA,"",300,"","27/03/2013 20:09",4,"AT",74,2653," "," ",1,0,0,0,0,0,0,0,0,0,0,0,0,0,0,0,0,18594,"TAIPAS, ES",NA,"",52,"MARSILAC",1,0,"TAIPAS, ES 300 SAO PAULO SP",-23.4261258,-46.7260757
"5551","D031301532",24338,"LUIZ IGNACIO ANHAIA MELLO, AV PROF",8955,"IBITIRAMA, RUA",0,"","27/03/2013 20:12",2,"CO",56,1898,"B"," ",0,2,0,0,0,0,0,0,0,0,0,0,0,0,0,0,0,8955,"IBITIRAMA, RUA",24338,"LUIZ IGNACIO ANHAIA MELLO, AV PROF",95,"VILA PRUDENTE",2,0,"LUIZ IGNACIO ANHAIA MELLO, AV PROF SAO PAULO SP &  IBITIRAMA, RUA SAO PAULO SP",-23.5827842,-46.565808
"5552","D031300436",57,"ABILIO SOARES, RUA",19271,"TUTOIA, RUA",0,"","27/03/2013 20:20",2,"CO",36,1406," "," ",0,1,0,0,0,0,0,1,0,0,0,0,0,0,0,0,0,57,"ABILIO SOARES, RUA",19271,"TUTOIA, RUA",53,"MOEMA",1,0,"ABILIO SOARES, RUA SAO PAULO SP &  TUTOIA, RUA SAO PAULO SP",-23.577059,-46.6504268
"5553","D031302090",74337,"JOAO PUJOL, RUA",NA,"",74,"","27/03/2013 20:32",2,"CO",41,1659," "," ",1,0,0,0,1,0,0,0,0,0,0,0,0,0,0,0,0,74337,"JOAO PUJOL, RUA",NA,"",46,"JOSE BONIFACIO",1,0,"JOAO PUJOL, RUA 74 SAO PAULO SP",-23.5685971,-46.519677
"5555","D031302405",18262,"SILVIO DE CAMPOS, AV DR",NA,"",1040,"","27/03/2013 21:10",4,"AT",77,1329," "," ",0,0,1,0,0,0,0,0,0,0,0,0,0,0,0,0,0,18262,"SILVIO DE CAMPOS, AV DR",NA,"",NA,"",0,1,"SILVIO DE CAMPOS, AV DR 1040 SAO PAULO SP",-23.4067651,-46.7647371
"5557","D031300947",8483,"GUILHERME DUMONT VILARES, AV DR",NA,"",1520,"","27/03/2013 22:48",2,"CO",89,2488," "," ",1,1,0,0,0,0,0,0,0,0,0,0,0,0,0,0,0,8483,"GUILHERME DUMONT VILARES, AV DR",NA,"",85,"VILA ANDRADE",1,0,"GUILHERME DUMONT VILARES, AV DR 1520 SAO PAULO SP",-23.6202029,-46.7402541
"5558","D031301975",75855,"ANTONIO LEITE PENTEADO, RUA",71861,"CRIANCAS, RUA DAS",0,"","27/03/2013 23:10",2,"CO",62,3143," "," ",1,1,0,0,0,0,0,0,0,0,0,0,0,0,0,0,0,71861,"CRIANCAS, RUA DAS",75855,"ANTONIO LEITE PENTEADO, RUA",28,"ERMELINO MATARA",2,0,"ANTONIO LEITE PENTEADO, RUA SAO PAULO SP &  CRIANCAS, RUA DAS SAO PAULO SP",-23.488146,-46.4873636
"5559","D031301746",70322,"CANDIDO JOSE XAVIER, AV",NA,"",40,"","27/03/2013 23:15",2,"CO",92,3848," "," ",1,0,0,0,0,0,0,0,0,0,0,1,0,0,0,0,0,70322,"CANDIDO JOSE XAVIER, AV",NA,"",32,"IGUATEMI",2,0,"CANDIDO JOSE XAVIER, AV 40 SAO PAULO SP",-23.6618405,-46.7527384
"5560","D031301902",13881,"MIGUEL, AV S",NA,"",3300,"","27/03/2013 23:30",2,"CO",24,3139," "," ",3,0,0,0,0,0,0,0,0,0,0,0,0,0,0,0,0,13881,"MIGUEL, AV S",NA,"",65,"PONTE RASA",1,0,"MIGUEL, AV S 3300 SAO PAULO SP",-23.6423236,-46.6269063
"5561","D031300874",16340,"PIRAJUSSARA, RUA",NA,"",432,"","27/03/2013 23:58",2,"QM",51,2912," "," ",0,1,0,0,0,0,0,0,0,0,0,0,0,0,0,0,0,16340,"PIRAJUSSARA, RUA",NA,"",13,"CACHOEIRINHA",1,0,"PIRAJUSSARA, RUA 432 SAO PAULO SP",-23.5710207,-46.7072468
"5562","D031302318",17824,"SAPOPEMBA, AV",NA,"",9020,"","28/03/2013 03:32",2,"CO",70,3125," "," ",1,0,0,0,0,0,0,1,0,0,0,0,0,0,0,0,0,17824,"SAPOPEMBA, AV",NA,"",33,"IPIRANGA",1,0,"SAPOPEMBA, AV 9020 SAO PAULO SP",-23.6001187,-46.5130698
"5563","D031301334",6361,"ELISIO TEIXEIRA LEITE, AV",NA,"",4081,"","28/03/2013 03:50",2,"CO",74,1200," "," ",2,0,0,0,0,0,0,0,0,0,0,0,0,0,0,0,0,6361,"ELISIO TEIXEIRA LEITE, AV",NA,"",29,"FREGUESIA DO O",4,0,"ELISIO TEIXEIRA LEITE, AV 4081 SAO PAULO SP",-23.4617449,-46.7147472
"5564","D031300608",19544,"VENEZA, RUA",8225,"GROENLANDIA, RUA",0,"","28/03/2013 05:30",2,"CO",15,1521," "," ",2,0,0,0,0,0,0,0,0,0,0,0,0,0,0,0,0,8225,"GROENLANDIA, RUA",19544,"VENEZA, RUA",44,"JARDIM PAULISTA",1,0,"VENEZA, RUA SAO PAULO SP &  GROENLANDIA, RUA SAO PAULO SP",-23.5764715,-46.6630863
"5565","D031300993",831,"ALTINO, AV PRES",NA,"",2970,"","28/03/2013 06:13",2,"CH",93,2047," "," ",0,1,0,0,0,0,0,0,0,0,0,0,0,0,0,0,0,831,"ALTINO, AV PRES",NA,"",40,"JAGUARE",1,0,"ALTINO, AV PRES 2970 SAO PAULO SP",-23.5307734,-46.7585113
"5566","D031300134",12165,"LUIS ANTONIO, AV BRIG",NA,"",1200,"","28/03/2013 06:40",2,"CT",5,2433," "," ",1,0,0,0,0,0,0,0,0,0,0,1,0,0,0,0,0,12165,"LUIS ANTONIO, AV BRIG",NA,"",7,"BELA VISTA",1,0,"LUIS ANTONIO, AV BRIG 1200 SAO PAULO SP",-23.5597489,-46.6428948
"5567","D031301857",15465,"PARANACITY, RUA",NA,"",597,"","28/03/2013 07:00",4,"AT",22,1015,"C"," ",1,0,0,0,0,0,0,0,0,0,0,0,0,0,0,0,0,15465,"PARANACITY, RUA",NA,"",53,"MOEMA",1,0,"PARANACITY, RUA 597 SAO PAULO SP",-23.4891839,-46.4286722
"5568","D031300656",18908,"TOMAS EDSON, AV",14285,"MOISES KAHAN, RUA DR",0,"","28/03/2013 07:00",2,"CO",23,1682," "," ",1,1,0,0,0,0,0,0,0,0,0,0,0,0,0,0,0,14285,"MOISES KAHAN, RUA DR",18908,"TOMAS EDSON, AV",6,"BARRA FUNDA",1,0,"TOMAS EDSON, AV SAO PAULO SP &  MOISES KAHAN, RUA DR SAO PAULO SP",-23.5188585,-46.6695372
"5569","D031301788",7917,"GERALDO SANT'ANA, AV SARG",NA,"",660,"","28/03/2013 07:15",2,"CO",99,1499," "," ",1,1,0,0,0,0,0,0,0,0,0,0,0,0,0,0,0,7917,"GERALDO SANT'ANA, AV SARG",NA,"",16,"CAMPO GRANDE",1,0,"GERALDO SANT'ANA, AV SARG 660 SAO PAULO SP",-23.6635084,-46.6844927
"5570","D031301242",6450,"EMILIO CARLOS, AV DEP",NA,"",3059,"","28/03/2013 07:20",2,"CO",40,1061," "," ",1,1,0,0,0,0,0,0,0,0,0,0,0,0,0,0,0,6450,"EMILIO CARLOS, AV DEP",NA,"",50,"LIMAO",1,0,"EMILIO CARLOS, AV DEP 3059 SAO PAULO SP",-23.4810202,-46.6731387
"5571","D031301424",17824,"SAPOPEMBA, AV",NA,"",3690,"","28/03/2013 07:30",2,"CT",29,842," "," ",1,1,0,0,0,0,0,0,0,0,0,0,0,0,0,0,0,17824,"SAPOPEMBA, AV",NA,"",33,"IPIRANGA",2,0,"SAPOPEMBA, AV 3690 SAO PAULO SP",-23.57516,-46.5537822
"5572","D031301695",20048,"YERVANT KISSAJIKIAN, AV",NA,"",2600,"","28/03/2013 08:12",4,"AT",80,900111," "," ",0,0,0,0,0,0,0,0,0,0,0,1,0,0,0,0,0,20048,"YERVANT KISSAJIKIAN, AV",NA,"",29,"FREGUESIA DO O",1,0,"YERVANT KISSAJIKIAN, AV 2600 SAO PAULO SP",-23.6788114,-46.6566935
"5573","D031301488",24338,"LUIZ IGNACIO ANHAIA MELLO, AV PROF",NA,"",3800,"","28/03/2013 08:20",2,"QM",42,1131,"C"," ",0,1,0,0,0,0,0,0,0,0,0,0,0,0,0,0,0,24338,"LUIZ IGNACIO ANHAIA MELLO, AV PROF",NA,"",26,"CONSOLACAO",1,0,"LUIZ IGNACIO ANHAIA MELLO, AV PROF 3800 SAO PAULO SP",-23.5822745,-46.5572639
"5576","D031300803",34682,"CAMPO LIMPO, ES DO",NA,"",3468,"","28/03/2013 08:30",2,"CL",37,2614," "," ",0,1,0,1,0,0,0,0,0,0,0,0,0,0,0,0,0,34682,"CAMPO LIMPO, ES DO",NA,"",17,"CAMPO LIMPO",1,0,"CAMPO LIMPO, ES DO 3468 SAO PAULO SP",-23.2019463,-46.785846
"5577","D031300802",60553,"TULLIO MUGNAINI, RUA",NA,"",10,"","28/03/2013 09:02",2,"CO",37,2604,"C"," ",1,1,0,0,0,0,0,0,0,0,0,0,0,0,0,0,0,60553,"TULLIO MUGNAINI, RUA",NA,"",29,"FREGUESIA DO O",2,0,"TULLIO MUGNAINI, RUA 10 SAO PAULO SP",-23.6594558,-46.7666372
"5578","D031302205",45521,"ELOA DO VALLE QUADROS, RUA DNA",99999,"METALURGICOS, AV DOS",0,"","28/03/2013 09:22",4,"AT",54,1769," "," ",1,0,0,0,0,0,0,0,0,0,0,0,0,0,0,0,0,45521,"ELOA DO VALLE QUADROS, RUA DNA",99999,"METALURGICOS, AV DOS",25,"CIDADE TIRADENT",1,0,"ELOA DO VALLE QUADROS, RUA DNA SAO PAULO SP &  METALURGICOS, AV DOS SAO PAULO SP",-23.589121,-46.4108055
"5579","D031301946",45771,"PAULO TAPAJOS, RUA",NA,"",100,"","28/03/2013 09:27",2,"CO",50,3784," "," ",0,1,0,0,1,0,0,0,0,0,0,0,0,0,0,0,0,45771,"PAULO TAPAJOS, RUA",NA,"",35,"ITAIM PAULISTA",1,0,"PAULO TAPAJOS, RUA 100 SAO PAULO SP",-23.5045309,-46.3761565
"5580","D031300300",5618,"CURSINO, AV DO",NA,"",840,"","28/03/2013 09:35",2,"SI",16,4060," "," ",1,1,0,0,0,0,0,0,0,0,0,0,0,0,0,0,0,5618,"CURSINO, AV DO",NA,"",27,"CURSINO",1,0,"CURSINO, AV DO 840 SAO PAULO SP",-23.6099823,-46.6174168
"5581","D031302356",4593,"CATAO, RUA",17348,"ROMA, RUA",0,"","28/03/2013 09:58",4,"AT",14,3011," "," ",0,0,1,0,0,0,0,0,0,0,0,0,0,0,0,0,0,4593,"CATAO, RUA",17348,"ROMA, RUA",NA,"",0,1,"CATAO, RUA SAO PAULO SP &  ROMA, RUA SAO PAULO SP",-23.5270424,-46.7007099
"5582","D031300609",1374,"ANGELINA MAFFEI VITA, RUA",NA,"",493,"","28/03/2013 10:20",4,"AT",15,1531," "," ",0,0,0,1,0,0,0,0,0,0,0,0,0,0,0,0,0,1374,"ANGELINA MAFFEI VITA, RUA",NA,"",63,"PINHEIROS",1,0,"ANGELINA MAFFEI VITA, RUA 493 SAO PAULO SP",-23.5808577,-46.6881444
"5583","D031300610",7691,"GABRIEL MONTEIRO DA SILVA, AL",NA,"",2407,"","28/03/2013 10:45",2,"CO",15,1532," "," ",0,1,0,0,0,0,0,0,0,0,0,1,0,0,0,0,0,7691,"GABRIEL MONTEIRO DA SILVA, AL",NA,"",63,"PINHEIROS",1,0,"GABRIEL MONTEIRO DA SILVA, AL 2407 SAO PAULO SP",-23.5757356,-46.689755
"5585","D031302135",29950,"ANECY ROCHA, RUA",NA,"",1223,"","28/03/2013 11:00",4,"AT",49,974," "," ",0,1,0,0,0,0,0,0,0,0,0,0,0,0,0,0,0,29950,"ANECY ROCHA, RUA",NA,"",32,"IGUATEMI",1,0,"ANECY ROCHA, RUA 1223 SAO PAULO SP",-23.6103142,-46.4346715
"5586","D031302073",10152,"JOAO BATISTA CONTI, AV PROF",46936,"JACU-PESSEGO/NOVA TRABALHADORE, AV",0,"","28/03/2013 11:00",2,"CO",103,1277," "," ",0,0,0,0,0,0,0,0,0,0,0,2,0,0,0,0,0,10152,"JOAO BATISTA CONTI, AV PROF",46936,"JACU-PESSEGO/NOVA TRABALHADORE, AV",36,"ITAQUERA",2,0,"JOAO BATISTA CONTI, AV PROF SAO PAULO SP &  JACU-PESSEGO/NOVA TRABALHADORE, AV SAO PAULO SP",-23.5509054,-46.4372431
"5587","D031300313",12611,"MANIFESTO, RUA",NA,"",3000,"","28/03/2013 11:30",2,"CT",17,1803," "," ",1,1,0,0,0,0,0,0,0,0,0,0,0,0,0,0,0,12611,"MANIFESTO, RUA",NA,"",33,"IPIRANGA",1,0,"MANIFESTO, RUA 3000 SAO PAULO SP",-23.600123,-46.5992258
"5588","D031300080",16028,"PEIXOTO GOMIDE, RUA",NA,"",671,"","28/03/2013 11:30",2,"CL",4,1122," "," ",0,1,0,0,0,0,0,0,0,1,0,0,0,0,0,0,0,16028,"PEIXOTO GOMIDE, RUA",NA,"",34,"ITAIM BIBI",1,0,"PEIXOTO GOMIDE, RUA 671 SAO PAULO SP",-23.5597934,-46.6559499
"5589","D031302375",14094,"MOGI DAS CRUZES, ES DE",NA,"",460,"","28/03/2013 11:45",4,"AT",62,1236," "," ",1,0,0,0,0,0,0,0,0,0,0,0,0,0,0,0,0,14094,"MOGI DAS CRUZES, ES DE",NA,"",NA,"",0,1,"MOGI DAS CRUZES, ES DE 460 SAO PAULO SP",-23.5505199,-46.6333094
"5590","D031300481",10208,"JOAO CLIMACO, ES S",NA,"",184,"","28/03/2013 11:54",2,"CO",95,1533," "," ",1,1,0,0,0,0,0,0,0,0,0,0,0,0,0,0,0,10208,"JOAO CLIMACO, ES S",NA,"",69,"SACOMA",1,0,"JOAO CLIMACO, ES S 184 SAO PAULO SP",-23.5505199,-46.6333094
"5591","D031300538",6097,"DOZE DE OUTUBRO, RUA",5077,"CLEMENTE ALVARES, RUA",0,"","28/03/2013 12:10",4,"AT",7,2016," "," ",0,0,0,0,0,0,0,1,0,0,0,0,0,0,0,0,0,5077,"CLEMENTE ALVARES, RUA",6097,"DOZE DE OUTUBRO, RUA",48,"LAPA",1,0,"DOZE DE OUTUBRO, RUA SAO PAULO SP &  CLEMENTE ALVARES, RUA SAO PAULO SP",-23.5214655,-46.7046961
"5592","D031300599",6238,"NACOES UNIDAS, AV DAS",NA,"",9999,"","28/03/2013 12:30",2,"CT",14,3554," "," ",3,1,0,0,0,0,0,0,0,0,0,0,0,0,0,0,0,13014,"MARGINAL DO RIO PINHEIROS, AV",NA,"",90,"VILA LEOPOLDINA",1,0,"NACOES UNIDAS, AV DAS 9999 SAO PAULO SP",-23.6791555,-46.6961009
"5593","D031300196",6642,"ESTADO, AV DO",18060,"SERRA DE PARACAINA, RUA",0,"","28/03/2013 12:40",2,"CO",8,2265,"C"," ",1,1,0,0,0,0,0,0,0,0,0,0,0,0,0,0,0,6642,"ESTADO, AV DO",18060,"SERRA DE PARACAINA, RUA",14,"CAMBUCI",1,0,"ESTADO, AV DO SAO PAULO SP &  SERRA DE PARACAINA, RUA SAO PAULO SP",-23.5635869,-46.6112253
"5594","D031301556",2009,"ARACE, RUA",NA,"",249,"","28/03/2013 12:45",4,"AT",58,738,"B"," ",1,0,0,0,0,0,0,0,0,0,0,0,0,0,0,0,0,2009,"ARACE, RUA",NA,"",87,"VILA FORMOSA",1,0,"ARACE, RUA 249 SAO PAULO SP",-23.5638841,-46.5438045
"5595","D031300301",4473,"CARNEIRO DA CUNHA, RUA",NA,"",210,"","28/03/2013 13:00",4,"AT",16,4077," "," ",0,0,0,0,0,0,0,0,0,0,0,0,0,0,0,1,0,4473,"CARNEIRO DA CUNHA, RUA",NA,"",79,"SAUDE",1,0,"CARNEIRO DA CUNHA, RUA 210 SAO PAULO SP",-23.6152068,-46.6373903
"5597","D031300482",11562,"LAGRIMAS, ES DAS",NA,"",1968,"","28/03/2013 13:15",2,"CH",95,1536," "," ",1,0,0,0,1,0,0,0,0,0,0,0,0,0,0,0,0,11562,"LAGRIMAS, ES DAS",NA,"",69,"SACOMA",1,0,"LAGRIMAS, ES DAS 1968 SAO PAULO SP",-23.5505199,-46.6333094
"5599","D031301217",16658,"PROMESSAS, RUA DAS",NA,"",180,"","28/03/2013 13:30",2,"CL",39,1464," "," ",1,0,0,0,1,0,0,0,0,0,0,0,0,0,0,0,0,16658,"PROMESSAS, RUA DAS",NA,"",22,"CIDADE ADEMAR",1,0,"PROMESSAS, RUA DAS 180 SAO PAULO SP",-23.4917547,-46.5885383
"5601","D031302050",74672,"MATEUS BARBOSA DE REZENDE, RUA",21199,"JOSE PESSOTA, RUA",0,"","28/03/2013 14:00",2,"CO",67,908," "," ",1,0,0,0,1,0,0,0,0,0,0,0,0,0,0,0,0,21199,"JOSE PESSOTA, RUA",74672,"MATEUS BARBOSA DE REZENDE, RUA",NA,"",1,0,"MATEUS BARBOSA DE REZENDE, RUA SAO PAULO SP &  JOSE PESSOTA, RUA SAO PAULO SP",-23.5168673,-46.4126367
"5602","D031302296",43404,"VILANOVA ARTIGAS, AV ARQ",NA,"",1381,"","28/03/2013 14:10",2,"SI",69,3111," "," ",2,0,0,0,0,0,0,0,0,0,0,0,0,0,0,0,0,43404,"VILANOVA ARTIGAS, AV ARQ",NA,"",56,"PARELHEIROS",3,0,"VILANOVA ARTIGAS, AV ARQ 1381 SAO PAULO SP",-23.5505199,-46.6333094
"5603","D031300382",19100,"BANDEIRANTES, AV DOS",10678,"JORGE FALEIROS, RUA",0,"","28/03/2013 14:13",2,"CO",27,1392," "," ",1,1,0,0,0,0,0,0,0,0,0,0,0,0,0,0,0,10678,"JORGE FALEIROS, RUA",19100,"BANDEIRANTES, AV DOS",63,"PINHEIROS",1,0,"BANDEIRANTES, AV DOS SAO PAULO SP &  JORGE FALEIROS, RUA SAO PAULO SP",-23.6016317,-46.6827292
"5604","D031301464",12101,"LUCILIA DE QUEIROZ, RUA",6305,"ELEONORA CINTRA, RUA",0,"","28/03/2013 14:50",2,"QD",30,1764," "," ",0,0,1,0,0,0,0,0,0,0,0,0,0,0,0,0,0,6305,"ELEONORA CINTRA, RUA",12101,"LUCILIA DE QUEIROZ, RUA",NA,"",1,0,"LUCILIA DE QUEIROZ, RUA SAO PAULO SP &  ELEONORA CINTRA, RUA SAO PAULO SP",-23.5534584,-46.5618261
"5605","D031302165",9044,"RAGUEB CHOHFI, AV",2176,"FRANCISCO BARBOSA, RUA",0,"","28/03/2013 14:54",2,"CL",49,4182," "," ",1,1,0,0,0,0,0,0,0,0,0,0,0,0,0,0,0,9044,"RAGUEB CHOHFI, AV",71007,"LUIZA DE JESUS FERREIRA, RUA",32,"IGUATEMI",1,0,"RAGUEB CHOHFI, AV SAO PAULO SP &  FRANCISCO BARBOSA, RUA SAO PAULO SP",-23.5962789,-46.4358414
"5607","D031300314",15609,"PATRIOTAS, RUA DOS",12611,"MANIFESTO, RUA",0,"","28/03/2013 15:00",2,"QD",17,1807," "," ",0,0,1,0,0,0,0,0,0,0,0,0,0,0,0,0,0,12611,"MANIFESTO, RUA",15609,"PATRIOTAS, RUA DOS",33,"IPIRANGA",1,0,"PATRIOTAS, RUA DOS SAO PAULO SP &  MANIFESTO, RUA SAO PAULO SP",-23.5820082,-46.5986804
"5608","D031301770",3633,"BRAS DE ABREU, AV",NA,"",35,"","28/03/2013 15:30",2,"CO",98,3508," "," ",1,1,0,0,0,0,0,0,0,0,0,0,0,0,0,0,0,3633,"BRAS DE ABREU, AV",NA,"",22,"CIDADE ADEMAR",1,0,"BRAS DE ABREU, AV 35 SAO PAULO SP",-23.6796548,-46.6404737
"5609","D031302309",15032,"ORATORIO, AV DO",NA,"",4659,"","28/03/2013 16:10",2,"CO",70,1752," "," ",1,0,1,0,0,0,0,0,0,0,0,0,0,0,0,0,0,15032,"ORATORIO, AV DO",NA,"",26,"CONSOLACAO",1,0,"ORATORIO, AV DO 4659 SAO PAULO SP",-23.6026918,-46.5297924
"5610","D031301787",14743,"SABARA, AV NSRA DO",NA,"",2926,"","28/03/2013 16:30",4,"AT",99,1430," "," ",1,0,0,0,0,0,0,0,0,0,0,0,0,0,0,0,0,14743,"SABARA, AV NSRA DO",NA,"",16,"CAMPO GRANDE",1,0,"SABARA, AV NSRA DO 2926 SAO PAULO SP",-23.5505199,-46.6333094
"5611","D031301384",954,"AMADOR BUENO DA VEIGA, AV",NA,"",1348,"","28/03/2013 16:45",2,"CT",10,3504," "," ",1,1,0,0,0,0,0,0,0,0,0,0,0,0,0,0,0,954,"AMADOR BUENO DA VEIGA, AV",NA,"",60,"PENHA",1,0,"AMADOR BUENO DA VEIGA, AV 1348 SAO PAULO SP",-23.5227875,-46.53189
"5614","D031300099",1356,"ANGELICA, AV",10947,"JOSE EUSEBIO, RUA CEL",0,"","28/03/2013 17:00",2,"CO",4,2325," "," ",1,1,0,0,0,0,0,0,0,0,0,0,0,0,0,0,0,1356,"ANGELICA, AV",10947,"JOSE EUSEBIO, RUA CEL",26,"CONSOLACAO",1,0,"ANGELICA, AV SAO PAULO SP &  JOSE EUSEBIO, RUA CEL SAO PAULO SP",-23.5474146,-46.6586504
"5615","D031301535",24338,"LUIZ IGNACIO ANHAIA MELLO, AV PROF",5836,"DIANOPOLIS, RUA",0,"","28/03/2013 17:03",4,"AT",56,1926," "," ",0,1,0,0,0,0,0,0,0,0,0,0,0,0,0,0,0,5836,"DIANOPOLIS, RUA",24338,"LUIZ IGNACIO ANHAIA MELLO, AV PROF",95,"VILA PRUDENTE",1,0,"LUIZ IGNACIO ANHAIA MELLO, AV PROF SAO PAULO SP &  DIANOPOLIS, RUA SAO PAULO SP",-23.5827842,-46.565808
"5616","D031300100",989,"AMARAL GURGEL, RUA",5245,"CONSOLACAO, RUA DA",0,"","28/03/2013 17:15",2,"CF",4,2328," "," ",1,1,0,0,0,0,0,0,0,0,0,0,0,0,0,0,0,989,"AMARAL GURGEL, RUA",5245,"CONSOLACAO, RUA DA",NA,"",2,0,"AMARAL GURGEL, RUA SAO PAULO SP &  CONSOLACAO, RUA DA SAO PAULO SP",-23.5419473,-46.6475939