"","id_acidente","codloga","logradouroA","codlogb","logradouroB","alt_num","referencia","data","cod_acid","tipo_acidente","dp","numero_BO","sentido","pista","automovel","moto","onibus","caminhao","bicicleta","moto_taxi","onibus_fretado","onibus_urbano","microonibus","van","vuc","caminhonete","carreta","jipe","outros","sem_informacao","carroca","princ_a","paiA","princ_b","paiB","cod_distrito","distrito","vit_ferida","vit_morta","local","lat","lon"
"5619","D031300594",6819,"EUSEBIO MATOSO, AV",NA,"",800,"","28/03/2013 18:11",2,"CO",14,2952," "," ",0,1,0,0,0,0,0,0,0,0,0,1,0,0,0,0,0,6819,"EUSEBIO MATOSO, AV",NA,"",63,"PINHEIROS",1,0,"EUSEBIO MATOSO, AV 800 SAO PAULO SP",-23.5717906,-46.6989295
"5620","D031300595",2149,"ARCOVERDE, RUA CARD",5596,"CUNHA GAGO, RUA",0,"","28/03/2013 18:24",4,"AT",14,2955," "," ",1,0,0,0,0,0,0,0,0,0,0,0,0,0,0,0,0,2149,"ARCOVERDE, RUA CARD",5596,"CUNHA GAGO, RUA",26,"CONSOLACAO",1,0,"ARCOVERDE, RUA CARD SAO PAULO SP &  CUNHA GAGO, RUA SAO PAULO SP",-23.5692822,-46.694879
"5621","D031300795",34682,"CAMPO LIMPO, ES DO",NA,"",1860,"","28/03/2013 18:30",2,"CO",37,2513," "," ",1,1,0,0,0,0,0,0,0,0,0,0,0,0,0,0,0,34682,"CAMPO LIMPO, ES DO",NA,"",17,"CAMPO LIMPO",1,0,"CAMPO LIMPO, ES DO 1860 SAO PAULO SP",-23.2019463,-46.785846
"5623","D031300863",16878,"RAPOSO TAVARES, VIA",NA,"",12800,"","28/03/2013 18:45",2,"CO",51,1479," "," ",1,1,0,0,0,0,0,0,0,0,0,0,0,0,0,0,0,16878,"RAPOSO TAVARES, VIA",NA,"",13,"CACHOEIRINHA",1,0,"RAPOSO TAVARES, VIA 12800 SAO PAULO SP",-23.5325862,-48.4380912
"5624","D031301253",6361,"ELISIO TEIXEIRA LEITE, AV",NA,"",2845,"","28/03/2013 18:50",2,"CO",45,2684," "," ",1,1,0,0,0,0,0,0,0,0,0,0,0,0,0,0,0,6361,"ELISIO TEIXEIRA LEITE, AV",NA,"",29,"FREGUESIA DO O",1,0,"ELISIO TEIXEIRA LEITE, AV 2845 SAO PAULO SP",-23.4718219,-46.7066289
"5626","D031300611",5175,"COLOMBIA, RUA",5443,"COSTA RICA, RUA",0,"","28/03/2013 19:00",2,"CO",15,1539," "," ",1,1,0,0,0,0,0,0,0,0,0,0,0,0,0,0,0,5175,"COLOMBIA, RUA",5443,"COSTA RICA, RUA",44,"JARDIM PAULISTA",1,0,"COLOMBIA, RUA SAO PAULO SP &  COSTA RICA, RUA SAO PAULO SP",-23.5693484,-46.6719364
"5627","D031300272",10004,"JAU, AL",16028,"PEIXOTO GOMIDE, RUA",0,"","28/03/2013 19:30",2,"CO",78,2468," "," ",1,1,0,0,0,0,0,0,0,0,0,0,0,0,0,0,0,10004,"JAU, AL",16028,"PEIXOTO GOMIDE, RUA",44,"JARDIM PAULISTA",1,0,"JAU, AL SAO PAULO SP &  PEIXOTO GOMIDE, RUA SAO PAULO SP",-23.5679832,-46.6526752
"5628","D031300592",6897,"FARIA LIMA, AV BRIG",NA,"",550,"","28/03/2013 19:30",2,"CT",14,2950," "," ",1,1,0,0,0,0,0,0,0,0,0,0,0,0,0,0,0,6897,"FARIA LIMA, AV BRIG",NA,"",63,"PINHEIROS",1,0,"FARIA LIMA, AV BRIG 550 SAO PAULO SP",-23.5635466,-46.6944633
"5629","D031302208",99999,"METALURGICOS, AV DOS",NA,"",1291,"","28/03/2013 19:30",2,"CO",54,1846,"B"," ",1,1,0,0,0,0,0,0,0,0,0,0,0,0,0,0,0,99999,"METALURGICOS, AV DOS",NA,"",25,"CIDADE TIRADENT",2,0,"METALURGICOS, AV DOS 1291 SAO PAULO SP",-23.5935441,-46.4063563
"5630","D031302400",38494,"FUNCIONARIOS PUBLICOS, AV DOS",NA,"",18,"","28/03/2013 19:31",4,"AT",47,3892," "," ",0,0,0,0,0,0,0,0,0,0,0,0,0,0,0,1,0,38494,"FUNCIONARIOS PUBLICOS, AV DOS",NA,"",32,"IGUATEMI",0,1,"FUNCIONARIOS PUBLICOS, AV DOS 18 SAO PAULO SP",-23.7314585,-46.7858837
"5631","D031300303",8379,"GUARAREMA, RUA",NA,"",585,"","28/03/2013 19:35",4,"AT",16,4107," "," ",0,0,0,0,0,0,0,0,0,0,0,0,0,0,0,1,0,8379,"GUARAREMA, RUA",NA,"",27,"CURSINO",1,0,"GUARAREMA, RUA 585 SAO PAULO SP",-23.6114707,-46.6259019
"5632","D031300329",5689,"DANIEL, RUA S",NA,"",200,"","28/03/2013 19:40",2,"QD",26,2759," "," ",0,0,1,0,0,0,0,0,0,0,0,0,0,0,0,0,0,5689,"DANIEL, RUA S",NA,"",27,"CURSINO",1,0,"DANIEL, RUA S 200 SAO PAULO SP",-23.6101725,-46.612168
"5633","D031301110",5204,"CONCEICAO (ES.), AV",NA,"",3120,"","28/03/2013 19:45",2,"QD",19,4775," "," ",0,0,0,0,0,0,0,1,0,0,0,0,0,0,0,0,0,5204,"CONCEICAO (ES.), AV",NA,"",88,"VILA GUILHERME",1,0,"CONCEICAO (ES.), AV 3120 SAO PAULO SP",-23.5505199,-46.6333094
"5634","D031300059",17507,"RUDGE, AV",NA,"",386,"","28/03/2013 19:46",4,"AT",2,1731," "," ",0,1,0,0,0,0,0,0,0,0,0,0,0,0,0,0,0,17507,"RUDGE, AV",NA,"",70,"SANTA CECILIA",1,0,"RUDGE, AV 386 SAO PAULO SP",-23.5245128,-46.649543
"5636","D031300305",26501,"JOSE MARIA WHITAKER, AV",6045,"DOMINGOS OSVALDO BATAGLIA, RUA",0,"","28/03/2013 21:00",2,"CO",16,4128," "," ",2,0,0,0,0,0,0,0,0,0,0,0,0,0,0,0,0,6045,"DOMINGOS OSVALDO BATAGLIA, RUA",26501,"JOSE MARIA WHITAKER, AV",79,"SAUDE",1,0,"JOSE MARIA WHITAKER, AV SAO PAULO SP &  DOMINGOS OSVALDO BATAGLIA, RUA SAO PAULO SP",-23.6220372,-46.6424411
"5637","D031300446",57,"ABILIO SOARES, RUA",3274,"BERNARDINO DE CAMPOS, AV",0,"","28/03/2013 21:30",4,"AT",36,3212," "," ",0,1,0,0,0,0,0,0,0,0,0,0,0,0,0,0,0,57,"ABILIO SOARES, RUA",3274,"BERNARDINO DE CAMPOS, AV",92,"VILA MARIANA",1,0,"ABILIO SOARES, RUA SAO PAULO SP &  BERNARDINO DE CAMPOS, AV SAO PAULO SP",-23.577059,-46.6504268
"5638","D031301995",9084,"IMPERADOR, ES DO",21253,"AGUIA DE HAIA, AV",0,"","28/03/2013 21:30",2,"QD",63,3180," "," ",0,0,1,0,0,0,0,0,0,0,0,0,0,0,0,0,0,9084,"IMPERADOR, ES DO",21253,"AGUIA DE HAIA, AV",89,"VILA JACUI",1,0,"IMPERADOR, ES DO SAO PAULO SP &  AGUIA DE HAIA, AV SAO PAULO SP",-23.5505199,-46.6333094
"5639","D031301611",19844,"VITOR MANZINI, AV",NA,"",470,"","28/03/2013 21:35",2,"CL",11,3464," "," ",0,1,0,0,0,0,0,0,0,0,0,0,0,0,0,1,0,19844,"VITOR MANZINI, AV",NA,"",29,"FREGUESIA DO O",1,0,"VITOR MANZINI, AV 470 SAO PAULO SP",-23.6630783,-46.7077461
"5641","D031300270",3581,"BRASIL, AV",5175,"COLOMBIA, RUA",0,"","28/03/2013 22:32",2,"CO",78,2457," "," ",1,1,0,0,0,0,0,1,0,0,0,0,0,0,0,0,0,3581,"BRASIL, AV",5175,"COLOMBIA, RUA",44,"JARDIM PAULISTA",1,0,"BRASIL, AV SAO PAULO SP &  COLOMBIA, RUA SAO PAULO SP",-21.4863218,-47.3631133
"5642","D031302242",74033,"JOSE RICARDO DA COSTA, RUA",NA,"",340,"","28/03/2013 23:14",2,"CO",55,4196," "," ",1,0,0,0,0,0,0,0,0,0,0,1,0,0,0,0,0,74033,"JOSE RICARDO DA COSTA, RUA",NA,"",55,"MORUMBI",3,0,"JOSE RICARDO DA COSTA, RUA 340 SAO PAULO SP",-23.6159146,-46.475568
"5643","D031301692",20048,"YERVANT KISSAJIKIAN, AV",NA,"",3132,"","28/03/2013 23:25",2,"CT",80,3362," "," ",0,2,0,0,0,0,0,0,0,0,0,0,0,0,0,0,0,20048,"YERVANT KISSAJIKIAN, AV",NA,"",29,"FREGUESIA DO O",2,0,"YERVANT KISSAJIKIAN, AV 3132 SAO PAULO SP",-23.6819593,-46.6525886
"5644","D031300839",73197,"MOGEIRO, RUA",NA,"",500,"","28/03/2013 23:25",4,"AT",46,2860," "," ",1,0,0,0,0,0,0,0,0,0,0,0,0,0,0,0,0,73197,"MOGEIRO, RUA",NA,"",52,"MARSILAC",1,0,"MOGEIRO, RUA 500 SAO PAULO SP",-23.4062927,-46.7587406
"5645","D031300658",18908,"TOMAS EDSON, AV",NA,"",286,"","28/03/2013 23:25",2,"CO",23,1702," "," ",1,1,0,0,0,0,0,0,0,0,0,0,0,0,0,0,0,18908,"TOMAS EDSON, AV",NA,"",35,"ITAIM PAULISTA",1,0,"TOMAS EDSON, AV 286 SAO PAULO SP",-23.5233575,-46.6655079
"5646","D031301031",36061,"LUIZ DUMONT VILLARES, AV",NA,"",580,"","28/03/2013 23:30",2,"CO",9,2776," "," ",0,2,0,0,0,0,0,0,0,0,0,0,0,0,0,0,0,36061,"LUIZ DUMONT VILLARES, AV",NA,"",22,"CIDADE ADEMAR",1,0,"LUIZ DUMONT VILLARES, AV 580 SAO PAULO SP",-23.4969823,-46.6119166
"5649","D031301285",71000,"FIRMINOPOLIS, RUA",NA,"",336,"","29/03/2013 01:20",2,"QM",72,2689," "," ",0,1,0,0,0,0,0,0,0,0,0,0,0,0,0,0,0,71000,"FIRMINOPOLIS, RUA",NA,"",8,"BELEM",1,0,"FIRMINOPOLIS, RUA 336 SAO PAULO SP",-23.4501515,-46.6845455
"5650","D031301649",16540,"DELFINO FACCHINA, RUA",NA,"",606,"","29/03/2013 01:20",4,"AT",43,3366," "," ",0,0,0,0,0,0,0,0,0,0,0,0,0,0,0,1,0,16540,"DELFINO FACCHINA, RUA",NA,"",29,"FREGUESIA DO O",1,0,"DELFINO FACCHINA, RUA 606 SAO PAULO SP",-23.6761806,-46.6495524
"5651","D031301557",16971,"RENATA, AV",12496,"MAFALDA, RUA",0,"","29/03/2013 02:00",2,"CT",58,1692," "," ",3,0,0,0,0,0,0,0,0,0,0,0,0,0,0,0,0,12496,"MAFALDA, RUA",16971,"RENATA, AV",87,"VILA FORMOSA",2,0,"RENATA, AV SAO PAULO SP &  MAFALDA, RUA SAO PAULO SP",-23.5706876,-46.5404529
"5652","D031300995",3607,"BRASILIA MARCONDES BUARQUE, RUA",NA,"",246,"","29/03/2013 02:40",2,"CO",93,2052," "," ",1,0,0,0,0,0,0,0,0,0,0,1,0,0,0,0,0,3607,"BRASILIA MARCONDES BUARQUE, RUA",NA,"",40,"JAGUARE",2,0,"BRASILIA MARCONDES BUARQUE, RUA 246 SAO PAULO SP",-23.5479997,-46.7500931
"5653","D031302416",6897,"FARIA LIMA, AV BRIG",NA,"",3400,"","29/03/2013 03:15",2,"CH",15,3887," "," ",0,1,0,0,0,0,0,0,0,0,0,0,0,0,0,0,0,6897,"FARIA LIMA, AV BRIG",NA,"",NA,"",0,1,"FARIA LIMA, AV BRIG 3400 SAO PAULO SP",-23.5859844,-46.6830647
"5654","D031300271",15656,"PAULISTA, AV",NA,"",1100,"","29/03/2013 03:16",4,"AT",78,2462," "," ",1,0,0,0,0,0,0,0,0,0,0,0,0,0,0,0,0,15656,"PAULISTA, AV",NA,"",7,"BELA VISTA",1,0,"PAULISTA, AV 1100 SAO PAULO SP",-23.5646509,-46.652501
"5655","D031301855",2483,"ATLANTICA ANT. ROBERT KENNEDY, AV",NA,"",3621,"","29/03/2013 03:28",2,"CO",102,3460," "," ",1,1,0,0,0,0,0,0,0,0,0,0,0,0,0,0,0,2483,"ATLANTICA ANT. ROBERT KENNEDY, AV",NA,"",23,"CIDADE DUTRA",1,0,"ATLANTICA ANT. ROBERT KENNEDY, AV 3621 SAO PAULO SP",-23.5505199,-46.6333094
"5656","D031301002",5204,"CONCEICAO (ES.), AV",NA,"",1510,"","29/03/2013 04:00",2,"CH",9,1212," "," ",1,0,0,0,0,0,0,0,0,0,0,0,0,0,0,0,0,5204,"CONCEICAO (ES.), AV",NA,"",88,"VILA GUILHERME",2,0,"CONCEICAO (ES.), AV 1510 SAO PAULO SP",-23.5505199,-46.6333094
"5657","D031302355",7671,"GABRIEL, AV S",NA,"",201,"","29/03/2013 04:00",2,"CH",15,436," "," ",1,0,0,0,0,0,0,0,0,0,0,0,0,0,0,0,0,7671,"GABRIEL, AV S",NA,"",34,"ITAIM BIBI",0,1,"GABRIEL, AV S 201 SAO PAULO SP",-23.581355,-46.6706788
"5658","D031300304",3523,"BOSQUE DA SAUDE, AV",NA,"",834,"","29/03/2013 04:20",2,"CH",16,4108," "," ",1,0,0,0,0,0,0,0,0,0,0,0,0,0,0,0,0,3523,"BOSQUE DA SAUDE, AV",NA,"",27,"CURSINO",1,0,"BOSQUE DA SAUDE, AV 834 SAO PAULO SP",-23.6114189,-46.63026
"5660","D031302166",13671,"MATEO BEI, AV",NA,"",764,"","29/03/2013 05:00",2,"CT",49,4205," "," ",1,1,0,0,0,0,0,0,0,0,0,0,0,0,0,0,0,13671,"MATEO BEI, AV",NA,"",75,"SAO MATEUS",2,0,"MATEO BEI, AV 764 SAO PAULO SP",-23.5900769,-46.4898734
"5661","D031302414",20075,"ZITO, RUA DR",NA,"",174,"","29/03/2013 05:10",4,"AT",97,977," "," ",1,0,0,0,0,0,0,0,0,0,0,0,0,0,0,0,0,20075,"ZITO, RUA DR",NA,"",NA,"",0,1,"ZITO, RUA DR 174 SAO PAULO SP",-23.6511214,-46.610162
"5662","D031301698",15507,"TEOTONIO VILELA, AV SEN",NA,"",4696,"","29/03/2013 05:33",4,"AT",85,725,"B"," ",0,1,0,0,0,0,0,0,0,0,0,0,0,0,0,0,0,15507,"TEOTONIO VILELA, AV SEN",NA,"",23,"CIDADE DUTRA",1,0,"TEOTONIO VILELA, AV SEN 4696 SAO PAULO SP",-23.7592357,-46.7153522
"5663","D031301206",8320,"GUAPIRA, AV",NA,"",600,"","29/03/2013 05:41",2,"CH",39,1215,"B"," ",1,0,0,0,0,0,0,0,0,0,0,0,0,0,0,0,0,8320,"GUAPIRA, AV",NA,"",38,"JACANA",1,0,"GUAPIRA, AV 600 SAO PAULO SP",-23.4783,-46.597962
"5664","D031301840",2483,"ATLANTICA ANT. ROBERT KENNEDY, AV",NA,"",3744,"","29/03/2013 05:45",4,"AT",102,441," "," ",1,0,0,0,0,0,0,0,0,0,0,0,0,0,0,0,0,2483,"ATLANTICA ANT. ROBERT KENNEDY, AV",NA,"",23,"CIDADE DUTRA",1,0,"ATLANTICA ANT. ROBERT KENNEDY, AV 3744 SAO PAULO SP",-23.5505199,-46.6333094
"5665","D031300160",15967,"PEDRO I, AV DOM",651,"ALEXANDRINO DA SILVEIRA BUENO, RUA",0,"","29/03/2013 06:30",2,"CO",8,2281," "," ",2,0,0,0,0,0,0,0,0,0,0,0,0,0,0,0,0,651,"ALEXANDRINO DA SILVEIRA BUENO, RUA",15967,"PEDRO I, AV DOM",14,"CAMBUCI",1,0,"PEDRO I, AV DOM SAO PAULO SP &  ALEXANDRINO DA SILVEIRA BUENO, RUA SAO PAULO SP",-23.5771805,-46.6103202
"5666","D031302246",17135,"RIO DAS PEDRAS, AV",NA,"",3099,"","29/03/2013 07:15",2,"CH",66,988," "," ",1,0,0,0,0,0,0,0,0,0,0,0,0,0,0,0,0,17135,"RIO DAS PEDRAS, AV",NA,"",27,"CURSINO",2,0,"RIO DAS PEDRAS, AV 3099 SAO PAULO SP",-23.579721,-46.5023434
"5667","D031301003",36061,"LUIZ DUMONT VILLARES, AV",12056,"LUCAS DE FREITAS AZEVEDO, RUA",0,"","29/03/2013 07:24",2,"CO",9,1220,"C"," ",1,0,0,0,1,0,0,0,0,0,0,0,0,0,0,0,0,12056,"LUCAS DE FREITAS AZEVEDO, RUA",36061,"LUIZ DUMONT VILLARES, AV",NA,"",1,0,"LUIZ DUMONT VILLARES, AV SAO PAULO SP &  LUCAS DE FREITAS AZEVEDO, RUA SAO PAULO SP",-23.4939156,-46.6115208
"5668","D031300383",19931,"WASHINGTON LUIS, AV",NA,"",500,"","29/03/2013 07:30",2,"QM",27,3218," "," ",0,1,0,0,0,0,0,0,0,0,0,0,0,0,0,0,0,19931,"WASHINGTON LUIS, AV",NA,"",30,"GRAJAU",1,0,"WASHINGTON LUIS, AV 500 SAO PAULO SP",-23.6592374,-46.6996908
"5669","D031302245",2181,"ARICANDUVA, AV",NA,"",1500,"","29/03/2013 07:37",4,"AT",66,986," "," ",1,0,0,0,0,0,0,0,0,0,0,0,0,0,0,0,0,2181,"ARICANDUVA, AV",NA,"",60,"PENHA",2,0,"ARICANDUVA, AV 1500 SAO PAULO SP",-23.5415431,-46.5358434
"5670","D031300233",4561,"CASTELO BRANCO, AV PRES",3222,"BENTO DE CAMARGO BARROS, PCA",0,"","29/03/2013 07:50",2,"CP",12,1775," "," ",1,0,0,0,0,0,0,0,0,0,0,0,0,0,0,0,0,3222,"BENTO DE CAMARGO BARROS, PCA",4561,"CASTELO BRANCO, AV PRES",9,"BOM RETIRO",1,0,"CASTELO BRANCO, AV PRES SAO PAULO SP &  BENTO DE CAMARGO BARROS, PCA SAO PAULO SP",-23.5216047,-46.6390428
"5672","D031302167",12286,"LUIS PITTA, RUA",NA,"",2408,"","29/03/2013 09:10",4,"AT",49,4206," "," ",1,0,0,0,0,0,0,0,0,0,0,0,0,0,0,0,0,12286,"LUIS PITTA, RUA",NA,"",75,"SAO MATEUS",1,0,"LUIS PITTA, RUA 2408 SAO PAULO SP",-23.603142,-46.4820572
"5673","D031300197",543,"ALCANTARA MACHADO, AV",7122,"FIGUEIRA, RUA DA",0,"","29/03/2013 09:34",2,"CH",8,2283," "," ",0,0,0,0,0,0,0,0,0,0,0,1,0,0,0,0,0,7122,"FIGUEIRA, RUA DA",15524,"PARNAIBA, RUA VISC DE",10,"BRAS",1,0,"ALCANTARA MACHADO, AV SAO PAULO SP &  FIGUEIRA, RUA DA SAO PAULO SP",-23.5528151,-46.613419
"5674","D031301737",35858,"GUIDO CALOI, AV",NA,"",2230,"","29/03/2013 10:00",4,"AT",92,2035," "," ",1,0,0,0,0,0,0,0,0,0,0,0,0,0,0,0,0,35858,"GUIDO CALOI, AV",NA,"",32,"IGUATEMI",1,0,"GUIDO CALOI, AV 2230 SAO PAULO SP",-23.6555747,-46.7244507
"5675","D031300612",8889,"HUNGRIA, RUA",16919,"REBOUCAS, AV",0,"","29/03/2013 11:00",2,"CO",15,1542," "," ",0,1,0,0,0,0,0,0,0,0,0,1,0,0,0,0,0,8889,"HUNGRIA, RUA",16919,"REBOUCAS, AV",63,"PINHEIROS",1,0,"HUNGRIA, RUA SAO PAULO SP &  REBOUCAS, AV SAO PAULO SP",-23.5745563,-46.6969855
"5676","D031300057",17799,"SANTOS DUMONT, AV",6642,"ESTADO, AV DO",0,"","29/03/2013 12:20",4,"AT",2,1721," "," ",1,0,0,0,0,0,0,0,0,0,0,0,0,0,0,0,0,6642,"ESTADO, AV DO",17799,"SANTOS DUMONT, AV",9,"BOM RETIRO",1,0,"SANTOS DUMONT, AV SAO PAULO SP &  ESTADO, AV DO SAO PAULO SP",-23.5257861,-46.6307889
"5677","D031302378",37111,"MUSICA DA BOA NOITE, TV",NA,"",50,"","29/03/2013 12:30",4,"AT",49,4247," "," ",1,0,0,0,0,0,0,0,0,0,0,0,0,0,0,0,0,37111,"MUSICA DA BOA NOITE, TV",NA,"",77,"SAO RAFAEL",0,1,"MUSICA DA BOA NOITE, TV 50 SAO PAULO SP",-23.6334468,-46.4651566
"5678","D031300036",13853,"MERCURIO, AV",7786,"GASOMETRO, RUA DO",0,"","29/03/2013 13:20",2,"CO",1,2548," "," ",1,0,0,0,0,0,0,0,0,0,0,1,0,0,0,0,0,7786,"GASOMETRO, RUA DO",13853,"MERCURIO, AV",80,"SE",1,0,"MERCURIO, AV SAO PAULO SP &  GASOMETRO, RUA DO SAO PAULO SP",-23.5422333,-46.6273817
"5679","D031302169",9044,"RAGUEB CHOHFI, AV",NA,"",4398,"","29/03/2013 13:56",4,"AT",49,4221," "," ",0,0,0,0,0,0,0,0,0,0,0,1,0,0,0,0,0,9044,"RAGUEB CHOHFI, AV",NA,"",32,"IGUATEMI",1,0,"RAGUEB CHOHFI, AV 4398 SAO PAULO SP",-23.5947679,-46.4430381
"5681","D031300037",6708,"ESTUDANTES, RUA DOS",NA,"",480,"","29/03/2013 14:40",4,"AT",1,2549," "," ",1,0,0,0,0,0,0,0,0,0,0,0,0,0,0,0,0,6708,"ESTUDANTES, RUA DOS",NA,"",80,"SE",1,0,"ESTUDANTES, RUA DOS 480 SAO PAULO SP",-23.555296,-46.6305086
"5682","D031302216",45354,"SARA KUBITSCHEK, RUA",NA,"",500,"","29/03/2013 14:50",4,"AT",54,4231," "," ",1,0,0,0,0,0,0,0,0,0,0,0,0,0,0,0,0,45354,"SARA KUBITSCHEK, RUA",NA,"",25,"CIDADE TIRADENT",1,0,"SARA KUBITSCHEK, RUA 500 SAO PAULO SP",-23.5807201,-46.4041297
"5684","D031301537",1111,"AMERICO VESPUCCI, RUA",24338,"LUIZ IGNACIO ANHAIA MELLO, AV PROF",0,"","29/03/2013 16:45",2,"CL",56,1948," "," ",1,0,0,0,0,0,0,0,0,0,0,1,0,0,0,0,0,1111,"AMERICO VESPUCCI, RUA",24338,"LUIZ IGNACIO ANHAIA MELLO, AV PROF",95,"VILA PRUDENTE",1,0,"AMERICO VESPUCCI, RUA SAO PAULO SP &  LUIZ IGNACIO ANHAIA MELLO, AV PROF SAO PAULO SP",-23.5837284,-46.5787406
"5685","D031301344",16838,"RAIMUNDO PEREIRA DE MAGAL., AV",NA,"",13000,"","29/03/2013 17:00",2,"TB",74,2708,"C"," ",0,0,0,1,0,0,0,0,0,0,0,0,0,0,0,0,0,16838,"RAIMUNDO PEREIRA DE MAGAL., AV",NA,"",31,"GUAIANASES",5,0,"RAIMUNDO PEREIRA DE MAGAL., AV 13000 SAO PAULO SP",-23.4289416,-46.7227317
"5686","D031301814",12403,"M'BOI MIRIM, ES",NA,"",6000,"","29/03/2013 18:30",2,"CO",100,1734," "," ",1,1,0,0,0,0,0,0,0,0,0,0,0,0,0,0,0,12403,"M'BOI MIRIM, ES",NA,"",42,"JARDIM ANGELA",1,0,"M'BOI MIRIM, ES 6000 SAO PAULO SP",-23.5505199,-46.6333094
"5687","D031301927",2516,"AUGUSTO CARLOS BAUMAN, RUA",NA,"",562,"","29/03/2013 19:30",2,"CO",32,2262," "," ",1,1,0,0,0,0,0,0,0,0,0,0,0,0,0,0,0,2516,"AUGUSTO CARLOS BAUMAN, RUA",NA,"",36,"ITAQUERA",1,0,"AUGUSTO CARLOS BAUMAN, RUA 562 SAO PAULO SP",-23.5333571,-46.4491296
"5688","D031301060",71701,"DOMINGOS DA COSTA MATA, RUA",NA,"",271,"","29/03/2013 19:30",2,"CO",13,2792," "," ",0,2,0,0,0,0,0,0,0,0,0,0,0,0,0,0,0,71701,"DOMINGOS DA COSTA MATA, RUA",NA,"",8,"BELEM",2,0,"DOMINGOS DA COSTA MATA, RUA 271 SAO PAULO SP",-23.4912227,-46.6340742
"5689","D031301958",7341,"SERRA DO APODI, RUA",9456,"FREGUESIA DE SAO ROMAO, RUA",0,"","29/03/2013 19:30",4,"AT",59,3947," "," ",0,1,0,0,0,0,0,0,0,0,0,0,0,0,0,0,0,7341,"SERRA DO APODI, RUA",9456,"FREGUESIA DE SAO ROMAO, RUA",43,"JARDIM HELENA",1,0,"SERRA DO APODI, RUA SAO PAULO SP &  FREGUESIA DE SAO ROMAO, RUA SAO PAULO SP",-23.4816904,-46.4090948
"5691","D031302319",36324,"MARIA DA CONCEICAO STANWEZ, RUA",NA,"",92,"","29/03/2013 20:00",2,"CO",70,3139," "," ",0,1,0,0,0,0,0,0,0,0,0,1,0,0,0,0,0,36324,"MARIA DA CONCEICAO STANWEZ, RUA",NA,"",56,"PARELHEIROS",1,0,"MARIA DA CONCEICAO STANWEZ, RUA 92 SAO PAULO SP",-23.6218734,-46.5059673
"5692","D031302025",7552,"FRANCISCO RODRIGUES SECKLER, RUA",NA,"",348,"","29/03/2013 20:11",2,"CO",64,3196," "," ",1,1,0,0,0,0,0,0,0,0,0,0,0,0,0,0,0,7552,"FRANCISCO RODRIGUES SECKLER, RUA",NA,"",36,"ITAQUERA",1,0,"FRANCISCO RODRIGUES SECKLER, RUA 348 SAO PAULO SP",-23.5289405,-46.454523
"5694","D031301345",6361,"ELISIO TEIXEIRA LEITE, AV",NA,"",7572,"","29/03/2013 20:40",2,"CO",74,2722," "," ",1,1,0,0,0,0,0,0,0,0,0,0,0,0,0,0,0,6361,"ELISIO TEIXEIRA LEITE, AV",NA,"",29,"FREGUESIA DO O",3,0,"ELISIO TEIXEIRA LEITE, AV 7572 SAO PAULO SP",-23.4360256,-46.7176272
"5695","D031302411",67210,"JOSE VENANCIO DIAS, RUA CEL",NA,"",432,"","29/03/2013 21:00",2,"CO",33,2881," "," ",1,1,0,0,0,0,0,0,0,0,0,0,0,0,0,0,0,67210,"JOSE VENANCIO DIAS, RUA CEL",NA,"",31,"GUAIANASES",1,1,"JOSE VENANCIO DIAS, RUA CEL 432 SAO PAULO SP",-23.4825862,-46.7600088
"5696","D031301871",2396,"ASCENSO FERNANDES, RUA",14975,"OLIVEIRA FREIRE, AV",0,"","29/03/2013 21:00",2,"CO",22,2268,"C"," ",1,1,0,0,0,0,0,0,0,0,0,0,0,0,0,0,0,2396,"ASCENSO FERNANDES, RUA",14975,"OLIVEIRA FREIRE, AV",43,"JARDIM HELENA",2,0,"ASCENSO FERNANDES, RUA SAO PAULO SP &  OLIVEIRA FREIRE, AV SAO PAULO SP",-23.4847279,-46.4235304
"5697","D031300326",9981,"JOSE BUENO BICALHO, RUA ENG",16602,"PAGANO SOBRINHO, RUA",0,"","29/03/2013 21:00",2,"QM",26,2654," "," ",1,1,0,0,0,0,0,0,0,0,0,0,0,0,0,0,0,9981,"JOSE BUENO BICALHO, RUA ENG",16602,"PAGANO SOBRINHO, RUA",69,"SACOMA",2,0,"JOSE BUENO BICALHO, RUA ENG SAO PAULO SP &  PAGANO SOBRINHO, RUA SAO PAULO SP",-23.633387,-46.6033954
"5698","D031301694",34824,"ZIKE TUMA, RUA",NA,"",100,"","29/03/2013 21:09",2,"CO",80,900054," "," ",1,1,0,0,0,0,0,0,0,0,0,0,0,0,0,0,0,34824,"ZIKE TUMA, RUA",NA,"",29,"FREGUESIA DO O",1,0,"ZIKE TUMA, RUA 100 SAO PAULO SP",-23.691403,-46.6767784
"5699","D031302101",2878,"BARREIRA GRANDE, AV DA",NA,"",3300,"","29/03/2013 21:40",4,"AT",41,3140," "," ",1,0,0,0,0,0,0,0,0,0,0,0,0,0,0,0,0,2878,"BARREIRA GRANDE, AV DA",NA,"",78,"SAPOPEMBA",1,0,"BARREIRA GRANDE, AV DA 3300 SAO PAULO SP",-23.5902321,-46.5064081
"5700","D031300506",17034,"RIBEIRAO CLARO, RUA",NA,"",309,"","29/03/2013 21:42",2,"CO",96,2464," "," ",1,1,0,0,0,0,0,0,0,0,0,0,0,0,0,0,0,17034,"RIBEIRAO CLARO, RUA",NA,"",28,"ERMELINO MATARA",2,0,"RIBEIRAO CLARO, RUA 309 SAO PAULO SP",-23.5994846,-46.6783072