"","id_acidente","codloga","logradouroA","codlogb","logradouroB","alt_num","referencia","data","cod_acid","tipo_acidente","dp","numero_BO","sentido","pista","automovel","moto","onibus","caminhao","bicicleta","moto_taxi","onibus_fretado","onibus_urbano","microonibus","van","vuc","caminhonete","carreta","jipe","outros","sem_informacao","carroca","princ_a","paiA","princ_b","paiB","cod_distrito","distrito","vit_ferida","vit_morta","local","lat","lon"
"5701","D031302026",61827,"ALVES E ROCHA FILHO, AV CEL",NA,"",511,"","29/03/2013 22:10",2,"SI",64,3205," "," ",0,1,0,0,0,0,0,0,0,0,0,0,0,0,0,0,0,61827,"ALVES E ROCHA FILHO, AV CEL",NA,"",53,"MOEMA",1,0,"ALVES E ROCHA FILHO, AV CEL 511 SAO PAULO SP",-23.5213086,-46.4652741
"5702","D031301254",17554,"SABAO, ES DO",NA,"",1600,"","29/03/2013 22:47",4,"AT",45,2713," "," ",0,1,0,0,0,0,0,0,0,0,0,0,0,0,0,0,0,17554,"SABAO, ES DO",NA,"",40,"JAGUARE",1,0,"SABAO, ES DO 1600 SAO PAULO SP",-23.5505199,-46.6333094
"5703","D031302102",17135,"RIO DAS PEDRAS, AV",9134,"INCONFIDENCIA MINEIRA, AV",0,"","29/03/2013 22:50",2,"CF",41,3147," "," ",2,0,0,0,0,0,0,0,0,0,0,0,0,0,0,0,0,9134,"INCONFIDENCIA MINEIRA, AV",17135,"RIO DAS PEDRAS, AV",4,"ARICANDUVA",2,0,"RIO DAS PEDRAS, AV SAO PAULO SP &  INCONFIDENCIA MINEIRA, AV SAO PAULO SP",-23.5630062,-46.5152683
"5704","D031301032",13172,"MARIA CANDIDA, RUA",8989,"IDA DA SILVA, RUA",0,"","30/03/2013 00:00",2,"CO",9,2793," "," ",1,1,0,0,0,0,0,0,0,0,0,0,0,0,0,0,0,8989,"IDA DA SILVA, RUA",13172,"MARIA CANDIDA, RUA",88,"VILA GUILHERME",2,0,"MARIA CANDIDA, RUA SAO PAULO SP &  IDA DA SILVA, RUA SAO PAULO SP",-23.503332,-46.6092835
"5705","D031301612",9573,"LUIZ SERAPHICO JUNIOR, RUA",NA,"",753,"","30/03/2013 00:40",4,"AT",11,3486," "," ",1,0,0,0,0,0,0,0,0,0,0,0,0,0,0,0,0,9573,"LUIZ SERAPHICO JUNIOR, RUA",NA,"",72,"SANTO AMARO",4,0,"LUIZ SERAPHICO JUNIOR, RUA 753 SAO PAULO SP",-23.6377819,-46.7196393
"5706","D031301928",11542,"NORDESTINA, AV",NA,"",3024,"","30/03/2013 00:47",2,"CH",32,2266," "," ",1,0,0,0,0,0,0,1,0,0,0,0,0,0,0,0,0,11542,"NORDESTINA, AV",NA,"",76,"SAO MIGUEL",1,0,"NORDESTINA, AV 3024 SAO PAULO SP",-23.5108469,-46.4307799
"5707","D031301419",15436,"PARAGUASSU PAULISTA, AV",NA,"",711,"","30/03/2013 01:20",2,"CF",21,3524," "," ",1,1,0,0,0,0,0,0,0,0,0,0,0,0,0,0,0,15436,"PARAGUASSU PAULISTA, AV",NA,"",38,"JACANA",2,0,"PARAGUASSU PAULISTA, AV 711 SAO PAULO SP",-23.5372813,-46.4916949
"5709","D031301558",4736,"CELSO GARCIA, AV",NA,"",2580,"","30/03/2013 06:55",2,"CO",81,604," "," ",0,1,0,0,1,0,0,0,0,0,0,0,0,0,0,0,0,4736,"CELSO GARCIA, AV",NA,"",82,"TATUAPE",1,0,"CELSO GARCIA, AV 2580 SAO PAULO SP",-23.5363925,-46.587259
"5710","D031300384",999,"SANTO AMARO, AV",NA,"",3920,"","30/03/2013 08:30",2,"CO",27,3249," "," ",0,0,1,0,0,0,0,2,0,0,0,0,0,0,0,0,0,999,"SANTO AMARO, AV",NA,"",34,"ITAIM BIBI",2,0,"SANTO AMARO, AV 3920 SAO PAULO SP",-23.6179175,-46.6817203
"5711","D031301574",6238,"NACOES UNIDAS, AV DAS",NA,"",21800,"","30/03/2013 09:00",2,"CO",11,450," "," ",3,0,0,1,0,0,0,0,0,0,0,0,0,0,0,0,0,13014,"MARGINAL DO RIO PINHEIROS, AV",NA,"",90,"VILA LEOPOLDINA",1,0,"NACOES UNIDAS, AV DAS 21800 SAO PAULO SP",-23.6791495,-46.696057
"5712","D031301097",7840,"GAVEA, RUA",15131,"GUARANESIA, RUA",0,"","30/03/2013 10:00",2,"CO",19,1247,"C"," ",1,1,0,0,0,0,0,0,0,0,0,0,0,0,0,0,0,7840,"GAVEA, RUA",15131,"GUARANESIA, RUA",91,"VILA MARIA",2,0,"GAVEA, RUA SAO PAULO SP &  GUARANESIA, RUA SAO PAULO SP",-23.5150132,-46.5843904
"5713","D031301295",17480,"RUBENS, RUA CAP",13450,"MARIO BARBEDO, RUA TTE",0,"","30/03/2013 11:30",2,"CO",73,1244," "," ",0,1,0,0,0,0,0,1,0,0,0,0,0,0,0,0,0,13450,"MARIO BARBEDO, RUA TTE",17480,"RUBENS, RUA CAP",38,"JACANA",2,0,"RUBENS, RUA CAP SAO PAULO SP &  MARIO BARBEDO, RUA TTE SAO PAULO SP",-23.47768,-46.5664074
"5714","D031300078",17115,"RIO BRANCO, AV",2595,"AURORA, RUA",0,"","30/03/2013 11:40",4,"AT",3,2581," "," ",0,1,0,0,0,0,0,0,0,0,0,0,0,0,0,0,0,2595,"AURORA, RUA",17115,"RIO BRANCO, AV",67,"REPUBLICA",1,0,"RIO BRANCO, AV SAO PAULO SP &  AURORA, RUA SAO PAULO SP",-23.5329709,-46.6450922
"5715","D031301738",13687,"MATEUS SERRAO, RUA",NA,"",5,"","30/03/2013 12:00",4,"AT",92,2053," "," ",1,0,0,0,0,0,0,0,0,0,0,0,0,0,0,0,0,13687,"MATEUS SERRAO, RUA",NA,"",32,"IGUATEMI",1,0,"MATEUS SERRAO, RUA 5 SAO PAULO SP",-23.6746126,-46.7447102
"5717","D031302178",60675,"AFONSO DE SAMPAIO E SOUSA, AV",NA,"",1590,"","30/03/2013 12:35",2,"CL",53,1020," "," ",1,1,0,0,0,0,0,0,0,0,0,0,0,0,0,0,0,60675,"AFONSO DE SAMPAIO E SOUSA, AV",NA,"",51,"MANDAQUI",1,0,"AFONSO DE SAMPAIO E SOUSA, AV 1590 SAO PAULO SP",-23.5729486,-46.4745116
"5718","D031302051",4936,"CEMBIRA, RUA",NA,"",1350,"","30/03/2013 12:49",2,"CF",67,925," "," ",1,0,0,1,0,0,0,0,0,0,0,0,0,0,0,0,0,4936,"CEMBIRA, RUA",NA,"",86,"VILA CURUCA",3,0,"CEMBIRA, RUA 1350 SAO PAULO SP",-23.5082164,-46.4293307
"5719","D031300827",99374,"RECANTO DOS HUMILDES, RUA",NA,"",100,"","30/03/2013 13:00",2,"CF",46,1529," "," ",2,0,0,0,0,0,0,0,0,0,0,0,0,0,0,0,0,99374,"RECANTO DOS HUMILDES, RUA",NA,"",NA,"",2,0,"RECANTO DOS HUMILDES, RUA 100 SAO PAULO SP",-23.4119665,-46.7506413
"5720","D031300828",20291,"TURISTICA DO JARAGUA, ES",NA,"",1240,"","30/03/2013 13:50",4,"AT",46,1530," "," ",0,1,0,0,0,0,0,0,0,0,0,0,0,0,0,0,0,20291,"TURISTICA DO JARAGUA, ES",NA,"",31,"GUAIANASES",1,0,"TURISTICA DO JARAGUA, ES 1240 SAO PAULO SP",-23.5505199,-46.6333094
"5721","D031302297",42053,"ORESTE DAMOLIN, RUA",NA,"",100,"","30/03/2013 14:00",2,"CO",69,3237," "," ",1,1,0,0,0,0,0,0,0,0,0,0,0,0,0,0,0,42053,"ORESTE DAMOLIN, RUA",NA,"",26,"CONSOLACAO",1,0,"ORESTE DAMOLIN, RUA 100 SAO PAULO SP",-23.6006519,-46.4977181
"5723","D031301398",4102,"CANDIDO DORES, RUA DR",NA,"",30,"","30/03/2013 14:50",2,"CO",21,611," "," ",2,0,0,0,0,0,0,0,0,0,0,0,0,0,0,0,0,4102,"CANDIDO DORES, RUA DR",NA,"",38,"JACANA",1,0,"CANDIDO DORES, RUA DR 30 SAO PAULO SP",-23.5438813,-46.5064609
"5724","D031300038",16249,"PINHAL, RUA CD DO",NA,"",102,"","30/03/2013 14:56",4,"AT",NA,2563," "," ",1,0,0,0,0,0,0,0,0,0,0,0,0,0,0,0,0,16249,"PINHAL, RUA CD DO",NA,"",2,"ALTO DE PINHEIR",1,0,"PINHAL, RUA CD DO 102 SAO PAULO SP",-23.5505199,-46.6333094
"5725","D031302301",15032,"ORATORIO, AV DO",NA,"",6510,"","30/03/2013 15:15",4,"AT",70,1015," "," ",1,0,0,0,0,0,0,0,0,0,0,0,0,0,0,0,0,15032,"ORATORIO, AV DO",NA,"",26,"CONSOLACAO",1,0,"ORATORIO, AV DO 6510 SAO PAULO SP",-23.6123202,-46.5237973
"5726","D031301465",6741,"EUCLIDES PACHECO, RUA",18072,"SERRA DE JUREA, RUA",0,"","30/03/2013 15:50",2,"CO",30,1781," "," ",2,0,0,0,0,0,0,0,0,0,0,0,0,0,0,0,0,6741,"EUCLIDES PACHECO, RUA",18072,"SERRA DE JUREA, RUA",82,"TATUAPE",1,0,"EUCLIDES PACHECO, RUA SAO PAULO SP &  SERRA DE JUREA, RUA SAO PAULO SP",-23.5455459,-46.5550439
"5727","D031302093",17135,"RIO DAS PEDRAS, AV",66131,"ALTO DA CONCEICAO, RUA",0,"","30/03/2013 15:50",2,"CO",41,1998," "," ",1,1,0,0,0,0,0,0,0,0,0,0,0,0,0,0,0,17135,"RIO DAS PEDRAS, AV",66131,"ALTO DA CONCEICAO, RUA",NA,"",2,0,"RIO DAS PEDRAS, AV SAO PAULO SP &  ALTO DA CONCEICAO, RUA SAO PAULO SP",-23.5630062,-46.5152683
"5728","D031301507",27101,"ROGERIO ALVES DE TOLEDO, AV",NA,"",1000,"","30/03/2013 16:20",2,"CO",52,3544," "," ",1,1,0,0,0,0,0,0,0,0,0,0,0,0,0,0,0,29772,"MARGINAL DO RIO TIETE, AV",NA,"",27,"CURSINO",1,0,"ROGERIO ALVES DE TOLEDO, AV 1000 SAO PAULO SP",-23.4965242,-46.5120919
"5729","D031302041",3411,"BOAVENTURA, RUA MAJ",NA,"",197,"","30/03/2013 16:54",4,"AT",65,1077,"C"," ",1,0,0,0,0,0,0,0,0,0,0,0,0,0,0,0,0,3411,"BOAVENTURA, RUA MAJ",NA,"",5,"ARTUR ALVIM",1,0,"BOAVENTURA, RUA MAJ 197 SAO PAULO SP",-23.5403375,-46.4901831
"5731","D031302217",34500,"IGUATEMI, AV",NA,"",2133,"","30/03/2013 17:00",4,"AT",54,4289,"B"," ",1,0,0,0,0,0,0,0,0,0,0,0,0,0,0,0,0,34500,"IGUATEMI, AV",NA,"",50,"LIMAO",1,0,"IGUATEMI, AV 2133 SAO PAULO SP",-23.5891322,-46.415511
"5732","D031302170",46186,"SOMOS TODOS IGUAIS, TR",NA,"",1000,"","30/03/2013 17:20",2,"CO",49,4293," "," ",1,1,0,0,0,0,0,0,0,0,0,0,0,0,0,0,0,46186,"SOMOS TODOS IGUAIS, TR",NA,"",32,"IGUATEMI",2,0,"SOMOS TODOS IGUAIS, TR 1000 SAO PAULO SP",-23.6069351,-46.4438117
"5733","D031302417",10785,"JOSE ARTUR NOVA, AV DR",14637,"NITRO - QUIMICA, AV",0,"","30/03/2013 17:30",2,"CT",63,2400,"B"," ",1,1,0,0,0,0,0,0,0,0,0,0,0,0,0,0,0,10785,"JOSE ARTUR NOVA, AV DR",14637,"NITRO - QUIMICA, AV",NA,"",0,1,"JOSE ARTUR NOVA, AV DR SAO PAULO SP &  NITRO - QUIMICA, AV SAO PAULO SP",-23.4833448,-46.4330112
"5734","D031301650",17912,"SEBASTIAO ANDRADE BONANI, RUA",NA,"",407,"","30/03/2013 18:15",2,"CL",43,3427," "," ",1,1,0,0,0,0,0,0,0,0,0,0,0,0,0,0,0,17912,"SEBASTIAO ANDRADE BONANI, RUA",NA,"",29,"FREGUESIA DO O",1,0,"SEBASTIAO ANDRADE BONANI, RUA 407 SAO PAULO SP",-23.6559992,-46.6721498
"5735","D031300666",14146,"MONTE ALEGRE, RUA",3880,"CAIUBI, RUA",0,"","30/03/2013 18:29",2,"CO",23,2081," "," ",2,0,0,0,0,0,0,0,0,0,0,0,0,0,0,0,0,3880,"CAIUBI, RUA",14146,"MONTE ALEGRE, RUA",61,"PERDIZES",2,0,"MONTE ALEGRE, RUA SAO PAULO SP &  CAIUBI, RUA SAO PAULO SP",-23.5418374,-46.6734089
"5736","D031300327",10728,"JEAN DE LA HUERTA, RUA",NA,"",175,"","30/03/2013 19:10",2,"CO",26,2680," "," ",0,1,0,0,0,0,0,0,0,0,0,0,0,0,0,1,0,10728,"JEAN DE LA HUERTA, RUA",NA,"",69,"SACOMA",1,0,"JEAN DE LA HUERTA, RUA 175 SAO PAULO SP",-23.6225787,-46.6144906
"5737","D031302027",3994,"CAMPANELLA, AV",NA,"",664,"","30/03/2013 19:30",2,"CO",64,3222," "," ",2,0,0,0,0,0,0,0,0,0,0,0,0,0,0,0,0,3994,"CAMPANELLA, AV",NA,"",36,"ITAQUERA",1,0,"CAMPANELLA, AV 664 SAO PAULO SP",-23.5362168,-46.4681607
"5738","D031301821",25182,"EMBU-GUACU, ES DO",NA,"",9154,"","30/03/2013 20:30",2,"SI",100,900007," "," ",1,1,1,0,0,0,0,0,0,0,0,0,0,0,0,0,0,25182,"EMBU-GUACU, ES DO",NA,"",32,"IGUATEMI",1,0,"EMBU-GUACU, ES DO 9154 SAO PAULO SP",-23.5505199,-46.6333094
"5740","D031300949",18561,"LUIZ MIGLIANO, RUA DR",17847,"SARAIVA DE OLIVEIRA, AV ENG",0,"","30/03/2013 21:20",2,"CO",89,2599," "," ",1,1,0,0,0,0,0,0,0,0,0,0,0,0,0,0,0,17847,"SARAIVA DE OLIVEIRA, AV ENG",18561,"LUIZ MIGLIANO, RUA DR",NA,"",1,0,"LUIZ MIGLIANO, RUA DR SAO PAULO SP &  SARAIVA DE OLIVEIRA, AV ENG SAO PAULO SP",-23.6227182,-46.7383492
"5742","D031300236",6642,"ESTADO, AV DO",5567,"CRUZEIRO DO SUL, AV",0,"","30/03/2013 22:25",2,"CO",12,2309," "," ",2,0,0,0,0,0,0,0,0,0,0,0,0,0,0,0,0,5567,"CRUZEIRO DO SUL, AV",6642,"ESTADO, AV DO",57,"PARI",1,0,"ESTADO, AV DO SAO PAULO SP &  CRUZEIRO DO SUL, AV SAO PAULO SP",-23.5635869,-46.6112253
"5743","D031301769",16492,"PONTES DE MORAIS, RUA",2522,"AUGUSTO DE CASTRO, AV",0,"","30/03/2013 22:40",2,"CF",98,3435," "," ",0,1,1,0,0,0,0,0,0,0,0,0,0,0,0,0,0,2522,"AUGUSTO DE CASTRO, AV",16492,"PONTES DE MORAIS, RUA",22,"CIDADE ADEMAR",1,0,"PONTES DE MORAIS, RUA SAO PAULO SP &  AUGUSTO DE CASTRO, AV SAO PAULO SP",-23.6898346,-46.6659443
"5744","D031302103",17135,"RIO DAS PEDRAS, AV",NA,"",1197,"","30/03/2013 23:10",2,"CO",41,3172," "," ",1,0,0,0,0,0,0,0,0,0,0,1,0,0,0,0,0,17135,"RIO DAS PEDRAS, AV",NA,"",27,"CURSINO",2,0,"RIO DAS PEDRAS, AV 1197 SAO PAULO SP",-23.5654273,-46.5125478
"5745","D031301479",4502,"CARRAO, AV CONS",NA,"",3500,"","30/03/2013 23:30",2,"CO",31,1709," "," ",2,0,0,0,0,0,0,0,0,0,0,0,0,0,0,0,0,4502,"CARRAO, AV CONS",NA,"",20,"CARRAO",3,0,"CARRAO, AV CONS 3500 SAO PAULO SP",-23.5458622,-46.5436243
"5746","D031301929",2516,"AUGUSTO CARLOS BAUMAN, RUA",NA,"",10,"","31/03/2013 00:40",2,"QM",32,2295," "," ",0,1,0,0,0,0,0,0,0,0,0,0,0,0,0,0,0,2516,"AUGUSTO CARLOS BAUMAN, RUA",NA,"",36,"ITAQUERA",1,0,"AUGUSTO CARLOS BAUMAN, RUA 10 SAO PAULO SP",-23.5309602,-46.4453914
"5747","D031301033",20089,"ZUQUIM, RUA DR",14916,"OLAVO EGIDIO, RUA DR",0,"","31/03/2013 01:30",2,"CO",9,2826," "," ",2,0,0,0,0,0,0,0,0,0,0,0,0,0,0,0,0,14916,"OLAVO EGIDIO, RUA DR",20089,"ZUQUIM, RUA DR",71,"SANTANA",3,0,"ZUQUIM, RUA DR SAO PAULO SP &  OLAVO EGIDIO, RUA DR SAO PAULO SP",-23.491972,-46.6247361
"5748","D031301710",15507,"TEOTONIO VILELA, AV SEN",NA,"",8100,"","31/03/2013 02:30",2,"CO",85,2262," "," ",3,0,0,0,0,0,0,0,0,0,0,1,0,0,0,0,0,15507,"TEOTONIO VILELA, AV SEN",NA,"",23,"CIDADE DUTRA",4,0,"TEOTONIO VILELA, AV SEN 8100 SAO PAULO SP",-23.7672128,-46.7174003
"5749","D031301462",18068,"SERRA DE BRAGANCA, RUA",1967,"APUCARANA, RUA",0,"","31/03/2013 03:08",2,"CO",30,1710," "," ",2,0,0,0,0,0,0,0,0,0,0,0,0,0,0,0,0,1967,"APUCARANA, RUA",18068,"SERRA DE BRAGANCA, RUA",82,"TATUAPE",3,0,"SERRA DE BRAGANCA, RUA SAO PAULO SP &  APUCARANA, RUA SAO PAULO SP",-23.5449429,-46.5682309
"5750","D031302398",17772,"SANT'ANNA, AV COMEN",NA,"",430,"","31/03/2013 06:44",2,"CO",47,3965," "," ",0,1,0,0,0,0,0,0,0,0,0,0,0,0,0,1,0,17772,"SANT'ANNA, AV COMEN",NA,"",29,"FREGUESIA DO O",0,1,"SANT'ANNA, AV COMEN 430 SAO PAULO SP",-23.5186813,-46.6999583
"5751","D031301669",29896,"PIRAJUSSARA-VALO VELHO, ES",NA,"",1548,"","31/03/2013 07:10",2,"CO",47,3968," "," ",0,0,0,0,1,0,0,0,0,0,0,1,0,0,0,0,0,29896,"PIRAJUSSARA-VALO VELHO, ES",NA,"",29,"FREGUESIA DO O",1,0,"PIRAJUSSARA-VALO VELHO, ES 1548 SAO PAULO SP",-23.5505199,-46.6333094
"5752","D031301832",15507,"TEOTONIO VILELA, AV SEN",NA,"",8110,"","31/03/2013 07:30",2,"CO",101,2267," "," ",1,1,0,0,0,0,0,0,0,0,0,0,0,0,0,0,0,15507,"TEOTONIO VILELA, AV SEN",NA,"",23,"CIDADE DUTRA",1,0,"TEOTONIO VILELA, AV SEN 8110 SAO PAULO SP",-23.7713735,-46.7193271
"5753","D031301420",2181,"ARICANDUVA, AV",NA,"",3836,"","31/03/2013 08:30",2,"CO",21,3568," "," ",4,0,0,0,0,0,0,0,0,0,0,0,0,0,0,0,0,2181,"ARICANDUVA, AV",NA,"",60,"PENHA",2,0,"ARICANDUVA, AV 3836 SAO PAULO SP",-23.5546489,-46.5180129
"5754","D031301680",9913,"JANGADEIRO, AV DO",NA,"",246,"","31/03/2013 09:00",2,"CO",48,3458,"B"," ",1,2,0,0,0,0,0,0,0,0,0,0,0,0,0,0,0,9913,"JANGADEIRO, AV DO",NA,"",23,"CIDADE DUTRA",2,0,"JANGADEIRO, AV DO 246 SAO PAULO SP",-23.7066083,-46.7003517
"5756","D031301905",69854,"CAREIRO, RUA",NA,"",100,"","31/03/2013 09:47",4,"AT",24,3247," "," ",0,1,0,0,0,0,0,0,0,0,0,0,0,0,0,0,0,69854,"CAREIRO, RUA",NA,"",49,"LIBERDADE",1,0,"CAREIRO, RUA 100 SAO PAULO SP",-23.5030749,-46.5015899
"5757","D031300913",15626,"PAULA FERREIRA, AV",NA,"",2839,"","31/03/2013 10:40",2,"CF",87,2927," "," ",0,0,2,0,0,0,0,0,0,0,0,0,0,0,0,0,0,15626,"PAULA FERREIRA, AV",NA,"",64,"PIRITUBA",4,0,"PAULA FERREIRA, AV 2839 SAO PAULO SP",-23.4890188,-46.7191514
"5758","D031300411",21185,"MASCOTE, AV",NA,"",267,"","31/03/2013 11:50",2,"CO",35,2877," "," ",2,0,0,0,0,0,0,0,0,0,0,0,0,0,0,0,0,21185,"MASCOTE, AV",NA,"",0,"NULL",1,0,"MASCOTE, AV 267 SAO PAULO SP",-23.6484477,-46.6646802
"5759","D031301833",3509,"BELMIRA MARIN, AV DONA",NA,"",2662,"","31/03/2013 12:00",2,"CO",101,2271," "," ",1,1,0,0,0,0,0,0,1,0,0,0,0,0,0,0,0,3509,"BELMIRA MARIN, AV DONA",NA,"",30,"GRAJAU",1,0,"BELMIRA MARIN, AV DONA 2662 SAO PAULO SP",-23.7525672,-46.6885788
"5760","D031301798",9220,"INTERLAGOS, AV",NA,"",3554,"","31/03/2013 12:30",2,"SI",99,4230," "," ",1,0,1,0,0,0,0,0,0,0,0,0,0,0,0,0,0,9220,"INTERLAGOS, AV",NA,"",16,"CAMPO GRANDE",1,0,"INTERLAGOS, AV 3554 SAO PAULO SP",-23.6767357,-46.6817016
"5761","D031302379",9134,"INCONFIDENCIA MINEIRA, AV",2878,"BARREIRA GRANDE, AV DA",0,"","31/03/2013 12:30",4,"AT",69,3188," "," ",0,0,1,0,0,0,0,0,0,0,0,0,0,0,0,0,0,2878,"BARREIRA GRANDE, AV DA",9134,"INCONFIDENCIA MINEIRA, AV",NA,"",0,1,"INCONFIDENCIA MINEIRA, AV SAO PAULO SP &  BARREIRA GRANDE, AV DA SAO PAULO SP",-23.577714,-46.516821
"5762","D031302196",36285,"ADRIANO BERTOZZI, AV",NA,"",1381,"","31/03/2013 12:39",2,"CO",53,2024," "," ",0,1,1,0,0,0,0,0,0,0,0,0,0,0,0,0,0,36285,"ADRIANO BERTOZZI, AV",NA,"",51,"MANDAQUI",2,0,"ADRIANO BERTOZZI, AV 1381 SAO PAULO SP",-23.5743244,-46.458191
"5763","D031301670",9529,"ITAPECERICA, ES DE",NA,"",9950,"","31/03/2013 12:45",2,"CO",47,4010," "," ",3,0,0,0,0,0,0,0,0,0,0,0,0,0,0,0,0,9529,"ITAPECERICA, ES DE",NA,"",29,"FREGUESIA DO O",1,0,"ITAPECERICA, ES DE 9950 SAO PAULO SP",-23.5505199,-46.6333094
"5764","D031302078",37269,"JARDIM TAMOIO, RUA",NA,"",100,"","31/03/2013 13:00",2,"CL",103,2312," "," ",1,1,0,0,0,0,0,0,0,0,0,0,0,0,0,0,0,37269,"JARDIM TAMOIO, RUA",NA,"",51,"MANDAQUI",1,0,"JARDIM TAMOIO, RUA 100 SAO PAULO SP",-23.5550654,-46.4439139
"5765","D031300447",13739,"MAURICIO CARDOSO, RUA MAL",NA,"",100,"","31/03/2013 13:30",2,"CO",36,2289," "," ",2,1,0,0,0,0,0,0,0,0,0,0,0,0,0,0,0,13739,"MAURICIO CARDOSO, RUA MAL",NA,"",53,"MOEMA",1,0,"MAURICIO CARDOSO, RUA MAL 100 SAO PAULO SP",-23.5814481,-46.6564255
"5767","D031302243",17824,"SAPOPEMBA, AV",NA,"",14034,"","31/03/2013 14:25",2,"CT",55,4319," "," ",1,1,0,0,0,0,0,0,0,0,0,0,0,0,0,0,0,17824,"SAPOPEMBA, AV",NA,"",33,"IPIRANGA",2,0,"SAPOPEMBA, AV 14034 SAO PAULO SP",-23.6129582,-46.4725278
"5768","D031300075",5245,"CONSOLACAO, RUA DA",12132,"LUIS, AV S",0,"","31/03/2013 14:45",2,"CO",3,2515," "," ",1,1,0,0,0,0,0,0,0,0,0,0,0,0,0,0,0,5245,"CONSOLACAO, RUA DA",19996,"XAVIER DE TOLEDO, RUA CEL",67,"REPUBLICA",1,0,"CONSOLACAO, RUA DA SAO PAULO SP &  LUIS, AV S SAO PAULO SP",-23.5471579,-46.6469857
"5769","D031301286",15425,"CANTIDIO SAMPAIO, AV DEP",NA,"",2551,"","31/03/2013 14:50",4,"AT",72,2774," "," ",0,0,0,0,0,0,0,1,0,0,0,0,0,0,0,0,0,15425,"CANTIDIO SAMPAIO, AV DEP",NA,"",41,"JARAGUA",1,0,"CANTIDIO SAMPAIO, AV DEP 2551 SAO PAULO SP",-23.4590459,-46.6871718
"5770","D031301873",4409,"MOHAMAD IBRAHIN SALEH, RUA",NA,"",165,"","31/03/2013 15:00",4,"AT",22,2316," "," ",1,0,0,0,0,0,0,0,0,0,0,0,0,0,0,0,0,4409,"MOHAMAD IBRAHIN SALEH, RUA",NA,"",76,"SAO MIGUEL",1,0,"MOHAMAD IBRAHIN SALEH, RUA 165 SAO PAULO SP",-23.5065147,-46.437935
"5771","D031302277",17135,"RIO DAS PEDRAS, AV",75435,"ARRAIAS DO ARAGUAIA, AV",0,"","31/03/2013 15:00",2,"CO",66,2028," "," ",0,1,0,0,0,0,0,0,0,0,0,0,0,0,0,2,0,17135,"RIO DAS PEDRAS, AV",34100,"CICERO CANUTO DE LIMA, AV PAST",4,"ARICANDUVA",2,0,"RIO DAS PEDRAS, AV SAO PAULO SP &  ARRAIAS DO ARAGUAIA, AV SAO PAULO SP",-23.5630062,-46.5152683
"5772","D031300801",34682,"CAMPO LIMPO, ES DO",NA,"",2518,"","31/03/2013 15:23",2,"SI",37,2570," "," ",0,1,1,1,0,0,0,0,0,0,0,0,0,0,0,0,0,34682,"CAMPO LIMPO, ES DO",NA,"",17,"CAMPO LIMPO",1,0,"CAMPO LIMPO, ES DO 2518 SAO PAULO SP",-23.2019463,-46.785846
"5775","D031301230",18444,"SOTOMANO, RUA TTE",NA,"",1412,"","31/03/2013 16:00",4,"AT",39,3238," "," ",0,1,0,0,0,0,0,0,0,0,0,0,0,0,0,0,0,18444,"SOTOMANO, RUA TTE",NA,"",22,"CIDADE ADEMAR",1,0,"SOTOMANO, RUA TTE 1412 SAO PAULO SP",-23.5505199,-46.6333094
"5776","D031302055",21647,"JOAO BARBOSA DE LIMA, RUA",NA,"",337,"","31/03/2013 16:05",4,"AT",67,3908," "," ",0,1,0,0,0,0,0,0,0,0,0,0,0,0,0,0,0,21647,"JOAO BARBOSA DE LIMA, RUA",NA,"",50,"LIMAO",1,0,"JOAO BARBOSA DE LIMA, RUA 337 SAO PAULO SP",-23.5180565,-46.412053
"5777","D031300417",3913,"EMBIARA, RUA",NA,"",117,"","31/03/2013 16:19",4,"AT",35,4192," "," ",0,1,0,0,0,0,0,0,0,0,0,0,0,0,0,0,0,3913,"EMBIARA, RUA",NA,"",37,"JABAQUARA",1,0,"EMBIARA, RUA 117 SAO PAULO SP",-23.6502968,-46.653645
"5778","D031302207",99999,"METALURGICOS, AV DOS",NA,"",100,"","31/03/2013 16:30",2,"SI",54,1821," "," ",2,0,0,0,0,0,0,0,0,0,0,0,0,0,0,0,0,99999,"METALURGICOS, AV DOS",NA,"",25,"CIDADE TIRADENT",1,0,"METALURGICOS, AV DOS 100 SAO PAULO SP",-23.5839781,-46.4090695
"5779","D031300869",16680,"PUJAIS SABATE, AV",17162,"RIO PEQUENO, AV DO",0,"","31/03/2013 16:30",4,"AT",51,2097," "," ",0,1,0,0,0,0,0,0,0,0,0,0,0,0,0,0,0,16680,"PUJAIS SABATE, AV",17162,"RIO PEQUENO, AV DO",68,"RIO PEQUENO",1,0,"PUJAIS SABATE, AV SAO PAULO SP &  RIO PEQUENO, AV DO SAO PAULO SP",-23.5705362,-46.7518541
"5780","D031301820",38494,"FUNCIONARIOS PUBLICOS, AV DOS",NA,"",1001,"","31/03/2013 18:00",2,"CO",100,3982," "," ",0,3,0,0,0,0,0,0,0,0,0,0,0,0,0,0,0,38494,"FUNCIONARIOS PUBLICOS, AV DOS",NA,"",32,"IGUATEMI",2,0,"FUNCIONARIOS PUBLICOS, AV DOS 1001 SAO PAULO SP",-23.7380597,-46.7807337