"","id_acidente","codloga","logradouroA","codlogb","logradouroB","alt_num","referencia","data","cod_acid","tipo_acidente","dp","numero_BO","sentido","pista","automovel","moto","onibus","caminhao","bicicleta","moto_taxi","onibus_fretado","onibus_urbano","microonibus","van","vuc","caminhonete","carreta","jipe","outros","sem_informacao","carroca","princ_a","paiA","princ_b","paiB","cod_distrito","distrito","vit_ferida","vit_morta","local","lat","lon"
"5781","D031301346",18594,"TAIPAS, ES",NA,"",1705,"","31/03/2013 18:15",4,"AT",74,2788," "," ",1,0,0,0,0,0,0,0,0,0,0,0,0,0,0,0,0,18594,"TAIPAS, ES",NA,"",52,"MARSILAC",1,0,"TAIPAS, ES 1705 SAO PAULO SP",-23.4261258,-46.7260757
"5782","D031300625",5105,"CLODOMIRO AMAZONAS, RUA",NA,"",815,"","31/03/2013 18:16",2,"CO",15,3038," "," ",2,0,0,0,0,0,0,0,0,0,0,0,0,0,0,0,0,5105,"CLODOMIRO AMAZONAS, RUA",NA,"",34,"ITAIM BIBI",2,0,"CLODOMIRO AMAZONAS, RUA 815 SAO PAULO SP",-23.5913637,-46.6778167
"5784","D031302171",22406,"BARROS PENTEADO, RUA",NA,"",485,"","31/03/2013 19:00",4,"AT",49,4330," "," ",1,0,0,0,0,0,0,0,0,0,0,0,0,0,0,0,0,22406,"BARROS PENTEADO, RUA",NA,"",55,"MORUMBI",1,0,"BARROS PENTEADO, RUA 485 SAO PAULO SP",-23.5984906,-46.440503
"5785","D031301569",4736,"CELSO GARCIA, AV",NA,"",2477,"","31/03/2013 19:02",2,"QD",81,1724," "," ",0,0,1,0,0,0,0,0,0,0,0,0,0,0,0,0,0,4736,"CELSO GARCIA, AV",NA,"",82,"TATUAPE",1,0,"CELSO GARCIA, AV 2477 SAO PAULO SP",-23.5364978,-46.5885459
"5786","D031300237",5567,"CRUZEIRO DO SUL, AV",32826,"PIETRO GIANNOCCARO, RUA",0,"","31/03/2013 19:20",2,"CO",12,2337," "," ",1,0,0,0,1,0,0,0,0,0,0,0,0,0,0,0,0,5567,"CRUZEIRO DO SUL, AV",32826,"PIETRO GIANNOCCARO, RUA",57,"PARI",1,0,"CRUZEIRO DO SUL, AV SAO PAULO SP &  PIETRO GIANNOCCARO, RUA SAO PAULO SP",-23.5073033,-46.6250321
"5787","D031301693",34403,"AZAMBUJA SUZANO, RUA PROF",NA,"",159,"","31/03/2013 19:26",4,"AT",80,4198," "," ",0,0,0,0,0,0,0,0,0,0,0,0,0,0,0,1,0,34403,"AZAMBUJA SUZANO, RUA PROF",NA,"",29,"FREGUESIA DO O",1,0,"AZAMBUJA SUZANO, RUA PROF 159 SAO PAULO SP",-23.6818598,-46.6646222
"5789","D031301231",1816,"ANTONIO PAIVA SAMPAIO, AV COMTE",NA,"",132,"","31/03/2013 19:30",2,"CO",39,3251,"B"," ",1,1,0,0,0,0,0,0,0,0,0,0,0,0,0,0,0,1816,"ANTONIO PAIVA SAMPAIO, AV COMTE",NA,"",84,"TUCURUVI",1,0,"ANTONIO PAIVA SAMPAIO, AV COMTE 132 SAO PAULO SP",-23.4749987,-46.5952069
"5790","D031302047",9580,"ITAQUERA, AV",NA,"",8266,"","31/03/2013 19:30",2,"CT",65,3290," "," ",0,1,1,0,0,0,0,0,0,0,0,0,0,0,0,0,0,9580,"ITAQUERA, AV",NA,"",24,"CIDADE LIDER",2,0,"ITAQUERA, AV 8266 SAO PAULO SP",-23.5399255,-46.4566127
"5791","D031300597",6897,"FARIA LIMA, AV BRIG",NA,"",1336,"","31/03/2013 20:39",4,"AT",14,3035," "," ",1,0,0,0,0,0,0,0,0,0,0,0,0,0,0,0,0,6897,"FARIA LIMA, AV BRIG",NA,"",63,"PINHEIROS",1,0,"FARIA LIMA, AV BRIG 1336 SAO PAULO SP",-23.5694812,-46.6919106
"5792","D031301385",18724,"TARUMA, AV",43777,"CARVALHO PINTO, AV GOV",0,"","31/03/2013 21:00",4,"AT",10,3591," "," ",1,0,0,0,0,0,0,0,0,0,0,0,0,0,0,0,0,18724,"TARUMA, AV",43777,"CARVALHO PINTO, AV GOV",18,"CANGAIBA",1,0,"TARUMA, AV SAO PAULO SP &  CARVALHO PINTO, AV GOV SAO PAULO SP",-23.5116736,-46.5269265
"5793","D031301630",15507,"TEOTONIO VILELA, AV SEN",33095,"HERMOGENES DE F. LEITAO FILHO, EST",0,"","31/03/2013 21:30",2,"CF",25,2274," "," ",0,1,0,1,0,0,0,0,0,0,0,0,0,0,0,0,0,15507,"TEOTONIO VILELA, AV SEN",33095,"HERMOGENES DE F. LEITAO FILHO, EST",56,"PARELHEIROS",1,0,"TEOTONIO VILELA, AV SEN SAO PAULO SP &  HERMOGENES DE F. LEITAO FILHO, EST SAO PAULO SP",-23.7290679,-46.698928
"5794","D031302218",45521,"ELOA DO VALLE QUADROS, RUA DNA",NA,"",400,"","31/03/2013 21:45",4,"AT",54,4340," "," ",0,1,0,0,0,0,0,0,0,0,0,0,0,0,0,0,0,45521,"ELOA DO VALLE QUADROS, RUA DNA",NA,"",25,"CIDADE TIRADENT",1,0,"ELOA DO VALLE QUADROS, RUA DNA 400 SAO PAULO SP",-23.5901238,-46.4118397
"5795","D031301358",4521,"CARVALHO MOURAO, RUA MIN",NA,"",10,"","31/03/2013 22:00",2,"CO",90,3252," "," ",2,0,0,0,0,0,0,0,0,0,0,0,0,0,0,0,0,4521,"CARVALHO MOURAO, RUA MIN",NA,"",94,"VILA MEDEIROS",2,0,"CARVALHO MOURAO, RUA MIN 10 SAO PAULO SP",-23.4921712,-46.5712951
"5796","D031300517",4801,"CHARLES HOYT, RUA",NA,"",23,"","31/03/2013 22:02",4,"AT",97,2714," "," ",0,1,0,0,0,0,0,0,0,0,0,0,0,0,0,0,0,4801,"CHARLES HOYT, RUA",NA,"",37,"JABAQUARA",1,0,"CHARLES HOYT, RUA 23 SAO PAULO SP",-23.6609834,-46.6419099
"5797","D031300273",2497,"AUGUSTA, RUA",7306,"FRANCA, AL",0,"","31/03/2013 22:08",2,"CF",78,2523," "," ",1,1,0,0,0,0,0,0,0,0,0,0,0,0,0,0,0,2497,"AUGUSTA, RUA",7306,"FRANCA, AL",44,"JARDIM PAULISTA",1,0,"AUGUSTA, RUA SAO PAULO SP &  FRANCA, AL SAO PAULO SP",-23.5560595,-46.658132
"5798","D031300468",5618,"CURSINO, AV DO",NA,"",3400,"","31/03/2013 22:50",2,"CF",83,2717," "," ",0,1,0,0,0,0,0,0,0,0,0,0,0,0,0,1,0,5618,"CURSINO, AV DO",NA,"",27,"CURSINO",2,0,"CURSINO, AV DO 3400 SAO PAULO SP",-23.6312989,-46.617461
"5799","D031302173",1393,"ANGELO DE CANDIA, RUA",NA,"",1949,"","31/03/2013 23:00",2,"SI",49,4354," "," ",0,0,0,0,0,0,0,0,0,0,0,0,0,0,0,1,0,1393,"ANGELO DE CANDIA, RUA",NA,"",75,"SAO MATEUS",1,0,"ANGELO DE CANDIA, RUA 1949 SAO PAULO SP",-23.6054318,-46.4780398
"5800","D031301991",13881,"MIGUEL, AV S",46936,"JACU-PESSEGO/NOVA TRABALHADORE, AV",0,"","31/03/2013 23:03",2,"CT",63,2367," "," ",2,0,1,0,0,0,0,0,0,0,0,0,0,0,0,0,0,13881,"MIGUEL, AV S",46936,"JACU-PESSEGO/NOVA TRABALHADORE, AV",89,"VILA JACUI",2,0,"MIGUEL, AV S SAO PAULO SP &  JACU-PESSEGO/NOVA TRABALHADORE, AV SAO PAULO SP",-23.513252,-46.517118
"5801","D031300598",2149,"ARCOVERDE, RUA CARD",NA,"",2432,"","31/03/2013 23:56",2,"QM",14,3043," "," ",0,1,0,0,0,0,0,0,0,0,0,0,0,0,0,0,0,2149,"ARCOVERDE, RUA CARD",NA,"",44,"JARDIM PAULISTA",1,0,"ARCOVERDE, RUA CARD 2432 SAO PAULO SP",-23.5654263,-46.6932772
"5802","D041302050",2945,"BRASILIO BARNI, RUA PROF",NA,"",300,"","01/04/2013 00:00",2,"QM",49,4382," "," ",0,1,0,0,0,0,0,0,0,0,0,0,0,0,0,0,0,2945,"BRASILIO BARNI, RUA PROF",NA,"",75,"SAO MATEUS",2,0,"BRASILIO BARNI, RUA PROF 300 SAO PAULO SP",-23.5960431,-46.4844487
"5803","D041302240",78277,"MANUEL FRANCA DOS SANTOS, RUA",NA,"",174,"","01/04/2013 00:24",2,"QM",69,3216," "," ",0,1,0,0,0,0,0,0,0,0,0,0,0,0,0,0,0,78277,"MANUEL FRANCA DOS SANTOS, RUA",NA,"",56,"PARELHEIROS",0,1,"MANUEL FRANCA DOS SANTOS, RUA 174 SAO PAULO SP",-23.6105222,-46.4931616
"5804","D041301955",21253,"AGUIA DE HAIA, AV",NA,"",4000,"","01/04/2013 01:08",2,"CO",64,3309," "," ",2,0,0,0,0,0,0,0,0,0,0,0,0,0,0,0,0,21253,"AGUIA DE HAIA, AV",NA,"",0,"NULL",3,0,"AGUIA DE HAIA, AV 4000 SAO PAULO SP",-23.5108914,-46.4771778
"5805","D041301094",10945,"JOSE ERMIRIO DE MORAES, AV SEN",NA,"",1707,"","01/04/2013 02:30",2,"CO",20,2853," "," ",1,1,0,0,0,0,0,0,0,0,0,0,0,0,0,0,0,10945,"JOSE ERMIRIO DE MORAES, AV SEN",NA,"",83,"TREMEMBE",1,0,"JOSE ERMIRIO DE MORAES, AV SEN 1707 SAO PAULO SP",-23.4421329,-46.6156781
"5806","D041301092",8436,"GUATIAIA, RUA",NA,"",6,"","01/04/2013 02:56",2,"CH",20,2851," "," ",1,0,0,0,0,0,0,0,0,0,0,0,0,0,0,0,0,8436,"GUATIAIA, RUA",NA,"",8,"BELEM",2,0,"GUATIAIA, RUA 6 SAO PAULO SP",-23.4829989,-46.621498
"5807","D041300515",16740,"QUINTANA, RUA",NA,"",915,"","01/04/2013 05:54",2,"CL",96,1448," "," ",1,1,0,0,0,0,0,0,0,0,0,0,0,0,0,0,0,16740,"QUINTANA, RUA",NA,"",30,"GRAJAU",1,0,"QUINTANA, RUA 915 SAO PAULO SP",-23.6024677,-46.6929044
"5808","D041301930",13881,"MIGUEL, AV S",NA,"",7900,"","01/04/2013 06:40",4,"AT",63,2332," "," ",0,1,0,0,0,0,0,0,0,0,0,0,0,0,0,0,0,13881,"MIGUEL, AV S",NA,"",65,"PONTE RASA",1,0,"MIGUEL, AV S 7900 SAO PAULO SP",-23.4980316,-46.4610173
"5809","D041301667",8368,"GUARAPIRANGA, AV",35858,"GUIDO CALOI, AV",0,"","01/04/2013 06:51",2,"CO",92,2065,"B"," ",1,1,0,0,0,0,0,0,0,0,0,0,0,0,0,0,0,8368,"GUARAPIRANGA, AV",35858,"GUIDO CALOI, AV",45,"JARDIM SAO LUIS",1,0,"GUARAPIRANGA, AV SAO PAULO SP &  GUIDO CALOI, AV SAO PAULO SP",-23.6663547,-46.7199235
"5810","D041301608",9529,"ITAPECERICA, ES DE",NA,"",6358,"","01/04/2013 07:00",2,"CO",47,3994," "," ",1,0,0,0,0,0,0,1,0,0,0,0,0,0,0,0,0,9529,"ITAPECERICA, ES DE",NA,"",29,"FREGUESIA DO O",1,0,"ITAPECERICA, ES DE 6358 SAO PAULO SP",-23.5505199,-46.6333094
"5811","D041301095",61359,"ALCINDO BUENO DE ASSIS, RUA",NA,"",2000,"","01/04/2013 07:05",4,"AT",20,2869," "," ",1,0,0,0,0,0,0,0,0,0,0,0,0,0,0,0,0,61359,"ALCINDO BUENO DE ASSIS, RUA",NA,"",22,"CIDADE ADEMAR",1,0,"ALCINDO BUENO DE ASSIS, RUA 2000 SAO PAULO SP",-23.4687166,-46.6088957
"5812","D041300406",7882,"GEORGE CORBISIER, AV ENG",NA,"",119,"","01/04/2013 07:15",2,"CO",35,2872,"C"," ",1,1,0,0,0,0,0,0,0,0,0,0,0,0,0,0,0,7882,"GEORGE CORBISIER, AV ENG",NA,"",37,"JABAQUARA",1,0,"GEORGE CORBISIER, AV ENG 119 SAO PAULO SP",-23.6382367,-46.6418525
"5814","D041301139",15188,"OTAVIANO ALVES DE LIMA, AV",NA,"",3600,"","01/04/2013 07:30",2,"CO",28,1955," "," ",1,1,0,0,0,0,0,0,0,0,0,0,0,0,0,0,0,29772,"MARGINAL DO RIO TIETE, AV",NA,"",23,"CIDADE DUTRA",1,0,"OTAVIANO ALVES DE LIMA, AV 3600 SAO PAULO SP",-23.5076573,-46.6915283
"5815","D041302156",21661,"EDGARD PINTO CESAR, RUA",NA,"",417,"","01/04/2013 07:44",4,"AT",70,1764," "," ",1,0,0,0,0,0,0,0,0,0,0,0,0,0,0,0,0,21661,"EDGARD PINTO CESAR, RUA",NA,"",56,"PARELHEIROS",1,0,"EDGARD PINTO CESAR, RUA 417 SAO PAULO SP",-23.613593,-46.5077695
"5816","D041300496",11562,"LAGRIMAS, ES DAS",NA,"",1462,"","01/04/2013 07:45",2,"QM",95,1714," "," ",1,2,0,0,0,0,0,0,0,0,0,0,0,0,0,0,0,11562,"LAGRIMAS, ES DAS",NA,"",69,"SACOMA",2,0,"LAGRIMAS, ES DAS 1462 SAO PAULO SP",-23.5505199,-46.6333094
"5817","D041300554",24491,"IMIGRANTES, VIA DOS",NA,"",9,"","01/04/2013 07:50",2,"CO",97,1166," "," ",1,1,0,0,0,0,0,0,0,0,0,0,0,0,0,0,0,24491,"IMIGRANTES, VIA DOS",NA,"",NA,"",2,0,"IMIGRANTES, VIA DOS 9 SAO PAULO SP",-23.4467654,-46.6890267
"5818","D041302242",1344,"ANGA, RUA",NA,"",896,"","01/04/2013 08:00",4,"AT",53,2189," "," ",0,0,0,1,0,0,0,0,0,0,0,0,0,0,0,0,0,1344,"ANGA, RUA",NA,"",87,"VILA FORMOSA",0,1,"ANGA, RUA 896 SAO PAULO SP",-23.56935,-46.541792
"5819","D041301534",9600,"BRAGANCA PAULISTA, RUA",NA,"",266,"","01/04/2013 08:00",4,"AT",11,353," "," ",1,0,0,0,0,0,0,0,0,0,0,0,0,0,0,0,0,9600,"BRAGANCA PAULISTA, RUA",NA,"",72,"SANTO AMARO",1,0,"BRAGANCA PAULISTA, RUA 266 SAO PAULO SP",-23.6420057,-46.7123287
"5820","D041301949",3895,"CAJUPIRANGA, RUA",8911,"IBIRANHEM, RUA",0,"","01/04/2013 08:00",2,"QM",64,2701," "," ",0,1,0,0,0,0,0,0,0,0,0,0,0,0,0,0,0,3895,"CAJUPIRANGA, RUA",8911,"IBIRANHEM, RUA",85,"VILA ANDRADE",1,0,"CAJUPIRANGA, RUA SAO PAULO SP &  IBIRANHEM, RUA SAO PAULO SP",-23.5293343,-46.4828798
"5821","D041301034",2479,"ATILIO PIFFER, RUA",20043,"ZANZIBAR, RUA",0,"","01/04/2013 08:00",2,"CF",13,3458," "," ",0,1,0,0,0,0,0,0,0,1,0,0,0,0,0,0,0,2479,"ATILIO PIFFER, RUA",20043,"ZANZIBAR, RUA",21,"CASA VERDE",1,0,"ATILIO PIFFER, RUA SAO PAULO SP &  ZANZIBAR, RUA SAO PAULO SP",-23.5101768,-46.65999
"5823","D041300154",543,"ALCANTARA MACHADO, AV",NA,"",180,"","01/04/2013 08:25",2,"CO",8,2349," "," ",1,1,0,0,0,0,0,0,0,0,0,0,0,0,0,0,0,543,"ALCANTARA MACHADO, AV",NA,"",10,"BRAS",1,0,"ALCANTARA MACHADO, AV 180 SAO PAULO SP",-23.5489946,-46.6038777
"5824","D041301783",3509,"BELMIRA MARIN, AV DONA",NA,"",2583,"","01/04/2013 08:30",2,"CO",101,2289," "," ",1,0,0,1,0,0,0,0,0,0,0,0,0,0,0,0,0,3509,"BELMIRA MARIN, AV DONA",NA,"",30,"GRAJAU",2,0,"BELMIRA MARIN, AV DONA 2583 SAO PAULO SP",-23.7551733,-46.676312
"5825","D041300493",7461,"FRANCISCO INACIO, RUA CEL",16994,"RENO, RUA DO",0,"","01/04/2013 08:30",2,"SI",95,1564," "," ",1,1,0,0,0,0,0,0,0,0,0,0,0,0,0,0,0,7461,"FRANCISCO INACIO, RUA CEL",16994,"RENO, RUA DO",69,"SACOMA",1,0,"FRANCISCO INACIO, RUA CEL SAO PAULO SP &  RENO, RUA DO SAO PAULO SP",-23.6117832,-46.6015827
"5826","D041301948",3861,"TREVO DE SANTA MARIA, RUA",NA,"",579,"","01/04/2013 09:00",2,"CO",64,2689," "," ",1,1,0,0,0,0,0,0,0,0,0,0,0,0,0,0,0,3861,"TREVO DE SANTA MARIA, RUA",NA,"",36,"ITAQUERA",1,0,"TREVO DE SANTA MARIA, RUA 579 SAO PAULO SP",-23.5157331,-46.4624972
"5827","D041300566",4593,"CATAO, RUA",NA,"",72,"","01/04/2013 09:00",4,"AT",7,2258," "," ",0,0,0,0,0,0,0,0,0,0,0,0,0,0,0,1,0,4593,"CATAO, RUA",NA,"",48,"LAPA",1,0,"CATAO, RUA 72 SAO PAULO SP",-23.523189,-46.7005837
"5828","D041302095",37222,"PALANQUE, ES DO",NA,"",2010,"","01/04/2013 09:15",2,"QF",54,1835," "," ",0,0,1,0,0,0,0,0,0,0,0,0,0,0,0,0,0,37222,"PALANQUE, ES DO",NA,"",50,"LIMAO",1,0,"PALANQUE, ES DO 2010 SAO PAULO SP",-23.5505199,-46.6333094
"5829","D041301241",15751,"PAULO GARCIA AQUILINE, RUA",NA,"",510,"","01/04/2013 09:15",4,"AT",45,983," "," ",0,0,0,0,0,0,0,0,0,0,0,1,0,0,0,0,0,15751,"PAULO GARCIA AQUILINE, RUA",NA,"",11,"BRASILANDIA",1,0,"PAULO GARCIA AQUILINE, RUA 510 SAO PAULO SP",-23.4690754,-46.6856009
"5830","D041300093",21064,"PLINIO DE QUEIROZ, VD DR",14804,"NOVE DE JULHO, AV",0,"","01/04/2013 09:30",2,"CO",4,2531," "," ",1,1,0,0,0,0,0,0,0,0,0,0,0,0,0,0,0,14804,"NOVE DE JULHO, AV",21064,"PLINIO DE QUEIROZ, VD DR",NA,"",1,0,"PLINIO DE QUEIROZ, VD DR SAO PAULO SP &  NOVE DE JULHO, AV SAO PAULO SP",-23.5557616,-46.6499383
"5831","D041300215",19583,"VERGUEIRO, RUA",2762,"BALTAZAR LISBOA, RUA",0,"","01/04/2013 09:30",2,"CO",6,4239," "," ",0,1,0,0,0,0,0,0,0,0,0,1,0,0,0,0,0,14642,"NOE AZEVEDO, AV PROF",19583,"VERGUEIRO, RUA",92,"VILA MARIANA",1,0,"VERGUEIRO, RUA SAO PAULO SP &  BALTAZAR LISBOA, RUA SAO PAULO SP",-23.6104332,-46.6085751
"5832","D041301079",5845,"DIAS DA SILVA, RUA",NA,"",658,"","01/04/2013 09:34",2,"CL",19,1253," "," ",0,1,0,1,0,0,0,0,0,0,0,0,0,0,0,0,0,5845,"DIAS DA SILVA, RUA",NA,"",91,"VILA MARIA",1,0,"DIAS DA SILVA, RUA 658 SAO PAULO SP",-23.5200641,-46.5895982
"5834","D041300012",13853,"MERCURIO, AV",NA,"",500,"","01/04/2013 09:41",4,"AT",1,2922," "," ",1,0,0,0,0,0,0,0,0,0,0,0,0,0,0,0,0,13853,"MERCURIO, AV",NA,"",9,"BOM RETIRO",1,0,"MERCURIO, AV 500 SAO PAULO SP",-23.5409484,-46.6285298
"5835","D041301414",6932,"FEIJO, AV REG",NA,"",640,"","01/04/2013 10:00",2,"CO",30,1794," "," ",2,0,0,0,0,0,0,0,0,0,0,0,0,0,0,0,0,6932,"FEIJO, AV REG",NA,"",1,"AGUA RASA",1,0,"FEIJO, AV REG 640 SAO PAULO SP",-22.9061599,-47.0598854
"5836","D041300989",36061,"LUIZ DUMONT VILLARES, AV",NA,"",3000,"","01/04/2013 10:00",2,"QD",9,1920,"B"," ",0,0,0,0,0,0,0,1,0,0,0,0,0,0,0,0,0,36061,"LUIZ DUMONT VILLARES, AV",NA,"",22,"CIDADE ADEMAR",1,0,"LUIZ DUMONT VILLARES, AV 3000 SAO PAULO SP",-23.4856101,-46.6082978
"5837","D041300119",10342,"JOAO JULIAO, RUA",NA,"",100,"","01/04/2013 10:00",4,"AT",5,1738," "," ",1,0,0,0,0,0,0,0,0,0,0,0,0,0,0,0,0,10342,"JOAO JULIAO, RUA",NA,"",7,"BELA VISTA",1,0,"JOAO JULIAO, RUA 100 SAO PAULO SP",-23.597903,-46.6215578
"5838","D041300005",1521,"ANTONIO, RUA STO",NA,"",211,"","01/04/2013 10:07",2,"CO",1,2584," "," ",1,1,0,0,0,0,0,0,0,0,0,0,0,0,0,0,0,1521,"ANTONIO, RUA STO",NA,"",67,"REPUBLICA",1,0,"ANTONIO, RUA STO 211 SAO PAULO SP",-23.5501594,-46.6410726
"5839","D041300811",13019,"ESCOLA POLITECNICA, AV",NA,"",5950,"","01/04/2013 10:23",2,"QM",51,1509," "," ",0,1,0,0,0,0,0,0,0,0,0,0,0,0,0,0,0,13019,"ESCOLA POLITECNICA, AV",NA,"",40,"JAGUARE",1,0,"ESCOLA POLITECNICA, AV 5950 SAO PAULO SP",-23.5804879,-46.7717171
"5840","D041301039",15038,"ORDEM E PROGRESSO, AV",NA,"",1000,"","01/04/2013 10:30",2,"QD",13,3476," "," ",0,0,1,0,0,0,0,0,0,0,0,0,0,0,0,0,0,15038,"ORDEM E PROGRESSO, AV",NA,"",35,"ITAIM PAULISTA",1,0,"ORDEM E PROGRESSO, AV 1000 SAO PAULO SP",-23.5188286,-46.6672041
"5842","D041301307",5350,"CORREDOR, ES DO",62388,"IVO CAVALCANTI, RUA",0,"","01/04/2013 10:45",2,"CO",74,1484," "," ",0,1,0,0,0,0,0,0,0,0,0,1,0,0,0,0,0,5350,"CORREDOR, ES DO",62388,"IVO CAVALCANTI, RUA",41,"JARAGUA",2,0,"CORREDOR, ES DO SAO PAULO SP &  IVO CAVALCANTI, RUA SAO PAULO SP",-23.5505199,-46.6333094
"5843","D041300407",66,"ABRAAO DE MORAIS, AV PROF",6347,"ELISA SILVEIRA, RUA",0,"","01/04/2013 11:00",4,"AT",35,2889," "," ",1,0,0,0,0,0,0,0,0,0,0,0,0,0,0,0,0,66,"ABRAAO DE MORAIS, AV PROF",6347,"ELISA SILVEIRA, RUA",79,"SAUDE",1,0,"ABRAAO DE MORAIS, AV PROF SAO PAULO SP &  ELISA SILVEIRA, RUA SAO PAULO SP",-23.6072122,-46.6270066
"5844","D041301035",15038,"ORDEM E PROGRESSO, AV",NA,"",1020,"","01/04/2013 11:18",2,"CT",13,3462," "," ",1,1,0,0,0,0,0,0,0,0,0,0,0,0,0,0,0,15038,"ORDEM E PROGRESSO, AV",NA,"",35,"ITAIM PAULISTA",1,0,"ORDEM E PROGRESSO, AV 1020 SAO PAULO SP",-23.5188286,-46.6672041
"5845","D041300685",18410,"SOLIMOES, RUA",1427,"ANHANGUERA, RUA",0,"","01/04/2013 11:25",2,"CO",23,900154," "," ",1,1,0,0,0,0,0,0,0,0,0,0,0,0,0,0,0,1427,"ANHANGUERA, RUA",18410,"SOLIMOES, RUA",70,"SANTA CECILIA",1,0,"SOLIMOES, RUA SAO PAULO SP &  ANHANGUERA, RUA SAO PAULO SP",-23.5201881,-46.659075
"5846","D041301478",2729,"BAIA GRANDE, RUA",NA,"",562,"","01/04/2013 11:50",2,"CT",56,2044," "," ",1,0,1,0,0,0,0,0,0,0,0,0,0,0,0,0,0,2729,"BAIA GRANDE, RUA",NA,"",95,"VILA PRUDENTE",1,0,"BAIA GRANDE, RUA 562 SAO PAULO SP",-23.6009409,-46.5708872
"5847","D041300087",5245,"CONSOLACAO, RUA DA",NA,"",1700,"","01/04/2013 11:54",4,"AT",4,2392," "," ",1,1,0,0,0,0,0,0,0,0,0,0,0,0,0,0,0,5245,"CONSOLACAO, RUA DA",NA,"",26,"CONSOLACAO",2,0,"CONSOLACAO, RUA DA 1700 SAO PAULO SP",-23.5514628,-46.6570524
"5848","D041300379",10918,"JOSE DINIZ, AV VER",10586,"JOAQUIM NABUCO, RUA",0,"","01/04/2013 12:06",2,"CO",27,3321," "," ",1,1,0,0,0,0,0,0,0,0,0,0,0,0,0,0,0,10586,"JOAQUIM NABUCO, RUA",10918,"JOSE DINIZ, AV VER",15,"CAMPO BELO",1,0,"JOSE DINIZ, AV VER SAO PAULO SP &  JOAQUIM NABUCO, RUA SAO PAULO SP",-23.6339852,-46.6908948
"5849","D041300516",4249,"CARDOSO DE MELO, AV DR",3031,"BEIRA RIO, RUA",0,"","01/04/2013 12:30",2,"SI",96,1458," "," ",0,1,0,1,0,0,0,0,0,0,0,0,0,0,0,0,0,3031,"BEIRA RIO, RUA",4249,"CARDOSO DE MELO, AV DR",34,"ITAIM BIBI",1,0,"CARDOSO DE MELO, AV DR SAO PAULO SP &  BEIRA RIO, RUA SAO PAULO SP",-23.5987684,-46.6837077
"5850","D041302049",9044,"RAGUEB CHOHFI, AV",22427,"CONFEDERACAO DOS TAMOIOS, RUA",0,"","01/04/2013 12:40",4,"AT",49,4368," "," ",0,0,1,0,0,0,0,0,0,0,0,0,0,0,0,0,0,9044,"RAGUEB CHOHFI, AV",22427,"CONFEDERACAO DOS TAMOIOS, RUA",32,"IGUATEMI",1,0,"RAGUEB CHOHFI, AV SAO PAULO SP &  CONFEDERACAO DOS TAMOIOS, RUA SAO PAULO SP",-23.5962789,-46.4358414
"5852","D041301912",16634,"ABEL TAVARES, AV",NA,"",1093,"","01/04/2013 13:02",2,"CO",62,1290,"C"," ",1,1,0,0,0,0,0,0,0,0,0,0,0,0,0,0,0,16634,"ABEL TAVARES, AV",NA,"",28,"ERMELINO MATARA",1,0,"ABEL TAVARES, AV 1093 SAO PAULO SP",-23.4903001,-46.4697604
"5853","D041300408",2235,"ARMANDO DE ARRUDA PEREIRA, AV ENG",NA,"",400,"","01/04/2013 13:13",2,"CO",35,2901," "," ",1,0,1,0,0,0,0,0,0,0,0,0,0,0,0,0,0,2235,"ARMANDO DE ARRUDA PEREIRA, AV ENG",NA,"",37,"JABAQUARA",2,0,"ARMANDO DE ARRUDA PEREIRA, AV ENG 400 SAO PAULO SP",-23.6328597,-46.6452301
"5854","D041300773",1429,"ANHANGUERA, VIA",NA,"",17000,"","01/04/2013 13:15",2,"QM",46,1555," "," ",0,1,0,0,0,0,0,0,0,0,0,0,0,0,0,0,0,1429,"ANHANGUERA, VIA",NA,"",73,"SAO DOMINGOS",1,0,"ANHANGUERA, VIA 17000 SAO PAULO SP",-23.4900941,-46.7665396
"5855","D041301468",27094,"SALIM FARAH MALUF, AV",NA,"",999,"","01/04/2013 13:30",4,"AT",52,982," "," ",1,0,0,0,0,0,0,0,0,0,0,0,0,0,0,0,0,27094,"SALIM FARAH MALUF, AV",NA,"",82,"TATUAPE",1,0,"SALIM FARAH MALUF, AV 999 SAO PAULO SP",-23.5396688,-46.5809451
"5856","D041301037",14770,"NOVA DOS PORTUGUESES, RUA",NA,"",66,"","01/04/2013 14:00",2,"CO",13,3468," "," ",1,1,0,0,0,0,0,0,0,0,0,0,0,0,0,0,0,14770,"NOVA DOS PORTUGUESES, RUA",NA,"",71,"SANTANA",1,0,"NOVA DOS PORTUGUESES, RUA 66 SAO PAULO SP",-23.4962063,-46.6380652
"5857","D041301038",288,"AFONSO SCHMIDT, AL",NA,"",656,"","01/04/2013 14:00",4,"AT",13,3469," "," ",1,0,0,0,0,0,0,0,0,0,0,0,0,0,0,0,0,288,"AFONSO SCHMIDT, AL",NA,"",71,"SANTANA",1,0,"AFONSO SCHMIDT, AL 656 SAO PAULO SP",-23.495267,-46.6353627
"5858","D041301729",13035,"MIGUEL YUNES, RUA",NA,"",545,"","01/04/2013 14:00",2,"CT",99,1478," "," ",1,1,0,0,0,0,0,0,0,0,0,0,0,0,0,0,0,13035,"MIGUEL YUNES, RUA",NA,"",16,"CAMPO GRANDE",2,0,"MIGUEL YUNES, RUA 545 SAO PAULO SP",-23.6874539,-46.6875365