"","id_acidente","codloga","logradouroA","codlogb","logradouroB","alt_num","referencia","data","cod_acid","tipo_acidente","dp","numero_BO","sentido","pista","automovel","moto","onibus","caminhao","bicicleta","moto_taxi","onibus_fretado","onibus_urbano","microonibus","van","vuc","caminhonete","carreta","jipe","outros","sem_informacao","carroca","princ_a","paiA","princ_b","paiB","cod_distrito","distrito","vit_ferida","vit_morta","local","lat","lon"
"5859","D041301866",18803,"TEODORO, RUA S",9624,"VICTORIO SANTIM, RUA",0,"","01/04/2013 14:00",2,"CO",32,2355," "," ",3,0,0,0,0,0,0,0,0,0,0,0,0,0,0,0,0,9624,"VICTORIO SANTIM, RUA",18803,"TEODORO, RUA S",36,"ITAQUERA",2,0,"TEODORO, RUA S SAO PAULO SP &  VICTORIO SANTIM, RUA SAO PAULO SP",-23.5554372,-46.4526667
"5860","D041300086",5245,"CONSOLACAO, RUA DA",NA,"",1777,"","01/04/2013 14:22",2,"CO",4,2391," "," ",1,1,0,0,0,0,0,0,0,0,0,0,0,0,0,0,0,5245,"CONSOLACAO, RUA DA",NA,"",26,"CONSOLACAO",1,0,"CONSOLACAO, RUA DA 1777 SAO PAULO SP",-23.5520161,-46.6575405
"5861","D041300650",61,"ABRAAO RIBEIRO, AV DR",NA,"",283,"","01/04/2013 14:37",4,"AT",23,1740," "," ",1,0,0,0,0,0,0,0,0,0,0,0,0,0,0,0,0,61,"ABRAAO RIBEIRO, AV DR",NA,"",70,"SANTA CECILIA",1,0,"ABRAAO RIBEIRO, AV DR 283 SAO PAULO SP",-23.9950572,-46.4208223
"5862","D041302157",12895,"ANTONIO MARQUES JULIAO, RUA",NA,"",150,"","01/04/2013 14:40",2,"CO",70,1787," "," ",2,0,0,0,0,0,0,0,0,0,0,0,0,0,0,0,0,12895,"ANTONIO MARQUES JULIAO, RUA",NA,"",74,"SAO LUCAS",2,0,"ANTONIO MARQUES JULIAO, RUA 150 SAO PAULO SP",-23.5998802,-46.5391466
"5863","D041301202",8320,"GUAPIRA, AV",NA,"",1812,"","01/04/2013 15:00",2,"CH",39,1511," "," ",1,1,0,0,0,0,0,0,0,0,0,0,0,0,0,0,0,8320,"GUAPIRA, AV",NA,"",38,"JACANA",1,0,"GUAPIRA, AV 1812 SAO PAULO SP",-23.4728493,-46.5885187
"5864","D041301036",14770,"NOVA DOS PORTUGUESES, RUA",NA,"",350,"","01/04/2013 15:30",2,"CO",13,3466," "," ",1,1,0,0,0,0,0,0,0,0,0,0,0,0,0,0,0,14770,"NOVA DOS PORTUGUESES, RUA",NA,"",71,"SANTANA",1,0,"NOVA DOS PORTUGUESES, RUA 350 SAO PAULO SP",-23.4948494,-46.6404282
"5865","D041300217",10528,"JOAQUIM CARLOS, RUA",NA,"",48,"","01/04/2013 15:44",2,"CO",12,1816," "," ",1,1,0,0,0,0,0,0,0,0,0,0,0,0,0,0,0,10528,"JOAQUIM CARLOS, RUA",NA,"",8,"BELEM",1,0,"JOAQUIM CARLOS, RUA 48 SAO PAULO SP",-23.5359343,-46.6047815
"5866","D041302015",11936,"ALBERTO LUPO (ANTIGA R. LISBOA, RUA",NA,"",11,"","01/04/2013 15:50",2,"CO",41,1968," "," ",1,1,0,0,0,0,0,0,0,0,0,0,0,0,0,0,0,11936,"ALBERTO LUPO (ANTIGA R. LISBOA, RUA",NA,"",78,"SAPOPEMBA",1,0,"ALBERTO LUPO (ANTIGA R. LISBOA, RUA 11 SAO PAULO SP",-23.5635311,-46.6768814
"5867","D041300155",3653,"BRESSER, RUA",NA,"",2500,"","01/04/2013 16:00",2,"CO",8,2364," "," ",1,1,0,0,0,0,0,0,0,0,0,0,0,0,0,0,0,3653,"BRESSER, RUA",NA,"",10,"BRAS",1,0,"BRESSER, RUA 2500 SAO PAULO SP",-23.5488729,-46.6019129
"5868","D041301656",99144,"OPCAO BRASIL NATAL, RUA",NA,"",1,"","01/04/2013 16:00",4,"AT",85,1761," "," ",0,0,0,0,0,0,0,0,0,0,0,0,0,0,0,1,0,99144,"OPCAO BRASIL NATAL, RUA",NA,"",30,"GRAJAU",1,0,"OPCAO BRASIL NATAL, RUA 1 SAO PAULO SP",-23.7632286,-46.6978695
"5869","D041300476",9294,"JOAO JOSE DA SILVA, RUA",NA,"",300,"","01/04/2013 16:23",2,"QF",83,790," "," ",0,0,0,1,0,0,0,0,0,0,0,0,0,0,0,0,0,9294,"JOAO JOSE DA SILVA, RUA",NA,"",69,"SACOMA",1,0,"JOAO JOSE DA SILVA, RUA 300 SAO PAULO SP",-23.6484085,-46.6054705
"5870","D041300497",5762,"DELAMARE, AV ALM",NA,"",1800,"","01/04/2013 16:30",2,"QM",95,1727," "," ",0,1,0,0,0,0,0,0,0,0,0,0,0,0,0,0,0,5762,"DELAMARE, AV ALM",NA,"",33,"IPIRANGA",1,0,"DELAMARE, AV ALM 1800 SAO PAULO SP",-23.609713,-46.5896168
"5871","D041300437",19764,"VINTE E TRES DE MAIO, AV",3274,"BERNARDINO DE CAMPOS, AV",0,"","01/04/2013 16:30",2,"CT",36,1461," "," ",1,1,0,0,0,0,0,0,0,0,0,0,0,0,0,0,0,3274,"BERNARDINO DE CAMPOS, AV",19764,"VINTE E TRES DE MAIO, AV",NA,"",1,0,"VINTE E TRES DE MAIO, AV SAO PAULO SP &  BERNARDINO DE CAMPOS, AV SAO PAULO SP",-23.5834995,-46.6524613
"5872","D041301535",1085,"AMERICO BRASILIENSE, RUA",NA,"",1550,"","01/04/2013 16:40",2,"CT",11,3558," "," ",1,1,0,0,0,0,0,0,0,0,0,0,0,0,0,0,0,1085,"AMERICO BRASILIENSE, RUA",NA,"",72,"SANTO AMARO",1,0,"AMERICO BRASILIENSE, RUA 1550 SAO PAULO SP",-23.6315513,-46.7016542
"5873","D041301446",24338,"LUIZ IGNACIO ANHAIA MELLO, AV PROF",18389,"MANUEL DA COSTA, RUA",0,"","01/04/2013 17:15",2,"CO",42,1175," "," ",1,1,0,0,0,0,0,0,0,0,0,0,0,0,0,0,0,18389,"MANUEL DA COSTA, RUA",24338,"LUIZ IGNACIO ANHAIA MELLO, AV PROF",NA,"",1,0,"LUIZ IGNACIO ANHAIA MELLO, AV PROF SAO PAULO SP &  MANUEL DA COSTA, RUA SAO PAULO SP",-23.5827842,-46.565808
"5874","D041301381",18454,"SOUSA BANDEIRA, AV",44742,"BERNARDINO BRITO FONSECA DE CA, AV",0,"","01/04/2013 17:17",2,"CO",21,1101," "," ",1,0,0,0,1,0,0,0,0,0,0,0,0,0,0,0,0,18454,"SOUSA BANDEIRA, AV",44742,"BERNARDINO BRITO FONSECA DE CA, AV",93,"VILA MATILDE",1,0,"SOUSA BANDEIRA, AV SAO PAULO SP &  BERNARDINO BRITO FONSECA DE CA, AV SAO PAULO SP",-23.5462024,-46.5013255
"5875","D041302120",17135,"RIO DAS PEDRAS, AV",NA,"",3343,"","01/04/2013 17:30",2,"CO",66,1486," "," ",0,2,0,0,0,0,0,0,0,0,0,0,0,0,0,0,0,17135,"RIO DAS PEDRAS, AV",NA,"",27,"CURSINO",1,0,"RIO DAS PEDRAS, AV 3343 SAO PAULO SP",-23.5802217,-46.500611
"5876","D041302009",38984,"PORFIRIO DA PAZ, AV GAL",NA,"",1745,"","01/04/2013 17:30",4,"AT",41,1722," "," ",0,0,0,0,0,0,0,0,1,0,0,0,0,0,0,0,0,38984,"PORFIRIO DA PAZ, AV GAL",NA,"",78,"SAPOPEMBA",1,0,"PORFIRIO DA PAZ, AV GAL 1745 SAO PAULO SP",-23.5956621,-46.5141013
"5877","D041301627",60544,"JOSE ALVES DA SILVA, RUA",NA,"",200,"","01/04/2013 17:30",2,"QM",47,5214," "," ",0,1,0,0,0,0,0,0,0,0,0,0,0,0,0,0,0,60544,"JOSE ALVES DA SILVA, RUA",NA,"",29,"FREGUESIA DO O",1,0,"JOSE ALVES DA SILVA, RUA 200 SAO PAULO SP",-23.6981468,-46.7796585
"5878","D041301216",36061,"LUIZ DUMONT VILLARES, AV",NA,"",1859,"","01/04/2013 17:40",2,"CO",39,3294," "," ",0,1,0,0,0,0,0,0,0,0,0,1,0,0,0,0,0,36061,"LUIZ DUMONT VILLARES, AV",NA,"",22,"CIDADE ADEMAR",1,0,"LUIZ DUMONT VILLARES, AV 1859 SAO PAULO SP",-23.4860607,-46.6086601
"5879","D041300373",19931,"WASHINGTON LUIS, AV",NA,"",3480,"","01/04/2013 18:20",4,"AT",27,5519," "," ",0,1,0,0,0,0,0,0,0,0,0,0,0,0,0,0,0,19931,"WASHINGTON LUIS, AV",NA,"",30,"GRAJAU",1,0,"WASHINGTON LUIS, AV 3480 SAO PAULO SP",-23.6534615,-46.6801143
"5880","D041301148",5947,"EDGAR FACO, AV GAL",NA,"",1418,"","01/04/2013 18:30",2,"CT",28,3483," "," ",0,1,0,0,0,0,0,0,0,0,0,1,0,0,0,0,0,5947,"EDGAR FACO, AV GAL",NA,"",64,"PIRITUBA",1,0,"EDGAR FACO, AV GAL 1418 SAO PAULO SP",-23.4943669,-46.7087217
"5881","D041301610",4975,"HENRIQUE SAM MINDLIN, RUA",NA,"",1,"","01/04/2013 18:40",2,"QM",47,4103," "," ",0,1,0,0,0,0,0,0,0,0,0,0,0,0,0,0,0,4975,"HENRIQUE SAM MINDLIN, RUA",NA,"",19,"CAPAO REDONDO",2,0,"HENRIQUE SAM MINDLIN, RUA 1 SAO PAULO SP",-23.6783599,-46.7767223
"5882","D041301769",12403,"M'BOI MIRIM, ES",NA,"",8000,"","01/04/2013 18:50",4,"AT",100,4025," "," ",0,0,1,0,0,0,0,0,0,0,0,0,0,0,0,0,0,12403,"M'BOI MIRIM, ES",NA,"",42,"JARDIM ANGELA",1,0,"M'BOI MIRIM, ES 8000 SAO PAULO SP",-23.5505199,-46.6333094
"5883","D041301455",24338,"LUIZ IGNACIO ANHAIA MELLO, AV PROF",NA,"",4703,"","01/04/2013 18:51",2,"CH",42,2021," "," ",1,1,0,0,0,0,0,0,0,0,0,0,0,0,0,0,0,24338,"LUIZ IGNACIO ANHAIA MELLO, AV PROF",NA,"",26,"CONSOLACAO",1,0,"LUIZ IGNACIO ANHAIA MELLO, AV PROF 4703 SAO PAULO SP",-23.5850557,-46.5485386
"5884","D041300198",6642,"ESTADO, AV DO",NA,"",6945,"","01/04/2013 19:25",2,"SI",6,2367," "," ",0,1,0,0,0,0,0,0,0,0,0,1,0,0,0,0,0,6642,"ESTADO, AV DO",NA,"",9,"BOM RETIRO",1,0,"ESTADO, AV DO 6945 SAO PAULO SP",-23.5471742,-46.6294314
"5885","D041300254",16321,"PIRACICABA, AL BR DE",NA,"",209,"","01/04/2013 19:30",4,"AT",77,1360," "," ",1,0,0,0,0,0,0,0,0,0,0,0,0,0,0,0,0,16321,"PIRACICABA, AL BR DE",NA,"",11,"BRASILANDIA",1,0,"PIRACICABA, AL BR DE 209 SAO PAULO SP",-23.5344345,-46.64272
"5886","D041301770",5379,"CORREIA PAMPLONA, RUA",62251,"INACIO COUTO, RUA",0,"","01/04/2013 19:30",4,"AT",100,40284," "," ",1,0,0,0,0,0,0,0,0,0,0,0,0,0,0,0,0,5379,"CORREIA PAMPLONA, RUA",62251,"INACIO COUTO, RUA",42,"JARDIM ANGELA",1,0,"CORREIA PAMPLONA, RUA SAO PAULO SP &  INACIO COUTO, RUA SAO PAULO SP",-23.7186972,-46.7687386
"5887","D041301341",954,"AMADOR BUENO DA VEIGA, AV",NA,"",617,"","01/04/2013 19:38",4,"AT",10,23625,"B"," ",1,0,0,0,0,0,0,0,0,0,0,0,0,0,0,0,0,954,"AMADOR BUENO DA VEIGA, AV",NA,"",60,"PENHA",1,0,"AMADOR BUENO DA VEIGA, AV 617 SAO PAULO SP",-23.5220995,-46.5388618
"5888","D041300760",20956,"NINA STOCCO, RUA PROFA",NA,"",1350,"","01/04/2013 20:00",4,"AT",37,2609," "," ",0,1,0,0,0,0,0,0,0,0,0,0,0,0,0,0,0,20956,"NINA STOCCO, RUA PROFA",NA,"",29,"FREGUESIA DO O",1,0,"NINA STOCCO, RUA PROFA 1350 SAO PAULO SP",-23.6365248,-46.7599689
"5889","D041301918",20990,"ANTONIO DE CASTRO LOPES, RUA PROF",NA,"",1301,"","01/04/2013 20:45",2,"CO",62,3354," "," ",1,1,0,0,0,0,0,0,0,0,0,0,0,0,0,0,0,20990,"ANTONIO DE CASTRO LOPES, RUA PROF",NA,"",49,"LIBERDADE",1,0,"ANTONIO DE CASTRO LOPES, RUA PROF 1301 SAO PAULO SP",-23.4950642,-46.4798758
"5893","D041300462",5570,"CUBATAO, RUA",271,"AFONSO DE FREITAS, RUA",0,"","02/04/2013 00:33",2,"CO",36,3340," "," ",4,0,0,0,0,0,0,0,0,0,0,0,0,0,0,0,0,271,"AFONSO DE FREITAS, RUA",5570,"CUBATAO, RUA",92,"VILA MARIANA",2,0,"CUBATAO, RUA SAO PAULO SP &  AFONSO DE FREITAS, RUA SAO PAULO SP",-23.8821422,-46.4186933
"5894","D041300689",35449,"BANDEIRANTES, VIA DOS",NA,"",15,"","02/04/2013 02:10",2,"CT",33,2988," "," ",0,1,0,1,0,0,0,0,0,0,0,0,0,0,0,0,0,35449,"BANDEIRANTES, VIA DOS",NA,"",64,"PIRITUBA",1,0,"BANDEIRANTES, VIA DOS 15 SAO PAULO SP",-23.5984716,-46.6879815
"5895","D041301669",20062,"NERIO NUNES, RUA DR",NA,"",253,"","02/04/2013 05:25",2,"CH",92,2096," "," ",2,0,0,0,0,0,0,0,0,0,0,0,0,0,0,0,0,20062,"NERIO NUNES, RUA DR",NA,"",29,"FREGUESIA DO O",2,0,"NERIO NUNES, RUA DR 253 SAO PAULO SP",-23.6565498,-46.7589892
"5896","D041300477",13915,"MIGUEL ESTEFANO, AV",NA,"",10,"","02/04/2013 06:00",2,"CH",83,792,"C"," ",0,1,0,0,0,0,0,0,0,0,0,0,0,0,0,0,0,13915,"MIGUEL ESTEFANO, AV",NA,"",27,"CURSINO",1,0,"MIGUEL ESTEFANO, AV 10 SAO PAULO SP",-23.6193352,-46.639253
"5897","D041301609",9529,"ITAPECERICA, ES DE",NA,"",4659,"","02/04/2013 06:10",4,"AT",47,4039," "," ",0,1,0,0,0,0,0,0,0,0,0,0,0,0,0,0,0,9529,"ITAPECERICA, ES DE",NA,"",29,"FREGUESIA DO O",2,0,"ITAPECERICA, ES DE 4659 SAO PAULO SP",-23.5505199,-46.6333094
"5899","D041301658",60027,"JOAO AMOS COMENIUS, RUA",NA,"",500,"","02/04/2013 06:20",2,"QD",85,1904," "," ",0,0,1,0,0,0,0,0,0,0,0,0,0,0,0,0,0,60027,"JOAO AMOS COMENIUS, RUA",NA,"",32,"IGUATEMI",1,0,"JOAO AMOS COMENIUS, RUA 500 SAO PAULO SP",-23.7562887,-46.7016281
"5901","D041300812",16878,"RAPOSO TAVARES, VIA",NA,"",13,"","02/04/2013 06:55",2,"CO",51,1521," "," ",0,1,0,0,0,0,0,0,0,0,0,0,0,0,0,1,0,16878,"RAPOSO TAVARES, VIA",NA,"",13,"CACHOEIRINHA",1,0,"RAPOSO TAVARES, VIA 13 SAO PAULO SP",-23.6219461,-46.6885241
"5902","D041301393",7645,"FRONTIN, AV CD DE",44742,"BERNARDINO BRITO FONSECA DE CA, AV",0,"","02/04/2013 07:00",2,"CT",21,1911," "," ",1,0,1,0,0,0,0,0,0,0,0,0,0,0,0,0,0,7645,"FRONTIN, AV CD DE",44742,"BERNARDINO BRITO FONSECA DE CA, AV",93,"VILA MATILDE",1,0,"FRONTIN, AV CD DE SAO PAULO SP &  BERNARDINO BRITO FONSECA DE CA, AV SAO PAULO SP",-23.5505199,-46.6333094
"5903","D041302121",2181,"ARICANDUVA, AV",NA,"",6049,"","02/04/2013 07:09",2,"CO",66,1492," "," ",0,1,0,0,1,0,0,0,0,0,0,0,0,0,0,0,0,2181,"ARICANDUVA, AV",NA,"",60,"PENHA",1,0,"ARICANDUVA, AV 6049 SAO PAULO SP",-23.5743429,-46.503236
"5904","D041301721",478,"ALBERTO CARDOSO DE MELLO NETO, RUA DR",NA,"",527,"","02/04/2013 07:10",2,"CF",98,4745," "," ",0,2,0,0,0,0,0,0,0,0,0,0,0,0,0,0,0,478,"ALBERTO CARDOSO DE MELLO NETO, RUA DR",NA,"",63,"PINHEIROS",1,0,"ALBERTO CARDOSO DE MELLO NETO, RUA DR 527 SAO PAULO SP",-23.5792096,-46.6925597
"5905","D041301308",15425,"CANTIDIO SAMPAIO, AV DEP",NA,"",5230,"","02/04/2013 07:45",4,"AT",74,1498," "," ",0,1,0,0,0,0,0,0,0,0,0,0,0,0,0,0,0,15425,"CANTIDIO SAMPAIO, AV DEP",NA,"",41,"JARAGUA",1,0,"CANTIDIO SAMPAIO, AV DEP 5230 SAO PAULO SP",-23.442954,-46.7059357
"5906","D041301581",15509,"PARELHEIROS, RUA",NA,"",291,"","02/04/2013 07:50",4,"AT",25,866," "," ",0,1,0,0,0,0,0,0,0,0,0,0,0,0,0,0,0,15509,"PARELHEIROS, RUA",NA,"",36,"ITAQUERA",1,0,"PARELHEIROS, RUA 291 SAO PAULO SP",-23.5259475,-46.583077
"5907","D041301326",33234,"MARGINAL DIREITA DO TIETE, AV",NA,"",5114,"","02/04/2013 07:50",2,"CO",90,1296,"C"," ",0,1,0,0,0,0,0,1,0,0,0,0,0,0,0,0,0,29772,"MARGINAL DO RIO TIETE, AV",NA,"",39,"JAGUARA",2,0,"MARGINAL DIREITA DO TIETE, AV 5114 SAO PAULO SP",-23.5168255,-46.7414906
"5909","D041301342",43777,"CARVALHO PINTO, AV GOV",NA,"",1023,"","02/04/2013 08:15",2,"CL",10,3645," "," ",0,1,0,0,0,0,0,0,0,0,0,1,0,0,0,0,0,43777,"CARVALHO PINTO, AV GOV",NA,"",41,"JARAGUA",1,0,"CARVALHO PINTO, AV GOV 1023 SAO PAULO SP",-23.514227,-46.5364799
"5910","D041302107",9589,"ADELIA CHOHFI, AV",NA,"",1000,"","02/04/2013 08:18",4,"AT",55,1348," "," ",1,0,0,0,0,0,0,0,0,0,0,0,0,0,0,0,0,9589,"ADELIA CHOHFI, AV",NA,"",75,"SAO MATEUS",1,0,"ADELIA CHOHFI, AV 1000 SAO PAULO SP",-23.6204596,-46.4785326
"5911","D041300961",99137,"LINEU PRESTES (C.UNIVERS.), AV PROF",NA,"",275,"","02/04/2013 08:20",2,"CO",93,1524," "," ",1,0,0,0,1,0,0,0,0,0,0,0,0,0,0,0,0,99137,"LINEU PRESTES (C.UNIVERS.), AV PROF",NA,"",2,"ALTO DE PINHEIR",1,0,"LINEU PRESTES (C.UNIVERS.), AV PROF 275 SAO PAULO SP",-23.5573081,-46.7347763
"5912","D041302114",9589,"ADELIA CHOHFI, AV",NA,"",55,"","02/04/2013 08:25",4,"AT",55,4595," "," ",0,0,1,0,0,0,0,0,0,0,0,0,0,0,0,0,0,9589,"ADELIA CHOHFI, AV",NA,"",75,"SAO MATEUS",1,0,"ADELIA CHOHFI, AV 55 SAO PAULO SP",-23.611142,-46.4753945
"5914","D041301096",14767,"NOVA CANTAREIRA, AV",NA,"",1691,"","02/04/2013 08:30",2,"CT",20,2902," "," ",1,1,0,0,0,0,0,0,0,0,0,0,0,0,0,0,0,14767,"NOVA CANTAREIRA, AV",NA,"",83,"TREMEMBE",1,0,"NOVA CANTAREIRA, AV 1691 SAO PAULO SP",-23.4809935,-46.6119549
"5915","D041300514",3912,"CALIFORNIA, RUA",11482,"KANSAS, RUA",0,"","02/04/2013 08:30",2,"SI",96,942," "," ",1,1,0,0,0,0,0,0,0,0,0,0,0,0,0,0,0,3912,"CALIFORNIA, RUA",11482,"KANSAS, RUA",34,"ITAIM BIBI",1,0,"CALIFORNIA, RUA SAO PAULO SP &  KANSAS, RUA SAO PAULO SP",-23.6106967,-46.6832222
"5917","D041301536",6238,"NACOES UNIDAS, AV DAS",21251,"RUBENS GOMES BUENO, RUA DR",0,"","02/04/2013 08:37",2,"CO",11,3587,"C"," ",0,3,0,0,0,0,0,0,0,0,0,0,0,0,0,0,0,6238,"NACOES UNIDAS, AV DAS",21251,"RUBENS GOMES BUENO, RUA DR",72,"SANTO AMARO",4,0,"NACOES UNIDAS, AV DAS SAO PAULO SP &  RUBENS GOMES BUENO, RUA DR SAO PAULO SP",-23.5735935,-46.7008864
"5918","D041300273",18102,"SERTORIO, RUA MAJ",989,"AMARAL GURGEL, RUA",0,"","02/04/2013 08:42",2,"CO",77,2416," "," ",1,0,0,0,1,0,0,0,0,0,0,0,0,0,0,0,0,989,"AMARAL GURGEL, RUA",18102,"SERTORIO, RUA MAJ",NA,"",1,0,"SERTORIO, RUA MAJ SAO PAULO SP &  AMARAL GURGEL, RUA SAO PAULO SP",-23.5454026,-46.6484665
"5919","D041300823",16878,"RAPOSO TAVARES, VIA",NA,"",12,"","02/04/2013 09:00",2,"CT",51,1854," "," ",0,2,0,0,0,0,0,0,0,0,0,0,0,0,0,0,0,16878,"RAPOSO TAVARES, VIA",NA,"",13,"CACHOEIRINHA",1,0,"RAPOSO TAVARES, VIA 12 SAO PAULO SP",-23.6219064,-46.68854
"5920","D041300813",8603,"HEITOR ANTONIO EIRAS GARCIA, AV ENG",NA,"",1010,"","02/04/2013 09:20",2,"CO",51,1528," "," ",0,1,0,0,0,0,0,1,0,0,0,0,0,0,0,0,0,8603,"HEITOR ANTONIO EIRAS GARCIA, AV ENG",NA,"",68,"RIO PEQUENO",1,0,"HEITOR ANTONIO EIRAS GARCIA, AV ENG 1010 SAO PAULO SP",-23.5783132,-46.7452456
"5921","D041302207",14213,"MOOCA, RUA DA",9831,"JAGUARA, RUA BR DE",0,"","02/04/2013 09:22",2,"CT",18,2387," "," ",1,1,0,1,0,0,0,0,0,0,0,0,0,0,0,0,0,9831,"JAGUARA, RUA BR DE",14213,"MOOCA, RUA DA",14,"CAMBUCI",0,1,"MOOCA, RUA DA SAO PAULO SP &  JAGUARA, RUA BR DE SAO PAULO SP",-23.5549376,-46.6077126
"5922","D041301415",1967,"APUCARANA, RUA",18068,"SERRA DE BRAGANCA, RUA",0,"","02/04/2013 09:30",2,"CO",30,1815," "," ",1,1,0,0,0,0,0,0,0,0,0,0,0,0,0,0,0,1967,"APUCARANA, RUA",18068,"SERRA DE BRAGANCA, RUA",82,"TATUAPE",1,0,"APUCARANA, RUA SAO PAULO SP &  SERRA DE BRAGANCA, RUA SAO PAULO SP",-23.5412961,-46.5647692
"5923","D041301166",7347,"FRANCISCO RANIERI, AV DR",3423,"LACERDA MARQUES, RUA",0,"","02/04/2013 09:30",4,"AT",38,1679," "," ",1,0,0,0,0,0,0,0,0,0,0,0,0,0,0,0,0,3423,"LACERDA MARQUES, RUA",7347,"FRANCISCO RANIERI, AV DR",51,"MANDAQUI",1,0,"FRANCISCO RANIERI, AV DR SAO PAULO SP &  LACERDA MARQUES, RUA SAO PAULO SP",-23.4766952,-46.6458144
"5924","D041301477",6642,"ESTADO, AV DO",NA,"",7000,"","02/04/2013 10:20",2,"SI",56,2031," "," ",1,1,0,0,0,0,0,0,0,0,0,0,0,0,0,0,0,6642,"ESTADO, AV DO",NA,"",9,"BOM RETIRO",1,0,"ESTADO, AV DO 7000 SAO PAULO SP",-23.569216,-46.6075632
"5925","D041300156",14213,"MOOCA, RUA DA",NA,"",1145,"","02/04/2013 10:30",2,"CO",8,2393," "," ",1,1,0,0,0,0,0,0,0,0,0,0,0,0,0,0,0,14213,"MOOCA, RUA DA",NA,"",16,"CAMPO GRANDE",1,0,"MOOCA, RUA DA 1145 SAO PAULO SP",-23.5541592,-46.6141158
"5926","D041300034",6642,"ESTADO, AV DO",17799,"SANTOS DUMONT, AV",0,"","02/04/2013 10:40",2,"CO",2,1820," "," ",0,1,0,0,0,0,0,0,0,0,0,1,0,0,0,0,0,6642,"ESTADO, AV DO",17799,"SANTOS DUMONT, AV",9,"BOM RETIRO",1,0,"ESTADO, AV DO SAO PAULO SP &  SANTOS DUMONT, AV SAO PAULO SP",-23.5635869,-46.6112253
"5927","D041300192",1934,"APENINOS, RUA",NA,"",747,"","02/04/2013 10:50",2,"CO",6,1767," "," ",1,1,0,0,0,0,0,0,0,0,0,0,0,0,0,0,0,1934,"APENINOS, RUA",NA,"",49,"LIBERDADE",1,0,"APENINOS, RUA 747 SAO PAULO SP",-23.5740956,-46.6392318
"5928","D041301250",15425,"CANTIDIO SAMPAIO, AV DEP",NA,"",1800,"","02/04/2013 11:02",2,"CH",72,2838," "," ",0,0,2,0,0,0,0,0,0,0,0,0,0,0,0,0,0,15425,"CANTIDIO SAMPAIO, AV DEP",NA,"",41,"JARAGUA",1,0,"CANTIDIO SAMPAIO, AV DEP 1800 SAO PAULO SP",-23.4633843,-46.6816621
"5929","D041300517",8341,"GUARAIUVA, RUA",4564,"CASTILHO, RUA",0,"","02/04/2013 11:14",2,"SI",96,1478," "," ",1,1,0,0,0,0,0,0,0,0,0,0,0,0,0,0,0,4564,"CASTILHO, RUA",8341,"GUARAIUVA, RUA",34,"ITAIM BIBI",1,0,"GUARAIUVA, RUA SAO PAULO SP &  CASTILHO, RUA SAO PAULO SP",-23.6105962,-46.6890653
"5930","D041301097",18151,"SEZEFREDO FAGUNDES, AV CEL",NA,"",1124,"","02/04/2013 11:15",4,"AT",20,2909," "," ",0,1,0,0,0,0,0,0,0,0,0,0,0,0,0,0,0,18151,"SEZEFREDO FAGUNDES, AV CEL",NA,"",22,"CIDADE ADEMAR",1,0,"SEZEFREDO FAGUNDES, AV CEL 1124 SAO PAULO SP",-23.4686546,-46.6039435
"5931","D041301668",35858,"GUIDO CALOI, AV",NA,"",25,"","02/04/2013 11:39",2,"CO",92,2091," "," ",0,1,0,0,0,0,0,0,0,0,0,1,0,0,0,0,0,35858,"GUIDO CALOI, AV",NA,"",32,"IGUATEMI",2,0,"GUIDO CALOI, AV 25 SAO PAULO SP",-23.644991,-46.727435
"5932","D041300625",4933,"CIDADE JARDIM, AV",NA,"",143,"","02/04/2013 11:45",2,"CL",15,1650," "," ",0,1,0,0,0,0,0,0,0,0,0,1,0,0,0,0,0,4933,"CIDADE JARDIM, AV",NA,"",63,"PINHEIROS",1,0,"CIDADE JARDIM, AV 143 SAO PAULO SP",-23.579202,-46.6820284
"5933","D041301623",60544,"JOSE ALVES DA SILVA, RUA",NA,"",600,"","02/04/2013 11:50",4,"AT",47,5073," "," ",1,0,0,0,0,0,0,0,0,0,0,0,0,0,0,0,0,60544,"JOSE ALVES DA SILVA, RUA",NA,"",29,"FREGUESIA DO O",1,0,"JOSE ALVES DA SILVA, RUA 600 SAO PAULO SP",-23.6981785,-46.7822551
"5934","D041300583",6897,"FARIA LIMA, AV BRIG",16919,"REBOUCAS, AV",0,"","02/04/2013 11:50",4,"AT",14,1533," "," ",1,0,0,0,0,0,0,0,0,0,0,0,0,0,0,0,0,6897,"FARIA LIMA, AV BRIG",16919,"REBOUCAS, AV",63,"PINHEIROS",1,0,"FARIA LIMA, AV BRIG SAO PAULO SP &  REBOUCAS, AV SAO PAULO SP",-23.5786046,-46.685823
"5935","D041300814",8603,"HEITOR ANTONIO EIRAS GARCIA, AV ENG",4147,"FIUZA DE CASTRO, AV MAL",0,"","02/04/2013 11:55",2,"CO",51,1529," "," ",1,0,0,0,1,0,0,0,0,0,0,0,0,0,0,0,0,4147,"FIUZA DE CASTRO, AV MAL",8603,"HEITOR ANTONIO EIRAS GARCIA, AV ENG",12,"BUTANTA",1,0,"HEITOR ANTONIO EIRAS GARCIA, AV ENG SAO PAULO SP &  FIUZA DE CASTRO, AV MAL SAO PAULO SP",-23.5887336,-46.7667973