"","id_acidente","codloga","logradouroA","codlogb","logradouroB","alt_num","referencia","data","cod_acid","tipo_acidente","dp","numero_BO","sentido","pista","automovel","moto","onibus","caminhao","bicicleta","moto_taxi","onibus_fretado","onibus_urbano","microonibus","van","vuc","caminhonete","carreta","jipe","outros","sem_informacao","carroca","princ_a","paiA","princ_b","paiB","cod_distrito","distrito","vit_ferida","vit_morta","local","lat","lon"
"6018","D041301538",16375,"PIRES DE OLIVEIRA, RUA",19574,"VERBO DIVINO, RUA",0,"","03/04/2013 11:58",2,"CO",11,3639," "," ",1,0,0,0,1,0,0,0,0,0,0,0,0,0,0,0,0,16375,"PIRES DE OLIVEIRA, RUA",19574,"VERBO DIVINO, RUA",NA,"",1,0,"PIRES DE OLIVEIRA, RUA SAO PAULO SP &  VERBO DIVINO, RUA SAO PAULO SP",-23.6347588,-46.7012677
"6019","D041300629",11439,"JUSTINA, RUA STA",5105,"CLODOMIRO AMAZONAS, RUA",0,"","03/04/2013 12:00",4,"AT",15,1839," "," ",0,0,0,0,0,0,0,0,0,0,0,0,0,0,0,1,0,5105,"CLODOMIRO AMAZONAS, RUA",11439,"JUSTINA, RUA STA",34,"ITAIM BIBI",1,0,"JUSTINA, RUA STA SAO PAULO SP &  CLODOMIRO AMAZONAS, RUA SAO PAULO SP",-23.5961569,-46.6798165
"6020","D041301766",25752,"JOSE ESTIMA FILHO, AV",NA,"",1205,"","03/04/2013 12:00",4,"AT",100,2046," "," ",1,0,0,0,0,0,0,0,0,0,0,0,0,0,0,0,0,25752,"JOSE ESTIMA FILHO, AV",NA,"",42,"JARDIM ANGELA",1,0,"JOSE ESTIMA FILHO, AV 1205 SAO PAULO SP",-23.7309134,-46.7923419
"6021","D041301633",2483,"ATLANTICA ANT. ROBERT KENNEDY, AV",NA,"",4867,"","03/04/2013 12:00",2,"CT",48,1278," "," ",0,1,0,0,0,0,0,1,0,0,0,0,0,0,0,0,0,2483,"ATLANTICA ANT. ROBERT KENNEDY, AV",NA,"",23,"CIDADE DUTRA",1,0,"ATLANTICA ANT. ROBERT KENNEDY, AV 4867 SAO PAULO SP",-23.5505199,-46.6333094
"6022","D041300037",10019,"JAVAES, RUA",18748,"TAUNAY, RUA VISC DE",0,"","03/04/2013 12:00",2,"CL",2,1852," "," ",1,1,0,0,0,0,0,0,0,0,0,0,0,0,0,0,0,10019,"JAVAES, RUA",18748,"TAUNAY, RUA VISC DE",9,"BOM RETIRO",2,0,"JAVAES, RUA SAO PAULO SP &  TAUNAY, RUA VISC DE SAO PAULO SP",-23.5224065,-46.6460753
"6023","D041300702",16388,"JOAQUIM OLIVEIRA FREITAS, RUA",NA,"",900,"","03/04/2013 13:00",2,"CO",33,3532," "," ",0,1,0,0,0,0,0,0,0,0,0,1,0,0,0,0,0,16388,"JOAQUIM OLIVEIRA FREITAS, RUA",NA,"",31,"GUAIANASES",1,0,"JOAQUIM OLIVEIRA FREITAS, RUA 900 SAO PAULO SP",-23.4995482,-46.7461636
"6024","D041302241",98912,"JOSE PINHEIRO BORGES, AV",1801,"ANTONIO MOURA ANDRADE, RUA",0,"","03/04/2013 13:00",4,"AT",32,2182,"C"," ",0,1,0,0,0,0,0,0,0,0,0,0,0,0,0,0,0,1801,"ANTONIO MOURA ANDRADE, RUA",98912,"JOSE PINHEIRO BORGES, AV",36,"ITAQUERA",1,1,"JOSE PINHEIRO BORGES, AV SAO PAULO SP &  ANTONIO MOURA ANDRADE, RUA SAO PAULO SP",-23.5379455,-46.4560852
"6025","D041300691",16388,"JOAQUIM OLIVEIRA FREITAS, RUA",NA,"",1434,"","03/04/2013 13:15",4,"AT",33,3057," "," ",0,1,0,0,0,0,0,0,0,0,0,0,0,0,0,0,0,16388,"JOAQUIM OLIVEIRA FREITAS, RUA",NA,"",31,"GUAIANASES",1,0,"JOAQUIM OLIVEIRA FREITAS, RUA 1434 SAO PAULO SP",-23.4950187,-46.7448842
"6027","D041300624",8473,"GUILHERME BANNITZ, RUA DR",NA,"",146,"","03/04/2013 13:40",2,"CO",15,1631," "," ",1,1,0,0,0,0,0,0,0,0,0,0,0,0,0,0,0,8473,"GUILHERME BANNITZ, RUA DR",NA,"",34,"ITAIM BIBI",1,0,"GUILHERME BANNITZ, RUA DR 146 SAO PAULO SP",-23.5892908,-46.673515
"6028","D041301344",10100,"JOAO, RUA PDE",4206,"CAQUITO, RUA",0,"","03/04/2013 14:00",4,"AT",10,3703," "," ",1,0,0,0,0,0,0,0,0,0,0,0,0,0,0,0,0,4206,"CAQUITO, RUA",10100,"JOAO, RUA PDE",60,"PENHA",1,0,"JOAO, RUA PDE SAO PAULO SP &  CAQUITO, RUA SAO PAULO SP",-23.5873689,-46.5900184
"6029","D041300774",36824,"GABRIEL LORI, RUA",NA,"",228,"","03/04/2013 14:02",4,"AT",46,1605," "," ",0,0,0,1,0,0,0,0,0,0,0,0,0,0,0,0,0,36824,"GABRIEL LORI, RUA",NA,"",79,"SAUDE",1,0,"GABRIEL LORI, RUA 228 SAO PAULO SP",-23.4330447,-46.7915142
"6030","D041301383",12461,"MACIEL MONTEIRO, RUA",NA,"",151,"","03/04/2013 14:15",4,"AT",21,1132," "," ",2,0,0,1,0,0,0,0,0,0,0,0,0,0,0,0,0,12461,"MACIEL MONTEIRO, RUA",NA,"",5,"ARTUR ALVIM",1,0,"MACIEL MONTEIRO, RUA 151 SAO PAULO SP",-23.5370522,-46.4902737
"6031","D041301382",17452,"ROSARIO DO SUL, RUA",7662,"FURQUIM FRANCAS, RUA",0,"","03/04/2013 14:22",2,"CL",21,1129," "," ",1,1,0,0,0,0,0,0,0,0,0,0,0,0,0,0,0,7662,"FURQUIM FRANCAS, RUA",17452,"ROSARIO DO SUL, RUA",93,"VILA MATILDE",4,0,"ROSARIO DO SUL, RUA SAO PAULO SP &  FURQUIM FRANCAS, RUA SAO PAULO SP",-23.5495066,-46.5158663
"6032","D041300218",6642,"ESTADO, AV DO",10485,"JOAO TEODORO, RUA",0,"","03/04/2013 15:12",2,"QM",12,1865," "," ",0,1,0,0,0,0,0,0,0,0,0,0,0,0,0,0,0,6642,"ESTADO, AV DO",10485,"JOAO TEODORO, RUA",9,"BOM RETIRO",1,0,"ESTADO, AV DO SAO PAULO SP &  JOAO TEODORO, RUA SAO PAULO SP",-23.5635869,-46.6112253
"6033","D041300090",14804,"NOVE DE JULHO, AV",NA,"",848,"","03/04/2013 15:20",2,"CT",4,2477," "," ",1,0,0,0,0,0,0,0,0,0,0,2,0,0,0,0,0,14804,"NOVE DE JULHO, AV",NA,"",63,"PINHEIROS",1,0,"NOVE DE JULHO, AV 848 SAO PAULO SP",-23.5513225,-46.6464442
"6034","D041300188",15967,"PEDRO I, AV DOM",NA,"",600,"","03/04/2013 15:29",4,"AT",6,1595,"B"," ",1,0,0,0,0,0,0,0,0,0,0,0,0,0,0,0,0,15967,"PEDRO I, AV DOM",NA,"",12,"BUTANTA",1,0,"PEDRO I, AV DOM 600 SAO PAULO SP",-23.5705991,-46.6112893
"6035","D041301479",15304,"PAES DE BARROS, AV",15275,"PACHECO E CHAVES, RUA CAP",0,"","03/04/2013 15:35",4,"AT",56,2074," "," ",0,0,0,0,0,0,0,0,0,0,0,1,0,0,0,0,0,15275,"PACHECO E CHAVES, RUA CAP",15304,"PAES DE BARROS, AV",95,"VILA PRUDENTE",1,0,"PAES DE BARROS, AV SAO PAULO SP &  PACHECO E CHAVES, RUA CAP SAO PAULO SP",-23.5743005,-46.5876557
"6036","D041300439",2394,"ASCENDINO REIS, AV PROF",16200,"PIASSANGUABA, AV",0,"","03/04/2013 15:42",2,"CO",36,1514," "," ",1,1,0,0,0,0,0,0,0,0,0,0,0,0,0,0,0,2394,"ASCENDINO REIS, AV PROF",16200,"PIASSANGUABA, AV",53,"MOEMA",1,0,"ASCENDINO REIS, AV PROF SAO PAULO SP &  PIASSANGUABA, AV SAO PAULO SP",-23.5970269,-46.6505025
"6037","D041300187",15967,"PEDRO I, AV DOM",NA,"",100,"","03/04/2013 16:20",2,"CO",6,1593," "," ",0,1,0,0,0,0,0,0,0,0,0,1,0,0,0,0,0,15967,"PEDRO I, AV DOM",NA,"",12,"BUTANTA",1,0,"PEDRO I, AV DOM 100 SAO PAULO SP",-23.565778,-46.6119397
"6038","D041300478",37707,"ATILIO SELVA, RUA",NA,"",10,"","03/04/2013 16:24",2,"CH",83,809," "," ",0,0,0,0,0,0,0,0,0,0,0,1,0,0,0,0,0,37707,"ATILIO SELVA, RUA",NA,"",21,"CASA VERDE",5,0,"ATILIO SELVA, RUA 10 SAO PAULO SP",-23.6568318,-46.6144212
"6039","D041300121",21822,"QUATORZE DE JULHO, RUA",16849,"RAMALHO, RUA CONS",0,"","03/04/2013 16:40",2,"CO",5,1801," "," ",1,1,0,0,0,0,0,0,0,0,0,0,0,0,0,0,0,16849,"RAMALHO, RUA CONS",21822,"QUATORZE DE JULHO, RUA",67,"REPUBLICA",1,0,"QUATORZE DE JULHO, RUA SAO PAULO SP &  RAMALHO, RUA CONS SAO PAULO SP",-23.5540264,-46.6447904
"6040","D041300091",2271,"ARNALDO, AV DR",NA,"",50,"","03/04/2013 16:43",2,"QD",4,2481," "," ",0,0,0,0,0,0,0,1,0,0,0,0,0,0,0,0,0,2271,"ARNALDO, AV DR",NA,"",26,"CONSOLACAO",1,0,"ARNALDO, AV DR 50 SAO PAULO SP",-23.5558417,-46.6669274
"6041","D041301659",63003,"ALZIRO PINHEIRO MAGALHAES, RUA",NA,"",1500,"","03/04/2013 17:00",2,"CO",85,1913," "," ",1,1,0,0,0,0,0,0,0,0,0,0,0,0,0,0,0,63003,"ALZIRO PINHEIRO MAGALHAES, RUA",NA,"",32,"IGUATEMI",1,0,"ALZIRO PINHEIRO MAGALHAES, RUA 1500 SAO PAULO SP",-23.7553609,-46.6878663
"6042","D041301682",8368,"GUARAPIRANGA, AV",NA,"",173,"","03/04/2013 17:15",2,"CO",92,4135," "," ",0,2,0,0,0,0,0,0,0,0,0,0,0,0,0,0,0,8368,"GUARAPIRANGA, AV",NA,"",45,"JARDIM SAO LUIS",2,0,"GUARAPIRANGA, AV 173 SAO PAULO SP",-23.669937,-46.7341108
"6043","D041301900",62102,"SOL DA MEIA NOITE, RUA",64141,"ESTRELA DA NOITE, AV",0,"","03/04/2013 17:20",2,"CO",59,1334," "," ",1,1,0,0,0,0,0,0,0,0,0,0,0,0,0,0,0,62102,"SOL DA MEIA NOITE, RUA",64141,"ESTRELA DA NOITE, AV",NA,"",1,0,"SOL DA MEIA NOITE, RUA SAO PAULO SP &  ESTRELA DA NOITE, AV SAO PAULO SP",-23.493274,-46.4132014
"6044","D041301539",7536,"FRANCISCO PITTA BRITO, RUA ENG",NA,"",125,"","03/04/2013 17:30",2,"CO",11,3657,"C"," ",1,1,0,0,0,0,0,0,0,0,0,0,0,0,0,0,0,7536,"FRANCISCO PITTA BRITO, RUA ENG",NA,"",72,"SANTO AMARO",1,0,"FRANCISCO PITTA BRITO, RUA ENG 125 SAO PAULO SP",-23.6540549,-46.7161928
"6045","D041300463",19583,"VERGUEIRO, RUA",12452,"MACHADO DE ASSIS, RUA",0,"","03/04/2013 17:54",2,"CO",36,3408," "," ",0,2,0,0,0,0,0,0,0,0,0,0,0,0,0,0,0,12452,"MACHADO DE ASSIS, RUA",19583,"VERGUEIRO, RUA",92,"VILA MARIANA",1,0,"VERGUEIRO, RUA SAO PAULO SP &  MACHADO DE ASSIS, RUA SAO PAULO SP",-23.6104332,-46.6085751
"6046","D041300059",18993,"TIRADENTES, AV",NA,"",9999,"","03/04/2013 18:00",2,"QM",2,3698," "," ",0,1,0,0,0,0,0,0,0,0,0,0,0,0,0,0,0,18993,"TIRADENTES, AV",NA,"",9,"BOM RETIRO",1,0,"TIRADENTES, AV 9999 SAO PAULO SP",-23.5292338,-46.6314643
"6047","D041301624",9529,"ITAPECERICA, ES DE",NA,"",8800,"","03/04/2013 18:36",4,"AT",47,5135," "," ",0,1,0,0,0,0,0,0,0,0,0,0,0,0,0,0,0,9529,"ITAPECERICA, ES DE",NA,"",29,"FREGUESIA DO O",1,0,"ITAPECERICA, ES DE 8800 SAO PAULO SP",-23.5505199,-46.6333094
"6049","D041300865",72043,"FRANCISCO NOGUEIRA, RUA",NA,"",245,"","03/04/2013 18:45",4,"AT",75,2677," "," ",0,1,0,0,0,0,0,0,0,0,0,0,0,0,0,0,0,72043,"FRANCISCO NOGUEIRA, RUA",NA,"",13,"CACHOEIRINHA",1,0,"FRANCISCO NOGUEIRA, RUA 245 SAO PAULO SP",-23.5938997,-46.7539583
"6050","D041301099",19884,"VOLUNTARIOS DA PATRIA, RUA",NA,"",4370,"","03/04/2013 18:52",2,"CO",20,2974," "," ",1,1,0,0,0,0,0,0,0,0,0,0,0,0,0,0,0,19884,"VOLUNTARIOS DA PATRIA, RUA",NA,"",8,"BELEM",1,0,"VOLUNTARIOS DA PATRIA, RUA 4370 SAO PAULO SP",-23.4835108,-46.6311934
"6051","D041302113",17824,"SAPOPEMBA, AV",NA,"",14222,"","03/04/2013 20:00",2,"CT",55,4472," "," ",1,1,0,0,0,0,0,0,0,0,0,0,0,0,0,0,0,17824,"SAPOPEMBA, AV",NA,"",33,"IPIRANGA",1,0,"SAPOPEMBA, AV 14222 SAO PAULO SP",-23.6140833,-46.4714325
"6053","D041301044",4533,"CASA VERDE, AV",8903,"IATAI, RUA",0,"","03/04/2013 20:00",2,"CL",13,3581," "," ",2,0,0,0,0,0,0,0,0,0,0,0,0,0,0,0,0,4533,"CASA VERDE, AV",36253,"FREDERICO PENTEADO JUNIOR, RUA",21,"CASA VERDE",1,0,"CASA VERDE, AV SAO PAULO SP &  IATAI, RUA SAO PAULO SP",-23.5065329,-46.6665841
"6054","D041301842",9962,"JARAUARA, RUA",9632,"ITINGUCU, RUA",0,"","03/04/2013 20:14",4,"AT",24,3449," "," ",1,0,0,0,0,0,0,0,0,0,0,0,0,0,0,0,0,9632,"ITINGUCU, RUA",9962,"JARAUARA, RUA",60,"PENHA",1,0,"JARAUARA, RUA SAO PAULO SP &  ITINGUCU, RUA SAO PAULO SP",-23.5276613,-46.4965306
"6055","D041302200",12134,"ANTONIO RAMOS ROSA, RUA",7146,"FIM DE SEMANA, AV",0,"","03/04/2013 20:40",4,"AT",92,4133," "," ",0,0,1,0,0,0,0,0,0,0,0,0,0,0,0,0,0,7146,"FIM DE SEMANA, AV",12134,"ANTONIO RAMOS ROSA, RUA",81,"SOCORRO",0,1,"ANTONIO RAMOS ROSA, RUA SAO PAULO SP &  FIM DE SEMANA, AV SAO PAULO SP",-23.6603945,-46.7468564
"6056","D041300094",5245,"CONSOLACAO, RUA DA",NA,"",10,"","03/04/2013 21:15",2,"CO",4,2611," "," ",1,1,0,0,0,0,0,0,0,0,0,0,0,0,0,0,0,5245,"CONSOLACAO, RUA DA",NA,"",26,"CONSOLACAO",1,0,"CONSOLACAO, RUA DA 10 SAO PAULO SP",-23.5571695,-46.66465
"6057","D041300035",17799,"SANTOS DUMONT, AV",6642,"ESTADO, AV DO",0,"","03/04/2013 22:35",4,"AT",2,1849," "," ",1,0,0,0,0,0,0,0,0,0,0,0,0,0,0,0,0,6642,"ESTADO, AV DO",17799,"SANTOS DUMONT, AV",9,"BOM RETIRO",1,0,"SANTOS DUMONT, AV SAO PAULO SP &  ESTADO, AV DO SAO PAULO SP",-23.5257861,-46.6307889
"6058","D041300036",10019,"JAVAES, RUA",18748,"TAUNAY, RUA VISC DE",0,"","03/04/2013 23:13",2,"CL",2,1852," "," ",1,1,0,0,0,0,0,0,0,0,0,0,0,0,0,0,0,10019,"JAVAES, RUA",18748,"TAUNAY, RUA VISC DE",9,"BOM RETIRO",2,0,"JAVAES, RUA SAO PAULO SP &  TAUNAY, RUA VISC DE SAO PAULO SP",-23.5224065,-46.6460753
"6059","D041302033",17666,"SALVADOR GIANETTI, RUA",NA,"",100,"","04/04/2013 01:36",2,"QM",44,2131," "," ",0,1,0,0,0,0,0,0,0,0,0,0,0,0,0,0,0,17666,"SALVADOR GIANETTI, RUA",NA,"",50,"LIMAO",1,0,"SALVADOR GIANETTI, RUA 100 SAO PAULO SP",-23.5430393,-46.4150132
"6060","D041300095",5245,"CONSOLACAO, RUA DA",7026,"FERNANDO DE ALBUQUERQUE, RUA",0,"","04/04/2013 01:57",2,"CO",4,2613," "," ",1,1,0,0,0,0,0,0,0,0,0,0,0,0,0,0,0,5245,"CONSOLACAO, RUA DA",7026,"FERNANDO DE ALBUQUERQUE, RUA",26,"CONSOLACAO",1,0,"CONSOLACAO, RUA DA SAO PAULO SP &  FERNANDO DE ALBUQUERQUE, RUA SAO PAULO SP",-23.5471579,-46.6469857
"6061","D041300065",17115,"RIO BRANCO, AV",8536,"GUSMOES, RUA DOS",0,"","04/04/2013 02:00",4,"AT",3,1918," "," ",0,0,0,0,0,0,0,0,0,0,0,0,0,0,0,1,0,8536,"GUSMOES, RUA DOS",17115,"RIO BRANCO, AV",67,"REPUBLICA",1,0,"RIO BRANCO, AV SAO PAULO SP &  GUSMOES, RUA DOS SAO PAULO SP",-23.5329709,-46.6450922
"6062","D041300692",1427,"ANHANGUERA, RUA",NA,"",15800,"","04/04/2013 04:30",2,"CF",33,3081," "," ",3,0,0,0,0,0,0,0,0,0,0,0,0,0,0,0,0,1427,"ANHANGUERA, RUA",NA,"",70,"SANTA CECILIA",4,0,"ANHANGUERA, RUA 15800 SAO PAULO SP",-23.4900941,-46.7665396
"6063","D041300341",14705,"SAUDE, RUA NSRA DA",NA,"",887,"","04/04/2013 07:30",2,"CO",26,2819," "," ",1,1,0,0,0,0,0,0,0,0,0,0,0,0,0,0,0,14705,"SAUDE, RUA NSRA DA",NA,"",69,"SACOMA",1,0,"SAUDE, RUA NSRA DA 887 SAO PAULO SP",-23.6226599,-46.6115746
"6064","D041301919",99481,"AYRTON SENNA, TN CV",NA,"",15,"","04/04/2013 07:35",2,"CO",62,3474," "," ",0,1,0,0,0,0,0,1,0,0,0,1,0,0,0,0,0,99481,"AYRTON SENNA, TN CV",NA,"",53,"MOEMA",2,0,"AYRTON SENNA, TN CV 15 SAO PAULO SP",-23.5505199,-46.6333094
"6065","D041300941",12436,"MACEDO SOARES, AV EMB",NA,"",8000,"","04/04/2013 07:40",2,"CO",91,2182," "," ",0,1,0,0,0,0,0,0,0,0,0,0,0,0,0,0,0,29772,"MARGINAL DO RIO TIETE, AV",NA,"",48,"LAPA",2,0,"MACEDO SOARES, AV EMB 8000 SAO PAULO SP",-23.5186266,-46.7364916
"6066","D041300160",543,"ALCANTARA MACHADO, AV",NA,"",4468,"","04/04/2013 07:50",2,"CO",8,2450," "," ",2,1,0,0,0,0,0,0,0,0,0,0,0,0,0,0,0,543,"ALCANTARA MACHADO, AV",NA,"",10,"BRAS",1,0,"ALCANTARA MACHADO, AV 4468 SAO PAULO SP",-23.5426745,-46.5832888
"6067","D041300764",34682,"CAMPO LIMPO, ES DO",29887,"JOVIANO PACHECO DE AGUIRRE, RUA DR",0,"","04/04/2013 08:00",4,"AT",37,2789," "," ",1,0,0,0,0,0,0,0,0,0,0,0,0,0,0,0,0,16339,"CARLOS LACERDA, AV",34682,"CAMPO LIMPO, ES DO",17,"CAMPO LIMPO",1,0,"CAMPO LIMPO, ES DO SAO PAULO SP &  JOVIANO PACHECO DE AGUIRRE, RUA DR SAO PAULO SP",-23.2019463,-46.785846
"6068","D041302218",34682,"CAMPO LIMPO, ES DO",29887,"JOVIANO PACHECO DE AGUIRRE, RUA DR",0,"","04/04/2013 08:00",4,"AT",77,1503," "," ",1,0,0,0,0,0,0,0,0,0,0,0,0,0,0,0,0,16339,"CARLOS LACERDA, AV",34682,"CAMPO LIMPO, ES DO",17,"CAMPO LIMPO",0,1,"CAMPO LIMPO, ES DO SAO PAULO SP &  JOVIANO PACHECO DE AGUIRRE, RUA DR SAO PAULO SP",-23.2019463,-46.785846
"6069","D041301419",7645,"FRONTIN, AV CD DE",1657,"ANTONIO DE BARROS, RUA",0,"","04/04/2013 08:14",2,"CT",30,1871,"C"," ",1,1,0,0,0,0,0,0,0,0,0,0,0,0,0,0,0,1657,"ANTONIO DE BARROS, RUA",7645,"FRONTIN, AV CD DE",80,"SE",1,0,"FRONTIN, AV CD DE SAO PAULO SP &  ANTONIO DE BARROS, RUA SAO PAULO SP",-23.5505199,-46.6333094
"6070","D041302051",9044,"RAGUEB CHOHFI, AV",NA,"",131,"","04/04/2013 08:17",2,"CO",49,4495,"B"," ",1,1,0,0,0,0,0,0,0,0,0,0,0,0,0,0,0,9044,"RAGUEB CHOHFI, AV",NA,"",32,"IGUATEMI",1,0,"RAGUEB CHOHFI, AV 131 SAO PAULO SP",-23.6107332,-46.4751199
"6071","D041301748",21774,"JOSE PIRES PIMENTEL, RUA",NA,"",300,"","04/04/2013 08:20",4,"AT",99,2289," "," ",0,0,0,0,0,0,0,0,0,0,0,1,0,0,0,0,0,21774,"JOSE PIRES PIMENTEL, RUA",NA,"",29,"FREGUESIA DO O",1,0,"JOSE PIRES PIMENTEL, RUA 300 SAO PAULO SP",-23.5860179,-46.5822971
"6072","D041300441",3274,"BERNARDINO DE CAMPOS, AV",15153,"OSWALDO CRUZ, PCA",0,"","04/04/2013 08:36",2,"CO",36,1520," "," ",1,0,0,0,0,0,0,1,0,0,0,0,0,0,0,0,0,15153,"OSWALDO CRUZ, PCA",15656,"PAULISTA, AV",7,"BELA VISTA",1,0,"BERNARDINO DE CAMPOS, AV SAO PAULO SP &  OSWALDO CRUZ, PCA SAO PAULO SP",-23.5761068,-46.641305
"6073","D041302052",13671,"MATEO BEI, AV",NA,"",3269,"","04/04/2013 08:46",4,"AT",49,4501," "," ",1,0,0,0,0,0,0,0,0,0,0,0,0,0,0,0,0,13671,"MATEO BEI, AV",NA,"",75,"SAO MATEUS",1,0,"MATEO BEI, AV 3269 SAO PAULO SP",-23.6091812,-46.4773552
"6074","D041300652",6471,"SAO VICENTE, AV MARQ DE",NA,"",6000,"","04/04/2013 09:00",4,"AT",23,1800," "," ",0,0,0,0,0,0,0,1,0,0,0,0,0,0,0,0,0,6471,"SAO VICENTE, AV MARQ DE",NA,"",6,"BARRA FUNDA",1,0,"SAO VICENTE, AV MARQ DE 6000 SAO PAULO SP",-23.5149603,-46.6905057
"6075","D041301420",34122,"MELO FREIRE, RUA",18071,"SERRA DE JAPI, RUA",0,"","04/04/2013 09:20",2,"CO",30,1875,"C"," ",1,1,0,0,0,0,0,0,0,0,0,0,0,0,0,0,0,18071,"SERRA DE JAPI, RUA",34122,"MELO FREIRE, RUA",82,"TATUAPE",1,0,"MELO FREIRE, RUA SAO PAULO SP &  SERRA DE JAPI, RUA SAO PAULO SP",-23.5391715,-46.5695321
"6076","D041300075",4831,"CHA, VD DO",NA,"",15,"","04/04/2013 09:26",2,"CF",3,2713," "," ",1,1,0,0,0,0,0,0,0,0,0,0,0,0,0,0,0,4831,"CHA, VD DO",NA,"",67,"REPUBLICA",1,0,"CHA, VD DO 15 SAO PAULO SP",-23.612767,-46.7070655
"6077","D041301136",15626,"PAULA FERREIRA, AV",11611,"LAUDELINO FREIRE, RUA",0,"","04/04/2013 09:30",2,"CO",28,1793," "," ",0,1,0,0,0,0,0,1,0,0,0,0,0,0,0,0,0,11611,"LAUDELINO FREIRE, RUA",15626,"PAULA FERREIRA, AV",29,"FREGUESIA DO O",1,0,"PAULA FERREIRA, AV SAO PAULO SP &  LAUDELINO FREIRE, RUA SAO PAULO SP",-23.5020779,-46.7040956
"6078","D041300092",5245,"CONSOLACAO, RUA DA",NA,"",360,"","04/04/2013 09:50",2,"CO",4,2491," "," ",1,1,0,0,0,0,0,0,0,0,0,0,0,0,0,0,0,5245,"CONSOLACAO, RUA DA",NA,"",26,"CONSOLACAO",1,0,"CONSOLACAO, RUA DA 360 SAO PAULO SP",-23.5473315,-46.6458784
"6079","D041300693",35449,"BANDEIRANTES, VIA DOS",NA,"",16,"","04/04/2013 10:07",2,"CO",33,3095," "," ",0,1,0,0,0,0,0,0,0,0,0,1,0,0,0,0,0,35449,"BANDEIRANTES, VIA DOS",NA,"",64,"PIRITUBA",1,0,"BANDEIRANTES, VIA DOS 16 SAO PAULO SP",-23.4041969,-46.7679855
"6080","D041301384",7645,"FRONTIN, AV CD DE",NA,"",2406,"","04/04/2013 10:21",2,"CT",21,1147," "," ",1,1,0,0,0,0,0,0,0,0,0,0,0,0,0,0,0,7645,"FRONTIN, AV CD DE",NA,"",93,"VILA MATILDE",1,0,"FRONTIN, AV CD DE 2406 SAO PAULO SP",-23.5505199,-46.6333094
"6081","D041302075",60675,"AFONSO DE SAMPAIO E SOUSA, AV",NA,"",1119,"","04/04/2013 10:30",2,"CO",53,2140," "," ",0,1,0,1,0,0,0,0,0,0,0,0,0,0,0,0,0,60675,"AFONSO DE SAMPAIO E SOUSA, AV",NA,"",51,"MANDAQUI",1,0,"AFONSO DE SAMPAIO E SOUSA, AV 1119 SAO PAULO SP",-23.5713923,-46.4707128
"6082","D041300716",12502,"MAGALHAES DE CASTRO, AV",NA,"",3368,"","04/04/2013 10:30",2,"SI",34,2096," "," ",1,1,0,0,0,0,0,0,0,0,0,0,0,0,0,0,0,13014,"MARGINAL DO RIO PINHEIROS, AV",NA,"",12,"BUTANTA",1,0,"MAGALHAES DE CASTRO, AV 3368 SAO PAULO SP",-23.6116422,-46.7005679
"6083","D041301327",14270,"MORVAN DIAS DE FIGUEIREDO, AV",NA,"",980,"","04/04/2013 10:40",2,"OU",90,1338," "," ",0,1,0,1,0,0,0,0,0,0,0,0,0,0,0,0,0,29772,"MARGINAL DO RIO TIETE, AV",NA,"",0,"NULL",1,0,"MORVAN DIAS DE FIGUEIREDO, AV 980 SAO PAULO SP",-23.5181649,-46.6296041
"6084","D041301421",4144,"CANTAGALO, RUA",NA,"",649,"","04/04/2013 10:45",2,"CO",30,1877,"B"," ",2,0,0,0,0,0,0,0,0,0,0,0,0,0,0,0,0,4144,"CANTAGALO, RUA",NA,"",20,"CARRAO",1,0,"CANTAGALO, RUA 649 SAO PAULO SP",-23.5459001,-46.5677355
"6086","D041301595",5606,"CUPECE, AV",19649,"VICENTE LEITE, RUA",0,"","04/04/2013 11:20",2,"CO",43,1291," "," ",1,1,0,0,0,0,0,0,0,0,0,0,0,0,0,0,0,5606,"CUPECE, AV",19649,"VICENTE LEITE, RUA",22,"CIDADE ADEMAR",1,0,"CUPECE, AV SAO PAULO SP &  VICENTE LEITE, RUA SAO PAULO SP",-23.6626179,-46.6622987
"6087","D041301045",3637,"BRAZ LEME, AV",NA,"",371,"","04/04/2013 11:30",2,"CO",13,3596," "," ",2,1,0,0,0,0,0,0,0,0,0,0,0,0,0,0,0,3637,"BRAZ LEME, AV",NA,"",21,"CASA VERDE",1,0,"BRAZ LEME, AV 371 SAO PAULO SP",-23.5032086,-46.6376099
"6089","D041300279",3581,"BRASIL, AV",5743,"DAVID CAMPISTA, RUA DR",0,"","04/04/2013 11:50",2,"CO",78,2635," "," ",1,1,0,0,0,0,0,0,0,0,0,0,0,0,0,0,0,3581,"BRASIL, AV",5743,"DAVID CAMPISTA, RUA DR",NA,"",1,0,"BRASIL, AV SAO PAULO SP &  DAVID CAMPISTA, RUA DR SAO PAULO SP",-21.4863218,-47.3631133