"","id_acidente","codloga","logradouroA","codlogb","logradouroB","alt_num","referencia","data","cod_acid","tipo_acidente","dp","numero_BO","sentido","pista","automovel","moto","onibus","caminhao","bicicleta","moto_taxi","onibus_fretado","onibus_urbano","microonibus","van","vuc","caminhonete","carreta","jipe","outros","sem_informacao","carroca","princ_a","paiA","princ_b","paiB","cod_distrito","distrito","vit_ferida","vit_morta","local","lat","lon"
"6090","D041301167",64137,"FRANCISCO MACHADO DA SILVA, AV",NA,"",957,"","04/04/2013 12:00",4,"AT",38,1738," "," ",0,0,0,1,0,0,0,0,0,0,0,0,0,0,0,0,0,64137,"FRANCISCO MACHADO DA SILVA, AV",NA,"",13,"CACHOEIRINHA",1,0,"FRANCISCO MACHADO DA SILVA, AV 957 SAO PAULO SP",-23.4541414,-46.6577934
"6091","D041301816",21790,"MAURICIO ARAUJO MARTINS, RUA",NA,"",203,"","04/04/2013 12:10",2,"SI",22,1752," "," ",1,0,0,0,0,0,0,0,0,0,0,0,0,0,0,0,0,21790,"MAURICIO ARAUJO MARTINS, RUA",NA,"",53,"MOEMA",1,0,"MAURICIO ARAUJO MARTINS, RUA 203 SAO PAULO SP",-23.5076065,-46.4411707
"6092","D041301278",12307,"LUIS STAMATIS, AV",10483,"JOAO TEIXEIRA DE BARROS, RUA",0,"","04/04/2013 12:20",2,"CL",73,3420," "," ",1,1,0,0,0,0,0,0,0,0,0,0,0,0,0,0,0,10483,"JOAO TEIXEIRA DE BARROS, RUA",12307,"LUIS STAMATIS, AV",38,"JACANA",1,0,"LUIS STAMATIS, AV SAO PAULO SP &  JOAO TEIXEIRA DE BARROS, RUA SAO PAULO SP",-23.4686937,-46.5789402
"6093","D041300411",66,"ABRAAO DE MORAIS, AV PROF",6883,"FAGUNDES FILHO, AV",0,"","04/04/2013 12:30",2,"CO",35,3011," "," ",0,1,0,0,0,0,0,0,0,0,0,1,0,0,0,0,0,66,"ABRAAO DE MORAIS, AV PROF",6883,"FAGUNDES FILHO, AV",79,"SAUDE",1,0,"ABRAAO DE MORAIS, AV PROF SAO PAULO SP &  FAGUNDES FILHO, AV SAO PAULO SP",-23.6072122,-46.6270066
"6094","D041301815",11542,"NORDESTINA, AV",NA,"",148,"","04/04/2013 12:30",2,"SI",22,7511," "," ",1,0,0,0,0,0,0,0,0,0,0,0,0,0,0,0,0,11542,"NORDESTINA, AV",NA,"",76,"SAO MIGUEL",1,0,"NORDESTINA, AV 148 SAO PAULO SP",-23.4947393,-46.4430747
"6095","D041300853",21856,"OSCAR PEDROSO HORTA, RUA",NA,"",653,"","04/04/2013 12:30",4,"AT",75,1219," "," ",1,0,0,0,0,0,0,0,0,0,0,0,0,0,0,0,0,21856,"OSCAR PEDROSO HORTA, RUA",NA,"",13,"CACHOEIRINHA",1,0,"OSCAR PEDROSO HORTA, RUA 653 SAO PAULO SP",-23.5969433,-46.7899248
"6096","D041300219",5567,"CRUZEIRO DO SUL, AV",NA,"",1000,"","04/04/2013 12:34",4,"AT",12,1898," "," ",0,1,0,0,0,0,0,0,0,0,0,0,0,0,0,0,0,5567,"CRUZEIRO DO SUL, AV",NA,"",5,"ARTUR ALVIM",2,0,"CRUZEIRO DO SUL, AV 1000 SAO PAULO SP",-23.5231235,-46.6251482
"6097","D041301100",18151,"SEZEFREDO FAGUNDES, AV CEL",NA,"",1345,"","04/04/2013 13:00",2,"CO",20,2994," "," ",1,1,0,0,0,0,0,0,0,0,0,0,0,0,0,0,0,18151,"SEZEFREDO FAGUNDES, AV CEL",NA,"",22,"CIDADE ADEMAR",1,0,"SEZEFREDO FAGUNDES, AV CEL 1345 SAO PAULO SP",-23.4671238,-46.6037031
"6098","D041300278",14804,"NOVE DE JULHO, AV",NA,"",3218,"","04/04/2013 13:00",2,"CO",78,2632," "," ",1,1,0,0,0,0,0,0,0,0,0,0,0,0,0,0,0,14804,"NOVE DE JULHO, AV",NA,"",63,"PINHEIROS",1,0,"NOVE DE JULHO, AV 3218 SAO PAULO SP",-23.5679999,-46.6600984
"6099","D041300479",13915,"MIGUEL ESTEFANO, AV",NA,"",4241,"","04/04/2013 14:00",2,"QM",83,823," "," ",0,1,0,0,0,0,0,0,0,0,0,0,0,0,0,0,0,13915,"MIGUEL ESTEFANO, AV",NA,"",27,"CURSINO",1,0,"MIGUEL ESTEFANO, AV 4241 SAO PAULO SP",-23.6492634,-46.6224749
"6102","D041301233",15485,"PARAPUA, RUA",NA,"",1937,"","04/04/2013 14:53",4,"AT",45,816," "," ",0,0,0,0,0,0,0,0,0,0,0,1,0,0,0,0,0,15485,"PARAPUA, RUA",NA,"",4,"ARICANDUVA",1,0,"PARAPUA, RUA 1937 SAO PAULO SP",-23.4693082,-46.6943113
"6103","D041301901",14975,"OLIVEIRA FREIRE, AV",NA,"",1940,"","04/04/2013 15:00",4,"AT",59,1347," "," ",1,0,0,0,0,0,0,0,0,0,0,0,0,0,0,0,0,14975,"OLIVEIRA FREIRE, AV",NA,"",53,"MOEMA",1,0,"OLIVEIRA FREIRE, AV 1940 SAO PAULO SP",-23.4839358,-46.4167141
"6104","D041300653",2271,"ARNALDO, AV DR",NA,"",510,"","04/04/2013 15:00",2,"CO",23,1815," "," ",0,2,0,0,0,0,0,0,0,0,0,0,0,0,0,0,0,2271,"ARNALDO, AV DR",NA,"",26,"CONSOLACAO",1,0,"ARNALDO, AV DR 510 SAO PAULO SP",-23.5526553,-46.6741174
"6105","D041302135",2181,"ARICANDUVA, AV",NA,"",5550,"","04/04/2013 15:15",2,"CL",66,2160," "," ",1,1,0,0,0,0,0,0,0,0,0,0,0,0,0,0,0,2181,"ARICANDUVA, AV",NA,"",60,"PENHA",1,0,"ARICANDUVA, AV 5550 SAO PAULO SP",-23.5610796,-46.5113391
"6106","D041300584",5596,"CUNHA GAGO, RUA",NA,"",780,"","04/04/2013 15:30",2,"CO",14,1642," "," ",1,1,0,0,0,0,0,0,0,0,0,0,0,0,0,0,0,5596,"CUNHA GAGO, RUA",NA,"",63,"PINHEIROS",1,0,"CUNHA GAGO, RUA 780 SAO PAULO SP",-23.5622765,-46.693857
"6107","D041300589",5596,"CUNHA GAGO, RUA",NA,"",768,"","04/04/2013 15:30",2,"CO",14,3224," "," ",1,1,0,0,0,0,0,0,0,0,0,0,0,0,0,0,0,5596,"CUNHA GAGO, RUA",NA,"",63,"PINHEIROS",1,0,"CUNHA GAGO, RUA 768 SAO PAULO SP",-23.5623358,-46.6937845
"6108","D041300654",16463,"POMPEIA, AV",NA,"",691,"","04/04/2013 15:50",2,"CO",23,1817," "," ",2,1,0,0,0,0,0,0,0,0,0,0,0,0,0,0,0,16463,"POMPEIA, AV",NA,"",19,"CAPAO REDONDO",1,0,"POMPEIA, AV 691 SAO PAULO SP",-23.5306895,-46.6851914
"6109","D041302026",11602,"LATERAL, RUA",NA,"",32,"","04/04/2013 15:55",2,"SI",41,900005," "," ",0,0,0,0,0,0,0,0,0,0,0,1,0,0,0,0,0,11602,"LATERAL, RUA",NA,"",4,"ARICANDUVA",1,0,"LATERAL, RUA 32 SAO PAULO SP",-23.5792535,-46.5116738
"6110","D041300717",14483,"NELSON HUNGRIA, RUA MIN",NA,"",11,"","04/04/2013 15:55",2,"SI",34,2106," "," ",0,1,0,0,0,0,0,0,0,0,0,1,0,0,0,0,0,14483,"NELSON HUNGRIA, RUA MIN",NA,"",55,"MORUMBI",2,0,"NELSON HUNGRIA, RUA MIN 11 SAO PAULO SP",-23.6173304,-46.7060845
"6111","D041301730",12039,"LOURIVAL ALVES DE SOUZA, AV SARG",NA,"",100,"","04/04/2013 16:30",2,"CO",99,1542," "," ",0,1,0,0,0,0,0,0,0,0,0,1,0,0,0,0,0,12039,"LOURIVAL ALVES DE SOUZA, AV SARG",NA,"",16,"CAMPO GRANDE",1,0,"LOURIVAL ALVES DE SOUZA, AV SARG 100 SAO PAULO SP",-23.6626103,-46.6911825
"6112","D041301920",7068,"FERNAO MENDES PINTO, RUA",26145,"SALVADOR FONTOURA, RUA",0,"","04/04/2013 16:53",2,"CF",62,3493," "," ",0,0,1,0,1,0,0,0,0,0,0,0,0,0,0,0,0,7068,"FERNAO MENDES PINTO, RUA",26145,"SALVADOR FONTOURA, RUA",28,"ERMELINO MATARA",1,0,"FERNAO MENDES PINTO, RUA SAO PAULO SP &  SALVADOR FONTOURA, RUA SAO PAULO SP",-23.4978657,-46.4870314
"6114","D041301992",22894,"DIONISIO ERBA, RUA",NA,"",55,"","04/04/2013 18:00",2,"CO",68,4175," "," ",0,0,0,0,1,0,0,1,0,0,0,0,0,0,0,0,0,22894,"DIONISIO ERBA, RUA",NA,"",50,"LIMAO",1,0,"DIONISIO ERBA, RUA 55 SAO PAULO SP",-23.5481881,-46.3916791
"6115","D041300587",8004,"GIRASSOL, RUA",NA,"",270,"","04/04/2013 18:20",2,"CO",14,3195," "," ",1,1,0,0,0,0,0,0,0,0,0,0,0,0,0,0,0,8004,"GIRASSOL, RUA",NA,"",63,"PINHEIROS",1,0,"GIRASSOL, RUA 270 SAO PAULO SP",-23.5563773,-46.688536
"6116","D041301637",9220,"INTERLAGOS, AV",NA,"",6180,"","04/04/2013 18:30",2,"CO",48,2404," "," ",1,1,0,0,0,0,0,0,0,0,0,0,0,0,0,0,0,9220,"INTERLAGOS, AV",NA,"",16,"CAMPO GRANDE",1,0,"INTERLAGOS, AV 6180 SAO PAULO SP",-23.7006533,-46.7013666
"6117","D041300062",19764,"VINTE E TRES DE MAIO, AV",NA,"",60,"","04/04/2013 18:30",2,"CT",3,1860," "," ",1,1,0,0,0,0,0,0,0,0,0,0,0,0,0,0,0,19764,"VINTE E TRES DE MAIO, AV",NA,"",17,"CAMPO LIMPO",1,0,"VINTE E TRES DE MAIO, AV 60 SAO PAULO SP",-23.583075,-46.6522546
"6119","D041301149",36284,"PETRONIO PORTELA, AV MIN",NA,"",645,"","04/04/2013 19:00",2,"CO",28,3625," "," ",1,1,0,0,0,0,0,0,0,0,0,0,0,0,0,0,0,36284,"PETRONIO PORTELA, AV MIN",NA,"",4,"ARICANDUVA",1,0,"PETRONIO PORTELA, AV MIN 645 SAO PAULO SP",-23.4936429,-46.7009577
"6120","D041301087",541,"ALCANTARA, RUA",6314,"ELI, RUA",0,"","04/04/2013 19:04",4,"AT",19,3003," "," ",1,0,0,0,0,0,0,0,0,0,0,0,0,0,0,0,0,541,"ALCANTARA, RUA",6314,"ELI, RUA",91,"VILA MARIA",1,0,"ALCANTARA, RUA SAO PAULO SP &  ELI, RUA SAO PAULO SP",-23.5232036,-46.5919291
"6121","D041302102",99999,"METALURGICOS, AV DOS",NA,"",1111,"","04/04/2013 19:07",2,"CL",54,4525," "," ",1,1,0,0,0,0,0,0,0,0,0,0,0,0,0,0,0,99999,"METALURGICOS, AV DOS",NA,"",25,"CIDADE TIRADENT",2,0,"METALURGICOS, AV DOS 1111 SAO PAULO SP",-23.5920061,-46.4071514
"6122","D041300892",21095,"JOSE SALOMON, AV CON",67729,"JOAO PEREIRA DALVA, RUA",0,"","04/04/2013 19:15",2,"CO",87,3115," "," ",0,2,0,0,0,0,0,0,0,0,0,0,0,0,0,0,0,21095,"JOSE SALOMON, AV CON",67729,"JOAO PEREIRA DALVA, RUA",NA,"",2,0,"JOSE SALOMON, AV CON SAO PAULO SP &  JOAO PEREIRA DALVA, RUA SAO PAULO SP",-23.4952961,-46.7182699
"6123","D041300153",543,"ALCANTARA MACHADO, AV",NA,"",3700,"","04/04/2013 19:40",2,"CO",8,975," "," ",1,1,0,0,0,0,0,0,0,0,0,0,0,0,0,0,0,543,"ALCANTARA MACHADO, AV",NA,"",10,"BRAS",1,0,"ALCANTARA MACHADO, AV 3700 SAO PAULO SP",-23.5439426,-46.5896558
"6124","D041301456",5425,"COSTA BARROS, RUA",NA,"",600,"","04/04/2013 19:42",2,"QD",42,2105," "," ",0,0,1,0,0,0,0,0,0,0,0,0,0,0,0,0,0,5425,"COSTA BARROS, RUA",NA,"",95,"VILA PRUDENTE",1,0,"COSTA BARROS, RUA 600 SAO PAULO SP",-23.5973663,-46.5594268
"6125","D041300161",4543,"CASSANDOCA, AV",NA,"",98,"","04/04/2013 19:45",2,"CO",8,2461," "," ",1,1,0,0,0,0,0,0,0,0,0,0,0,0,0,0,0,4543,"CASSANDOCA, AV",NA,"",54,"MOOCA",1,0,"CASSANDOCA, AV 98 SAO PAULO SP",-23.5503108,-46.5954307
"6126","D041301183",15426,"PARADA PINTO, AV",41502,"JOSE FERREIRA DE CASTRO, RUA",0,"","04/04/2013 19:54",2,"CO",38,2918," "," ",1,1,0,0,0,0,0,0,0,0,0,0,0,0,0,0,0,14242,"MOREIRA DE BARROS, RUA CONS",15426,"PARADA PINTO, AV",51,"MANDAQUI",1,0,"PARADA PINTO, AV SAO PAULO SP &  JOSE FERREIRA DE CASTRO, RUA SAO PAULO SP",-23.4694786,-46.6646692
"6127","D041300339",6642,"ESTADO, AV DO",15609,"PATRIOTAS, RUA DOS",0,"","04/04/2013 20:42",4,"AT",17,5450,"C"," ",0,0,1,0,0,0,0,0,0,0,0,0,0,0,0,0,0,6642,"ESTADO, AV DO",15609,"PATRIOTAS, RUA DOS",33,"IPIRANGA",1,0,"ESTADO, AV DO SAO PAULO SP &  PATRIOTAS, RUA DOS SAO PAULO SP",-23.5635869,-46.6112253
"6128","D041300097",9562,"ITAPOLIS, RUA",NA,"",555,"","04/04/2013 21:00",4,"AT",4,2652," "," ",1,0,0,0,0,0,0,0,0,0,0,0,0,0,0,0,0,9562,"ITAPOLIS, RUA",NA,"",26,"CONSOLACAO",1,0,"ITAPOLIS, RUA 555 SAO PAULO SP",-23.5478245,-46.6641066
"6129","D041301056",19884,"VOLUNTARIOS DA PATRIA, RUA",NA,"",2100,"","04/04/2013 21:00",4,"AT",13,3896," "," ",1,0,0,0,0,0,0,0,0,0,0,0,0,0,0,0,0,19884,"VOLUNTARIOS DA PATRIA, RUA",NA,"",8,"BELEM",1,0,"VOLUNTARIOS DA PATRIA, RUA 2100 SAO PAULO SP",-23.5018229,-46.6261326
"6130","D041300064",9276,"IPIRANGA, AV",17115,"RIO BRANCO, AV",0,"","04/04/2013 22:22",4,"AT",3,1888," "," ",0,0,0,0,0,0,0,0,0,0,0,0,0,0,0,1,0,9276,"IPIRANGA, AV",17115,"RIO BRANCO, AV",67,"REPUBLICA",1,0,"IPIRANGA, AV SAO PAULO SP &  RIO BRANCO, AV SAO PAULO SP",-23.5457285,-46.6440924
"6131","D041300063",4659,"CAXIAS, AV DUQ DE",NA,"",330,"","04/04/2013 22:28",4,"AT",3,1824," "," ",1,0,0,0,0,0,0,0,0,0,0,0,0,0,0,0,0,4659,"CAXIAS, AV DUQ DE",NA,"",67,"REPUBLICA",1,0,"CAXIAS, AV DUQ DE 330 SAO PAULO SP",-23.5505199,-46.6333094
"6132","D041301345",42369,"AIRTON SENNA DA SILVA, VIA",NA,"",11,"","04/04/2013 22:30",4,"AT",10,3759," "," ",1,0,0,0,0,0,0,0,0,0,0,0,0,0,0,0,0,42369,"AIRTON SENNA DA SILVA, VIA",NA,"",18,"CANGAIBA",1,0,"AIRTON SENNA DA SILVA, VIA 11 SAO PAULO SP",-23.5182942,-46.5551923
"6135","D041302076",16173,"PESSEGO, ES DO",36396,"IOSOSUKE OKAUE, RUA",0,"","05/04/2013 02:21",2,"CO",53,2171," "," ",1,1,0,0,0,0,0,0,0,0,0,0,0,0,0,0,0,16173,"PESSEGO, ES DO",36396,"IOSOSUKE OKAUE, RUA",58,"PARQUE DO CARMO",1,0,"PESSEGO, ES DO SAO PAULO SP &  IOSOSUKE OKAUE, RUA SAO PAULO SP",-23.5505199,-46.6333094
"6136","D041301861",11294,"FONTOURA XAVIER, RUA",NA,"",945,"","05/04/2013 03:37",4,"AT",32,2225," "," ",1,0,0,0,0,0,0,0,0,0,0,0,0,0,0,0,0,11294,"FONTOURA XAVIER, RUA",NA,"",36,"ITAQUERA",1,0,"FONTOURA XAVIER, RUA 945 SAO PAULO SP",-23.5465805,-46.4540276
"6137","D041300880",11259,"JOY ARRUDA, RUA DR",NA,"",60,"","05/04/2013 04:30",2,"CH",87,1783," "," ",0,0,1,0,0,0,0,0,0,0,0,0,0,0,0,0,0,11259,"JOY ARRUDA, RUA DR",NA,"",4,"ARICANDUVA",1,0,"JOY ARRUDA, RUA DR 60 SAO PAULO SP",-23.4792787,-46.7126853
"6138","D041301844",954,"AMADOR BUENO DA VEIGA, AV",NA,"",4560,"","05/04/2013 05:00",2,"CO",24,3513," "," ",1,1,0,0,0,0,0,0,0,0,0,0,0,0,0,0,0,954,"AMADOR BUENO DA VEIGA, AV",NA,"",60,"PENHA",1,0,"AMADOR BUENO DA VEIGA, AV 4560 SAO PAULO SP",-23.5134508,-46.5048482
"6139","D041301611",9529,"ITAPECERICA, ES DE",NA,"",8599,"","05/04/2013 06:30",2,"CO",47,4212," "," ",1,1,0,0,0,0,0,0,0,0,0,0,0,0,0,0,0,9529,"ITAPECERICA, ES DE",NA,"",29,"FREGUESIA DO O",1,0,"ITAPECERICA, ES DE 8599 SAO PAULO SP",-23.5505199,-46.6333094
"6140","D041302031",72670,"INACIO MONTEIRO, RUA",NA,"",8800,"","05/04/2013 06:40",2,"CL",44,2081," "," ",0,1,0,0,0,0,0,0,0,1,0,0,0,0,0,0,0,72670,"INACIO MONTEIRO, RUA",NA,"",50,"LIMAO",1,0,"INACIO MONTEIRO, RUA 8800 SAO PAULO SP",-23.5844432,-46.383357
"6141","D041301101",14767,"NOVA CANTAREIRA, AV",NA,"",300,"","05/04/2013 06:40",2,"CO",20,3063," "," ",2,0,0,0,0,0,0,0,0,0,0,0,0,0,0,0,0,14767,"NOVA CANTAREIRA, AV",NA,"",83,"TREMEMBE",2,0,"NOVA CANTAREIRA, AV 300 SAO PAULO SP",-23.4877014,-46.6216037
"6142","D041301102",351,"AGUA FRIA, AV",NA,"",365,"","05/04/2013 06:43",2,"CH",20,3017," "," ",1,0,0,0,0,0,0,0,0,0,0,0,0,0,0,0,0,351,"AGUA FRIA, AV",NA,"",71,"SANTANA",1,0,"AGUA FRIA, AV 365 SAO PAULO SP",-23.4855327,-46.623027
"6143","D041301983",10988,"JOSE GRAVONSKY, RUA DR",NA,"",100,"","05/04/2013 06:50",2,"CO",68,1071," "," ",1,1,0,0,0,0,0,0,0,0,0,0,0,0,0,0,0,10988,"JOSE GRAVONSKY, RUA DR",NA,"",47,"LAJEADO",1,0,"JOSE GRAVONSKY, RUA DR 100 SAO PAULO SP",-23.5505199,-46.6333094
"6144","D041300906",18561,"LUIZ MIGLIANO, RUA DR",NA,"",50,"","05/04/2013 06:55",2,"CO",89,2724," "," ",1,0,0,1,0,0,0,0,0,0,0,0,0,0,0,0,0,18561,"LUIZ MIGLIANO, RUA DR",NA,"",0,"NULL",1,0,"LUIZ MIGLIANO, RUA DR 50 SAO PAULO SP",-23.6064824,-46.7475842
"6145","D041301046",288,"AFONSO SCHMIDT, AL",NA,"",283,"","05/04/2013 07:00",2,"CO",13,3644," "," ",1,1,0,0,0,0,0,0,0,0,0,0,0,0,0,0,0,288,"AFONSO SCHMIDT, AL",NA,"",71,"SANTANA",1,0,"AFONSO SCHMIDT, AL 283 SAO PAULO SP",-23.4978723,-46.637636
"6146","D041302131",2181,"ARICANDUVA, AV",NA,"",3200,"","05/04/2013 07:00",2,"CT",66,1801," "," ",1,0,0,1,0,0,0,0,0,0,0,0,0,0,0,0,0,2181,"ARICANDUVA, AV",NA,"",60,"PENHA",1,0,"ARICANDUVA, AV 3200 SAO PAULO SP",-23.5533063,-46.5189727
"6147","D041301168",44645,"DIREITOS HUMANOS, AV",NA,"",2007,"","05/04/2013 07:00",2,"CO",38,1740,"C"," ",2,0,0,0,0,0,0,0,0,0,0,0,0,0,0,0,0,44645,"DIREITOS HUMANOS, AV",NA,"",8,"BELEM",1,0,"DIREITOS HUMANOS, AV 2007 SAO PAULO SP",-23.4760491,-46.640238
"6149","D041301404",14196,"MONTEMAGNO, AV",NA,"",501,"","05/04/2013 07:10",4,"AT",29,915," "," ",1,0,0,0,0,0,0,0,0,0,0,0,0,0,0,0,0,14196,"MONTEMAGNO, AV",NA,"",46,"JOSE BONIFACIO",1,0,"MONTEMAGNO, AV 501 SAO PAULO SP",-23.5661443,-46.5584178
"6150","D041302122",9580,"ITAQUERA, AV",NA,"",425,"","05/04/2013 07:20",2,"CL",66,1558," "," ",1,1,0,0,0,0,0,0,0,0,0,0,0,0,0,0,0,9580,"ITAQUERA, AV",NA,"",24,"CIDADE LIDER",1,0,"ITAQUERA, AV 425 SAO PAULO SP",-23.5563482,-46.518331
"6151","D041300442",3274,"BERNARDINO DE CAMPOS, AV",271,"AFONSO DE FREITAS, RUA",0,"","05/04/2013 07:20",2,"CO",36,1531," "," ",1,1,0,0,0,0,0,0,0,0,0,0,0,0,0,0,0,271,"AFONSO DE FREITAS, RUA",3274,"BERNARDINO DE CAMPOS, AV",92,"VILA MARIANA",1,0,"BERNARDINO DE CAMPOS, AV SAO PAULO SP &  AFONSO DE FREITAS, RUA SAO PAULO SP",-23.5761068,-46.641305
"6152","D041302053",13671,"MATEO BEI, AV",NA,"",1469,"","05/04/2013 07:22",2,"CO",49,4543," "," ",1,0,0,1,0,0,0,0,0,0,0,0,0,0,0,0,0,13671,"MATEO BEI, AV",NA,"",75,"SAO MATEUS",1,0,"MATEO BEI, AV 1469 SAO PAULO SP",-23.5959557,-46.4874532
"6153","D041301845",13881,"MIGUEL, AV S",NA,"",500,"","05/04/2013 07:30",2,"CO",24,3523," "," ",0,1,0,0,0,0,0,0,1,0,0,0,0,0,0,0,0,13881,"MIGUEL, AV S",NA,"",65,"PONTE RASA",1,0,"MIGUEL, AV S 500 SAO PAULO SP",-23.518473,-46.5234473
"6155","D041301105",13133,"MARIA AMALIA LOPES AZEVEDO, RUA",NA,"",383,"","05/04/2013 07:30",4,"AT",20,3042," "," ",0,1,0,0,0,0,0,0,0,0,0,0,0,0,0,0,0,13133,"MARIA AMALIA LOPES AZEVEDO, RUA",NA,"",83,"TREMEMBE",1,0,"MARIA AMALIA LOPES AZEVEDO, RUA 383 SAO PAULO SP",-23.459868,-46.620757
"6157","D041302106",45521,"ELOA DO VALLE QUADROS, RUA DNA",NA,"",399,"","05/04/2013 07:30",2,"CO",54,6210," "," ",0,1,0,0,0,0,0,0,0,0,0,0,0,0,0,1,0,45521,"ELOA DO VALLE QUADROS, RUA DNA",NA,"",25,"CIDADE TIRADENT",1,0,"ELOA DO VALLE QUADROS, RUA DNA 399 SAO PAULO SP",-23.5901308,-46.4116789
"6159","D041300588",18278,"SILVIO SACRAMENTO, RUA",NA,"",270,"","05/04/2013 07:37",4,"AT",14,3219," "," ",1,0,0,0,0,0,0,0,0,0,0,0,0,0,0,0,0,18278,"SILVIO SACRAMENTO, RUA",NA,"",20,"CARRAO",1,0,"SILVIO SACRAMENTO, RUA 270 SAO PAULO SP",-23.5550987,-46.6738945
"6161","D041300536",17064,"RIBEIRO DO VALE, RUA",NA,"",120,"","05/04/2013 07:50",2,"CO",96,3481," "," ",1,1,0,0,0,0,0,0,0,0,0,0,0,0,0,0,0,17064,"RIBEIRO DO VALE, RUA",NA,"",30,"GRAJAU",1,0,"RIBEIRO DO VALE, RUA 120 SAO PAULO SP",-23.6146009,-46.6895104
"6162","D041300480",5618,"CURSINO, AV DO",NA,"",3869,"","05/04/2013 07:51",2,"QM",83,836," "," ",0,1,0,0,0,0,0,0,0,0,0,0,0,0,0,0,0,5618,"CURSINO, AV DO",NA,"",27,"CURSINO",1,0,"CURSINO, AV DO 3869 SAO PAULO SP",-23.6350598,-46.6154651
"6163","D041300383",19100,"BANDEIRANTES, AV DOS",NA,"",4563,"","05/04/2013 08:09",2,"CO",27,3462," "," ",1,1,0,0,0,0,0,0,0,0,0,0,0,0,0,0,0,19100,"BANDEIRANTES, AV DOS",NA,"",24,"CIDADE LIDER",1,0,"BANDEIRANTES, AV DOS 4563 SAO PAULO SP",-23.618839,-46.6582417
"6164","D041300220",7786,"GASOMETRO, RUA DO",NA,"",405,"","05/04/2013 08:10",2,"QD",12,1948," "," ",0,0,0,0,0,0,0,1,0,0,0,0,0,0,0,0,0,7786,"GASOMETRO, RUA DO",NA,"",10,"BRAS",1,0,"GASOMETRO, RUA DO 405 SAO PAULO SP",-23.5440033,-46.6223678
"6165","D041300008",11818,"LIBERDADE, AV DA",NA,"",104,"","05/04/2013 08:10",4,"AT",1,2750," "," ",0,1,0,0,0,0,0,0,0,0,0,0,0,0,0,0,0,11818,"LIBERDADE, AV DA",NA,"",49,"LIBERDADE",1,0,"LIBERDADE, AV DA 104 SAO PAULO SP",-23.554682,-46.6357437
"6166","D041301081",10384,"JOAO MONTEIRO DA ROCHA, RUA CABO",1446,"ANESIO ANTAO FERREIRA, RUA SOLD",0,"","05/04/2013 08:10",2,"CO",19,1312," "," ",1,1,0,0,0,0,0,0,0,0,0,0,0,0,0,0,0,1446,"ANESIO ANTAO FERREIRA, RUA SOLD",10384,"JOAO MONTEIRO DA ROCHA, RUA CABO",91,"VILA MARIA",1,0,"JOAO MONTEIRO DA ROCHA, RUA CABO SAO PAULO SP &  ANESIO ANTAO FERREIRA, RUA SOLD SAO PAULO SP",-23.5099529,-46.5767134
"6167","D041301206",8320,"GUAPIRA, AV",NA,"",1150,"","05/04/2013 08:11",2,"CO",39,1591," "," ",1,1,0,0,0,0,0,0,0,0,0,0,0,0,0,0,0,8320,"GUAPIRA, AV",NA,"",38,"JACANA",2,0,"GUAPIRA, AV 1150 SAO PAULO SP",-23.4754731,-46.593968
"6169","D041300655",7781,"VICENTE MIGUEL MARINO, RUA CON",NA,"",220,"","05/04/2013 08:40",2,"CH",23,1833," "," ",1,0,0,0,1,0,0,0,0,0,0,0,0,0,0,0,0,7781,"VICENTE MIGUEL MARINO, RUA CON",NA,"",70,"SANTA CECILIA",1,0,"VICENTE MIGUEL MARINO, RUA CON 220 SAO PAULO SP",-23.5268594,-46.6502825
"6170","D041300549",24491,"IMIGRANTES, VIA DOS",NA,"",6000,"","05/04/2013 08:50",2,"CO",97,988," "," ",0,1,0,0,0,0,0,0,0,0,0,1,0,0,0,0,0,24491,"IMIGRANTES, VIA DOS",NA,"",NA,"",1,0,"IMIGRANTES, VIA DOS 6000 SAO PAULO SP",-23.8029914,-46.5899721
"6171","D041300817",19817,"VITAL BRASIL, AV",NA,"",600,"","05/04/2013 09:00",2,"CT",51,1597," "," ",1,1,0,0,0,0,0,0,0,0,0,0,0,0,0,0,0,19817,"VITAL BRASIL, AV",NA,"",13,"CACHOEIRINHA",1,0,"VITAL BRASIL, AV 600 SAO PAULO SP",-23.5707675,-46.7098309
"6172","D041301967",9580,"ITAQUERA, AV",NA,"",8070,"","05/04/2013 09:00",2,"QM",65,1172," "," ",0,1,0,0,0,0,0,0,0,0,0,0,0,0,0,0,0,9580,"ITAQUERA, AV",NA,"",24,"CIDADE LIDER",1,0,"ITAQUERA, AV 8070 SAO PAULO SP",-23.5414348,-46.4571784
"6173","D041300309",33750,"MACHADO, RUA PDE",NA,"",900,"","05/04/2013 09:01",2,"CO",16,4426," "," ",1,1,0,0,0,0,0,0,0,0,0,0,0,0,0,0,0,33750,"MACHADO, RUA PDE",NA,"",21,"CASA VERDE",1,0,"MACHADO, RUA PDE 900 SAO PAULO SP",-23.8860662,-47.9848069
"6174","D041300060",880,"ALVARO DE CARVALHO, RUA",NA,"",164,"","05/04/2013 09:20",2,"SI",3,1001," "," ",1,1,0,0,0,0,0,0,0,0,0,0,0,0,0,0,0,880,"ALVARO DE CARVALHO, RUA",NA,"",67,"REPUBLICA",1,0,"ALVARO DE CARVALHO, RUA 164 SAO PAULO SP",-23.5487371,-46.6418874