"","id_acidente","codloga","logradouroA","codlogb","logradouroB","alt_num","referencia","data","cod_acid","tipo_acidente","dp","numero_BO","sentido","pista","automovel","moto","onibus","caminhao","bicicleta","moto_taxi","onibus_fretado","onibus_urbano","microonibus","van","vuc","caminhonete","carreta","jipe","outros","sem_informacao","carroca","princ_a","paiA","princ_b","paiB","cod_distrito","distrito","vit_ferida","vit_morta","local","lat","lon"
"6175","D041300189",14576,"NICOLAU DE SOUSA QUEIROS, RUA DR",NA,"",635,"","05/04/2013 09:22",2,"CO",6,1623," "," ",1,1,0,0,0,0,0,0,0,0,0,0,0,0,0,0,0,14576,"NICOLAU DE SOUSA QUEIROS, RUA DR",NA,"",92,"VILA MARIANA",1,0,"NICOLAU DE SOUSA QUEIROS, RUA DR 635 SAO PAULO SP",-23.5781002,-46.6406251
"6177","D041301207",18664,"TANQUE VELHO, RUA",4122,"CANEDOS, RUA",0,"","05/04/2013 09:49",2,"CO",39,1594," "," ",2,0,0,0,0,0,0,0,0,0,0,0,0,0,0,0,0,4122,"CANEDOS, RUA",18664,"TANQUE VELHO, RUA",84,"TUCURUVI",1,0,"TANQUE VELHO, RUA SAO PAULO SP &  CANEDOS, RUA SAO PAULO SP",-23.4801758,-46.5995594
"6178","D041301998",37269,"JARDIM TAMOIO, RUA",NA,"",130,"","05/04/2013 09:50",2,"QD",103,1409," "," ",0,0,0,0,0,0,0,0,1,0,0,0,0,0,0,0,0,37269,"JARDIM TAMOIO, RUA",NA,"",51,"MANDAQUI",1,0,"JARDIM TAMOIO, RUA 130 SAO PAULO SP",-23.5550404,-46.443697
"6179","D041301469",4736,"CELSO GARCIA, AV",NA,"",5500,"","05/04/2013 10:00",2,"CH",52,1044," "," ",0,0,1,0,0,0,0,0,0,0,0,0,0,0,0,0,0,4736,"CELSO GARCIA, AV",NA,"",82,"TATUAPE",1,0,"CELSO GARCIA, AV 5500 SAO PAULO SP",-23.5317875,-46.5597425
"6180","D041300521",4249,"CARDOSO DE MELO, AV DR",18794,"TENERIFE, RUA",0,"","05/04/2013 10:00",2,"CO",96,1695," "," ",0,1,0,0,0,0,0,0,0,0,0,1,0,0,0,0,0,4249,"CARDOSO DE MELO, AV DR",18794,"TENERIFE, RUA",34,"ITAIM BIBI",1,0,"CARDOSO DE MELO, AV DR SAO PAULO SP &  TENERIFE, RUA SAO PAULO SP",-23.5987684,-46.6837077
"6181","D041300162",543,"ALCANTARA MACHADO, AV",16407,"PLACIDINA, RUA",0,"","05/04/2013 10:00",2,"CO",83,2480," "," ",1,1,0,0,0,0,0,0,0,0,0,0,0,0,0,0,0,543,"ALCANTARA MACHADO, AV",16407,"PLACIDINA, RUA",10,"BRAS",1,0,"ALCANTARA MACHADO, AV SAO PAULO SP &  PLACIDINA, RUA SAO PAULO SP",-23.5528151,-46.613419
"6182","D041301704",7146,"FIM DE SEMANA, AV",NA,"",207,"","05/04/2013 10:20",4,"AT",92,5626," "," ",0,1,0,0,0,0,0,0,0,0,0,0,0,0,0,0,0,7146,"FIM DE SEMANA, AV",NA,"",45,"JARDIM SAO LUIS",2,0,"FIM DE SEMANA, AV 207 SAO PAULO SP",-23.6545281,-46.7473637
"6183","D041300718",17822,"SAPETUBA, RUA",6105,"DRAUSIO, RUA",0,"","05/04/2013 10:20",2,"SI",34,2124," "," ",2,1,0,0,0,0,0,0,0,0,0,0,0,0,0,0,0,6105,"DRAUSIO, RUA",17822,"SAPETUBA, RUA",12,"BUTANTA",1,0,"SAPETUBA, RUA SAO PAULO SP &  DRAUSIO, RUA SAO PAULO SP",-23.5733923,-46.7111489
"6184","D041301347",18724,"TARUMA, AV",43777,"CARVALHO PINTO, AV GOV",0,"","05/04/2013 10:24",2,"CO",10,3773," "," ",1,1,0,0,0,0,0,0,0,0,0,0,0,0,0,0,0,18724,"TARUMA, AV",43777,"CARVALHO PINTO, AV GOV",18,"CANGAIBA",1,0,"TARUMA, AV SAO PAULO SP &  CARVALHO PINTO, AV GOV SAO PAULO SP",-23.5116736,-46.5269265
"6185","D041300384",10412,"JOAO PEDRO CARDOSO, AV",NA,"",232,"","05/04/2013 11:05",4,"AT",27,3474," "," ",0,1,0,0,0,0,0,0,0,0,0,0,0,0,0,0,0,10412,"JOAO PEDRO CARDOSO, AV",NA,"",15,"CAMPO BELO",1,0,"JOAO PEDRO CARDOSO, AV 232 SAO PAULO SP",-23.6350623,-46.6583247
"6186","D041301336",2490,"ATUAI, RUA",NA,"",967,"","05/04/2013 11:30",4,"AT",10,1051," "," ",1,0,0,0,0,0,0,0,0,0,0,0,0,0,0,0,0,2490,"ATUAI, RUA",NA,"",60,"PENHA",1,0,"ATUAI, RUA 967 SAO PAULO SP",-23.5305421,-46.5287087
"6188","D041300310",66,"ABRAAO DE MORAIS, AV PROF",NA,"",1919,"","05/04/2013 11:50",2,"CT",16,4437," "," ",2,0,0,0,0,0,0,0,0,0,0,0,0,0,0,0,0,66,"ABRAAO DE MORAIS, AV PROF",NA,"",79,"SAUDE",1,0,"ABRAAO DE MORAIS, AV PROF 1919 SAO PAULO SP",-23.6168501,-46.6272256
"6189","D041300033",4561,"CASTELO BRANCO, AV PRES",NA,"",12120,"","05/04/2013 12:00",2,"CT",2,1373," "," ",4,0,0,0,0,0,0,0,0,0,0,0,0,0,0,0,0,29772,"MARGINAL DO RIO TIETE, AV",NA,"",6,"BARRA FUNDA",1,0,"CASTELO BRANCO, AV PRES 12120 SAO PAULO SP",-23.5107983,-46.6853317
"6190","D041300122",15372,"PAMPLONA, RUA",NA,"",287,"","05/04/2013 12:09",4,"AT",5,1844," "," ",0,1,0,0,0,0,0,0,0,0,0,0,0,0,0,0,0,15372,"PAMPLONA, RUA",NA,"",17,"CAMPO LIMPO",1,0,"PAMPLONA, RUA 287 SAO PAULO SP",-23.5613069,-46.6517852
"6191","D041300682",7491,"FRANCISCO MATARAZZO, AV",NA,"",194,"","05/04/2013 12:15",2,"CO",23,3041," "," ",0,1,0,0,0,0,0,0,0,0,0,1,0,0,0,0,0,7491,"FRANCISCO MATARAZZO, AV",NA,"",6,"BARRA FUNDA",2,0,"FRANCISCO MATARAZZO, AV 194 SAO PAULO SP",-23.5308503,-46.6653189
"6192","D041301862",2516,"AUGUSTO CARLOS BAUMAN, RUA",NA,"",500,"","05/04/2013 12:20",2,"CO",32,2243,"C"," ",1,0,1,0,0,0,0,0,0,0,0,0,0,0,0,0,0,2516,"AUGUSTO CARLOS BAUMAN, RUA",NA,"",36,"ITAQUERA",5,0,"AUGUSTO CARLOS BAUMAN, RUA 500 SAO PAULO SP",-23.5338028,-46.4496991
"6193","D041302098",34500,"IGUATEMI, AV",NA,"",7000,"","05/04/2013 12:35",2,"QD",54,1949," "," ",0,0,0,0,0,0,0,1,0,0,0,0,0,0,0,0,0,34500,"IGUATEMI, AV",NA,"",50,"LIMAO",2,0,"IGUATEMI, AV 7000 SAO PAULO SP",-23.6123343,-46.4041106
"6194","D041301448",19708,"VILA EMA, AV",NA,"",2333,"","05/04/2013 12:38",4,"AT",42,1274,"C"," ",0,0,0,1,0,0,0,0,0,0,0,0,0,0,0,0,0,19708,"VILA EMA, AV",NA,"",26,"CONSOLACAO",1,0,"VILA EMA, AV 2333 SAO PAULO SP",-23.5814741,-46.5542645
"6195","D041300656",18519,"SUMARE, AV",NA,"",100,"","05/04/2013 12:50",2,"CT",23,1844," "," ",0,2,0,0,0,0,0,0,0,0,0,0,0,0,0,0,0,18519,"SUMARE, AV",NA,"",61,"PERDIZES",1,0,"SUMARE, AV 100 SAO PAULO SP",-23.5308379,-46.6773469
"6196","D041301966",47022,"MIGUEL IGNACIO CURI, AV",NA,"",12,"","05/04/2013 12:57",4,"AT",65,1168," "," ",1,0,0,0,0,0,0,0,0,0,0,0,0,0,0,0,0,47022,"MIGUEL IGNACIO CURI, AV",NA,"",36,"ITAQUERA",1,0,"MIGUEL IGNACIO CURI, AV 12 SAO PAULO SP",-23.5456491,-46.4615946
"6197","D041301103",19884,"VOLUNTARIOS DA PATRIA, RUA",NA,"",4580,"","05/04/2013 13:00",2,"CO",20,3035," "," ",1,1,0,0,0,0,0,0,0,0,0,0,0,0,0,0,0,19884,"VOLUNTARIOS DA PATRIA, RUA",NA,"",8,"BELEM",1,0,"VOLUNTARIOS DA PATRIA, RUA 4580 SAO PAULO SP",-23.4816506,-46.6320679
"6198","D041301208",19201,"TUCURUVI, AV",NA,"",668,"","05/04/2013 13:00",4,"AT",39,1601," "," ",0,0,0,0,0,0,0,1,0,0,0,0,0,0,0,0,0,19201,"TUCURUVI, AV",NA,"",22,"CIDADE ADEMAR",1,0,"TUCURUVI, AV 668 SAO PAULO SP",-23.4808241,-46.6054315
"6199","D041300992",10622,"JOAQUINA RAMALHO, AV",NA,"",126,"","05/04/2013 13:00",4,"AT",9,2038," "," ",1,0,0,0,0,0,0,0,0,0,0,0,0,0,0,0,0,10622,"JOAQUINA RAMALHO, AV",NA,"",88,"VILA GUILHERME",1,0,"JOAQUINA RAMALHO, AV 126 SAO PAULO SP",-23.5153397,-46.6078598
"6200","D041301441",4502,"CARRAO, AV CONS",12381,"LUTECIA, RUA",0,"","05/04/2013 13:00",2,"CO",31,2191," "," ",1,1,0,0,0,0,0,0,0,0,0,0,0,0,0,0,0,4502,"CARRAO, AV CONS",12381,"LUTECIA, RUA",20,"CARRAO",1,0,"CARRAO, AV CONS SAO PAULO SP &  LUTECIA, RUA SAO PAULO SP",-23.5458958,-46.5434081
"6201","D041300494",11562,"LAGRIMAS, ES DAS",NA,"",3334,"","05/04/2013 13:15",2,"CO",95,1663," "," ",0,1,0,0,0,0,0,0,0,1,0,0,0,0,0,0,0,11562,"LAGRIMAS, ES DAS",NA,"",69,"SACOMA",1,0,"LAGRIMAS, ES DAS 3334 SAO PAULO SP",-23.5505199,-46.6333094
"6202","D041301348",7703,"GABRIELA MISTRAL, AV",3145,"BENEDITO DE CAMARGO, RUA PDE",0,"","05/04/2013 13:23",2,"CL",10,3780," "," ",1,0,0,0,0,0,0,0,0,0,0,1,0,0,0,0,0,3145,"BENEDITO DE CAMARGO, RUA PDE",16052,"PENHA DE FRANCA, AV",60,"PENHA",1,0,"GABRIELA MISTRAL, AV SAO PAULO SP &  BENEDITO DE CAMARGO, RUA PDE SAO PAULO SP",-23.5098584,-46.5505242
"6203","D041300311",3523,"BOSQUE DA SAUDE, AV",NA,"",1108,"","05/04/2013 14:00",2,"CT",16,4438," "," ",3,0,0,0,0,0,0,0,1,0,0,1,0,0,0,0,0,3523,"BOSQUE DA SAUDE, AV",NA,"",27,"CURSINO",2,0,"BOSQUE DA SAUDE, AV 1108 SAO PAULO SP",-23.6125938,-46.6281496
"6204","D041301104",18151,"SEZEFREDO FAGUNDES, AV CEL",NA,"",1250,"","05/04/2013 14:13",2,"SI",20,3040," "," ",3,0,0,0,0,0,0,0,0,0,0,0,0,0,0,0,0,18151,"SEZEFREDO FAGUNDES, AV CEL",NA,"",22,"CIDADE ADEMAR",3,0,"SEZEFREDO FAGUNDES, AV CEL 1250 SAO PAULO SP",-23.4681739,-46.6038065
"6205","D041301047",4308,"CARLOS BELMIRO CORREIA, RUA",NA,"",959,"","05/04/2013 14:18",2,"CO",13,3666," "," ",1,0,0,0,0,0,0,0,0,0,0,1,0,0,0,0,0,4308,"CARLOS BELMIRO CORREIA, RUA",NA,"",21,"CASA VERDE",1,0,"CARLOS BELMIRO CORREIA, RUA 959 SAO PAULO SP",-23.4972657,-46.6577816
"6207","D041301519",6371,"ELISABETH DE ROBIANO, AV CDSSA",NA,"",1950,"","05/04/2013 15:30",2,"CO",81,1047," "," ",0,0,0,2,0,0,0,0,0,0,0,0,0,0,0,0,0,29772,"MARGINAL DO RIO TIETE, AV",NA,"",82,"TATUAPE",1,0,"ELISABETH DE ROBIANO, AV CDSSA 1950 SAO PAULO SP",-23.5076424,-46.5495997
"6208","D041300901",11913,"LINO COUTINHO, RUA",NA,"",1969,"","05/04/2013 15:30",4,"AT",17,1960," "," ",0,0,0,0,1,0,0,0,0,0,0,0,0,0,0,0,0,11913,"LINO COUTINHO, RUA",NA,"",33,"IPIRANGA",2,0,"LINO COUTINHO, RUA 1969 SAO PAULO SP",-23.6008985,-46.6015404
"6209","D041301169",64137,"FRANCISCO MACHADO DA SILVA, AV",NA,"",697,"","05/04/2013 15:40",2,"CO",38,1755," "," ",0,1,0,0,0,0,0,1,0,0,0,0,0,0,0,0,0,64137,"FRANCISCO MACHADO DA SILVA, AV",NA,"",13,"CACHOEIRINHA",2,0,"FRANCISCO MACHADO DA SILVA, AV 697 SAO PAULO SP",-23.4540307,-46.660351
"6210","D041300385",10918,"JOSE DINIZ, AV VER",NA,"",1300,"","05/04/2013 15:40",2,"SI",27,3483," "," ",1,1,0,0,0,0,0,0,0,0,0,0,0,0,0,0,0,10918,"JOSE DINIZ, AV VER",NA,"",15,"CAMPO BELO",1,0,"JOSE DINIZ, AV VER 1300 SAO PAULO SP",-23.6327088,-46.6894475
"6211","D041301706",2522,"AUGUSTO DE CASTRO, AV",NA,"",400,"","05/04/2013 16:00",2,"QD",98,1227," "," ",0,0,0,0,0,0,0,1,0,0,0,0,0,0,0,0,0,2522,"AUGUSTO DE CASTRO, AV",NA,"",22,"CIDADE ADEMAR",1,0,"AUGUSTO DE CASTRO, AV 400 SAO PAULO SP",-23.6890315,-46.6630421
"6212","D041301507",15034,"ORATORIO, RUA DO",15304,"PAES DE BARROS, AV",0,"","05/04/2013 16:00",4,"AT",57,900009," "," ",0,1,0,0,0,0,0,0,0,0,0,0,0,0,0,0,0,14213,"MOOCA, RUA DA",15304,"PAES DE BARROS, AV",54,"MOOCA",1,0,"ORATORIO, RUA DO SAO PAULO SP &  PAES DE BARROS, AV SAO PAULO SP",-23.5746761,-46.5791424
"6213","D041301731",14743,"SABARA, AV NSRA DO",NA,"",1061,"","05/04/2013 16:37",4,"AT",99,1553," "," ",0,0,1,0,0,0,0,0,0,0,0,0,0,0,0,0,0,14743,"SABARA, AV NSRA DO",NA,"",16,"CAMPO GRANDE",1,0,"SABARA, AV NSRA DO 1061 SAO PAULO SP",-23.5505199,-46.6333094
"6214","D041300443",19583,"VERGUEIRO, RUA",NA,"",1925,"","05/04/2013 17:10",4,"AT",36,1546," "," ",0,1,0,0,0,0,0,0,0,0,0,0,0,0,0,0,0,19583,"VERGUEIRO, RUA",NA,"",33,"IPIRANGA",1,0,"VERGUEIRO, RUA 1925 SAO PAULO SP",-23.5790925,-46.6397559
"6215","D041302123",2181,"ARICANDUVA, AV",NA,"",5670,"","05/04/2013 17:20",2,"CO",66,1589," "," ",0,1,0,1,0,0,0,0,0,0,0,0,0,0,0,0,0,2181,"ARICANDUVA, AV",NA,"",60,"PENHA",1,0,"ARICANDUVA, AV 5670 SAO PAULO SP",-23.5703744,-46.5046074
"6216","D041300386",9880,"JAMARIS, AV",1229,"ANAPURUS, AL DOS",0,"","05/04/2013 17:40",2,"CO",27,3487," "," ",2,0,0,0,0,0,0,0,0,0,0,0,0,0,0,0,0,1229,"ANAPURUS, AL DOS",9880,"JAMARIS, AV",53,"MOEMA",1,0,"JAMARIS, AV SAO PAULO SP &  ANAPURUS, AL DOS SAO PAULO SP",-23.6100957,-46.6553729
"6217","D041301814",10907,"JOSE DE PORCIUNCULA, RUA DR",NA,"",1492,"","05/04/2013 17:40",2,"CO",22,1380," "," ",1,1,0,0,0,0,0,0,0,0,0,0,0,0,0,0,0,10907,"JOSE DE PORCIUNCULA, RUA DR",NA,"",53,"MOEMA",1,0,"JOSE DE PORCIUNCULA, RUA DR 1492 SAO PAULO SP",-23.483003,-46.4183085
"6218","D041300851",16878,"RAPOSO TAVARES, VIA",NA,"",16,"","05/04/2013 18:20",2,"CO",75,1174," "," ",2,1,0,0,0,0,0,0,0,0,0,0,0,0,0,0,0,16878,"RAPOSO TAVARES, VIA",NA,"",13,"CACHOEIRINHA",1,0,"RAPOSO TAVARES, VIA 16 SAO PAULO SP",-23.6219379,-46.6885622
"6219","D041302014",10503,"JOAO XXIII, AV",NA,"",1930,"","05/04/2013 18:21",2,"QD",41,1958," "," ",0,0,1,0,0,0,0,0,0,0,0,0,0,0,0,0,0,10503,"JOAO XXIII, AV",NA,"",4,"ARICANDUVA",1,0,"JOAO XXIII, AV 1930 SAO PAULO SP",-23.5660706,-46.5259755
"6220","D041300191",11922,"LINS DE VASCONCELOS, AV",NA,"",2100,"","05/04/2013 18:25",2,"QD",6,1633," "," ",0,0,0,0,0,0,0,1,0,0,0,0,0,0,0,0,0,11922,"LINS DE VASCONCELOS, AV",NA,"",92,"VILA MARIANA",1,0,"LINS DE VASCONCELOS, AV 2100 SAO PAULO SP",-23.5815784,-46.6255977
"6221","D041302164",24338,"LUIZ IGNACIO ANHAIA MELLO, AV PROF",NA,"",8063,"","05/04/2013 18:33",2,"SI",70,3424," "," ",1,0,0,0,0,0,0,0,0,0,0,0,0,0,0,0,0,24338,"LUIZ IGNACIO ANHAIA MELLO, AV PROF",NA,"",26,"CONSOLACAO",1,0,"LUIZ IGNACIO ANHAIA MELLO, AV PROF 8063 SAO PAULO SP",-23.6018709,-46.5240593
"6222","D041300487",2223,"ARLINDO VIEIRA, AV PDE",NA,"",2304,"","05/04/2013 19:00",4,"AT",83,2874," "," ",0,1,0,0,0,0,0,0,0,0,0,0,0,0,0,0,0,2223,"ARLINDO VIEIRA, AV PDE",NA,"",21,"CASA VERDE",1,0,"ARLINDO VIEIRA, AV PDE 2304 SAO PAULO SP",-23.5505199,-46.6333094
"6223","D041300636",6897,"FARIA LIMA, AV BRIG",NA,"",5000,"","05/04/2013 19:25",2,"QD",15,3254," "," ",0,0,1,0,0,0,0,0,0,0,0,0,0,0,0,0,0,6897,"FARIA LIMA, AV BRIG",NA,"",63,"PINHEIROS",1,0,"FARIA LIMA, AV BRIG 5000 SAO PAULO SP",-23.5967626,-46.6797189
"6224","D041301416",34122,"MELO FREIRE, RUA",NA,"",1000,"","05/04/2013 19:30",2,"CO",30,1824," "," ",1,1,0,0,0,0,0,0,0,0,0,0,0,0,0,0,0,34122,"MELO FREIRE, RUA",NA,"",27,"CURSINO",1,0,"MELO FREIRE, RUA 1000 SAO PAULO SP",-23.5391715,-46.5695321
"6225","D041301541",9384,"ISABEL SCHMIDT, RUA",NA,"",200,"","05/04/2013 19:33",2,"CO",11,3769," "," ",2,0,0,0,0,0,0,0,0,0,0,0,0,0,0,0,0,9384,"ISABEL SCHMIDT, RUA",NA,"",72,"SANTO AMARO",1,0,"ISABEL SCHMIDT, RUA 200 SAO PAULO SP",-23.6509927,-46.7040832
"6226","D041301705",852,"ALVARENGA, ES DO",NA,"",3900,"","05/04/2013 19:40",2,"QD",98,1084," "," ",0,0,0,0,0,0,0,0,1,0,0,0,0,0,0,0,0,852,"ALVARENGA, ES DO",NA,"",59,"PEDREIRA",1,0,"ALVARENGA, ES DO 3900 SAO PAULO SP",-23.5505199,-46.6333094
"6227","D041301435",6440,"EMILIA MARENGO, RUA",14507,"NESTOR DE BARROS, RUA",0,"","05/04/2013 19:50",2,"CO",30,3930," "," ",1,1,0,0,0,0,0,0,0,0,0,0,0,0,0,0,0,6440,"EMILIA MARENGO, RUA",14507,"NESTOR DE BARROS, RUA",82,"TATUAPE",1,0,"EMILIA MARENGO, RUA SAO PAULO SP &  NESTOR DE BARROS, RUA SAO PAULO SP",-23.554111,-46.5606591
"6228","D041300537",2792,"BANDEIRANTES, RUA DOS",NA,"",10037,"","05/04/2013 20:03",2,"CT",96,3488," "," ",1,1,0,0,0,0,0,0,0,0,0,0,0,0,0,0,0,2792,"BANDEIRANTES, RUA DOS",NA,"",9,"BOM RETIRO",1,0,"BANDEIRANTES, RUA DOS 10037 SAO PAULO SP",-23.4028673,-46.7675473
"6229","D041302077",7503,"FRANCISCO MUNHOZ FILHO, AV DR",NA,"",2099,"","05/04/2013 20:30",4,"AT",53,2197," "," ",2,0,0,0,0,0,0,0,0,0,0,0,0,0,0,0,0,7503,"FRANCISCO MUNHOZ FILHO, AV DR",NA,"",58,"PARQUE DO CARMO",1,0,"FRANCISCO MUNHOZ FILHO, AV DR 2099 SAO PAULO SP",-23.5640492,-46.4737054
"6230","D041301683",16053,"JOSE BARROS MAGALDI, RUA",NA,"",907,"","05/04/2013 21:17",2,"CO",92,4252," "," ",1,1,0,0,0,0,0,0,0,0,0,0,0,0,0,0,0,16053,"JOSE BARROS MAGALDI, RUA",NA,"",32,"IGUATEMI",1,0,"JOSE BARROS MAGALDI, RUA 907 SAO PAULO SP",-23.6655039,-46.7373953
"6231","D041300963",9836,"JAGUARE, AV",13019,"ESCOLA POLITECNICA, AV",0,"","05/04/2013 21:30",2,"CO",93,2238," "," ",1,1,0,0,0,0,0,0,0,0,0,0,0,0,0,0,0,5309,"CORIFEU DE AZEVEDO MARQUES, AV",9836,"JAGUARE, AV",55,"MORUMBI",1,0,"JAGUARE, AV SAO PAULO SP &  ESCOLA POLITECNICA, AV SAO PAULO SP",-23.550963,-46.74035
"6232","D041301013",5567,"CRUZEIRO DO SUL, AV",4219,"ZAKI NARCHI, AV",0,"","05/04/2013 22:05",2,"CO",9,3054,"C"," ",1,1,0,0,0,0,0,0,0,0,0,0,0,0,0,0,0,4219,"ZAKI NARCHI, AV",5567,"CRUZEIRO DO SUL, AV",71,"SANTANA",1,0,"CRUZEIRO DO SUL, AV SAO PAULO SP &  ZAKI NARCHI, AV SAO PAULO SP",-23.5073033,-46.6250321
"6233","D041300555",2235,"ARMANDO DE ARRUDA PEREIRA, AV ENG",15700,"FELIPE D'OLIVEIRA, RUA",0,"","05/04/2013 22:41",2,"CT",97,2879," "," ",1,0,0,0,0,0,0,1,0,0,0,0,0,0,0,0,0,2235,"ARMANDO DE ARRUDA PEREIRA, AV ENG",15700,"FELIPE D'OLIVEIRA, RUA",37,"JABAQUARA",2,0,"ARMANDO DE ARRUDA PEREIRA, AV ENG SAO PAULO SP &  FELIPE D'OLIVEIRA, RUA SAO PAULO SP",-23.6342719,-46.6414387
"6234","D041301750",14743,"SABARA, AV NSRA DO",NA,"",938,"","05/04/2013 23:12",2,"CO",99,3768," "," ",1,2,0,0,0,0,0,0,0,0,0,0,0,0,0,0,0,14743,"SABARA, AV NSRA DO",NA,"",16,"CAMPO GRANDE",2,0,"SABARA, AV NSRA DO 938 SAO PAULO SP",-23.5505199,-46.6333094
"6236","D041300003",16725,"QUEIROS, AV SEN",NA,"",583,"","06/04/2013 00:10",2,"CP",1,2492," "," ",1,0,0,0,0,0,0,0,0,0,0,0,0,0,0,0,0,16725,"QUEIROS, AV SEN",NA,"",9,"BOM RETIRO",2,0,"QUEIROS, AV SEN 583 SAO PAULO SP",-23.5397173,-46.6305049
"6237","D041301612",17772,"SANT'ANNA, AV COMEN",NA,"",613,"","06/04/2013 01:00",2,"CO",47,4294,"C"," ",1,1,0,0,0,0,0,0,0,0,0,0,0,0,0,0,0,17772,"SANT'ANNA, AV COMEN",NA,"",29,"FREGUESIA DO O",1,0,"SANT'ANNA, AV COMEN 613 SAO PAULO SP",-23.5186813,-46.6999583
"6238","D041301014",20089,"ZUQUIM, RUA DR",NA,"",1206,"","06/04/2013 01:00",2,"CH",9,3062," "," ",1,0,0,0,0,0,0,0,0,0,0,0,0,0,0,0,0,20089,"ZUQUIM, RUA DR",NA,"",8,"BELEM",1,0,"ZUQUIM, RUA DR 1206 SAO PAULO SP",-23.4947579,-46.6225763
"6239","D041301542",19931,"WASHINGTON LUIS, AV",11758,"LEONIDAS, RUA S",0,"","06/04/2013 01:00",2,"CO",11,3770," "," ",1,1,0,0,0,0,0,0,0,0,0,0,0,0,0,0,0,11758,"LEONIDAS, RUA S",19931,"WASHINGTON LUIS, AV",72,"SANTO AMARO",1,0,"WASHINGTON LUIS, AV SAO PAULO SP &  LEONIDAS, RUA S SAO PAULO SP",-23.6605391,-46.7039265
"6240","D041301580",19931,"WASHINGTON LUIS, AV",11758,"LEONIDAS, RUA S",0,"","06/04/2013 01:00",2,"CO",11,900051," "," ",1,1,0,0,0,0,0,0,0,0,0,0,0,0,0,0,0,11758,"LEONIDAS, RUA S",19931,"WASHINGTON LUIS, AV",72,"SANTO AMARO",1,0,"WASHINGTON LUIS, AV SAO PAULO SP &  LEONIDAS, RUA S SAO PAULO SP",-23.6605391,-46.7039265
"6241","D041300761",9529,"ITAPECERICA, ES DE",NA,"",3500,"","06/04/2013 01:23",2,"CO",37,2751," "," ",0,1,0,0,0,0,0,1,0,0,0,0,0,0,0,0,0,9529,"ITAPECERICA, ES DE",NA,"",29,"FREGUESIA DO O",2,0,"ITAPECERICA, ES DE 3500 SAO PAULO SP",-23.5505199,-46.6333094
"6242","D041300163",543,"ALCANTARA MACHADO, AV",NA,"",2300,"","06/04/2013 02:22",2,"CO",8,2495," "," ",2,0,0,0,0,0,0,0,0,0,0,1,0,0,0,0,0,543,"ALCANTARA MACHADO, AV",NA,"",10,"BRAS",1,0,"ALCANTARA MACHADO, AV 2300 SAO PAULO SP",-23.5463898,-46.5989136
"6243","D041302148",17135,"RIO DAS PEDRAS, AV",NA,"",844,"","06/04/2013 02:40",2,"QM",69,3433," "," ",0,1,0,0,0,0,0,0,0,0,0,0,0,0,0,0,0,17135,"RIO DAS PEDRAS, AV",NA,"",27,"CURSINO",1,0,"RIO DAS PEDRAS, AV 844 SAO PAULO SP",-23.563017,-46.5154398
"6244","D041301771",5584,"CUMBICA, ES DA",NA,"",100,"","06/04/2013 02:49",2,"QM",100,4263," "," ",0,1,0,0,0,0,0,0,0,0,0,0,0,0,0,0,0,5584,"CUMBICA, ES DA",NA,"",42,"JARDIM ANGELA",1,0,"CUMBICA, ES DA 100 SAO PAULO SP",-23.5505199,-46.6333094
"6245","D041300038",18993,"TIRADENTES, AV",NA,"",100,"","06/04/2013 03:12",4,"AT",2,1892," "," ",0,0,0,0,0,0,0,0,0,0,0,1,0,0,0,0,0,18993,"TIRADENTES, AV",NA,"",9,"BOM RETIRO",1,0,"TIRADENTES, AV 100 SAO PAULO SP",-23.5348987,-46.6331073
"6246","D041300907",8000,"GIOVANNI GRONCHI, AV",63087,"CHARLES SPENCER CHAPLIN, RUA",0,"","06/04/2013 03:23",4,"AT",89,2756," "," ",0,1,0,0,0,0,0,0,0,0,0,0,0,0,0,0,0,8000,"GIOVANNI GRONCHI, AV",63087,"CHARLES SPENCER CHAPLIN, RUA",85,"VILA ANDRADE",1,0,"GIOVANNI GRONCHI, AV SAO PAULO SP &  CHARLES SPENCER CHAPLIN, RUA SAO PAULO SP",-23.6004501,-46.710515
"6247","D041301150",3771,"INAJAR DE SOUZA, AV",NA,"",800,"","06/04/2013 03:28",2,"CH",28,3686," "," ",0,1,0,0,0,0,0,0,0,0,0,0,0,0,0,0,0,3771,"INAJAR DE SOUZA, AV",NA,"",50,"LIMAO",2,0,"INAJAR DE SOUZA, AV 800 SAO PAULO SP",-23.4983672,-46.6849109
"6249","D041300342",12421,"MACARIO, RUA DOM",NA,"",443,"","06/04/2013 03:43",2,"SI",26,2881," "," ",0,0,0,0,0,0,0,0,0,0,0,0,0,0,0,2,0,12421,"MACARIO, RUA DOM",NA,"",27,"CURSINO",2,0,"MACARIO, RUA DOM 443 SAO PAULO SP",-23.6197646,-46.6134514
"6250","D041300740",7500,"FRANCISCO MORATO, AV PROF",NA,"",2200,"","06/04/2013 03:46",2,"CT",34,2757," "," ",0,1,0,0,0,0,0,0,0,0,0,1,0,0,0,0,0,7500,"FRANCISCO MORATO, AV PROF",NA,"",12,"BUTANTA",2,0,"FRANCISCO MORATO, AV PROF 2200 SAO PAULO SP",-23.5849692,-46.7199303
"6251","D041301332",4077,"CANAPOLIS, RUA",NA,"",85,"","06/04/2013 05:06",2,"CH",90,3500," "," ",2,0,0,1,0,0,0,0,0,0,0,0,0,0,0,0,0,4077,"CANAPOLIS, RUA",NA,"",94,"VILA MEDEIROS",4,0,"CANAPOLIS, RUA 85 SAO PAULO SP",-23.4942097,-46.5809709