"","id_acidente","codloga","logradouroA","codlogb","logradouroB","alt_num","referencia","data","cod_acid","tipo_acidente","dp","numero_BO","sentido","pista","automovel","moto","onibus","caminhao","bicicleta","moto_taxi","onibus_fretado","onibus_urbano","microonibus","van","vuc","caminhonete","carreta","jipe","outros","sem_informacao","carroca","princ_a","paiA","princ_b","paiB","cod_distrito","distrito","vit_ferida","vit_morta","local","lat","lon"
"6253","D041301501",19448,"VALENCA, RUA MARQ DE",NA,"",229,"","06/04/2013 05:50",2,"CH",57,2128," "," ",1,1,0,0,0,0,0,0,0,0,0,0,0,0,0,0,0,19448,"VALENCA, RUA MARQ DE",NA,"",33,"IPIRANGA",1,0,"VALENCA, RUA MARQ DE 229 SAO PAULO SP",-23.5581336,-46.5935173
"6254","D041301457",19708,"VILA EMA, AV",NA,"",3292,"","06/04/2013 06:00",2,"CO",42,2127,"B"," ",0,0,0,0,1,0,0,0,0,0,0,0,0,0,0,1,0,19708,"VILA EMA, AV",NA,"",26,"CONSOLACAO",1,0,"VILA EMA, AV 3292 SAO PAULO SP",-23.5850688,-46.546131
"6255","D041301317",16838,"RAIMUNDO PEREIRA DE MAGAL., AV",18594,"TAIPAS, ES",0,"","06/04/2013 06:00",2,"CO",74,2993," "," ",1,1,0,0,0,0,0,0,0,0,0,0,0,0,0,0,0,16838,"RAIMUNDO PEREIRA DE MAGAL., AV",18594,"TAIPAS, ES",41,"JARAGUA",2,0,"RAIMUNDO PEREIRA DE MAGAL., AV SAO PAULO SP &  TAIPAS, ES SAO PAULO SP",-23.4806625,-46.7253209
"6257","D041301395",11325,"JULIO COLACO, RUA",NA,"",331,"","06/04/2013 06:30",2,"CO",21,3813," "," ",1,1,0,0,0,0,0,0,0,0,0,0,0,0,0,0,0,11325,"JULIO COLACO, RUA",NA,"",20,"CARRAO",2,0,"JULIO COLACO, RUA 331 SAO PAULO SP",-23.5367954,-46.5431331
"6258","D041301825",17820,"TITO, AV MAL",NA,"",2744,"","06/04/2013 06:30",2,"CO",22,2454," "," ",0,1,0,0,0,0,0,0,0,0,0,0,0,0,0,1,0,17820,"TITO, AV MAL",NA,"",53,"MOEMA",1,0,"TITO, AV MAL 2744 SAO PAULO SP",-23.4940318,-46.4191519
"6259","D041301543",19931,"WASHINGTON LUIS, AV",NA,"",1708,"","06/04/2013 06:30",2,"CT",11,3776," "," ",1,1,0,0,0,0,0,0,0,0,0,0,0,0,0,0,0,19931,"WASHINGTON LUIS, AV",NA,"",30,"GRAJAU",1,0,"WASHINGTON LUIS, AV 1708 SAO PAULO SP",-23.6538527,-46.6895788
"6260","D041301784",22167,"JOSE CARLOS HEFFNER, RUA",NA,"",51,"","06/04/2013 06:30",2,"CH",101,2446," "," ",1,0,0,0,0,0,0,0,0,0,0,1,0,0,0,0,0,22167,"JOSE CARLOS HEFFNER, RUA",NA,"",32,"IGUATEMI",1,0,"JOSE CARLOS HEFFNER, RUA 51 SAO PAULO SP",-23.7449567,-46.6844706
"6261","D041300199",17083,"RICARDO JAFET, AV DR",NA,"",1501,"","06/04/2013 06:40",2,"CT",6,2507," "," ",1,1,0,0,0,0,0,0,0,0,0,0,0,0,0,0,0,17083,"RICARDO JAFET, AV DR",NA,"",37,"JABAQUARA",2,0,"RICARDO JAFET, AV DR 1501 SAO PAULO SP",-23.5856523,-46.6184105
"6262","D041300241",3653,"BRESSER, RUA",4736,"CELSO GARCIA, AV",0,"","06/04/2013 06:45",4,"AT",12,2502," "," ",1,0,0,0,0,0,0,0,0,0,0,0,0,0,0,0,0,3653,"BRESSER, RUA",4736,"CELSO GARCIA, AV",10,"BRAS",1,0,"BRESSER, RUA SAO PAULO SP &  CELSO GARCIA, AV SAO PAULO SP",-23.5353694,-46.6103911
"6263","D041301993",22804,"FRANCISCO GODINHO, RUA",NA,"",12,"","06/04/2013 06:58",2,"CO",68,4204," "," ",2,0,0,0,0,0,0,0,0,0,0,0,0,0,0,0,0,22804,"FRANCISCO GODINHO, RUA",NA,"",50,"LIMAO",2,0,"FRANCISCO GODINHO, RUA 12 SAO PAULO SP",-23.5434879,-46.3996707
"6264","D041300828",17162,"RIO PEQUENO, AV DO",NA,"",1178,"","06/04/2013 07:10",2,"CO",51,2385," "," ",0,1,0,0,0,0,0,0,0,0,0,0,0,0,0,0,0,17162,"RIO PEQUENO, AV DO",NA,"",13,"CACHOEIRINHA",1,0,"RIO PEQUENO, AV DO 1178 SAO PAULO SP",-23.5684355,-46.7560304
"6265","D041300131",17517,"RUI BARBOSA, RUA",NA,"",22,"","06/04/2013 07:30",2,"CO",5,2698," "," ",1,1,0,0,0,0,0,0,0,0,0,0,0,0,0,0,0,17517,"RUI BARBOSA, RUA",NA,"",17,"CAMPO LIMPO",1,0,"RUI BARBOSA, RUA 22 SAO PAULO SP",-23.5582913,-46.6454516
"6266","D041302160",24338,"LUIZ IGNACIO ANHAIA MELLO, AV PROF",NA,"",8661,"","06/04/2013 07:40",2,"QM",70,1979," "," ",0,1,0,0,0,0,0,0,0,0,0,0,0,0,0,0,0,24338,"LUIZ IGNACIO ANHAIA MELLO, AV PROF",NA,"",26,"CONSOLACAO",1,0,"LUIZ IGNACIO ANHAIA MELLO, AV PROF 8661 SAO PAULO SP",-23.6024054,-46.5193969
"6267","D041301252",3771,"INAJAR DE SOUZA, AV",NA,"",4100,"","06/04/2013 07:50",2,"CO",72,2968," "," ",1,1,0,0,0,0,0,0,0,0,0,0,0,0,0,0,0,3771,"INAJAR DE SOUZA, AV",NA,"",50,"LIMAO",1,0,"INAJAR DE SOUZA, AV 4100 SAO PAULO SP",-23.4752766,-46.6704918
"6268","D041301708",852,"ALVARENGA, ES DO",NA,"",665,"","06/04/2013 08:00",4,"AT",98,3694," "," ",0,0,0,0,0,0,0,0,0,0,0,0,0,0,0,1,0,852,"ALVARENGA, ES DO",NA,"",59,"PEDREIRA",1,0,"ALVARENGA, ES DO 665 SAO PAULO SP",-23.5505199,-46.6333094
"6269","D041300762",34682,"CAMPO LIMPO, ES DO",NA,"",6415,"","06/04/2013 08:00",2,"QM",37,2766," "," ",0,1,0,0,0,0,0,0,0,0,0,0,0,0,0,0,0,34682,"CAMPO LIMPO, ES DO",NA,"",17,"CAMPO LIMPO",2,0,"CAMPO LIMPO, ES DO 6415 SAO PAULO SP",-23.2019463,-46.785846
"6270","D041301726",852,"ALVARENGA, ES DO",21595,"JOSE VIEIRA MARTINS, RUA",0,"","06/04/2013 09:40",2,"QM",98,900058," "," ",0,1,0,0,0,0,0,0,0,0,0,0,0,0,0,0,0,852,"ALVARENGA, ES DO",21595,"JOSE VIEIRA MARTINS, RUA",59,"PEDREIRA",1,0,"ALVARENGA, ES DO SAO PAULO SP &  JOSE VIEIRA MARTINS, RUA SAO PAULO SP",-23.5505199,-46.6333094
"6271","D041301994",3102,"BELMIRO VALVERDE, RUA",NA,"",42,"","06/04/2013 09:42",4,"AT",68,4215," "," ",0,1,0,0,0,0,0,0,0,0,0,0,0,0,0,0,0,3102,"BELMIRO VALVERDE, RUA",NA,"",47,"LAJEADO",2,0,"BELMIRO VALVERDE, RUA 42 SAO PAULO SP",-23.5429424,-46.4111747
"6272","D041302259",3102,"BELMIRO VALVERDE, RUA",NA,"",42,"","06/04/2013 09:42",4,"AT",50,1280," "," ",0,1,0,0,0,0,0,0,0,0,0,0,0,0,0,0,0,3102,"BELMIRO VALVERDE, RUA",NA,"",47,"LAJEADO",0,1,"BELMIRO VALVERDE, RUA 42 SAO PAULO SP",-23.5429424,-46.4111747
"6273","D041301048",3637,"BRAZ LEME, AV",NA,"",3229,"","06/04/2013 10:10",2,"CO",13,3697," "," ",2,1,0,0,0,0,0,0,0,0,0,0,0,0,0,0,0,3637,"BRAZ LEME, AV",NA,"",21,"CASA VERDE",1,0,"BRAZ LEME, AV 3229 SAO PAULO SP",-23.5038989,-46.6291354
"6274","D041300943",16726,"QUEIROZ FILHO, AV",2991,"BAUMANN, RUA",0,"","06/04/2013 10:10",2,"CO",91,2253," "," ",0,1,0,0,0,0,0,0,0,0,0,1,0,0,0,0,0,2991,"BAUMANN, RUA",16726,"QUEIROZ FILHO, AV",90,"VILA LEOPOLDINA",1,0,"QUEIROZ FILHO, AV SAO PAULO SP &  BAUMANN, RUA SAO PAULO SP",-23.5372434,-46.7199853
"6275","D041301870",3933,"ITAPITANGA, RUA",NA,"",70,"","06/04/2013 10:35",4,"AT",32,2464," "," ",0,0,1,0,0,0,0,0,0,0,0,0,0,0,0,0,0,3933,"ITAPITANGA, RUA",NA,"",88,"VILA GUILHERME",1,0,"ITAPITANGA, RUA 70 SAO PAULO SP",-23.5508074,-46.4617643
"6276","D041302261",3933,"ITAPITANGA, RUA",NA,"",70,"","06/04/2013 10:35",4,"AT",63,2350," "," ",0,0,1,0,0,0,0,0,0,0,0,0,0,0,0,0,0,3933,"ITAPITANGA, RUA",NA,"",88,"VILA GUILHERME",0,1,"ITAPITANGA, RUA 70 SAO PAULO SP",-23.5508074,-46.4617643
"6278","D041301817",9806,"PIRES DO RIO, AV",NA,"",397,"","06/04/2013 11:00",4,"AT",22,1766," "," ",0,1,0,0,0,0,0,0,0,0,0,0,0,0,0,0,0,9806,"PIRES DO RIO, AV",NA,"",76,"SAO MIGUEL",1,0,"PIRES DO RIO, AV 397 SAO PAULO SP",-23.4999969,-46.4424565
"6279","D041301151",3771,"INAJAR DE SOUZA, AV",NA,"",3550,"","06/04/2013 11:10",4,"AT",28,3696," "," ",1,0,0,0,0,0,0,0,0,0,0,0,0,0,0,0,0,3771,"INAJAR DE SOUZA, AV",NA,"",50,"LIMAO",1,0,"INAJAR DE SOUZA, AV 3550 SAO PAULO SP",-23.4790572,-46.6729458
"6280","D041300242",19516,"VAUTIER, AV",NA,"",186,"","06/04/2013 11:45",4,"AT",12,2514," "," ",1,0,0,0,0,0,0,0,0,0,0,0,0,0,0,0,0,19516,"VAUTIER, AV",NA,"",25,"CIDADE TIRADENT",1,0,"VAUTIER, AV 186 SAO PAULO SP",-23.533427,-46.6218653
"6281","D041300741",16337,"ELISEU DE ALMEIDA, AV",NA,"",3200,"","06/04/2013 11:50",2,"CL",34,2772," "," ",1,1,0,0,0,0,0,0,0,0,0,0,0,0,0,0,0,16337,"ELISEU DE ALMEIDA, AV",NA,"",0,"NULL",1,0,"ELISEU DE ALMEIDA, AV 3200 SAO PAULO SP",-23.5897038,-46.7352548
"6282","D041302201",8368,"GUARAPIRANGA, AV",NA,"",621,"","06/04/2013 12:15",4,"AT",11,3821,"C"," ",0,0,1,0,0,0,0,0,0,0,0,0,0,0,0,0,0,8368,"GUARAPIRANGA, AV",NA,"",45,"JARDIM SAO LUIS",0,1,"GUARAPIRANGA, AV 621 SAO PAULO SP",-23.6738284,-46.7342969
"6283","D041300742",7500,"FRANCISCO MORATO, AV PROF",NA,"",3077,"","06/04/2013 12:26",2,"CT",34,2774," "," ",1,1,0,0,0,0,0,0,0,0,0,0,0,0,0,0,0,7500,"FRANCISCO MORATO, AV PROF",NA,"",12,"BUTANTA",1,0,"FRANCISCO MORATO, AV PROF 3077 SAO PAULO SP",-23.5888019,-46.7279854
"6284","D041301316",16838,"RAIMUNDO PEREIRA DE MAGAL., AV",NA,"",9700,"","06/04/2013 12:30",2,"CO",74,2985," "," ",3,0,0,0,0,0,0,0,0,0,0,0,0,0,0,0,0,16838,"RAIMUNDO PEREIRA DE MAGAL., AV",NA,"",31,"GUAIANASES",1,0,"RAIMUNDO PEREIRA DE MAGAL., AV 9700 SAO PAULO SP",-23.4576079,-46.7191097
"6285","D041301732",6238,"NACOES UNIDAS, AV DAS",NA,"",22540,"","06/04/2013 12:30",2,"CO",99,1572," "," ",1,1,0,0,0,0,0,0,0,0,0,0,0,0,0,0,0,13014,"MARGINAL DO RIO PINHEIROS, AV",NA,"",90,"VILA LEOPOLDINA",1,0,"NACOES UNIDAS, AV DAS 22540 SAO PAULO SP",-23.6793686,-46.6964197
"6286","D041301418",19206,"TUIUTI, RUA",NA,"",1173,"","06/04/2013 12:43",4,"AT",30,1855," "," ",1,0,0,0,0,0,0,0,0,0,0,0,0,0,0,0,0,19206,"TUIUTI, RUA",NA,"",27,"CURSINO",1,0,"TUIUTI, RUA 1173 SAO PAULO SP",-23.5357116,-46.5754106
"6287","D041302115",17269,"RODOLFO PIRANI, AV",NA,"",1021,"","06/04/2013 12:45",4,"AT",55,4605," "," ",1,0,0,0,0,0,0,0,0,0,0,0,0,0,0,0,0,17269,"RODOLFO PIRANI, AV",NA,"",55,"MORUMBI",2,0,"RODOLFO PIRANI, AV 1021 SAO PAULO SP",-23.6337159,-46.4619153
"6288","D041302137",197,"ADEMAR PEREIRA DE BARROS, AV",NA,"",10,"","06/04/2013 13:00",2,"CO",66,2230," "," ",1,1,0,0,0,0,0,0,0,0,0,0,0,0,0,0,0,197,"ADEMAR PEREIRA DE BARROS, AV",NA,"",4,"ARICANDUVA",1,0,"ADEMAR PEREIRA DE BARROS, AV 10 SAO PAULO SP",-23.5644617,-46.5126001
"6289","D041301970",13480,"MARIO FURTADO, RUA",13850,"ALDEIA MANUEL ANTONIO, AV",0,"","06/04/2013 13:15",2,"CO",65,1432," "," ",1,1,0,0,0,0,0,0,0,0,0,0,0,0,0,0,0,13480,"MARIO FURTADO, RUA",13850,"ALDEIA MANUEL ANTONIO, AV",5,"ARTUR ALVIM",1,0,"MARIO FURTADO, RUA SAO PAULO SP &  ALDEIA MANUEL ANTONIO, AV SAO PAULO SP",-23.5428372,-46.4890141
"6290","D041302019",10503,"JOAO XXIII, AV",NA,"",1560,"","06/04/2013 13:30",2,"CO",41,3455," "," ",1,1,0,0,0,0,0,0,0,0,0,0,0,0,0,0,0,10503,"JOAO XXIII, AV",NA,"",4,"ARICANDUVA",1,0,"JOAO XXIII, AV 1560 SAO PAULO SP",-23.5686794,-46.5277873
"6291","D041301684",70322,"CANDIDO JOSE XAVIER, AV",NA,"",725,"","06/04/2013 13:30",2,"CO",92,4277," "," ",1,1,0,0,0,0,0,0,0,0,0,0,0,0,0,0,0,70322,"CANDIDO JOSE XAVIER, AV",NA,"",32,"IGUATEMI",1,0,"CANDIDO JOSE XAVIER, AV 725 SAO PAULO SP",-23.6611612,-46.7574608
"6292","D041301685",21084,"JOAO FERNANDES C. NOVA JUNIOR, RUA",NA,"",769,"","06/04/2013 13:46",4,"AT",92,4293," "," ",0,0,0,0,0,0,0,1,0,0,0,0,0,0,0,0,0,21084,"JOAO FERNANDES C. NOVA JUNIOR, RUA",NA,"",29,"FREGUESIA DO O",1,0,"JOAO FERNANDES C. NOVA JUNIOR, RUA 769 SAO PAULO SP",-23.6558895,-46.7412786
"6293","D041301106",14767,"NOVA CANTAREIRA, AV",NA,"",1553,"","06/04/2013 14:00",2,"CO",20,3087," "," ",1,1,0,0,0,0,0,0,0,0,0,0,0,0,0,0,0,14767,"NOVA CANTAREIRA, AV",NA,"",83,"TREMEMBE",1,0,"NOVA CANTAREIRA, AV 1553 SAO PAULO SP",-23.48198,-46.6129058
"6294","D041301254",68478,"SEBASTIAO JOSE PEREIRA, RUA",NA,"",100,"","06/04/2013 14:29",2,"CO",70,2997," "," ",1,1,0,0,0,0,0,0,0,0,0,0,0,0,0,0,0,68478,"SEBASTIAO JOSE PEREIRA, RUA",NA,"",40,"JAGUARE",2,0,"SEBASTIAO JOSE PEREIRA, RUA 100 SAO PAULO SP",-23.4646697,-46.6759938
"6296","D041302138",9580,"ITAQUERA, AV",NA,"",4390,"","06/04/2013 14:57",2,"CH",66,2231," "," ",1,0,0,0,0,0,0,0,0,0,0,0,0,0,0,0,0,9580,"ITAQUERA, AV",NA,"",24,"CIDADE LIDER",2,0,"ITAQUERA, AV 4390 SAO PAULO SP",-23.5548437,-46.4847971
"6297","D041300488",5618,"CURSINO, AV DO",NA,"",2737,"","06/04/2013 15:12",4,"AT",83,2903," "," ",1,0,0,0,0,0,0,0,0,0,0,0,0,0,0,0,0,5618,"CURSINO, AV DO",NA,"",27,"CURSINO",1,0,"CURSINO, AV DO 2737 SAO PAULO SP",-23.625721,-46.6192067
"6298","D041301154",29027,"MIGUEL CONEJO, AV",NA,"",839,"","06/04/2013 16:00",2,"CO",28,3855," "," ",1,1,0,0,0,0,0,0,0,0,0,0,0,0,0,0,0,29027,"MIGUEL CONEJO, AV",NA,"",4,"ARICANDUVA",2,0,"MIGUEL CONEJO, AV 839 SAO PAULO SP",-23.4963964,-46.6927487
"6299","D041301600",5606,"CUPECE, AV",NA,"",3745,"","06/04/2013 16:30",2,"CL",43,3722,"C"," ",0,1,1,0,0,0,0,0,0,0,0,0,0,0,0,0,0,5606,"CUPECE, AV",NA,"",22,"CIDADE ADEMAR",1,0,"CUPECE, AV 3745 SAO PAULO SP",-23.669038,-46.6494613
"6301","D041302212",41766,"CLARA NUNES, RUA",NA,"",525,"","06/04/2013 16:32",4,"AT",72,3000," "," ",0,1,0,0,0,0,0,0,0,0,0,0,0,0,0,0,0,41766,"CLARA NUNES, RUA",NA,"",40,"JAGUARE",0,1,"CLARA NUNES, RUA 525 SAO PAULO SP",-23.4575535,-46.6850393
"6302","D041301889",16652,"ANTONIO JOAO DE MEDEIROS, RUA",NA,"",890,"","06/04/2013 18:00",2,"CO",50,4227," "," ",1,1,0,0,0,0,0,0,0,0,0,0,0,0,0,0,0,16652,"ANTONIO JOAO DE MEDEIROS, RUA",NA,"",54,"MOOCA",2,0,"ANTONIO JOAO DE MEDEIROS, RUA 890 SAO PAULO SP",-23.5111975,-46.3971122
"6303","D041302078",16173,"PESSEGO, ES DO",NA,"",3698,"","06/04/2013 18:20",2,"CO",53,2238," "," ",1,1,0,0,0,0,0,0,0,0,0,0,0,0,0,0,0,16173,"PESSEGO, ES DO",NA,"",0,"NULL",2,0,"PESSEGO, ES DO 3698 SAO PAULO SP",-23.5505199,-46.6333094
"6305","D041300039",4561,"CASTELO BRANCO, AV PRES",1421,"ANHAIA, RUA",0,"","06/04/2013 18:30",2,"CT",2,1912," "," ",2,0,0,0,0,0,0,0,0,0,0,0,0,0,0,0,0,1421,"ANHAIA, RUA",4561,"CASTELO BRANCO, AV PRES",9,"BOM RETIRO",2,0,"CASTELO BRANCO, AV PRES SAO PAULO SP &  ANHAIA, RUA SAO PAULO SP",-23.5216047,-46.6390428
"6306","D041301454",17824,"SAPOPEMBA, AV",NA,"",5822,"","06/04/2013 18:42",2,"CO",42,1889," "," ",1,1,0,0,0,0,0,0,0,0,0,0,0,0,0,0,0,17824,"SAPOPEMBA, AV",NA,"",33,"IPIRANGA",1,0,"SAPOPEMBA, AV 5822 SAO PAULO SP",-23.5830231,-46.5353203
"6307","D041301527",19035,"TOLEDO BARBOSA, RUA",NA,"",180,"","06/04/2013 18:53",2,"CF",81,1863," "," ",0,1,0,0,0,0,0,0,0,0,0,1,0,0,0,0,0,19035,"TOLEDO BARBOSA, RUA",NA,"",10,"BRAS",1,0,"TOLEDO BARBOSA, RUA 180 SAO PAULO SP",-23.5420484,-46.5891694
"6308","D041300666",7491,"FRANCISCO MATARAZZO, AV",NA,"",478,"","06/04/2013 19:06",4,"AT",23,2277," "," ",0,0,0,0,0,0,0,1,0,0,0,0,0,0,0,0,0,7491,"FRANCISCO MATARAZZO, AV",NA,"",6,"BARRA FUNDA",1,0,"FRANCISCO MATARAZZO, AV 478 SAO PAULO SP",-23.5295349,-46.6676651
"6309","D041301872",11542,"NORDESTINA, AV",NA,"",3550,"","06/04/2013 19:24",2,"CO",32,2489," "," ",1,1,0,0,0,0,0,0,0,0,0,0,0,0,0,0,0,11542,"NORDESTINA, AV",NA,"",76,"SAO MIGUEL",1,0,"NORDESTINA, AV 3550 SAO PAULO SP",-23.5122965,-46.42749
"6310","D041301253",18481,"SPENCER VAMPRE, RUA",NA,"",437,"","06/04/2013 19:25",4,"AT",72,2996," "," ",1,0,0,0,0,0,0,0,0,0,0,0,0,0,0,0,0,18481,"SPENCER VAMPRE, RUA",NA,"",40,"JAGUARE",1,0,"SPENCER VAMPRE, RUA 437 SAO PAULO SP",-23.4688936,-46.6740831
"6313","D041300505",5762,"DELAMARE, AV ALM",11379,"JUNTAS PROVISORIAS, AV",0,"","06/04/2013 19:30",2,"CO",95,2921," "," ",2,0,0,0,0,0,0,0,0,0,0,0,0,0,0,0,0,5762,"DELAMARE, AV ALM",11379,"JUNTAS PROVISORIAS, AV",NA,"",1,0,"DELAMARE, AV ALM SAO PAULO SP &  JUNTAS PROVISORIAS, AV SAO PAULO SP",-23.6103309,-46.5885149
"6314","D041300424",11734,"LEONARDO DA VINCI, AV",NA,"",455,"","06/04/2013 19:34",2,"CT",35,4514," "," ",3,0,0,0,0,0,0,0,0,0,0,0,0,0,0,0,0,11734,"LEONARDO DA VINCI, AV",NA,"",27,"CURSINO",1,0,"LEONARDO DA VINCI, AV 455 SAO PAULO SP",-23.637233,-46.6382783
"6315","D041300763",9529,"ITAPECERICA, ES DE",NA,"",3536,"","06/04/2013 19:34",4,"AT",37,2785,"B"," ",0,1,0,0,0,0,0,0,0,0,0,0,0,0,0,0,0,9529,"ITAPECERICA, ES DE",NA,"",29,"FREGUESIA DO O",2,0,"ITAPECERICA, ES DE 3536 SAO PAULO SP",-23.5505199,-46.6333094
"6316","D041300794",63190,"LICINIO DE CAMARGO, RUA CEL",NA,"",100,"","06/04/2013 19:40",2,"CO",46,3192," "," ",1,0,0,0,0,0,0,1,0,0,0,0,0,0,0,0,0,63190,"LICINIO DE CAMARGO, RUA CEL",NA,"",31,"GUAIANASES",1,0,"LICINIO DE CAMARGO, RUA CEL 100 SAO PAULO SP",-23.4903991,-46.7607563
"6317","D041301890",45771,"PAULO TAPAJOS, RUA",NA,"",1,"","06/04/2013 19:45",4,"AT",50,4261," "," ",1,0,0,0,0,0,0,0,0,0,0,0,0,0,0,0,0,45771,"PAULO TAPAJOS, RUA",NA,"",35,"ITAIM PAULISTA",1,0,"PAULO TAPAJOS, RUA 1 SAO PAULO SP",-23.5049577,-46.3775766
"6318","D041300833",1363,"JORGE WARD, RUA",NA,"",460,"","06/04/2013 19:52",2,"CO",51,3296," "," ",0,1,0,0,1,0,0,0,0,0,0,0,0,0,0,0,0,1363,"JORGE WARD, RUA",NA,"",68,"RIO PEQUENO",2,0,"JORGE WARD, RUA 460 SAO PAULO SP",-23.567499,-46.7606529
"6319","D041302213",13174,"FRANCISCO LEOPOLDO E SILVA, RUA",NA,"",185,"","06/04/2013 20:00",4,"AT",90,3532," "," ",1,0,0,0,0,0,0,0,0,0,0,0,0,0,0,0,0,13174,"FRANCISCO LEOPOLDO E SILVA, RUA",NA,"",91,"VILA MARIA",0,1,"FRANCISCO LEOPOLDO E SILVA, RUA 185 SAO PAULO SP",-23.5241001,-46.5844747
"6320","D041301480",14208,"MONTOJO, RUA",2716,"BAGNUOLO, RUA GAL",0,"","06/04/2013 20:02",2,"CO",56,2148," "," ",1,1,0,0,0,0,0,0,0,0,0,0,0,0,0,0,0,2716,"BAGNUOLO, RUA GAL",14208,"MONTOJO, RUA",95,"VILA PRUDENTE",1,0,"MONTOJO, RUA SAO PAULO SP &  BAGNUOLO, RUA GAL SAO PAULO SP",-23.5913271,-46.581305
"6321","D041300908",8000,"GIOVANNI GRONCHI, AV",NA,"",5411,"","06/04/2013 20:30",2,"SI",89,2840," "," ",0,1,0,0,0,0,0,0,0,0,0,1,0,0,0,0,0,8000,"GIOVANNI GRONCHI, AV",NA,"",55,"MORUMBI",1,0,"GIOVANNI GRONCHI, AV 5411 SAO PAULO SP",-23.6269432,-46.7353132
"6324","D041301502",15034,"ORATORIO, RUA DO",NA,"",625,"","06/04/2013 20:50",2,"CO",57,2150," "," ",1,1,0,0,0,0,0,0,0,0,0,0,0,0,0,0,0,15034,"ORATORIO, RUA DO",NA,"",16,"CAMPO GRANDE",1,0,"ORATORIO, RUA DO 625 SAO PAULO SP",-23.5588421,-46.5951246
"6325","D041301255",16051,"PENHA BRASIL, AV GAL",NA,"",493,"","06/04/2013 21:00",2,"CO",72,3005," "," ",0,1,0,0,0,0,0,0,0,0,0,0,0,0,0,0,0,16051,"PENHA BRASIL, AV GAL",NA,"",48,"LAPA",1,0,"PENHA BRASIL, AV GAL 493 SAO PAULO SP",-23.4675906,-46.6689478
"6327","D041301932",69956,"URUMBEBA, RUA",72527,"URUCURANA, RUA",0,"","06/04/2013 21:30",2,"CO",63,2490," "," ",1,1,0,0,0,0,0,0,0,0,0,0,0,0,0,0,0,69956,"URUMBEBA, RUA",72527,"URUCURANA, RUA",89,"VILA JACUI",1,0,"URUMBEBA, RUA SAO PAULO SP &  URUCURANA, RUA SAO PAULO SP",-23.4994435,-46.462989
"6328","D041300835",24365,"CELSO LAGAR, RUA",7447,"MARIA RITA BALBINO, RUA",0,"","06/04/2013 21:30",2,"CO",51,3300," "," ",1,1,0,0,0,0,0,0,0,0,0,0,0,0,0,0,0,7447,"MARIA RITA BALBINO, RUA",24365,"CELSO LAGAR, RUA",68,"RIO PEQUENO",1,0,"CELSO LAGAR, RUA SAO PAULO SP &  MARIA RITA BALBINO, RUA SAO PAULO SP",-23.5783203,-46.7595923
"6329","D041301318",16838,"RAIMUNDO PEREIRA DE MAGAL., AV",NA,"",12000,"","06/04/2013 22:59",2,"CO",74,3003," "," ",1,1,0,0,0,0,0,0,0,0,0,0,0,0,0,0,0,16838,"RAIMUNDO PEREIRA DE MAGAL., AV",NA,"",31,"GUAIANASES",3,0,"RAIMUNDO PEREIRA DE MAGAL., AV 12000 SAO PAULO SP",-23.4370345,-46.7208022
"6330","D041301640",15507,"TEOTONIO VILELA, AV SEN",NA,"",4200,"","06/04/2013 23:00",4,"AT",48,3934," "," ",0,0,0,0,0,0,0,0,0,0,0,0,0,0,0,1,0,15507,"TEOTONIO VILELA, AV SEN",NA,"",23,"CIDADE DUTRA",1,0,"TEOTONIO VILELA, AV SEN 4200 SAO PAULO SP",-23.7592241,-46.7153518
"6331","D041301019",14270,"MORVAN DIAS DE FIGUEIREDO, AV",NA,"",1700,"","06/04/2013 23:00",2,"CT",9,3107," "," ",0,0,0,2,0,0,0,0,0,0,0,0,0,0,0,0,0,29772,"MARGINAL DO RIO TIETE, AV",NA,"",0,"NULL",1,0,"MORVAN DIAS DE FIGUEIREDO, AV 1700 SAO PAULO SP",-23.5195421,-46.6149781
"6332","D041301846",13881,"MIGUEL, AV S",NA,"",4000,"","06/04/2013 23:20",2,"CO",24,3594," "," ",1,1,0,0,0,0,0,0,0,0,0,0,0,0,0,0,0,13881,"MIGUEL, AV S",NA,"",65,"PONTE RASA",1,0,"MIGUEL, AV S 4000 SAO PAULO SP",-23.5088578,-46.4949385
"6333","D041300834",16878,"RAPOSO TAVARES, VIA",NA,"",13700,"","06/04/2013 23:30",2,"SI",51,3299," "," ",1,0,0,0,0,0,0,0,0,0,0,0,0,0,0,0,0,16878,"RAPOSO TAVARES, VIA",NA,"",13,"CACHOEIRINHA",4,0,"RAPOSO TAVARES, VIA 13700 SAO PAULO SP",-23.526928,-48.464986
"6334","D041301645",16540,"DELFINO FACCHINA, RUA",NA,"",893,"","06/04/2013 23:30",2,"QM",80,1269," "," ",0,1,0,0,0,0,0,0,0,0,0,0,0,0,0,0,0,16540,"DELFINO FACCHINA, RUA",NA,"",29,"FREGUESIA DO O",1,0,"DELFINO FACCHINA, RUA 893 SAO PAULO SP",-23.6783903,-46.6512059
"6335","D041300243",4561,"CASTELO BRANCO, AV PRES",15706,"PAULO ANDRIGHETTI, RUA",0,"","07/04/2013 00:40",2,"CO",12,2539," "," ",1,1,0,0,0,0,0,0,0,0,0,0,0,0,0,0,0,4561,"CASTELO BRANCO, AV PRES",15706,"PAULO ANDRIGHETTI, RUA",57,"PARI",1,0,"CASTELO BRANCO, AV PRES SAO PAULO SP &  PAULO ANDRIGHETTI, RUA SAO PAULO SP",-23.5216047,-46.6390428