"","id_acidente","codloga","logradouroA","codlogb","logradouroB","alt_num","referencia","data","cod_acid","tipo_acidente","dp","numero_BO","sentido","pista","automovel","moto","onibus","caminhao","bicicleta","moto_taxi","onibus_fretado","onibus_urbano","microonibus","van","vuc","caminhonete","carreta","jipe","outros","sem_informacao","carroca","princ_a","paiA","princ_b","paiB","cod_distrito","distrito","vit_ferida","vit_morta","local","lat","lon"
"6336","D041301785",15507,"TEOTONIO VILELA, AV SEN",NA,"",101,"","07/04/2013 01:15",4,"AT",101,2472," "," ",1,0,0,0,0,0,0,0,0,0,0,0,0,0,0,0,0,15507,"TEOTONIO VILELA, AV SEN",NA,"",23,"CIDADE DUTRA",1,0,"TEOTONIO VILELA, AV SEN 101 SAO PAULO SP",-23.7024317,-46.7012347
"6337","D041301152",3771,"INAJAR DE SOUZA, AV",7477,"FRANCISCO LOTUFO, RUA",0,"","07/04/2013 01:20",2,"CO",28,3715," "," ",1,0,0,0,1,0,0,0,0,0,0,0,0,0,0,0,0,3771,"INAJAR DE SOUZA, AV",8135,"SILVERIO DE CARVALHO, RUA",50,"LIMAO",1,0,"INAJAR DE SOUZA, AV SAO PAULO SP &  FRANCISCO LOTUFO, RUA SAO PAULO SP",-23.461436,-46.6729346
"6338","D041302079",45319,"MALMEQUER DO CAMPO, RUA",NA,"",100,"","07/04/2013 01:24",2,"CH",53,2247," "," ",0,0,0,0,0,0,0,0,0,0,0,0,0,0,0,1,0,45319,"MALMEQUER DO CAMPO, RUA",NA,"",58,"PARQUE DO CARMO",1,0,"MALMEQUER DO CAMPO, RUA 100 SAO PAULO SP",-23.5818601,-46.4532752
"6339","D041302139",74003,"MOTA COQUEIRO, RUA",NA,"",1084,"","07/04/2013 01:26",4,"AT",66,2240," "," ",0,0,0,0,0,0,0,0,0,0,0,0,0,0,0,1,0,74003,"MOTA COQUEIRO, RUA",NA,"",38,"JACANA",1,0,"MOTA COQUEIRO, RUA 1084 SAO PAULO SP",-23.5528659,-46.5132257
"6340","D041300837",16878,"RAPOSO TAVARES, VIA",NA,"",13600,"","07/04/2013 01:45",2,"CO",51,3322," "," ",0,1,0,0,0,0,0,0,0,0,0,1,0,0,0,0,0,16878,"RAPOSO TAVARES, VIA",NA,"",13,"CACHOEIRINHA",1,0,"RAPOSO TAVARES, VIA 13600 SAO PAULO SP",-23.5268462,-48.4640889
"6341","D041301242",41283,"MANUEL ANTONIO FONSECA, RUA",NA,"",65,"","07/04/2013 02:40",2,"CH",45,3019," "," ",1,0,0,0,0,0,0,0,0,0,0,0,0,0,0,0,0,41283,"MANUEL ANTONIO FONSECA, RUA",NA,"",40,"JAGUARE",2,0,"MANUEL ANTONIO FONSECA, RUA 65 SAO PAULO SP",-23.4679106,-46.6816341
"6342","D041300836",19817,"VITAL BRASIL, AV",3937,"CAMARGO, RUA",0,"","07/04/2013 03:44",2,"CO",51,3305," "," ",2,0,0,0,0,0,0,0,0,0,0,0,0,0,0,0,0,3937,"CAMARGO, RUA",19817,"VITAL BRASIL, AV",12,"BUTANTA",2,0,"VITAL BRASIL, AV SAO PAULO SP &  CAMARGO, RUA SAO PAULO SP",-23.5696565,-46.7140386
"6343","D041302140",2181,"ARICANDUVA, AV",NA,"",6650,"","07/04/2013 05:14",2,"QM",66,2249," "," ",0,1,0,0,0,0,0,0,0,0,0,0,0,0,0,0,0,2181,"ARICANDUVA, AV",NA,"",60,"PENHA",1,0,"ARICANDUVA, AV 6650 SAO PAULO SP",-23.5609771,-46.5114606
"6344","D041301772",12403,"M'BOI MIRIM, ES",NA,"",3837,"","07/04/2013 05:30",2,"SI",100,4305," "," ",0,0,0,0,0,0,0,0,0,0,0,1,0,0,0,0,0,12403,"M'BOI MIRIM, ES",NA,"",42,"JARDIM ANGELA",1,0,"M'BOI MIRIM, ES 3837 SAO PAULO SP",-23.5505199,-46.6333094
"6345","D041300591",16919,"REBOUCAS, AV",NA,"",2026,"","07/04/2013 06:03",2,"CO",14,3304," "," ",1,1,0,0,0,0,0,0,0,0,0,0,0,0,0,0,0,16919,"REBOUCAS, AV",NA,"",44,"JARDIM PAULISTA",1,0,"REBOUCAS, AV 2026 SAO PAULO SP",-23.5653491,-46.6801968
"6346","D041301049",3813,"CAETANO ALVARES, AV ENG",NA,"",3291,"","07/04/2013 06:40",2,"CT",13,3722," "," ",2,0,0,0,0,0,0,0,0,0,0,0,0,0,0,0,0,3813,"CAETANO ALVARES, AV ENG",NA,"",21,"CASA VERDE",1,0,"CAETANO ALVARES, AV ENG 3291 SAO PAULO SP",-23.4902872,-46.6554345
"6347","D041301256",15425,"CANTIDIO SAMPAIO, AV DEP",NA,"",2972,"","07/04/2013 06:40",2,"CO",72,3020," "," ",1,1,0,0,0,0,0,0,0,0,0,0,0,0,0,0,0,15425,"CANTIDIO SAMPAIO, AV DEP",NA,"",41,"JARAGUA",1,0,"CANTIDIO SAMPAIO, AV DEP 2972 SAO PAULO SP",-23.4590196,-46.6897484
"6348","D041301153",3771,"INAJAR DE SOUZA, AV",2921,"BARTHOLOMEU DO CANTO, RUA",0,"","07/04/2013 07:20",2,"CO",28,3724," "," ",1,0,0,0,0,0,0,1,0,0,0,0,0,0,0,0,0,2921,"BARTHOLOMEU DO CANTO, RUA",3771,"INAJAR DE SOUZA, AV",50,"LIMAO",1,0,"INAJAR DE SOUZA, AV SAO PAULO SP &  BARTHOLOMEU DO CANTO, RUA SAO PAULO SP",-23.461436,-46.6729346
"6349","D041300560",3185,"BENIGNO, RUA",NA,"",637,"","07/04/2013 08:20",2,"QD",97,4545," "," ",0,0,0,0,0,0,0,0,1,0,0,0,0,0,0,0,0,3185,"BENIGNO, RUA",NA,"",50,"LIMAO",1,0,"BENIGNO, RUA 637 SAO PAULO SP",-23.6621484,-46.6486283
"6350","D041300538",12193,"LUIS CARLOS BERRINI, AV ENG",8377,"GUARARAPES, RUA",0,"","07/04/2013 09:21",2,"CL",96,3542," "," ",2,0,0,0,0,0,0,0,0,0,0,0,0,0,0,0,0,8377,"GUARARAPES, RUA",12193,"LUIS CARLOS BERRINI, AV ENG",34,"ITAIM BIBI",2,0,"LUIS CARLOS BERRINI, AV ENG SAO PAULO SP &  GUARARAPES, RUA SAO PAULO SP",-23.6107873,-46.694758
"6351","D041301107",14767,"NOVA CANTAREIRA, AV",NA,"",5170,"","07/04/2013 09:35",2,"QM",20,3110," "," ",0,1,0,0,0,0,0,0,0,0,0,0,0,0,0,0,0,14767,"NOVA CANTAREIRA, AV",NA,"",83,"TREMEMBE",1,0,"NOVA CANTAREIRA, AV 5170 SAO PAULO SP",-23.4552181,-46.6144974
"6352","D041300482",28670,"CARLOS LIVIERO, AV",NA,"",1037,"","07/04/2013 10:00",2,"CO",83,866," "," ",1,1,0,0,0,0,0,0,0,0,0,0,0,0,0,0,0,28670,"CARLOS LIVIERO, AV",NA,"",21,"CASA VERDE",1,0,"CARLOS LIVIERO, AV 1037 SAO PAULO SP",-23.6475436,-46.5961498
"6353","D041300765",34682,"CAMPO LIMPO, ES DO",NA,"",5000,"","07/04/2013 11:00",2,"CT",37,2812," "," ",0,1,0,0,0,0,0,1,0,0,0,0,0,0,0,0,0,34682,"CAMPO LIMPO, ES DO",NA,"",17,"CAMPO LIMPO",1,0,"CAMPO LIMPO, ES DO 5000 SAO PAULO SP",-23.2019463,-46.785846
"6354","D041300637",1374,"ANGELINA MAFFEI VITA, RUA",NA,"",450,"","07/04/2013 12:27",2,"CO",15,3316," "," ",1,1,0,0,0,0,0,0,0,0,0,0,0,0,0,0,0,1374,"ANGELINA MAFFEI VITA, RUA",NA,"",63,"PINHEIROS",1,0,"ANGELINA MAFFEI VITA, RUA 450 SAO PAULO SP",-23.5795508,-46.6906944
"6355","D041302039",72670,"INACIO MONTEIRO, RUA",NA,"",20,"","07/04/2013 12:30",2,"QM",44,2664," "," ",0,1,0,0,0,0,0,0,0,0,0,0,0,0,0,0,0,72670,"INACIO MONTEIRO, RUA",NA,"",50,"LIMAO",1,0,"INACIO MONTEIRO, RUA 20 SAO PAULO SP",-23.5885878,-46.3818624
"6356","D041301184",19337,"ULTRAMARINO, AV",NA,"",318,"","07/04/2013 13:10",2,"CO",38,3029," "," ",1,1,0,0,0,0,0,0,0,0,0,0,0,0,0,0,0,19337,"ULTRAMARINO, AV",NA,"",8,"BELEM",1,0,"ULTRAMARINO, AV 318 SAO PAULO SP",-23.4747577,-46.6393591
"6357","D041300867",8603,"HEITOR ANTONIO EIRAS GARCIA, AV ENG",76369,"OSCARLINO ROMANO DOS SANTOS, RUA",0,"","07/04/2013 13:20",2,"CO",75,2818," "," ",1,1,0,0,0,0,0,0,0,0,0,0,0,0,0,0,0,8603,"HEITOR ANTONIO EIRAS GARCIA, AV ENG",76369,"OSCARLINO ROMANO DOS SANTOS, RUA",66,"RAPOSO TAVARES",1,0,"HEITOR ANTONIO EIRAS GARCIA, AV ENG SAO PAULO SP &  OSCARLINO ROMANO DOS SANTOS, RUA SAO PAULO SP",-23.5887336,-46.7667973
"6358","D041301472",13805,"MELO PEIXOTO, RUA",NA,"",100,"","07/04/2013 14:01",4,"AT",52,3850," "," ",1,0,0,0,0,0,0,0,0,0,0,0,0,0,0,0,0,13805,"MELO PEIXOTO, RUA",NA,"",82,"TATUAPE",1,0,"MELO PEIXOTO, RUA 100 SAO PAULO SP",-23.6807379,-46.6632793
"6359","D041301050",3813,"CAETANO ALVARES, AV ENG",NA,"",2451,"","07/04/2013 14:10",2,"CT",13,3735," "," ",2,0,0,0,0,0,0,0,0,0,0,0,0,0,0,0,0,3813,"CAETANO ALVARES, AV ENG",NA,"",21,"CASA VERDE",1,0,"CAETANO ALVARES, AV ENG 2451 SAO PAULO SP",-23.494348,-46.6600321
"6361","D041301108",43659,"DORIVAL DIAS MINHOTO, RUA PROF",NA,"",100,"","07/04/2013 15:15",2,"CO",20,3123," "," ",1,1,0,0,0,0,0,0,0,0,0,0,0,0,0,0,0,43659,"DORIVAL DIAS MINHOTO, RUA PROF",NA,"",8,"BELEM",1,0,"DORIVAL DIAS MINHOTO, RUA PROF 100 SAO PAULO SP",-23.4823817,-46.6453706
"6362","D041302177",8368,"GUARAPIRANGA, AV",NA,"",1539,"","07/04/2013 15:35",2,"CL",11,3831," "," ",1,1,0,0,0,0,0,0,0,0,0,0,0,0,0,0,0,8368,"GUARAPIRANGA, AV",NA,"",45,"JARDIM SAO LUIS",0,2,"GUARAPIRANGA, AV 1539 SAO PAULO SP",-23.6671787,-46.7273884
"6363","D041301473",27094,"SALIM FARAH MALUF, AV",4736,"CELSO GARCIA, AV",0,"","07/04/2013 16:00",2,"CL",52,3851,"B"," ",0,0,0,0,1,0,0,1,0,0,0,0,0,0,0,0,0,4736,"CELSO GARCIA, AV",27094,"SALIM FARAH MALUF, AV",8,"BELEM",1,0,"SALIM FARAH MALUF, AV SAO PAULO SP &  CELSO GARCIA, AV SAO PAULO SP",-23.5555392,-46.5773751
"6364","D041300489",6326,"ELIAS MACHADO, RUA DR",NA,"",57,"","07/04/2013 16:06",2,"CO",83,2943," "," ",1,1,0,0,0,0,0,0,0,0,0,0,0,0,0,0,0,6326,"ELIAS MACHADO, RUA DR",NA,"",21,"CASA VERDE",1,0,"ELIAS MACHADO, RUA DR 57 SAO PAULO SP",-23.6403065,-46.6105315
"6365","D041301979",21486,"PAULINO PACHECO DE MELLO, RUA",NA,"",10,"","07/04/2013 16:30",2,"CO",67,991," "," ",0,0,0,0,1,0,0,0,0,0,0,0,0,0,0,1,0,21486,"PAULINO PACHECO DE MELLO, RUA",NA,"",50,"LIMAO",1,0,"PAULINO PACHECO DE MELLO, RUA 10 SAO PAULO SP",-23.5209046,-46.4137401
"6366","D041302203",14743,"SABARA, AV NSRA DO",NA,"",783,"","07/04/2013 16:46",2,"CT",11,3833," "," ",0,1,1,1,0,0,0,0,0,0,0,0,0,0,0,0,0,14743,"SABARA, AV NSRA DO",NA,"",16,"CAMPO GRANDE",1,1,"SABARA, AV NSRA DO 783 SAO PAULO SP",-23.5505199,-46.6333094
"6367","D041300766",78774,"MARCIO AKIRA MIURA, RUA",NA,"",160,"","07/04/2013 16:51",4,"AT",37,2833," "," ",0,0,0,0,0,0,0,0,0,0,0,0,0,0,0,1,0,78774,"MARCIO AKIRA MIURA, RUA",NA,"",29,"FREGUESIA DO O",1,0,"MARCIO AKIRA MIURA, RUA 160 SAO PAULO SP",-23.6428585,-46.7474496
"6369","D041301661",41532,"OLGA BENARIO, RUA",NA,"",1,"","07/04/2013 17:25",2,"CO",85,2049," "," ",0,1,1,0,0,0,0,0,0,0,0,0,0,0,0,0,0,41532,"OLGA BENARIO, RUA",NA,"",40,"JAGUARE",1,0,"OLGA BENARIO, RUA 1 SAO PAULO SP",-23.4627078,-46.6814255
"6371","D041300744",7500,"FRANCISCO MORATO, AV PROF",21626,"HEITOR BASTOS TIGRE, RUA MIN",0,"","07/04/2013 18:30",2,"CO",34,2825," "," ",1,1,0,0,0,0,0,0,0,0,0,0,0,0,0,0,0,7500,"FRANCISCO MORATO, AV PROF",21626,"HEITOR BASTOS TIGRE, RUA MIN",96,"VILA SONIA",1,0,"FRANCISCO MORATO, AV PROF SAO PAULO SP &  HEITOR BASTOS TIGRE, RUA MIN SAO PAULO SP",-23.5789486,-46.7103326
"6372","D041300099",16028,"PEIXOTO GOMIDE, RUA",4120,"CANECA, RUA FREI",0,"","07/04/2013 20:10",4,"AT",4,2769," "," ",0,1,0,0,0,0,0,0,0,0,0,0,0,0,0,0,0,4120,"CANECA, RUA FREI",16028,"PEIXOTO GOMIDE, RUA",26,"CONSOLACAO",1,0,"PEIXOTO GOMIDE, RUA SAO PAULO SP &  CANECA, RUA FREI SAO PAULO SP",-23.5582226,-46.6551955
"6374","D041301958",46539,"CAMPANELLA ANTONIO, RUA",NA,"",1602,"","07/04/2013 21:15",2,"CT",64,3635," "," ",1,1,0,0,0,0,0,0,0,0,0,0,0,0,0,0,0,46539,"CAMPANELLA ANTONIO, RUA",NA,"",28,"ERMELINO MATARA",1,0,"CAMPANELLA ANTONIO, RUA 1602 SAO PAULO SP",-23.4983335,-46.4813063
"6375","D041302005",15165,"OSVALDO DE OLIVEIRA, AV PROF",NA,"",437,"","07/04/2013 22:00",2,"QD",103,2529," "," ",0,0,0,0,0,0,0,0,1,0,0,0,0,0,0,0,0,15165,"OSVALDO DE OLIVEIRA, AV PROF",NA,"",51,"MANDAQUI",1,0,"OSVALDO DE OLIVEIRA, AV PROF 437 SAO PAULO SP",-23.5425733,-46.4297166
"6376","D041300767",74182,"CARDOSO MOREIRA, RUA",67351,"NELSON BRISSAC, RUA",0,"","07/04/2013 22:00",2,"CO",37,2869," "," ",1,1,0,0,0,0,0,0,0,0,0,0,0,0,0,0,0,67351,"NELSON BRISSAC, RUA",74182,"CARDOSO MOREIRA, RUA",17,"CAMPO LIMPO",1,0,"CARDOSO MOREIRA, RUA SAO PAULO SP &  NELSON BRISSAC, RUA SAO PAULO SP",-23.6303682,-46.7588777
"6377","D041300893",8155,"GOULART DE OLIVEIRA, RUA",NA,"",100,"","07/04/2013 22:53",2,"CH",87,3218," "," ",0,1,0,0,0,0,0,0,0,0,0,0,0,0,0,1,0,8155,"GOULART DE OLIVEIRA, RUA",NA,"",29,"FREGUESIA DO O",1,0,"GOULART DE OLIVEIRA, RUA 100 SAO PAULO SP",-23.4714044,-46.7090109
"6378","D041300200",14317,"MUNIZ DE SOUSA, RUA",NA,"",971,"","07/04/2013 23:41",4,"AT",6,2579," "," ",0,0,0,0,0,0,0,0,0,0,0,0,0,0,0,1,0,14317,"MUNIZ DE SOUSA, RUA",NA,"",12,"BUTANTA",1,0,"MUNIZ DE SOUSA, RUA 971 SAO PAULO SP",-23.5713232,-46.6281087
"6379","D041302217",14317,"MUNIZ DE SOUSA, RUA",NA,"",971,"","07/04/2013 23:41",4,"AT",14,3380," "," ",0,0,0,0,0,0,0,0,0,0,0,0,0,0,0,1,0,14317,"MUNIZ DE SOUSA, RUA",NA,"",12,"BUTANTA",0,1,"MUNIZ DE SOUSA, RUA 971 SAO PAULO SP",-23.5713232,-46.6281087
"6380","D041300312",6013,"DOMINGOS DE MORAIS, RUA",3502,"BORGES LAGOA, RUA",0,"","07/04/2013 23:45",2,"CF",16,4572," "," ",1,1,0,0,0,0,0,0,0,0,0,1,0,0,0,0,0,3502,"BORGES LAGOA, RUA",6013,"DOMINGOS DE MORAIS, RUA",92,"VILA MARIANA",1,0,"DOMINGOS DE MORAIS, RUA SAO PAULO SP &  BORGES LAGOA, RUA SAO PAULO SP",-23.591806,-46.6362643
"6382","D041302054",9044,"RAGUEB CHOHFI, AV",NA,"",1395,"","08/04/2013 00:56",2,"CT",49,4676," "," ",2,0,0,0,0,0,0,0,0,0,0,0,0,0,0,0,0,9044,"RAGUEB CHOHFI, AV",NA,"",32,"IGUATEMI",3,0,"RAGUEB CHOHFI, AV 1395 SAO PAULO SP",-23.6003016,-46.4702065
"6383","D041301959",10249,"JOAO DE MIRANDA, RUA",NA,"",100,"","08/04/2013 01:30",2,"QM",64,3637," "," ",0,1,0,0,0,0,0,0,0,0,0,0,0,0,0,0,0,10249,"JOAO DE MIRANDA, RUA",NA,"",53,"MOEMA",1,0,"JOAO DE MIRANDA, RUA 100 SAO PAULO SP",-23.523713,-46.4459526
"6384","D041301914",2429,"ASSIS RIBEIRO, RUA DR",NA,"",8428,"","08/04/2013 05:20",4,"AT",62,1389," "," ",0,0,0,0,0,0,0,0,0,0,0,0,0,0,1,0,0,2429,"ASSIS RIBEIRO, RUA DR",NA,"",28,"ERMELINO MATARA",1,0,"ASSIS RIBEIRO, RUA DR 8428 SAO PAULO SP",-23.4856011,-46.4814139
"6385","D041301613",6334,"ELLIS MAAS, AV",NA,"",583,"","08/04/2013 06:37",2,"CO",47,4347," "," ",0,1,0,0,0,0,0,0,0,0,0,1,0,0,0,0,0,6334,"ELLIS MAAS, AV",NA,"",19,"CAPAO REDONDO",1,0,"ELLIS MAAS, AV 583 SAO PAULO SP",-23.6652472,-46.770605
"6386","D041300864",16878,"RAPOSO TAVARES, VIA",NA,"",16000,"","08/04/2013 06:40",2,"TB",75,1530," "," ",0,0,0,0,0,0,0,0,1,0,0,0,0,0,0,0,0,16878,"RAPOSO TAVARES, VIA",NA,"",13,"CACHOEIRINHA",1,0,"RAPOSO TAVARES, VIA 16000 SAO PAULO SP",-23.5223375,-48.4879815
"6387","D041300313",66,"ABRAAO DE MORAIS, AV PROF",4843,"CHAGAS SANTOS, RUA GAL",0,"","08/04/2013 07:00",2,"CT",16,4579," "," ",0,1,0,0,0,0,0,0,0,0,0,0,0,1,0,0,0,66,"ABRAAO DE MORAIS, AV PROF",4843,"CHAGAS SANTOS, RUA GAL",79,"SAUDE",2,0,"ABRAAO DE MORAIS, AV PROF SAO PAULO SP &  CHAGAS SANTOS, RUA GAL SAO PAULO SP",-23.6072122,-46.6270066
"6388","D041300550",2235,"ARMANDO DE ARRUDA PEREIRA, AV ENG",8041,"GODOFREDO BRAGA, RUA",0,"","08/04/2013 07:00",4,"AT",97,997," "," ",0,1,0,0,0,0,0,0,0,0,0,0,0,0,0,0,0,2235,"ARMANDO DE ARRUDA PEREIRA, AV ENG",8041,"GODOFREDO BRAGA, RUA",37,"JABAQUARA",3,0,"ARMANDO DE ARRUDA PEREIRA, AV ENG SAO PAULO SP &  GODOFREDO BRAGA, RUA SAO PAULO SP",-23.6342719,-46.6414387
"6389","D041300281",12165,"LUIS ANTONIO, AV BRIG",6651,"ESTADOS UNIDOS, RUA",0,"","08/04/2013 07:10",2,"CO",78,2779," "," ",0,1,0,0,0,0,0,0,0,0,0,1,0,0,0,0,0,10629,"ESTENIO ALBUQUERQUE LIMA, AV MAL",12165,"LUIS ANTONIO, AV BRIG",53,"MOEMA",1,0,"LUIS ANTONIO, AV BRIG SAO PAULO SP &  ESTADOS UNIDOS, RUA SAO PAULO SP",-23.5699897,-46.6512614
"6390","D041302216",12165,"LUIS ANTONIO, AV BRIG",6651,"ESTADOS UNIDOS, RUA",0,"","08/04/2013 07:10",2,"CO",14,3370," "," ",1,1,0,0,0,0,0,0,0,0,0,0,0,0,0,0,0,10629,"ESTENIO ALBUQUERQUE LIMA, AV MAL",12165,"LUIS ANTONIO, AV BRIG",53,"MOEMA",0,1,"LUIS ANTONIO, AV BRIG SAO PAULO SP &  ESTADOS UNIDOS, RUA SAO PAULO SP",-23.5699897,-46.6512614
"6392","D041300592",6897,"FARIA LIMA, AV BRIG",6819,"EUSEBIO MATOSO, AV",0,"","08/04/2013 07:25",2,"QM",14,3335," "," ",0,1,0,0,0,0,0,0,0,0,0,0,0,0,0,0,0,6897,"FARIA LIMA, AV BRIG",16919,"REBOUCAS, AV",63,"PINHEIROS",1,0,"FARIA LIMA, AV BRIG SAO PAULO SP &  EUSEBIO MATOSO, AV SAO PAULO SP",-23.5786046,-46.685823
"6393","D041301411",34122,"MELO FREIRE, RUA",NA,"",10,"","08/04/2013 07:30",2,"QM",30,1092,"C"," ",0,1,0,0,0,0,0,0,0,0,0,0,0,0,0,0,0,34122,"MELO FREIRE, RUA",NA,"",27,"CURSINO",1,0,"MELO FREIRE, RUA 10 SAO PAULO SP",-23.6994297,-46.6346992
"6394","D041301234",75398,"TOMAS RABELO E SILVA, AV",NA,"",300,"","08/04/2013 07:30",2,"CO",45,830," "," ",1,1,0,0,0,0,0,0,0,0,0,0,0,0,0,0,0,75398,"TOMAS RABELO E SILVA, AV",NA,"",0,"NULL",1,0,"TOMAS RABELO E SILVA, AV 300 SAO PAULO SP",-23.473935,-46.7026849
"6395","D041300910",13014,"MARGINAL DO RIO PINHEIROS, AV",NA,"",1000,"","08/04/2013 07:42",4,"AT",89,2849," "," ",0,0,1,0,0,0,0,0,0,0,0,0,0,0,0,0,0,13014,"MARGINAL DO RIO PINHEIROS, AV",NA,"",40,"JAGUARE",1,0,"MARGINAL DO RIO PINHEIROS, AV 1000 SAO PAULO SP",-23.6153281,-46.8446469
"6396","D041300481",13915,"MIGUEL ESTEFANO, AV",NA,"",2533,"","08/04/2013 07:43",2,"CO",83,848," "," ",1,1,0,0,0,0,0,0,0,0,0,0,0,0,0,0,0,13915,"MIGUEL ESTEFANO, AV",NA,"",27,"CURSINO",1,0,"MIGUEL ESTEFANO, AV 2533 SAO PAULO SP",-23.6351696,-46.6271933
"6397","D041301349",18724,"TARUMA, AV",NA,"",34,"","08/04/2013 07:45",4,"AT",10,3873," "," ",1,0,0,0,0,0,0,0,0,0,0,0,0,0,0,0,0,18724,"TARUMA, AV",NA,"",41,"JARAGUA",1,0,"TARUMA, AV 34 SAO PAULO SP",-23.5078385,-46.5262245
"6398","D041301672",29819,"ANTONIO RAMOS, RUA",NA,"",147,"","08/04/2013 08:10",4,"AT",92,2208," "," ",0,1,0,0,0,0,0,0,0,0,0,0,0,0,0,0,0,29819,"ANTONIO RAMOS, RUA",NA,"",53,"MOEMA",1,0,"ANTONIO RAMOS, RUA 147 SAO PAULO SP",-23.6261033,-46.4730348
"6399","D041300939",16726,"QUEIROZ FILHO, AV",NA,"",984,"","08/04/2013 08:20",2,"CO",91,1857," "," ",0,2,0,0,0,0,0,0,0,0,0,0,0,0,0,0,0,16726,"QUEIROZ FILHO, AV",NA,"",14,"CAMBUCI",1,0,"QUEIROZ FILHO, AV 984 SAO PAULO SP",-23.6722368,-46.5044783
"6400","D041302149",43404,"VILANOVA ARTIGAS, AV ARQ",NA,"",730,"","08/04/2013 08:40",4,"AT",69,3519,"C"," ",0,0,1,0,0,0,0,0,0,0,0,0,0,0,0,0,0,43404,"VILANOVA ARTIGAS, AV ARQ",NA,"",56,"PARELHEIROS",1,0,"VILANOVA ARTIGAS, AV ARQ 730 SAO PAULO SP",-23.5505199,-46.6333094
"6401","D041301281",6224,"EDU CHAVES, AV",NA,"",587,"","08/04/2013 08:54",4,"AT",73,3585,"B"," ",1,0,0,0,0,0,0,0,0,0,0,0,0,0,0,0,0,6224,"EDU CHAVES, AV",NA,"",38,"JACANA",1,0,"EDU CHAVES, AV 587 SAO PAULO SP",-23.4726556,-46.5714599
"6402","D041301051",19884,"VOLUNTARIOS DA PATRIA, RUA",NA,"",3000,"","08/04/2013 09:00",2,"CO",13,3761,"B"," ",1,1,0,0,0,0,0,0,0,0,0,0,0,0,0,0,0,19884,"VOLUNTARIOS DA PATRIA, RUA",NA,"",8,"BELEM",1,0,"VOLUNTARIOS DA PATRIA, RUA 3000 SAO PAULO SP",-23.4937754,-46.6261576
"6404","D041301707",34276,"EMERICO RICHTER, AV",NA,"",200,"","08/04/2013 09:15",2,"CT",98,1578," "," ",1,1,0,0,0,0,0,0,0,0,0,0,0,0,0,0,0,34276,"EMERICO RICHTER, AV",NA,"",29,"FREGUESIA DO O",1,0,"EMERICO RICHTER, AV 200 SAO PAULO SP",-23.6971314,-46.673423
"6405","D041300909",7180,"FLAVIO AMERICO MAURANO, RUA DR",NA,"",966,"","08/04/2013 09:30",2,"SI",89,2847," "," ",1,1,0,0,0,0,0,0,0,0,0,0,0,0,0,0,0,7180,"FLAVIO AMERICO MAURANO, RUA DR",NA,"",55,"MORUMBI",1,0,"FLAVIO AMERICO MAURANO, RUA DR 966 SAO PAULO SP",-23.611972,-46.7218899
"6407","D041301839",13881,"MIGUEL, AV S",NA,"",2959,"","08/04/2013 09:58",2,"CO",24,1813," "," ",2,0,0,0,0,0,0,0,0,0,0,0,0,0,0,0,0,13881,"MIGUEL, AV S",NA,"",65,"PONTE RASA",1,0,"MIGUEL, AV S 2959 SAO PAULO SP",-23.5108602,-46.5027188
"6408","D041301951",3994,"CAMPANELLA, AV",NA,"",566,"","08/04/2013 10:00",2,"CO",64,2902," "," ",2,0,0,0,0,0,0,0,0,0,0,1,0,0,0,0,0,3994,"CAMPANELLA, AV",NA,"",36,"ITAQUERA",1,0,"CAMPANELLA, AV 566 SAO PAULO SP",-23.5364955,-46.4690669
"6409","D041300518",6238,"NACOES UNIDAS, AV DAS",65100,"JOEL CARLOS BORGES, RUA",0,"","08/04/2013 10:00",2,"CO",96,1589," "," ",0,2,0,0,0,0,0,0,0,0,0,0,0,0,0,0,0,6238,"NACOES UNIDAS, AV DAS",65100,"JOEL CARLOS BORGES, RUA",34,"ITAIM BIBI",1,0,"NACOES UNIDAS, AV DAS SAO PAULO SP &  JOEL CARLOS BORGES, RUA SAO PAULO SP",-23.5735935,-46.7008864
"6410","D041300565",4781,"CERRO CORA, RUA",NA,"",1645,"","08/04/2013 10:26",2,"CO",7,2229," "," ",1,1,0,0,0,0,0,0,0,0,0,0,0,0,0,0,0,4781,"CERRO CORA, RUA",NA,"",48,"LAPA",1,0,"CERRO CORA, RUA 1645 SAO PAULO SP",-23.5357795,-46.7105693
"6411","D041300412",36098,"AFFONSO D'ESCRAGNOLLE TAUNAY, AV",NA,"",508,"","08/04/2013 10:30",2,"CO",35,3082," "," ",1,1,0,0,0,0,0,0,0,0,0,0,0,0,0,0,0,36098,"AFFONSO D'ESCRAGNOLLE TAUNAY, AV",NA,"",24,"CIDADE LIDER",1,0,"AFFONSO D'ESCRAGNOLLE TAUNAY, AV 508 SAO PAULO SP",-23.6294696,-46.6389741
"6412","D041300993",10622,"JOAQUINA RAMALHO, AV",NA,"",1,"","08/04/2013 10:38",2,"CO",9,2053," "," ",1,0,0,0,0,0,0,0,1,0,0,0,0,0,0,0,0,10622,"JOAQUINA RAMALHO, AV",NA,"",88,"VILA GUILHERME",1,0,"JOAQUINA RAMALHO, AV 1 SAO PAULO SP",-23.5162456,-46.6086666