"","id_acidente","codloga","logradouroA","codlogb","logradouroB","alt_num","referencia","data","cod_acid","tipo_acidente","dp","numero_BO","sentido","pista","automovel","moto","onibus","caminhao","bicicleta","moto_taxi","onibus_fretado","onibus_urbano","microonibus","van","vuc","caminhonete","carreta","jipe","outros","sem_informacao","carroca","princ_a","paiA","princ_b","paiB","cod_distrito","distrito","vit_ferida","vit_morta","local","lat","lon"
"6659","D041301548",10270,"JOAO DIAS, AV",NA,"",9999,"","11/04/2013 15:46",2,"CO",11,4005," "," ",1,1,0,0,0,0,0,0,0,0,0,0,0,0,0,0,0,10270,"JOAO DIAS, AV",NA,"",72,"SANTO AMARO",1,0,"JOAO DIAS, AV 9999 SAO PAULO SP",-23.6430752,-46.736372
"6660","D041302109",17824,"SAPOPEMBA, AV",NA,"",19000,"","11/04/2013 16:00",4,"AT",55,1517," "," ",1,0,0,0,0,0,0,0,0,0,0,0,0,0,0,0,0,17824,"SAPOPEMBA, AV",NA,"",33,"IPIRANGA",1,0,"SAPOPEMBA, AV 19000 SAO PAULO SP",-23.6228321,-46.4438559
"6661","D041300397",14531,"NHAMBIQUARAS, AL DOS",121,"ACOCE, AV",0,"","11/04/2013 16:00",4,"AT",27,3749," "," ",1,0,0,0,0,0,0,0,0,0,0,0,0,0,0,0,0,121,"ACOCE, AV",14531,"NHAMBIQUARAS, AL DOS",53,"MOEMA",1,0,"NHAMBIQUARAS, AL DOS SAO PAULO SP &  ACOCE, AV SAO PAULO SP",-23.6008685,-46.6535551
"6662","D041301484",8955,"IBITIRAMA, RUA",NA,"",1324,"","11/04/2013 16:15",2,"CO",56,2277," "," ",1,1,0,0,0,0,0,0,0,0,0,0,0,0,0,0,0,8955,"IBITIRAMA, RUA",NA,"",95,"VILA PRUDENTE",1,0,"IBITIRAMA, RUA 1324 SAO PAULO SP",-23.5914336,-46.5804435
"6663","D041301485",15047,"ORFANATO, RUA",NA,"",204,"","11/04/2013 16:30",4,"AT",56,2280," "," ",1,0,0,0,0,0,0,0,0,0,0,0,0,0,0,0,0,15047,"ORFANATO, RUA",NA,"",33,"IPIRANGA",1,0,"ORFANATO, RUA 204 SAO PAULO SP",-23.5806263,-46.5833369
"6664","D041300595",5885,"DIOGENES RIBEIRO DE LIMA, AV",NA,"",481,"","11/04/2013 16:33",4,"AT",14,3488," "," ",0,0,0,0,0,0,0,0,0,0,0,1,0,0,0,0,0,5885,"DIOGENES RIBEIRO DE LIMA, AV",NA,"",2,"ALTO DE PINHEIR",1,0,"DIOGENES RIBEIRO DE LIMA, AV 481 SAO PAULO SP",-23.5514643,-46.7064011
"6665","D041300958",13854,"MERGENTHALER, RUA",15217,"OTHAO, RUA",0,"","11/04/2013 16:40",2,"CO",91,4015," "," ",1,0,0,1,0,0,0,0,0,0,0,0,0,0,0,0,0,13854,"MERGENTHALER, RUA",15217,"OTHAO, RUA",90,"VILA LEOPOLDINA",1,0,"MERGENTHALER, RUA SAO PAULO SP &  OTHAO, RUA SAO PAULO SP",-23.5296704,-46.738979
"6666","D041300017",13853,"MERCURIO, AV",23087,"DIARIO POPULAR, VD",0,"","11/04/2013 16:56",2,"CO",1,2988,"C"," ",1,0,0,0,0,0,0,1,0,0,0,0,0,0,0,0,0,7786,"GASOMETRO, RUA DO",13853,"MERCURIO, AV",80,"SE",1,0,"MERCURIO, AV SAO PAULO SP &  DIARIO POPULAR, VD SAO PAULO SP",-23.5422333,-46.6273817
"6667","D041301774",12403,"M'BOI MIRIM, ES",NA,"",5700,"","11/04/2013 17:00",2,"CH",100,4548," "," ",0,0,1,0,0,0,0,0,0,0,0,0,0,0,0,0,0,12403,"M'BOI MIRIM, ES",NA,"",42,"JARDIM ANGELA",9,0,"M'BOI MIRIM, ES 5700 SAO PAULO SP",-23.5505199,-46.6333094
"6668","D041300747",7500,"FRANCISCO MORATO, AV PROF",NA,"",580,"","11/04/2013 17:10",2,"CT",34,2970," "," ",2,1,0,0,0,0,0,0,0,0,0,0,0,0,0,0,0,7500,"FRANCISCO MORATO, AV PROF",NA,"",12,"BUTANTA",1,0,"FRANCISCO MORATO, AV PROF 580 SAO PAULO SP",-23.5765319,-46.7077132
"6669","D041300041",1421,"ANHAIA, RUA",18038,"SERGIO TOMAS, RUA",0,"","11/04/2013 17:15",4,"AT",2,2046,"C"," ",1,0,0,0,0,0,0,0,0,0,0,0,0,0,0,0,0,1421,"ANHAIA, RUA",18038,"SERGIO TOMAS, RUA",9,"BOM RETIRO",1,0,"ANHAIA, RUA SAO PAULO SP &  SERGIO TOMAS, RUA SAO PAULO SP",-23.5244032,-46.6450034
"6670","D041300568",4781,"CERRO CORA, RUA",NA,"",1173,"","11/04/2013 17:30",2,"CO",7,2357," "," ",1,1,0,0,0,0,0,0,0,0,0,0,0,0,0,0,0,4781,"CERRO CORA, RUA",NA,"",48,"LAPA",1,0,"CERRO CORA, RUA 1173 SAO PAULO SP",-23.5386073,-46.7080611
"6671","D041301172",15426,"PARADA PINTO, AV",NA,"",2464,"","11/04/2013 17:30",2,"CO",38,1868," "," ",1,1,0,0,0,0,0,0,0,0,0,0,0,0,0,0,0,15426,"PARADA PINTO, AV",NA,"",8,"BELEM",1,0,"PARADA PINTO, AV 2464 SAO PAULO SP",-23.4695952,-46.6473685
"6672","D041300136",4568,"CASTRO ALVES, RUA",NA,"",920,"","11/04/2013 18:00",4,"AT",5,2904," "," ",1,0,0,0,0,0,0,0,0,0,0,0,0,0,0,0,0,4568,"CASTRO ALVES, RUA",NA,"",49,"LIBERDADE",1,0,"CASTRO ALVES, RUA 920 SAO PAULO SP",-23.5725507,-46.6336352
"6673","D041301864",19133,"PAULO LOPES DE LEAO, RUA",NA,"",482,"","11/04/2013 18:05",2,"CO",32,2352," "," ",2,0,0,0,0,0,0,0,0,0,0,0,0,0,0,0,0,19133,"PAULO LOPES DE LEAO, RUA",NA,"",51,"MANDAQUI",1,0,"PAULO LOPES DE LEAO, RUA 482 SAO PAULO SP",-23.5331192,-46.4467401
"6674","D041300315",6013,"DOMINGOS DE MORAIS, RUA",NA,"",3114,"","11/04/2013 18:15",4,"AT",16,4784," "," ",1,0,0,0,0,0,0,0,0,0,0,0,0,0,0,0,0,6013,"DOMINGOS DE MORAIS, RUA",NA,"",92,"VILA MARIANA",1,0,"DOMINGOS DE MORAIS, RUA 3114 SAO PAULO SP",-23.6038319,-46.6369694
"6676","D041301828",14975,"OLIVEIRA FREIRE, AV",NA,"",100,"","11/04/2013 19:00",2,"CO",22,2674," "," ",1,1,0,0,0,0,0,0,0,0,0,0,0,0,0,0,0,14975,"OLIVEIRA FREIRE, AV",NA,"",53,"MOEMA",1,0,"OLIVEIRA FREIRE, AV 100 SAO PAULO SP",-23.485117,-46.4347077
"6677","D041301549",10270,"JOAO DIAS, AV",18713,"TAQUES BITENCOURT, RUA VIG",0,"","11/04/2013 19:10",4,"AT",11,4006," "," ",0,0,0,0,0,0,0,1,0,0,0,0,0,0,0,0,0,10270,"JOAO DIAS, AV",18713,"TAQUES BITENCOURT, RUA VIG",72,"SANTO AMARO",1,0,"JOAO DIAS, AV SAO PAULO SP &  TAQUES BITENCOURT, RUA VIG SAO PAULO SP",-23.6448965,-46.7188468
"6678","D041300426",2235,"ARMANDO DE ARRUDA PEREIRA, AV ENG",NA,"",1100,"","11/04/2013 19:20",2,"QM",35,4789," "," ",0,1,0,0,0,0,0,0,0,0,0,0,0,0,0,0,0,2235,"ARMANDO DE ARRUDA PEREIRA, AV ENG",NA,"",37,"JABAQUARA",1,0,"ARMANDO DE ARRUDA PEREIRA, AV ENG 1100 SAO PAULO SP",-23.6375136,-46.6413343
"6679","D041301727",852,"ALVARENGA, ES DO",NA,"",1469,"","11/04/2013 19:35",2,"CO",98,900062," "," ",0,1,0,0,0,0,0,0,0,0,0,1,0,0,0,0,0,852,"ALVARENGA, ES DO",NA,"",59,"PEDREIRA",1,0,"ALVARENGA, ES DO 1469 SAO PAULO SP",-23.5505199,-46.6333094
"6680","D041300984",20927,"MIGUEL DAMIANI, RUA PAST",NA,"",30,"","11/04/2013 19:40",4,"AT",93,3496," "," ",0,0,0,0,0,0,0,1,0,0,0,0,0,0,0,0,0,20927,"MIGUEL DAMIANI, RUA PAST",NA,"",13,"CACHOEIRINHA",1,0,"MIGUEL DAMIANI, RUA PAST 30 SAO PAULO SP",-23.5505199,-46.6333094
"6681","D041301021",10622,"JOAQUINA RAMALHO, AV",NA,"",289,"","11/04/2013 20:00",4,"AT",9,3274," "," ",0,0,0,0,0,0,0,0,0,0,0,1,0,0,0,0,0,10622,"JOAQUINA RAMALHO, AV",NA,"",88,"VILA GUILHERME",2,0,"JOAQUINA RAMALHO, AV 289 SAO PAULO SP",-23.5139786,-46.6073998
"6682","D041300103",5245,"CONSOLACAO, RUA DA",NA,"",1800,"","11/04/2013 20:01",4,"AT",4,2907," "," ",0,1,0,0,0,0,0,0,0,0,0,0,0,0,0,0,0,5245,"CONSOLACAO, RUA DA",NA,"",26,"CONSOLACAO",2,0,"CONSOLACAO, RUA DA 1800 SAO PAULO SP",-23.551892,-46.6578707
"6683","D041301550",9647,"ITU, RUA CD DE",NA,"",1020,"","11/04/2013 20:04",2,"CF",11,4009," "," ",1,1,0,0,0,0,0,0,0,0,0,0,0,0,0,0,0,9647,"ITU, RUA CD DE",NA,"",72,"SANTO AMARO",1,0,"ITU, RUA CD DE 1020 SAO PAULO SP",-23.5505199,-46.6333094
"6684","D041301648",16026,"PEIXOTO DE MELO FILHO, RUA",NA,"",257,"","11/04/2013 20:34",4,"AT",80,3920," "," ",0,1,0,0,0,0,0,0,0,0,0,0,0,0,0,0,0,16026,"PEIXOTO DE MELO FILHO, RUA",NA,"",29,"FREGUESIA DO O",1,0,"PEIXOTO DE MELO FILHO, RUA 257 SAO PAULO SP",-23.6820666,-46.6635493
"6685","D041301458",15032,"ORATORIO, AV DO",NA,"",3213,"","11/04/2013 21:15",2,"CO",42,2285," "," ",4,0,0,0,0,0,0,0,0,0,0,0,0,0,0,0,0,15032,"ORATORIO, AV DO",NA,"",26,"CONSOLACAO",1,0,"ORATORIO, AV DO 3213 SAO PAULO SP",-23.5976518,-46.5409387
"6686","D041302220",10177,"JOAO BOEMER, RUA",4736,"CELSO GARCIA, AV",0,"","11/04/2013 21:30",4,"AT",14,3579," "," ",1,0,0,0,0,0,0,0,0,0,0,0,0,0,0,0,0,4736,"CELSO GARCIA, AV",10177,"JOAO BOEMER, RUA",8,"BELEM",0,1,"JOAO BOEMER, RUA SAO PAULO SP &  CELSO GARCIA, AV SAO PAULO SP",-23.5312342,-46.6130982
"6687","D041302179",5794,"DEDALEIRO, RUA",3551,"GASCO PIETRO, RUA",0,"","11/04/2013 21:40",2,"CH",14,3492,"C"," ",1,0,0,0,0,0,0,0,0,0,0,0,0,0,0,0,0,3551,"GASCO PIETRO, RUA",5794,"DEDALEIRO, RUA",68,"RIO PEQUENO",0,1,"DEDALEIRO, RUA SAO PAULO SP &  GASCO PIETRO, RUA SAO PAULO SP",-23.5664876,-46.7603857
"6688","D041302249",14767,"NOVA CANTAREIRA, AV",NA,"",3839,"","11/04/2013 22:33",2,"CO",20,994,"C"," ",1,1,0,0,0,0,0,0,0,0,0,0,0,0,0,0,0,14767,"NOVA CANTAREIRA, AV",NA,"",83,"TREMEMBE",0,1,"NOVA CANTAREIRA, AV 3839 SAO PAULO SP",-23.467124,-46.6164269
"6689","D041301110",14767,"NOVA CANTAREIRA, AV",NA,"",3839,"","11/04/2013 22:33",2,"CO",20,3276," "," ",1,1,0,0,0,0,0,0,0,0,0,0,0,0,0,0,0,14767,"NOVA CANTAREIRA, AV",NA,"",83,"TREMEMBE",1,0,"NOVA CANTAREIRA, AV 3839 SAO PAULO SP",-23.467124,-46.6164269
"6690","D041300748",16337,"ELISEU DE ALMEIDA, AV",NA,"",3617,"","11/04/2013 23:00",2,"CT",34,2573," "," ",1,1,0,0,0,0,0,0,0,0,0,0,0,0,0,0,0,16337,"ELISEU DE ALMEIDA, AV",NA,"",0,"NULL",1,0,"ELISEU DE ALMEIDA, AV 3617 SAO PAULO SP",-23.5910716,-46.7378699
"6691","D041301886",4974,"COROA DE FRADE, AV",NA,"",700,"","11/04/2013 23:05",2,"CO",32,3835," "," ",1,0,0,0,0,0,0,0,0,0,0,0,0,0,0,0,0,4974,"COROA DE FRADE, AV",NA,"",47,"LAJEADO",2,0,"COROA DE FRADE, AV 700 SAO PAULO SP",-23.5242302,-46.4305096
"6692","D041301805",16247,"PINEDO, AV DE",10232,"JOAO DE BARROS, AV",0,"","11/04/2013 23:33",2,"QM",102,4018," "," ",0,1,0,0,0,0,0,0,0,0,0,0,0,0,0,0,0,10232,"JOAO DE BARROS, AV",16247,"PINEDO, AV DE",81,"SOCORRO",1,0,"PINEDO, AV DE SAO PAULO SP &  JOAO DE BARROS, AV SAO PAULO SP",-23.6700344,-46.7146953
"6693","D041301410",8144,"GOPIARA, RUA",12588,"MANDIUBA, RUA",0,"","12/04/2013 01:50",2,"CO",29,1486," "," ",1,1,0,0,0,0,0,0,0,0,0,0,0,0,0,0,0,8144,"GOPIARA, RUA",12588,"MANDIUBA, RUA",1,"AGUA RASA",1,0,"GOPIARA, RUA SAO PAULO SP &  MANDIUBA, RUA SAO PAULO SP",-23.5747352,-46.5675809
"6694","D041301450",24338,"LUIZ IGNACIO ANHAIA MELLO, AV PROF",NA,"",3350,"","12/04/2013 02:10",2,"CO",42,1327," "," ",0,2,0,0,0,0,0,0,0,0,0,0,0,0,0,0,0,24338,"LUIZ IGNACIO ANHAIA MELLO, AV PROF",NA,"",26,"CONSOLACAO",1,0,"LUIZ IGNACIO ANHAIA MELLO, AV PROF 3350 SAO PAULO SP",-23.5821406,-46.5612234
"6696","D041301140",5947,"EDGAR FACO, AV GAL",NA,"",900,"","12/04/2013 04:36",2,"CO",28,1961," "," ",2,0,1,0,0,0,0,0,0,0,0,0,0,0,0,0,0,5947,"EDGAR FACO, AV GAL",NA,"",64,"PIRITUBA",1,0,"EDGAR FACO, AV GAL 900 SAO PAULO SP",-23.4984642,-46.7066816
"6697","D041300567",5072,"CLELIA, RUA",4593,"CATAO, RUA",0,"","12/04/2013 05:00",2,"CO",7,2337," "," ",0,1,0,0,0,0,0,0,0,0,0,1,0,0,0,0,0,4593,"CATAO, RUA",5072,"CLELIA, RUA",48,"LAPA",1,0,"CLELIA, RUA SAO PAULO SP &  CATAO, RUA SAO PAULO SP",-23.5249704,-46.6908623
"6698","D041300225",4561,"CASTELO BRANCO, AV PRES",NA,"",3700,"","12/04/2013 07:00",2,"SI",12,2044," "," ",1,1,0,0,0,0,0,0,0,0,0,0,0,0,0,0,0,29772,"MARGINAL DO RIO TIETE, AV",NA,"",6,"BARRA FUNDA",1,0,"CASTELO BRANCO, AV PRES 3700 SAO PAULO SP",-23.5196466,-46.6188923
"6699","D041301388",10581,"JOAQUIM MARRA, RUA",NA,"",855,"","12/04/2013 07:15",2,"CT",21,1250," "," ",2,0,1,0,0,0,0,0,0,0,0,0,0,0,0,0,0,10581,"JOAQUIM MARRA, RUA",NA,"",93,"VILA MATILDE",1,0,"JOAQUIM MARRA, RUA 855 SAO PAULO SP",-23.5334473,-46.5213837
"6700","D041301309",16838,"RAIMUNDO PEREIRA DE MAGAL., AV",NA,"",1000,"","12/04/2013 07:17",2,"CO",74,1368," "," ",1,0,0,0,0,0,0,0,0,0,0,1,0,0,0,0,0,16838,"RAIMUNDO PEREIRA DE MAGAL., AV",NA,"",31,"GUAIANASES",3,0,"RAIMUNDO PEREIRA DE MAGAL., AV 1000 SAO PAULO SP",-23.5095869,-46.7150048
"6701","D041301173",4271,"CARIOBA, RUA",15426,"PARADA PINTO, AV",0,"","12/04/2013 07:21",2,"CO",38,1874," "," ",0,1,0,0,0,0,0,0,0,0,0,1,0,0,0,0,0,4271,"CARIOBA, RUA",15426,"PARADA PINTO, AV",51,"MANDAQUI",1,0,"CARIOBA, RUA SAO PAULO SP &  PARADA PINTO, AV SAO PAULO SP",-23.4668547,-46.6356844
"6702","D041302224",4271,"CARIOBA, RUA",15426,"PARADA PINTO, AV",0,"","12/04/2013 07:21",2,"CV",38,3427," "," ",1,1,0,0,0,0,0,0,0,0,0,0,0,0,0,0,0,4271,"CARIOBA, RUA",15426,"PARADA PINTO, AV",51,"MANDAQUI",0,1,"CARIOBA, RUA SAO PAULO SP &  PARADA PINTO, AV SAO PAULO SP",-23.4668547,-46.6356844
"6703","D041300855",16878,"RAPOSO TAVARES, VIA",NA,"",17,"","12/04/2013 07:30",2,"CO",75,1259," "," ",1,0,0,0,1,0,0,0,0,0,0,0,0,0,0,0,0,16878,"RAPOSO TAVARES, VIA",NA,"",13,"CACHOEIRINHA",1,0,"RAPOSO TAVARES, VIA 17 SAO PAULO SP",-23.6219796,-46.6885476
"6704","D041300968",5309,"CORIFEU DE AZEVEDO MARQUES, AV",NA,"",2733,"","12/04/2013 07:47",2,"CT",93,2401," "," ",1,1,0,0,0,0,0,0,0,0,0,0,0,0,0,0,0,5309,"CORIFEU DE AZEVEDO MARQUES, AV",NA,"",12,"BUTANTA",1,0,"CORIFEU DE AZEVEDO MARQUES, AV 2733 SAO PAULO SP",-23.5721251,-46.7392404
"6705","D041301352",7703,"GABRIELA MISTRAL, AV",18465,"SOUSA MELO, RUA",0,"","12/04/2013 07:55",2,"CL",10,4041," "," ",1,0,0,1,0,0,0,0,0,0,0,0,0,0,0,0,0,7703,"GABRIELA MISTRAL, AV",18465,"SOUSA MELO, RUA",NA,"",1,0,"GABRIELA MISTRAL, AV SAO PAULO SP &  SOUSA MELO, RUA SAO PAULO SP",-23.5098584,-46.5505242
"6706","D041300483",13915,"MIGUEL ESTEFANO, AV",NA,"",2000,"","12/04/2013 08:10",2,"CT",83,882," "," ",1,1,0,0,0,0,0,0,0,0,0,0,0,0,0,0,0,13915,"MIGUEL ESTEFANO, AV",NA,"",27,"CURSINO",1,0,"MIGUEL ESTEFANO, AV 2000 SAO PAULO SP",-23.6305269,-46.6276344
"6707","D041301476",24338,"LUIZ IGNACIO ANHAIA MELLO, AV PROF",NA,"",3000,"","12/04/2013 08:20",2,"CO",56,1983," "," ",1,1,0,0,0,0,0,0,0,0,0,0,0,0,0,0,0,24338,"LUIZ IGNACIO ANHAIA MELLO, AV PROF",NA,"",26,"CONSOLACAO",1,0,"LUIZ IGNACIO ANHAIA MELLO, AV PROF 3000 SAO PAULO SP",-23.5823044,-46.5620005
"6708","D041301762",19140,"TRES MARIAS, RUA DAS",NA,"",100,"","12/04/2013 09:10",2,"CP",100,1942," "," ",1,0,0,0,0,0,0,0,0,0,0,0,0,0,0,0,0,19140,"TRES MARIAS, RUA DAS",NA,"",29,"FREGUESIA DO O",2,0,"TRES MARIAS, RUA DAS 100 SAO PAULO SP",-23.7002001,-46.7858783
"6709","D041301583",32541,"PAULO GUILGUER REIMBERG, AV",NA,"",2431,"","12/04/2013 09:20",4,"AT",25,976," "," ",0,1,0,0,0,0,0,0,0,0,0,0,0,0,0,0,0,32541,"PAULO GUILGUER REIMBERG, AV",NA,"",32,"IGUATEMI",1,0,"PAULO GUILGUER REIMBERG, AV 2431 SAO PAULO SP",-23.7762687,-46.6967071
"6710","D041301551",6238,"NACOES UNIDAS, AV DAS",NA,"",16,"","12/04/2013 09:20",2,"CT",11,4031,"C"," ",1,1,0,0,0,0,0,0,0,0,0,0,0,0,0,0,0,13014,"MARGINAL DO RIO PINHEIROS, AV",NA,"",90,"VILA LEOPOLDINA",2,0,"NACOES UNIDAS, AV DAS 16 SAO PAULO SP",-23.6758156,-46.6986994
"6712","D041300722",4989,"CIRCULAR DO BOSQUE, RUA",NA,"",400,"","12/04/2013 09:31",2,"SI",34,2238," "," ",0,1,0,0,0,0,0,0,0,0,0,1,0,0,0,0,0,4989,"CIRCULAR DO BOSQUE, RUA",NA,"",55,"MORUMBI",1,0,"CIRCULAR DO BOSQUE, RUA 400 SAO PAULO SP",-23.5871601,-46.7022205
"6713","D041301259",41766,"CLARA NUNES, RUA",NA,"",155,"","12/04/2013 09:32",4,"AT",72,3201," "," ",0,0,0,0,0,0,0,0,0,0,0,1,0,0,0,0,0,41766,"CLARA NUNES, RUA",NA,"",40,"JAGUARE",1,0,"CLARA NUNES, RUA 155 SAO PAULO SP",-23.4583032,-46.6861634
"6714","D041300596",15893,"PEDRO CRISTI, RUA",12786,"MANOEL CARLOS F. DE ALMEIDA, RUA DR",0,"","12/04/2013 09:35",4,"AT",14,3514," "," ",0,0,0,0,0,0,0,1,0,0,0,0,0,0,0,0,0,12786,"MANOEL CARLOS F. DE ALMEIDA, RUA DR",15893,"PEDRO CRISTI, RUA",63,"PINHEIROS",1,0,"PEDRO CRISTI, RUA SAO PAULO SP &  MANOEL CARLOS F. DE ALMEIDA, RUA DR SAO PAULO SP",-23.5652148,-46.6922333
"6715","D041302180",20048,"YERVANT KISSAJIKIAN, AV",NA,"",1917,"","12/04/2013 10:00",4,"AT",80,1274,"C"," ",1,0,0,0,0,0,0,0,0,0,0,0,0,0,0,0,0,20048,"YERVANT KISSAJIKIAN, AV",NA,"",29,"FREGUESIA DO O",0,1,"YERVANT KISSAJIKIAN, AV 1917 SAO PAULO SP",-23.6747219,-46.6618904
"6716","D041301353",4736,"CELSO GARCIA, AV",9900,"ATALEIA, RUA",0,"","12/04/2013 10:24",2,"CO",10,4044,"C"," ",1,0,0,0,0,0,0,1,0,0,0,0,0,0,0,0,0,4736,"CELSO GARCIA, AV",9900,"ATALEIA, RUA",NA,"",1,0,"CELSO GARCIA, AV SAO PAULO SP &  ATALEIA, RUA SAO PAULO SP",-23.5359522,-46.5717652
"6717","D041301552",999,"SANTO AMARO, AV",NA,"",5355,"","12/04/2013 10:30",2,"CO",11,4043," "," ",0,2,0,0,0,0,0,0,0,0,0,0,0,0,0,0,0,999,"SANTO AMARO, AV",NA,"",34,"ITAIM BIBI",1,0,"SANTO AMARO, AV 5355 SAO PAULO SP",-23.6294514,-46.6894507
"6719","D041300098",5245,"CONSOLACAO, RUA DA",18040,"SERGIPE, RUA",0,"","12/04/2013 11:10",2,"CT",4,2697," "," ",1,0,0,0,1,0,0,0,0,0,0,0,0,0,0,0,0,5245,"CONSOLACAO, RUA DA",18040,"SERGIPE, RUA",26,"CONSOLACAO",1,0,"CONSOLACAO, RUA DA SAO PAULO SP &  SERGIPE, RUA SAO PAULO SP",-23.5471579,-46.6469857
"6720","D041300107",15656,"PAULISTA, AV",NA,"",1500,"","12/04/2013 11:37",2,"SI",4,2962," "," ",0,1,0,0,0,0,0,0,0,0,0,0,0,0,0,1,0,15656,"PAULISTA, AV",NA,"",7,"BELA VISTA",1,0,"PAULISTA, AV 1500 SAO PAULO SP",-23.5621218,-46.6553275
"6721","D041300472",6013,"DOMINGOS DE MORAIS, RUA",NA,"",1700,"","12/04/2013 12:05",2,"QD",36,4583," "," ",0,0,1,0,0,0,0,0,0,0,0,0,0,0,0,0,0,6013,"DOMINGOS DE MORAIS, RUA",NA,"",92,"VILA MARIANA",1,0,"DOMINGOS DE MORAIS, RUA 1700 SAO PAULO SP",-23.591126,-46.6356643
"6723","D041300779",98798,"PRINCIPAL, RUA",NA,"",10,"","12/04/2013 12:20",4,"AT",46,1766," "," ",0,0,0,0,0,0,0,0,0,0,0,1,0,0,0,0,0,98798,"PRINCIPAL, RUA",NA,"",30,"GRAJAU",1,0,"PRINCIPAL, RUA 10 SAO PAULO SP",-23.763847,-46.6773391
"6724","D041301892",17820,"TITO, AV MAL",NA,"",6400,"","12/04/2013 12:45",4,"AT",50,4523," "," ",1,0,0,0,0,0,0,0,0,0,0,0,0,0,0,0,0,17820,"TITO, AV MAL",NA,"",53,"MOEMA",1,0,"TITO, AV MAL 6400 SAO PAULO SP",-23.494972,-46.4122133
"6726","D041300329",11379,"JUNTAS PROVISORIAS, AV",NA,"",407,"","12/04/2013 13:05",2,"CO",17,2094," "," ",0,1,0,1,0,0,0,0,0,0,0,0,0,0,0,0,0,11379,"JUNTAS PROVISORIAS, AV",NA,"",95,"VILA PRUDENTE",1,0,"JUNTAS PROVISORIAS, AV 407 SAO PAULO SP",-23.590484,-46.5974901
"6727","D041301531",11328,"JULIO DE CASTILHOS, RUA",5092,"CLEMENTINO, RUA DR",0,"","12/04/2013 13:15",2,"CO",81,3054," "," ",1,1,0,0,0,0,0,0,0,0,0,0,0,0,0,0,0,5092,"CLEMENTINO, RUA DR",11328,"JULIO DE CASTILHOS, RUA",8,"BELEM",1,0,"JULIO DE CASTILHOS, RUA SAO PAULO SP &  CLEMENTINO, RUA DR SAO PAULO SP",-23.5436623,-46.5985457
"6728","D041300123",25954,"BENEFICENCIA PORTUGUESA, VD",NA,"",50,"","12/04/2013 13:21",4,"AT",5,1974," "," ",1,0,0,0,0,0,0,0,0,0,0,0,0,0,0,0,0,25954,"BENEFICENCIA PORTUGUESA, VD",NA,"",37,"JABAQUARA",1,0,"BENEFICENCIA PORTUGUESA, VD 50 SAO PAULO SP",-23.5401037,-46.6358219
"6729","D041300884",11259,"JOY ARRUDA, RUA DR",NA,"",279,"","12/04/2013 13:30",2,"SI",87,1925," "," ",1,1,0,0,0,0,0,0,0,0,0,0,0,0,0,0,0,11259,"JOY ARRUDA, RUA DR",NA,"",4,"ARICANDUVA",1,0,"JOY ARRUDA, RUA DR 279 SAO PAULO SP",-23.4777429,-46.7140647
"6730","D041301141",10358,"JOAO MACHADO, RUA PROF",NA,"",325,"","12/04/2013 14:00",2,"CH",28,2001," "," ",0,0,0,0,0,0,0,0,0,0,0,1,0,0,0,0,0,10358,"JOAO MACHADO, RUA PROF",NA,"",29,"FREGUESIA DO O",1,0,"JOAO MACHADO, RUA PROF 325 SAO PAULO SP",-23.4980988,-46.7013265
"6731","D041300769",16339,"CARLOS LACERDA, AV",NA,"",1664,"","12/04/2013 14:00",2,"QM",37,3016," "," ",0,1,0,0,0,0,0,0,0,0,0,0,0,0,0,0,0,16339,"CARLOS LACERDA, AV",NA,"",29,"FREGUESIA DO O",1,0,"CARLOS LACERDA, AV 1664 SAO PAULO SP",-23.6461154,-46.7793414
"6732","D041300520",21514,"ROQUE PETRONI JUNIOR, AV",NA,"",1089,"","12/04/2013 14:10",4,"AT",96,1692," "," ",1,0,0,0,0,0,0,0,0,0,0,0,0,0,0,0,0,21514,"ROQUE PETRONI JUNIOR, AV",NA,"",30,"GRAJAU",1,0,"ROQUE PETRONI JUNIOR, AV 1089 SAO PAULO SP",-23.6234844,-46.6989223
"6733","D041300274",989,"AMARAL GURGEL, RUA",NA,"",480,"","12/04/2013 14:15",2,"CT",77,2711," "," ",1,1,0,0,0,0,0,0,0,0,0,0,0,0,0,0,0,989,"AMARAL GURGEL, RUA",NA,"",67,"REPUBLICA",1,0,"AMARAL GURGEL, RUA 480 SAO PAULO SP",-23.5461285,-46.6481332
"6734","D041300540",31498,"ROBERTO MARINHO - ANT AGUA ESP, AV JORN",NA,"",2000,"","12/04/2013 14:30",2,"QM",96,3599," "," ",0,1,0,0,0,0,0,0,0,0,0,0,0,0,0,0,0,31498,"ROBERTO MARINHO - ANT AGUA ESP, AV JORN",NA,"",15,"CAMPO BELO",1,0,"ROBERTO MARINHO - ANT AGUA ESP, AV JORN 2000 SAO PAULO SP",-23.5505199,-46.6333094
"6735","D041300018",33667,"LESTE-OESTE, LIG",NA,"",186,"","12/04/2013 14:35",2,"CO",1,3012," "," ",0,0,0,0,1,0,0,0,0,0,0,1,0,0,0,0,0,33667,"LESTE-OESTE, LIG",NA,"",2,"ALTO DE PINHEIR",1,0,"LESTE-OESTE, LIG 186 SAO PAULO SP",-23.5505199,-46.6333094