"","id_acidente","codloga","logradouroA","codlogb","logradouroB","alt_num","referencia","data","cod_acid","tipo_acidente","dp","numero_BO","sentido","pista","automovel","moto","onibus","caminhao","bicicleta","moto_taxi","onibus_fretado","onibus_urbano","microonibus","van","vuc","caminhonete","carreta","jipe","outros","sem_informacao","carroca","princ_a","paiA","princ_b","paiB","cod_distrito","distrito","vit_ferida","vit_morta","local","lat","lon"
"6819","D041300246",10177,"JOAO BOEMER, RUA",4736,"CELSO GARCIA, AV",0,"","13/04/2013 21:30",4,"AT",12,2789," "," ",1,0,0,0,0,0,0,0,0,0,0,0,0,0,0,0,0,4736,"CELSO GARCIA, AV",10177,"JOAO BOEMER, RUA",8,"BELEM",1,0,"JOAO BOEMER, RUA SAO PAULO SP &  CELSO GARCIA, AV SAO PAULO SP",-23.5312342,-46.6130982
"6820","D041301975",12156,"LUIZ AYRES, RUA DR",NA,"",2500,"","13/04/2013 22:06",2,"CT",65,3925," "," ",2,0,0,0,0,0,0,0,0,0,0,0,0,0,0,0,0,12156,"LUIZ AYRES, RUA DR",NA,"",5,"ARTUR ALVIM",1,0,"LUIZ AYRES, RUA DR 2500 SAO PAULO SP",-23.5422396,-46.4814708
"6821","D041301287",42220,"USHIKICHI KAMYIA, RUA",NA,"",1118,"","13/04/2013 22:30",2,"CO",73,3835," "," ",2,1,0,0,0,0,0,0,0,0,0,0,0,0,0,0,0,42220,"USHIKICHI KAMYIA, RUA",NA,"",38,"JACANA",1,0,"USHIKICHI KAMYIA, RUA 1118 SAO PAULO SP",-23.4389595,-46.5724728
"6822","D041300772",99949,"CARLOS CALDEIRA FILHO, AV",NA,"",2000,"","13/04/2013 23:00",2,"CO",37,3052," "," ",4,0,0,1,0,0,0,0,0,0,0,0,0,0,0,0,0,99949,"CARLOS CALDEIRA FILHO, AV",NA,"",19,"CAPAO REDONDO",1,0,"CARLOS CALDEIRA FILHO, AV 2000 SAO PAULO SP",-23.6453033,-46.7506118
"6823","D041301711",9997,"JOSE SILVIO DE CAMARGO, RUA DR",852,"ALVARENGA, ES DO",0,"","13/04/2013 23:03",4,"AT",98,4185," "," ",0,0,0,0,0,0,0,0,0,0,0,0,0,0,0,1,0,852,"ALVARENGA, ES DO",9997,"JOSE SILVIO DE CAMARGO, RUA DR",59,"PEDREIRA",1,0,"JOSE SILVIO DE CAMARGO, RUA DR SAO PAULO SP &  ALVARENGA, ES DO SAO PAULO SP",-23.7107829,-46.6314777
"6824","D041301829",9806,"PIRES DO RIO, AV",NA,"",1724,"","13/04/2013 23:40",4,"AT",22,2754," "," ",0,1,0,0,0,0,0,0,0,0,0,0,0,0,0,0,0,9806,"PIRES DO RIO, AV",NA,"",76,"SAO MIGUEL",1,0,"PIRES DO RIO, AV 1724 SAO PAULO SP",-23.5118856,-46.4436392
"6825","D041301461",13224,"JAIME PAIVA, RUA",NA,"",215,"","13/04/2013 23:41",4,"AT",42,2368," "," ",1,0,0,0,0,0,0,0,0,0,0,0,0,0,0,0,0,13224,"JAIME PAIVA, RUA",NA,"",74,"SAO LUCAS",1,0,"JAIME PAIVA, RUA 215 SAO PAULO SP",-23.5997478,-46.5470035
"6826","D041300556",2235,"ARMANDO DE ARRUDA PEREIRA, AV ENG",17137,"DELTA, RUA",0,"","13/04/2013 23:45",2,"CO",97,3150," "," ",1,0,0,0,1,0,0,0,0,0,0,0,0,0,0,0,0,2235,"ARMANDO DE ARRUDA PEREIRA, AV ENG",17137,"DELTA, RUA",37,"JABAQUARA",1,0,"ARMANDO DE ARRUDA PEREIRA, AV ENG SAO PAULO SP &  DELTA, RUA SAO PAULO SP",-23.6342719,-46.6414387
"6827","D041301057",19884,"VOLUNTARIOS DA PATRIA, RUA",2455,"ATALIBA LEONEL, AV GAL",0,"","13/04/2013 23:50",2,"CL",13,3911," "," ",1,0,0,0,0,0,0,0,0,0,0,0,0,0,0,1,0,2455,"ATALIBA LEONEL, AV GAL",19884,"VOLUNTARIOS DA PATRIA, RUA",71,"SANTANA",1,0,"VOLUNTARIOS DA PATRIA, RUA SAO PAULO SP &  ATALIBA LEONEL, AV GAL SAO PAULO SP",-23.5033096,-46.6263934
"6828","D041300797",46890,"ALEXIOS JAFET (ESTR.CAMPINAS), AV",NA,"",2410,"","13/04/2013 23:59",2,"CO",46,3414," "," ",0,1,0,1,0,0,0,0,0,0,0,0,0,0,0,0,0,46890,"ALEXIOS JAFET (ESTR.CAMPINAS), AV",NA,"",41,"JARAGUA",1,0,"ALEXIOS JAFET (ESTR.CAMPINAS), AV 2410 SAO PAULO SP",-22.9529437,-47.0678165
"6829","D041301060",6515,"EPAMINONDAS MELO DO AMARAL, RUA",NA,"",513,"","14/04/2013 00:00",2,"CO",13,4057," "," ",1,1,0,0,0,0,0,0,0,0,0,0,0,0,0,0,0,6515,"EPAMINONDAS MELO DO AMARAL, RUA",NA,"",21,"CASA VERDE",1,0,"EPAMINONDAS MELO DO AMARAL, RUA 513 SAO PAULO SP",-23.485021,-46.6579456
"6830","D041300869",60148,"DOMINGOS NOGUEIRA, RUA",NA,"",89,"","14/04/2013 00:00",2,"QM",75,3130," "," ",0,1,0,0,0,0,0,0,0,0,0,0,0,0,0,0,0,60148,"DOMINGOS NOGUEIRA, RUA",NA,"",13,"CACHOEIRINHA",1,0,"DOMINGOS NOGUEIRA, RUA 89 SAO PAULO SP",-23.5923513,-46.7594345
"6831","D041300946",5884,"DIOGENES DE LIMA, RUA",NA,"",2991,"","14/04/2013 00:20",2,"CO",91,2474," "," ",1,0,0,0,0,0,0,0,0,0,0,3,0,0,0,0,0,5884,"DIOGENES DE LIMA, RUA",NA,"",21,"CASA VERDE",1,0,"DIOGENES DE LIMA, RUA 2991 SAO PAULO SP",-23.5346683,-46.718502
"6832","D041300066",15875,"PEDRO AMERICO, RUA",17000,"REPUBLICA, PCA DA",0,"","14/04/2013 00:39",2,"CO",3,2108," "," ",0,1,0,0,0,0,0,0,0,0,0,0,0,0,0,1,0,15875,"PEDRO AMERICO, RUA",17000,"REPUBLICA, PCA DA",67,"REPUBLICA",1,0,"PEDRO AMERICO, RUA SAO PAULO SP &  REPUBLICA, PCA DA SAO PAULO SP",-23.5417932,-46.6421057
"6833","D041301219",21310,"ANTONIO MARIA LAET, AV DR",8342,"GUARAJA, RUA",0,"","14/04/2013 01:00",2,"CO",39,3837," "," ",1,0,0,0,0,0,0,0,0,0,0,1,0,0,0,0,0,8342,"GUARAJA, RUA",21310,"ANTONIO MARIA LAET, AV DR",84,"TUCURUVI",2,0,"ANTONIO MARIA LAET, AV DR SAO PAULO SP &  GUARAJA, RUA SAO PAULO SP",-23.478224,-46.6024661
"6834","D041300104",5245,"CONSOLACAO, RUA DA",1497,"ANTONIA DE QUEIROS, RUA DONA",0,"","14/04/2013 01:00",4,"AT",4,2922," "," ",0,0,0,0,0,0,0,0,0,0,0,0,0,0,0,1,0,1497,"ANTONIA DE QUEIROS, RUA DONA",5245,"CONSOLACAO, RUA DA",26,"CONSOLACAO",1,0,"CONSOLACAO, RUA DA SAO PAULO SP &  ANTONIA DE QUEIROS, RUA DONA SAO PAULO SP",-23.5471579,-46.6469857
"6836","D041300401",8944,"IBIRAPUERA, AV",NA,"",2716,"","14/04/2013 01:24",2,"CO",27,3829," "," ",3,0,0,0,0,0,0,0,0,0,0,0,0,0,0,0,0,8944,"IBIRAPUERA, AV",NA,"",53,"MOEMA",2,0,"IBIRAPUERA, AV 2716 SAO PAULO SP",-23.6067994,-46.6655495
"6837","D041301187",14242,"MOREIRA DE BARROS, RUA CONS",NA,"",3500,"","14/04/2013 01:29",2,"CO",38,3269," "," ",1,0,0,0,0,0,0,0,0,0,0,1,0,0,0,0,0,14242,"MOREIRA DE BARROS, RUA CONS",NA,"",0,"NULL",1,0,"MOREIRA DE BARROS, RUA CONS 3500 SAO PAULO SP",-23.4787418,-46.6508234
"6838","D041300417",4596,"CATARINA, AV STA",NA,"",2160,"","14/04/2013 01:30",2,"CT",35,3494," "," ",1,1,0,0,0,0,0,0,0,0,0,0,0,0,0,0,0,4596,"CATARINA, AV STA",NA,"",37,"JABAQUARA",2,0,"CATARINA, AV STA 2160 SAO PAULO SP",-23.6527706,-46.6583391
"6839","D041300947",16726,"QUEIROZ FILHO, AV",NA,"",830,"","14/04/2013 01:35",2,"CH",91,2476," "," ",1,0,0,0,0,0,0,0,0,0,0,0,0,0,0,0,0,16726,"QUEIROZ FILHO, AV",NA,"",14,"CAMBUCI",3,0,"QUEIROZ FILHO, AV 830 SAO PAULO SP",-23.53812,-46.7268697
"6840","D041300138",11538,"LAERTE RAMOS DE CARVALHO, RUA PROF",NA,"",133,"","14/04/2013 01:56",4,"AT",5,2994," "," ",1,0,0,0,0,0,0,0,0,0,0,0,0,0,0,0,0,11538,"LAERTE RAMOS DE CARVALHO, RUA PROF",NA,"",67,"REPUBLICA",1,0,"LAERTE RAMOS DE CARVALHO, RUA PROF 133 SAO PAULO SP",-23.5545573,-46.6449489
"6841","D041302181",16878,"RAPOSO TAVARES, VIA",NA,"",19900,"","14/04/2013 02:30",2,"QM",89,3081," "," ",0,1,0,0,0,0,0,0,0,0,0,0,0,0,0,0,0,16878,"RAPOSO TAVARES, VIA",NA,"",13,"CACHOEIRINHA",0,1,"RAPOSO TAVARES, VIA 19900 SAO PAULO SP",-23.0855108,-49.5338115
"6842","D041302068",1306,"ANDRE DE ALMEIDA, RUA",13195,"MARIA CURSI, AV",0,"","14/04/2013 02:30",4,"AT",49,5634," "," ",1,0,0,0,0,0,0,0,0,0,0,0,0,0,0,0,0,1306,"ANDRE DE ALMEIDA, RUA",13195,"MARIA CURSI, AV",75,"SAO MATEUS",1,0,"ANDRE DE ALMEIDA, RUA SAO PAULO SP &  MARIA CURSI, AV SAO PAULO SP",-23.5864127,-46.491128
"6843","D041301261",3771,"INAJAR DE SOUZA, AV",NA,"",5700,"","14/04/2013 04:00",2,"CO",72,3283," "," ",2,0,0,0,0,0,0,0,0,0,0,0,0,0,0,0,0,3771,"INAJAR DE SOUZA, AV",NA,"",50,"LIMAO",1,0,"INAJAR DE SOUZA, AV 5700 SAO PAULO SP",-23.4625063,-46.6725753
"6844","D041301788",3509,"BELMIRA MARIN, AV DONA",NA,"",4299,"","14/04/2013 04:30",2,"CT",101,2673," "," ",2,0,0,0,0,0,0,0,0,0,0,0,0,0,0,0,0,3509,"BELMIRA MARIN, AV DONA",NA,"",30,"GRAJAU",1,0,"BELMIRA MARIN, AV DONA 4299 SAO PAULO SP",-23.754292,-46.6727825
"6845","D041300248",4561,"CASTELO BRANCO, AV PRES",NA,"",118,"","14/04/2013 04:44",4,"AT",12,2794," "," ",1,0,0,0,0,0,0,0,0,0,0,0,0,0,0,0,0,29772,"MARGINAL DO RIO TIETE, AV",NA,"",6,"BARRA FUNDA",1,0,"CASTELO BRANCO, AV PRES 118 SAO PAULO SP",-23.5212504,-46.6375256
"6848","D041301228",11885,"DOMINGOS TORRES, RUA",NA,"",59,"","14/04/2013 05:30",2,"CH",40,4005," "," ",1,0,0,0,0,0,0,0,0,0,0,0,0,0,0,0,0,11885,"DOMINGOS TORRES, RUA",NA,"",21,"CASA VERDE",3,0,"DOMINGOS TORRES, RUA 59 SAO PAULO SP",-23.5062508,-46.6670601
"6849","D041301586",33015,"SADAMU INOUE, AV",NA,"",3500,"","14/04/2013 05:30",2,"QD",25,1129," "," ",0,0,0,0,0,0,0,1,0,0,0,0,0,0,0,0,0,33015,"SADAMU INOUE, AV",NA,"",76,"SAO MIGUEL",1,0,"SADAMU INOUE, AV 3500 SAO PAULO SP",-23.7996091,-46.7321996
"6850","D041300699",16790,"RADIALISTAS, RUA DOS",13055,"INACIO LUIS DA COSTA, RUA",0,"","14/04/2013 05:40",2,"CO",33,3433," "," ",1,1,0,0,0,0,0,0,0,0,0,0,0,0,0,0,0,13055,"INACIO LUIS DA COSTA, RUA",16790,"RADIALISTAS, RUA DOS",NA,"",1,0,"RADIALISTAS, RUA DOS SAO PAULO SP &  INACIO LUIS DA COSTA, RUA SAO PAULO SP",-23.5075721,-46.7332851
"6851","D041302222",6238,"NACOES UNIDAS, AV DAS",NA,"",17947,"","14/04/2013 05:50",2,"CH",14,3757," "," ",1,0,0,0,0,0,0,0,0,0,0,0,0,0,0,0,0,13014,"MARGINAL DO RIO PINHEIROS, AV",NA,"",90,"VILA LEOPOLDINA",4,1,"NACOES UNIDAS, AV DAS 17947 SAO PAULO SP",-23.6791503,-46.6960737
"6852","D041301555",6238,"NACOES UNIDAS, AV DAS",NA,"",17947,"","14/04/2013 05:50",2,"CH",11,4098," "," ",1,0,0,0,0,0,0,0,0,0,0,0,0,0,0,0,0,13014,"MARGINAL DO RIO PINHEIROS, AV",NA,"",90,"VILA LEOPOLDINA",4,0,"NACOES UNIDAS, AV DAS 17947 SAO PAULO SP",-23.6791503,-46.6960737
"6853","D041300266",17115,"RIO BRANCO, AV",NA,"",1661,"","14/04/2013 06:15",2,"CO",77,2115," "," ",4,0,0,0,0,0,0,0,0,0,0,0,0,0,0,0,0,17115,"RIO BRANCO, AV",NA,"",5,"ARTUR ALVIM",2,0,"RIO BRANCO, AV 1661 SAO PAULO SP",-23.5299279,-46.6474338
"6854","D041302221",18470,"PIRAJUSSARA, AV",NA,"",4123,"","14/04/2013 06:30",2,"CH",89,3059," "," ",1,0,0,0,0,0,0,0,0,0,0,0,0,0,0,0,0,18470,"PIRAJUSSARA, AV",NA,"",13,"CACHOEIRINHA",3,1,"PIRAJUSSARA, AV 4123 SAO PAULO SP",-23.595767,-46.7456463
"6855","D041300831",16340,"PIRAJUSSARA, RUA",NA,"",4123,"","14/04/2013 06:30",2,"CH",51,3059," "," ",1,0,0,0,0,0,0,0,0,0,0,0,0,0,0,0,0,16340,"PIRAJUSSARA, RUA",NA,"",13,"CACHOEIRINHA",4,0,"PIRAJUSSARA, RUA 4123 SAO PAULO SP",-23.595767,-46.7456463
"6856","D041301808",11169,"JOSE RAFAELI, RUA",NA,"",540,"","14/04/2013 07:00",2,"CH",102,4100," "," ",1,0,0,0,0,0,0,0,0,0,0,0,0,0,0,0,0,11169,"JOSE RAFAELI, RUA",NA,"",81,"SOCORRO",1,0,"JOSE RAFAELI, RUA 540 SAO PAULO SP",-23.6711906,-46.7205143
"6857","D041300507",98419,"ITAMARATI (SACOMA), RUA",NA,"",39,"","14/04/2013 07:15",2,"SI",95,3162," "," ",0,1,0,0,0,0,0,0,0,0,0,0,0,0,0,1,0,98419,"ITAMARATI (SACOMA), RUA",NA,"",69,"SACOMA",1,0,"ITAMARATI (SACOMA), RUA 39 SAO PAULO SP",-23.657735,-46.6172317
"6860","D041300698",29772,"MARGINAL DO RIO TIETE, AV",NA,"",700,"","14/04/2013 10:00",2,"CH",33,3427," "," ",1,0,0,0,0,0,0,0,0,0,0,0,0,0,0,0,0,29772,"MARGINAL DO RIO TIETE, AV",NA,"",13,"CACHOEIRINHA",1,0,"MARGINAL DO RIO TIETE, AV 700 SAO PAULO SP",-23.52257,-46.7501547
"6861","D041301632",40763,"XISTO TEUBER, RUA FREI",NA,"",90,"","14/04/2013 10:12",4,"AT",47,900082," "," ",1,0,0,0,0,0,0,0,0,0,0,0,0,0,0,0,0,40763,"XISTO TEUBER, RUA FREI",NA,"",29,"FREGUESIA DO O",1,0,"XISTO TEUBER, RUA FREI 90 SAO PAULO SP",-23.6425916,-46.7809782
"6862","D041301188",277,"AFONSO LOPES VIEIRA, RUA",NA,"",500,"","14/04/2013 11:55",4,"AT",38,3277," "," ",0,0,0,0,0,0,0,0,0,0,0,0,0,0,0,1,0,277,"AFONSO LOPES VIEIRA, RUA",NA,"",13,"CACHOEIRINHA",1,0,"AFONSO LOPES VIEIRA, RUA 500 SAO PAULO SP",-23.4629998,-46.6625109
"6863","D041300428",4596,"CATARINA, AV STA",NA,"",1400,"","14/04/2013 13:05",2,"QD",35,4931," "," ",0,0,0,0,0,0,0,1,0,0,0,0,0,0,0,0,0,4596,"CATARINA, AV STA",NA,"",37,"JABAQUARA",1,0,"CATARINA, AV STA 1400 SAO PAULO SP",-23.6473241,-46.6625946
"6864","D041302020",98962,"JULIANO CARTARI, RUA",NA,"",41,"","14/04/2013 13:34",2,"CO",41,3766," "," ",1,1,0,0,0,0,0,0,0,0,0,0,0,0,0,0,0,98962,"JULIANO CARTARI, RUA",NA,"",78,"SAPOPEMBA",1,0,"JULIANO CARTARI, RUA 41 SAO PAULO SP",-23.5957688,-46.5123799
"6865","D041301752",9220,"INTERLAGOS, AV",14743,"SABARA, AV NSRA DO",0,"","14/04/2013 14:00",4,"AT",99,4111," "," ",0,0,0,0,0,0,0,0,0,0,0,0,0,0,0,1,0,9220,"INTERLAGOS, AV",14743,"SABARA, AV NSRA DO",16,"CAMPO GRANDE",3,0,"INTERLAGOS, AV SAO PAULO SP &  SABARA, AV NSRA DO SAO PAULO SP",-23.6872639,-46.6953006
"6866","D041302151",2878,"BARREIRA GRANDE, AV DA",NA,"",3979,"","14/04/2013 14:18",4,"AT",69,3769," "," ",0,0,0,0,0,0,0,0,0,0,0,1,0,0,0,0,0,2878,"BARREIRA GRANDE, AV DA",NA,"",78,"SAPOPEMBA",1,0,"BARREIRA GRANDE, AV DA 3979 SAO PAULO SP",-23.591589,-46.4995146
"6867","D041302059",9044,"RAGUEB CHOHFI, AV",NA,"",3380,"","14/04/2013 15:20",2,"CO",49,5025," "," ",0,1,1,1,0,0,0,0,0,0,0,0,0,0,0,0,0,9044,"RAGUEB CHOHFI, AV",NA,"",32,"IGUATEMI",1,0,"RAGUEB CHOHFI, AV 3380 SAO PAULO SP",-23.5960512,-46.452901
"6868","D041301201",3678,"BRUNA GALLEA, RUA",NA,"",40,"","14/04/2013 16:20",2,"QM",38,900042," "," ",0,1,0,0,0,0,0,0,0,0,0,0,0,0,0,0,0,3678,"BRUNA GALLEA, RUA",NA,"",13,"CACHOEIRINHA",2,0,"BRUNA GALLEA, RUA 40 SAO PAULO SP",-23.4604503,-46.6537148
"6869","D041300916",61245,"JOSE RAMON URTIZA, RUA",NA,"",975,"","14/04/2013 17:00",2,"SI",89,3093," "," ",1,1,0,0,0,0,0,0,0,0,0,0,0,0,0,0,0,61245,"JOSE RAMON URTIZA, RUA",NA,"",29,"FREGUESIA DO O",1,0,"JOSE RAMON URTIZA, RUA 975 SAO PAULO SP",-23.6334048,-46.7290429
"6870","D041301664",3509,"BELMIRA MARIN, AV DONA",74739,"JOSE QUARESMA JUNIOR, RUA",0,"","14/04/2013 17:30",2,"CL",85,2686,"C"," ",3,1,0,0,0,0,0,0,0,0,0,0,0,0,0,0,0,3509,"BELMIRA MARIN, AV DONA",74739,"JOSE QUARESMA JUNIOR, RUA",30,"GRAJAU",1,0,"BELMIRA MARIN, AV DONA SAO PAULO SP &  JOSE QUARESMA JUNIOR, RUA SAO PAULO SP",-23.7563396,-46.6677778
"6871","D041300798",27955,"FORTUNATA TADIELLO NATUCCI, AV",NA,"",150,"","14/04/2013 17:50",2,"CO",46,3442,"B"," ",0,1,0,0,0,0,0,0,0,0,0,1,0,0,0,0,0,27955,"FORTUNATA TADIELLO NATUCCI, AV",NA,"",3,"ANHANGUERA",2,0,"FORTUNATA TADIELLO NATUCCI, AV 150 SAO PAULO SP",-23.5580053,-46.6602193
"6873","D041301877",11542,"NORDESTINA, AV",NA,"",2373,"","14/04/2013 18:50",2,"CL",32,2778,"C"," ",0,1,0,0,0,0,0,1,0,0,0,0,0,0,0,0,0,11542,"NORDESTINA, AV",NA,"",76,"SAO MIGUEL",1,0,"NORDESTINA, AV 2373 SAO PAULO SP",-23.5119318,-46.4356224
"6874","D041301830",15465,"PARANACITY, RUA",NA,"",11,"","14/04/2013 18:53",4,"AT",22,2775," "," ",1,0,0,0,0,0,0,0,0,0,0,0,0,0,0,0,0,15465,"PARANACITY, RUA",NA,"",53,"MOEMA",1,0,"PARANACITY, RUA 11 SAO PAULO SP",-23.4896902,-46.4357227
"6875","D041301462",19708,"VILA EMA, AV",NA,"",3255,"","14/04/2013 18:55",2,"CH",42,2381," "," ",1,0,0,0,0,0,0,0,0,0,0,0,0,0,0,0,0,19708,"VILA EMA, AV",NA,"",26,"CONSOLACAO",1,0,"VILA EMA, AV 3255 SAO PAULO SP",-23.5849694,-46.5462238
"6876","D041300915",18561,"LUIZ MIGLIANO, RUA DR",NA,"",1100,"","14/04/2013 18:55",4,"AT",89,3090," "," ",1,0,0,0,0,0,0,0,0,0,0,0,0,0,0,0,0,18561,"LUIZ MIGLIANO, RUA DR",NA,"",0,"NULL",1,0,"LUIZ MIGLIANO, RUA DR 1100 SAO PAULO SP",-23.613775,-46.7425944
"6877","D041300790",38781,"TABULEIROS DE VALENCA, RUA",NA,"",400,"","14/04/2013 19:00",4,"AT",46,2072," "," ",0,0,0,0,0,0,0,0,0,0,0,0,0,0,0,1,0,38781,"TABULEIROS DE VALENCA, RUA",NA,"",52,"MARSILAC",1,0,"TABULEIROS DE VALENCA, RUA 400 SAO PAULO SP",-23.4046333,-46.7658738
"6878","D041300288",14804,"NOVE DE JULHO, AV",NA,"",3809,"","14/04/2013 19:08",2,"CO",78,3015," "," ",1,1,0,0,0,0,0,0,0,0,0,0,0,0,0,0,0,14804,"NOVE DE JULHO, AV",NA,"",63,"PINHEIROS",1,0,"NOVE DE JULHO, AV 3809 SAO PAULO SP",-23.5719991,-46.6641022
"6879","D041300009",15674,"PAULO, RUA S",7664,"FURTADO, RUA CONS",0,"","14/04/2013 19:18",4,"AT",1,2810," "," ",1,0,0,0,0,0,0,0,0,0,0,0,0,0,0,0,0,7664,"FURTADO, RUA CONS",15674,"PAULO, RUA S",49,"LIBERDADE",1,0,"PAULO, RUA S SAO PAULO SP &  FURTADO, RUA CONS SAO PAULO SP",-23.7480359,-46.7791995
"6880","D041302126",11830,"LIDER, AV",NA,"",419,"","14/04/2013 19:40",2,"QM",66,1700," "," ",0,1,0,0,0,0,0,0,0,0,0,0,0,0,0,0,0,11830,"LIDER, AV",NA,"",24,"CIDADE LIDER",1,0,"LIDER, AV 419 SAO PAULO SP",-23.5566392,-46.4888757
"6881","D041301319",75479,"FERNANDO MENDES DE ALMEIDA, AV",NA,"",1259,"","14/04/2013 20:55",4,"AT",74,3296," "," ",1,0,0,0,0,0,0,0,0,0,0,0,0,0,0,0,0,75479,"FERNANDO MENDES DE ALMEIDA, AV",NA,"",40,"JAGUARE",1,0,"FERNANDO MENDES DE ALMEIDA, AV 1259 SAO PAULO SP",-23.4258017,-46.7142308
"6882","D041301768",5584,"CUMBICA, ES DA",NA,"",531,"","14/04/2013 21:00",2,"CO",100,2695," "," ",1,1,0,0,0,0,0,0,0,0,0,0,0,0,0,0,0,5584,"CUMBICA, ES DA",NA,"",42,"JARDIM ANGELA",2,0,"CUMBICA, ES DA 531 SAO PAULO SP",-23.5505199,-46.6333094
"6883","D041300841",13019,"ESCOLA POLITECNICA, AV",1363,"JORGE WARD, RUA",0,"","14/04/2013 22:00",2,"QM",51,3613," "," ",0,1,0,0,0,0,0,0,0,0,0,0,0,0,0,0,0,1363,"JORGE WARD, RUA",22165,"PABLO CASALS, AV",45,"JARDIM SAO LUIS",2,0,"ESCOLA POLITECNICA, AV SAO PAULO SP &  JORGE WARD, RUA SAO PAULO SP",-23.5585284,-46.7466636
"6884","D041301243",78854,"ANTONIO VICENTE DE AZEVEDO, RUA DR",NA,"",15,"","14/04/2013 22:15",4,"AT",45,3298," "," ",1,0,0,0,0,0,0,0,0,0,0,0,0,0,0,0,0,78854,"ANTONIO VICENTE DE AZEVEDO, RUA DR",NA,"",40,"JAGUARE",1,0,"ANTONIO VICENTE DE AZEVEDO, RUA DR 15 SAO PAULO SP",-23.4666069,-46.6811732
"6885","D041301934",67587,"JACARANDA DO CAMPO, RUA",62147,"FRUTA-DO-PARAISO, RUA",0,"","14/04/2013 22:29",2,"CO",63,2779," "," ",0,1,0,0,0,0,0,0,0,0,0,0,0,0,0,0,0,62147,"FRUTA-DO-PARAISO, RUA",67587,"JACARANDA DO CAMPO, RUA",8,"BELEM",2,0,"JACARANDA DO CAMPO, RUA SAO PAULO SP &  FRUTA-DO-PARAISO, RUA SAO PAULO SP",-23.513175,-46.4532037
"6886","D041301356",3063,"BELCHIOR DE MELO, RUA",NA,"",105,"","14/04/2013 23:00",4,"AT",10,4156," "," ",1,0,0,0,0,0,0,0,0,0,0,0,0,0,0,0,0,3063,"BELCHIOR DE MELO, RUA",NA,"",41,"JARAGUA",3,0,"BELCHIOR DE MELO, RUA 105 SAO PAULO SP",-23.5019329,-46.5252937
"6887","D041301072",6515,"EPAMINONDAS MELO DO AMARAL, RUA",NA,"",600,"","14/04/2013 23:00",2,"CO",13,4531," "," ",1,1,0,0,0,0,0,0,0,0,0,0,0,0,0,0,0,6515,"EPAMINONDAS MELO DO AMARAL, RUA",NA,"",21,"CASA VERDE",1,0,"EPAMINONDAS MELO DO AMARAL, RUA 600 SAO PAULO SP",-23.4851873,-46.6586426
"6889","D041301376",15304,"PAES DE BARROS, AV",11728,"LEOCADIA CINTRA, RUA",0,"","15/04/2013 01:00",2,"CO",18,2392," "," ",1,1,0,0,0,0,0,0,0,0,0,0,0,0,0,0,0,11728,"LEOCADIA CINTRA, RUA",15304,"PAES DE BARROS, AV",54,"MOOCA",1,0,"PAES DE BARROS, AV SAO PAULO SP &  LEOCADIA CINTRA, RUA SAO PAULO SP",-23.5743005,-46.5876557
"6890","D041301394",2181,"ARICANDUVA, AV",NA,"",300,"","15/04/2013 01:45",2,"CO",21,2498," "," ",1,1,0,0,0,0,0,0,0,0,0,0,0,0,0,0,0,2181,"ARICANDUVA, AV",NA,"",60,"PENHA",1,0,"ARICANDUVA, AV 300 SAO PAULO SP",-23.5379546,-46.5459516
"6892","D041300724",7500,"FRANCISCO MORATO, AV PROF",NA,"",1959,"","15/04/2013 04:00",2,"SI",34,2270," "," ",1,1,0,0,0,0,0,0,0,0,0,0,0,0,0,0,0,7500,"FRANCISCO MORATO, AV PROF",NA,"",12,"BUTANTA",2,0,"FRANCISCO MORATO, AV PROF 1959 SAO PAULO SP",-23.5846476,-46.717581
"6893","D041302262",99999,"METALURGICOS, AV DOS",NA,"",816,"","15/04/2013 05:30",4,"AT",54,2102," "," ",1,0,0,0,0,0,0,0,0,0,0,0,0,0,0,0,0,99999,"METALURGICOS, AV DOS",NA,"",25,"CIDADE TIRADENT",0,2,"METALURGICOS, AV DOS 816 SAO PAULO SP",-23.5904813,-46.4079354
"6896","D041302110",17824,"SAPOPEMBA, AV",NA,"",16000,"","15/04/2013 06:00",4,"AT",55,1543," "," ",0,0,0,0,0,0,0,0,0,0,0,0,0,0,0,1,0,17824,"SAPOPEMBA, AV",NA,"",33,"IPIRANGA",1,0,"SAPOPEMBA, AV 16000 SAO PAULO SP",-23.6127992,-46.4729239
"6897","D041302161",5425,"COSTA BARROS, RUA",67304,"CAOPIA, RUA",0,"","15/04/2013 06:20",4,"AT",70,2006," "," ",1,0,0,0,0,0,0,0,0,0,0,0,0,0,0,0,0,5425,"COSTA BARROS, RUA",67304,"CAOPIA, RUA",74,"SAO LUCAS",1,0,"COSTA BARROS, RUA SAO PAULO SP &  CAOPIA, RUA SAO PAULO SP",-23.6047674,-46.5502522
"6898","D041300526",6238,"NACOES UNIDAS, AV DAS",NA,"",12000,"","15/04/2013 06:30",2,"CO",96,1801," "," ",1,1,0,0,0,0,0,0,0,0,0,0,0,0,0,0,0,13014,"MARGINAL DO RIO PINHEIROS, AV",NA,"",90,"VILA LEOPOLDINA",2,0,"NACOES UNIDAS, AV DAS 12000 SAO PAULO SP",-23.679154,-46.6960945