"","id_acidente","codloga","logradouroA","codlogb","logradouroB","alt_num","referencia","data","cod_acid","tipo_acidente","dp","numero_BO","sentido","pista","automovel","moto","onibus","caminhao","bicicleta","moto_taxi","onibus_fretado","onibus_urbano","microonibus","van","vuc","caminhonete","carreta","jipe","outros","sem_informacao","carroca","princ_a","paiA","princ_b","paiB","cod_distrito","distrito","vit_ferida","vit_morta","local","lat","lon"
"6981","D041300450",19583,"VERGUEIRO, RUA",NA,"",2515,"","16/04/2013 11:40",4,"AT",36,1700," "," ",0,1,0,0,0,0,0,0,0,0,0,0,0,0,0,0,0,19583,"VERGUEIRO, RUA",NA,"",33,"IPIRANGA",1,0,"VERGUEIRO, RUA 2515 SAO PAULO SP",-23.583704,-46.6367688
"6982","D041300820",5309,"CORIFEU DE AZEVEDO MARQUES, AV",NA,"",152,"","16/04/2013 12:00",2,"CO",51,1743," "," ",0,0,0,0,1,0,0,0,0,0,0,0,0,0,0,1,0,5309,"CORIFEU DE AZEVEDO MARQUES, AV",NA,"",12,"BUTANTA",1,0,"CORIFEU DE AZEVEDO MARQUES, AV 152 SAO PAULO SP",-23.5695639,-46.716297
"6983","D041300403",16675,"ANTONIO DE MACEDO SOARES, RUA",16356,"OTAVIO TARQUINIO DE SOUSA, RUA",0,"","16/04/2013 12:30",4,"AT",27,3929," "," ",1,0,0,0,0,0,0,0,0,0,0,0,0,0,0,0,0,16356,"OTAVIO TARQUINIO DE SOUSA, RUA",16675,"ANTONIO DE MACEDO SOARES, RUA",15,"CAMPO BELO",1,0,"ANTONIO DE MACEDO SOARES, RUA SAO PAULO SP &  OTAVIO TARQUINIO DE SOUSA, RUA SAO PAULO SP",-23.6191755,-46.6725158
"6984","D041300124",12165,"LUIS ANTONIO, AV BRIG",NA,"",2200,"","16/04/2013 12:50",4,"AT",5,2032,"B"," ",0,0,1,0,0,0,0,0,0,0,0,0,0,0,0,0,0,12165,"LUIS ANTONIO, AV BRIG",NA,"",7,"BELA VISTA",1,0,"LUIS ANTONIO, AV BRIG 2200 SAO PAULO SP",-23.5671224,-46.6487313
"6985","D041301117",18151,"SEZEFREDO FAGUNDES, AV CEL",NA,"",3198,"","16/04/2013 12:50",2,"CO",20,3440,"C"," ",0,1,0,0,1,0,0,0,0,0,0,0,0,0,0,0,0,18151,"SEZEFREDO FAGUNDES, AV CEL",NA,"",22,"CIDADE ADEMAR",3,0,"SEZEFREDO FAGUNDES, AV CEL 3198 SAO PAULO SP",-23.4514097,-46.6006019
"6986","D041301692",67948,"CLOTILDE ORSOLINI MORANA, RUA",NA,"",91,"","16/04/2013 13:00",4,"AT",92,4780," "," ",0,0,0,0,0,0,0,0,0,0,0,0,0,0,0,1,0,67948,"CLOTILDE ORSOLINI MORANA, RUA",NA,"",29,"FREGUESIA DO O",1,0,"CLOTILDE ORSOLINI MORANA, RUA 91 SAO PAULO SP",-23.6665007,-46.7664523
"6987","D041301311",63364,"RODRIGO HENRIQUES, RUA GOV",NA,"",22,"","16/04/2013 13:18",4,"AT",74,1656," "," ",0,0,0,0,0,0,0,0,0,0,0,1,0,0,0,0,0,63364,"RODRIGO HENRIQUES, RUA GOV",NA,"",40,"JAGUARE",1,0,"RODRIGO HENRIQUES, RUA GOV 22 SAO PAULO SP",-23.4318082,-46.7125349
"6988","D041301118",13133,"MARIA AMALIA LOPES AZEVEDO, RUA",68,"FRANCISCO AMOS CONNOR, RUA PDE",0,"","16/04/2013 13:20",2,"CO",20,3446," "," ",1,0,0,0,1,0,0,0,0,0,0,0,0,0,0,0,0,68,"FRANCISCO AMOS CONNOR, RUA PDE",13133,"MARIA AMALIA LOPES AZEVEDO, RUA",83,"TREMEMBE",1,0,"MARIA AMALIA LOPES AZEVEDO, RUA SAO PAULO SP &  FRANCISCO AMOS CONNOR, RUA PDE SAO PAULO SP",-23.4584963,-46.6105009
"6989","D041300404",19100,"BANDEIRANTES, AV DOS",10201,"JOAO CARLOS MALLET, RUA",0,"","16/04/2013 13:30",2,"CO",27,3931," "," ",0,1,0,0,0,0,0,0,0,0,0,1,0,0,0,0,0,14050,"MIRUNA, AV",19100,"BANDEIRANTES, AV DOS",79,"SAUDE",1,0,"BANDEIRANTES, AV DOS SAO PAULO SP &  JOAO CARLOS MALLET, RUA SAO PAULO SP",-23.6016317,-46.6827292
"6990","D041300316",5902,"DIOGO DE FARIA, RUA DR",NA,"",3108,"","16/04/2013 13:31",4,"AT",16,5013," "," ",1,0,0,0,0,0,0,0,0,0,0,0,0,0,0,0,0,5902,"DIOGO DE FARIA, RUA DR",NA,"",92,"VILA MARIANA",1,0,"DIOGO DE FARIA, RUA DR 3108 SAO PAULO SP",-23.5955589,-46.6454834
"6991","D041300971",831,"ALTINO, AV PRES",NA,"",1590,"","16/04/2013 13:50",2,"CO",93,2509," "," ",1,1,0,0,0,0,0,0,0,0,0,0,0,0,0,0,0,831,"ALTINO, AV PRES",NA,"",40,"JAGUARE",1,0,"ALTINO, AV PRES 1590 SAO PAULO SP",-23.5419693,-46.7527256
"6994","D041301427",1657,"ANTONIO DE BARROS, RUA",NA,"",1954,"","16/04/2013 14:29",4,"AT",30,2081," "," ",0,1,0,0,0,0,0,0,0,0,0,0,0,0,0,0,0,1657,"ANTONIO DE BARROS, RUA",NA,"",82,"TATUAPE",1,0,"ANTONIO DE BARROS, RUA 1954 SAO PAULO SP",-23.5472487,-46.5553629
"6995","D041301926",16490,"PONTE RASA, RUA",NA,"",561,"","16/04/2013 15:00",2,"CT",62,4236," "," ",1,1,0,0,0,0,0,0,0,0,0,0,0,0,0,0,0,16490,"PONTE RASA, RUA",NA,"",0,"NULL",2,0,"PONTE RASA, RUA 561 SAO PAULO SP",-23.5124542,-46.4858933
"6998","D041301694",21326,"GERALDO FRAGA DE OLIVEIRA, RUA",NA,"",58,"","16/04/2013 15:30",4,"AT",92,4798," "," ",0,1,0,0,0,0,0,0,0,0,0,0,0,0,0,0,0,21326,"GERALDO FRAGA DE OLIVEIRA, RUA",NA,"",29,"FREGUESIA DO O",3,0,"GERALDO FRAGA DE OLIVEIRA, RUA 58 SAO PAULO SP",-23.6531867,-46.7350646
"6999","D041300728",14267,"MORUMBI, AV",504,"ALBERTO PENTEADO, AV DR",0,"","16/04/2013 15:35",2,"SI",34,2330," "," ",0,1,0,0,0,0,0,0,0,0,0,1,0,0,0,0,0,504,"ALBERTO PENTEADO, AV DR",14267,"MORUMBI, AV",55,"MORUMBI",1,0,"MORUMBI, AV SAO PAULO SP &  ALBERTO PENTEADO, AV DR SAO PAULO SP",-23.5871012,-46.7059801
"7001","D041300295",10423,"JOAO PINHEIRO, RUA DR",NA,"",67,"","16/04/2013 16:11",4,"AT",78,3245," "," ",1,0,0,0,0,0,0,0,0,0,0,0,0,0,0,0,0,10423,"JOAO PINHEIRO, RUA DR",NA,"",44,"JARDIM PAULISTA",1,0,"JOAO PINHEIRO, RUA DR 67 SAO PAULO SP",-23.5782356,-46.6613067
"7002","D041302225",16838,"RAIMUNDO PEREIRA DE MAGAL., AV",NA,"",15215,"","16/04/2013 16:30",2,"CH",46,1820," "," ",0,1,0,0,0,0,0,0,0,0,0,0,0,0,0,0,0,16838,"RAIMUNDO PEREIRA DE MAGAL., AV",NA,"",31,"GUAIANASES",0,2,"RAIMUNDO PEREIRA DE MAGAL., AV 15215 SAO PAULO SP",-23.4084642,-46.7349328
"7003","D041300157",6642,"ESTADO, AV DO",NA,"",4579,"","16/04/2013 16:33",2,"CO",8,2395,"C"," ",0,1,0,0,0,0,0,0,0,0,0,1,0,0,0,0,0,6642,"ESTADO, AV DO",NA,"",9,"BOM RETIRO",1,0,"ESTADO, AV DO 4579 SAO PAULO SP",-23.5543398,-46.6244577
"7004","D041300642",12326,"JUSCELINO KUBITSCHEK, AV PRES",2476,"ATILIO INNOCENTI, RUA PROF",0,"","16/04/2013 16:40",2,"CO",15,3696," "," ",2,0,0,0,0,0,0,0,0,0,0,0,0,0,0,0,0,2476,"ATILIO INNOCENTI, RUA PROF",12326,"JUSCELINO KUBITSCHEK, AV PRES",34,"ITAIM BIBI",1,0,"JUSCELINO KUBITSCHEK, AV PRES SAO PAULO SP &  ATILIO INNOCENTI, RUA PROF SAO PAULO SP",-23.5909217,-46.6886685
"7005","D041302082",16173,"PESSEGO, ES DO",NA,"",7000,"","16/04/2013 17:00",2,"CO",53,2545," "," ",0,2,0,0,0,0,0,0,0,0,0,0,0,0,0,0,0,16173,"PESSEGO, ES DO",NA,"",0,"NULL",1,0,"PESSEGO, ES DO 7000 SAO PAULO SP",-23.5505199,-46.6333094
"7006","D041301909",76021,"DOMINGUES VIDIGAL, RUA",12427,"FILIPE MACIEL, RUA",0,"","16/04/2013 17:00",2,"CO",59,4718," "," ",1,1,0,0,0,0,0,0,0,0,0,0,0,0,0,0,0,12427,"FILIPE MACIEL, RUA",76021,"DOMINGUES VIDIGAL, RUA",86,"VILA CURUCA",1,0,"DOMINGUES VIDIGAL, RUA SAO PAULO SP &  FILIPE MACIEL, RUA SAO PAULO SP",-23.505075,-46.4072984
"7008","D041300415",15333,"PALERMO, RUA",NA,"",10,"","16/04/2013 17:18",4,"AT",35,3302," "," ",0,0,0,0,0,0,0,0,0,0,0,1,0,0,0,0,0,15333,"PALERMO, RUA",NA,"",42,"JARDIM ANGELA",2,0,"PALERMO, RUA 10 SAO PAULO SP",-23.6256702,-46.6292438
"7009","D041302048",2181,"ARICANDUVA, AV",NA,"",7500,"","16/04/2013 17:20",2,"CO",49,2553," "," ",1,1,0,0,0,0,0,0,0,0,0,0,0,0,0,0,0,2181,"ARICANDUVA, AV",NA,"",60,"PENHA",1,0,"ARICANDUVA, AV 7500 SAO PAULO SP",-23.5818578,-46.4917974
"7010","D041301693",7146,"FIM DE SEMANA, AV",NA,"",370,"","16/04/2013 17:26",2,"CF",92,4789," "," ",1,1,0,0,0,0,0,0,0,0,0,0,0,0,0,0,0,7146,"FIM DE SEMANA, AV",NA,"",45,"JARDIM SAO LUIS",1,0,"FIM DE SEMANA, AV 370 SAO PAULO SP",-23.6559985,-46.7471925
"7011","D041300641",8889,"HUNGRIA, RUA",NA,"",574,"","16/04/2013 17:58",2,"CO",15,3686," "," ",1,1,0,0,0,0,0,0,0,0,0,0,0,0,0,0,0,13014,"MARGINAL DO RIO PINHEIROS, AV",NA,"",63,"PINHEIROS",1,0,"HUNGRIA, RUA 574 SAO PAULO SP",-23.5818969,-46.6923344
"7012","D041300451",14642,"NOE AZEVEDO, AV PROF",NA,"",208,"","16/04/2013 18:00",4,"AT",36,1703," "," ",0,1,0,0,0,0,0,0,0,0,0,0,0,0,0,0,0,14642,"NOE AZEVEDO, AV PROF",NA,"",92,"VILA MARIANA",1,0,"NOE AZEVEDO, AV PROF 208 SAO PAULO SP",-23.5873171,-46.6373423
"7013","D041301618",6493,"RODRIGO SANCHES, AV DOM",66583,"LECA, RUA",0,"","16/04/2013 18:00",2,"CO",47,4804," "," ",1,1,0,0,0,0,0,0,0,0,0,0,0,0,0,0,0,6493,"RODRIGO SANCHES, AV DOM",66583,"LECA, RUA",19,"CAPAO REDONDO",1,0,"RODRIGO SANCHES, AV DOM SAO PAULO SP &  LECA, RUA SAO PAULO SP",-23.6613244,-46.7842756
"7014","D041300465",19583,"VERGUEIRO, RUA",2762,"BALTAZAR LISBOA, RUA",0,"","16/04/2013 18:15",2,"CO",36,3938," "," ",1,1,0,0,0,0,0,0,0,0,0,0,0,0,0,0,0,14642,"NOE AZEVEDO, AV PROF",19583,"VERGUEIRO, RUA",92,"VILA MARIANA",1,0,"VERGUEIRO, RUA SAO PAULO SP &  BALTAZAR LISBOA, RUA SAO PAULO SP",-23.6104332,-46.6085751
"7015","D041301749",14743,"SABARA, AV NSRA DO",NA,"",243,"","16/04/2013 18:30",4,"AT",99,2357," "," ",1,0,0,0,0,0,0,0,0,0,0,0,0,0,0,0,0,14743,"SABARA, AV NSRA DO",NA,"",16,"CAMPO GRANDE",1,0,"SABARA, AV NSRA DO 243 SAO PAULO SP",-23.5505199,-46.6333094
"7016","D041300599",6897,"FARIA LIMA, AV BRIG",2753,"BALTAZAR CARRASCO, RUA",0,"","16/04/2013 18:37",4,"AT",14,3688," "," ",0,0,1,0,0,0,0,0,0,0,0,0,0,0,0,0,0,2753,"BALTAZAR CARRASCO, RUA",6897,"FARIA LIMA, AV BRIG",63,"PINHEIROS",1,0,"FARIA LIMA, AV BRIG SAO PAULO SP &  BALTAZAR CARRASCO, RUA SAO PAULO SP",-23.5786046,-46.685823
"7017","D041301264",15425,"CANTIDIO SAMPAIO, AV DEP",NA,"",2558,"","16/04/2013 18:40",2,"CO",72,3397," "," ",0,1,0,0,0,0,0,0,0,0,0,1,0,0,0,0,0,15425,"CANTIDIO SAMPAIO, AV DEP",NA,"",41,"JARAGUA",1,0,"CANTIDIO SAMPAIO, AV DEP 2558 SAO PAULO SP",-23.4591853,-46.6876024
"7018","D041301790",38618,"BARTOLOMEU BEZZI, RUA",NA,"",4,"","16/04/2013 18:46",4,"AT",101,2766," "," ",0,1,0,0,0,0,0,0,0,0,0,0,0,0,0,0,0,38618,"BARTOLOMEU BEZZI, RUA",NA,"",32,"IGUATEMI",2,0,"BARTOLOMEU BEZZI, RUA 4 SAO PAULO SP",-23.5831955,-46.5434785
"7019","D041302260",18803,"TEODORO, RUA S",NA,"",269,"","16/04/2013 19:00",4,"AT",32,4587,"C"," ",0,1,0,0,0,0,0,0,0,0,0,0,0,0,0,0,0,18803,"TEODORO, RUA S",NA,"",51,"MANDAQUI",0,1,"TEODORO, RUA S 269 SAO PAULO SP",-23.5526826,-46.4576261
"7020","D041301513",6239,"EDUARDO COTCHING, AV DR",NA,"",1861,"","16/04/2013 19:08",2,"CT",58,2111," "," ",0,1,1,0,0,0,0,0,0,0,0,0,0,0,0,0,0,6239,"EDUARDO COTCHING, AV DR",NA,"",87,"VILA FORMOSA",1,0,"EDUARDO COTCHING, AV DR 1861 SAO PAULO SP",-23.5660136,-46.5445257
"7021","D041301851",19320,"UICO, RUA",18321,"SINANDUVA, RUA",0,"","16/04/2013 19:40",2,"CO",24,4047,"B"," ",2,0,0,0,0,0,0,0,0,0,0,0,0,0,0,0,0,18321,"SINANDUVA, RUA",19320,"UICO, RUA",60,"PENHA",1,0,"UICO, RUA SAO PAULO SP &  SINANDUVA, RUA SAO PAULO SP",-23.5215571,-46.5237193
"7022","D041302183",10586,"JOAQUIM NABUCO, RUA",11526,"REPUBLICA DO IRAQUE, RUA",0,"","16/04/2013 19:49",2,"CO",27,3940," "," ",2,0,0,0,0,0,0,0,0,0,0,0,0,0,0,0,0,10586,"JOAQUIM NABUCO, RUA",11526,"REPUBLICA DO IRAQUE, RUA",15,"CAMPO BELO",4,1,"JOAQUIM NABUCO, RUA SAO PAULO SP &  REPUBLICA DO IRAQUE, RUA SAO PAULO SP",-23.6292068,-46.6772389
"7023","D041300290",8250,"GUADELUPE, RUA",19547,"VENEZUELA, RUA",0,"","16/04/2013 20:28",4,"AT",78,3075," "," ",1,0,0,0,0,0,0,0,0,0,0,0,0,0,0,0,0,8250,"GUADELUPE, RUA",19547,"VENEZUELA, RUA",NA,"",1,0,"GUADELUPE, RUA SAO PAULO SP &  VENEZUELA, RUA SAO PAULO SP",-23.566687,-46.6748005
"7024","D041301262",68024,"NORTELANDIA, RUA",NA,"",150,"","16/04/2013 21:00",2,"CL",72,3372," "," ",1,1,0,0,0,0,0,0,0,0,0,0,0,0,0,0,0,68024,"NORTELANDIA, RUA",NA,"",40,"JAGUARE",1,0,"NORTELANDIA, RUA 150 SAO PAULO SP",-23.452422,-46.6874388
"7025","D041302061",9044,"RAGUEB CHOHFI, AV",36606,"OLAVO FAGGIN, RUA",0,"","16/04/2013 21:53",2,"CL",49,5163," "," ",0,1,0,0,0,0,0,0,0,0,0,1,0,0,0,0,0,9044,"RAGUEB CHOHFI, AV",36606,"OLAVO FAGGIN, RUA",75,"SAO MATEUS",1,0,"RAGUEB CHOHFI, AV SAO PAULO SP &  OLAVO FAGGIN, RUA SAO PAULO SP",-23.5962789,-46.4358414
"7027","D041301339",2429,"ASSIS RIBEIRO, RUA DR",NA,"",9271,"","16/04/2013 22:00",4,"AT",10,3183," "," ",1,0,0,0,0,0,0,0,0,0,0,0,0,0,0,0,0,2429,"ASSIS RIBEIRO, RUA DR",NA,"",28,"ERMELINO MATARA",1,0,"ASSIS RIBEIRO, RUA DR 9271 SAO PAULO SP",-23.4852085,-46.468032
"7028","D041301428",7645,"FRONTIN, AV CD DE",NA,"",600,"","16/04/2013 22:30",2,"CO",30,2123," "," ",3,0,0,0,0,0,0,0,0,0,0,0,0,0,0,1,0,7645,"FRONTIN, AV CD DE",NA,"",93,"VILA MATILDE",3,0,"FRONTIN, AV CD DE 600 SAO PAULO SP",-23.5505199,-46.6333094
"7029","D041301320",16838,"RAIMUNDO PEREIRA DE MAGAL., AV",NA,"",11600,"","16/04/2013 22:35",2,"CO",74,3373," "," ",1,1,0,0,0,0,0,0,0,0,0,0,0,0,0,0,0,16838,"RAIMUNDO PEREIRA DE MAGAL., AV",NA,"",31,"GUAIANASES",2,0,"RAIMUNDO PEREIRA DE MAGAL., AV 11600 SAO PAULO SP",-23.4410756,-46.7209219
"7030","D041300139",1934,"APENINOS, RUA",NA,"",471,"","16/04/2013 22:47",2,"CO",5,3076," "," ",1,1,0,0,0,0,0,0,0,0,0,0,0,0,0,0,0,1934,"APENINOS, RUA",NA,"",49,"LIBERDADE",1,0,"APENINOS, RUA 471 SAO PAULO SP",-23.5714233,-46.639056
"7031","D041301924",14917,"OLAVO EGIDIO DE SOUZA ARANHA, AV",30524,"ITAPIRUNA, RUA",0,"","16/04/2013 22:55",2,"CP",62,4048," "," ",1,1,0,0,0,0,0,0,0,0,0,0,0,0,0,0,0,14917,"OLAVO EGIDIO DE SOUZA ARANHA, AV",30524,"ITAPIRUNA, RUA",28,"ERMELINO MATARA",1,0,"OLAVO EGIDIO DE SOUZA ARANHA, AV SAO PAULO SP &  ITAPIRUNA, RUA SAO PAULO SP",-23.49735,-46.496214
"7032","D041300729",7500,"FRANCISCO MORATO, AV PROF",NA,"",2900,"","17/04/2013 01:34",2,"SI",34,233," "," ",2,0,0,0,0,0,0,0,0,0,0,0,0,0,0,0,0,7500,"FRANCISCO MORATO, AV PROF",NA,"",12,"BUTANTA",1,0,"FRANCISCO MORATO, AV PROF 2900 SAO PAULO SP",-23.5874921,-46.726438
"7033","D041300101",1356,"ANGELICA, AV",426,"ALAGOAS, RUA",0,"","17/04/2013 05:30",2,"CO",4,2808," "," ",2,0,0,0,0,0,0,0,0,0,0,0,0,0,0,0,0,426,"ALAGOAS, RUA",1356,"ANGELICA, AV",26,"CONSOLACAO",2,0,"ANGELICA, AV SAO PAULO SP &  ALAGOAS, RUA SAO PAULO SP",-23.5474146,-46.6586504
"7034","D041300500",1247,"ANCHIETA, VIA",NA,"",10600,"","17/04/2013 05:55",2,"QM",95,1813," "," ",0,1,0,0,0,0,0,0,0,0,0,0,0,0,0,0,0,1247,"ANCHIETA, VIA",NA,"",33,"IPIRANGA",1,0,"ANCHIETA, VIA 10600 SAO PAULO SP",-23.6433577,-46.5860313
"7035","D041301559",6238,"NACOES UNIDAS, AV DAS",NA,"",13000,"","17/04/2013 06:30",2,"CO",11,4232," "," ",1,1,0,0,0,0,0,0,0,0,0,0,0,0,0,0,0,13014,"MARGINAL DO RIO PINHEIROS, AV",NA,"",90,"VILA LEOPOLDINA",1,0,"NACOES UNIDAS, AV DAS 13000 SAO PAULO SP",-23.679153,-46.6960899
"7038","D041300352",19100,"BANDEIRANTES, AV DOS",NA,"",5900,"","17/04/2013 07:20",2,"CT",27,3953," "," ",0,1,0,0,0,0,0,0,0,0,0,1,0,0,0,0,0,19100,"BANDEIRANTES, AV DOS",NA,"",24,"CIDADE LIDER",2,0,"BANDEIRANTES, AV DOS 5900 SAO PAULO SP",-23.6291614,-46.6479949
"7039","D041300795",7153,"FIORELLI PECCICACCO, RUA",NA,"",1706,"","17/04/2013 07:30",2,"CO",46,3200," "," ",1,1,0,0,0,0,0,0,0,0,0,0,0,0,0,0,0,7153,"FIORELLI PECCICACCO, RUA",NA,"",62,"PERUS",1,0,"FIORELLI PECCICACCO, RUA 1706 SAO PAULO SP",-23.4043989,-46.7521068
"7040","D041301802",2483,"ATLANTICA ANT. ROBERT KENNEDY, AV",NA,"",2033,"","17/04/2013 07:30",2,"CO",102,1047," "," ",0,2,0,0,0,0,0,0,0,0,0,0,0,0,0,0,0,2483,"ATLANTICA ANT. ROBERT KENNEDY, AV",NA,"",23,"CIDADE DUTRA",1,0,"ATLANTICA ANT. ROBERT KENNEDY, AV 2033 SAO PAULO SP",-23.5505199,-46.6333094
"7041","D041301174",12678,"MANUEL DE OLIVEIRA P. JUNIOR, RUA",9078,"IMIRIM, AV",0,"","17/04/2013 07:30",2,"CO",38,1955,"C"," ",1,1,0,0,0,0,0,0,0,0,0,0,0,0,0,0,0,9078,"IMIRIM, AV",12678,"MANUEL DE OLIVEIRA P. JUNIOR, RUA",21,"CASA VERDE",1,0,"MANUEL DE OLIVEIRA P. JUNIOR, RUA SAO PAULO SP &  IMIRIM, AV SAO PAULO SP",-23.4817003,-46.6554416
"7042","D041301520",5448,"COTEGIPE, RUA CONS",NA,"",1099,"","17/04/2013 07:33",4,"AT",81,1087," "," ",1,0,0,0,0,0,0,0,0,0,0,0,0,0,0,0,0,5448,"COTEGIPE, RUA CONS",NA,"",8,"BELEM",1,0,"COTEGIPE, RUA CONS 1099 SAO PAULO SP",-23.5367786,-46.5830117
"7043","D041301175",7592,"FRANKLIN DO AMARAL, RUA",357,"AGUA PRETA, RUA",0,"","17/04/2013 07:50",2,"CO",38,1959," "," ",1,1,0,0,0,0,0,0,0,0,0,0,0,0,0,0,0,357,"AGUA PRETA, RUA",7592,"FRANKLIN DO AMARAL, RUA",13,"CACHOEIRINHA",1,0,"FRANKLIN DO AMARAL, RUA SAO PAULO SP &  AGUA PRETA, RUA SAO PAULO SP",-23.4741519,-46.6555551
"7045","D041300918",60516,"MARIE NADER CALFAT, RUA",1144,"FREDERICO GUARINON, RUA",0,"","17/04/2013 08:30",2,"CO",89,3169," "," ",0,1,0,0,0,0,0,0,0,0,0,1,0,0,0,0,0,1144,"FREDERICO GUARINON, RUA",60516,"MARIE NADER CALFAT, RUA",85,"VILA ANDRADE",1,0,"MARIE NADER CALFAT, RUA SAO PAULO SP &  FREDERICO GUARINON, RUA SAO PAULO SP",-23.6274763,-46.7283861
"7046","D041301764",12403,"M'BOI MIRIM, ES",NA,"",1205,"","17/04/2013 08:51",2,"QM",100,2025," "," ",0,1,0,0,0,0,0,0,0,0,0,0,0,0,0,0,0,12403,"M'BOI MIRIM, ES",NA,"",42,"JARDIM ANGELA",1,0,"M'BOI MIRIM, ES 1205 SAO PAULO SP",-23.5505199,-46.6333094
"7047","D041300730",7500,"FRANCISCO MORATO, AV PROF",14267,"MORUMBI, AV",0,"","17/04/2013 09:17",2,"SI",34,2345," "," ",1,1,0,0,0,0,0,0,0,0,0,0,0,0,0,0,0,7500,"FRANCISCO MORATO, AV PROF",17822,"SAPETUBA, RUA",12,"BUTANTA",1,0,"FRANCISCO MORATO, AV PROF SAO PAULO SP &  MORUMBI, AV SAO PAULO SP",-23.5789486,-46.7103326
"7048","D041301765",12403,"M'BOI MIRIM, ES",NA,"",7050,"","17/04/2013 09:20",4,"AT",100,2026," "," ",0,1,0,0,0,0,0,0,0,0,0,0,0,0,0,0,0,12403,"M'BOI MIRIM, ES",NA,"",42,"JARDIM ANGELA",1,0,"M'BOI MIRIM, ES 7050 SAO PAULO SP",-23.5505199,-46.6333094
"7049","D041301980",11542,"NORDESTINA, AV",NA,"",2739,"","17/04/2013 10:00",4,"AT",67,1084," "," ",1,0,0,0,0,0,0,0,0,0,0,0,0,0,0,0,0,11542,"NORDESTINA, AV",NA,"",76,"SAO MIGUEL",1,0,"NORDESTINA, AV 2739 SAO PAULO SP",-23.5124794,-46.4328771
"7050","D041301952",21253,"AGUIA DE HAIA, AV",NA,"",123,"","17/04/2013 10:15",2,"CT",64,3180," "," ",1,1,0,0,0,0,0,0,0,0,0,0,0,0,0,0,0,21253,"AGUIA DE HAIA, AV",NA,"",0,"NULL",1,0,"AGUIA DE HAIA, AV 123 SAO PAULO SP",-23.537868,-46.4775901
"7051","D041301893",62716,"FERNANDO PACHECO JORDAO, AV",NA,"",324,"","17/04/2013 11:20",2,"CO",50,4760," "," ",1,0,1,0,0,0,0,0,0,0,0,0,0,0,0,0,0,62716,"FERNANDO PACHECO JORDAO, AV",NA,"",54,"MOOCA",1,0,"FERNANDO PACHECO JORDAO, AV 324 SAO PAULO SP",-23.4966675,-46.3842573
"7052","D041300523",31498,"ROBERTO MARINHO - ANT AGUA ESP, AV JORN",11412,"JURUBATUBA, AV",0,"","17/04/2013 11:40",2,"QM",96,1764," "," ",0,1,0,0,0,0,0,0,0,0,0,0,0,0,0,0,0,11412,"JURUBATUBA, AV",31498,"ROBERTO MARINHO - ANT AGUA ESP, AV JORN",34,"ITAIM BIBI",1,0,"ROBERTO MARINHO - ANT AGUA ESP, AV JORN SAO PAULO SP &  JURUBATUBA, AV SAO PAULO SP",-23.5505199,-46.6333094
"7053","D041300353",19100,"BANDEIRANTES, AV DOS",NA,"",453,"","17/04/2013 11:50",2,"CT",27,3973," "," ",0,1,0,0,0,0,0,0,0,0,0,1,0,0,0,0,0,19100,"BANDEIRANTES, AV DOS",NA,"",24,"CIDADE LIDER",1,0,"BANDEIRANTES, AV DOS 453 SAO PAULO SP",-23.606381,-46.6784761
"7055","D041301438",4502,"CARRAO, AV CONS",NA,"",1401,"","17/04/2013 12:00",4,"AT",31,2134," "," ",0,1,0,0,0,0,0,0,0,0,0,0,0,0,0,0,0,4502,"CARRAO, AV CONS",NA,"",20,"CARRAO",1,0,"CARRAO, AV CONS 1401 SAO PAULO SP",-23.5435474,-46.5464644
"7057","D041300524",6238,"NACOES UNIDAS, AV DAS",NA,"",11633,"","17/04/2013 12:20",2,"CT",96,1771," "," ",0,2,0,0,0,0,0,0,0,0,0,0,0,0,0,0,0,13014,"MARGINAL DO RIO PINHEIROS, AV",NA,"",90,"VILA LEOPOLDINA",1,0,"NACOES UNIDAS, AV DAS 11633 SAO PAULO SP",-23.6017732,-46.6952119
"7058","D041302250",7421,"FRANCISCO DE VIVO, RUA",NA,"",97,"","17/04/2013 12:20",4,"AT",49,5194," "," ",0,0,0,1,0,0,0,0,0,0,0,0,0,0,0,0,0,7421,"FRANCISCO DE VIVO, RUA",NA,"",55,"MORUMBI",0,1,"FRANCISCO DE VIVO, RUA 97 SAO PAULO SP",-23.6088342,-46.4748665
"7059","D041300330",5144,"COCKRANE, RUA LORD",18172,"SILVA BUENO, RUA",0,"","17/04/2013 12:46",2,"CO",17,2179," "," ",1,1,0,0,0,0,0,0,0,0,0,0,0,0,0,0,0,5144,"COCKRANE, RUA LORD",18172,"SILVA BUENO, RUA",33,"IPIRANGA",1,0,"COCKRANE, RUA LORD SAO PAULO SP &  SILVA BUENO, RUA SAO PAULO SP",-23.5932235,-46.6078753
"7060","D041301439",12381,"LUTECIA, RUA",17331,"ROGERIO GIORGI, RUA",0,"","17/04/2013 12:50",2,"CO",31,2136," "," ",1,1,0,0,0,0,0,0,0,0,0,0,0,0,0,0,0,12381,"LUTECIA, RUA",17331,"ROGERIO GIORGI, RUA",20,"CARRAO",1,0,"LUTECIA, RUA SAO PAULO SP &  ROGERIO GIORGI, RUA SAO PAULO SP",-23.5444849,-46.5394152