"","id_acidente","codloga","logradouroA","codlogb","logradouroB","alt_num","referencia","data","cod_acid","tipo_acidente","dp","numero_BO","sentido","pista","automovel","moto","onibus","caminhao","bicicleta","moto_taxi","onibus_fretado","onibus_urbano","microonibus","van","vuc","caminhonete","carreta","jipe","outros","sem_informacao","carroca","princ_a","paiA","princ_b","paiB","cod_distrito","distrito","vit_ferida","vit_morta","local","lat","lon"
"7224","D041301621",14527,"NILTON MACHADO DE BARROS, RUA",NA,"",69,"","19/04/2013 18:37",4,"AT",47,4960," "," ",0,1,0,0,0,0,0,0,0,0,0,0,0,0,0,0,0,14527,"NILTON MACHADO DE BARROS, RUA",NA,"",29,"FREGUESIA DO O",1,0,"NILTON MACHADO DE BARROS, RUA 69 SAO PAULO SP",-23.6703655,-46.7955365
"7226","D041301832",15465,"PARANACITY, RUA",7566,"FRANCISCO TANCREDI, RUA DR",0,"","19/04/2013 18:49",2,"CO",22,2938," "," ",2,0,0,0,0,0,0,0,0,0,0,0,0,0,0,0,0,7566,"FRANCISCO TANCREDI, RUA DR",15465,"PARANACITY, RUA",43,"JARDIM HELENA",1,0,"PARANACITY, RUA SAO PAULO SP &  FRANCISCO TANCREDI, RUA DR SAO PAULO SP",-23.4892583,-46.4294937
"7227","D041301712",5606,"CUPECE, AV",NA,"",5500,"","19/04/2013 19:00",2,"CO",98,4195," "," ",1,1,0,0,0,0,0,0,0,0,0,0,0,0,0,0,0,5606,"CUPECE, AV",NA,"",22,"CIDADE ADEMAR",1,0,"CUPECE, AV 5500 SAO PAULO SP",-23.6813174,-46.6384712
"7228","D041301695",10270,"JOAO DIAS, AV",13357,"MARIA COELHO AGUIAR, AV",0,"","19/04/2013 19:10",2,"CO",92,4956," "," ",0,1,0,0,0,0,0,0,0,0,0,1,0,0,0,0,0,10270,"JOAO DIAS, AV",13357,"MARIA COELHO AGUIAR, AV",45,"JARDIM SAO LUIS",2,0,"JOAO DIAS, AV SAO PAULO SP &  MARIA COELHO AGUIAR, AV SAO PAULO SP",-23.6448965,-46.7188468
"7229","D041300371",19931,"WASHINGTON LUIS, AV",NA,"",6800,"","19/04/2013 19:40",2,"QM",27,4417," "," ",0,1,0,0,0,0,0,0,0,0,0,0,0,0,0,0,0,19931,"WASHINGTON LUIS, AV",NA,"",30,"GRAJAU",1,0,"WASHINGTON LUIS, AV 6800 SAO PAULO SP",-23.6243229,-46.6615057
"7230","D041301121",17990,"SENA, RUA",19780,"VIRGILIA R. A. DE C. PINTO, AV PROFA",0,"","19/04/2013 19:45",2,"CO",20,3545," "," ",1,1,0,0,0,0,0,0,0,0,0,0,0,0,0,0,0,1386,"ANGELO BORTOLO, AV VER",19780,"VIRGILIA R. A. DE C. PINTO, AV PROFA",84,"TUCURUVI",1,0,"SENA, RUA SAO PAULO SP &  VIRGILIA R. A. DE C. PINTO, AV PROFA SAO PAULO SP",-23.462371,-46.6048087
"7231","D041301962",7344,"FRANCISCO ALARICO BERGAMO, RUA",NA,"",1,"","19/04/2013 19:54",2,"CO",64,4162," "," ",0,0,0,0,1,0,0,0,1,0,0,0,0,0,0,0,0,7344,"FRANCISCO ALARICO BERGAMO, RUA",NA,"",36,"ITAQUERA",1,0,"FRANCISCO ALARICO BERGAMO, RUA 1 SAO PAULO SP",-23.5302876,-46.4527298
"7232","D041302263",17820,"TITO, AV MAL",NA,"",4131,"","19/04/2013 20:20",4,"AT",50,4874,"B"," ",1,0,0,0,0,0,0,0,0,0,0,0,0,0,0,0,0,17820,"TITO, AV MAL",NA,"",53,"MOEMA",1,1,"TITO, AV MAL 4131 SAO PAULO SP",-23.4949389,-46.40511
"7233","D041301936",46936,"JACU-PESSEGO/NOVA TRABALHADORE, AV",13881,"MIGUEL, AV S",0,"","19/04/2013 20:30",2,"CO",63,2943," "," ",1,0,0,1,0,0,0,0,0,0,0,0,0,0,0,0,0,13881,"MIGUEL, AV S",46936,"JACU-PESSEGO/NOVA TRABALHADORE, AV",89,"VILA JACUI",2,0,"JACU-PESSEGO/NOVA TRABALHADORE, AV SAO PAULO SP &  MIGUEL, AV S SAO PAULO SP",-23.5754203,-46.4449094
"7234","D041300927",8483,"GUILHERME DUMONT VILARES, AV DR",NA,"",2009,"","19/04/2013 21:00",2,"CF",89,3293," "," ",0,1,0,0,0,0,0,0,1,0,0,0,0,0,0,0,0,8483,"GUILHERME DUMONT VILARES, AV DR",NA,"",85,"VILA ANDRADE",1,0,"GUILHERME DUMONT VILARES, AV DR 2009 SAO PAULO SP",-23.6224722,-46.738411
"7235","D041302086",60675,"AFONSO DE SAMPAIO E SOUSA, AV",NA,"",1562,"","19/04/2013 21:16",4,"AT",53,2646," "," ",0,0,0,0,0,0,0,0,0,0,0,0,0,0,0,1,0,60675,"AFONSO DE SAMPAIO E SOUSA, AV",NA,"",51,"MANDAQUI",1,0,"AFONSO DE SAMPAIO E SOUSA, AV 1562 SAO PAULO SP",-23.5708306,-46.4700904
"7236","D041302103",37159,"WILMA FLOR, RUA",NA,"",95,"","19/04/2013 21:30",2,"QV",54,5318," "," ",1,0,0,0,0,0,0,0,0,0,0,0,0,0,0,0,0,37159,"WILMA FLOR, RUA",NA,"",50,"LIMAO",2,0,"WILMA FLOR, RUA 95 SAO PAULO SP",-23.5733734,-46.3947008
"7237","D041301293",8320,"GUAPIRA, AV",NA,"",2215,"","19/04/2013 21:30",4,"AT",73,4091," "," ",0,1,0,0,0,0,0,0,0,0,0,0,0,0,0,0,0,8320,"GUAPIRA, AV",NA,"",38,"JACANA",2,0,"GUAPIRA, AV 2215 SAO PAULO SP",-23.4703719,-46.5853784
"7238","D041301160",6361,"ELISIO TEIXEIRA LEITE, AV",NA,"",441,"","19/04/2013 21:33",2,"CO",28,4251," "," ",1,1,0,0,0,0,0,0,0,0,0,0,0,0,0,0,0,6361,"ELISIO TEIXEIRA LEITE, AV",NA,"",29,"FREGUESIA DO O",1,0,"ELISIO TEIXEIRA LEITE, AV 441 SAO PAULO SP",-23.4890177,-46.6974542
"7239","D041300829",21498,"JOSE MARIA ALKMIN, AV PROF",NA,"",1411,"","19/04/2013 21:40",2,"CO",51,2572," "," ",1,1,0,0,0,0,0,0,0,0,0,0,0,0,0,0,0,21498,"JOSE MARIA ALKMIN, AV PROF",NA,"",13,"CACHOEIRINHA",1,0,"JOSE MARIA ALKMIN, AV PROF 1411 SAO PAULO SP",-23.5835446,-46.7513035
"7240","D041301696",39762,"MARGARIDA FATIMA B. GONCALVES, RUA",NA,"",214,"","19/04/2013 21:45",2,"CO",92,4963," "," ",1,1,0,0,0,0,0,0,0,0,0,0,0,0,0,0,0,39762,"MARGARIDA FATIMA B. GONCALVES, RUA",NA,"",32,"IGUATEMI",1,0,"MARGARIDA FATIMA B. GONCALVES, RUA 214 SAO PAULO SP",-23.663146,-46.7328514
"7241","D041301265",3771,"INAJAR DE SOUZA, AV",NA,"",5476,"","19/04/2013 22:30",4,"AT",72,3467," "," ",0,0,0,0,0,0,0,0,0,0,0,1,0,0,0,0,0,3771,"INAJAR DE SOUZA, AV",NA,"",50,"LIMAO",1,0,"INAJAR DE SOUZA, AV 5476 SAO PAULO SP",-23.463179,-46.6723788
"7242","D041300687",15188,"OTAVIANO ALVES DE LIMA, AV",NA,"",99,"","19/04/2013 23:27",2,"QM",33,2633," "," ",0,1,0,0,0,0,0,0,0,0,0,0,0,0,0,0,0,29772,"MARGINAL DO RIO TIETE, AV",NA,"",23,"CIDADE DUTRA",2,0,"OTAVIANO ALVES DE LIMA, AV 99 SAO PAULO SP",-23.5077262,-46.6913918
"7243","D041301491",8955,"IBITIRAMA, RUA",NA,"",1991,"","19/04/2013 23:41",2,"CT",56,2448," "," ",1,1,0,0,0,0,0,0,0,0,0,0,0,0,0,0,0,8955,"IBITIRAMA, RUA",NA,"",95,"VILA PRUDENTE",1,0,"IBITIRAMA, RUA 1991 SAO PAULO SP",-23.596732,-46.5772506
"7244","D041302169",24338,"LUIZ IGNACIO ANHAIA MELLO, AV PROF",NA,"",9123,"","19/04/2013 23:54",2,"CO",70,3994," "," ",0,2,0,0,0,0,0,0,0,0,0,0,0,0,0,0,0,24338,"LUIZ IGNACIO ANHAIA MELLO, AV PROF",NA,"",26,"CONSOLACAO",2,0,"LUIZ IGNACIO ANHAIA MELLO, AV PROF 9123 SAO PAULO SP",-23.6027755,-46.5160541
"7245","D041302251",605,"ALEIXO MONTEIRO MAFRA, PCA PDE",NA,"",54,"","20/04/2013 00:05",2,"QD",63,2948,"C"," ",1,0,1,0,0,0,0,0,0,0,0,0,0,0,0,0,0,605,"ALEIXO MONTEIRO MAFRA, PCA PDE",NA,"",73,"SAO DOMINGOS",0,1,"ALEIXO MONTEIRO MAFRA, PCA PDE 54 SAO PAULO SP",-23.5505199,-46.6333094
"7246","D041301429",9572,"ITAPURA, RUA",34122,"MELO FREIRE, RUA",0,"","20/04/2013 00:30",2,"CO",30,2217," "," ",1,1,0,0,0,0,0,0,0,0,0,0,0,0,0,0,0,9572,"ITAPURA, RUA",34122,"MELO FREIRE, RUA",82,"TATUAPE",1,0,"ITAPURA, RUA SAO PAULO SP &  MELO FREIRE, RUA SAO PAULO SP",-23.5454198,-46.5662715
"7247","D041300360",1314,"ANTONIO COMPARATO, RUA",NA,"",47,"","20/04/2013 01:14",2,"CH",27,4088," "," ",1,0,0,0,0,0,0,0,0,0,0,0,0,0,0,0,0,1314,"ANTONIO COMPARATO, RUA",NA,"",15,"CAMPO BELO",1,0,"ANTONIO COMPARATO, RUA 47 SAO PAULO SP",-23.6136754,-46.6703833
"7248","D041300675",13464,"MARIO DE ANDRADE, RUA",NA,"",100,"","20/04/2013 01:27",4,"AT",23,2636,"B"," ",1,0,0,0,0,0,0,0,0,0,0,0,0,0,0,0,0,13464,"MARIO DE ANDRADE, RUA",NA,"",70,"SANTA CECILIA",1,0,"MARIO DE ANDRADE, RUA 100 SAO PAULO SP",-23.5306698,-46.6595359
"7249","D041301470",13805,"MELO PEIXOTO, RUA",NA,"",99,"","20/04/2013 01:45",2,"CT",52,1239," "," ",1,1,0,0,0,0,0,0,0,0,0,0,0,0,0,0,0,13805,"MELO PEIXOTO, RUA",NA,"",82,"TATUAPE",1,0,"MELO PEIXOTO, RUA 99 SAO PAULO SP",-23.539077,-46.5727765
"7252","D041301714",20048,"YERVANT KISSAJIKIAN, AV",NA,"",3677,"","20/04/2013 03:00",2,"CH",98,4215," "," ",0,1,0,0,0,0,0,0,0,0,0,0,0,0,0,0,0,20048,"YERVANT KISSAJIKIAN, AV",NA,"",29,"FREGUESIA DO O",1,0,"YERVANT KISSAJIKIAN, AV 3677 SAO PAULO SP",-23.6848177,-46.6486288
"7253","D041300686",14350,"MUTINGA, AV",NA,"",2205,"","20/04/2013 04:00",4,"AT",33,2118," "," ",1,0,0,0,0,0,0,0,0,0,0,0,0,0,0,0,0,14350,"MUTINGA, AV",NA,"",64,"PIRITUBA",1,0,"MUTINGA, AV 2205 SAO PAULO SP",-23.4857567,-46.7462313
"7254","D041302074",14350,"MUTINGA, AV",NA,"",2205,"","20/04/2013 04:00",4,"AT",53,2118," "," ",0,0,0,0,0,0,0,0,0,0,0,0,0,0,0,1,0,14350,"MUTINGA, AV",NA,"",64,"PIRITUBA",1,0,"MUTINGA, AV 2205 SAO PAULO SP",-23.4857567,-46.7462313
"7255","D041300116",5245,"CONSOLACAO, RUA DA",13632,"MARTINS FONTES, RUA",0,"","20/04/2013 04:00",2,"CO",4,3167," "," ",1,0,0,0,0,0,0,0,0,0,0,0,0,0,0,1,0,5245,"CONSOLACAO, RUA DA",19996,"XAVIER DE TOLEDO, RUA CEL",67,"REPUBLICA",1,0,"CONSOLACAO, RUA DA SAO PAULO SP &  MARTINS FONTES, RUA SAO PAULO SP",-23.5471579,-46.6469857
"7256","D041301398",2181,"ARICANDUVA, AV",19221,"TUMUCUMAQUE, RUA",0,"","20/04/2013 04:30",2,"CL",21,4445,"B"," ",2,0,0,0,0,0,0,0,0,0,0,0,0,0,0,0,0,2181,"ARICANDUVA, AV",19221,"TUMUCUMAQUE, RUA",20,"CARRAO",2,0,"ARICANDUVA, AV SAO PAULO SP &  TUMUCUMAQUE, RUA SAO PAULO SP",-23.5479783,-46.5260893
"7257","D041301777",12403,"M'BOI MIRIM, ES",NA,"",3100,"","20/04/2013 05:00",4,"AT",100,4971," "," ",1,0,0,0,0,0,0,0,0,0,0,0,0,0,0,0,0,12403,"M'BOI MIRIM, ES",NA,"",42,"JARDIM ANGELA",2,0,"M'BOI MIRIM, ES 3100 SAO PAULO SP",-23.5505199,-46.6333094
"7258","D041301879",46936,"JACU-PESSEGO/NOVA TRABALHADORE, AV",18803,"TEODORO, RUA S",0,"","20/04/2013 05:00",4,"AT",32,2968," "," ",1,0,0,0,0,0,0,0,0,0,0,0,0,0,0,0,0,16173,"PESSEGO, ES DO",46936,"JACU-PESSEGO/NOVA TRABALHADORE, AV",58,"PARQUE DO CARMO",1,0,"JACU-PESSEGO/NOVA TRABALHADORE, AV SAO PAULO SP &  TEODORO, RUA S SAO PAULO SP",-23.5754203,-46.4449094
"7259","D041301397",1702,"ANTONIO ESTEVAO DE CARVALHO, AV",NA,"",1588,"","20/04/2013 05:30",2,"CT",21,4440,"B"," ",1,1,0,0,0,0,0,0,0,0,0,0,0,0,0,0,0,1702,"ANTONIO ESTEVAO DE CARVALHO, AV",NA,"",93,"VILA MATILDE",1,0,"ANTONIO ESTEVAO DE CARVALHO, AV 1588 SAO PAULO SP",-23.5282742,-46.506535
"7260","D041302228",14767,"NOVA CANTAREIRA, AV",NA,"",1249,"","20/04/2013 05:40",4,"AT",20,3561,"B"," ",2,0,0,0,0,0,0,0,0,0,0,0,0,0,0,0,0,14767,"NOVA CANTAREIRA, AV",NA,"",83,"TREMEMBE",1,1,"NOVA CANTAREIRA, AV 1249 SAO PAULO SP",-23.483951,-46.6145072
"7261","D041301767",12403,"M'BOI MIRIM, ES",NA,"",4901,"","20/04/2013 06:00",2,"CO",100,2109," "," ",1,1,1,0,0,0,0,0,0,0,0,0,0,0,0,0,0,12403,"M'BOI MIRIM, ES",NA,"",42,"JARDIM ANGELA",1,0,"M'BOI MIRIM, ES 4901 SAO PAULO SP",-23.5505199,-46.6333094
"7265","D041301836",14975,"OLIVEIRA FREIRE, AV",NA,"",120,"","20/04/2013 07:00",4,"AT",22,2981," "," ",0,0,0,0,0,0,0,0,0,0,0,0,0,0,0,1,0,14975,"OLIVEIRA FREIRE, AV",NA,"",53,"MOEMA",1,0,"OLIVEIRA FREIRE, AV 120 SAO PAULO SP",-23.4844372,-46.4233164
"7266","D041301835",2396,"ASCENSO FERNANDES, RUA",NA,"",10,"","20/04/2013 07:00",4,"AT",22,2971," "," ",1,0,0,0,0,0,0,0,0,0,0,0,0,0,0,0,0,2396,"ASCENSO FERNANDES, RUA",NA,"",43,"JARDIM HELENA",1,0,"ASCENSO FERNANDES, RUA 10 SAO PAULO SP",-23.4819471,-46.4238556
"7268","D041301364",25957,"ARICANDUVA, PTE",NA,"",200,"","20/04/2013 07:38",2,"CL",10,4438," "," ",2,0,1,0,0,0,0,0,0,0,0,0,0,0,0,0,0,25957,"ARICANDUVA, PTE",NA,"",3,"ANHANGUERA",1,0,"ARICANDUVA, PTE 200 SAO PAULO SP",-23.6004368,-46.5192677
"7269","D041302189",15425,"CANTIDIO SAMPAIO, AV DEP",NA,"",4555,"","20/04/2013 07:51",2,"CF",47,5035," "," ",1,1,0,0,0,0,0,0,0,0,0,0,0,0,0,0,0,15425,"CANTIDIO SAMPAIO, AV DEP",NA,"",41,"JARAGUA",0,1,"CANTIDIO SAMPAIO, AV DEP 4555 SAO PAULO SP",-23.4461044,-46.7048419
"7270","D041301266",15425,"CANTIDIO SAMPAIO, AV DEP",NA,"",4999,"","20/04/2013 07:51",2,"CO",72,3479," "," ",1,1,0,0,0,0,0,0,0,0,0,0,0,0,0,0,0,15425,"CANTIDIO SAMPAIO, AV DEP",NA,"",41,"JARAGUA",1,0,"CANTIDIO SAMPAIO, AV DEP 4999 SAO PAULO SP",-23.4435089,-46.7054953
"7271","D041301492",15275,"PACHECO E CHAVES, RUA CAP",NA,"",540,"","20/04/2013 08:12",2,"CL",56,2505," "," ",1,1,0,0,0,0,0,0,0,0,0,0,0,0,0,0,0,15275,"PACHECO E CHAVES, RUA CAP",NA,"",26,"CONSOLACAO",1,0,"PACHECO E CHAVES, RUA CAP 540 SAO PAULO SP",-23.5819088,-46.5910586
"7272","D041301860",46936,"JACU-PESSEGO/NOVA TRABALHADORE, AV",10152,"JOAO BATISTA CONTI, AV PROF",0,"","20/04/2013 08:30",2,"CT",32,1687," "," ",1,0,0,0,0,0,0,0,0,1,0,0,0,0,0,0,0,10152,"JOAO BATISTA CONTI, AV PROF",46936,"JACU-PESSEGO/NOVA TRABALHADORE, AV",36,"ITAQUERA",1,0,"JACU-PESSEGO/NOVA TRABALHADORE, AV SAO PAULO SP &  JOAO BATISTA CONTI, AV PROF SAO PAULO SP",-23.5754203,-46.4449094
"7273","D041301192",44645,"DIREITOS HUMANOS, AV",NA,"",800,"","20/04/2013 08:40",2,"QM",38,3477," "," ",0,1,0,0,0,0,0,0,0,0,0,0,0,0,0,0,0,44645,"DIREITOS HUMANOS, AV",NA,"",8,"BELEM",1,0,"DIREITOS HUMANOS, AV 800 SAO PAULO SP",-23.4828945,-46.6483034
"7274","D041300801",16838,"RAIMUNDO PEREIRA DE MAGAL., AV",NA,"",15222,"","20/04/2013 08:48",2,"CP",46,3646," "," ",0,0,0,1,0,0,0,0,0,0,0,0,0,0,0,0,0,16838,"RAIMUNDO PEREIRA DE MAGAL., AV",NA,"",31,"GUAIANASES",1,0,"RAIMUNDO PEREIRA DE MAGAL., AV 15222 SAO PAULO SP",-23.4084604,-46.7348285
"7276","D041300046",10019,"JAVAES, RUA",7216,"FLORES, RUA GAL",0,"","20/04/2013 09:00",2,"CO",2,2262," "," ",1,0,0,1,0,0,0,0,0,0,0,0,0,0,0,0,0,4561,"CASTELO BRANCO, AV PRES",10019,"JAVAES, RUA",9,"BOM RETIRO",2,0,"JAVAES, RUA SAO PAULO SP &  FLORES, RUA GAL SAO PAULO SP",-23.5224065,-46.6460753
"7277","D041302145",74846,"EUCARIDIUM, RUA",NA,"",82,"","20/04/2013 09:05",2,"CO",66,2697," "," ",0,1,0,0,0,0,0,0,0,0,0,1,0,0,0,0,0,74846,"EUCARIDIUM, RUA",NA,"",0,"NULL",1,0,"EUCARIDIUM, RUA 82 SAO PAULO SP",-23.5626188,-46.4912599
"7278","D041301833",11542,"NORDESTINA, AV",NA,"",159,"","20/04/2013 09:26",2,"CO",22,2958," "," ",1,1,0,0,0,0,0,0,0,0,0,0,0,0,0,0,0,11542,"NORDESTINA, AV",NA,"",76,"SAO MIGUEL",1,0,"NORDESTINA, AV 159 SAO PAULO SP",-23.494795,-46.4429974
"7280","D041300338",7746,"GAMA LOBO, RUA",NA,"",1100,"","20/04/2013 09:30",2,"SI",17,9226," "," ",2,0,0,0,0,0,0,0,0,0,0,0,0,0,0,0,0,7746,"GAMA LOBO, RUA",NA,"",33,"IPIRANGA",2,0,"GAMA LOBO, RUA 1100 SAO PAULO SP",-23.593563,-46.6125436
"7281","D041300800",20291,"TURISTICA DO JARAGUA, ES",NA,"",1000,"","20/04/2013 10:12",2,"CO",46,3632," "," ",1,1,0,0,0,0,0,0,0,0,0,0,0,0,0,0,0,20291,"TURISTICA DO JARAGUA, ES",NA,"",31,"GUAIANASES",1,0,"TURISTICA DO JARAGUA, ES 1000 SAO PAULO SP",-23.5505199,-46.6333094
"7282","D041302065",9044,"RAGUEB CHOHFI, AV",NA,"",4850,"","20/04/2013 10:30",2,"CO",49,5342," "," ",1,1,0,0,0,0,0,0,0,0,0,0,0,0,0,0,0,9044,"RAGUEB CHOHFI, AV",NA,"",32,"IGUATEMI",2,0,"RAGUEB CHOHFI, AV 4850 SAO PAULO SP",-23.5954101,-46.4391676
"7283","D041300934",21125,"JOAO SUSSUMU HIRATA, RUA DEP",61669,"ITAPAIUNA, RUA",0,"","20/04/2013 10:30",2,"CO",89,3508," "," ",1,0,0,0,1,0,0,0,0,0,0,0,0,0,0,0,0,21125,"JOAO SUSSUMU HIRATA, RUA DEP",61669,"ITAPAIUNA, RUA",85,"VILA ANDRADE",1,0,"JOAO SUSSUMU HIRATA, RUA DEP SAO PAULO SP &  ITAPAIUNA, RUA SAO PAULO SP",-23.6288323,-46.7319356
"7284","D041300870",21975,"ANGELO APARECIDO DOS S.DIAS, RUA",NA,"",46,"","20/04/2013 10:50",4,"AT",75,3287," "," ",1,0,0,0,0,0,0,0,0,0,0,0,0,0,0,0,0,21975,"ANGELO APARECIDO DOS S.DIAS, RUA",NA,"",0,"NULL",1,0,"ANGELO APARECIDO DOS S.DIAS, RUA 46 SAO PAULO SP",-23.5902245,-46.782549
"7285","D041300750",8070,"GOIAS, AV DUQSA DE",NA,"",751,"","20/04/2013 11:00",2,"SI",34,3250," "," ",0,0,0,0,0,0,0,0,0,0,0,0,0,0,0,1,0,8070,"GOIAS, AV DUQSA DE",NA,"",55,"MORUMBI",1,0,"GOIAS, AV DUQSA DE 751 SAO PAULO SP",-23.5505199,-46.6333094
"7288","D041301193",9078,"IMIRIM, AV",NA,"",4491,"","20/04/2013 11:45",2,"CO",38,3492," "," ",1,1,0,0,0,0,0,0,0,0,0,0,0,0,0,0,0,9078,"IMIRIM, AV",NA,"",71,"SANTANA",1,0,"IMIRIM, AV 4491 SAO PAULO SP",-23.4745816,-46.6663855
"7289","D041301067",14242,"MOREIRA DE BARROS, RUA CONS",NA,"",1505,"","20/04/2013 11:52",2,"QM",13,4273," "," ",0,1,0,0,0,0,0,0,0,0,0,0,0,0,0,0,0,14242,"MOREIRA DE BARROS, RUA CONS",NA,"",0,"NULL",1,0,"MOREIRA DE BARROS, RUA CONS 1505 SAO PAULO SP",-23.489246,-46.6365467
"7290","D041301269",15425,"CANTIDIO SAMPAIO, AV DEP",NA,"",2003,"","20/04/2013 12:00",2,"CO",72,3523," "," ",1,1,0,0,0,0,0,0,0,0,0,0,0,0,0,0,0,15425,"CANTIDIO SAMPAIO, AV DEP",NA,"",41,"JARAGUA",1,0,"CANTIDIO SAMPAIO, AV DEP 2003 SAO PAULO SP",-23.4626466,-46.6836152
"7291","D041300926",9153,"JANGADAS, RUA DAS",NA,"",10,"","20/04/2013 12:15",4,"AT",89,3289," "," ",0,1,0,0,0,0,0,0,0,0,0,0,0,0,0,0,0,9153,"JANGADAS, RUA DAS",NA,"",0,"NULL",1,0,"JANGADAS, RUA DAS 10 SAO PAULO SP",-23.6175781,-46.7267625
"7293","D041301123",10945,"JOSE ERMIRIO DE MORAES, AV SEN",NA,"",2211,"","20/04/2013 12:52",2,"CO",20,3577," "," ",1,0,0,0,1,0,0,0,0,0,0,0,0,0,0,0,0,10945,"JOSE ERMIRIO DE MORAES, AV SEN",NA,"",83,"TREMEMBE",1,0,"JOSE ERMIRIO DE MORAES, AV SEN 2211 SAO PAULO SP",-23.4369145,-46.6189359
"7294","D041300676",15270,"PACAEMBU, AV",NA,"",10,"","20/04/2013 13:00",2,"CH",23,2655," "," ",1,1,0,0,0,0,0,0,0,0,0,0,0,0,0,0,0,15270,"PACAEMBU, AV",NA,"",19,"CAPAO REDONDO",1,0,"PACAEMBU, AV 10 SAO PAULO SP",-23.5711657,-46.6443032
"7295","D041301778",12403,"M'BOI MIRIM, ES",NA,"",8726,"","20/04/2013 13:00",2,"CT",100,4982," "," ",1,1,0,0,0,0,0,0,0,0,0,0,0,0,0,0,0,12403,"M'BOI MIRIM, ES",NA,"",42,"JARDIM ANGELA",1,0,"M'BOI MIRIM, ES 8726 SAO PAULO SP",-23.5505199,-46.6333094
"7296","D041301981",7175,"FLAMINGO, AV",NA,"",500,"","20/04/2013 13:00",4,"AT",67,1245," "," ",0,0,0,0,0,0,0,0,0,0,0,1,0,0,0,0,0,7175,"FLAMINGO, AV",NA,"",86,"VILA CURUCA",1,0,"FLAMINGO, AV 500 SAO PAULO SP",-23.5122061,-46.4199629
"7297","D041300141",4347,"CARLOS DO PINHAL, RUA S",NA,"",306,"","20/04/2013 13:40",4,"AT",5,3187," "," ",1,0,0,0,0,0,0,0,0,0,0,0,0,0,0,0,0,4347,"CARLOS DO PINHAL, RUA S",NA,"",7,"BELA VISTA",1,0,"CARLOS DO PINHAL, RUA S 306 SAO PAULO SP",-23.5646276,-46.6504898
"7298","D041301379",15304,"PAES DE BARROS, AV",NA,"",2800,"","20/04/2013 13:40",2,"CO",18,2526," "," ",1,0,0,0,0,0,0,1,0,0,0,0,0,0,0,0,0,15304,"PAES DE BARROS, AV",NA,"",16,"CAMPO GRANDE",2,0,"PAES DE BARROS, AV 2800 SAO PAULO SP",-23.575402,-46.5873709
"7299","D041301622",4975,"HENRIQUE SAM MINDLIN, RUA",NA,"",600,"","20/04/2013 14:00",2,"CO",47,4966," "," ",1,1,0,0,0,0,0,0,0,0,0,0,0,0,0,0,0,4975,"HENRIQUE SAM MINDLIN, RUA",NA,"",19,"CAPAO REDONDO",1,0,"HENRIQUE SAM MINDLIN, RUA 600 SAO PAULO SP",-23.6789609,-46.7804556
"7301","D041300361",26500,"VICENTE RAO, AV PROF.",19931,"WASHINGTON LUIS, AV",0,"","20/04/2013 14:19",2,"CO",27,4111," "," ",1,1,0,0,0,0,0,0,0,0,0,0,0,0,0,0,0,19931,"WASHINGTON LUIS, AV",26500,"VICENTE RAO, AV PROF.",72,"SANTO AMARO",1,0,"VICENTE RAO, AV PROF. SAO PAULO SP &  WASHINGTON LUIS, AV SAO PAULO SP",-23.6435945,-46.6729476
"7302","D041300843",16878,"RAPOSO TAVARES, VIA",NA,"",13900,"","20/04/2013 14:30",2,"CT",51,3841," "," ",2,0,0,0,0,0,0,0,0,0,0,0,0,0,0,0,0,16878,"RAPOSO TAVARES, VIA",NA,"",13,"CACHOEIRINHA",1,0,"RAPOSO TAVARES, VIA 13900 SAO PAULO SP",-23.5270962,-48.466788
"7303","D041301122",19884,"VOLUNTARIOS DA PATRIA, RUA",NA,"",3900,"","20/04/2013 14:30",2,"QM",20,3574," "," ",0,1,0,0,0,0,0,0,0,0,0,0,0,0,0,0,0,19884,"VOLUNTARIOS DA PATRIA, RUA",NA,"",8,"BELEM",1,0,"VOLUNTARIOS DA PATRIA, RUA 3900 SAO PAULO SP",-23.4861381,-46.6277865
"7304","D041301925",21253,"AGUIA DE HAIA, AV",NA,"",3600,"","20/04/2013 14:30",2,"CO",62,4198," "," ",0,1,0,0,0,0,0,0,0,0,0,1,0,0,0,0,0,21253,"AGUIA DE HAIA, AV",NA,"",0,"NULL",1,0,"AGUIA DE HAIA, AV 3600 SAO PAULO SP",-23.5141941,-46.476642
"7305","D041301025",15630,"AGUAS DE SAO PEDRO, AV",NA,"",47,"","20/04/2013 15:00",2,"CO",9,3576," "," ",2,1,0,0,0,0,0,0,0,0,0,0,0,0,0,0,0,15630,"AGUAS DE SAO PEDRO, AV",NA,"",71,"SANTANA",1,0,"AGUAS DE SAO PEDRO, AV 47 SAO PAULO SP",-23.4856527,-46.6160546
"7306","D041301194",9170,"INES, AV STA",NA,"",2610,"","20/04/2013 15:00",2,"CO",38,3500," "," ",1,0,0,0,0,0,0,1,0,0,0,0,0,0,0,0,0,9170,"INES, AV STA",NA,"",51,"MANDAQUI",4,0,"INES, AV STA 2610 SAO PAULO SP",-23.4621621,-46.6383258
"7307","D041301334",14270,"MORVAN DIAS DE FIGUEIREDO, AV",NA,"",18000,"","20/04/2013 15:10",2,"CO",90,4113,"R"," ",1,1,0,0,0,0,0,0,0,0,0,0,0,0,0,0,0,29772,"MARGINAL DO RIO TIETE, AV",NA,"",0,"NULL",1,0,"MORVAN DIAS DE FIGUEIREDO, AV 18000 SAO PAULO SP",-23.5256147,-46.571432