"","id_acidente","codloga","logradouroA","codlogb","logradouroB","alt_num","referencia","data","cod_acid","tipo_acidente","dp","numero_BO","sentido","pista","automovel","moto","onibus","caminhao","bicicleta","moto_taxi","onibus_fretado","onibus_urbano","microonibus","van","vuc","caminhonete","carreta","jipe","outros","sem_informacao","carroca","princ_a","paiA","princ_b","paiB","cod_distrito","distrito","vit_ferida","vit_morta","local","lat","lon"
"7308","D041301268",3771,"INAJAR DE SOUZA, AV",NA,"",4000,"","20/04/2013 15:24",4,"AT",72,3498," "," ",0,1,0,0,0,0,0,0,0,0,0,0,0,0,0,0,0,3771,"INAJAR DE SOUZA, AV",NA,"",50,"LIMAO",2,0,"INAJAR DE SOUZA, AV 4000 SAO PAULO SP",-23.4756685,-46.6711963
"7309","D041300250",6642,"ESTADO, AV DO",10485,"JOAO TEODORO, RUA",0,"","20/04/2013 15:33",4,"AT",12,3011," "," ",1,0,0,0,0,0,0,0,0,0,0,0,0,0,0,0,0,6642,"ESTADO, AV DO",10485,"JOAO TEODORO, RUA",9,"BOM RETIRO",1,0,"ESTADO, AV DO SAO PAULO SP &  JOAO TEODORO, RUA SAO PAULO SP",-23.5635869,-46.6112253
"7310","D041302006",10152,"JOAO BATISTA CONTI, AV PROF",NA,"",1400,"","20/04/2013 15:45",2,"CL",103,2984," "," ",2,0,0,0,0,0,0,0,0,0,0,0,0,0,0,0,0,10152,"JOAO BATISTA CONTI, AV PROF",NA,"",46,"JOSE BONIFACIO",2,0,"JOAO BATISTA CONTI, AV PROF 1400 SAO PAULO SP",-23.5515545,-46.4403654
"7311","D041300602",2149,"ARCOVERDE, RUA CARD",7301,"FRADIQUE COUTINHO, RUA",0,"","20/04/2013 17:30",2,"CO",14,3849," "," ",2,0,0,0,0,0,0,0,0,0,0,0,0,0,0,0,0,2149,"ARCOVERDE, RUA CARD",7301,"FRADIQUE COUTINHO, RUA",63,"PINHEIROS",2,0,"ARCOVERDE, RUA CARD SAO PAULO SP &  FRADIQUE COUTINHO, RUA SAO PAULO SP",-23.5692822,-46.694879
"7312","D041300294",7691,"GABRIEL MONTEIRO DA SILVA, AL",6775,"EUGENIO LEITE, RUA CON",0,"","20/04/2013 17:45",2,"CO",78,3196," "," ",1,1,0,0,0,0,0,0,0,0,0,0,0,0,0,0,0,6775,"EUGENIO LEITE, RUA CON",7691,"GABRIEL MONTEIRO DA SILVA, AL",63,"PINHEIROS",1,0,"GABRIEL MONTEIRO DA SILVA, AL SAO PAULO SP &  EUGENIO LEITE, RUA CON SAO PAULO SP",-23.574341,-46.6853256
"7313","D041301811",2483,"ATLANTICA ANT. ROBERT KENNEDY, AV",NA,"",4648,"","20/04/2013 17:50",2,"CO",102,4398," "," ",0,2,0,0,0,0,0,0,0,0,0,0,0,0,0,0,0,2483,"ATLANTICA ANT. ROBERT KENNEDY, AV",NA,"",23,"CIDADE DUTRA",2,0,"ATLANTICA ANT. ROBERT KENNEDY, AV 4648 SAO PAULO SP",-23.5505199,-46.6333094
"7316","D041301652",20048,"YERVANT KISSAJIKIAN, AV",NA,"",1645,"","20/04/2013 18:00",2,"CO",80,42448," "," ",1,1,0,0,0,0,0,0,0,0,0,0,0,0,0,0,0,20048,"YERVANT KISSAJIKIAN, AV",NA,"",29,"FREGUESIA DO O",1,0,"YERVANT KISSAJIKIAN, AV 1645 SAO PAULO SP",-23.6738434,-46.6641906
"7317","D041302118",17824,"SAPOPEMBA, AV",NA,"",16500,"","20/04/2013 18:00",2,"CO",55,5372," "," ",1,1,0,0,0,0,0,0,0,0,0,0,0,0,0,0,0,17824,"SAPOPEMBA, AV",NA,"",33,"IPIRANGA",1,0,"SAPOPEMBA, AV 16500 SAO PAULO SP",-23.6225925,-46.4470516
"7318","D041301145",5947,"EDGAR FACO, AV GAL",28906,"MANOEL BARBOSA, RUA",0,"","20/04/2013 18:00",4,"AT",28,2259," "," ",0,0,0,0,1,0,0,0,0,0,0,0,0,0,0,0,0,5947,"EDGAR FACO, AV GAL",28906,"MANOEL BARBOSA, RUA",64,"PIRITUBA",2,0,"EDGAR FACO, AV GAL SAO PAULO SP &  MANOEL BARBOSA, RUA SAO PAULO SP",-23.4986333,-46.7070233
"7320","D041301295",3199,"BENJAMIN PEREIRA, RUA",NA,"",222,"","20/04/2013 18:50",2,"CF",73,4119,"B"," ",1,1,0,0,0,0,0,0,0,0,0,0,0,0,0,0,0,3199,"BENJAMIN PEREIRA, RUA",NA,"",38,"JACANA",1,0,"BENJAMIN PEREIRA, RUA 222 SAO PAULO SP",-23.4686641,-46.591311
"7321","D041301590",36031,"COLONIA, ES DA",NA,"",3200,"","20/04/2013 18:52",2,"CF",25,2895," "," ",1,0,0,0,0,0,0,1,0,0,0,0,0,0,0,0,0,36031,"COLONIA, ES DA",NA,"",76,"SAO MIGUEL",2,0,"COLONIA, ES DA 3200 SAO PAULO SP",-23.5505199,-46.6333094
"7322","D041302088",16173,"PESSEGO, ES DO",18803,"TEODORO, RUA S",0,"","20/04/2013 19:24",4,"AT",53,2673," "," ",0,0,0,0,0,0,0,0,0,0,0,0,0,0,0,1,0,16173,"PESSEGO, ES DO",46936,"JACU-PESSEGO/NOVA TRABALHADORE, AV",58,"PARQUE DO CARMO",1,0,"PESSEGO, ES DO SAO PAULO SP &  TEODORO, RUA S SAO PAULO SP",-23.5505199,-46.6333094
"7323","D041301322",15425,"CANTIDIO SAMPAIO, AV DEP",NA,"",5000,"","20/04/2013 19:57",4,"AT",74,3511," "," ",1,0,0,0,0,0,0,0,0,0,0,0,0,0,0,0,0,15425,"CANTIDIO SAMPAIO, AV DEP",NA,"",41,"JARAGUA",1,0,"CANTIDIO SAMPAIO, AV DEP 5000 SAO PAULO SP",-23.4434899,-46.7054647
"7325","D041301229",4496,"CAROLINA SOARES, RUA",NA,"",347,"","20/04/2013 20:00",2,"CO",40,4290," "," ",1,1,0,0,0,0,0,0,0,0,0,0,0,0,0,0,0,4496,"CAROLINA SOARES, RUA",NA,"",50,"LIMAO",1,0,"CAROLINA SOARES, RUA 347 SAO PAULO SP",-23.5007917,-46.6700103
"7326","D041302252",34500,"IGUATEMI, AV",NA,"",3168,"","20/04/2013 20:12",4,"AT",49,5379,"B"," ",0,1,0,0,0,0,0,0,0,0,0,0,0,0,0,0,0,34500,"IGUATEMI, AV",NA,"",50,"LIMAO",0,1,"IGUATEMI, AV 3168 SAO PAULO SP",-23.5753852,-46.4161092
"7327","D041300557",17346,"ROLINHAS, RUA DAS",NA,"",330,"","20/04/2013 20:24",4,"AT",97,3401," "," ",0,0,0,0,0,0,0,0,0,0,0,1,0,0,0,0,0,17346,"ROLINHAS, RUA DAS",NA,"",42,"JARDIM ANGELA",1,0,"ROLINHAS, RUA DAS 330 SAO PAULO SP",-23.6563552,-46.6419073
"7328","D041302130",9580,"ITAQUERA, AV",NA,"",3000,"","20/04/2013 20:25",4,"AT",66,1795," "," ",0,0,0,0,0,0,0,0,0,0,0,0,0,0,0,1,0,9580,"ITAQUERA, AV",NA,"",24,"CIDADE LIDER",1,0,"ITAQUERA, AV 3000 SAO PAULO SP",-23.5493994,-46.5032745
"7329","D041300320",5618,"CURSINO, AV DO",12966,"MARCOS FERNANDES, RUA",0,"","20/04/2013 20:51",4,"AT",16,5252," "," ",0,0,0,0,0,0,0,0,0,0,0,0,0,0,0,1,0,5618,"CURSINO, AV DO",12966,"MARCOS FERNANDES, RUA",27,"CURSINO",1,0,"CURSINO, AV DO SAO PAULO SP &  MARCOS FERNANDES, RUA SAO PAULO SP",-23.6106139,-46.6176401
"7330","D041300270",10101,"JOAO, AV S",1162,"ANA CINTRA, RUA",0,"","20/04/2013 20:52",4,"AT",77,2270," "," ",0,0,0,0,0,0,0,1,0,0,0,0,0,0,0,0,0,1162,"ANA CINTRA, RUA",10101,"JOAO, AV S",70,"SANTA CECILIA",1,0,"JOAO, AV S SAO PAULO SP &  ANA CINTRA, RUA SAO PAULO SP",-23.54057,-46.6434402
"7331","D041301753",6238,"NACOES UNIDAS, AV DAS",9220,"INTERLAGOS, AV",0,"","20/04/2013 21:00",2,"CO",99,4402," "," ",1,1,0,0,0,0,0,0,0,0,0,0,0,0,0,0,0,6238,"NACOES UNIDAS, AV DAS",9220,"INTERLAGOS, AV",16,"CAMPO GRANDE",1,0,"NACOES UNIDAS, AV DAS SAO PAULO SP &  INTERLAGOS, AV SAO PAULO SP",-23.5735935,-46.7008864
"7332","D041300056",18993,"TIRADENTES, AV",17060,"RIBEIRO DE LIMA, RUA",0,"","20/04/2013 21:00",2,"CO",2,2393," "," ",1,0,0,0,0,0,0,0,0,0,0,1,0,0,0,0,0,10485,"JOAO TEODORO, RUA",18993,"TIRADENTES, AV",9,"BOM RETIRO",1,0,"TIRADENTES, AV SAO PAULO SP &  RIBEIRO DE LIMA, RUA SAO PAULO SP",-23.5295824,-46.6315552
"7333","D041300307",5618,"CURSINO, AV DO",NA,"",1900,"","20/04/2013 21:20",2,"QM",16,41367," "," ",1,1,0,0,0,0,0,0,0,0,0,0,0,0,0,0,0,5618,"CURSINO, AV DO",NA,"",27,"CURSINO",1,0,"CURSINO, AV DO 1900 SAO PAULO SP",-23.6188117,-46.6194592
"7334","D041300975",9836,"JAGUARE, AV",NA,"",1600,"","20/04/2013 21:30",4,"AT",93,2666," "," ",0,0,0,0,0,0,0,0,0,0,0,0,0,0,0,1,0,9836,"JAGUARE, AV",NA,"",40,"JAGUARE",1,0,"JAGUARE, AV 1600 SAO PAULO SP",-23.5480658,-46.7369246
"7336","D041300332",3454,"BOM PASTOR, RUA",11670,"LEAIS PAULISTANOS, RUA",0,"","20/04/2013 21:30",4,"AT",17,2256," "," ",1,0,0,0,0,0,0,0,0,0,0,0,0,0,0,0,0,3454,"BOM PASTOR, RUA",11670,"LEAIS PAULISTANOS, RUA",33,"IPIRANGA",1,0,"BOM PASTOR, RUA SAO PAULO SP &  LEAIS PAULISTANOS, RUA SAO PAULO SP",-23.5910882,-46.6070284
"7337","D041301195",9078,"IMIRIM, AV",NA,"",2687,"","20/04/2013 22:00",4,"AT",38,3514," "," ",1,0,0,0,0,0,0,0,0,0,0,0,0,0,0,0,0,9078,"IMIRIM, AV",NA,"",71,"SANTANA",1,0,"IMIRIM, AV 2687 SAO PAULO SP",-23.4837068,-46.6537678
"7338","D041301564",222,"ADOLFO PINHEIRO, AV",35439,"DEODORO, RUA MAL",0,"","20/04/2013 22:50",2,"CO",11,4406,"C"," ",2,0,0,0,0,0,0,0,0,0,0,0,0,0,0,0,0,222,"ADOLFO PINHEIRO, AV",35439,"DEODORO, RUA MAL",72,"SANTO AMARO",2,0,"ADOLFO PINHEIRO, AV SAO PAULO SP &  DEODORO, RUA MAL SAO PAULO SP",-23.6416691,-46.6982672
"7340","D041300321",66,"ABRAAO DE MORAIS, AV PROF",6347,"ELISA SILVEIRA, RUA",0,"","21/04/2013 00:30",2,"CO",16,5261," "," ",2,0,0,0,0,0,0,0,0,0,0,0,0,0,0,0,0,66,"ABRAAO DE MORAIS, AV PROF",6347,"ELISA SILVEIRA, RUA",79,"SAUDE",2,0,"ABRAAO DE MORAIS, AV PROF SAO PAULO SP &  ELISA SILVEIRA, RUA SAO PAULO SP",-23.6072122,-46.6270066
"7341","D041301715",1391,"ANGELO CRISTIANINI, AV",NA,"",957,"","21/04/2013 00:55",4,"AT",98,4253," "," ",0,1,0,0,0,0,0,0,0,0,0,0,0,0,0,0,0,1391,"ANGELO CRISTIANINI, AV",NA,"",22,"CIDADE ADEMAR",1,0,"ANGELO CRISTIANINI, AV 957 SAO PAULO SP",-23.6876352,-46.6410278
"7342","D041300976",831,"ALTINO, AV PRES",NA,"",500,"","21/04/2013 01:30",4,"AT",93,2672," "," ",0,0,0,0,0,0,0,0,0,0,0,0,0,0,0,1,0,831,"ALTINO, AV PRES",NA,"",40,"JAGUARE",1,0,"ALTINO, AV PRES 500 SAO PAULO SP",-23.5512716,-46.7487975
"7343","D041301591",38276,"PAIOL, ES DO",NA,"",355,"","21/04/2013 02:00",4,"AT",25,2906," "," ",0,0,0,0,0,0,0,0,0,0,0,1,0,0,0,0,0,38276,"PAIOL, ES DO",NA,"",76,"SAO MIGUEL",1,0,"PAIOL, ES DO 355 SAO PAULO SP",-23.5505199,-46.6333094
"7344","D041301779",38629,"XAMBORES, RUA DOS",NA,"",560,"","21/04/2013 02:30",2,"OU",100,5151," "," ",0,1,0,0,0,0,0,0,0,0,0,0,0,0,0,0,0,38629,"XAMBORES, RUA DOS",NA,"",32,"IGUATEMI",1,0,"XAMBORES, RUA DOS 560 SAO PAULO SP",-23.7132679,-46.7764794
"7345","D041301937",9086,"IMPERADOR, RUA DO",NA,"",3320,"","21/04/2013 03:00",2,"CH",63,3015," "," ",3,0,0,0,0,0,0,0,0,0,0,0,0,0,0,0,0,9086,"IMPERADOR, RUA DO",NA,"",88,"VILA GUILHERME",1,0,"IMPERADOR, RUA DO 3320 SAO PAULO SP",-23.5195042,-46.4703581
"7346","D041300895",15626,"PAULA FERREIRA, AV",NA,"",1500,"","21/04/2013 03:31",2,"CH",87,3669," "," ",1,0,0,0,0,0,0,0,0,0,0,0,0,0,0,0,0,15626,"PAULA FERREIRA, AV",NA,"",64,"PIRITUBA",1,0,"PAULA FERREIRA, AV 1500 SAO PAULO SP",-23.4978018,-46.7112092
"7347","D041302144",17135,"RIO DAS PEDRAS, AV",NA,"",3200,"","21/04/2013 03:47",2,"CH",66,2681," "," ",1,0,0,0,0,0,0,0,0,0,0,0,0,0,0,0,0,17135,"RIO DAS PEDRAS, AV",NA,"",27,"CURSINO",2,0,"RIO DAS PEDRAS, AV 3200 SAO PAULO SP",-23.5804138,-46.5016534
"7349","D041301853",13881,"MIGUEL, AV S",NA,"",5333,"","21/04/2013 05:00",2,"CO",24,4228," "," ",1,0,0,0,0,0,0,0,0,0,0,1,0,0,0,0,0,13881,"MIGUEL, AV S",NA,"",65,"PONTE RASA",1,0,"MIGUEL, AV S 5333 SAO PAULO SP",-23.5071379,-46.4818624
"7350","D041300643",5175,"COLOMBIA, RUA",8225,"GROENLANDIA, RUA",0,"","21/04/2013 05:00",2,"SI",15,3863," "," ",2,0,0,0,0,0,0,0,0,0,0,0,0,0,0,0,0,5175,"COLOMBIA, RUA",8225,"GROENLANDIA, RUA",44,"JARDIM PAULISTA",2,0,"COLOMBIA, RUA SAO PAULO SP &  GROENLANDIA, RUA SAO PAULO SP",-23.5693484,-46.6719364
"7351","D041300047",6642,"ESTADO, AV DO",17799,"SANTOS DUMONT, AV",0,"","21/04/2013 05:15",2,"CO",2,2274,"B"," ",2,0,0,0,0,0,0,0,0,0,0,0,0,0,0,0,0,6642,"ESTADO, AV DO",17799,"SANTOS DUMONT, AV",9,"BOM RETIRO",1,0,"ESTADO, AV DO SAO PAULO SP &  SANTOS DUMONT, AV SAO PAULO SP",-23.5635869,-46.6112253
"7352","D041300677",7491,"FRANCISCO MATARAZZO, AV",NA,"",1752,"","21/04/2013 05:30",2,"CO",23,2677," "," ",1,1,0,0,0,0,0,0,0,0,0,0,0,0,0,0,0,7491,"FRANCISCO MATARAZZO, AV",NA,"",6,"BARRA FUNDA",1,0,"FRANCISCO MATARAZZO, AV 1752 SAO PAULO SP",-23.525491,-46.6794613
"7353","D041300322",8432,"GUATAS, AL DOS",16200,"PIASSANGUABA, AV",0,"","21/04/2013 05:55",2,"CL",16,5270," "," ",2,0,0,0,0,0,0,0,0,0,0,0,0,0,0,0,0,8432,"GUATAS, AL DOS",16200,"PIASSANGUABA, AV",79,"SAUDE",1,0,"GUATAS, AL DOS SAO PAULO SP &  PIASSANGUABA, AV SAO PAULO SP",-23.6150729,-46.6450708
"7354","D041302066",98822,"SUBURBANA FLOR, TR",NA,"",28,"","21/04/2013 06:15",4,"AT",49,5388," "," ",0,1,0,0,0,0,0,0,0,0,0,0,0,0,0,0,0,98822,"SUBURBANA FLOR, TR",NA,"",75,"SAO MATEUS",1,0,"SUBURBANA FLOR, TR 28 SAO PAULO SP",-23.6113639,-46.4487023
"7355","D041302202",999,"SANTO AMARO, AV",22176,"JOAO CASTALDI OU DOS EUCALIPTO, AV",0,"","21/04/2013 06:22",2,"CH",96,4132,"C"," ",1,0,0,0,0,0,0,0,0,0,0,0,0,0,0,0,0,999,"SANTO AMARO, AV",22176,"JOAO CASTALDI OU DOS EUCALIPTO, AV",34,"ITAIM BIBI",0,1,"SANTO AMARO, AV SAO PAULO SP &  JOAO CASTALDI OU DOS EUCALIPTO, AV SAO PAULO SP",-23.614288,-46.6791208
"7356","D041302188",37956,"LIGACAO, EST DE",NA,"",173,"","21/04/2013 06:26",2,"CH",101,2905," "," ",2,0,0,0,0,0,0,0,0,0,0,0,0,0,0,0,0,37956,"LIGACAO, EST DE",NA,"",30,"GRAJAU",1,1,"LIGACAO, EST DE 173 SAO PAULO SP",-23.4360798,-46.7753358
"7357","D041301794",3509,"BELMIRA MARIN, AV DONA",NA,"",4000,"","21/04/2013 06:29",2,"CO",101,2903," "," ",1,1,0,0,0,0,0,0,0,0,0,0,0,0,0,0,0,3509,"BELMIRA MARIN, AV DONA",NA,"",30,"GRAJAU",1,0,"BELMIRA MARIN, AV DONA 4000 SAO PAULO SP",-23.7552125,-46.6777888
"7358","D041300251",6642,"ESTADO, AV DO",10485,"JOAO TEODORO, RUA",0,"","21/04/2013 06:33",4,"AT",12,3026," "," ",1,0,0,0,0,0,0,0,0,0,0,0,0,0,0,0,0,6642,"ESTADO, AV DO",10485,"JOAO TEODORO, RUA",9,"BOM RETIRO",1,0,"ESTADO, AV DO SAO PAULO SP &  JOAO TEODORO, RUA SAO PAULO SP",-23.5635869,-46.6112253
"7359","D041302040",16443,"POA, ES DE",NA,"",6677,"","21/04/2013 08:00",2,"CO",44,2689," "," ",2,0,0,0,0,0,0,0,0,0,0,0,0,0,0,0,0,16443,"POA, ES DE",NA,"",50,"LIMAO",1,0,"POA, ES DE 6677 SAO PAULO SP",-23.5505199,-46.6333094
"7361","D041301196",27965,"GEORGE CHAHESTIAN, RUA",NA,"",222,"","21/04/2013 10:20",2,"CH",38,3524," "," ",1,0,0,0,0,0,0,0,0,0,0,0,0,0,0,0,0,27965,"GEORGE CHAHESTIAN, RUA",NA,"",8,"BELEM",1,0,"GEORGE CHAHESTIAN, RUA 222 SAO PAULO SP",-23.4821635,-46.6505748
"7362","D041301795",3509,"BELMIRA MARIN, AV DONA",NA,"",3350,"","21/04/2013 10:40",2,"CO",101,2945," "," ",1,1,0,0,0,0,0,0,0,0,0,0,0,0,0,0,0,3509,"BELMIRA MARIN, AV DONA",NA,"",30,"GRAJAU",2,0,"BELMIRA MARIN, AV DONA 3350 SAO PAULO SP",-23.7530727,-46.682144
"7363","D041300929",4010,"PASQUALE GALLUPI, RUA",NA,"",795,"","21/04/2013 11:00",4,"AT",89,3325," "," ",0,0,0,0,0,0,0,0,0,0,0,0,0,0,0,1,0,4010,"PASQUALE GALLUPI, RUA",NA,"",55,"MORUMBI",1,0,"PASQUALE GALLUPI, RUA 795 SAO PAULO SP",-23.6151707,-46.7263231
"7364","D041300142",17517,"RUI BARBOSA, RUA",NA,"",618,"","21/04/2013 11:39",4,"AT",5,3210,"C"," ",1,0,0,0,0,0,0,0,0,0,0,0,0,0,0,0,0,17517,"RUI BARBOSA, RUA",NA,"",17,"CAMPO LIMPO",1,0,"RUI BARBOSA, RUA 618 SAO PAULO SP",-23.561014,-46.6451838
"7365","D041300736",855,"ALVARENGA, RUA",14267,"MORUMBI, AV",0,"","21/04/2013 11:40",2,"SI",34,2537," "," ",2,0,0,0,0,0,0,0,0,0,0,0,0,0,0,0,0,855,"ALVARENGA, RUA",14663,"NORDESTINO, RUA",55,"MORUMBI",1,0,"ALVARENGA, RUA SAO PAULO SP &  MORUMBI, AV SAO PAULO SP",-23.56847,-46.7117265
"7366","D041300457",10630,"PEDRO ALVARES CABRAL, AV",33470,"NABIA ABDALA CHOHFI, RUA",0,"","21/04/2013 11:50",2,"CO",36,1781," "," ",1,1,0,0,0,0,0,0,0,0,0,0,0,0,0,0,0,10630,"PEDRO ALVARES CABRAL, AV",12651,"MANUEL DA NOBREGA, RUA",53,"MOEMA",2,0,"PEDRO ALVARES CABRAL, AV SAO PAULO SP &  NABIA ABDALA CHOHFI, RUA SAO PAULO SP",-23.582408,-46.6572821
"7367","D041300271",4012,"CAMPINAS, RUA BR DE",8023,"GLETE, AL",0,"","21/04/2013 13:07",4,"AT",77,2283," "," ",1,0,0,0,0,0,0,0,0,0,0,0,0,0,0,0,0,4012,"CAMPINAS, RUA BR DE",8023,"GLETE, AL",70,"SANTA CECILIA",1,0,"CAMPINAS, RUA BR DE SAO PAULO SP &  GLETE, AL SAO PAULO SP",-23.5353721,-46.6480818
"7368","D041301697",8368,"GUARAPIRANGA, AV",NA,"",350,"","21/04/2013 13:47",2,"CO",92,5017," "," ",0,2,0,0,0,0,0,0,0,0,0,0,0,0,0,0,0,8368,"GUARAPIRANGA, AV",NA,"",45,"JARDIM SAO LUIS",1,0,"GUARAPIRANGA, AV 350 SAO PAULO SP",-23.6715975,-46.7345646
"7369","D041300252",4736,"CELSO GARCIA, AV",NA,"",243,"","21/04/2013 13:49",2,"QM",12,3042," "," ",0,1,0,0,0,0,0,0,0,0,0,0,0,0,0,0,0,4736,"CELSO GARCIA, AV",NA,"",82,"TATUAPE",1,0,"CELSO GARCIA, AV 243 SAO PAULO SP",-23.5395432,-46.6100406
"7371","D041301323",22589,"AURELIO BRASIL RIBEIRO, RUA",NA,"",603,"","21/04/2013 14:20",4,"AT",74,3539," "," ",1,0,0,0,0,0,0,0,0,0,0,0,0,0,0,0,0,22589,"AURELIO BRASIL RIBEIRO, RUA",NA,"",40,"JAGUARE",1,0,"AURELIO BRASIL RIBEIRO, RUA 603 SAO PAULO SP",-23.4556129,-46.7021458
"7372","D041302028",2878,"BARREIRA GRANDE, AV DA",75435,"ARRAIAS DO ARAGUAIA, AV",0,"","21/04/2013 14:30",2,"CO",41,900043," "," ",2,0,0,0,0,0,0,0,0,0,0,0,0,0,0,0,0,2878,"BARREIRA GRANDE, AV DA",75435,"ARRAIAS DO ARAGUAIA, AV",78,"SAPOPEMBA",2,0,"BARREIRA GRANDE, AV DA SAO PAULO SP &  ARRAIAS DO ARAGUAIA, AV SAO PAULO SP",-23.5850458,-46.5249226
"7373","D041302041",4349,"CARLOS DOURADO, RUA CEL",NA,"",30,"","21/04/2013 15:15",4,"AT",44,2703," "," ",1,0,0,0,0,0,0,0,0,0,0,0,0,0,0,0,0,4349,"CARLOS DOURADO, RUA CEL",NA,"",50,"LIMAO",1,0,"CARLOS DOURADO, RUA CEL 30 SAO PAULO SP",-23.5543714,-46.4141629
"7374","D041301463",8181,"GRANITO, RUA",NA,"",159,"","21/04/2013 15:30",4,"AT",42,2577," "," ",1,1,0,0,0,0,0,0,0,0,0,0,0,0,0,0,0,8181,"GRANITO, RUA",NA,"",95,"VILA PRUDENTE",2,0,"GRANITO, RUA 159 SAO PAULO SP",-23.6088654,-46.5553527
"7375","D041301244",8409,"JOAQUIM FERREIRA DA ROCHA, RUA",NA,"",1186,"","21/04/2013 15:50",4,"AT",45,3537," "," ",2,0,0,0,0,0,0,0,0,0,0,0,0,0,0,0,0,8409,"JOAQUIM FERREIRA DA ROCHA, RUA",NA,"",11,"BRASILANDIA",1,0,"JOAQUIM FERREIRA DA ROCHA, RUA 1186 SAO PAULO SP",-23.4649433,-46.6940573
"7376","D041300068",16861,"RAMOS DE AZEVEDO, PCA",NA,"",131,"","21/04/2013 16:15",4,"AT",3,2286," "," ",0,0,0,0,0,0,0,0,0,0,0,0,0,0,0,1,0,16861,"RAMOS DE AZEVEDO, PCA",NA,"",7,"BELA VISTA",1,0,"RAMOS DE AZEVEDO, PCA 131 SAO PAULO SP",-23.5453952,-46.6391791
"7377","D041301493",7497,"FRANCISCO MESQUITA, AV DR",8955,"IBITIRAMA, RUA",0,"","21/04/2013 16:25",2,"CO",56,2570," "," ",2,1,0,0,0,0,0,0,0,0,0,0,0,0,0,0,0,7497,"FRANCISCO MESQUITA, AV DR",8955,"IBITIRAMA, RUA",95,"VILA PRUDENTE",1,0,"FRANCISCO MESQUITA, AV DR SAO PAULO SP &  IBITIRAMA, RUA SAO PAULO SP",-23.5924005,-46.5851483
"7378","D041301938",9086,"IMPERADOR, RUA DO",NA,"",3009,"","21/04/2013 16:30",2,"CO",63,3033," "," ",2,0,0,0,0,0,0,0,0,0,0,0,0,0,0,0,0,9086,"IMPERADOR, RUA DO",NA,"",88,"VILA GUILHERME",2,0,"IMPERADOR, RUA DO 3009 SAO PAULO SP",-23.5192544,-46.4736116
"7379","D041302132",3900,"ABETO, RUA",NA,"",227,"","21/04/2013 17:00",4,"AT",66,1849," "," ",0,1,0,0,0,0,0,0,0,0,0,0,0,0,0,0,0,3900,"ABETO, RUA",NA,"",24,"CIDADE LIDER",3,0,"ABETO, RUA 227 SAO PAULO SP",-23.5581667,-46.5072748
"7381","D041301296",6224,"EDU CHAVES, AV",NA,"",420,"","21/04/2013 18:00",2,"CO",73,4146," "," ",1,0,0,0,1,0,0,0,0,0,0,0,0,0,0,0,0,6224,"EDU CHAVES, AV",NA,"",38,"JACANA",1,0,"EDU CHAVES, AV 420 SAO PAULO SP",-23.4715243,-46.5722583
"7382","D041300468",14517,"NETO DE ARAUJO, RUA DR",NA,"",222,"","21/04/2013 18:00",2,"CO",36,4367," "," ",1,1,0,0,0,0,0,0,0,0,0,0,0,0,0,0,0,14517,"NETO DE ARAUJO, RUA DR",NA,"",9,"BOM RETIRO",1,0,"NETO DE ARAUJO, RUA DR 222 SAO PAULO SP",-23.587346,-46.6328265
"7384","D041301963",9806,"PIRES DO RIO, AV",17160,"RIO PARANA, RUA",0,"","21/04/2013 18:20",2,"CO",64,4244," "," ",1,1,0,0,0,0,0,0,0,0,0,0,0,0,0,0,0,9806,"PIRES DO RIO, AV",19800,"VIRGINIA DE MIRANDA, RUA",76,"SAO MIGUEL",1,0,"PIRES DO RIO, AV SAO PAULO SP &  RIO PARANA, RUA SAO PAULO SP",-23.5173451,-46.443657
"7385","D041302023",3852,"CIPRIANO RODRIGUES, AV",NA,"",141,"","21/04/2013 19:00",2,"CH",41,4076," "," ",1,0,0,0,0,0,0,0,0,0,0,0,0,0,0,0,0,3852,"CIPRIANO RODRIGUES, AV",NA,"",4,"ARICANDUVA",1,0,"CIPRIANO RODRIGUES, AV 141 SAO PAULO SP",-23.5763534,-46.5212359
"7386","D041301124",351,"AGUA FRIA, AV",NA,"",999,"","21/04/2013 19:30",2,"QM",20,3613," "," ",1,1,0,0,0,0,0,0,0,0,0,0,0,0,0,0,0,351,"AGUA FRIA, AV",NA,"",71,"SANTANA",1,0,"AGUA FRIA, AV 999 SAO PAULO SP",-23.479908,-46.6220622
"7389","D041301754",13035,"MIGUEL YUNES, RUA",NA,"",1,"","21/04/2013 22:20",2,"CO",99,4428," "," ",1,1,0,0,0,0,0,0,0,0,0,0,0,0,0,0,0,13035,"MIGUEL YUNES, RUA",NA,"",16,"CAMPO GRANDE",1,0,"MIGUEL YUNES, RUA 1 SAO PAULO SP",-23.6842473,-46.6916315
"7390","D041300930",8000,"GIOVANNI GRONCHI, AV",NA,"",5091,"","21/04/2013 22:25",2,"CL",89,3339," "," ",0,1,0,0,0,0,0,0,0,0,0,1,0,0,0,0,0,8000,"GIOVANNI GRONCHI, AV",NA,"",55,"MORUMBI",1,0,"GIOVANNI GRONCHI, AV 5091 SAO PAULO SP",-23.6246611,-46.7340026