"","id_acidente","codloga","logradouroA","codlogb","logradouroB","alt_num","referencia","data","cod_acid","tipo_acidente","dp","numero_BO","sentido","pista","automovel","moto","onibus","caminhao","bicicleta","moto_taxi","onibus_fretado","onibus_urbano","microonibus","van","vuc","caminhonete","carreta","jipe","outros","sem_informacao","carroca","princ_a","paiA","princ_b","paiB","cod_distrito","distrito","vit_ferida","vit_morta","local","lat","lon"
"7391","D041300871",16878,"RAPOSO TAVARES, VIA",NA,"",16500,"","21/04/2013 22:30",2,"CT",75,3336," "," ",2,0,0,0,0,0,0,0,0,0,0,0,0,0,0,0,0,16878,"RAPOSO TAVARES, VIA",NA,"",13,"CACHOEIRINHA",1,0,"RAPOSO TAVARES, VIA 16500 SAO PAULO SP",-23.520952,-48.4927693
"7392","D041302024",10503,"JOAO XXIII, AV",NA,"",1130,"","21/04/2013 22:30",2,"CO",41,4082," "," ",2,0,0,0,0,0,0,0,0,0,0,0,0,0,0,0,0,10503,"JOAO XXIII, AV",NA,"",4,"ARICANDUVA",2,0,"JOAO XXIII, AV 1130 SAO PAULO SP",-23.5711212,-46.5312832
"7393","D041301221",2458,"ATALIBA VIEIRA, RUA",6799,"EURICO SODRE, RUA",0,"","21/04/2013 23:26",2,"CO",39,4161," "," ",1,1,0,0,0,0,0,0,0,0,0,0,0,0,0,0,0,2458,"ATALIBA VIEIRA, RUA",6799,"EURICO SODRE, RUA",94,"VILA MEDEIROS",1,0,"ATALIBA VIEIRA, RUA SAO PAULO SP &  EURICO SODRE, RUA SAO PAULO SP",-23.4910319,-46.5825542
"7395","D041301222",8923,"IBICARAI, RUA",8320,"GUAPIRA, AV",0,"","21/04/2013 23:40",2,"CO",39,4162," "," ",1,1,0,0,0,0,0,0,0,0,0,0,0,0,0,0,0,8320,"GUAPIRA, AV",8923,"IBICARAI, RUA",84,"TUCURUVI",1,0,"IBICARAI, RUA SAO PAULO SP &  GUAPIRA, AV SAO PAULO SP",-23.4729316,-46.5915287
"7396","D041300897",161,"ADAO PEREIRA, AV CABO",NA,"",519,"","21/04/2013 23:55",2,"CL",87,3700," "," ",0,1,0,0,0,0,0,0,0,0,0,0,0,0,0,1,0,161,"ADAO PEREIRA, AV CABO",NA,"",64,"PIRITUBA",1,0,"ADAO PEREIRA, AV CABO 519 SAO PAULO SP",-23.4833723,-46.7174399
"7397","D041300885",14741,"MIGUEL DE CASTRO, RUA",NA,"",326,"","22/04/2013 00:05",2,"CO",87,2095," "," ",1,1,0,0,0,0,0,0,0,0,0,0,0,0,0,0,0,14741,"MIGUEL DE CASTRO, RUA",NA,"",64,"PIRITUBA",1,0,"MIGUEL DE CASTRO, RUA 326 SAO PAULO SP",-23.4821949,-46.719426
"7398","D041300896",161,"ADAO PEREIRA, AV CABO",NA,"",50,"","22/04/2013 00:10",2,"CH",87,3699," "," ",1,0,0,0,0,0,0,0,0,0,0,0,0,0,0,0,0,161,"ADAO PEREIRA, AV CABO",NA,"",64,"PIRITUBA",1,0,"ADAO PEREIRA, AV CABO 50 SAO PAULO SP",-23.4867562,-46.7149404
"7399","D041301911",17820,"TITO, AV MAL",NA,"",4579,"","22/04/2013 01:49",2,"CO",59,900051," "," ",2,0,0,0,0,0,0,0,0,0,0,0,0,0,0,0,0,17820,"TITO, AV MAL",NA,"",53,"MOEMA",1,0,"TITO, AV MAL 4579 SAO PAULO SP",-23.4965088,-46.4014739
"7400","D041302253",7742,"CATLEIAS, RUA",NA,"",1989,"","22/04/2013 02:12",2,"QV",24,4250," "," ",1,0,0,0,0,0,0,0,0,0,0,0,0,0,0,0,0,7742,"CATLEIAS, RUA",NA,"",53,"MOEMA",0,1,"CATLEIAS, RUA 1989 SAO PAULO SP",-23.4916194,-46.4537399
"7401","D041301646",20048,"YERVANT KISSAJIKIAN, AV",NA,"",200,"","22/04/2013 04:30",2,"CF",80,1411," "," ",1,0,0,0,0,0,0,0,0,0,0,1,0,0,0,0,0,20048,"YERVANT KISSAJIKIAN, AV",NA,"",29,"FREGUESIA DO O",4,0,"YERVANT KISSAJIKIAN, AV 200 SAO PAULO SP",-23.6663089,-46.6763714
"7403","D041301452",19708,"VILA EMA, AV",NA,"",2629,"","22/04/2013 05:20",2,"CO",42,1439,"B"," ",1,1,0,0,0,0,0,0,0,0,0,0,0,0,0,0,0,19708,"VILA EMA, AV",NA,"",26,"CONSOLACAO",1,0,"VILA EMA, AV 2629 SAO PAULO SP",-23.5821481,-46.5514556
"7405","D041301724",98942,"DAVIDE PEREZ, RUA",NA,"",100,"","22/04/2013 05:50",2,"CO",98,5488," "," ",0,1,0,0,0,0,0,0,1,0,0,0,0,0,0,0,0,98942,"DAVIDE PEREZ, RUA",NA,"",59,"PEDREIRA",1,0,"DAVIDE PEREZ, RUA 100 SAO PAULO SP",-23.7049415,-46.650906
"7406","D041301083",28370,"CARMOPOLIS DE MINAS, RUA",13008,"MAGARINOS TORRES, RUA",0,"","22/04/2013 06:00",2,"CO",19,1526," "," ",0,1,0,0,0,0,0,1,0,0,0,0,0,0,0,0,0,13008,"MAGARINOS TORRES, RUA",28370,"CARMOPOLIS DE MINAS, RUA",91,"VILA MARIA",2,0,"CARMOPOLIS DE MINAS, RUA SAO PAULO SP &  MAGARINOS TORRES, RUA SAO PAULO SP",-23.5209619,-46.5849127
"7407","D041300196",14317,"MUNIZ DE SOUSA, RUA",NA,"",992,"","22/04/2013 06:11",4,"AT",6,1897," "," ",1,0,0,0,0,0,0,0,0,0,0,0,0,0,0,0,0,14317,"MUNIZ DE SOUSA, RUA",NA,"",12,"BUTANTA",1,0,"MUNIZ DE SOUSA, RUA 992 SAO PAULO SP",-23.5714616,-46.6283369
"7408","D041301599",5606,"CUPECE, AV",NA,"",3436,"","22/04/2013 06:15",4,"AT",43,1533,"C"," ",1,0,0,0,0,0,0,0,0,0,0,0,0,0,0,0,0,5606,"CUPECE, AV",NA,"",22,"CIDADE ADEMAR",1,0,"CUPECE, AV 3436 SAO PAULO SP",-23.6680379,-46.6522627
"7409","D041301988",62943,"MANUEL SETUBAL, RUA",12996,"MARGARIDA CRISTINA BAUMANN, RUA",0,"","22/04/2013 06:25",4,"AT",68,1223,"C"," ",0,1,0,0,0,0,0,0,0,0,0,0,0,0,0,0,0,12996,"MARGARIDA CRISTINA BAUMANN, RUA",62943,"MANUEL SETUBAL, RUA",47,"LAJEADO",1,0,"MANUEL SETUBAL, RUA SAO PAULO SP &  MARGARIDA CRISTINA BAUMANN, RUA SAO PAULO SP",-23.5290428,-46.4310434
"7411","D041301239",34562,"JOAO PAULO I, AV",NA,"",1700,"","22/04/2013 06:50",2,"CL",45,971," "," ",0,1,0,0,0,0,0,0,1,0,0,0,0,0,0,0,0,34562,"JOAO PAULO I, AV",NA,"",4,"ARICANDUVA",1,0,"JOAO PAULO I, AV 1700 SAO PAULO SP",-23.4791035,-46.6857072
"7412","D041300950",11780,"LEOPOLDINA, AV IMP",NA,"",1703,"","22/04/2013 07:30",2,"CO",91,2713," "," ",1,1,0,0,0,0,0,0,0,0,0,0,0,0,0,0,0,11780,"LEOPOLDINA, AV IMP",NA,"",90,"VILA LEOPOLDINA",1,0,"LEOPOLDINA, AV IMP 1703 SAO PAULO SP",-23.5505199,-46.6333094
"7413","D041301939",46936,"JACU-PESSEGO/NOVA TRABALHADORE, AV",NA,"",100,"","22/04/2013 07:50",2,"CT",63,3054," "," ",0,1,0,0,0,0,0,0,0,0,0,1,0,0,0,0,0,46936,"JACU-PESSEGO/NOVA TRABALHADORE, AV",NA,"",46,"JOSE BONIFACIO",1,0,"JACU-PESSEGO/NOVA TRABALHADORE, AV 100 SAO PAULO SP",-23.5318107,-46.4561889
"7414","D041301822",605,"ALEIXO MONTEIRO MAFRA, PCA PDE",NA,"",19,"","22/04/2013 07:50",2,"QD",22,2045," "," ",0,0,1,0,0,0,0,0,0,0,0,0,0,0,0,0,0,605,"ALEIXO MONTEIRO MAFRA, PCA PDE",NA,"",73,"SAO DOMINGOS",1,0,"ALEIXO MONTEIRO MAFRA, PCA PDE 19 SAO PAULO SP",-23.5505199,-46.6333094
"7415","D041300821",24356,"PAULO RIBEIRO COELHO, RUA DR",33515,"JOSE FILIPE DA SILVA, RUA",0,"","22/04/2013 08:06",2,"SI",51,1809," "," ",1,1,0,0,0,0,0,0,0,0,0,0,0,0,0,0,0,24354,"DOMENICO MARTINELLI, AV",24356,"PAULO RIBEIRO COELHO, RUA DR",68,"RIO PEQUENO",1,0,"PAULO RIBEIRO COELHO, RUA DR SAO PAULO SP &  JOSE FILIPE DA SILVA, RUA SAO PAULO SP",-23.5801122,-46.7608642
"7417","D041300603",7617,"FREDERICO HERMAN JUNIOR, AV PROF",NA,"",345,"","22/04/2013 09:00",2,"CO",14,3896," "," ",1,1,0,0,0,0,0,0,0,0,0,0,0,0,0,0,0,7617,"FREDERICO HERMAN JUNIOR, AV PROF",NA,"",63,"PINHEIROS",1,0,"FREDERICO HERMAN JUNIOR, AV PROF 345 SAO PAULO SP",-23.561177,-46.7017701
"7418","D041300931",61245,"JOSE RAMON URTIZA, RUA",NA,"",768,"","22/04/2013 09:40",2,"SI",89,3347," "," ",2,0,0,0,0,0,0,0,0,0,0,0,0,0,0,0,0,61245,"JOSE RAMON URTIZA, RUA",NA,"",29,"FREGUESIA DO O",1,0,"JOSE RAMON URTIZA, RUA 768 SAO PAULO SP",-23.6336971,-46.7319231
"7419","D041300362",10918,"JOSE DINIZ, AV VER",NA,"",2020,"","22/04/2013 10:10",2,"CT",27,4163," "," ",2,0,0,0,0,0,0,0,0,0,0,0,0,0,0,0,0,10918,"JOSE DINIZ, AV VER",NA,"",15,"CAMPO BELO",1,0,"JOSE DINIZ, AV VER 2020 SAO PAULO SP",-23.6268334,-46.6838561
"7420","D041301522",5448,"COTEGIPE, RUA CONS",16931,"REDENCAO, RUA",0,"","22/04/2013 10:22",2,"CO",81,1126," "," ",2,0,0,0,0,0,0,0,0,0,0,0,0,0,0,0,0,5448,"COTEGIPE, RUA CONS",16931,"REDENCAO, RUA",8,"BELEM",1,0,"COTEGIPE, RUA CONS SAO PAULO SP &  REDENCAO, RUA SAO PAULO SP",-23.5381953,-46.5916171
"7421","D041300886",15626,"PAULA FERREIRA, AV",NA,"",1718,"","22/04/2013 10:30",2,"SI",87,2115," "," ",1,1,0,0,0,0,0,0,0,0,0,0,0,0,0,0,0,15626,"PAULA FERREIRA, AV",NA,"",64,"PIRITUBA",1,0,"PAULA FERREIRA, AV 1718 SAO PAULO SP",-23.4963679,-46.7128056
"7422","D041301005",10622,"JOAQUINA RAMALHO, AV",NA,"",1350,"","22/04/2013 10:30",2,"CO",9,2353," "," ",1,1,0,0,0,0,0,0,0,0,0,0,0,0,0,0,0,10622,"JOAQUINA RAMALHO, AV",NA,"",88,"VILA GUILHERME",1,0,"JOAQUINA RAMALHO, AV 1350 SAO PAULO SP",-23.5049369,-46.6039779
"7423","D041301312",16838,"RAIMUNDO PEREIRA DE MAGAL., AV",15425,"CANTIDIO SAMPAIO, AV DEP",0,"","22/04/2013 11:00",2,"CO",74,1769," "," ",1,1,0,0,0,0,0,0,0,0,0,0,0,0,0,0,0,15425,"CANTIDIO SAMPAIO, AV DEP",16838,"RAIMUNDO PEREIRA DE MAGAL., AV",41,"JARAGUA",1,0,"RAIMUNDO PEREIRA DE MAGAL., AV SAO PAULO SP &  CANTIDIO SAMPAIO, AV DEP SAO PAULO SP",-23.4806625,-46.7253209
"7424","D041301989",1076,"AMERICANO FREIRE, RUA GAL",NA,"",38,"","22/04/2013 11:35",4,"AT",68,1230," "," ",0,1,0,0,0,0,0,0,0,0,0,0,0,0,0,0,0,1076,"AMERICANO FREIRE, RUA GAL",NA,"",47,"LAJEADO",1,0,"AMERICANO FREIRE, RUA GAL 38 SAO PAULO SP",-23.5392688,-46.4084503
"7425","D041300363",19931,"WASHINGTON LUIS, AV",NA,"",7077,"","22/04/2013 12:04",2,"SI",27,4174," "," ",1,1,0,0,0,0,0,0,0,0,0,0,0,0,0,0,0,19931,"WASHINGTON LUIS, AV",NA,"",30,"GRAJAU",1,0,"WASHINGTON LUIS, AV 7077 SAO PAULO SP",-23.6214774,-46.661948
"7426","D041301954",21253,"AGUIA DE HAIA, AV",NA,"",2636,"","22/04/2013 12:15",4,"AT",64,3304," "," ",0,1,0,0,0,0,0,0,0,0,0,0,0,0,0,0,0,21253,"AGUIA DE HAIA, AV",NA,"",0,"NULL",1,0,"AGUIA DE HAIA, AV 2636 SAO PAULO SP",-23.5226622,-46.4752449
"7427","D041301143",5947,"EDGAR FACO, AV GAL",NA,"",100,"","22/04/2013 12:21",2,"CH",28,2143," "," ",4,1,0,0,0,0,0,0,0,0,0,0,0,0,0,0,0,5947,"EDGAR FACO, AV GAL",NA,"",64,"PIRITUBA",1,0,"EDGAR FACO, AV GAL 100 SAO PAULO SP",-23.5055552,-46.7059463
"7428","D041302036",73357,"UTARO KANAI, RUA",NA,"",126,"","22/04/2013 12:23",2,"CO",44,2435,"C"," ",0,1,0,0,0,0,0,0,1,0,0,0,0,0,0,0,0,73357,"UTARO KANAI, RUA",NA,"",50,"LIMAO",1,0,"UTARO KANAI, RUA 126 SAO PAULO SP",-23.5665001,-46.4001578
"7429","D041301896",16652,"ANTONIO JOAO DE MEDEIROS, RUA",NA,"",810,"","22/04/2013 12:30",4,"AT",50,5153," "," ",0,1,0,0,0,0,0,0,0,0,0,0,0,0,0,0,0,16652,"ANTONIO JOAO DE MEDEIROS, RUA",NA,"",54,"MOOCA",1,0,"ANTONIO JOAO DE MEDEIROS, RUA 810 SAO PAULO SP",-23.5097139,-46.3981174
"7430","D041300416",8816,"GUSTAVO DA SILVEIRA, RUA",NA,"",1340,"","22/04/2013 12:56",2,"CO",35,3447," "," ",1,0,0,1,0,0,0,0,0,0,0,0,0,0,0,0,0,8816,"GUSTAVO DA SILVEIRA, RUA",NA,"",37,"JABAQUARA",2,0,"GUSTAVO DA SILVEIRA, RUA 1340 SAO PAULO SP",-23.6555695,-46.6541244
"7431","D041300733",7500,"FRANCISCO MORATO, AV PROF",NA,"",3243,"","22/04/2013 13:00",2,"CO",34,2434," "," ",1,1,0,0,0,0,0,0,0,0,0,0,0,0,0,0,0,7500,"FRANCISCO MORATO, AV PROF",NA,"",12,"BUTANTA",1,0,"FRANCISCO MORATO, AV PROF 3243 SAO PAULO SP",-23.5894399,-46.7291079
"7432","D041302008",18940,"TIBURCIO DE SOUSA, RUA",NA,"",1085,"","22/04/2013 13:00",2,"CO",50,5016,"B"," ",1,1,0,0,0,0,0,0,0,0,0,0,0,0,0,0,0,18940,"TIBURCIO DE SOUSA, RUA",NA,"",35,"ITAIM PAULISTA",1,0,"TIBURCIO DE SOUSA, RUA 1085 SAO PAULO SP",-23.506596,-46.3959074
"7433","D041300234",19742,"VINTE E CINCO DE JANEIRO, RUA",18993,"TIRADENTES, AV",0,"","22/04/2013 13:10",2,"CO",12,2308," "," ",1,0,0,0,0,0,0,0,0,0,0,1,0,0,0,0,0,18993,"TIRADENTES, AV",19742,"VINTE E CINCO DE JANEIRO, RUA",NA,"",1,0,"VINTE E CINCO DE JANEIRO, RUA SAO PAULO SP &  TIRADENTES, AV SAO PAULO SP",-23.5355897,-46.6306144
"7434","D041300663",4216,"CARAIBAS, RUA",NA,"",980,"","22/04/2013 13:12",4,"AT",23,2207,"B"," ",0,0,0,0,0,0,0,0,0,0,0,1,0,0,0,0,0,4216,"CARAIBAS, RUA",NA,"",61,"PERDIZES",1,0,"CARAIBAS, RUA 980 SAO PAULO SP",-23.5357881,-46.6849629
"7435","D041301940",9084,"IMPERADOR, ES DO",NA,"",6192,"","22/04/2013 13:14",4,"AT",63,3064," "," ",0,1,0,0,0,0,0,0,0,0,0,0,0,0,0,0,0,9084,"IMPERADOR, ES DO",NA,"",89,"VILA JACUI",1,0,"IMPERADOR, ES DO 6192 SAO PAULO SP",-23.5505199,-46.6333094
"7437","D041300887",16838,"RAIMUNDO PEREIRA DE MAGAL., AV",NA,"",3098,"","22/04/2013 14:00",4,"AT",87,2124," "," ",1,0,0,0,0,0,0,0,0,0,0,0,0,0,0,0,0,16838,"RAIMUNDO PEREIRA DE MAGAL., AV",NA,"",31,"GUAIANASES",1,0,"RAIMUNDO PEREIRA DE MAGAL., AV 3098 SAO PAULO SP",-23.4974996,-46.7253715
"7438","D041300323",16200,"PIASSANGUABA, AV",9162,"INDIGENAS, AL DOS",0,"","22/04/2013 14:00",2,"SI",16,5341," "," ",1,1,0,0,0,0,0,0,0,0,0,0,0,0,0,0,0,9162,"INDIGENAS, AL DOS",16200,"PIASSANGUABA, AV",79,"SAUDE",1,0,"PIASSANGUABA, AV SAO PAULO SP &  INDIGENAS, AL DOS SAO PAULO SP",-23.6138411,-46.647679
"7439","D041301133",18151,"SEZEFREDO FAGUNDES, AV CEL",NA,"",2218,"","22/04/2013 14:05",4,"AT",20,900047," "," ",0,1,0,0,0,0,0,0,0,0,0,0,0,0,0,0,0,18151,"SEZEFREDO FAGUNDES, AV CEL",NA,"",22,"CIDADE ADEMAR",1,0,"SEZEFREDO FAGUNDES, AV CEL 2218 SAO PAULO SP",-23.4597566,-46.6024628
"7440","D041301894",75207,"SARGACO, RUA",21475,"MANUEL LEMES DA SILVA, RUA",0,"","22/04/2013 14:50",2,"QM",50,4982,"B"," ",0,1,0,0,0,0,0,0,0,0,0,0,0,0,0,0,0,21475,"MANUEL LEMES DA SILVA, RUA",75207,"SARGACO, RUA",35,"ITAIM PAULISTA",1,0,"SARGACO, RUA SAO PAULO SP &  MANUEL LEMES DA SILVA, RUA SAO PAULO SP",-23.4964172,-46.3734848
"7442","D041300501",11562,"LAGRIMAS, ES DAS",NA,"",760,"","22/04/2013 15:07",4,"AT",95,1891," "," ",0,1,0,0,0,0,0,0,0,0,0,0,0,0,0,0,0,11562,"LAGRIMAS, ES DAS",NA,"",69,"SACOMA",1,0,"LAGRIMAS, ES DAS 760 SAO PAULO SP",-23.5505199,-46.6333094
"7443","D041300258",3231,"BENTO FREITAS, RUA",NA,"",111,"","22/04/2013 15:10",4,"AT",77,1643," "," ",1,0,0,0,0,0,0,0,0,0,0,0,0,0,0,0,0,3231,"BENTO FREITAS, RUA",NA,"",67,"REPUBLICA",2,0,"BENTO FREITAS, RUA 111 SAO PAULO SP",-23.5427879,-46.6454807
"7444","D041300048",17799,"SANTOS DUMONT, AV",NA,"",814,"","22/04/2013 15:30",2,"CO",2,2312," "," ",1,1,0,0,0,0,0,0,0,0,0,0,0,0,0,0,0,17799,"SANTOS DUMONT, AV",NA,"",15,"CAMPO BELO",1,0,"SANTOS DUMONT, AV 814 SAO PAULO SP",-23.5211696,-46.6302525
"7445","D041301740",9220,"INTERLAGOS, AV",NA,"",2484,"","22/04/2013 16:25",4,"AT",99,1788,"B"," ",0,0,1,0,0,0,0,0,0,0,0,0,0,0,0,0,0,9220,"INTERLAGOS, AV",NA,"",16,"CAMPO GRANDE",1,0,"INTERLAGOS, AV 2484 SAO PAULO SP",-23.6535957,-46.6799719
"7446","D041301605",16276,"JUAN DE LA CRUZ, RUA",NA,"",365,"","22/04/2013 16:33",2,"CT",43,4302," "," ",0,1,0,0,0,0,0,1,0,0,0,0,0,0,0,0,0,16276,"JUAN DE LA CRUZ, RUA",NA,"",42,"JARDIM ANGELA",1,0,"JUAN DE LA CRUZ, RUA 365 SAO PAULO SP",-23.6625402,-46.6616918
"7447","D041301015",14270,"MORVAN DIAS DE FIGUEIREDO, AV",NA,"",12,"","22/04/2013 17:15",2,"QM",9,3073," "," ",0,1,0,0,0,0,0,0,0,0,0,0,0,0,0,0,0,29772,"MARGINAL DO RIO TIETE, AV",NA,"",0,"NULL",1,0,"MORVAN DIAS DE FIGUEIREDO, AV 12 SAO PAULO SP",-23.5243147,-46.5994809
"7448","D041300644",8889,"HUNGRIA, RUA",6345,"ELISA PEREIRA DE BARROS, RUA DONA",0,"","22/04/2013 17:30",2,"CO",15,3919," "," ",1,1,0,0,0,0,0,0,0,0,0,0,0,0,0,0,0,6345,"ELISA PEREIRA DE BARROS, RUA DONA",8889,"HUNGRIA, RUA",63,"PINHEIROS",1,0,"HUNGRIA, RUA SAO PAULO SP &  ELISA PEREIRA DE BARROS, RUA DONA SAO PAULO SP",-23.5745563,-46.6969855
"7449","D041301720",76295,"RITA MATHILDE COSTA, RUA",NA,"",123,"","22/04/2013 17:40",4,"AT",98,4468," "," ",1,0,0,0,0,0,0,0,0,0,0,0,0,0,0,0,0,76295,"RITA MATHILDE COSTA, RUA",NA,"",29,"FREGUESIA DO O",1,0,"RITA MATHILDE COSTA, RUA 123 SAO PAULO SP",-23.691779,-46.6597672
"7450","D041301408",14202,"MONTESINA, RUA",15047,"ORFANATO, RUA",0,"","22/04/2013 17:40",2,"CO",29,1056," "," ",0,1,0,0,0,0,0,0,0,0,0,0,0,0,0,1,0,14202,"MONTESINA, RUA",15047,"ORFANATO, RUA",87,"VILA FORMOSA",1,0,"MONTESINA, RUA SAO PAULO SP &  ORFANATO, RUA SAO PAULO SP",-23.5741827,-46.5693288
"7451","D041302089",45319,"MALMEQUER DO CAMPO, RUA",NA,"",1530,"","22/04/2013 18:00",4,"AT",53,2735," "," ",0,0,0,0,0,0,0,0,0,0,0,0,0,0,0,1,0,45319,"MALMEQUER DO CAMPO, RUA",NA,"",58,"PARQUE DO CARMO",1,0,"MALMEQUER DO CAMPO, RUA 1530 SAO PAULO SP",-23.5854756,-46.4489858
"7452","D041301324",34530,"FRIEDRICH VON VOITH, RUA",NA,"",100,"","22/04/2013 18:20",4,"AT",74,3587," "," ",0,1,0,0,0,0,0,0,0,0,0,0,0,0,0,0,0,34530,"FRIEDRICH VON VOITH, RUA",NA,"",52,"MARSILAC",1,0,"FRIEDRICH VON VOITH, RUA 100 SAO PAULO SP",-23.4480802,-46.7351834
"7453","D041301245",15485,"PARAPUA, RUA",NA,"",783,"","22/04/2013 18:50",4,"AT",45,3589,"C"," ",1,0,0,0,0,0,0,0,0,0,0,0,0,0,0,0,0,15485,"PARAPUA, RUA",NA,"",4,"ARICANDUVA",1,0,"PARAPUA, RUA 783 SAO PAULO SP",-23.4777735,-46.6910126
"7454","D041300117",15656,"PAULISTA, AV",17240,"ROCHA AZEVEDO, AL MIN",0,"","22/04/2013 18:52",2,"CT",4,3255," "," ",0,1,0,0,0,0,0,0,0,0,0,0,0,0,0,1,0,15656,"PAULISTA, AV",17240,"ROCHA AZEVEDO, AL MIN",7,"BELA VISTA",1,0,"PAULISTA, AV SAO PAULO SP &  ROCHA AZEVEDO, AL MIN SAO PAULO SP",-23.5625897,-46.6549244
"7455","D041300207",15967,"PEDRO I, AV DOM",13383,"MARIANO PROCOPIO, RUA",0,"","22/04/2013 18:59",2,"SI",6,3077," "," ",0,0,0,0,1,0,0,0,0,0,0,0,0,0,0,0,0,13383,"MARIANO PROCOPIO, RUA",15967,"PEDRO I, AV DOM",33,"IPIRANGA",1,0,"PEDRO I, AV DOM SAO PAULO SP &  MARIANO PROCOPIO, RUA SAO PAULO SP",-23.5771805,-46.6103202
"7456","D041300705",9197,"CERES, RUA",NA,"",76,"","22/04/2013 19:00",2,"CH",33,3745," "," ",1,1,0,0,0,0,0,0,0,0,0,0,0,0,0,0,0,9197,"CERES, RUA",NA,"",31,"GUAIANASES",1,0,"CERES, RUA 76 SAO PAULO SP",-23.4850854,-46.7519943
"7457","D041302190",3523,"BOSQUE DA SAUDE, AV",NA,"",568,"","22/04/2013 19:20",4,"AT",16,5357," "," ",1,1,0,0,0,0,0,0,0,0,0,0,0,0,0,0,0,3523,"BOSQUE DA SAUDE, AV",NA,"",27,"CURSINO",2,1,"BOSQUE DA SAUDE, AV 568 SAO PAULO SP",-23.6116875,-46.6328219
"7458","D041300350",2223,"ARLINDO VIEIRA, AV PDE",NA,"",1300,"","22/04/2013 19:20",2,"CO",26,3689," "," ",1,1,0,0,0,0,0,0,0,0,0,0,0,0,0,0,0,2223,"ARLINDO VIEIRA, AV PDE",NA,"",21,"CASA VERDE",1,0,"ARLINDO VIEIRA, AV PDE 1300 SAO PAULO SP",-23.5505199,-46.6333094
"7459","D041302170",22002,"FREDERICO M. DA COSTA CARVALHO, AV DR",NA,"",940,"","22/04/2013 19:50",4,"AT",70,4103," "," ",0,0,0,0,0,0,0,0,0,0,0,0,0,0,0,1,0,22002,"FREDERICO M. DA COSTA CARVALHO, AV DR",NA,"",56,"PARELHEIROS",1,0,"FREDERICO M. DA COSTA CARVALHO, AV DR 940 SAO PAULO SP",-23.6087608,-46.5163856
"7460","D041301246",6361,"ELISIO TEIXEIRA LEITE, AV",NA,"",5242,"","22/04/2013 19:58",2,"CO",45,3594,"C"," ",1,1,0,0,0,0,0,0,0,0,0,0,0,0,0,0,0,6361,"ELISIO TEIXEIRA LEITE, AV",NA,"",29,"FREGUESIA DO O",1,0,"ELISIO TEIXEIRA LEITE, AV 5242 SAO PAULO SP",-23.4546429,-46.7121659
"7462","D041300802",27855,"PIRAPORA, ES DE",NA,"",800,"","22/04/2013 20:22",2,"CO",46,3749," "," ",2,0,0,0,0,0,0,0,0,0,0,0,0,0,0,0,0,27855,"PIRAPORA, ES DE",NA,"",52,"MARSILAC",1,0,"PIRAPORA, ES DE 800 SAO PAULO SP",-23.5505199,-46.6333094
"7463","D041301698",12403,"M'BOI MIRIM, ES",NA,"",2296,"","22/04/2013 20:23",2,"CO",92,5100," "," ",0,1,1,0,0,0,0,0,0,0,0,0,0,0,0,0,0,12403,"M'BOI MIRIM, ES",NA,"",42,"JARDIM ANGELA",2,0,"M'BOI MIRIM, ES 2296 SAO PAULO SP",-23.5505199,-46.6333094
"7464","D041301400",12156,"LUIZ AYRES, RUA DR",NA,"",100,"","22/04/2013 20:25",2,"CT",21,4524," "," ",1,1,0,0,0,0,0,0,0,0,0,0,0,0,0,0,0,12156,"LUIZ AYRES, RUA DR",NA,"",5,"ARTUR ALVIM",1,0,"LUIZ AYRES, RUA DR 100 SAO PAULO SP",-23.5320953,-46.5007163
"7465","D041302029",2878,"BARREIRA GRANDE, AV DA",76079,"JOSUE CARMINO BRUNO, RUA",0,"","22/04/2013 21:00",2,"CO",41,900044," "," ",1,1,1,0,0,0,0,0,0,0,0,0,0,0,0,0,0,2878,"BARREIRA GRANDE, AV DA",76079,"JOSUE CARMINO BRUNO, RUA",78,"SAPOPEMBA",1,0,"BARREIRA GRANDE, AV DA SAO PAULO SP &  JOSUE CARMINO BRUNO, RUA SAO PAULO SP",-23.5850458,-46.5249226
"7466","D041301755",14743,"SABARA, AV NSRA DO",NA,"",2883,"","22/04/2013 21:35",4,"AT",99,4484," "," ",1,0,0,0,0,0,0,0,0,0,0,0,0,0,0,0,0,14743,"SABARA, AV NSRA DO",NA,"",16,"CAMPO GRANDE",1,0,"SABARA, AV NSRA DO 2883 SAO PAULO SP",-23.5505199,-46.6333094
"7467","D041301756",14743,"SABARA, AV NSRA DO",NA,"",1200,"","22/04/2013 21:50",4,"AT",99,4486," "," ",1,0,0,0,0,0,0,0,0,0,0,0,0,0,0,0,1,14743,"SABARA, AV NSRA DO",NA,"",16,"CAMPO GRANDE",1,0,"SABARA, AV NSRA DO 1200 SAO PAULO SP",-23.5505199,-46.6333094
"7468","D041300208",15967,"PEDRO I, AV DOM",9148,"INDEPENDENCIA (CAMBUCI), RUA DA",0,"","22/04/2013 22:00",2,"CO",6,3080," "," ",0,2,0,0,0,0,0,0,0,0,0,0,0,0,0,0,0,9148,"INDEPENDENCIA (CAMBUCI), RUA DA",15967,"PEDRO I, AV DOM",14,"CAMBUCI",1,0,"PEDRO I, AV DOM SAO PAULO SP &  INDEPENDENCIA (CAMBUCI), RUA DA SAO PAULO SP",-23.5771805,-46.6103202