"","id_acidente","codloga","logradouroA","codlogb","logradouroB","alt_num","referencia","data","cod_acid","tipo_acidente","dp","numero_BO","sentido","pista","automovel","moto","onibus","caminhao","bicicleta","moto_taxi","onibus_fretado","onibus_urbano","microonibus","van","vuc","caminhonete","carreta","jipe","outros","sem_informacao","carroca","princ_a","paiA","princ_b","paiB","cod_distrito","distrito","vit_ferida","vit_morta","local","lat","lon"
"7469","D041300511",609,"ALENCAR ARARIPE, RUA",2121,"ARAUJO GONDIM, RUA",0,"","22/04/2013 22:36",2,"CO",95,3496," "," ",0,1,1,0,0,0,0,0,0,0,0,0,0,0,0,0,0,609,"ALENCAR ARARIPE, RUA",2121,"ARAUJO GONDIM, RUA",69,"SACOMA",2,0,"ALENCAR ARARIPE, RUA SAO PAULO SP &  ARAUJO GONDIM, RUA SAO PAULO SP",-23.6148971,-46.5969158
"7470","D041300178",6070,"DONATARIOS, RUA DOS",4014,"CAMPINEIROS, RUA DOS",0,"","22/04/2013 22:37",2,"CO",8,3082," "," ",1,1,0,0,0,0,0,0,0,0,0,0,0,0,0,0,0,4014,"CAMPINEIROS, RUA DOS",6070,"DONATARIOS, RUA DOS",54,"MOOCA",1,0,"DONATARIOS, RUA DOS SAO PAULO SP &  CAMPINEIROS, RUA DOS SAO PAULO SP",-23.5558504,-46.593635
"7471","D041301530",4736,"CELSO GARCIA, AV",4632,"CATUMBI, RUA",0,"","22/04/2013 23:37",2,"CO",81,2301," "," ",1,1,0,0,0,0,0,0,0,0,0,0,0,0,0,0,0,4736,"CELSO GARCIA, AV",17613,"SALDANHA MARINHO, RUA",8,"BELEM",1,0,"CELSO GARCIA, AV SAO PAULO SP &  CATUMBI, RUA SAO PAULO SP",-23.5359522,-46.5717652
"7472","D041301125",14767,"NOVA CANTAREIRA, AV",NA,"",683,"","23/04/2013 00:26",2,"CO",20,3661," "," ",0,1,0,0,0,0,0,0,0,0,0,0,0,0,0,1,0,14767,"NOVA CANTAREIRA, AV",NA,"",83,"TREMEMBE",1,0,"NOVA CANTAREIRA, AV 683 SAO PAULO SP",-23.4865807,-46.6188847
"7473","D041301359",43777,"CARVALHO PINTO, AV GOV",13881,"MIGUEL, AV S",0,"","23/04/2013 00:30",2,"CL",10,4300," "," ",0,1,0,0,0,0,0,0,0,0,0,1,0,0,0,0,0,13881,"MIGUEL, AV S",43777,"CARVALHO PINTO, AV GOV",60,"PENHA",1,0,"CARVALHO PINTO, AV GOV SAO PAULO SP &  MIGUEL, AV S SAO PAULO SP",-23.5149544,-46.5203738
"7474","D041301494",7497,"FRANCISCO MESQUITA, AV DR",NA,"",1000,"","23/04/2013 02:00",4,"AT",56,2607," "," ",1,0,0,0,0,0,0,0,0,0,0,0,0,0,0,0,0,7497,"FRANCISCO MESQUITA, AV DR",NA,"",95,"VILA PRUDENTE",1,0,"FRANCISCO MESQUITA, AV DR 1000 SAO PAULO SP",-23.5931687,-46.5851869
"7475","D041300049",17799,"SANTOS DUMONT, AV",7364,"FRANCISCO BORGES, RUA",0,"","23/04/2013 05:37",2,"QD",2,2323," "," ",0,0,0,0,0,0,0,1,0,0,0,0,0,0,0,0,0,7364,"FRANCISCO BORGES, RUA",17799,"SANTOS DUMONT, AV",9,"BOM RETIRO",1,0,"SANTOS DUMONT, AV SAO PAULO SP &  FRANCISCO BORGES, RUA SAO PAULO SP",-23.5257861,-46.6307889
"7476","D041301803",2483,"ATLANTICA ANT. ROBERT KENNEDY, AV",NA,"",3000,"","23/04/2013 06:04",2,"CO",102,1104," "," ",1,0,0,0,0,0,0,0,0,0,0,1,0,0,0,0,0,2483,"ATLANTICA ANT. ROBERT KENNEDY, AV",NA,"",23,"CIDADE DUTRA",3,0,"ATLANTICA ANT. ROBERT KENNEDY, AV 3000 SAO PAULO SP",-23.5505199,-46.6333094
"7477","D041302000",37209,"NAGIB FARAH MALUF, AV",NA,"",1500,"","23/04/2013 06:20",4,"AT",103,1666," "," ",1,0,0,0,0,0,0,0,0,0,0,0,0,0,0,0,0,37209,"NAGIB FARAH MALUF, AV",NA,"",50,"LIMAO",1,0,"NAGIB FARAH MALUF, AV 1500 SAO PAULO SP",-23.5413279,-46.4325605
"7478","D041302101",45354,"SARA KUBITSCHEK, RUA",45362,"CADERNOS DE VIAGEM, RUA",0,"","23/04/2013 06:55",2,"CO",54,2262," "," ",1,1,0,0,0,0,0,0,0,0,0,0,0,0,0,0,0,45354,"SARA KUBITSCHEK, RUA",45369,"CONTO DE AREIA, RUA",25,"CIDADE TIRADENT",1,0,"SARA KUBITSCHEK, RUA SAO PAULO SP &  CADERNOS DE VIAGEM, RUA SAO PAULO SP",-23.580707,-46.4041414
"7479","D041301565",10918,"JOSE DINIZ, AV VER",NA,"",324,"","23/04/2013 07:00",2,"QM",11,4500," "," ",0,1,0,0,0,0,0,0,0,0,0,0,0,0,0,0,0,10918,"JOSE DINIZ, AV VER",NA,"",15,"CAMPO BELO",2,0,"JOSE DINIZ, AV VER 324 SAO PAULO SP",-23.6395891,-46.695773
"7480","D041301677",4754,"AGOSTINHO RUBIN, AV",NA,"",491,"","23/04/2013 07:10",2,"SI",92,2528," "," ",1,1,0,0,0,0,0,0,0,0,0,0,0,0,0,0,0,4754,"AGOSTINHO RUBIN, AV",NA,"",19,"CAPAO REDONDO",1,0,"AGOSTINHO RUBIN, AV 491 SAO PAULO SP",-23.6573688,-46.76138
"7481","D041301899",4106,"CANDIDO GOMIDE, RUA",17857,"SARDOA, RUA",0,"","23/04/2013 07:10",2,"CO",50,5527," "," ",1,1,0,0,0,0,0,0,0,0,0,0,0,0,0,0,0,4106,"CANDIDO GOMIDE, RUA",17857,"SARDOA, RUA",35,"ITAIM PAULISTA",1,0,"CANDIDO GOMIDE, RUA SAO PAULO SP &  SARDOA, RUA SAO PAULO SP",-23.4993422,-46.3932023
"7482","D041300987",14270,"MORVAN DIAS DE FIGUEIREDO, AV",NA,"",350,"","23/04/2013 07:20",2,"QM",9,1544," "," ",0,1,0,0,0,0,0,0,0,0,0,0,0,0,0,0,0,29772,"MARGINAL DO RIO TIETE, AV",NA,"",0,"NULL",1,0,"MORVAN DIAS DE FIGUEIREDO, AV 350 SAO PAULO SP",-23.5180631,-46.6196622
"7483","D041301636",9220,"INTERLAGOS, AV",NA,"",5073,"","23/04/2013 07:26",2,"SI",48,1547," "," ",1,1,0,0,0,0,0,0,0,0,0,0,0,0,0,0,0,9220,"INTERLAGOS, AV",NA,"",16,"CAMPO GRANDE",1,0,"INTERLAGOS, AV 5073 SAO PAULO SP",-23.6905286,-46.697781
"7484","D041301313",18594,"TAIPAS, ES",NA,"",1800,"","23/04/2013 07:27",2,"CF",74,1790," "," ",0,1,0,0,0,0,0,0,0,0,0,1,0,0,0,0,0,18594,"TAIPAS, ES",NA,"",52,"MARSILAC",1,0,"TAIPAS, ES 1800 SAO PAULO SP",-23.4261258,-46.7260757
"7485","D041301570",6238,"NACOES UNIDAS, AV DAS",NA,"",17890,"","23/04/2013 07:30",2,"CO",11,4580," "," ",1,1,0,0,0,0,0,0,0,0,0,0,0,0,0,0,0,13014,"MARGINAL DO RIO PINHEIROS, AV",NA,"",90,"VILA LEOPOLDINA",1,0,"NACOES UNIDAS, AV DAS 17890 SAO PAULO SP",-23.6791504,-46.6960739
"7487","D041301566",1085,"AMERICO BRASILIENSE, RUA",9103,"INACIO BORBA, RUA",0,"","23/04/2013 07:30",2,"CL",11,4505," "," ",1,1,0,0,0,0,0,0,0,0,0,0,0,0,0,0,0,1085,"AMERICO BRASILIENSE, RUA",9103,"INACIO BORBA, RUA",72,"SANTO AMARO",1,0,"AMERICO BRASILIENSE, RUA SAO PAULO SP &  INACIO BORBA, RUA SAO PAULO SP",-23.6335602,-46.6985294
"7489","D041301859",98965,"CALIM EID, AV",NA,"",439,"","23/04/2013 07:50",2,"CO",24,4783," "," ",2,0,0,0,0,0,0,0,0,0,0,0,0,0,0,0,0,98965,"CALIM EID, AV",NA,"",60,"PENHA",1,0,"CALIM EID, AV 439 SAO PAULO SP",-23.5201145,-46.5083221
"7490","D041302090",46936,"JACU-PESSEGO/NOVA TRABALHADORE, AV",NA,"",177,"","23/04/2013 07:55",2,"CO",53,2742," "," ",1,1,0,0,0,0,0,0,0,0,0,0,0,0,0,0,0,46936,"JACU-PESSEGO/NOVA TRABALHADORE, AV",NA,"",46,"JOSE BONIFACIO",1,0,"JACU-PESSEGO/NOVA TRABALHADORE, AV 177 SAO PAULO SP",-23.5315086,-46.4564166
"7491","D041301475",15304,"PAES DE BARROS, AV",15275,"PACHECO E CHAVES, RUA CAP",0,"","23/04/2013 08:05",2,"CT",56,720," "," ",1,0,1,0,0,0,0,0,0,0,0,0,0,0,0,0,0,15275,"PACHECO E CHAVES, RUA CAP",15304,"PAES DE BARROS, AV",95,"VILA PRUDENTE",1,0,"PAES DE BARROS, AV SAO PAULO SP &  PACHECO E CHAVES, RUA CAP SAO PAULO SP",-23.5743005,-46.5876557
"7492","D041300485",13915,"MIGUEL ESTEFANO, AV",NA,"",3900,"","23/04/2013 08:09",2,"CO",83,963," "," ",0,1,0,0,0,0,0,0,0,0,0,1,0,0,0,0,0,13915,"MIGUEL ESTEFANO, AV",NA,"",27,"CURSINO",1,0,"MIGUEL ESTEFANO, AV 3900 SAO PAULO SP",-23.6478326,-46.6244984
"7493","D041301214",6475,"ALDEIA VINTE DE SETEMBRO, RUA",NA,"",594,"","23/04/2013 08:30",2,"CF",39,1886," "," ",1,0,0,0,0,0,0,0,0,0,0,1,0,0,0,0,0,6475,"ALDEIA VINTE DE SETEMBRO, RUA",NA,"",94,"VILA MEDEIROS",2,0,"ALDEIA VINTE DE SETEMBRO, RUA 594 SAO PAULO SP",-23.4948122,-46.5943572
"7495","D041300878",5680,"JOAQUIM DE SANTANA, AV",NA,"",202,"","23/04/2013 09:00",4,"AT",75,3604," "," ",0,0,0,0,0,0,0,0,0,0,0,0,0,0,0,1,0,5680,"JOAQUIM DE SANTANA, AV",NA,"",66,"RAPOSO TAVARES",1,0,"JOAQUIM DE SANTANA, AV 202 SAO PAULO SP",-23.5988241,-46.7868404
"7496","D041302067",9044,"RAGUEB CHOHFI, AV",NA,"",2000,"","23/04/2013 09:00",2,"CO",49,5223," "," ",1,1,0,0,0,0,0,0,0,0,0,0,0,0,0,0,0,9044,"RAGUEB CHOHFI, AV",NA,"",32,"IGUATEMI",2,0,"RAGUEB CHOHFI, AV 2000 SAO PAULO SP",-23.5988274,-46.4654504
"7497","D041301176",9170,"INES, AV STA",NA,"",1001,"","23/04/2013 09:28",4,"AT",38,2050," "," ",1,0,0,0,0,0,0,0,0,0,0,0,0,0,0,0,0,9170,"INES, AV STA",NA,"",51,"MANDAQUI",1,0,"INES, AV STA 1001 SAO PAULO SP",-23.4710893,-46.6299565
"7498","D041301941",10340,"JOAO JOSE RODRIGUES, RUA",NA,"",64,"","23/04/2013 10:00",2,"CO",63,3091," "," ",1,1,0,0,0,0,0,0,0,0,0,0,0,0,0,0,0,10340,"JOAO JOSE RODRIGUES, RUA",NA,"",76,"SAO MIGUEL",1,0,"JOAO JOSE RODRIGUES, RUA 64 SAO PAULO SP",-23.4933257,-46.4509108
"7499","D041301006",1039,"AMAZONAS DA SILVA, RUA",10497,"JOAO VENTURA BATISTA, RUA",0,"","23/04/2013 11:15",2,"CO",9,2372," "," ",1,0,0,1,0,0,0,0,0,0,0,0,0,0,0,0,0,1039,"AMAZONAS DA SILVA, RUA",10497,"JOAO VENTURA BATISTA, RUA",88,"VILA GUILHERME",1,0,"AMAZONAS DA SILVA, RUA SAO PAULO SP &  JOAO VENTURA BATISTA, RUA SAO PAULO SP",-23.5169466,-46.611274
"7500","D041300502",1247,"ANCHIETA, VIA",NA,"",10850,"","23/04/2013 11:45",2,"CO",95,1912," "," ",3,0,0,0,0,0,0,0,0,0,0,0,0,0,0,1,0,1247,"ANCHIETA, VIA",NA,"",33,"IPIRANGA",1,0,"ANCHIETA, VIA 10850 SAO PAULO SP",-23.6433577,-46.5860313
"7501","D041300080",17115,"RIO BRANCO, AV",NA,"",409,"","23/04/2013 11:55",4,"AT",3,3328," "," ",0,0,0,0,0,0,0,0,0,0,0,1,0,0,0,0,0,17115,"RIO BRANCO, AV",NA,"",5,"ARTUR ALVIM",1,0,"RIO BRANCO, AV 409 SAO PAULO SP",-23.53952,-46.6404383
"7502","D041302136",17135,"RIO DAS PEDRAS, AV",14875,"ODILON PIRES, AV",0,"","23/04/2013 12:00",2,"CF",66,3373," "," ",0,1,0,0,0,0,0,0,0,0,0,1,0,0,0,0,0,14875,"ODILON PIRES, AV",17135,"RIO DAS PEDRAS, AV",4,"ARICANDUVA",1,0,"RIO DAS PEDRAS, AV SAO PAULO SP &  ODILON PIRES, AV SAO PAULO SP",-23.5630062,-46.5152683
"7503","D041302147",17135,"RIO DAS PEDRAS, AV",14875,"ODILON PIRES, AV",0,"","23/04/2013 12:00",2,"CF",66,3373," "," ",0,1,0,0,0,0,0,0,0,0,0,1,0,0,0,0,0,14875,"ODILON PIRES, AV",17135,"RIO DAS PEDRAS, AV",4,"ARICANDUVA",1,0,"RIO DAS PEDRAS, AV SAO PAULO SP &  ODILON PIRES, AV SAO PAULO SP",-23.5630062,-46.5152683
"7504","D041301757",6238,"NACOES UNIDAS, AV DAS",NA,"",20800,"","23/04/2013 12:30",2,"CO",99,4509," "," ",1,1,0,0,0,0,0,0,0,0,0,0,0,0,0,0,0,13014,"MARGINAL DO RIO PINHEIROS, AV",NA,"",90,"VILA LEOPOLDINA",1,0,"NACOES UNIDAS, AV DAS 20800 SAO PAULO SP",-23.6791494,-46.6960603
"7505","D041300324",15914,"PEDRO DE TOLEDO, RUA",NA,"",270,"","23/04/2013 12:36",4,"AT",16,5375," "," ",1,0,0,0,0,0,0,0,0,0,0,0,0,0,0,0,0,15914,"PEDRO DE TOLEDO, RUA",NA,"",24,"CIDADE LIDER",1,0,"PEDRO DE TOLEDO, RUA 270 SAO PAULO SP",-23.5983995,-46.6393088
"7506","D041300259",2889,"BARROS, AL",NA,"",922,"","23/04/2013 12:50",4,"AT",77,1656," "," ",0,1,0,0,0,0,0,0,0,0,0,0,0,0,0,0,0,2889,"BARROS, AL",NA,"",70,"SANTA CECILIA",1,0,"BARROS, AL 922 SAO PAULO SP",-23.5349593,-46.6597872
"7507","D041302192",2850,"BARONESA, ES DA",NA,"",58,"","23/04/2013 12:56",2,"CH",100,2137," "," ",1,1,0,0,0,0,0,0,0,0,0,0,0,0,0,0,0,2850,"BARONESA, ES DA",NA,"",42,"JARDIM ANGELA",0,1,"BARONESA, ES DA 58 SAO PAULO SP",-23.5505199,-46.6333094
"7508","D041300734",43189,"JACOB SALVADOR ZVEIBIL, AV DEP",NA,"",10,"","23/04/2013 13:00",2,"QM",34,2453," "," ",0,1,0,0,0,0,0,0,0,0,0,0,0,0,0,0,0,43189,"JACOB SALVADOR ZVEIBIL, AV DEP",NA,"",13,"CACHOEIRINHA",1,0,"JACOB SALVADOR ZVEIBIL, AV DEP 10 SAO PAULO SP",-23.5831502,-46.7260817
"7509","D041301510",11756,"LEONETA, RUA",NA,"",25,"","23/04/2013 13:01",2,"CO",58,910," "," ",1,1,0,0,0,0,0,0,0,0,0,0,0,0,0,0,0,11756,"LEONETA, RUA",NA,"",87,"VILA FORMOSA",1,0,"LEONETA, RUA 25 SAO PAULO SP",-23.5809523,-46.5373732
"7510","D041300347",2223,"ARLINDO VIEIRA, AV PDE",18297,"SIMAO LOPES, RUA",0,"","23/04/2013 13:04",4,"AT",26,3501," "," ",0,0,0,0,0,0,0,1,0,0,0,0,0,0,0,0,0,2223,"ARLINDO VIEIRA, AV PDE",18297,"SIMAO LOPES, RUA",69,"SACOMA",1,0,"ARLINDO VIEIRA, AV PDE SAO PAULO SP &  SIMAO LOPES, RUA SAO PAULO SP",-23.5505199,-46.6333094
"7511","D041302269",75469,"FELIPE PEDRELL, AV",NA,"",72,"","23/04/2013 13:15",2,"CH",48,1552," "," ",1,0,0,0,0,0,0,0,0,0,0,0,0,0,0,0,0,75469,"FELIPE PEDRELL, AV",NA,"",32,"IGUATEMI",2,1,"FELIPE PEDRELL, AV 72 SAO PAULO SP",-23.7415391,-46.6998562
"7512","D041300783",98889,"FRANCISCO PERAZA, RUA",NA,"",9999,"","23/04/2013 13:19",2,"CO",46,1928," "," ",0,0,0,1,1,0,0,0,0,0,0,0,0,0,0,0,0,98889,"FRANCISCO PERAZA, RUA",NA,"",3,"ANHANGUERA",1,0,"FRANCISCO PERAZA, RUA 9999 SAO PAULO SP",-23.4442936,-46.7985579
"7513","D041302091",36318,"OSVALDO PUCCI, AV",NA,"",621,"","23/04/2013 13:30",2,"CT",53,2746," "," ",1,0,0,0,0,0,0,0,0,0,0,2,0,0,0,0,0,36318,"OSVALDO PUCCI, AV",NA,"",5,"ARTUR ALVIM",1,0,"OSVALDO PUCCI, AV 621 SAO PAULO SP",-23.5680679,-46.46226
"7514","D041301367",44299,"AIRTON PRETINI, AV",69518,"CID GALVAO DA SILVA, RUA VER",0,"","23/04/2013 13:30",2,"CO",10,4554," "," ",2,0,0,0,0,0,0,0,0,0,0,0,0,0,0,0,0,44299,"AIRTON PRETINI, AV",69518,"CID GALVAO DA SILVA, RUA VER",60,"PENHA",1,0,"AIRTON PRETINI, AV SAO PAULO SP &  CID GALVAO DA SILVA, RUA VER SAO PAULO SP",-23.5267736,-46.5559127
"7515","D041300531",19100,"BANDEIRANTES, AV DOS",NA,"",1054,"","23/04/2013 13:43",2,"SI",96,1875," "," ",1,0,0,1,0,0,0,0,0,0,0,0,0,0,0,0,0,19100,"BANDEIRANTES, AV DOS",NA,"",24,"CIDADE LIDER",4,0,"BANDEIRANTES, AV DOS 1054 SAO PAULO SP",-23.6062616,-46.6785316
"7516","D041300031",8029,"GLORIA, RUA DA",9032,"IGUAPE, RUA BR DE",0,"","23/04/2013 14:15",2,"CO",1,90023," "," ",1,1,0,0,0,0,0,0,0,0,0,0,0,0,0,0,0,8029,"GLORIA, RUA DA",9032,"IGUAPE, RUA BR DE",49,"LIBERDADE",2,0,"GLORIA, RUA DA SAO PAULO SP &  IGUAPE, RUA BR DE SAO PAULO SP",-23.5601016,-46.6327347
"7517","D041300231",6642,"ESTADO, AV DO",NA,"",2770,"","23/04/2013 14:20",4,"AT",12,2269," "," ",0,1,0,0,0,0,0,0,0,0,0,0,0,0,0,0,0,6642,"ESTADO, AV DO",NA,"",9,"BOM RETIRO",1,0,"ESTADO, AV DO 2770 SAO PAULO SP",-23.5389996,-46.6274524
"7518","D041300418",4468,"CARNAUBEIRAS, RUA DAS",8285,"VOLKSWAGEN, RUA",0,"","23/04/2013 14:30",4,"AT",35,3509," "," ",1,0,0,0,0,0,0,0,0,0,0,0,0,0,0,0,0,4468,"CARNAUBEIRAS, RUA DAS",8285,"VOLKSWAGEN, RUA",37,"JABAQUARA",1,0,"CARNAUBEIRAS, RUA DAS SAO PAULO SP &  VOLKSWAGEN, RUA SAO PAULO SP",-23.6350627,-46.6429917
"7519","D041300364",19692,"VIEIRA DE MORAIS, RUA",11526,"REPUBLICA DO IRAQUE, RUA",0,"","23/04/2013 15:26",2,"CO",27,4223," "," ",1,1,0,0,0,0,0,0,0,0,0,0,0,0,0,0,0,11526,"REPUBLICA DO IRAQUE, RUA",19692,"VIEIRA DE MORAIS, RUA",15,"CAMPO BELO",1,0,"VIEIRA DE MORAIS, RUA SAO PAULO SP &  REPUBLICA DO IRAQUE, RUA SAO PAULO SP",-23.6269251,-46.6646216
"7520","D041301430",34122,"MELO FREIRE, RUA",NA,"",100,"","23/04/2013 15:30",2,"SI",30,2229," "," ",1,1,0,0,0,0,0,0,0,0,0,0,0,0,0,0,0,34122,"MELO FREIRE, RUA",NA,"",27,"CURSINO",1,0,"MELO FREIRE, RUA 100 SAO PAULO SP",-23.7007906,-46.6357737
"7521","D041302037",16443,"POA, ES DE",NA,"",30,"","23/04/2013 15:45",2,"CO",44,2469," "," ",0,1,0,0,0,0,0,0,0,0,0,0,0,0,0,0,0,16443,"POA, ES DE",NA,"",50,"LIMAO",1,0,"POA, ES DE 30 SAO PAULO SP",-23.5505199,-46.6333094
"7522","D041301873",17563,"SABBADO D'ANGELO, RUA",NA,"",1117,"","23/04/2013 16:00",4,"AT",32,2534," "," ",1,0,0,0,0,0,0,0,0,0,0,0,0,0,0,0,0,17563,"SABBADO D'ANGELO, RUA",NA,"",36,"ITAQUERA",1,0,"SABBADO D'ANGELO, RUA 1117 SAO PAULO SP",-23.5505199,-46.6333094
"7524","D041300419",8459,"CORIOLANO DURAND, RUA",NA,"",500,"","23/04/2013 17:00",2,"CO",35,3514," "," ",1,1,0,0,0,0,0,0,0,0,0,0,0,0,0,0,0,8459,"CORIOLANO DURAND, RUA",NA,"",37,"JABAQUARA",1,0,"CORIOLANO DURAND, RUA 500 SAO PAULO SP",-23.6528615,-46.6558939
"7525","D041302273",35858,"GUIDO CALOI, AV",NA,"",100,"","23/04/2013 17:10",2,"CO",92,5115," "," ",4,0,0,0,0,0,0,0,0,0,0,0,0,0,0,0,0,35858,"GUIDO CALOI, AV",NA,"",32,"IGUATEMI",0,1,"GUIDO CALOI, AV 100 SAO PAULO SP",-23.6456532,-46.7275414
"7526","D041300365",10918,"JOSE DINIZ, AV VER",10076,"JESUINO MACIEL, RUA DR",0,"","23/04/2013 17:24",4,"AT",27,4224," "," ",1,0,0,0,0,0,0,0,0,0,0,0,0,0,0,0,0,10076,"JESUINO MACIEL, RUA DR",10918,"JOSE DINIZ, AV VER",15,"CAMPO BELO",1,0,"JOSE DINIZ, AV VER SAO PAULO SP &  JESUINO MACIEL, RUA DR SAO PAULO SP",-23.6339852,-46.6908948
"7527","D041300604",18813,"TEODORO SAMPAIO, RUA",NA,"",2049,"","23/04/2013 17:30",4,"AT",14,3966," "," ",1,0,0,0,0,0,0,0,0,0,0,0,0,0,0,0,0,18813,"TEODORO SAMPAIO, RUA",NA,"",20,"CARRAO",1,0,"TEODORO SAMPAIO, RUA 2049 SAO PAULO SP",-23.5641021,-46.6881873
"7528","D041302043",72670,"INACIO MONTEIRO, RUA",NA,"",901,"","23/04/2013 18:00",2,"CO",44,2762," "," ",1,1,0,0,0,0,0,0,0,0,0,0,0,0,0,0,0,72670,"INACIO MONTEIRO, RUA",NA,"",50,"LIMAO",1,0,"INACIO MONTEIRO, RUA 901 SAO PAULO SP",-23.5683858,-46.4018287
"7529","D041300605",8714,"HENRIQUE SCHAUMANN, RUA",NA,"",350,"","23/04/2013 18:06",4,"AT",14,3967," "," ",0,1,0,0,0,0,0,0,0,0,0,0,0,0,0,0,0,8714,"HENRIQUE SCHAUMANN, RUA",NA,"",63,"PINHEIROS",1,0,"HENRIQUE SCHAUMANN, RUA 350 SAO PAULO SP",-23.5616331,-46.6796296
"7530","D041300792",7153,"FIORELLI PECCICACCO, RUA",NA,"",481,"","23/04/2013 18:15",2,"CO",46,2092,"B"," ",1,1,0,0,0,0,0,0,0,0,0,0,0,0,0,0,0,7153,"FIORELLI PECCICACCO, RUA",NA,"",62,"PERUS",1,0,"FIORELLI PECCICACCO, RUA 481 SAO PAULO SP",-23.4044249,-46.7509297
"7533","D041301812",2483,"ATLANTICA ANT. ROBERT KENNEDY, AV",NA,"",3686,"","23/04/2013 19:15",2,"CL",102,4529," "," ",1,1,0,0,0,0,0,0,0,0,0,0,0,0,0,0,0,2483,"ATLANTICA ANT. ROBERT KENNEDY, AV",NA,"",23,"CIDADE DUTRA",1,0,"ATLANTICA ANT. ROBERT KENNEDY, AV 3686 SAO PAULO SP",-23.5505199,-46.6333094
"7534","D041300069",17115,"RIO BRANCO, AV",8536,"GUSMOES, RUA DOS",0,"","23/04/2013 19:15",4,"AT",3,2338,"C"," ",0,1,0,0,0,0,0,0,0,0,0,0,0,0,0,0,0,8536,"GUSMOES, RUA DOS",17115,"RIO BRANCO, AV",67,"REPUBLICA",1,0,"RIO BRANCO, AV SAO PAULO SP &  GUSMOES, RUA DOS SAO PAULO SP",-23.5329709,-46.6450922
"7537","D041301758",9220,"INTERLAGOS, AV",NA,"",2068,"","23/04/2013 19:53",2,"CO",99,4520," "," ",0,1,0,0,0,0,0,0,0,0,0,0,0,0,0,0,0,9220,"INTERLAGOS, AV",NA,"",16,"CAMPO GRANDE",1,0,"INTERLAGOS, AV 2068 SAO PAULO SP",-23.6718928,-46.6778329
"7538","D041301927",14094,"MOGI DAS CRUZES, ES DE",NA,"",1000,"","23/04/2013 20:00",2,"CO",62,4336," "," ",1,1,0,0,0,0,0,0,0,0,0,0,0,0,0,0,0,14094,"MOGI DAS CRUZES, ES DE",NA,"",65,"PONTE RASA",2,0,"MOGI DAS CRUZES, ES DE 1000 SAO PAULO SP",-23.5505199,-46.6333094
"7539","D041301069",20066,"ZILDA, RUA",5738,"DARIO RIBEIRO, RUA PROF",0,"","23/04/2013 21:05",2,"CO",13,4425," "," ",0,2,0,0,0,0,0,0,0,0,0,0,0,0,0,0,0,5738,"DARIO RIBEIRO, RUA PROF",20066,"ZILDA, RUA",21,"CASA VERDE",1,0,"ZILDA, RUA SAO PAULO SP &  DARIO RIBEIRO, RUA PROF SAO PAULO SP",-23.4940166,-46.6617848
"7540","D041302191",15507,"TEOTONIO VILELA, AV SEN",NA,"",4000,"","23/04/2013 21:19",2,"CL",101,2990," "," ",1,1,0,0,0,0,0,0,0,0,0,0,0,0,0,0,0,15507,"TEOTONIO VILELA, AV SEN",NA,"",23,"CIDADE DUTRA",0,1,"TEOTONIO VILELA, AV SEN 4000 SAO PAULO SP",-23.7350979,-46.6992355
"7541","D041300981",831,"ALTINO, AV PRES",6101,"DRACENA, AV",0,"","23/04/2013 21:30",2,"CO",93,2770," "," ",1,1,0,0,0,0,0,0,0,0,0,0,0,0,0,0,0,831,"ALTINO, AV PRES",6101,"DRACENA, AV",40,"JAGUARE",1,0,"ALTINO, AV PRES SAO PAULO SP &  DRACENA, AV SAO PAULO SP",-23.5311,-46.7575044
"7542","D041302255",17824,"SAPOPEMBA, AV",NA,"",18841,"","23/04/2013 21:39",2,"CL",49,5561,"B"," ",0,0,1,0,1,0,0,0,0,0,0,0,0,0,0,0,0,17824,"SAPOPEMBA, AV",NA,"",33,"IPIRANGA",0,1,"SAPOPEMBA, AV 18841 SAO PAULO SP",-23.6228321,-46.4438559
"7543","D041301895",43625,"BETULA NEGRA, RUA",NA,"",139,"","23/04/2013 21:57",2,"CF",50,5069," "," ",1,1,0,0,0,0,0,0,0,0,0,0,0,0,0,0,0,43625,"BETULA NEGRA, RUA",NA,"",54,"MOOCA",1,0,"BETULA NEGRA, RUA 139 SAO PAULO SP",-23.5122794,-46.3898056
"7544","D041300143",15656,"PAULISTA, AV",NA,"",140,"","23/04/2013 21:58",2,"QD",5,3295," "," ",0,0,1,0,0,0,0,0,0,0,0,0,0,0,0,0,0,15656,"PAULISTA, AV",NA,"",7,"BELA VISTA",1,0,"PAULISTA, AV 140 SAO PAULO SP",-23.57032,-46.6453607
"7546","D041301297",15445,"PARAISO, RUA DO",NA,"",37,"","23/04/2013 22:30",2,"CH",73,4248," "," ",1,1,0,0,0,0,0,0,0,0,0,0,0,0,0,0,0,15445,"PARAISO, RUA DO",NA,"",2,"ALTO DE PINHEIR",1,0,"PARAISO, RUA DO 37 SAO PAULO SP",-23.5725236,-46.6425781
"7547","D041300581",12436,"MACEDO SOARES, AV EMB",NA,"",6693,"","23/04/2013 23:00",2,"CO",7,2773," "," ",1,1,0,0,0,0,0,0,0,0,0,0,0,0,0,0,0,29772,"MARGINAL DO RIO TIETE, AV",NA,"",48,"LAPA",2,0,"MACEDO SOARES, AV EMB 6693 SAO PAULO SP",-23.5184656,-46.7431339