"","id_acidente","codloga","logradouroA","codlogb","logradouroB","alt_num","referencia","data","cod_acid","tipo_acidente","dp","numero_BO","sentido","pista","automovel","moto","onibus","caminhao","bicicleta","moto_taxi","onibus_fretado","onibus_urbano","microonibus","van","vuc","caminhonete","carreta","jipe","outros","sem_informacao","carroca","princ_a","paiA","princ_b","paiB","cod_distrito","distrito","vit_ferida","vit_morta","local","lat","lon"
"7549","D041300179",19163,"TRILHOS, RUA DOS",NA,"",1451,"","23/04/2013 23:05",2,"CT",8,3125," "," ",1,1,0,0,0,0,0,0,0,0,0,0,0,0,0,0,0,19163,"TRILHOS, RUA DOS",NA,"",54,"MOOCA",1,0,"TRILHOS, RUA DOS 1451 SAO PAULO SP",-23.5539539,-46.5955427
"7550","D041301567",19844,"VITOR MANZINI, AV",NA,"",180,"","23/04/2013 23:30",2,"CO",11,4528," "," ",1,1,0,0,0,0,0,0,0,0,0,0,0,0,0,0,0,19844,"VITOR MANZINI, AV",NA,"",29,"FREGUESIA DO O",2,0,"VITOR MANZINI, AV 180 SAO PAULO SP",-23.6626791,-46.7071719
"7551","D041300678",8615,"HEITOR PENTEADO, RUA",NA,"",100,"","23/04/2013 23:35",2,"CH",23,2772," "," ",0,1,0,0,0,0,0,0,0,0,0,0,0,0,0,0,0,8615,"HEITOR PENTEADO, RUA",NA,"",61,"PERDIZES",1,0,"HEITOR PENTEADO, RUA 100 SAO PAULO SP",-23.5500145,-46.6797843
"7553","D041301514",141,"ACURUI, RUA",NA,"",20,"","24/04/2013 00:16",2,"CO",58,2328," "," ",1,1,0,0,0,0,0,0,0,0,0,0,0,0,0,0,0,141,"ACURUI, RUA",NA,"",87,"VILA FORMOSA",2,0,"ACURUI, RUA 20 SAO PAULO SP",-23.5560911,-46.554171
"7554","D041300645",12326,"JUSCELINO KUBITSCHEK, AV PRES",5105,"CLODOMIRO AMAZONAS, RUA",0,"","24/04/2013 00:20",2,"CL",15,3978," "," ",1,1,0,0,0,0,0,0,0,0,0,0,0,0,0,0,0,5105,"CLODOMIRO AMAZONAS, RUA",12326,"JUSCELINO KUBITSCHEK, AV PRES",34,"ITAIM BIBI",1,0,"JUSCELINO KUBITSCHEK, AV PRES SAO PAULO SP &  CLODOMIRO AMAZONAS, RUA SAO PAULO SP",-23.5909217,-46.6886685
"7555","D041300803",18262,"SILVIO DE CAMPOS, AV DR",NA,"",722,"","24/04/2013 02:25",4,"AT",46,3780,"C"," ",1,0,0,0,0,0,0,0,0,0,0,0,0,0,0,0,0,18262,"SILVIO DE CAMPOS, AV DR",NA,"",NA,"",1,0,"SILVIO DE CAMPOS, AV DR 722 SAO PAULO SP",-23.4071895,-46.7618517
"7556","D041302264",954,"AMADOR BUENO DA VEIGA, AV",10025,"JAIME TORRES, AV",0,"","24/04/2013 05:30",2,"CO",24,4517," "," ",1,1,0,0,0,0,0,0,0,0,0,0,0,0,0,0,0,954,"AMADOR BUENO DA VEIGA, AV",10025,"JAIME TORRES, AV",65,"PONTE RASA",0,1,"AMADOR BUENO DA VEIGA, AV SAO PAULO SP &  JAIME TORRES, AV SAO PAULO SP",-23.522986,-46.5196435
"7557","D041302092",37138,"GUICHI SHIGUETA, RUA",NA,"",1000,"","24/04/2013 07:00",4,"AT",53,2771," "," ",1,0,0,0,0,0,0,0,0,0,0,0,0,0,0,0,0,37138,"GUICHI SHIGUETA, RUA",NA,"",50,"LIMAO",1,0,"GUICHI SHIGUETA, RUA 1000 SAO PAULO SP",-23.5859349,-46.4356318
"7558","D041301084",5626,"CURUCA, RUA",NA,"",1130,"","24/04/2013 07:00",2,"CO",19,1555," "," ",0,0,0,1,1,0,0,0,0,0,0,1,0,0,0,0,0,5626,"CURUCA, RUA",NA,"",91,"VILA MARIA",1,0,"CURUCA, RUA 1130 SAO PAULO SP",-23.509961,-46.594867
"7559","D041301796",3509,"BELMIRA MARIN, AV DONA",NA,"",1700,"","24/04/2013 07:30",2,"CL",101,3006," "," ",0,1,0,0,0,0,0,0,0,0,0,2,0,0,0,0,0,3509,"BELMIRA MARIN, AV DONA",NA,"",30,"GRAJAU",2,0,"BELMIRA MARIN, AV DONA 1700 SAO PAULO SP",-23.7442978,-46.6906892
"7560","D041300888",3429,"GUERINO GIOVANI LEARDINI, RUA",NA,"",257,"","24/04/2013 07:30",2,"SI",87,2150," "," ",1,1,0,0,0,0,0,0,0,0,0,0,0,0,0,0,0,3429,"GUERINO GIOVANI LEARDINI, RUA",NA,"",64,"PIRITUBA",2,0,"GUERINO GIOVANI LEARDINI, RUA 257 SAO PAULO SP",-23.4860196,-46.7219024
"7561","D041300606",7257,"FONSECA RODRIGUES, AV PROF",NA,"",197,"","24/04/2013 07:45",2,"QM",14,3981," "," ",0,1,0,0,0,0,0,0,0,0,0,0,0,0,0,0,0,7257,"FONSECA RODRIGUES, AV PROF",NA,"",2,"ALTO DE PINHEIR",1,0,"FONSECA RODRIGUES, AV PROF 197 SAO PAULO SP",-23.551963,-46.7110012
"7562","D041300376",999,"SANTO AMARO, AV",10586,"JOAQUIM NABUCO, RUA",0,"","24/04/2013 07:47",2,"SI",27,1889," "," ",1,1,0,0,0,0,0,0,0,0,0,0,0,0,0,0,0,999,"SANTO AMARO, AV",14267,"MORUMBI, AV",34,"ITAIM BIBI",2,0,"SANTO AMARO, AV SAO PAULO SP &  JOAQUIM NABUCO, RUA SAO PAULO SP",-23.614288,-46.6791208
"7563","D041300607",8578,"HARMONIA, RUA",16686,"PURPURINA, RUA",0,"","24/04/2013 07:58",4,"AT",14,3982," "," ",1,0,0,0,0,0,0,0,0,0,0,0,0,0,0,0,0,8578,"HARMONIA, RUA",16686,"PURPURINA, RUA",63,"PINHEIROS",1,0,"HARMONIA, RUA SAO PAULO SP &  PURPURINA, RUA SAO PAULO SP",-23.5555876,-46.6877492
"7565","D041300665",9548,"ITAPICURU, RUA",13996,"MINERVA, RUA",0,"","24/04/2013 08:22",2,"CO",23,2262," "," ",1,0,0,0,0,0,0,0,0,0,0,1,0,0,0,0,0,9548,"ITAPICURU, RUA",13996,"MINERVA, RUA",61,"PERDIZES",1,0,"ITAPICURU, RUA SAO PAULO SP &  MINERVA, RUA SAO PAULO SP",-23.5349719,-46.6688802
"7566","D041301874",4457,"FLORES DO PIAUI, RUA",NA,"",372,"","24/04/2013 08:24",2,"CF",32,2545," "," ",1,1,0,0,0,0,0,0,0,0,0,0,0,0,0,0,0,4457,"FLORES DO PIAUI, RUA",NA,"",36,"ITAQUERA",1,0,"FLORES DO PIAUI, RUA 372 SAO PAULO SP",-23.5401623,-46.4526988
"7567","D041300611",16919,"REBOUCAS, AV",NA,"",1719,"","24/04/2013 08:40",2,"CT",14,3988," "," ",1,1,0,0,0,0,0,0,0,0,0,0,0,0,0,0,0,16919,"REBOUCAS, AV",NA,"",44,"JARDIM PAULISTA",2,0,"REBOUCAS, AV 1719 SAO PAULO SP",-23.564056,-46.6773409
"7568","D041302231",16919,"REBOUCAS, AV",NA,"",1719,"","24/04/2013 08:40",2,"CT",2,2437," "," ",1,1,0,0,0,0,0,0,0,0,0,0,0,0,0,0,0,16919,"REBOUCAS, AV",NA,"",44,"JARDIM PAULISTA",1,1,"REBOUCAS, AV 1719 SAO PAULO SP",-23.564056,-46.6773409
"7569","D041300325",3502,"BORGES LAGOA, RUA",NA,"",277,"","24/04/2013 09:50",2,"CT",16,5420," "," ",1,0,1,0,0,0,0,0,0,0,0,0,0,0,0,0,0,3502,"BORGES LAGOA, RUA",NA,"",92,"VILA MARIANA",1,0,"BORGES LAGOA, RUA 277 SAO PAULO SP",-23.5972663,-46.6392636
"7570","D041300859",16878,"RAPOSO TAVARES, VIA",NA,"",16000,"","24/04/2013 10:00",2,"CO",75,1416," "," ",1,1,0,0,0,0,0,0,0,0,0,0,0,0,0,0,0,16878,"RAPOSO TAVARES, VIA",NA,"",13,"CACHOEIRINHA",1,0,"RAPOSO TAVARES, VIA 16000 SAO PAULO SP",-23.5223375,-48.4879815
"7571","D041300236",18993,"TIRADENTES, AV",NA,"",1284,"","24/04/2013 11:00",4,"AT",12,2352," "," ",0,0,0,0,0,0,0,0,0,0,0,1,0,0,0,0,0,18993,"TIRADENTES, AV",NA,"",9,"BOM RETIRO",1,0,"TIRADENTES, AV 1284 SAO PAULO SP",-23.5342883,-46.6332732
"7572","D041300127",19764,"VINTE E TRES DE MAIO, AV",NA,"",400,"","24/04/2013 11:00",2,"CT",5,2221,"C"," ",0,1,0,0,0,0,0,0,1,0,0,0,0,0,0,0,0,19764,"VINTE E TRES DE MAIO, AV",NA,"",17,"CAMPO LIMPO",1,0,"VINTE E TRES DE MAIO, AV 400 SAO PAULO SP",-23.5830742,-46.6522537
"7573","D041300348",14710,"MERCES, RUA NSRA DAS",1323,"ANDRE NUNES, PCA",0,"","24/04/2013 11:00",4,"AT",26,3563," "," ",1,0,0,0,0,0,0,0,0,0,0,0,0,0,0,0,0,1323,"ANDRE NUNES, PCA",14710,"MERCES, RUA NSRA DAS",69,"SACOMA",1,0,"MERCES, RUA NSRA DAS SAO PAULO SP &  ANDRE NUNES, PCA SAO PAULO SP",-23.5505199,-46.6333094
"7574","D041300296",3581,"BRASIL, AV",14804,"NOVE DE JULHO, AV",0,"","24/04/2013 11:20",2,"CO",78,3309," "," ",0,1,0,0,0,0,0,0,0,0,0,1,0,0,0,0,0,3581,"BRASIL, AV",14804,"NOVE DE JULHO, AV",44,"JARDIM PAULISTA",1,0,"BRASIL, AV SAO PAULO SP &  NOVE DE JULHO, AV SAO PAULO SP",-21.4863218,-47.3631133
"7575","D041301716",852,"ALVARENGA, ES DO",NA,"",5117,"","24/04/2013 11:40",4,"AT",98,4354," "," ",1,0,0,0,0,0,0,0,0,0,0,0,0,0,0,0,0,852,"ALVARENGA, ES DO",NA,"",59,"PEDREIRA",1,0,"ALVARENGA, ES DO 5117 SAO PAULO SP",-23.5505199,-46.6333094
"7576","D041300707",14350,"MUTINGA, AV",NA,"",1613,"","24/04/2013 12:00",2,"CO",33,3797," "," ",1,1,0,0,0,0,0,0,0,0,0,0,0,0,0,0,0,14350,"MUTINGA, AV",NA,"",64,"PIRITUBA",1,0,"MUTINGA, AV 1613 SAO PAULO SP",-23.4845029,-46.7415249
"7578","D041300735",19461,"VALERIO, AV S",NA,"",100,"","24/04/2013 12:27",2,"CO",34,2477," "," ",0,2,0,0,0,0,0,0,0,0,0,0,0,0,0,0,0,19461,"VALERIO, AV S",NA,"",13,"CACHOEIRINHA",1,0,"VALERIO, AV S 100 SAO PAULO SP",-23.5855178,-46.6988481
"7579","D041300232",4736,"CELSO GARCIA, AV",NA,"",840,"","24/04/2013 12:37",4,"AT",12,2297," "," ",0,0,0,0,0,0,0,0,0,0,0,1,0,0,0,0,0,4736,"CELSO GARCIA, AV",NA,"",82,"TATUAPE",1,0,"CELSO GARCIA, AV 840 SAO PAULO SP",-23.5386823,-46.6043227
"7580","D041301524",13588,"MARTIM AFONSO, RUA",NA,"",100,"","24/04/2013 13:21",2,"CT",81,1170," "," ",1,0,0,1,0,0,0,0,0,0,0,0,0,0,0,0,0,13588,"MARTIM AFONSO, RUA",NA,"",8,"BELEM",1,0,"MARTIM AFONSO, RUA 100 SAO PAULO SP",-23.5384433,-46.5958439
"7582","D041300420",3841,"CAFE, AV DO",NA,"",681,"","24/04/2013 14:53",4,"AT",35,3523," "," ",1,0,0,0,0,0,0,0,0,0,0,0,0,0,0,0,0,3841,"CAFE, AV DO",NA,"",37,"JABAQUARA",1,0,"CAFE, AV DO 681 SAO PAULO SP",-23.6323088,-46.636989
"7583","D041300297",6651,"ESTADOS UNIDOS, RUA",NA,"",1339,"","24/04/2013 14:58",4,"AT",78,3212," "," ",1,0,0,0,0,0,0,0,0,0,0,0,0,0,0,0,0,6651,"ESTADOS UNIDOS, RUA",NA,"",44,"JARDIM PAULISTA",1,0,"ESTADOS UNIDOS, RUA 1339 SAO PAULO SP",-23.5679481,-46.6675228
"7584","D041301568",1085,"AMERICO BRASILIENSE, RUA",NA,"",1281,"","24/04/2013 15:00",4,"AT",11,4560," "," ",1,0,0,0,0,0,0,0,0,0,0,0,0,0,0,0,0,1085,"AMERICO BRASILIENSE, RUA",NA,"",72,"SANTO AMARO",1,0,"AMERICO BRASILIENSE, RUA 1281 SAO PAULO SP",-23.6331081,-46.6994308
"7585","D041300272",4828,"CESARIO MOTA JUNIOR, RUA DR",NA,"",112,"","24/04/2013 15:00",4,"AT",77,2379," "," ",0,0,0,0,0,0,0,0,0,0,0,0,0,0,0,1,0,4828,"CESARIO MOTA JUNIOR, RUA DR",NA,"",26,"CONSOLACAO",1,0,"CESARIO MOTA JUNIOR, RUA DR 112 SAO PAULO SP",-23.5427437,-46.6488874
"7586","D041300233",6432,"EMIDIO PIEDADE, RUA CEL",NA,"",180,"","24/04/2013 15:02",4,"AT",12,2300," "," ",0,0,0,0,0,0,0,0,0,0,0,1,0,0,0,0,0,6432,"EMIDIO PIEDADE, RUA CEL",NA,"",57,"PARI",1,0,"EMIDIO PIEDADE, RUA CEL 180 SAO PAULO SP",-23.5313293,-46.6133793
"7587","D041301007",13172,"MARIA CANDIDA, RUA",2455,"ATALIBA LEONEL, AV GAL",0,"","24/04/2013 15:20",2,"CO",9,2406," "," ",0,1,1,0,0,0,0,0,0,0,0,0,0,0,0,0,0,2455,"ATALIBA LEONEL, AV GAL",4219,"ZAKI NARCHI, AV",71,"SANTANA",1,0,"MARIA CANDIDA, RUA SAO PAULO SP &  ATALIBA LEONEL, AV GAL SAO PAULO SP",-23.503332,-46.6092835
"7588","D041300928",21243,"RABELO DO AMARAL, RUA DR",NA,"",256,"","24/04/2013 15:20",2,"SI",89,3304," "," ",0,0,0,0,0,0,0,0,0,0,0,1,0,0,0,0,0,21243,"RABELO DO AMARAL, RUA DR",NA,"",29,"FREGUESIA DO O",1,0,"RABELO DO AMARAL, RUA DR 256 SAO PAULO SP",-23.6124237,-46.750486
"7591","D041300029",13317,"MARIA PAULA, RUA",NA,"",161,"","24/04/2013 16:00",4,"AT",1,3378," "," ",1,0,0,0,0,0,0,0,0,0,0,0,0,0,0,0,0,13317,"MARIA PAULA, RUA",NA,"",17,"CAMPO LIMPO",1,0,"MARIA PAULA, RUA 161 SAO PAULO SP",-23.5519746,-46.6392966
"7592","D041300334",19755,"VINTE E OITO DE SETEMBRO, RUA",1785,"ANTONIO MARCONDES, RUA",0,"","24/04/2013 16:00",2,"CO",17,2304," "," ",2,1,0,0,0,0,0,0,0,0,0,0,0,0,0,0,0,1785,"ANTONIO MARCONDES, RUA",19755,"VINTE E OITO DE SETEMBRO, RUA",33,"IPIRANGA",1,0,"VINTE E OITO DE SETEMBRO, RUA SAO PAULO SP &  ANTONIO MARCONDES, RUA SAO PAULO SP",-23.5997767,-46.6105947
"7593","D041301161",4239,"CARAPUTINGA, RUA",NA,"",751,"","24/04/2013 16:10",2,"CF",28,4456," "," ",0,1,0,0,0,0,0,0,0,0,0,1,0,0,0,0,0,4239,"CARAPUTINGA, RUA",NA,"",29,"FREGUESIA DO O",1,0,"CARAPUTINGA, RUA 751 SAO PAULO SP",-23.4942313,-46.7034577
"7594","D041300052",6642,"ESTADO, AV DO",17799,"SANTOS DUMONT, AV",0,"","24/04/2013 16:25",2,"SI",2,2377," "," ",1,1,0,0,0,0,0,0,0,0,0,0,0,0,0,0,0,6642,"ESTADO, AV DO",17799,"SANTOS DUMONT, AV",9,"BOM RETIRO",1,0,"ESTADO, AV DO SAO PAULO SP &  SANTOS DUMONT, AV SAO PAULO SP",-23.5635869,-46.6112253
"7595","D041300708",14350,"MUTINGA, AV",NA,"",4929,"","24/04/2013 16:35",2,"CO",33,3808," "," ",0,1,0,1,0,0,0,0,0,0,0,0,0,0,0,0,0,14350,"MUTINGA, AV",NA,"",64,"PIRITUBA",1,0,"MUTINGA, AV 4929 SAO PAULO SP",-23.5036499,-46.7577765
"7596","D041301402",1702,"ANTONIO ESTEVAO DE CARVALHO, AV",3796,"CACHOEIRA PAULISTA, AV",0,"","24/04/2013 17:30",2,"CO",21,4623," "," ",1,1,0,0,0,0,0,0,0,0,0,0,0,0,0,0,0,1702,"ANTONIO ESTEVAO DE CARVALHO, AV",11825,"LICANIA, RUA",93,"VILA MATILDE",1,0,"ANTONIO ESTEVAO DE CARVALHO, AV SAO PAULO SP &  CACHOEIRA PAULISTA, AV SAO PAULO SP",-23.5385943,-46.4964211
"7597","D041301717",10231,"JOAO DE ARAUJO, RUA",NA,"",44,"","24/04/2013 18:00",4,"AT",98,4367," "," ",1,0,0,0,0,0,0,0,0,0,0,0,0,0,0,0,0,10231,"JOAO DE ARAUJO, RUA",NA,"",59,"PEDREIRA",1,0,"JOAO DE ARAUJO, RUA 44 SAO PAULO SP",-23.6967599,-46.6698847
"7598","D041302171",4531,"CASA GRANDE, ES",NA,"",822,"","24/04/2013 18:27",2,"CO",70,4181," "," ",1,1,0,0,0,0,0,0,0,0,0,0,0,0,0,0,0,4531,"CASA GRANDE, ES",NA,"",78,"SAPOPEMBA",1,0,"CASA GRANDE, ES 822 SAO PAULO SP",-23.5505199,-46.6333094
"7601","D041300872",16878,"RAPOSO TAVARES, VIA",NA,"",17000,"","24/04/2013 19:00",2,"SI",75,3442," "," ",1,1,0,0,0,0,0,0,0,0,0,0,0,0,0,0,0,16878,"RAPOSO TAVARES, VIA",NA,"",13,"CACHOEIRINHA",1,0,"RAPOSO TAVARES, VIA 17000 SAO PAULO SP",-23.5192434,-48.4984666
"7602","D041301759",9220,"INTERLAGOS, AV",NA,"",1386,"","24/04/2013 19:20",2,"CO",99,4581,"C"," ",2,0,0,0,0,0,0,0,0,0,0,0,0,0,0,0,0,9220,"INTERLAGOS, AV",NA,"",16,"CAMPO GRANDE",3,0,"INTERLAGOS, AV 1386 SAO PAULO SP",-23.6655921,-46.678274
"7603","D041300432",9715,"JABAQUARA, AV",NA,"",1000,"","24/04/2013 19:30",2,"CO",35,5545,"B"," ",1,1,0,0,0,0,0,0,0,0,0,0,0,0,0,0,0,9715,"JABAQUARA, AV",NA,"",79,"SAUDE",1,0,"JABAQUARA, AV 1000 SAO PAULO SP",-23.613481,-46.6382059
"7604","D041300533",12193,"LUIS CARLOS BERRINI, AV ENG",NA,"",1200,"","24/04/2013 19:30",4,"AT",96,1926," "," ",1,0,0,0,0,0,0,0,0,0,0,0,0,0,0,0,0,12193,"LUIS CARLOS BERRINI, AV ENG",NA,"",34,"ITAIM BIBI",1,0,"LUIS CARLOS BERRINI, AV ENG 1200 SAO PAULO SP",-23.6075126,-46.6937913
"7605","D041300130",6919,"FAUSTO FERRAZ, RUA DR",NA,"",400,"","24/04/2013 19:40",2,"CO",5,2333," "," ",1,0,0,0,1,0,0,0,0,0,0,0,0,0,0,0,0,6919,"FAUSTO FERRAZ, RUA DR",NA,"",17,"CAMPO LIMPO",1,0,"FAUSTO FERRAZ, RUA DR 400 SAO PAULO SP",-23.5650977,-46.6473233
"7606","D041301199",44645,"DIREITOS HUMANOS, AV",NA,"",725,"","24/04/2013 19:45",2,"CF",38,900047," "," ",2,0,0,0,0,0,0,0,0,0,0,0,0,0,0,0,0,44645,"DIREITOS HUMANOS, AV",NA,"",8,"BELEM",1,0,"DIREITOS HUMANOS, AV 725 SAO PAULO SP",-23.4834354,-46.6494477
"7607","D041300785",65511,"JOAO FLORENCIO PEREIRA, RUA",NA,"",70,"","24/04/2013 20:30",2,"CH",46,2028," "," ",0,1,0,0,0,0,0,0,0,0,0,1,0,0,0,0,0,65511,"JOAO FLORENCIO PEREIRA, RUA",NA,"",31,"GUAIANASES",1,0,"JOAO FLORENCIO PEREIRA, RUA 70 SAO PAULO SP",-23.4795738,-46.7582229
"7608","D041301718",9224,"VITORINO FREIRE, AV SEN",NA,"",485,"","24/04/2013 21:30",2,"CO",98,4376," "," ",1,1,0,0,0,0,0,0,0,0,0,0,0,0,0,0,0,9224,"VITORINO FREIRE, AV SEN",NA,"",22,"CIDADE ADEMAR",1,0,"VITORINO FREIRE, AV SEN 485 SAO PAULO SP",-23.6884246,-46.6345531
"7609","D041300210",11922,"LINS DE VASCONCELOS, AV",NA,"",2880,"","24/04/2013 21:39",2,"CL",6,3157," "," ",1,1,0,0,0,0,0,0,0,0,0,0,0,0,0,0,0,11922,"LINS DE VASCONCELOS, AV",NA,"",92,"VILA MARIANA",1,0,"LINS DE VASCONCELOS, AV 2880 SAO PAULO SP",-23.5872171,-46.62895
"7610","D041301571",10793,"JOSE AUREO BUSTAMANTE, RUA DR",NA,"",455,"","24/04/2013 22:47",4,"AT",11,4583," "," ",1,0,0,0,0,0,0,0,0,0,0,0,0,0,0,0,0,10793,"JOSE AUREO BUSTAMANTE, RUA DR",NA,"",72,"SANTO AMARO",2,0,"JOSE AUREO BUSTAMANTE, RUA DR 455 SAO PAULO SP",-23.6247271,-46.6968134
"7612","D041302204",5606,"CUPECE, AV",NA,"",5500,"","25/04/2013 00:21",4,"AT",98,4379," "," ",0,0,0,0,0,0,0,0,0,0,0,0,0,0,0,1,0,5606,"CUPECE, AV",NA,"",22,"CIDADE ADEMAR",0,1,"CUPECE, AV 5500 SAO PAULO SP",-23.6813174,-46.6384712
"7613","D041300933",61669,"ITAPAIUNA, RUA",NA,"",1045,"","25/04/2013 00:40",2,"CH",89,3453," "," ",1,0,0,0,0,0,0,0,0,0,0,0,0,0,0,0,0,61669,"ITAPAIUNA, RUA",NA,"",29,"FREGUESIA DO O",1,0,"ITAPAIUNA, RUA 1045 SAO PAULO SP",-23.6393499,-46.7275359
"7614","D041300938",8000,"GIOVANNI GRONCHI, AV",63091,"CAXE, RUA",0,"","25/04/2013 00:40",2,"CO",89,900064," "," ",1,1,0,0,0,0,0,0,0,0,0,0,0,0,0,0,0,8000,"GIOVANNI GRONCHI, AV",63091,"CAXE, RUA",85,"VILA ANDRADE",1,0,"GIOVANNI GRONCHI, AV SAO PAULO SP &  CAXE, RUA SAO PAULO SP",-23.6004501,-46.710515
"7615","D041301976",34654,"WALDEMAR TIETZ, AV",NA,"",402,"","25/04/2013 01:18",2,"CH",65,4387," "," ",1,0,0,0,0,0,0,0,1,0,0,0,0,0,0,0,0,34654,"WALDEMAR TIETZ, AV",NA,"",38,"JACANA",1,0,"WALDEMAR TIETZ, AV 402 SAO PAULO SP",-23.5512553,-46.4901217
"7616","D041301070",4875,"CHEMIN DEL PRA, RUA",NA,"",500,"","25/04/2013 01:30",2,"CO",13,4468," "," ",2,0,0,0,0,0,0,0,0,0,0,0,0,0,0,0,0,4875,"CHEMIN DEL PRA, RUA",NA,"",8,"BELEM",1,0,"CHEMIN DEL PRA, RUA 500 SAO PAULO SP",-23.5001898,-46.631638
"7617","D041300340",14449,"NAZARE, AV",NA,"",481,"","25/04/2013 01:32",2,"CO",17,5456,"B"," ",1,1,0,0,0,0,0,0,0,0,0,0,0,0,0,0,0,14449,"NAZARE, AV",NA,"",33,"IPIRANGA",1,0,"NAZARE, AV 481 SAO PAULO SP",-23.5879987,-46.6105378
"7620","D041301625",14305,"LUIS DE OLIVEIRA, RUA",NA,"",120,"","25/04/2013 04:30",4,"AT",47,5170," "," ",0,0,0,0,0,0,0,0,0,0,0,0,0,0,0,1,0,14305,"LUIS DE OLIVEIRA, RUA",NA,"",29,"FREGUESIA DO O",1,0,"LUIS DE OLIVEIRA, RUA 120 SAO PAULO SP",-23.6770692,-46.7891531
"7621","D041301008",36061,"LUIZ DUMONT VILLARES, AV",NA,"",580,"","25/04/2013 05:15",2,"CO",9,2408," "," ",0,1,0,1,0,0,0,0,0,0,0,0,0,0,0,0,0,36061,"LUIZ DUMONT VILLARES, AV",NA,"",22,"CIDADE ADEMAR",1,0,"LUIZ DUMONT VILLARES, AV 580 SAO PAULO SP",-23.4969823,-46.6119166
"7622","D041301804",2483,"ATLANTICA ANT. ROBERT KENNEDY, AV",NA,"",1300,"","25/04/2013 05:15",2,"CT",102,1221," "," ",1,1,0,0,0,0,0,0,0,0,0,0,0,0,0,0,0,2483,"ATLANTICA ANT. ROBERT KENNEDY, AV",NA,"",23,"CIDADE DUTRA",1,0,"ATLANTICA ANT. ROBERT KENNEDY, AV 1300 SAO PAULO SP",-23.5505199,-46.6333094
"7623","D041300051",4561,"CASTELO BRANCO, AV PRES",18411,"SALESOPOLIS, RUA",0,"","25/04/2013 05:30",2,"CO",2,2371," "," ",1,1,0,0,0,0,0,0,0,0,0,0,0,0,0,0,0,4561,"CASTELO BRANCO, AV PRES",18411,"SALESOPOLIS, RUA",9,"BOM RETIRO",1,0,"CASTELO BRANCO, AV PRES SAO PAULO SP &  SALESOPOLIS, RUA SAO PAULO SP",-23.5216047,-46.6390428
"7625","D041300951",16726,"QUEIROZ FILHO, AV",NA,"",1560,"","25/04/2013 05:30",2,"CO",91,2792," "," ",2,0,0,0,0,0,0,0,0,0,0,0,0,0,0,0,0,16726,"QUEIROZ FILHO, AV",NA,"",14,"CAMBUCI",1,0,"QUEIROZ FILHO, AV 1560 SAO PAULO SP",-23.5431287,-46.7320838
"7627","D041302206",2235,"ARMANDO DE ARRUDA PEREIRA, AV ENG",NA,"",5275,"","25/04/2013 05:30",2,"CH",96,1164," "," ",1,0,0,0,0,0,0,0,0,0,0,0,0,0,0,0,0,2235,"ARMANDO DE ARRUDA PEREIRA, AV ENG",NA,"",37,"JABAQUARA",0,1,"ARMANDO DE ARRUDA PEREIRA, AV ENG 5275 SAO PAULO SP",-23.6690264,-46.6335046
"7628","D041301742",9220,"INTERLAGOS, AV",NA,"",1443,"","25/04/2013 05:41",2,"CO",99,1839," "," ",1,1,0,0,0,0,0,0,0,0,0,0,0,0,0,0,0,9220,"INTERLAGOS, AV",NA,"",16,"CAMPO GRANDE",2,0,"INTERLAGOS, AV 1443 SAO PAULO SP",-23.6659037,-46.6777092
"7629","D041300558",2235,"ARMANDO DE ARRUDA PEREIRA, AV ENG",NA,"",5275,"","25/04/2013 05:45",2,"CH",97,3554," "," ",1,0,0,0,0,0,0,0,0,0,0,0,0,0,0,0,0,2235,"ARMANDO DE ARRUDA PEREIRA, AV ENG",NA,"",37,"JABAQUARA",1,0,"ARMANDO DE ARRUDA PEREIRA, AV ENG 5275 SAO PAULO SP",-23.6690264,-46.6335046
"7630","D041300977",13019,"ESCOLA POLITECNICA, AV",9836,"JAGUARE, AV",0,"","25/04/2013 06:08",2,"CO",93,2689," "," ",2,0,0,0,0,0,0,0,0,0,0,0,0,0,0,0,0,5309,"CORIFEU DE AZEVEDO MARQUES, AV",9836,"JAGUARE, AV",55,"MORUMBI",3,0,"ESCOLA POLITECNICA, AV SAO PAULO SP &  JAGUARE, AV SAO PAULO SP",-23.5585284,-46.7466636
"7631","D041300235",5567,"CRUZEIRO DO SUL, AV",NA,"",1000,"","25/04/2013 07:35",4,"AT",12,2317," "," ",0,1,0,0,0,0,0,0,0,0,0,0,0,0,0,0,0,5567,"CRUZEIRO DO SUL, AV",NA,"",5,"ARTUR ALVIM",2,0,"CRUZEIRO DO SUL, AV 1000 SAO PAULO SP",-23.5231235,-46.6251482
"7632","D041301453",8767,"HERWIS, RUA",19708,"VILA EMA, AV",0,"","25/04/2013 07:50",4,"AT",42,1489," "," ",1,0,0,0,0,0,0,0,0,0,0,0,0,0,0,0,0,8767,"HERWIS, RUA",19708,"VILA EMA, AV",74,"SAO LUCAS",1,0,"HERWIS, RUA SAO PAULO SP &  VILA EMA, AV SAO PAULO SP",-23.583981,-46.5416822
"7633","D041301782",3509,"BELMIRA MARIN, AV DONA",NA,"",740,"","25/04/2013 08:00",2,"CO",101,2215," "," ",1,1,0,0,0,0,0,0,0,0,0,0,0,0,0,0,0,3509,"BELMIRA MARIN, AV DONA",NA,"",30,"GRAJAU",1,0,"BELMIRA MARIN, AV DONA 740 SAO PAULO SP",-23.7373294,-46.6932209