"","id_acidente","codloga","logradouroA","codlogb","logradouroB","alt_num","referencia","data","cod_acid","tipo_acidente","dp","numero_BO","sentido","pista","automovel","moto","onibus","caminhao","bicicleta","moto_taxi","onibus_fretado","onibus_urbano","microonibus","van","vuc","caminhonete","carreta","jipe","outros","sem_informacao","carroca","princ_a","paiA","princ_b","paiB","cod_distrito","distrito","vit_ferida","vit_morta","local","lat","lon"
"7634","D041300574",5072,"CLELIA, RUA",NA,"",991,"","25/04/2013 08:10",2,"CO",7,2631," "," ",0,3,0,0,0,0,0,0,0,0,0,0,0,0,0,0,0,5072,"CLELIA, RUA",NA,"",48,"LAPA",1,0,"CLELIA, RUA 991 SAO PAULO SP",-23.5250769,-46.6921234
"7635","D041301572",6238,"NACOES UNIDAS, AV DAS",NA,"",15783,"","25/04/2013 08:10",2,"CO",11,4602,"C"," ",1,1,0,0,0,0,0,0,0,0,0,0,0,0,0,0,0,13014,"MARGINAL DO RIO PINHEIROS, AV",NA,"",90,"VILA LEOPOLDINA",1,0,"NACOES UNIDAS, AV DAS 15783 SAO PAULO SP",-23.6791515,-46.6960808
"7636","D041301679",16053,"JOSE BARROS MAGALDI, RUA",NA,"",1058,"","25/04/2013 08:30",2,"CL",92,2619," "," ",0,1,0,0,0,0,0,0,0,0,0,1,0,0,0,0,0,16053,"JOSE BARROS MAGALDI, RUA",NA,"",32,"IGUATEMI",1,0,"JOSE BARROS MAGALDI, RUA 1058 SAO PAULO SP",-23.6667288,-46.737963
"7638","D041301177",15426,"PARADA PINTO, AV",14590,"NICOLAU TOLENTINO DE ALMEIDA, RUA",0,"","25/04/2013 08:40",2,"SI",38,2095," "," ",1,1,0,0,0,0,0,0,0,0,0,0,0,0,0,0,0,14590,"NICOLAU TOLENTINO DE ALMEIDA, RUA",15426,"PARADA PINTO, AV",13,"CACHOEIRINHA",1,0,"PARADA PINTO, AV SAO PAULO SP &  NICOLAU TOLENTINO DE ALMEIDA, RUA SAO PAULO SP",-23.4694786,-46.6646692
"7639","D041301372",14213,"MOOCA, RUA DA",NA,"",628,"","25/04/2013 08:50",4,"AT",18,737," "," ",0,1,0,0,0,0,0,0,0,0,0,0,0,0,0,0,0,14213,"MOOCA, RUA DA",NA,"",16,"CAMPO GRANDE",1,0,"MOOCA, RUA DA 628 SAO PAULO SP",-23.5538004,-46.6191362
"7640","D041300784",1427,"ANHANGUERA, RUA",NA,"",16700,"","25/04/2013 08:50",2,"CP",46,1987," "," ",1,0,0,0,0,0,0,0,0,0,0,0,0,0,0,0,0,1427,"ANHANGUERA, RUA",NA,"",70,"SANTA CECILIA",2,0,"ANHANGUERA, RUA 16700 SAO PAULO SP",-23.4900941,-46.7665396
"7642","D041300053",4561,"CASTELO BRANCO, AV PRES",NA,"",9,"","25/04/2013 09:15",2,"CT",2,2378," "," ",1,1,0,0,0,0,0,0,0,0,0,0,0,0,0,0,0,29772,"MARGINAL DO RIO TIETE, AV",NA,"",6,"BARRA FUNDA",1,0,"CASTELO BRANCO, AV PRES 9 SAO PAULO SP",-23.5176231,-46.6547169
"7643","D041300732",99407,"SEBASTIAO CAMARGO, TN",NA,"",10,"","25/04/2013 09:34",2,"CL",34,2375," "," ",1,1,0,0,0,0,0,0,0,0,0,0,0,0,0,0,0,99407,"SEBASTIAO CAMARGO, TN",NA,"",NA,"",1,0,"SEBASTIAO CAMARGO, TN 10 SAO PAULO SP",-23.5505199,-46.6333094
"7644","D041300824",19817,"VITAL BRASIL, AV",NA,"",227,"","25/04/2013 09:53",4,"AT",51,1874," "," ",0,1,0,0,0,0,0,0,0,0,0,0,0,0,0,0,0,19817,"VITAL BRASIL, AV",NA,"",13,"CACHOEIRINHA",1,0,"VITAL BRASIL, AV 227 SAO PAULO SP",-23.5721143,-46.7065425
"7645","D041301009",2455,"ATALIBA LEONEL, AV GAL",NA,"",227,"","25/04/2013 10:01",2,"CO",9,2414," "," ",1,1,0,0,0,0,0,0,0,0,0,0,0,0,0,0,0,2455,"ATALIBA LEONEL, AV GAL",NA,"",88,"VILA GUILHERME",1,0,"ATALIBA LEONEL, AV GAL 227 SAO PAULO SP",-23.5068951,-46.6244546
"7646","D041302193",11379,"JUNTAS PROVISORIAS, AV",8224,"GRITO, RUA DO",0,"","25/04/2013 10:27",2,"QM",17,2319," "," ",0,0,0,1,1,0,0,0,0,0,0,0,0,0,0,0,0,8224,"GRITO, RUA DO",11379,"JUNTAS PROVISORIAS, AV",33,"IPIRANGA",0,1,"JUNTAS PROVISORIAS, AV SAO PAULO SP &  GRITO, RUA DO SAO PAULO SP",-23.6035256,-46.6020793
"7647","D041300532",6238,"NACOES UNIDAS, AV DAS",NA,"",13000,"","25/04/2013 10:30",2,"QM",96,1922," "," ",0,1,0,0,0,0,0,0,0,0,0,0,0,0,0,0,0,13014,"MARGINAL DO RIO PINHEIROS, AV",NA,"",90,"VILA LEOPOLDINA",1,0,"NACOES UNIDAS, AV DAS 13000 SAO PAULO SP",-23.679153,-46.6960899
"7648","D041300112",2115,"ARAUJO, RUA",18102,"SERTORIO, RUA MAJ",0,"","25/04/2013 11:30",2,"QM",4,3082," "," ",0,1,0,0,0,0,0,0,0,0,0,0,0,0,0,0,0,2115,"ARAUJO, RUA",18102,"SERTORIO, RUA MAJ",67,"REPUBLICA",1,0,"ARAUJO, RUA SAO PAULO SP &  SERTORIO, RUA MAJ SAO PAULO SP",-23.5444097,-46.6443584
"7650","D041300633",7691,"GABRIEL MONTEIRO DA SILVA, AL",NA,"",2472,"","25/04/2013 12:00",2,"CO",15,2067," "," ",1,1,0,0,0,0,0,0,0,0,0,0,0,0,0,0,0,7691,"GABRIEL MONTEIRO DA SILVA, AL",NA,"",63,"PINHEIROS",1,0,"GABRIEL MONTEIRO DA SILVA, AL 2472 SAO PAULO SP",-23.575952,-46.6903552
"7651","D041300335",5421,"COSTA AGUIAR, RUA",10648,"JORDAO, RUA BRIG",0,"","25/04/2013 12:00",2,"CO",17,2369," "," ",0,1,0,0,0,0,0,0,0,0,0,1,0,0,0,0,0,5421,"COSTA AGUIAR, RUA",10648,"JORDAO, RUA BRIG",33,"IPIRANGA",1,0,"COSTA AGUIAR, RUA SAO PAULO SP &  JORDAO, RUA BRIG SAO PAULO SP",-23.5846133,-46.6065694
"7652","D041300109",2812,"BARATA RIBEIRO, RUA",NA,"",50,"","25/04/2013 12:00",2,"CO",4,3032," "," ",0,2,0,0,0,0,0,0,0,0,0,0,0,0,0,0,0,2812,"BARATA RIBEIRO, RUA",NA,"",7,"BELA VISTA",1,0,"BARATA RIBEIRO, RUA 50 SAO PAULO SP",-23.5570246,-46.6546786
"7653","D041300978",38890,"ONOFRIO MILANO, AV",NA,"",178,"","25/04/2013 12:16",2,"CO",93,2701," "," ",1,1,0,0,0,0,0,0,0,0,0,0,0,0,0,0,0,38890,"ONOFRIO MILANO, AV",NA,"",13,"CACHOEIRINHA",1,0,"ONOFRIO MILANO, AV 178 SAO PAULO SP",-23.5469653,-46.7382645
"7654","D041300054",17799,"SANTOS DUMONT, AV",17275,"RODOLFO MIRANDA, RUA",0,"","25/04/2013 12:46",2,"CT",2,2980,"C"," ",1,1,0,0,0,0,0,0,0,0,0,0,0,0,0,0,0,17275,"RODOLFO MIRANDA, RUA",17799,"SANTOS DUMONT, AV",NA,"",1,0,"SANTOS DUMONT, AV SAO PAULO SP &  RODOLFO MIRANDA, RUA SAO PAULO SP",-23.5257861,-46.6307889
"7655","D041301957",5267,"CONTORNO, AV DO",NA,"",1,"","25/04/2013 12:57",2,"CO",64,3420," "," ",1,1,0,0,0,0,0,0,0,0,0,0,0,0,0,0,0,5267,"CONTORNO, AV DO",NA,"",36,"ITAQUERA",1,0,"CONTORNO, AV DO 1 SAO PAULO SP",-23.5390071,-46.4706234
"7656","D041302094",6927,"HARRY DANHENBERG, RUA",NA,"",350,"","25/04/2013 13:15",2,"SI",53,900056," "," ",1,0,0,0,0,0,0,0,0,0,0,0,0,0,0,0,0,6927,"HARRY DANHENBERG, RUA",NA,"",24,"CIDADE LIDER",1,0,"HARRY DANHENBERG, RUA 350 SAO PAULO SP",-22.8069901,-49.2921789
"7657","D041301647",7889,"GEORGES BERNANOS, RUA",NA,"",71,"","25/04/2013 13:30",4,"AT",80,1473," "," ",0,1,0,0,0,0,0,0,0,0,0,0,0,0,0,0,0,7889,"GEORGES BERNANOS, RUA",NA,"",0,"NULL",2,0,"GEORGES BERNANOS, RUA 71 SAO PAULO SP",-23.6810001,-46.6615302
"7658","D041301626",35658,"GARCIA DE ORTA, RUA",NA,"",22,"","25/04/2013 13:40",4,"AT",47,5195," "," ",0,1,0,0,0,0,0,0,0,0,0,0,0,0,0,0,0,35658,"GARCIA DE ORTA, RUA",NA,"",29,"FREGUESIA DO O",1,0,"GARCIA DE ORTA, RUA 22 SAO PAULO SP",-23.6834349,-46.789306
"7659","D041302069",9044,"RAGUEB CHOHFI, AV",NA,"",4454,"","25/04/2013 13:50",2,"CO",49,5640," "," ",1,0,0,0,0,0,0,1,0,0,0,0,0,0,0,0,0,9044,"RAGUEB CHOHFI, AV",NA,"",32,"IGUATEMI",1,0,"RAGUEB CHOHFI, AV 4454 SAO PAULO SP",-23.5947625,-46.4426552
"7660","D041300337",14449,"NAZARE, AV",14243,"MOREIRA DE GODOI, RUA",0,"","25/04/2013 14:00",2,"CL",17,2392," "," ",2,0,0,0,0,0,0,0,0,0,0,0,0,0,0,0,0,14243,"MOREIRA DE GODOI, RUA",14449,"NAZARE, AV",33,"IPIRANGA",1,0,"NAZARE, AV SAO PAULO SP &  MOREIRA DE GODOI, RUA SAO PAULO SP",-23.5977633,-46.6089284
"7661","D041300632",17003,"REPUBLICA DO LIBANO, AV",NA,"",525,"","25/04/2013 14:08",4,"AT",15,2065,"C"," ",1,0,0,0,0,0,0,0,0,0,0,0,0,0,0,0,0,17003,"REPUBLICA DO LIBANO, AV",NA,"",9,"BOM RETIRO",1,0,"REPUBLICA DO LIBANO, AV 525 SAO PAULO SP",-23.585131,-46.6637165
"7662","D041302198",17003,"REPUBLICA DO LIBANO, AV",NA,"",529,"","25/04/2013 14:08",4,"AT",16,5743,"C"," ",1,0,0,0,0,0,0,0,0,0,0,0,0,0,0,0,0,17003,"REPUBLICA DO LIBANO, AV",NA,"",9,"BOM RETIRO",0,1,"REPUBLICA DO LIBANO, AV 529 SAO PAULO SP",-23.5852024,-46.6636601
"7663","D041301495",24338,"LUIZ IGNACIO ANHAIA MELLO, AV PROF",8955,"IBITIRAMA, RUA",0,"","25/04/2013 14:46",2,"CT",56,2665," "," ",1,0,0,0,0,0,0,0,0,0,0,2,0,0,0,0,0,8955,"IBITIRAMA, RUA",24338,"LUIZ IGNACIO ANHAIA MELLO, AV PROF",95,"VILA PRUDENTE",1,0,"LUIZ IGNACIO ANHAIA MELLO, AV PROF SAO PAULO SP &  IBITIRAMA, RUA SAO PAULO SP",-23.5827842,-46.565808
"7666","D041301144",5947,"EDGAR FACO, AV GAL",NA,"",300,"","25/04/2013 15:45",2,"CO",28,2242," "," ",1,1,0,0,0,0,0,0,0,0,0,0,0,0,0,0,0,5947,"EDGAR FACO, AV GAL",NA,"",64,"PIRITUBA",1,0,"EDGAR FACO, AV GAL 300 SAO PAULO SP",-23.5039663,-46.706101
"7667","D041301991",16679,"PUCCI, RUA CAP",NA,"",314,"","25/04/2013 16:20",2,"CO",68,1266," "," ",0,0,0,0,1,0,0,0,0,0,0,1,0,0,0,0,0,16679,"PUCCI, RUA CAP",NA,"",50,"LIMAO",1,0,"PUCCI, RUA CAP 314 SAO PAULO SP",-23.541383,-46.4090721
"7668","D041300534",6238,"NACOES UNIDAS, AV DAS",NA,"",10500,"","25/04/2013 16:30",2,"CO",96,1928," "," ",1,1,0,0,0,0,0,0,0,0,0,0,0,0,0,0,0,13014,"MARGINAL DO RIO PINHEIROS, AV",NA,"",90,"VILA LEOPOLDINA",1,0,"NACOES UNIDAS, AV DAS 10500 SAO PAULO SP",-23.6791551,-46.6960993
"7669","D041300326",3502,"BORGES LAGOA, RUA",NA,"",815,"","25/04/2013 17:01",4,"AT",16,5502," "," ",0,1,0,0,0,0,0,0,0,0,0,0,0,0,0,0,0,3502,"BORGES LAGOA, RUA",NA,"",92,"VILA MARIANA",1,0,"BORGES LAGOA, RUA 815 SAO PAULO SP",-23.5970852,-46.6446391
"7670","D041301903",236,"ADRIANO SEABRA, RUA",NA,"",496,"","25/04/2013 17:40",2,"QM",59,3179," "," ",0,1,0,0,0,0,0,0,0,0,0,0,0,0,0,0,0,236,"ADRIANO SEABRA, RUA",NA,"",43,"JARDIM HELENA",2,0,"ADRIANO SEABRA, RUA 496 SAO PAULO SP",-23.4893674,-46.4180564
"7671","D041300873",16878,"RAPOSO TAVARES, VIA",NA,"",15500,"","25/04/2013 18:15",2,"SI",75,3488," "," ",1,1,0,0,0,0,0,0,0,0,0,0,0,0,0,0,0,16878,"RAPOSO TAVARES, VIA",NA,"",13,"CACHOEIRINHA",1,0,"RAPOSO TAVARES, VIA 15500 SAO PAULO SP",-23.5237089,-48.4831886
"7672","D041300368",19931,"WASHINGTON LUIS, AV",31498,"ROBERTO MARINHO - ANT AGUA ESP, AV JORN",0,"","25/04/2013 18:20",2,"SI",27,4321," "," ",1,1,0,0,0,0,0,0,0,0,0,0,0,0,0,0,0,19931,"WASHINGTON LUIS, AV",31498,"ROBERTO MARINHO - ANT AGUA ESP, AV JORN",15,"CAMPO BELO",1,0,"WASHINGTON LUIS, AV SAO PAULO SP &  ROBERTO MARINHO - ANT AGUA ESP, AV JORN SAO PAULO SP",-23.6605391,-46.7039265
"7673","D041300952",7836,"GASTAO VIDIGAL, AV DR",NA,"",1555,"","25/04/2013 18:23",2,"CO",91,2805," "," ",1,1,0,0,0,0,0,0,0,0,0,0,0,0,0,0,0,7836,"GASTAO VIDIGAL, AV DR",NA,"",90,"VILA LEOPOLDINA",1,0,"GASTAO VIDIGAL, AV DR 1555 SAO PAULO SP",-23.5311172,-46.7367915
"7674","D041301071",6748,"EUDOXIA, RUA STA",11170,"JOSE RANGEL DE CAMARGO, RUA",0,"","25/04/2013 18:40",4,"AT",13,4486," "," ",1,0,0,0,0,0,0,0,0,0,0,0,0,0,0,0,0,6748,"EUDOXIA, RUA STA",11170,"JOSE RANGEL DE CAMARGO, RUA",21,"CASA VERDE",1,0,"EUDOXIA, RUA STA SAO PAULO SP &  JOSE RANGEL DE CAMARGO, RUA SAO PAULO SP",-23.4983297,-46.655099
"7675","D041300349",11544,"LAGES, RUA MARQ DE",1349,"ANGATURAMA, RUA",0,"","25/04/2013 19:00",2,"QM",26,3679," "," ",0,1,0,0,0,0,0,0,0,0,0,0,0,0,0,0,0,1349,"ANGATURAMA, RUA",11544,"LAGES, RUA MARQ DE",69,"SACOMA",1,0,"LAGES, RUA MARQ DE SAO PAULO SP &  ANGATURAMA, RUA SAO PAULO SP",-23.6273518,-46.6094089
"7676","D041301162",5947,"EDGAR FACO, AV GAL",NA,"",510,"","25/04/2013 19:37",2,"CO",28,4497," "," ",1,1,0,0,0,0,0,0,0,0,0,0,0,0,0,0,0,5947,"EDGAR FACO, AV GAL",NA,"",64,"PIRITUBA",1,0,"EDGAR FACO, AV GAL 510 SAO PAULO SP",-23.5019948,-46.7062283
"7677","D041300898",27705,"CENTENARIO DO SUL, RUA",NA,"",100,"","25/04/2013 20:58",2,"QM",87,3849," "," ",0,1,0,0,0,0,0,0,0,0,0,0,0,0,0,0,0,27705,"CENTENARIO DO SUL, RUA",NA,"",4,"ARICANDUVA",1,0,"CENTENARIO DO SUL, RUA 100 SAO PAULO SP",-23.4747675,-46.7126861
"7678","D041300435",4596,"CATARINA, AV STA",NA,"",806,"","25/04/2013 21:10",2,"CO",35,900052," "," ",1,1,0,0,0,0,0,0,0,0,0,0,0,0,0,0,0,4596,"CATARINA, AV STA",NA,"",37,"JABAQUARA",1,0,"CATARINA, AV STA 806 SAO PAULO SP",-23.6429135,-46.6659331
"7679","D041301433",34122,"MELO FREIRE, RUA",10516,"JOAQUIM ANTONIO DIAS, RUA CEL",0,"","25/04/2013 21:15",2,"CT",30,2381," "," ",1,0,0,0,0,0,0,0,0,0,0,1,0,0,0,0,0,10516,"JOAQUIM ANTONIO DIAS, RUA CEL",34122,"MELO FREIRE, RUA",82,"TATUAPE",1,0,"MELO FREIRE, RUA SAO PAULO SP &  JOAQUIM ANTONIO DIAS, RUA CEL SAO PAULO SP",-23.5391715,-46.5695321
"7680","D041301325",16838,"RAIMUNDO PEREIRA DE MAGAL., AV",NA,"",12881,"","25/04/2013 21:35",2,"CO",74,3690," "," ",1,1,0,0,0,0,0,0,0,0,0,0,0,0,0,0,0,16838,"RAIMUNDO PEREIRA DE MAGAL., AV",NA,"",31,"GUAIANASES",1,0,"RAIMUNDO PEREIRA DE MAGAL., AV 12881 SAO PAULO SP",-23.4296356,-46.7215698
"7681","D041301434",2181,"ARICANDUVA, AV",NA,"",1630,"","25/04/2013 22:05",2,"CO",30,2382," "," ",0,2,0,0,0,0,0,0,0,0,0,0,0,0,0,0,0,2181,"ARICANDUVA, AV",NA,"",60,"PENHA",2,0,"ARICANDUVA, AV 1630 SAO PAULO SP",-23.5849785,-46.4893736
"7682","D041300431",6883,"FAGUNDES FILHO, AV",9715,"JABAQUARA, AV",0,"","25/04/2013 22:30",2,"CO",35,5516," "," ",1,1,0,0,0,0,0,0,0,0,0,0,0,0,0,0,0,6883,"FAGUNDES FILHO, AV",9715,"JABAQUARA, AV",79,"SAUDE",1,0,"FAGUNDES FILHO, AV SAO PAULO SP &  JABAQUARA, AV SAO PAULO SP",-23.6271944,-46.6368802
"7683","D041301516",11858,"JOAO DIAS TEIXEIRA, RUA",16417,"PLANETA, RUA",0,"","25/04/2013 22:35",2,"CO",58,2386," "," ",1,1,0,0,0,0,0,0,0,0,0,0,0,0,0,0,0,11858,"JOAO DIAS TEIXEIRA, RUA",16417,"PLANETA, RUA",87,"VILA FORMOSA",1,0,"JOAO DIAS TEIXEIRA, RUA SAO PAULO SP &  PLANETA, RUA SAO PAULO SP",-23.5760485,-46.5432964
"7684","D041300709",14350,"MUTINGA, AV",NA,"",2644,"","25/04/2013 22:45",2,"CO",33,3852," "," ",1,1,0,0,0,0,0,0,0,0,0,0,0,0,0,0,0,14350,"MUTINGA, AV",NA,"",64,"PIRITUBA",1,0,"MUTINGA, AV 2644 SAO PAULO SP",-23.4883852,-46.7489248
"7685","D041300369",9880,"JAMARIS, AV",9306,"IRAE, AL",0,"","25/04/2013 22:55",2,"SI",27,4327," "," ",1,1,0,0,0,0,0,0,0,0,0,0,0,0,0,0,0,9306,"IRAE, AL",9880,"JAMARIS, AV",53,"MOEMA",1,0,"JAMARIS, AV SAO PAULO SP &  IRAE, AL SAO PAULO SP",-23.6100957,-46.6553729
"7686","D041300055",17060,"RIBEIRO DE LIMA, RUA",18993,"TIRADENTES, AV",0,"","25/04/2013 23:30",2,"CO",2,2389,"B"," ",2,0,0,0,0,0,0,0,0,0,0,0,0,0,0,0,0,10485,"JOAO TEODORO, RUA",18993,"TIRADENTES, AV",9,"BOM RETIRO",2,0,"RIBEIRO DE LIMA, RUA SAO PAULO SP &  TIRADENTES, AV SAO PAULO SP",-23.5318876,-46.6349236
"7687","D041300890",28403,"BENEDITO MONTEIRO, RUA",3215,"BENTO BICUDO, RUA CEL",0,"","26/04/2013 00:20",2,"CO",87,2196," "," ",1,0,0,0,0,0,0,0,0,0,0,0,0,0,0,1,0,3215,"BENTO BICUDO, RUA CEL",14951,"OLIMPIO TOMAS FERNANDES, RUA",NA,"",1,0,"BENEDITO MONTEIRO, RUA SAO PAULO SP &  BENTO BICUDO, RUA CEL SAO PAULO SP",-23.5069741,-46.7067627
"7688","D041300825",16878,"RAPOSO TAVARES, VIA",NA,"",11800,"","26/04/2013 04:00",2,"CL",51,1888," "," ",1,0,0,1,0,0,0,0,0,0,0,0,0,0,0,0,0,16878,"RAPOSO TAVARES, VIA",NA,"",13,"CACHOEIRINHA",2,0,"RAPOSO TAVARES, VIA 11800 SAO PAULO SP",-23.5341994,-48.4285991
"7689","D041301723",852,"ALVARENGA, ES DO",NA,"",3400,"","26/04/2013 04:30",2,"CO",98,5101," "," ",0,2,0,0,0,0,0,0,0,0,0,0,0,0,0,0,0,852,"ALVARENGA, ES DO",NA,"",59,"PEDREIRA",1,0,"ALVARENGA, ES DO 3400 SAO PAULO SP",-23.5505199,-46.6333094
"7690","D041300298",16023,"PEIXOTO, RUA",NA,"",1383,"","26/04/2013 05:30",2,"CH",78,3356," "," ",1,0,0,0,0,0,0,0,0,0,0,0,0,0,0,0,0,16023,"PEIXOTO, RUA",NA,"",49,"LIBERDADE",1,0,"PEIXOTO, RUA 1383 SAO PAULO SP",-23.5367484,-46.5607101
"7691","D041301511",43408,"ABEL FERREIRA, AV VER",NA,"",4074,"","26/04/2013 05:30",2,"CH",58,942," "," ",1,0,0,1,0,0,0,0,0,0,0,0,0,0,0,0,0,43408,"ABEL FERREIRA, AV VER",NA,"",46,"JOSE BONIFACIO",1,0,"ABEL FERREIRA, AV VER 4074 SAO PAULO SP",-23.5745936,-46.5435264
"7692","D041301781",10036,"JEQUIRITUBA, RUA",NA,"",330,"","26/04/2013 05:45",2,"CL",101,2168," "," ",1,1,0,0,0,0,0,0,0,0,0,0,0,0,0,0,0,10036,"JEQUIRITUBA, RUA",NA,"",30,"GRAJAU",1,0,"JEQUIRITUBA, RUA 330 SAO PAULO SP",-23.7252618,-46.6911227
"7693","D041301798",3509,"BELMIRA MARIN, AV DONA",NA,"",1790,"","26/04/2013 06:35",2,"CL",101,3074," "," ",0,1,1,0,0,0,0,0,0,0,0,0,0,0,0,0,0,3509,"BELMIRA MARIN, AV DONA",NA,"",30,"GRAJAU",1,0,"BELMIRA MARIN, AV DONA 1790 SAO PAULO SP",-23.7453073,-46.6894721
"7695","D041300889",15626,"PAULA FERREIRA, AV",NA,"",800,"","26/04/2013 06:40",2,"CF",87,2189," "," ",1,1,0,0,0,0,0,0,0,0,0,0,0,0,0,0,0,15626,"PAULA FERREIRA, AV",NA,"",64,"PIRITUBA",2,0,"PAULA FERREIRA, AV 800 SAO PAULO SP",-23.5020148,-46.7073923
"7696","D041300979",14685,"ASSUNCAO, AV NSRA DA",NA,"",468,"","26/04/2013 06:50",2,"CO",93,2718," "," ",1,1,0,0,0,0,0,0,0,0,0,0,0,0,0,0,0,14685,"ASSUNCAO, AV NSRA DA",NA,"",68,"RIO PEQUENO",1,0,"ASSUNCAO, AV NSRA DA 468 SAO PAULO SP",-23.5505199,-46.6333094
"7697","D041300421",2235,"ARMANDO DE ARRUDA PEREIRA, AV ENG",NA,"",571,"","26/04/2013 07:00",2,"CO",35,3562," "," ",1,1,0,0,0,0,0,0,0,0,0,0,0,0,0,0,0,2235,"ARMANDO DE ARRUDA PEREIRA, AV ENG",NA,"",37,"JABAQUARA",1,0,"ARMANDO DE ARRUDA PEREIRA, AV ENG 571 SAO PAULO SP",-23.6758746,-46.6290694
"7698","D041300860",16878,"RAPOSO TAVARES, VIA",NA,"",18600,"","26/04/2013 07:00",4,"AT",75,1439," "," ",0,1,0,0,0,0,0,0,0,0,0,0,0,0,0,0,0,16878,"RAPOSO TAVARES, VIA",NA,"",13,"CACHOEIRINHA",2,0,"RAPOSO TAVARES, VIA 18600 SAO PAULO SP",-23.5105865,-48.5106538
"7699","D041301897",18940,"TIBURCIO DE SOUSA, RUA",64691,"ILHA DO ARVOREDO, RUA",0,"","26/04/2013 07:13",2,"CO",50,5170," "," ",1,1,0,0,0,0,0,0,0,0,0,0,0,0,0,0,0,18940,"TIBURCIO DE SOUSA, RUA",64691,"ILHA DO ARVOREDO, RUA",NA,"",1,0,"TIBURCIO DE SOUSA, RUA SAO PAULO SP &  ILHA DO ARVOREDO, RUA SAO PAULO SP",-23.5111694,-46.3943311
"7700","D041300863",16878,"RAPOSO TAVARES, VIA",NA,"",15000,"","26/04/2013 07:30",2,"QF",75,1472," "," ",0,0,0,0,0,0,0,1,0,0,0,0,0,0,0,0,0,16878,"RAPOSO TAVARES, VIA",NA,"",13,"CACHOEIRINHA",1,0,"RAPOSO TAVARES, VIA 15000 SAO PAULO SP",-23.5250688,-48.4783913
"7701","D041302134",2181,"ARICANDUVA, AV",NA,"",5555,"","26/04/2013 07:40",2,"CO",66,1883," "," ",0,2,0,0,0,0,0,0,0,0,0,0,0,0,0,0,0,2181,"ARICANDUVA, AV",NA,"",60,"PENHA",1,0,"ARICANDUVA, AV 5555 SAO PAULO SP",-23.5610792,-46.5113397
"7702","D041302276",855,"ALVARENGA, RUA",NA,"",1115,"","26/04/2013 08:05",2,"QD",91,3205," "," ",0,0,1,0,0,0,0,0,0,0,0,0,0,0,0,0,0,855,"ALVARENGA, RUA",NA,"",55,"MORUMBI",0,1,"ALVARENGA, RUA 1115 SAO PAULO SP",-23.5720524,-46.7114598
"7703","D041300826",855,"ALVARENGA, RUA",NA,"",1115,"","26/04/2013 08:05",2,"QD",51,1891," "," ",0,0,0,0,0,0,0,1,0,0,0,0,0,0,0,0,0,855,"ALVARENGA, RUA",NA,"",55,"MORUMBI",1,0,"ALVARENGA, RUA 1115 SAO PAULO SP",-23.5720524,-46.7114598
"7704","D041302133",2181,"ARICANDUVA, AV",NA,"",5555,"","26/04/2013 08:19",2,"CO",66,1875," "," ",1,1,0,0,0,0,0,0,0,0,0,0,0,0,0,0,0,2181,"ARICANDUVA, AV",NA,"",60,"PENHA",1,0,"ARICANDUVA, AV 5555 SAO PAULO SP",-23.5610792,-46.5113397
"7706","D041300128",18618,"TAMANDARE, RUA",NA,"",734,"","26/04/2013 08:40",2,"CO",5,2267," "," ",1,1,0,0,0,0,0,0,0,0,0,0,0,0,0,0,0,18618,"TAMANDARE, RUA",NA,"",49,"LIBERDADE",1,0,"TAMANDARE, RUA 734 SAO PAULO SP",-23.5650135,-46.6358642
"7707","D041300503",19583,"VERGUEIRO, RUA",16865,"RANCHO, RUA",0,"","26/04/2013 08:50",2,"SI",95,1967," "," ",1,1,0,0,0,0,0,0,0,0,0,0,0,0,0,0,0,16865,"RANCHO, RUA",19583,"VERGUEIRO, RUA",27,"CURSINO",1,0,"VERGUEIRO, RUA SAO PAULO SP &  RANCHO, RUA SAO PAULO SP",-23.6104332,-46.6085751
"7708","D041301719",66026,"SILVIO PADOVANI, RUA",NA,"",90,"","26/04/2013 09:00",4,"AT",98,4430," "," ",1,1,0,0,0,0,0,0,0,0,0,0,0,0,0,0,0,66026,"SILVIO PADOVANI, RUA",NA,"",29,"FREGUESIA DO O",1,0,"SILVIO PADOVANI, RUA 90 SAO PAULO SP",-23.7022353,-46.6305309
"7709","D041300634",999,"SANTO AMARO, AV",NA,"",1132,"","26/04/2013 09:22",2,"CO",15,2075," "," ",1,1,0,0,0,0,0,0,0,0,0,0,0,0,0,0,0,999,"SANTO AMARO, AV",NA,"",34,"ITAIM BIBI",1,0,"SANTO AMARO, AV 1132 SAO PAULO SP",-23.5941208,-46.6730886
"7710","D041300559",20477,"RODOLFO KOMOREK, RUA PDE",NA,"",5,"","26/04/2013 10:00",4,"AT",97,3587," "," ",1,0,0,0,0,0,0,0,0,0,0,0,0,0,0,0,0,20477,"RODOLFO KOMOREK, RUA PDE",NA,"",42,"JARDIM ANGELA",1,0,"RODOLFO KOMOREK, RUA PDE 5 SAO PAULO SP",-23.5505199,-46.6333094
"7711","D041300576",16903,"RAUL POMPEIA, RUA",18752,"TAVARES BASTOS, RUA",0,"","26/04/2013 10:10",2,"CO",7,2658," "," ",1,0,0,0,0,0,0,1,0,0,0,0,0,0,0,0,0,16903,"RAUL POMPEIA, RUA",18752,"TAVARES BASTOS, RUA",NA,"",1,0,"RAUL POMPEIA, RUA SAO PAULO SP &  TAVARES BASTOS, RUA SAO PAULO SP",-23.5284603,-46.6864254