"","id_acidente","codloga","logradouroA","codlogb","logradouroB","alt_num","referencia","data","cod_acid","tipo_acidente","dp","numero_BO","sentido","pista","automovel","moto","onibus","caminhao","bicicleta","moto_taxi","onibus_fretado","onibus_urbano","microonibus","van","vuc","caminhonete","carreta","jipe","outros","sem_informacao","carroca","princ_a","paiA","princ_b","paiB","cod_distrito","distrito","vit_ferida","vit_morta","local","lat","lon"
"7712","D041302070",13671,"MATEO BEI, AV",NA,"",3437,"","26/04/2013 10:30",2,"QF",49,5697," "," ",0,0,1,0,0,0,0,0,0,0,0,1,0,0,0,0,0,13671,"MATEO BEI, AV",NA,"",75,"SAO MATEUS",1,0,"MATEO BEI, AV 3437 SAO PAULO SP",-23.6104669,-46.4764863
"7713","D041301390",1702,"ANTONIO ESTEVAO DE CARVALHO, AV",NA,"",1532,"","26/04/2013 10:50",2,"CT",21,1427," "," ",2,2,0,0,0,0,0,0,0,0,0,0,0,0,0,0,0,1702,"ANTONIO ESTEVAO DE CARVALHO, AV",NA,"",93,"VILA MATILDE",1,0,"ANTONIO ESTEVAO DE CARVALHO, AV 1532 SAO PAULO SP",-23.5280783,-46.5070246
"7714","D041301797",15507,"TEOTONIO VILELA, AV SEN",NA,"",2364,"","26/04/2013 11:30",2,"CL",101,3073,"B"," ",1,1,0,0,0,0,0,0,0,0,0,0,0,0,0,0,0,15507,"TEOTONIO VILELA, AV SEN",NA,"",23,"CIDADE DUTRA",2,0,"TEOTONIO VILELA, AV SEN 2364 SAO PAULO SP",-23.7221517,-46.6981229
"7717","D041302195",12714,"MANUEL JACINTO, RUA",NA,"",628,"","26/04/2013 12:15",4,"AT",34,2539," "," ",1,0,0,0,0,0,0,0,0,0,0,0,0,0,0,0,0,12714,"MANUEL JACINTO, RUA",NA,"",96,"VILA SONIA",0,1,"MANUEL JACINTO, RUA 628 SAO PAULO SP",-23.5944979,-46.7279039
"7718","D041302072",64019,"CRISTOVAO DE OLIVEIRA, RUA",NA,"",420,"","26/04/2013 12:19",2,"CO",49,5704," "," ",2,0,0,0,0,0,0,0,0,0,0,0,0,0,0,0,0,64019,"CRISTOVAO DE OLIVEIRA, RUA",NA,"",51,"MANDAQUI",1,0,"CRISTOVAO DE OLIVEIRA, RUA 420 SAO PAULO SP",-23.5875375,-46.4834577
"7719","D041300275",15656,"PAULISTA, AV",NA,"",406,"","26/04/2013 12:43",2,"CO",78,2284," "," ",1,1,0,0,0,0,0,0,0,0,0,0,0,0,0,0,0,15656,"PAULISTA, AV",NA,"",7,"BELA VISTA",1,0,"PAULISTA, AV 406 SAO PAULO SP",-23.5686768,-46.6475859
"7721","D041301573",19152,"TREZE DE MAIO, LGO",NA,"",520,"","26/04/2013 13:30",4,"AT",11,4653," "," ",0,0,0,0,0,0,0,1,0,0,0,0,0,0,0,0,0,19152,"TREZE DE MAIO, LGO",NA,"",29,"FREGUESIA DO O",1,0,"TREZE DE MAIO, LGO 520 SAO PAULO SP",-23.5577422,-46.6465161
"7722","D041302238",19152,"TREZE DE MAIO, LGO",NA,"",520,"","26/04/2013 13:30",4,"AT",14,4166," "," ",0,0,1,0,0,0,0,0,0,0,0,0,0,0,0,0,0,19152,"TREZE DE MAIO, LGO",NA,"",29,"FREGUESIA DO O",0,1,"TREZE DE MAIO, LGO 520 SAO PAULO SP",-23.5577422,-46.6465161
"7723","D041302071",76410,"FRANCISCO DE MELO PALHETA, RUA",NA,"",1130,"","26/04/2013 13:40",4,"AT",49,5701," "," ",1,0,0,0,0,0,0,0,0,0,0,0,0,0,0,0,0,76410,"FRANCISCO DE MELO PALHETA, RUA",NA,"",55,"MORUMBI",1,0,"FRANCISCO DE MELO PALHETA, RUA 1130 SAO PAULO SP",-23.6025209,-46.4520597
"7724","D041300299",14804,"NOVE DE JULHO, AV",NA,"",3519,"","26/04/2013 13:43",4,"AT",78,3375," "," ",0,1,0,0,0,0,0,0,0,0,0,0,0,0,0,0,0,14804,"NOVE DE JULHO, AV",NA,"",63,"PINHEIROS",1,0,"NOVE DE JULHO, AV 3519 SAO PAULO SP",-23.5707949,-46.6625327
"7725","D041300646",8571,"HANS NOBILING, RUA",NA,"",175,"","26/04/2013 14:00",2,"CO",15,4091," "," ",1,1,0,0,0,0,0,0,0,0,0,0,0,0,0,0,0,8571,"HANS NOBILING, RUA",NA,"",63,"PINHEIROS",1,0,"HANS NOBILING, RUA 175 SAO PAULO SP",-23.5812048,-46.6919363
"7728","D041301298",42220,"USHIKICHI KAMYIA, RUA",NA,"",1551,"","26/04/2013 14:07",4,"AT",73,4349," "," ",0,0,0,1,0,0,0,0,0,0,0,0,0,0,0,0,0,42220,"USHIKICHI KAMYIA, RUA",NA,"",38,"JACANA",1,0,"USHIKICHI KAMYIA, RUA 1551 SAO PAULO SP",-23.4389142,-46.5803298
"7730","D041300667",1475,"ANTARTICA, AV",19259,"TURIASSU, RUA",0,"","26/04/2013 14:20",2,"CO",23,2322," "," ",1,1,0,0,0,0,0,0,0,0,0,0,0,0,0,0,0,1475,"ANTARTICA, AV",13573,"MARREY JUNIOR, PCA",6,"BARRA FUNDA",1,0,"ANTARTICA, AV SAO PAULO SP &  TURIASSU, RUA SAO PAULO SP",-23.5285655,-46.6756003
"7731","D041300180",4644,"CAVALHEIRO, RUA",12447,"MACHADO, RUA BRIG",0,"","26/04/2013 15:00",4,"AT",8,3199," "," ",0,1,0,0,0,0,0,0,0,0,0,0,0,0,0,0,0,4644,"CAVALHEIRO, RUA",12447,"MACHADO, RUA BRIG",10,"BRAS",1,0,"CAVALHEIRO, RUA SAO PAULO SP &  MACHADO, RUA BRIG SAO PAULO SP",-23.5427884,-46.6140802
"7734","D041301744",14743,"SABARA, AV NSRA DO",12901,"MARCELINO ZONTA, RUA",0,"","26/04/2013 15:40",4,"AT",99,1876," "," ",1,0,0,0,0,0,0,0,0,0,0,0,0,0,0,0,0,12901,"MARCELINO ZONTA, RUA",14743,"SABARA, AV NSRA DO",16,"CAMPO GRANDE",1,0,"SABARA, AV NSRA DO SAO PAULO SP &  MARCELINO ZONTA, RUA SAO PAULO SP",-23.5505199,-46.6333094
"7735","D041301409",17824,"SAPOPEMBA, AV",NA,"",3908,"","26/04/2013 16:00",2,"CO",29,1097," "," ",1,1,0,0,0,0,0,0,0,0,0,0,0,0,0,0,0,17824,"SAPOPEMBA, AV",NA,"",33,"IPIRANGA",1,0,"SAPOPEMBA, AV 3908 SAO PAULO SP",-23.575774,-46.5518181
"7736","D041301126",19884,"VOLUNTARIOS DA PATRIA, RUA",NA,"",3307,"","26/04/2013 16:00",2,"SI",20,3779," "," ",1,1,0,0,0,0,0,0,0,0,0,0,0,0,0,0,0,19884,"VOLUNTARIOS DA PATRIA, RUA",NA,"",8,"BELEM",1,0,"VOLUNTARIOS DA PATRIA, RUA 3307 SAO PAULO SP",-23.4909737,-46.6261055
"7737","D041300935",8483,"GUILHERME DUMONT VILARES, AV DR",9710,"JOSE HOR. MEIRELLES TEIXEIRA, RUA PROF",0,"","26/04/2013 16:00",2,"CT",89,3526," "," ",1,1,0,0,0,0,0,0,0,0,0,0,0,0,0,0,0,8483,"GUILHERME DUMONT VILARES, AV DR",9710,"JOSE HOR. MEIRELLES TEIXEIRA, RUA PROF",96,"VILA SONIA",1,0,"GUILHERME DUMONT VILARES, AV DR SAO PAULO SP &  JOSE HOR. MEIRELLES TEIXEIRA, RUA PROF SAO PAULO SP",-23.6206538,-46.7398092
"7738","D041301971",12156,"LUIZ AYRES, RUA DR",NA,"",2500,"","26/04/2013 16:10",4,"AT",65,1444," "," ",0,1,0,0,0,0,0,0,0,0,0,0,0,0,0,1,0,12156,"LUIZ AYRES, RUA DR",NA,"",5,"ARTUR ALVIM",1,0,"LUIZ AYRES, RUA DR 2500 SAO PAULO SP",-23.5422396,-46.4814708
"7739","D041301146",29027,"MIGUEL CONEJO, AV",NA,"",700,"","26/04/2013 16:30",2,"CO",28,2268," "," ",1,1,0,0,0,0,0,0,0,0,0,0,0,0,0,0,0,29027,"MIGUEL CONEJO, AV",NA,"",4,"ARICANDUVA",1,0,"MIGUEL CONEJO, AV 700 SAO PAULO SP",-23.4975976,-46.6930343
"7740","D041300874",21975,"ANGELO APARECIDO DOS S.DIAS, RUA",NA,"",350,"","26/04/2013 16:40",2,"CO",75,3528," "," ",1,1,0,0,0,0,0,0,0,0,0,0,0,0,0,0,0,21975,"ANGELO APARECIDO DOS S.DIAS, RUA",NA,"",0,"NULL",1,0,"ANGELO APARECIDO DOS S.DIAS, RUA 350 SAO PAULO SP",-23.5926874,-46.7841467
"7741","D041300936",13014,"MARGINAL DO RIO PINHEIROS, AV",NA,"",11500,"","26/04/2013 16:40",2,"CT",89,3540," "," ",1,1,0,0,0,0,0,0,0,0,0,0,0,0,0,0,0,13014,"MARGINAL DO RIO PINHEIROS, AV",NA,"",40,"JAGUARE",1,0,"MARGINAL DO RIO PINHEIROS, AV 11500 SAO PAULO SP",-23.5604208,-46.6574734
"7742","D041301391",2181,"ARICANDUVA, AV",NA,"",1700,"","26/04/2013 16:42",2,"CO",21,1433," "," ",1,1,0,0,0,0,0,0,0,0,0,0,0,0,0,0,0,2181,"ARICANDUVA, AV",NA,"",60,"PENHA",1,0,"ARICANDUVA, AV 1700 SAO PAULO SP",-23.543331,-46.5315381
"7743","D041300577",5318,"CORIOLANO, RUA",NA,"",920,"","26/04/2013 17:50",4,"AT",7,2670," "," ",1,0,0,0,0,0,0,0,0,0,0,0,0,0,0,0,0,5318,"CORIOLANO, RUA",NA,"",48,"LAPA",1,0,"CORIOLANO, RUA 920 SAO PAULO SP",-23.5260229,-46.6944373
"7745","D041301444",4502,"CARRAO, AV CONS",NA,"",1200,"","26/04/2013 18:15",4,"AT",31,4417," "," ",1,0,0,0,0,0,0,0,0,0,0,0,0,0,0,0,0,4502,"CARRAO, AV CONS",NA,"",20,"CARRAO",1,0,"CARRAO, AV CONS 1200 SAO PAULO SP",-23.5427509,-46.5481618
"7746","D041300327",17478,"RUBEM BERTA, AV",NA,"",6800,"","26/04/2013 18:19",2,"CO",16,5550," "," ",1,1,0,0,0,0,0,0,0,0,0,0,0,0,0,0,0,17478,"RUBEM BERTA, AV",NA,"",0,"NULL",1,0,"RUBEM BERTA, AV 6800 SAO PAULO SP",-23.6004322,-46.6511423
"7747","D041300804",46890,"ALEXIOS JAFET (ESTR.CAMPINAS), AV",NA,"",2040,"","26/04/2013 18:26",4,"AT",46,3891," "," ",0,1,0,0,0,0,0,0,0,0,0,0,0,0,0,0,0,46890,"ALEXIOS JAFET (ESTR.CAMPINAS), AV",NA,"",41,"JARAGUA",1,0,"ALEXIOS JAFET (ESTR.CAMPINAS), AV 2040 SAO PAULO SP",-23.5032725,-46.7194722
"7748","D041300211",5981,"DOLZANI, RUA DR",13546,"MARIZ E BARROS, RUA",0,"","26/04/2013 18:42",4,"AT",6,3202," "," ",1,0,0,0,0,0,0,0,0,0,0,0,0,0,0,0,0,5981,"DOLZANI, RUA DR",13546,"MARIZ E BARROS, RUA",92,"VILA MARIANA",1,0,"DOLZANI, RUA DR SAO PAULO SP &  MARIZ E BARROS, RUA SAO PAULO SP",-23.5796392,-46.6221689
"7749","D041300866",71448,"ANDRE DIAS, RUA",NA,"",10,"","26/04/2013 19:00",4,"AT",75,2789," "," ",0,1,0,0,0,0,0,0,0,0,0,0,0,0,0,0,0,71448,"ANDRE DIAS, RUA",NA,"",13,"CACHOEIRINHA",1,0,"ANDRE DIAS, RUA 10 SAO PAULO SP",-23.5792595,-46.7906302
"7750","D041300752",17707,"SAMPAIO SOARES, RUA BAND",NA,"",376,"","26/04/2013 19:00",2,"CH",34,3527," "," ",1,0,0,0,0,0,0,0,0,0,0,0,0,0,0,0,0,17707,"SAMPAIO SOARES, RUA BAND",NA,"",30,"GRAJAU",1,0,"SAMPAIO SOARES, RUA BAND 376 SAO PAULO SP",-23.5505199,-46.6333094
"7751","D041301231",3481,"CLAVASIO ALVES DA SILVA, AV",14736,"O, AV NSRA DO",0,"","26/04/2013 19:00",2,"CO",40,4543," "," ",1,1,0,0,0,0,0,0,0,0,0,0,0,0,0,0,0,3481,"CLAVASIO ALVES DA SILVA, AV",14736,"O, AV NSRA DO",50,"LIMAO",1,0,"CLAVASIO ALVES DA SILVA, AV SAO PAULO SP &  O, AV NSRA DO SAO PAULO SP",-23.5018329,-46.6784297
"7752","D041302172",63872,"NAVEGADORES, RUA DOS",71330,"FIORAVANTE ZAMPOL, RUA",0,"","26/04/2013 19:00",2,"CO",70,4278," "," ",0,1,0,0,0,0,0,0,0,0,0,0,0,0,0,0,0,63872,"NAVEGADORES, RUA DOS",71330,"FIORAVANTE ZAMPOL, RUA",78,"SAPOPEMBA",1,0,"NAVEGADORES, RUA DOS SAO PAULO SP &  FIORAVANTE ZAMPOL, RUA SAO PAULO SP",-23.6070383,-46.5192422
"7753","D041301854",75308,"FLORESTA AZUL, RUA",NA,"",800,"","26/04/2013 19:06",4,"AT",24,4447," "," ",2,0,0,0,0,0,0,0,0,0,0,0,0,0,0,0,0,75308,"FLORESTA AZUL, RUA",NA,"",49,"LIBERDADE",1,0,"FLORESTA AZUL, RUA 800 SAO PAULO SP",-23.4974924,-46.5076219
"7754","D041301579",10270,"JOAO DIAS, AV",NA,"",5300,"","26/04/2013 19:30",2,"CO",11,5542,"B"," ",1,1,0,0,0,0,0,0,0,0,0,0,0,0,0,0,0,10270,"JOAO DIAS, AV",NA,"",72,"SANTO AMARO",1,0,"JOAO DIAS, AV 5300 SAO PAULO SP",-23.6431443,-46.7352672
"7755","D041300328",5347,"CORREDEIRA, RUA",11958,"LOEFGREEN, RUA",0,"","26/04/2013 19:47",2,"CO",16,5554," "," ",0,1,0,0,0,0,0,0,0,0,0,0,0,0,0,0,0,7355,"EDUARDO SAIGH, VD DR",11958,"LOEFGREEN, RUA",92,"VILA MARIANA",2,0,"CORREDEIRA, RUA SAO PAULO SP &  LOEFGREEN, RUA SAO PAULO SP",-23.6003943,-46.6260369
"7756","D041300875",21975,"ANGELO APARECIDO DOS S.DIAS, RUA",NA,"",19100,"","26/04/2013 19:50",4,"AT",75,3534," "," ",0,1,0,0,0,0,0,0,0,0,0,0,0,0,0,0,0,21975,"ANGELO APARECIDO DOS S.DIAS, RUA",NA,"",0,"NULL",2,0,"ANGELO APARECIDO DOS S.DIAS, RUA 19100 SAO PAULO SP",-23.5919533,-46.7834494
"7757","D041300953",12436,"MACEDO SOARES, AV EMB",NA,"",10700,"","26/04/2013 19:51",2,"CO",91,2839," "," ",1,1,0,0,0,0,0,0,0,0,0,0,0,0,0,0,0,29772,"MARGINAL DO RIO TIETE, AV",NA,"",48,"LAPA",1,0,"MACEDO SOARES, AV EMB 10700 SAO PAULO SP",-23.5184678,-46.7431433
"7760","D041301837",4653,"CAVOA, RUA",NA,"",201,"","26/04/2013 21:00",2,"CL",22,3200," "," ",1,1,0,0,0,0,0,0,0,0,0,0,0,0,0,0,0,4653,"CAVOA, RUA",NA,"",86,"VILA CURUCA",1,0,"CAVOA, RUA 201 SAO PAULO SP",-23.4961163,-46.4231218
"7761","D041300118",14804,"NOVE DE JULHO, AV",NA,"",2009,"","26/04/2013 21:06",2,"CO",4,3392," "," ",1,1,0,0,0,0,0,0,0,0,0,0,0,0,0,0,0,14804,"NOVE DE JULHO, AV",NA,"",63,"PINHEIROS",1,0,"NOVE DE JULHO, AV 2009 SAO PAULO SP",-23.5597428,-46.6544514
"7762","D041301666",15463,"GIOVANNI BONONCINI, RUA",NA,"",167,"","26/04/2013 21:30",4,"AT",85,3080," "," ",0,1,0,0,0,0,0,0,0,0,0,0,0,0,0,0,0,15463,"GIOVANNI BONONCINI, RUA",NA,"",32,"IGUATEMI",1,0,"GIOVANNI BONONCINI, RUA 167 SAO PAULO SP",-23.741796,-46.7007056
"7763","D041301299",9066,"IMBIRAS, RUA",11721,"LENIZE MAZZEI, RUA",0,"","26/04/2013 21:37",2,"CO",73,4363,"B"," ",1,1,0,0,0,0,0,0,0,0,0,0,0,0,0,0,0,9066,"IMBIRAS, RUA",11721,"LENIZE MAZZEI, RUA",83,"TREMEMBE",1,0,"IMBIRAS, RUA SAO PAULO SP &  LENIZE MAZZEI, RUA SAO PAULO SP",-23.4619217,-46.5945421
"7765","D041301026",6856,"EZEQUIEL FREIRE, RUA",698,"ALFREDO GUEDES, RUA",0,"","26/04/2013 22:06",2,"CO",9,3790," "," ",1,1,0,0,0,0,0,0,0,0,0,0,0,0,0,0,0,2455,"ATALIBA LEONEL, AV GAL",6856,"EZEQUIEL FREIRE, RUA",71,"SANTANA",2,0,"EZEQUIEL FREIRE, RUA SAO PAULO SP &  ALFREDO GUEDES, RUA SAO PAULO SP",-23.5029107,-46.6235844
"7766","D041301300",19711,"ABILIO PEDRO RAMOS, RUA",NA,"",305,"","26/04/2013 22:27",2,"CO",73,4367,"C"," ",1,1,0,0,0,0,0,0,0,0,0,0,0,0,0,0,0,19711,"ABILIO PEDRO RAMOS, RUA",NA,"",22,"CIDADE ADEMAR",1,0,"ABILIO PEDRO RAMOS, RUA 305 SAO PAULO SP",-23.4618131,-46.5777067
"7768","D041301628",67344,"GAGLIANO NETTO, RUA",NA,"",425,"","26/04/2013 22:44",2,"CO",47,5249," "," ",1,0,0,0,0,0,0,0,0,0,0,0,0,0,0,0,0,67344,"GAGLIANO NETTO, RUA",NA,"",29,"FREGUESIA DO O",4,0,"GAGLIANO NETTO, RUA 425 SAO PAULO SP",-23.6817838,-46.7760223
"7769","D041301464",7545,"FRANCISCO REBELO, RUA",16826,"RAIMUNDO, RUA S",0,"","26/04/2013 22:50",4,"AT",42,2714," "," ",0,0,0,1,0,0,0,0,0,0,0,0,0,0,0,0,0,7545,"FRANCISCO REBELO, RUA",16826,"RAIMUNDO, RUA S",95,"VILA PRUDENTE",1,0,"FRANCISCO REBELO, RUA SAO PAULO SP &  RAIMUNDO, RUA S SAO PAULO SP",-23.6044242,-46.5616234
"7770","D041301380",14213,"MOOCA, RUA DA",10135,"JOAO ANTONIO DE OLIVEIRA, RUA",0,"","26/04/2013 22:51",4,"AT",18,2716," "," ",1,0,0,0,0,0,0,0,0,0,0,0,0,0,0,0,0,10135,"JOAO ANTONIO DE OLIVEIRA, RUA",14213,"MOOCA, RUA DA",54,"MOOCA",1,0,"MOOCA, RUA DA SAO PAULO SP &  JOAO ANTONIO DE OLIVEIRA, RUA SAO PAULO SP",-23.5549376,-46.6077126
"7771","D041300635",6897,"FARIA LIMA, AV BRIG",NA,"",11,"","26/04/2013 23:00",2,"CO",15,2641," "," ",0,1,0,0,0,0,0,0,0,0,0,0,0,1,0,0,0,6897,"FARIA LIMA, AV BRIG",NA,"",63,"PINHEIROS",1,0,"FARIA LIMA, AV BRIG 11 SAO PAULO SP",-23.5595722,-46.6963773
"7772","D041300619",13772,"MEDEIROS DE ALBUQUERQUE, RUA",NA,"",418,"","26/04/2013 23:30",2,"CO",14,4179," "," ",1,1,0,0,0,0,0,0,0,0,0,0,0,0,0,0,0,13772,"MEDEIROS DE ALBUQUERQUE, RUA",NA,"",63,"PINHEIROS",1,0,"MEDEIROS DE ALBUQUERQUE, RUA 418 SAO PAULO SP",-23.5543084,-46.6856486
"7773","D041300754",21674,"JORGE JOAO SAAD, AV",12835,"LICIO MARCONDES DO AMARAL, RUA",0,"","26/04/2013 23:30",2,"CL",34,3550," "," ",0,1,0,0,0,0,0,0,0,0,0,1,0,0,0,0,0,12835,"LICIO MARCONDES DO AMARAL, RUA",21674,"JORGE JOAO SAAD, AV",55,"MORUMBI",2,0,"JORGE JOAO SAAD, AV SAO PAULO SP &  LICIO MARCONDES DO AMARAL, RUA SAO PAULO SP",-23.5907419,-46.7220614
"7774","D041302104",99427,"JOSE PINTO, RUA",NA,"",89,"","26/04/2013 23:40",4,"AT",54,5734," "," ",1,0,0,0,0,0,0,0,0,0,0,0,0,0,0,0,0,99427,"JOSE PINTO, RUA",NA,"",50,"LIMAO",1,0,"JOSE PINTO, RUA 89 SAO PAULO SP",-23.6059633,-46.4024122
"7775","D041300181",19768,"VINTE E UM DE ABRIL, RUA",NA,"",721,"","26/04/2013 23:55",2,"CH",8,3213," "," ",2,0,0,0,0,0,0,0,0,0,0,0,0,0,0,0,0,19768,"VINTE E UM DE ABRIL, RUA",NA,"",6,"BARRA FUNDA",1,0,"VINTE E UM DE ABRIL, RUA 721 SAO PAULO SP",-23.5429463,-46.6081587
"7776","D041300144",12165,"LUIS ANTONIO, AV BRIG",NA,"",499,"","27/04/2013 00:30",2,"CL",5,3400," "," ",0,1,0,0,0,0,0,0,0,0,0,1,0,0,0,0,0,12165,"LUIS ANTONIO, AV BRIG",NA,"",7,"BELA VISTA",1,0,"LUIS ANTONIO, AV BRIG 499 SAO PAULO SP",-23.5549975,-46.6389622
"7777","D041301442",4502,"CARRAO, AV CONS",3369,"BIGUACU, RUA",0,"","27/04/2013 00:40",2,"CO",31,2412," "," ",2,0,0,0,0,0,0,0,0,0,0,0,0,0,0,0,0,4502,"CARRAO, AV CONS",8894,"IACRI, RUA",20,"CARRAO",1,0,"CARRAO, AV CONS SAO PAULO SP &  BIGUACU, RUA SAO PAULO SP",-23.5458958,-46.5434081
"7778","D041300469",19583,"VERGUEIRO, RUA",5376,"CORREIA DIAS, RUA",0,"","27/04/2013 01:02",2,"CL",36,43752," "," ",1,1,0,0,0,0,0,0,0,0,0,0,0,0,0,0,0,3274,"BERNARDINO DE CAMPOS, AV",19583,"VERGUEIRO, RUA",92,"VILA MARIANA",1,0,"VERGUEIRO, RUA SAO PAULO SP &  CORREIA DIAS, RUA SAO PAULO SP",-23.6104332,-46.6085751
"7779","D041302237",19583,"VERGUEIRO, RUA",5376,"CORREIA DIAS, RUA",0,"","27/04/2013 01:02",2,"CL",14,4307," "," ",1,1,0,0,0,0,0,0,0,0,0,0,0,0,0,0,0,3274,"BERNARDINO DE CAMPOS, AV",19583,"VERGUEIRO, RUA",92,"VILA MARIANA",0,1,"VERGUEIRO, RUA SAO PAULO SP &  CORREIA DIAS, RUA SAO PAULO SP",-23.6104332,-46.6085751
"7780","D041300214",14317,"MUNIZ DE SOUSA, RUA",NA,"",72,"","27/04/2013 01:22",4,"AT",6,3250," "," ",0,0,0,0,0,0,0,0,0,0,0,0,0,0,0,1,0,14317,"MUNIZ DE SOUSA, RUA",NA,"",12,"BUTANTA",1,0,"MUNIZ DE SOUSA, RUA 72 SAO PAULO SP",-23.5640693,-46.6242373
"7782","D041301855",13881,"MIGUEL, AV S",99006,"HELDER CAMARA, AV DOM",0,"","27/04/2013 02:00",2,"CO",24,4458,"C"," ",1,1,0,0,0,0,0,0,0,0,0,0,0,0,0,0,0,13881,"MIGUEL, AV S",99006,"HELDER CAMARA, AV DOM",35,"ITAIM PAULISTA",1,0,"MIGUEL, AV S SAO PAULO SP &  HELDER CAMARA, AV DOM SAO PAULO SP",-23.513252,-46.517118
"7783","D041300545",999,"SANTO AMARO, AV",NA,"",2354,"","27/04/2013 02:34",2,"QM",96,4379," "," ",0,1,0,0,0,0,0,0,0,0,0,0,0,0,0,0,0,999,"SANTO AMARO, AV",NA,"",34,"ITAIM BIBI",1,0,"SANTO AMARO, AV 2354 SAO PAULO SP",-23.6047868,-46.6753127
"7784","D041301301",8320,"GUAPIRA, AV",NA,"",2325,"","27/04/2013 04:04",2,"CH",73,4368," "," ",1,0,0,0,0,0,0,0,0,0,0,0,0,0,0,0,0,8320,"GUAPIRA, AV",NA,"",38,"JACANA",1,0,"GUAPIRA, AV 2325 SAO PAULO SP",-23.4696724,-46.5847601
"7785","D041302232",8320,"GUAPIRA, AV",NA,"",2325,"","27/04/2013 04:04",2,"CH",14,4146," "," ",1,0,0,0,0,0,0,0,0,0,0,0,0,0,0,0,0,8320,"GUAPIRA, AV",NA,"",38,"JACANA",0,1,"GUAPIRA, AV 2325 SAO PAULO SP",-23.4696724,-46.5847601
"7786","D041302173",24338,"LUIZ IGNACIO ANHAIA MELLO, AV PROF",4918,"JOSE ANTONIO FONTES, RUA",0,"","27/04/2013 05:00",2,"CO",70,4293," "," ",1,0,0,0,0,0,0,0,0,0,0,1,0,0,0,0,0,4918,"JOSE ANTONIO FONTES, RUA",24338,"LUIZ IGNACIO ANHAIA MELLO, AV PROF",78,"SAPOPEMBA",2,0,"LUIZ IGNACIO ANHAIA MELLO, AV PROF SAO PAULO SP &  JOSE ANTONIO FONTES, RUA SAO PAULO SP",-23.5827842,-46.565808
"7787","D041301700",12403,"M'BOI MIRIM, ES",8368,"GUARAPIRANGA, AV",0,"","27/04/2013 05:35",2,"SI",92,5260," "," ",0,1,0,0,0,0,0,0,0,0,0,0,0,0,0,0,0,8368,"GUARAPIRANGA, AV",12403,"M'BOI MIRIM, ES",45,"JARDIM SAO LUIS",1,0,"M'BOI MIRIM, ES SAO PAULO SP &  GUARAPIRANGA, AV SAO PAULO SP",-23.5505199,-46.6333094
"7788","D041301942",69890,"VILANOVA DE SANTA CRUZ, RUA",2429,"ASSIS RIBEIRO, RUA DR",0,"","27/04/2013 05:45",2,"CF",63,3208," "," ",0,2,0,0,0,0,0,0,0,0,0,0,0,0,0,0,0,2429,"ASSIS RIBEIRO, RUA DR",69890,"VILANOVA DE SANTA CRUZ, RUA",89,"VILA JACUI",1,0,"VILANOVA DE SANTA CRUZ, RUA SAO PAULO SP &  ASSIS RIBEIRO, RUA DR SAO PAULO SP",-23.4900713,-46.4659881
"7789","D041302280",69890,"VILANOVA DE SANTA CRUZ, RUA",2429,"ASSIS RIBEIRO, RUA DR",0,"","27/04/2013 05:45",2,"CF",52,415," "," ",0,2,0,0,0,0,0,0,0,0,0,0,0,0,0,0,0,2429,"ASSIS RIBEIRO, RUA DR",69890,"VILANOVA DE SANTA CRUZ, RUA",89,"VILA JACUI",1,1,"VILANOVA DE SANTA CRUZ, RUA SAO PAULO SP &  ASSIS RIBEIRO, RUA DR SAO PAULO SP",-23.4900713,-46.4659881
"7791","D041300300",15656,"PAULISTA, AV",NA,"",1708,"","27/04/2013 06:40",4,"AT",78,3403," "," ",0,0,1,0,0,0,0,0,0,0,0,0,0,0,0,0,0,15656,"PAULISTA, AV",NA,"",7,"BELA VISTA",1,0,"PAULISTA, AV 1708 SAO PAULO SP",-23.5605993,-46.6571019
"7792","D041301027",14916,"OLAVO EGIDIO, RUA DR",20089,"ZUQUIM, RUA DR",0,"","27/04/2013 07:03",2,"CO",9,3793,"C"," ",1,1,0,0,0,0,0,0,0,0,0,0,0,0,0,0,0,14916,"OLAVO EGIDIO, RUA DR",20089,"ZUQUIM, RUA DR",71,"SANTANA",1,0,"OLAVO EGIDIO, RUA DR SAO PAULO SP &  ZUQUIM, RUA DR SAO PAULO SP",-23.4999667,-46.6205539
"7794","D041301856",13881,"MIGUEL, AV S",NA,"",2290,"","27/04/2013 08:00",4,"AT",24,4474," "," ",0,1,0,0,0,0,0,0,0,0,0,0,0,0,0,0,0,13881,"MIGUEL, AV S",NA,"",65,"PONTE RASA",1,0,"MIGUEL, AV S 2290 SAO PAULO SP",-23.5110075,-46.508906
"7795","D041301232",6450,"EMILIO CARLOS, AV DEP",NA,"",1700,"","27/04/2013 08:00",2,"QD",40,4570," "," ",0,0,0,0,0,0,0,1,0,0,0,0,0,0,0,0,0,6450,"EMILIO CARLOS, AV DEP",NA,"",50,"LIMAO",1,0,"EMILIO CARLOS, AV DEP 1700 SAO PAULO SP",-23.4920929,-46.6770861
"7796","D041301127",18151,"SEZEFREDO FAGUNDES, AV CEL",NA,"",3590,"","27/04/2013 08:00",2,"CO",20,3794," "," ",2,1,0,0,0,0,0,0,0,0,0,0,0,0,0,0,0,18151,"SEZEFREDO FAGUNDES, AV CEL",NA,"",22,"CIDADE ADEMAR",2,0,"SEZEFREDO FAGUNDES, AV CEL 3590 SAO PAULO SP",-23.4486577,-46.5990882