"","id_acidente","codloga","logradouroA","codlogb","logradouroB","alt_num","referencia","data","cod_acid","tipo_acidente","dp","numero_BO","sentido","pista","automovel","moto","onibus","caminhao","bicicleta","moto_taxi","onibus_fretado","onibus_urbano","microonibus","van","vuc","caminhonete","carreta","jipe","outros","sem_informacao","carroca","princ_a","paiA","princ_b","paiB","cod_distrito","distrito","vit_ferida","vit_morta","local","lat","lon"
"7797","D041300679",3876,"CAIOVAA, RUA",10436,"JOAO RAMALHO, RUA",0,"","27/04/2013 08:06",2,"CO",23,2859," "," ",1,1,0,0,0,0,0,0,0,0,0,0,0,0,0,0,0,3876,"CAIOVAA, RUA",10436,"JOAO RAMALHO, RUA",61,"PERDIZES",1,0,"CAIOVAA, RUA SAO PAULO SP &  JOAO RAMALHO, RUA SAO PAULO SP",-23.5450275,-46.6884733
"7799","D041301496",24338,"LUIZ IGNACIO ANHAIA MELLO, AV PROF",NA,"",678,"","27/04/2013 08:48",2,"CL",56,2726," "," ",1,1,0,0,0,0,0,0,0,0,0,0,0,0,0,0,0,24338,"LUIZ IGNACIO ANHAIA MELLO, AV PROF",NA,"",26,"CONSOLACAO",1,0,"LUIZ IGNACIO ANHAIA MELLO, AV PROF 678 SAO PAULO SP",-23.5862397,-46.5897857
"7800","D041300026",6642,"ESTADO, AV DO",NA,"",5533,"","27/04/2013 09:00",2,"CO",1,3225,"C"," ",1,1,0,0,0,0,0,0,0,0,0,0,0,0,0,0,0,6642,"ESTADO, AV DO",NA,"",9,"BOM RETIRO",1,0,"ESTADO, AV DO 5533 SAO PAULO SP",-23.558007,-46.6160989
"7801","D041300899",11039,"JOSE LOURENCO, RUA PROF",NA,"",2010,"","27/04/2013 09:40",4,"AA",87,3973," "," ",0,1,0,0,0,0,0,0,0,0,0,0,0,0,0,0,0,11039,"JOSE LOURENCO, RUA PROF",NA,"",64,"PIRITUBA",2,0,"JOSE LOURENCO, RUA PROF 2010 SAO PAULO SP",-23.4640031,-46.7137094
"7802","D041300182",6642,"ESTADO, AV DO",NA,"",6728,"","27/04/2013 10:00",2,"CT",8,3231," "," ",0,1,0,0,0,0,0,0,0,0,0,1,0,0,0,0,0,6642,"ESTADO, AV DO",NA,"",9,"BOM RETIRO",1,0,"ESTADO, AV DO 6728 SAO PAULO SP",-23.567275,-46.6098408
"7803","D041300615",6238,"NACOES UNIDAS, AV DAS",NA,"",5777,"","27/04/2013 10:30",2,"CO",14,4116," "," ",1,1,0,0,0,0,0,0,0,0,0,0,0,0,0,0,0,13014,"MARGINAL DO RIO PINHEIROS, AV",NA,"",90,"VILA LEOPOLDINA",1,0,"NACOES UNIDAS, AV DAS 5777 SAO PAULO SP",-23.556105,-46.7135903
"7804","D041301028",13172,"MARIA CANDIDA, RUA",15106,"JOSE GONCALVES GOMIDE, RUA",0,"","27/04/2013 10:38",2,"CO",9,3801," "," ",2,0,0,0,0,0,0,0,0,0,0,0,0,0,0,0,0,13172,"MARIA CANDIDA, RUA",15106,"JOSE GONCALVES GOMIDE, RUA",88,"VILA GUILHERME",2,0,"MARIA CANDIDA, RUA SAO PAULO SP &  JOSE GONCALVES GOMIDE, RUA SAO PAULO SP",-23.503332,-46.6092835
"7806","D041301760",13035,"MIGUEL YUNES, RUA",NA,"",581,"","27/04/2013 10:42",2,"SI",99,4718," "," ",1,1,0,0,0,0,0,0,0,0,0,0,0,0,0,0,0,13035,"MIGUEL YUNES, RUA",NA,"",16,"CAMPO GRANDE",1,0,"MIGUEL YUNES, RUA 581 SAO PAULO SP",-23.6945516,-46.6805183
"7807","D041301964",18167,"BOAS NOITES, RUA DAS",46936,"JACU-PESSEGO/NOVA TRABALHADORE, AV",0,"","27/04/2013 11:21",4,"AT",64,4492," "," ",1,0,0,0,0,0,0,0,0,0,0,0,0,0,0,0,0,18167,"BOAS NOITES, RUA DAS",46936,"JACU-PESSEGO/NOVA TRABALHADORE, AV",36,"ITAQUERA",1,0,"BOAS NOITES, RUA DAS SAO PAULO SP &  JACU-PESSEGO/NOVA TRABALHADORE, AV SAO PAULO SP",-23.5291323,-46.4602745
"7808","D041302073",13671,"MATEO BEI, AV",NA,"",95,"","27/04/2013 11:36",2,"CO",49,5765," "," ",1,1,0,0,0,0,0,0,0,0,0,0,0,0,0,0,0,13671,"MATEO BEI, AV",NA,"",75,"SAO MATEUS",1,0,"MATEO BEI, AV 95 SAO PAULO SP",-23.5841556,-46.4921061
"7809","D041301073",6736,"EUCLIDES DA SILVEIRA, RUA DESEM",3637,"BRAZ LEME, AV",0,"","27/04/2013 11:50",2,"CL",13,4578," "," ",1,1,0,0,0,0,0,0,0,0,0,0,0,0,0,0,0,3637,"BRAZ LEME, AV",6736,"EUCLIDES DA SILVEIRA, RUA DESEM",21,"CASA VERDE",1,0,"EUCLIDES DA SILVEIRA, RUA DESEM SAO PAULO SP &  BRAZ LEME, AV SAO PAULO SP",-23.5089046,-46.6518333
"7810","D041301606",5606,"CUPECE, AV",NA,"",317,"","27/04/2013 12:00",4,"AT",43,4474,"C"," ",1,0,0,0,0,0,0,0,0,0,0,0,0,0,0,0,0,5606,"CUPECE, AV",NA,"",22,"CIDADE ADEMAR",1,0,"CUPECE, AV 317 SAO PAULO SP",-23.6626179,-46.6622987
"7811","D041301504",906,"ALVARO RAMOS, AV",NA,"",2400,"","27/04/2013 12:05",4,"AT",57,738," "," ",0,1,0,0,0,0,0,0,0,0,0,0,0,0,0,0,0,906,"ALVARO RAMOS, AV",NA,"",8,"BELEM",1,0,"ALVARO RAMOS, AV 2400 SAO PAULO SP",-23.5559415,-46.5780432
"7812","D041300212",11922,"LINS DE VASCONCELOS, AV",NA,"",2754,"","27/04/2013 12:17",4,"AT",6,3226," "," ",0,1,0,0,0,0,0,0,0,0,0,0,0,0,0,0,0,11922,"LINS DE VASCONCELOS, AV",NA,"",92,"VILA MARIANA",1,0,"LINS DE VASCONCELOS, AV 2754 SAO PAULO SP",-23.5863281,-46.6282357
"7813","D041301585",36000,"AMARO ALVES DO ROSARIO, RUA",NA,"",3213,"","27/04/2013 12:20",2,"CO",25,1122," "," ",2,0,0,0,0,0,0,0,0,0,0,0,0,0,0,0,0,36000,"AMARO ALVES DO ROSARIO, RUA",NA,"",56,"PARELHEIROS",2,0,"AMARO ALVES DO ROSARIO, RUA 3213 SAO PAULO SP",-23.8117977,-46.7318062
"7814","D041301247",15485,"PARAPUA, RUA",NA,"",1909,"","27/04/2013 12:40",2,"CO",45,3770," "," ",0,0,0,0,0,0,0,2,0,0,0,0,0,0,0,0,0,15485,"PARAPUA, RUA",NA,"",4,"ARICANDUVA",11,0,"PARAPUA, RUA 1909 SAO PAULO SP",-23.4694787,-46.6941386
"7815","D041300028",8029,"GLORIA, RUA DA",NA,"",640,"","27/04/2013 12:45",4,"AT",1,3235," "," ",1,0,0,0,0,0,0,0,0,0,0,0,0,0,0,0,0,8029,"GLORIA, RUA DA",NA,"",49,"LIBERDADE",1,0,"GLORIA, RUA DA 640 SAO PAULO SP",-23.5589092,-46.6339528
"7816","D041300877",99658,"CACHOEIRA PORAQUE, RUA",NA,"",24,"","27/04/2013 13:00",2,"CL",75,3581," "," ",1,1,0,0,0,0,0,0,0,0,0,0,0,0,0,0,0,99658,"CACHOEIRA PORAQUE, RUA",NA,"",13,"CACHOEIRINHA",2,0,"CACHOEIRA PORAQUE, RUA 24 SAO PAULO SP",-23.5897233,-46.7965483
"7817","D041301526",17870,"SATURNINO DE BRITO, RUA ENG",NA,"",436,"","27/04/2013 13:00",2,"QM",81,1718," "," ",1,1,0,0,0,0,0,0,0,0,0,0,0,0,0,0,0,17870,"SATURNINO DE BRITO, RUA ENG",NA,"",10,"BRAS",1,0,"SATURNINO DE BRITO, RUA ENG 436 SAO PAULO SP",-23.539143,-46.5821454
"7818","D041300470",19764,"VINTE E TRES DE MAIO, AV",NA,"",10,"","27/04/2013 13:08",2,"CT",36,4393," "," ",3,2,0,0,0,0,0,0,0,0,0,1,0,0,0,0,0,19764,"VINTE E TRES DE MAIO, AV",NA,"",17,"CAMPO LIMPO",1,0,"VINTE E TRES DE MAIO, AV 10 SAO PAULO SP",-23.5831183,-46.6523031
"7819","D041302257",9088,"IMPERIAL, RUA",NA,"",56,"","27/04/2013 14:00",2,"CO",24,4528," "," ",2,0,0,0,0,0,0,0,0,0,0,0,0,0,0,0,0,9088,"IMPERIAL, RUA",NA,"",49,"LIBERDADE",0,1,"IMPERIAL, RUA 56 SAO PAULO SP",-23.5094179,-46.5114878
"7820","D041300844",16878,"RAPOSO TAVARES, VIA",NA,"",11,"","27/04/2013 14:25",2,"CO",51,4126," "," ",1,1,0,0,0,0,0,0,0,0,0,0,0,0,0,0,0,16878,"RAPOSO TAVARES, VIA",NA,"",13,"CACHOEIRINHA",1,0,"RAPOSO TAVARES, VIA 11 SAO PAULO SP",-23.6219294,-46.6885123
"7821","D041300301",6651,"ESTADOS UNIDOS, RUA",NA,"",1000,"","27/04/2013 15:45",2,"CO",78,3615," "," ",1,1,0,0,0,0,0,0,0,0,0,0,0,0,0,0,0,6651,"ESTADOS UNIDOS, RUA",NA,"",44,"JARDIM PAULISTA",1,0,"ESTADOS UNIDOS, RUA 1000 SAO PAULO SP",-23.5697894,-46.6649565
"7822","D041301197",3620,"BRASILUSO LOPES, RUA",NA,"",106,"","27/04/2013 16:30",4,"AT",38,3776," "," ",1,0,0,0,0,0,0,0,0,0,0,0,0,0,0,0,0,3620,"BRASILUSO LOPES, RUA",NA,"",13,"CACHOEIRINHA",1,0,"BRASILUSO LOPES, RUA 106 SAO PAULO SP",-23.4612428,-46.6523753
"7823","D041301576",6238,"NACOES UNIDAS, AV DAS",NA,"",22100,"","27/04/2013 16:41",2,"CT",11,4723," "," ",0,1,0,0,0,0,0,0,1,0,0,0,0,0,0,0,0,13014,"MARGINAL DO RIO PINHEIROS, AV",NA,"",90,"VILA LEOPOLDINA",1,0,"NACOES UNIDAS, AV DAS 22100 SAO PAULO SP",-23.6791495,-46.696056
"7825","D041301163",36284,"PETRONIO PORTELA, AV MIN",NA,"",18,"","27/04/2013 17:10",2,"CO",28,4595," "," ",1,1,0,0,0,0,0,0,0,0,0,0,0,0,0,0,0,36284,"PETRONIO PORTELA, AV MIN",NA,"",4,"ARICANDUVA",1,0,"PETRONIO PORTELA, AV MIN 18 SAO PAULO SP",-23.4977579,-46.7052799
"7826","D041301977",9580,"ITAQUERA, AV",NA,"",7400,"","27/04/2013 17:30",2,"CO",65,2507," "," ",1,0,0,0,0,0,0,0,0,0,0,1,0,0,0,0,0,9580,"ITAQUERA, AV",NA,"",24,"CIDADE LIDER",1,0,"ITAQUERA, AV 7400 SAO PAULO SP",-23.5459594,-46.4610024
"7827","D041301505",14213,"MOOCA, RUA DA",NA,"",3266,"","27/04/2013 17:32",4,"AT",57,2745," "," ",1,0,0,0,0,0,0,0,0,0,0,0,0,0,0,0,0,14213,"MOOCA, RUA DA",NA,"",16,"CAMPO GRANDE",1,0,"MOOCA, RUA DA 3266 SAO PAULO SP",-23.5570707,-46.5937045
"7828","D041301497",2729,"BAIA GRANDE, RUA",7497,"FRANCISCO MESQUITA, AV DR",0,"","27/04/2013 17:52",2,"CL",56,2744," "," ",1,1,0,0,0,0,0,0,0,0,0,0,0,0,0,0,0,2729,"BAIA GRANDE, RUA",7497,"FRANCISCO MESQUITA, AV DR",NA,"",1,0,"BAIA GRANDE, RUA SAO PAULO SP &  FRANCISCO MESQUITA, AV DR SAO PAULO SP",-23.6000352,-46.5709662
"7829","D041300900",73499,"MENOTTI LAUDISIO, AV",NA,"",412,"","27/04/2013 18:17",2,"CH",87,900061," "," ",1,0,0,0,0,0,0,0,0,0,0,0,0,0,0,0,0,73499,"MENOTTI LAUDISIO, AV",NA,"",0,"NULL",2,0,"MENOTTI LAUDISIO, AV 412 SAO PAULO SP",-23.4821798,-46.727045
"7832","D041301662",61369,"PEDRA FORMOSA, RUA",NA,"",32,"","27/04/2013 19:00",4,"AT",85,2199," "," ",1,0,0,0,0,0,0,0,0,0,0,0,0,0,0,0,0,61369,"PEDRA FORMOSA, RUA",NA,"",8,"BELEM",2,0,"PEDRA FORMOSA, RUA 32 SAO PAULO SP",-23.4797614,-46.6538724
"7833","D041301654",6896,"FANFULA, RUA",NA,"",74,"","27/04/2013 19:15",4,"AT",80,4484," "," ",0,1,0,0,0,0,0,0,0,0,0,0,0,0,0,0,0,6896,"FANFULA, RUA",NA,"",22,"CIDADE ADEMAR",2,0,"FANFULA, RUA 74 SAO PAULO SP",-23.6762247,-46.662779
"7834","D041301368",2490,"ATUAI, RUA",11627,"LAURINDA, RUA",0,"","27/04/2013 19:22",4,"AT",10,4722," "," ",0,0,0,0,0,0,0,0,0,0,0,0,0,0,0,1,0,2490,"ATUAI, RUA",11627,"LAURINDA, RUA",60,"PENHA",1,0,"ATUAI, RUA SAO PAULO SP &  LAURINDA, RUA SAO PAULO SP",-23.5220512,-46.5302998
"7835","D041300083",1267,"ANDRADAS, RUA DOS",8536,"GUSMOES, RUA DOS",0,"","27/04/2013 19:40",2,"CO",3,3942," "," ",0,1,0,0,0,0,0,0,0,0,0,1,0,0,0,0,0,1267,"ANDRADAS, RUA DOS",8536,"GUSMOES, RUA DOS",67,"REPUBLICA",1,0,"ANDRADAS, RUA DOS SAO PAULO SP &  GUSMOES, RUA DOS SAO PAULO SP",-23.5395184,-46.6371363
"7837","D041300213",11922,"LINS DE VASCONCELOS, AV",NA,"",1400,"","27/04/2013 20:48",4,"AT",6,3247," "," ",1,0,0,0,0,0,0,0,0,0,0,0,0,0,0,0,0,11922,"LINS DE VASCONCELOS, AV",NA,"",92,"VILA MARIANA",1,0,"LINS DE VASCONCELOS, AV 1400 SAO PAULO SP",-23.5757033,-46.6234186
"7838","D041302154",67696,"PARACELSUS, TR",NA,"",50,"","27/04/2013 20:58",4,"AT",69,4330," "," ",0,1,0,0,0,0,0,0,0,0,0,0,0,0,0,0,0,67696,"PARACELSUS, TR",NA,"",56,"PARELHEIROS",1,0,"PARACELSUS, TR 50 SAO PAULO SP",-23.5980824,-46.5008347
"7839","D041300512",18173,"SILVA CASTRO, RUA CEL",NA,"",168,"","27/04/2013 21:00",2,"CF",95,3635,"C"," ",2,1,0,0,0,0,0,0,0,0,0,0,0,0,0,0,0,18173,"SILVA CASTRO, RUA CEL",NA,"",18,"CANGAIBA",2,0,"SILVA CASTRO, RUA CEL 168 SAO PAULO SP",-23.609245,-46.5949714
"7840","D041301857",954,"AMADOR BUENO DA VEIGA, AV",NA,"",2887,"","27/04/2013 21:04",2,"CO",24,4506," "," ",1,1,0,0,0,0,0,0,0,0,0,0,0,0,0,0,0,954,"AMADOR BUENO DA VEIGA, AV",NA,"",60,"PENHA",1,0,"AMADOR BUENO DA VEIGA, AV 2887 SAO PAULO SP",-23.5224364,-46.5182071
"7841","D041301780",12403,"M'BOI MIRIM, ES",NA,"",5000,"","27/04/2013 21:30",4,"AT",100,5278," "," ",1,0,0,0,0,0,0,0,0,0,0,0,0,0,0,0,0,12403,"M'BOI MIRIM, ES",NA,"",42,"JARDIM ANGELA",1,0,"M'BOI MIRIM, ES 5000 SAO PAULO SP",-23.5505199,-46.6333094
"7842","D041301996",8576,"HARDMAN, RUA BRIG",NA,"",178,"","27/04/2013 21:30",2,"CO",68,5247," "," ",1,1,0,0,0,0,0,0,0,0,0,0,0,0,0,0,0,8576,"HARDMAN, RUA BRIG",NA,"",47,"LAJEADO",1,0,"HARDMAN, RUA BRIG 178 SAO PAULO SP",-23.5379332,-46.4091058
"7843","D041301164",3891,"CAJATI, RUA",NA,"",171,"","27/04/2013 21:40",4,"AT",28,4605," "," ",1,0,0,0,0,0,0,0,0,0,0,0,0,0,0,0,0,3891,"CAJATI, RUA",NA,"",29,"FREGUESIA DO O",1,0,"CAJATI, RUA 171 SAO PAULO SP",-23.5036156,-46.6915731
"7844","D041301725",852,"ALVARENGA, ES DO",NA,"",2250,"","27/04/2013 21:45",2,"CO",98,5670," "," ",1,1,0,0,0,0,0,0,0,0,0,0,0,0,0,0,0,852,"ALVARENGA, ES DO",NA,"",59,"PEDREIRA",1,0,"ALVARENGA, ES DO 2250 SAO PAULO SP",-23.5505199,-46.6333094
"7845","D041301090",9086,"IMPERADOR, RUA DO",NA,"",1736,"","27/04/2013 22:30",2,"CO",19,3841," "," ",1,1,0,0,0,0,0,0,0,0,0,0,0,0,0,0,0,9086,"IMPERADOR, RUA DO",NA,"",88,"VILA GUILHERME",1,0,"IMPERADOR, RUA DO 1736 SAO PAULO SP",-23.5078761,-46.5947516
"7846","D041300680",14947,"OLIMPIO DA SILVEIRA, AV GAL",NA,"",566,"","27/04/2013 22:30",2,"QM",23,2900," "," ",0,1,0,0,0,0,0,0,0,0,0,0,0,0,0,0,0,14947,"OLIMPIO DA SILVEIRA, AV GAL",NA,"",19,"CAPAO REDONDO",1,0,"OLIMPIO DA SILVEIRA, AV GAL 566 SAO PAULO SP",-23.5318919,-46.6620897
"7847","D041301074",4533,"CASA VERDE, AV",NA,"",2000,"","27/04/2013 22:31",2,"CO",13,4604,"C"," ",1,1,0,0,0,0,0,0,0,0,0,0,0,0,0,0,0,4533,"CASA VERDE, AV",NA,"",45,"JARDIM SAO LUIS",1,0,"CASA VERDE, AV 2000 SAO PAULO SP",-23.5029419,-46.6601494
"7848","D041302007",35934,"EMILIO SERRANO, RUA",NA,"",199,"","27/04/2013 22:37",2,"CO",103,241," "," ",1,1,0,0,0,0,0,0,0,0,0,0,0,0,0,0,0,35934,"EMILIO SERRANO, RUA",NA,"",51,"MANDAQUI",2,0,"EMILIO SERRANO, RUA 199 SAO PAULO SP",-23.5423188,-46.4412334
"7849","D041302174",15032,"ORATORIO, AV DO",1163,"ANA CLARA, RUA",0,"","27/04/2013 22:40",2,"CP",70,4339," "," ",0,0,0,0,0,0,0,0,0,0,0,1,0,0,0,0,0,1163,"ANA CLARA, RUA",15032,"ORATORIO, AV DO",74,"SAO LUCAS",2,0,"ORATORIO, AV DO SAO PAULO SP &  ANA CLARA, RUA SAO PAULO SP",-23.5978656,-46.5401521
"7850","D041301270",3771,"INAJAR DE SOUZA, AV",NA,"",4700,"","27/04/2013 23:00",2,"CT",72,3790," "," ",1,0,1,0,0,0,0,0,0,0,0,0,0,0,0,0,0,3771,"INAJAR DE SOUZA, AV",NA,"",50,"LIMAO",1,0,"INAJAR DE SOUZA, AV 4700 SAO PAULO SP",-23.4709171,-46.6703314
"7851","D041300756",7500,"FRANCISCO MORATO, AV PROF",NA,"",5315,"","27/04/2013 23:15",2,"QD",34,3651," "," ",0,0,1,0,0,0,0,0,0,0,0,0,0,0,0,0,0,7500,"FRANCISCO MORATO, AV PROF",NA,"",12,"BUTANTA",1,0,"FRANCISCO MORATO, AV PROF 5315 SAO PAULO SP",-23.6020072,-46.7436697
"7852","D041302025",17135,"RIO DAS PEDRAS, AV",NA,"",1615,"","27/04/2013 23:40",4,"AT",41,4340," "," ",1,0,0,0,0,0,0,0,0,0,0,0,0,0,0,0,0,17135,"RIO DAS PEDRAS, AV",NA,"",27,"CURSINO",1,0,"RIO DAS PEDRAS, AV 1615 SAO PAULO SP",-23.5681621,-46.5096369
"7853","D041301128",7347,"FRANCISCO RANIERI, AV DR",NA,"",300,"","27/04/2013 23:45",2,"CO",20,3847," "," ",2,0,0,0,0,0,0,0,0,0,0,0,0,0,0,0,0,7347,"FRANCISCO RANIERI, AV DR",NA,"",51,"MANDAQUI",1,0,"FRANCISCO RANIERI, AV DR 300 SAO PAULO SP",-23.4816509,-46.6429771
"7854","D041300616",5885,"DIOGENES RIBEIRO DE LIMA, AV",6342,"ELISA DE MORAES MENDES, RUA DONA",0,"","28/04/2013 00:05",2,"CO",14,4148," "," ",2,0,0,0,0,0,0,0,0,0,0,0,0,0,0,0,0,5885,"DIOGENES RIBEIRO DE LIMA, AV",6342,"ELISA DE MORAES MENDES, RUA DONA",2,"ALTO DE PINHEIR",1,0,"DIOGENES RIBEIRO DE LIMA, AV SAO PAULO SP &  ELISA DE MORAES MENDES, RUA DONA SAO PAULO SP",-23.5335586,-46.7188173
"7855","D041301506",15032,"ORATORIO, AV DO",NA,"",1200,"","28/04/2013 00:18",2,"CF",57,2775," "," ",0,2,0,0,0,0,0,0,0,0,0,0,0,0,0,0,0,15032,"ORATORIO, AV DO",NA,"",26,"CONSOLACAO",1,0,"ORATORIO, AV DO 1200 SAO PAULO SP",-23.5874384,-46.5561339
"7856","D041300183",543,"ALCANTARA MACHADO, AV",NA,"",2722,"","28/04/2013 00:49",2,"QM",8,3276,"C"," ",0,1,0,0,0,0,0,0,0,0,0,0,0,0,0,0,0,543,"ALCANTARA MACHADO, AV",NA,"",10,"BRAS",1,0,"ALCANTARA MACHADO, AV 2722 SAO PAULO SP",-23.5465823,-46.5993271
"7858","D041300617",7257,"FONSECA RODRIGUES, AV PROF",15375,"PAN-AMERICANA, PCA",0,"","28/04/2013 01:38",2,"CO",14,4149," "," ",1,1,0,0,0,0,0,0,0,0,0,0,0,0,0,0,0,7257,"FONSECA RODRIGUES, AV PROF",15375,"PAN-AMERICANA, PCA",2,"ALTO DE PINHEIR",1,0,"FONSECA RODRIGUES, AV PROF SAO PAULO SP &  PAN-AMERICANA, PCA SAO PAULO SP",-23.551963,-46.7110012
"7859","D041302256",43404,"VILANOVA ARTIGAS, AV ARQ",NA,"",1199,"","28/04/2013 02:40",2,"QM",69,4342," "," ",0,1,0,0,0,0,0,0,0,0,0,0,0,0,0,0,0,43404,"VILANOVA ARTIGAS, AV ARQ",NA,"",56,"PARELHEIROS",1,1,"VILANOVA ARTIGAS, AV ARQ 1199 SAO PAULO SP",-23.5505199,-46.6333094
"7860","D041300845",16878,"RAPOSO TAVARES, VIA",NA,"",11,"","28/04/2013 04:00",2,"CT",51,4167," "," ",2,0,0,0,0,0,0,0,0,0,0,0,0,0,0,0,0,16878,"RAPOSO TAVARES, VIA",NA,"",13,"CACHOEIRINHA",3,0,"RAPOSO TAVARES, VIA 11 SAO PAULO SP",-23.6219294,-46.6885123
"7861","D041301761",14743,"SABARA, AV NSRA DO",NA,"",4780,"","28/04/2013 05:00",2,"CH",99,4772," "," ",1,0,0,0,0,0,0,0,0,0,0,0,0,0,0,0,0,14743,"SABARA, AV NSRA DO",NA,"",16,"CAMPO GRANDE",1,0,"SABARA, AV NSRA DO 4780 SAO PAULO SP",-23.5505199,-46.6333094
"7862","D041300647",12326,"JUSCELINO KUBITSCHEK, AV PRES",NA,"",105,"","28/04/2013 06:24",4,"AT",15,4156," "," ",1,0,0,0,0,0,0,0,0,0,0,0,0,0,0,0,0,12326,"JUSCELINO KUBITSCHEK, AV PRES",NA,"",34,"ITAIM BIBI",1,0,"JUSCELINO KUBITSCHEK, AV PRES 105 SAO PAULO SP",-23.5857774,-46.6717474
"7863","D041301910",398,"BRAS DA ROCHA CARDOSO, AV",NA,"",190,"","28/04/2013 06:38",2,"CO",59,5260," "," ",2,0,0,0,0,0,0,0,0,0,0,0,0,0,0,0,0,398,"BRAS DA ROCHA CARDOSO, AV",NA,"",43,"JARDIM HELENA",3,0,"BRAS DA ROCHA CARDOSO, AV 190 SAO PAULO SP",-23.4919888,-46.4020293
"7864","D041302265",16173,"PESSEGO, ES DO",NA,"",3788,"","28/04/2013 07:30",2,"CT",53,2904," "," ",2,0,0,0,0,0,0,0,0,0,0,0,0,0,0,0,0,16173,"PESSEGO, ES DO",NA,"",0,"NULL",4,1,"PESSEGO, ES DO 3788 SAO PAULO SP",-23.5505199,-46.6333094
"7865","D041302233",69792,"ENCRUZILHADA DO SUL, RUA",NA,"",293,"","28/04/2013 07:33",2,"QM",72,3791," "," ",0,1,0,0,0,0,0,0,0,0,0,0,0,0,0,0,0,69792,"ENCRUZILHADA DO SUL, RUA",NA,"",40,"JAGUARE",0,1,"ENCRUZILHADA DO SUL, RUA 293 SAO PAULO SP",-23.463158,-46.7032012
"7867","D041301129",13133,"MARIA AMALIA LOPES AZEVEDO, RUA",NA,"",1349,"","28/04/2013 09:15",4,"AT",20,3849," "," ",1,0,0,0,0,0,0,0,0,0,0,0,0,0,0,0,0,13133,"MARIA AMALIA LOPES AZEVEDO, RUA",NA,"",83,"TREMEMBE",1,0,"MARIA AMALIA LOPES AZEVEDO, RUA 1349 SAO PAULO SP",-23.4581388,-46.6125575
"7869","D041301639",2031,"JOSE CARLOS PACE, AV",NA,"",200,"","28/04/2013 09:52",2,"CL",48,3124," "," ",0,0,0,0,1,0,0,0,0,0,0,1,0,0,0,0,0,2031,"JOSE CARLOS PACE, AV",NA,"",81,"SOCORRO",1,0,"JOSE CARLOS PACE, AV 200 SAO PAULO SP",-23.70048,-46.7036613
"7870","D041301943",46936,"JACU-PESSEGO/NOVA TRABALHADORE, AV",NA,"",3579,"","28/04/2013 10:15",2,"CH",63,3257," "," ",1,0,0,0,0,0,0,0,0,0,0,0,0,0,0,0,0,46936,"JACU-PESSEGO/NOVA TRABALHADORE, AV",NA,"",46,"JOSE BONIFACIO",2,0,"JACU-PESSEGO/NOVA TRABALHADORE, AV 3579 SAO PAULO SP",-23.5554551,-46.4458445
"7871","D041300846",8603,"HEITOR ANTONIO EIRAS GARCIA, AV ENG",NA,"",400,"","28/04/2013 10:40",2,"CO",51,4161," "," ",1,0,0,0,1,0,0,0,0,0,0,0,0,0,0,0,0,8603,"HEITOR ANTONIO EIRAS GARCIA, AV ENG",NA,"",68,"RIO PEQUENO",1,0,"HEITOR ANTONIO EIRAS GARCIA, AV ENG 400 SAO PAULO SP",-23.5750924,-46.7398734
"7872","D041301944",9806,"PIRES DO RIO, AV",NA,"",3530,"","28/04/2013 11:05",2,"CO",63,3261," "," ",1,1,0,0,0,0,0,0,0,0,0,0,0,0,0,0,0,9806,"PIRES DO RIO, AV",NA,"",76,"SAO MIGUEL",2,0,"PIRES DO RIO, AV 3530 SAO PAULO SP",-23.5274641,-46.4466667
"7873","D041301629",9529,"ITAPECERICA, ES DE",NA,"",8056,"","28/04/2013 11:10",4,"AT",47,5304," "," ",0,1,0,0,0,0,0,0,0,0,0,0,0,0,0,0,0,9529,"ITAPECERICA, ES DE",NA,"",29,"FREGUESIA DO O",1,0,"ITAPECERICA, ES DE 8056 SAO PAULO SP",-23.5505199,-46.6333094
"7874","D041300492",43217,"SILAS, RUA",NA,"",76,"","28/04/2013 12:00",2,"CF",83,3850," "," ",0,2,0,0,0,0,0,0,0,0,0,0,0,0,0,0,0,43217,"SILAS, RUA",NA,"",21,"CASA VERDE",2,0,"SILAS, RUA 76 SAO PAULO SP",-23.6397378,-46.6038614
"7875","D041301335",11073,"JOSE MARIA FERNANDES, AV",15232,"OTTO UNGER, RUA SOLD",0,"","28/04/2013 12:15",2,"CO",90,4409," "," ",2,0,0,0,0,0,0,0,0,0,0,0,0,0,0,0,0,11073,"JOSE MARIA FERNANDES, AV",22882,"JOAO AMERICO DA SILVA, RUA SOLD",91,"VILA MARIA",1,0,"JOSE MARIA FERNANDES, AV SAO PAULO SP &  OTTO UNGER, RUA SOLD SAO PAULO SP",-23.5105444,-46.5677696
"7876","D041300618",2350,"ARTUR DE AZEVEDO, RUA",10518,"JOAQUIM ANTUNES, RUA",0,"","28/04/2013 12:28",2,"CO",14,4171," "," ",1,0,0,0,0,0,0,0,0,0,0,1,0,0,0,0,0,2350,"ARTUR DE AZEVEDO, RUA",10518,"JOAQUIM ANTUNES, RUA",63,"PINHEIROS",1,0,"ARTUR DE AZEVEDO, RUA SAO PAULO SP &  JOAQUIM ANTUNES, RUA SAO PAULO SP",-23.563285,-46.6827351