"","id_acidente","codloga","logradouroA","codlogb","logradouroB","alt_num","referencia","data","cod_acid","tipo_acidente","dp","numero_BO","sentido","pista","automovel","moto","onibus","caminhao","bicicleta","moto_taxi","onibus_fretado","onibus_urbano","microonibus","van","vuc","caminhonete","carreta","jipe","outros","sem_informacao","carroca","princ_a","paiA","princ_b","paiB","cod_distrito","distrito","vit_ferida","vit_morta","local","lat","lon"
"7958","D041300891",16838,"RAIMUNDO PEREIRA DE MAGAL., AV",NA,"",4290,"","29/04/2013 20:00",2,"CO",87,2263," "," ",1,1,0,0,0,0,0,0,0,0,0,0,0,0,0,0,0,16838,"RAIMUNDO PEREIRA DE MAGAL., AV",NA,"",31,"GUAIANASES",1,0,"RAIMUNDO PEREIRA DE MAGAL., AV 4290 SAO PAULO SP",-23.4905075,-46.7312675
"7959","D041300072",16725,"QUEIROS, AV SEN",NA,"",100,"","29/04/2013 21:03",4,"AT",3,2492," "," ",0,1,0,0,0,0,0,0,0,0,0,0,0,0,0,0,0,16725,"QUEIROS, AV SEN",NA,"",9,"BOM RETIRO",1,0,"QUEIROS, AV SEN 100 SAO PAULO SP",-23.5392097,-46.634992
"7960","D041300807",46890,"ALEXIOS JAFET (ESTR.CAMPINAS), AV",NA,"",2040,"","29/04/2013 21:30",4,"AT",46,4003," "," ",0,0,0,0,0,0,0,1,0,0,0,0,0,0,0,0,0,46890,"ALEXIOS JAFET (ESTR.CAMPINAS), AV",NA,"",41,"JARAGUA",1,0,"ALEXIOS JAFET (ESTR.CAMPINAS), AV 2040 SAO PAULO SP",-23.5032725,-46.7194722
"7961","D041301703",12403,"M'BOI MIRIM, ES",NA,"",129,"","29/04/2013 21:56",2,"CT",92,5360,"C"," ",1,1,0,0,0,0,0,0,0,0,0,0,0,0,0,0,0,12403,"M'BOI MIRIM, ES",NA,"",42,"JARDIM ANGELA",1,0,"M'BOI MIRIM, ES 129 SAO PAULO SP",-23.5505199,-46.6333094
"7962","D041300057",6642,"ESTADO, AV DO",NA,"",777,"","29/04/2013 22:50",2,"CO",2,2502," "," ",1,0,0,0,1,0,0,0,0,0,0,0,0,0,0,0,0,6642,"ESTADO, AV DO",NA,"",9,"BOM RETIRO",1,0,"ESTADO, AV DO 777 SAO PAULO SP",-23.5235457,-46.6316957
"7963","D041302146",64148,"GAMELEIRA BRANCA, AV",NA,"",764,"","29/04/2013 23:08",2,"CO",66,2959," "," ",0,1,0,0,0,0,0,0,0,0,0,1,0,0,0,0,0,64148,"GAMELEIRA BRANCA, AV",NA,"",38,"JACANA",1,0,"GAMELEIRA BRANCA, AV 764 SAO PAULO SP",-23.5655343,-46.4912435
"7965","D041300002",6708,"ESTUDANTES, RUA DOS",7664,"FURTADO, RUA CONS",0,"","30/04/2013 05:15",4,"AT",1,2410," "," ",0,0,1,0,0,0,0,0,0,0,0,0,0,0,0,0,0,6708,"ESTUDANTES, RUA DOS",7664,"FURTADO, RUA CONS",80,"SE",1,0,"ESTUDANTES, RUA DOS SAO PAULO SP &  FURTADO, RUA CONS SAO PAULO SP",-23.555575,-46.6337512
"7966","D041301147",15188,"OTAVIANO ALVES DE LIMA, AV",NA,"",3600,"","30/04/2013 06:20",2,"CT",28,2306," "," ",1,0,1,0,0,0,0,0,0,0,0,0,0,0,0,0,0,29772,"MARGINAL DO RIO TIETE, AV",NA,"",23,"CIDADE DUTRA",2,0,"OTAVIANO ALVES DE LIMA, AV 3600 SAO PAULO SP",-23.5076573,-46.6915283
"7967","D041300302",12165,"LUIS ANTONIO, AV BRIG",NA,"",3500,"","30/04/2013 06:30",2,"CO",78,3522," "," ",1,1,0,0,0,0,0,0,0,0,0,0,0,0,0,0,0,12165,"LUIS ANTONIO, AV BRIG",NA,"",7,"BELA VISTA",1,0,"LUIS ANTONIO, AV BRIG 3500 SAO PAULO SP",-23.5755755,-46.657521
"7968","D041300758",7500,"FRANCISCO MORATO, AV PROF",NA,"",2359,"","30/04/2013 06:50",2,"CL",34,900010,"C"," ",1,1,0,0,0,0,0,0,0,0,0,0,0,0,0,0,0,7500,"FRANCISCO MORATO, AV PROF",NA,"",12,"BUTANTA",1,0,"FRANCISCO MORATO, AV PROF 2359 SAO PAULO SP",-23.5856656,-46.7213666
"7969","D041302002",1270,"SANTANA DO RIO PRETO, RUA",20804,"LUIS MATEUS (GUAIANAZES), RUA",0,"","30/04/2013 06:55",4,"AT",103,1770," "," ",1,0,0,0,0,0,0,0,0,0,0,0,0,0,0,0,0,1270,"SANTANA DO RIO PRETO, RUA",20804,"LUIS MATEUS (GUAIANAZES), RUA",31,"GUAIANASES",1,0,"SANTANA DO RIO PRETO, RUA SAO PAULO SP &  LUIS MATEUS (GUAIANAZES), RUA SAO PAULO SP",-23.5598917,-46.4240019
"7970","D041300140",4503,"CARRAO, RUA CONS",19154,"TREZE DE MAIO, RUA",0,"","30/04/2013 06:55",2,"CL",5,3112," "," ",2,0,0,0,0,0,0,0,0,0,0,0,0,0,0,0,0,4503,"CARRAO, RUA CONS",19154,"TREZE DE MAIO, RUA",7,"BELA VISTA",1,0,"CARRAO, RUA CONS SAO PAULO SP &  TREZE DE MAIO, RUA SAO PAULO SP",-23.5577373,-46.6452872
"7971","D041300261",1364,"ANGELINA, AV",NA,"",765,"","30/04/2013 06:58",4,"AT",77,1764," "," ",1,0,0,0,0,0,0,0,0,0,0,0,0,0,0,0,0,1364,"ANGELINA, AV",NA,"",88,"VILA GUILHERME",2,0,"ANGELINA, AV 765 SAO PAULO SP",-23.4987611,-46.5969326
"7972","D041301745",14743,"SABARA, AV NSRA DO",NA,"",1760,"","30/04/2013 07:00",4,"AT",99,1900," "," ",0,1,0,0,0,0,0,0,0,0,0,0,0,0,0,0,0,14743,"SABARA, AV NSRA DO",NA,"",16,"CAMPO GRANDE",1,0,"SABARA, AV NSRA DO 1760 SAO PAULO SP",-23.5505199,-46.6333094
"7974","D041300336",19583,"VERGUEIRO, RUA",NA,"",6195,"","30/04/2013 07:30",2,"CH",17,2387," "," ",1,1,0,0,0,0,0,0,0,0,0,0,0,0,0,0,0,19583,"VERGUEIRO, RUA",NA,"",33,"IPIRANGA",1,0,"VERGUEIRO, RUA 6195 SAO PAULO SP",-23.6001636,-46.6156434
"7975","D041300827",19817,"VITAL BRASIL, AV",NA,"",531,"","30/04/2013 07:40",4,"AT",51,1941," "," ",0,1,0,0,0,0,0,0,0,0,0,0,0,0,0,0,0,19817,"VITAL BRASIL, AV",NA,"",13,"CACHOEIRINHA",1,0,"VITAL BRASIL, AV 531 SAO PAULO SP",-23.5710308,-46.7094922
"7976","D041301432",7645,"FRONTIN, AV CD DE",NA,"",572,"","30/04/2013 07:51",2,"CO",30,2342," "," ",0,2,0,0,0,0,0,0,0,0,0,0,0,0,0,0,0,7645,"FRONTIN, AV CD DE",NA,"",93,"VILA MATILDE",1,0,"FRONTIN, AV CD DE 572 SAO PAULO SP",-23.5505199,-46.6333094
"7977","D041301746",6238,"NACOES UNIDAS, AV DAS",NA,"",22019,"","30/04/2013 07:58",2,"CT",99,1904," "," ",1,1,0,0,0,0,0,0,0,0,0,0,0,0,0,0,0,13014,"MARGINAL DO RIO PINHEIROS, AV",NA,"",90,"VILA LEOPOLDINA",1,0,"NACOES UNIDAS, AV DAS 22019 SAO PAULO SP",-23.6791495,-46.6960563
"7978","D041301131",11345,"JULIO PRADO NEVES, AV TTE",14767,"NOVA CANTAREIRA, AV",0,"","30/04/2013 08:15",4,"AT",20,3920,"C"," ",1,0,0,0,0,0,0,0,0,0,0,0,0,0,0,0,0,11345,"JULIO PRADO NEVES, AV TTE",14767,"NOVA CANTAREIRA, AV",83,"TREMEMBE",1,0,"JULIO PRADO NEVES, AV TTE SAO PAULO SP &  NOVA CANTAREIRA, AV SAO PAULO SP",-23.5505199,-46.6333094
"7980","D041300738",7500,"FRANCISCO MORATO, AV PROF",NA,"",437,"","30/04/2013 08:20",2,"CO",34,2605," "," ",1,1,0,0,0,0,0,0,0,0,0,0,0,0,0,0,0,7500,"FRANCISCO MORATO, AV PROF",NA,"",12,"BUTANTA",2,0,"FRANCISCO MORATO, AV PROF 437 SAO PAULO SP",-23.5756526,-46.7071213
"7981","D041301392",7645,"FRONTIN, AV CD DE",NA,"",1154,"","30/04/2013 08:25",4,"AT",21,1453," "," ",1,1,0,0,0,0,0,0,0,0,0,0,0,0,0,0,0,7645,"FRONTIN, AV CD DE",NA,"",93,"VILA MATILDE",1,0,"FRONTIN, AV CD DE 1154 SAO PAULO SP",-23.5505199,-46.6333094
"7983","D041300081",12132,"LUIS, AV S",NA,"",334,"","30/04/2013 09:20",4,"AT",3,3510," "," ",0,0,0,0,0,0,0,0,0,0,0,1,0,0,0,0,0,12132,"LUIS, AV S",NA,"",67,"REPUBLICA",1,0,"LUIS, AV S 334 SAO PAULO SP",-23.6600157,-46.7016023
"7984","D041300372",19692,"VIEIRA DE MORAIS, RUA",16511,"PORTO ALEGRE, RUA CD DE",0,"","30/04/2013 09:30",4,"AT",27,4489," "," ",1,0,0,0,0,0,0,0,0,0,0,0,0,0,0,0,0,16511,"PORTO ALEGRE, RUA CD DE",19692,"VIEIRA DE MORAIS, RUA",NA,"",1,0,"VIEIRA DE MORAIS, RUA SAO PAULO SP &  PORTO ALEGRE, RUA CD DE SAO PAULO SP",-23.6269251,-46.6646216
"7985","D041301180",19337,"ULTRAMARINO, AV",NA,"",720,"","30/04/2013 09:40",2,"CO",38,2165," "," ",1,1,0,0,0,0,0,0,0,0,0,0,0,0,0,0,0,19337,"ULTRAMARINO, AV",NA,"",8,"BELEM",1,0,"ULTRAMARINO, AV 720 SAO PAULO SP",-23.4712899,-46.6408218
"7986","D041300791",20291,"TURISTICA DO JARAGUA, ES",NA,"",10,"","30/04/2013 09:50",2,"CL",46,2077," "," ",1,1,0,0,0,0,0,0,0,0,0,0,0,0,0,0,0,20291,"TURISTICA DO JARAGUA, ES",NA,"",31,"GUAIANASES",1,0,"TURISTICA DO JARAGUA, ES 10 SAO PAULO SP",-23.5505199,-46.6333094
"7987","D041301875",26046,"ITALINA, RUA",NA,"",50,"","30/04/2013 10:00",4,"AT",32,2636," "," ",1,1,0,0,0,0,0,0,0,0,0,0,0,0,0,0,0,26046,"ITALINA, RUA",NA,"",51,"MANDAQUI",1,0,"ITALINA, RUA 50 SAO PAULO SP",-23.5437989,-46.448632
"7988","D041301515",6239,"EDUARDO COTCHING, AV DR",14571,"NICOLAU COELHO, RUA",0,"","30/04/2013 10:00",2,"CO",58,2347," "," ",1,0,0,0,0,0,0,0,0,0,0,1,0,0,0,0,0,6239,"EDUARDO COTCHING, AV DR",14571,"NICOLAU COELHO, RUA",87,"VILA FORMOSA",1,0,"EDUARDO COTCHING, AV DR SAO PAULO SP &  NICOLAU COELHO, RUA SAO PAULO SP",-23.5634167,-46.5526825
"7989","D041300739",16337,"ELISEU DE ALMEIDA, AV",NA,"",2000,"","30/04/2013 10:05",2,"SI",34,2614," "," ",0,2,0,0,0,0,0,0,0,0,0,0,0,0,0,0,0,16337,"ELISEU DE ALMEIDA, AV",NA,"",0,"NULL",3,0,"ELISEU DE ALMEIDA, AV 2000 SAO PAULO SP",-23.5843635,-46.7278982
"7990","D041300621",6819,"EUSEBIO MATOSO, AV",NA,"",200,"","30/04/2013 10:40",2,"QM",14,4252," "," ",0,1,0,0,0,0,0,0,0,0,0,0,0,0,0,1,0,6819,"EUSEBIO MATOSO, AV",NA,"",63,"PINHEIROS",1,0,"EUSEBIO MATOSO, AV 200 SAO PAULO SP",-23.5711124,-46.6925566
"7991","D041300197",15767,"PAULO OROZIMBO, RUA",8614,"HEITOR PEIXOTO, RUA",0,"","30/04/2013 10:55",2,"CO",6,2054," "," ",1,1,0,0,0,0,0,0,0,0,0,0,0,0,0,0,0,8614,"HEITOR PEIXOTO, RUA",15767,"PAULO OROZIMBO, RUA",49,"LIBERDADE",1,0,"PAULO OROZIMBO, RUA SAO PAULO SP &  HEITOR PEIXOTO, RUA SAO PAULO SP",-23.5730883,-46.6256017
"7992","D041300789",7153,"FIORELLI PECCICACCO, RUA",NA,"",197,"","30/04/2013 11:20",2,"CO",46,2063," "," ",1,0,0,0,1,0,0,0,0,0,0,0,0,0,0,0,0,7153,"FIORELLI PECCICACCO, RUA",NA,"",62,"PERUS",1,0,"FIORELLI PECCICACCO, RUA 197 SAO PAULO SP",-23.4044708,-46.7506598
"7994","D041302003",35915,"VIRGINIA FERNI, RUA",NA,"",1100,"","30/04/2013 12:00",2,"QD",103,1799," "," ",0,0,1,0,0,0,0,0,0,0,0,0,0,0,0,0,0,35915,"VIRGINIA FERNI, RUA",NA,"",51,"MANDAQUI",1,0,"VIRGINIA FERNI, RUA 1100 SAO PAULO SP",-23.5408047,-46.4395295
"7995","D041301272",15425,"CANTIDIO SAMPAIO, AV DEP",NA,"",1000,"","30/04/2013 12:30",4,"AT",72,3858," "," ",0,1,0,0,0,0,0,0,0,0,0,0,0,0,0,0,0,15425,"CANTIDIO SAMPAIO, AV DEP",NA,"",41,"JARAGUA",1,0,"CANTIDIO SAMPAIO, AV DEP 1000 SAO PAULO SP",-23.4683918,-46.6773192
"7996","D041301304",7061,"FERNAO DIAS, VIA",NA,"",86,"","30/04/2013 13:40",4,"AT",73,4486," "," ",0,0,0,1,0,0,0,0,0,0,0,0,0,0,0,0,0,7061,"FERNAO DIAS, VIA",NA,"",38,"JACANA",1,0,"FERNAO DIAS, VIA 86 SAO PAULO SP",-23.5618139,-46.695453
"7997","D041301227",10540,"JOAQUIM DE FREITAS, RUA CEL",17245,"ROCHA LIMA, RUA",0,"","30/04/2013 14:00",2,"CO",40,1453," "," ",1,1,0,0,0,0,0,0,0,0,0,0,0,0,0,0,0,10540,"JOAQUIM DE FREITAS, RUA CEL",17245,"ROCHA LIMA, RUA",50,"LIMAO",1,0,"JOAQUIM DE FREITAS, RUA CEL SAO PAULO SP &  ROCHA LIMA, RUA SAO PAULO SP",-23.5021246,-46.6710145
"7998","D041301593",38276,"PAIOL, ES DO",NA,"",1700,"","30/04/2013 14:12",4,"AA",25,900017," "," ",0,1,0,0,0,0,0,0,0,0,0,0,0,0,0,0,0,38276,"PAIOL, ES DO",NA,"",76,"SAO MIGUEL",2,0,"PAIOL, ES DO 1700 SAO PAULO SP",-23.5505199,-46.6333094
"7999","D041301858",16023,"PEIXOTO, RUA",NA,"",157,"","30/04/2013 14:30",4,"AT",24,4617," "," ",1,0,0,0,0,0,0,0,0,0,0,0,0,0,0,0,0,16023,"PEIXOTO, RUA",NA,"",49,"LIBERDADE",1,0,"PEIXOTO, RUA 157 SAO PAULO SP",-23.5123505,-46.5052029
"8000","D041300262",8771,"HIGIENOPOLIS, AV",NA,"",360,"","30/04/2013 14:30",2,"CO",77,1777," "," ",2,1,0,0,0,0,0,0,0,0,0,0,0,0,0,0,0,8771,"HIGIENOPOLIS, AV",NA,"",26,"CONSOLACAO",1,0,"HIGIENOPOLIS, AV 360 SAO PAULO SP",-23.5440428,-46.65525
"8001","D041301413",27094,"SALIM FARAH MALUF, AV",NA,"",1800,"","30/04/2013 14:37",2,"CO",30,1678," "," ",1,1,0,0,0,0,0,0,0,0,0,0,0,0,0,0,0,27094,"SALIM FARAH MALUF, AV",NA,"",82,"TATUAPE",1,0,"SALIM FARAH MALUF, AV 1800 SAO PAULO SP",-23.5452116,-46.5796248
"8002","D041300579",13605,"MARTINELLI, AV COMEN",NA,"",276,"","30/04/2013 14:50",2,"CF",7,2745," "," ",0,1,0,0,0,0,0,0,0,0,0,1,0,0,0,0,0,13605,"MARTINELLI, AV COMEN",NA,"",6,"BARRA FUNDA",1,0,"MARTINELLI, AV COMEN 276 SAO PAULO SP",-23.5186813,-46.6999583
"8003","D041300808",20291,"TURISTICA DO JARAGUA, ES",NA,"",1414,"","30/04/2013 14:56",2,"CO",46,4035," "," ",0,1,0,0,0,0,0,0,0,0,0,1,0,0,0,0,0,20291,"TURISTICA DO JARAGUA, ES",NA,"",31,"GUAIANASES",1,0,"TURISTICA DO JARAGUA, ES 1414 SAO PAULO SP",-23.5505199,-46.6333094
"8004","D041300461",14642,"NOE AZEVEDO, AV PROF",NA,"",310,"","30/04/2013 15:30",4,"AT",36,1940," "," ",0,1,0,0,0,0,0,0,0,0,0,0,0,0,0,0,0,14642,"NOE AZEVEDO, AV PROF",NA,"",92,"VILA MARIANA",2,0,"NOE AZEVEDO, AV PROF 310 SAO PAULO SP",-23.5895034,-46.6349366
"8005","D041302277",14642,"NOE AZEVEDO, AV PROF",NA,"",310,"","30/04/2013 15:30",4,"AT",24,5243,"C"," ",0,1,0,0,0,0,0,0,0,0,0,0,0,0,0,0,0,14642,"NOE AZEVEDO, AV PROF",NA,"",92,"VILA MARIANA",0,1,"NOE AZEVEDO, AV PROF 310 SAO PAULO SP",-23.5895034,-46.6349366
"8006","D041301215",14734,"LORETO, AV NSRA DO",NA,"",1100,"","30/04/2013 15:30",4,"AT",39,2005," "," ",0,1,0,0,0,0,0,0,0,0,0,0,0,0,0,0,0,14734,"LORETO, AV NSRA DO",NA,"",94,"VILA MEDEIROS",1,0,"LORETO, AV NSRA DO 1100 SAO PAULO SP",-23.5505199,-46.6333094
"8007","D041301978",12156,"LUIZ AYRES, RUA DR",NA,"",2500,"","30/04/2013 15:30",2,"CO",65,1493," "," ",0,0,0,0,0,0,0,0,2,0,0,0,0,0,0,0,0,12156,"LUIZ AYRES, RUA DR",NA,"",5,"ARTUR ALVIM",23,0,"LUIZ AYRES, RUA DR 2500 SAO PAULO SP",-23.5422396,-46.4814708
"8008","D041300580",5072,"CLELIA, RUA",17894,"CIPIAO, RUA",0,"","30/04/2013 15:30",2,"CT",7,2753," "," ",3,0,0,0,0,0,0,0,0,0,0,1,0,0,0,0,0,5072,"CLELIA, RUA",17894,"CIPIAO, RUA",48,"LAPA",1,0,"CLELIA, RUA SAO PAULO SP &  CIPIAO, RUA SAO PAULO SP",-23.5249704,-46.6908623
"8009","D041301577",32119,"SUZANA RODRIGUES, PCA",NA,"",344,"","30/04/2013 16:00",2,"CO",11,4840," "," ",1,1,0,0,0,0,0,0,0,0,0,0,0,0,0,0,0,32119,"SUZANA RODRIGUES, PCA",NA,"",NA,"",1,0,"SUZANA RODRIGUES, PCA 344 SAO PAULO SP",-23.6914749,-46.7113832
"8010","D041300622",16919,"REBOUCAS, AV",16017,"PEDROSO DE MORAIS, AV",0,"","30/04/2013 16:50",2,"CO",14,4272," "," ",0,1,1,0,0,0,0,0,0,0,0,0,0,0,0,0,0,16017,"PEDROSO DE MORAIS, AV",16919,"REBOUCAS, AV",63,"PINHEIROS",1,0,"REBOUCAS, AV SAO PAULO SP &  PEDROSO DE MORAIS, AV SAO PAULO SP",-23.5666153,-46.6829404
"8011","D041300848",5309,"CORIFEU DE AZEVEDO MARQUES, AV",NA,"",2244,"","30/04/2013 17:10",2,"SI",51,4271," "," ",1,1,0,0,0,0,0,0,0,0,0,0,0,0,0,0,0,5309,"CORIFEU DE AZEVEDO MARQUES, AV",NA,"",12,"BUTANTA",1,0,"CORIFEU DE AZEVEDO MARQUES, AV 2244 SAO PAULO SP",-23.5740006,-46.7355464
"8012","D041300830",10609,"JOAQUIM SEABRA, RUA",NA,"",826,"","30/04/2013 17:30",2,"CO",51,2816," "," ",1,1,0,0,0,0,0,0,0,0,0,0,0,0,0,0,0,10609,"JOAQUIM SEABRA, RUA",NA,"",39,"JAGUARA",1,0,"JOAQUIM SEABRA, RUA 826 SAO PAULO SP",-23.571717,-46.7529691
"8013","D041300303",3581,"BRASIL, AV",14804,"NOVE DE JULHO, AV",0,"","30/04/2013 17:44",2,"CO",78,3541," "," ",0,0,0,0,0,0,0,2,0,0,0,0,0,0,0,0,0,3581,"BRASIL, AV",14804,"NOVE DE JULHO, AV",44,"JARDIM PAULISTA",4,0,"BRASIL, AV SAO PAULO SP &  NOVE DE JULHO, AV SAO PAULO SP",-21.4863218,-47.3631133
"8014","D041301512",6239,"EDUARDO COTCHING, AV DR",NA,"",2143,"","30/04/2013 18:00",4,"AT",58,965," "," ",1,0,0,0,0,0,0,0,0,0,0,0,0,0,0,0,0,6239,"EDUARDO COTCHING, AV DR",NA,"",87,"VILA FORMOSA",1,0,"EDUARDO COTCHING, AV DR 2143 SAO PAULO SP",-23.567243,-46.5424942
"8015","D041300983",12407,"MAC ARTHUR, AV GAL",NA,"",1160,"","30/04/2013 18:00",2,"CF",93,2983," "," ",1,1,0,0,0,0,0,0,0,0,0,0,0,0,0,0,0,12407,"MAC ARTHUR, AV GAL",NA,"",40,"JAGUARE",1,0,"MAC ARTHUR, AV GAL 1160 SAO PAULO SP",-23.5529047,-46.7517267
"8016","D041300304",11989,"LORENA, AL",NA,"",319,"","30/04/2013 18:00",2,"CO",78,3601," "," ",0,1,0,0,0,0,0,0,0,0,0,1,0,0,0,0,0,11989,"LORENA, AL",NA,"",44,"JARDIM PAULISTA",1,0,"LORENA, AL 319 SAO PAULO SP",-23.5716679,-46.6577044
"8017","D041302175",24338,"LUIZ IGNACIO ANHAIA MELLO, AV PROF",NA,"",6500,"","30/04/2013 18:10",2,"CO",70,4478," "," ",1,1,0,0,0,0,0,0,0,0,0,0,0,0,0,0,0,24338,"LUIZ IGNACIO ANHAIA MELLO, AV PROF",NA,"",26,"CONSOLACAO",1,0,"LUIZ IGNACIO ANHAIA MELLO, AV PROF 6500 SAO PAULO SP",-23.5948097,-46.5385605
"8018","D041301972",12156,"LUIZ AYRES, RUA DR",NA,"",2500,"","30/04/2013 18:15",2,"CT",65,1491," "," ",1,1,0,0,0,0,0,0,0,0,0,0,0,0,0,0,0,12156,"LUIZ AYRES, RUA DR",NA,"",5,"ARTUR ALVIM",1,0,"LUIZ AYRES, RUA DR 2500 SAO PAULO SP",-23.5422396,-46.4814708
"8019","D041300535",8341,"GUARAIUVA, RUA",7237,"FLORIDA, RUA",0,"","30/04/2013 18:15",2,"QM",96,2115," "," ",0,1,0,0,0,0,0,0,0,0,0,0,0,0,0,0,0,7237,"FLORIDA, RUA",8341,"GUARAIUVA, RUA",34,"ITAIM BIBI",1,0,"GUARAIUVA, RUA SAO PAULO SP &  FLORIDA, RUA SAO PAULO SP",-23.6105962,-46.6890653
"8021","D041300849",19817,"VITAL BRASIL, AV",4666,"CAXINGUI, AV",0,"","30/04/2013 18:25",2,"SI",51,4273," "," ",5,0,0,0,0,0,0,0,0,0,0,0,0,0,0,0,0,4666,"CAXINGUI, AV",19817,"VITAL BRASIL, AV",12,"BUTANTA",1,0,"VITAL BRASIL, AV SAO PAULO SP &  CAXINGUI, AV SAO PAULO SP",-23.5696565,-46.7140386
"8022","D041301578",7339,"HENRI DUNANT, RUA",NA,"",813,"","30/04/2013 19:15",2,"CO",11,4849," "," ",1,1,0,0,0,0,0,0,0,0,0,0,0,0,0,0,0,7339,"HENRI DUNANT, RUA",NA,"",72,"SANTO AMARO",1,0,"HENRI DUNANT, RUA 813 SAO PAULO SP",-23.6275687,-46.6991035
"8023","D041302045",72670,"INACIO MONTEIRO, RUA",NA,"",400,"","30/04/2013 19:23",2,"CO",44,2986," "," ",1,1,0,0,0,0,0,0,0,0,0,0,0,0,0,0,0,72670,"INACIO MONTEIRO, RUA",NA,"",50,"LIMAO",1,0,"INACIO MONTEIRO, RUA 400 SAO PAULO SP",-23.564246,-46.4113794
"8025","D041301800",33734,"ROSALIA IANNINI CONDE, AV",33729,"SERVIO COUBE, RUA",0,"","30/04/2013 19:30",2,"CF",101,3194," "," ",1,1,0,0,0,0,0,0,0,0,0,0,0,0,0,0,0,33729,"SERVIO COUBE, RUA",33734,"ROSALIA IANNINI CONDE, AV",NA,"",1,0,"ROSALIA IANNINI CONDE, AV SAO PAULO SP &  SERVIO COUBE, RUA SAO PAULO SP",-23.7384943,-46.6889726
"8026","D041300681",38857,"NICOLAS BOER, AV",NA,"",66,"","30/04/2013 19:48",2,"CO",23,2980," "," ",1,1,0,0,0,0,0,0,0,0,0,0,0,0,0,0,0,38857,"NICOLAS BOER, AV",NA,"",35,"ITAIM PAULISTA",1,0,"NICOLAS BOER, AV 66 SAO PAULO SP",-23.5183691,-46.6787358
"8027","D041301031",12290,"LUIS RAMOS, RUA CAP",NA,"",9,"","30/04/2013 20:25",2,"CO",9,3944," "," ",1,1,0,0,0,0,0,0,0,0,0,0,0,0,0,0,0,12290,"LUIS RAMOS, RUA CAP",NA,"",88,"VILA GUILHERME",1,0,"LUIS RAMOS, RUA CAP 9 SAO PAULO SP",-23.5094483,-46.6089441
"8028","D041302235",5885,"DIOGENES RIBEIRO DE LIMA, AV",NA,"",1145,"","30/04/2013 20:48",2,"CO",14,4277," "," ",2,0,0,0,0,0,0,0,0,0,0,0,0,0,0,0,0,5885,"DIOGENES RIBEIRO DE LIMA, AV",NA,"",2,"ALTO DE PINHEIR",0,1,"DIOGENES RIBEIRO DE LIMA, AV 1145 SAO PAULO SP",-23.5475973,-46.7117195
"8029","D041302046",62590,"GUILHERME DE ABREU SODRE, AV DR",NA,"",215,"","30/04/2013 20:53",4,"AT",44,2990," "," ",1,0,0,0,0,0,0,0,0,0,0,0,0,0,0,0,0,62590,"GUILHERME DE ABREU SODRE, AV DR",NA,"",50,"LIMAO",1,0,"GUILHERME DE ABREU SODRE, AV DR 215 SAO PAULO SP",-23.5670165,-46.4095529
"8030","D041301274",17013,"FRANCISCO ALVES BEZERRA, RUA",NA,"",780,"","30/04/2013 21:15",2,"CO",73,2018," "," ",1,1,0,0,0,0,0,0,0,0,0,0,0,0,0,0,0,17013,"FRANCISCO ALVES BEZERRA, RUA",NA,"",22,"CIDADE ADEMAR",1,0,"FRANCISCO ALVES BEZERRA, RUA 780 SAO PAULO SP",-23.4786886,-46.5704643
"8031","D041300149",9763,"JACEGUAI, RUA",NA,"",87,"","30/04/2013 21:28",4,"AT",5,3544," "," ",0,0,0,0,0,0,0,0,0,0,0,0,0,0,0,1,0,9763,"JACEGUAI, RUA",NA,"",17,"CAMPO LIMPO",1,0,"JACEGUAI, RUA 87 SAO PAULO SP",-23.5564736,-46.637259
"8032","D041301498",27018,"JACINTO MENEZES PALHARES, AV",NA,"",311,"","30/04/2013 22:15",2,"CO",56,2821," "," ",1,0,0,0,1,0,0,0,0,0,0,0,0,0,0,0,0,27018,"JACINTO MENEZES PALHARES, AV",NA,"",26,"CONSOLACAO",1,0,"JACINTO MENEZES PALHARES, AV 311 SAO PAULO SP",-23.5853195,-46.5648442
"8033","D041301032",29050,"EUGENIO DE FREITAS, RUA",NA,"",555,"","30/04/2013 23:29",2,"CH",9,3951,"C"," ",1,0,0,0,0,0,0,0,0,0,0,0,0,0,0,0,0,29050,"EUGENIO DE FREITAS, RUA",NA,"",88,"VILA GUILHERME",5,0,"EUGENIO DE FREITAS, RUA 555 SAO PAULO SP",-23.5197791,-46.6015706
"8034","D041301305",19711,"ABILIO PEDRO RAMOS, RUA",11982,"LOPES DA COSTA, RUA",0,"","30/04/2013 23:30",2,"CO",73,4503," "," ",0,1,0,1,0,0,0,0,0,0,0,0,0,0,0,0,0,11982,"LOPES DA COSTA, RUA",19711,"ABILIO PEDRO RAMOS, RUA",38,"JACANA",1,0,"ABILIO PEDRO RAMOS, RUA SAO PAULO SP &  LOPES DA COSTA, RUA SAO PAULO SP",-23.4603183,-46.5740665
"8036","D051301004",20089,"ZUQUIM, RUA DR",11702,"LEITE DE MORAIS, RUA",0,"","01/05/2013 00:30",2,"CO",9,4190," "," ",0,1,0,0,0,0,0,0,0,0,0,1,0,0,0,0,0,11702,"LEITE DE MORAIS, RUA",20089,"ZUQUIM, RUA DR",71,"SANTANA",1,0,"ZUQUIM, RUA DR SAO PAULO SP &  LEITE DE MORAIS, RUA SAO PAULO SP",-23.491972,-46.6247361