"","id_acidente","codloga","logradouroA","codlogb","logradouroB","alt_num","referencia","data","cod_acid","tipo_acidente","dp","numero_BO","sentido","pista","automovel","moto","onibus","caminhao","bicicleta","moto_taxi","onibus_fretado","onibus_urbano","microonibus","van","vuc","caminhonete","carreta","jipe","outros","sem_informacao","carroca","princ_a","paiA","princ_b","paiB","cod_distrito","distrito","vit_ferida","vit_morta","local","lat","lon"
"8117","D051301016",3637,"BRAZ LEME, AV",20043,"ZANZIBAR, RUA",0,"","02/05/2013 09:30",4,"AT",13,2199," "," ",1,0,0,0,0,0,0,0,0,0,0,0,0,0,0,0,0,3637,"BRAZ LEME, AV",20043,"ZANZIBAR, RUA",21,"CASA VERDE",1,0,"BRAZ LEME, AV SAO PAULO SP &  ZANZIBAR, RUA SAO PAULO SP",-23.5036827,-46.6380042
"8118","D051300338",16675,"ANTONIO DE MACEDO SOARES, RUA",16356,"OTAVIO TARQUINIO DE SOUSA, RUA",0,"","02/05/2013 09:30",2,"SI",27,4559," "," ",1,1,0,0,0,0,0,0,0,0,0,0,0,0,0,0,0,16356,"OTAVIO TARQUINIO DE SOUSA, RUA",16675,"ANTONIO DE MACEDO SOARES, RUA",15,"CAMPO BELO",1,0,"ANTONIO DE MACEDO SOARES, RUA SAO PAULO SP &  OTAVIO TARQUINIO DE SOUSA, RUA SAO PAULO SP",-23.6191755,-46.6725158
"8119","D051301270",20633,"JOSE DA NATIVIDADE SALDANHA, AV",NA,"",230,"","02/05/2013 09:50",2,"CO",45,1084," "," ",1,0,0,0,1,0,0,0,0,0,0,0,0,0,0,0,0,20633,"JOSE DA NATIVIDADE SALDANHA, AV",NA,"",40,"JAGUARE",1,0,"JOSE DA NATIVIDADE SALDANHA, AV 230 SAO PAULO SP",-23.471741,-46.6848972
"8120","D051300107",14804,"NOVE DE JULHO, AV",NA,"",175,"","02/05/2013 10:00",4,"AT",5,2365," "," ",0,0,0,0,0,0,0,1,0,0,0,0,0,0,0,0,0,14804,"NOVE DE JULHO, AV",NA,"",63,"PINHEIROS",1,0,"NOVE DE JULHO, AV 175 SAO PAULO SP",-23.5489815,-46.6425601
"8121","D051300292",833,"ALTINO ARANTES, AV DR",11675,"LEANDRO DUPRE, RUA",0,"","02/05/2013 10:00",2,"CO",16,6514," "," ",0,1,0,0,0,0,0,0,0,0,0,1,0,0,0,0,0,833,"ALTINO ARANTES, AV DR",11675,"LEANDRO DUPRE, RUA",79,"SAUDE",1,0,"ALTINO ARANTES, AV DR SAO PAULO SP &  LEANDRO DUPRE, RUA SAO PAULO SP",-23.6026715,-46.6503095
"8122","D051302246",12436,"MACEDO SOARES, AV EMB",NA,"",10000,"","02/05/2013 10:06",4,"AT",7,2782," "," ",1,0,0,0,0,0,0,0,0,0,0,0,0,0,0,0,0,29772,"MARGINAL DO RIO TIETE, AV",NA,"",NA,"",1,1,"MACEDO SOARES, AV EMB 10000 SAO PAULO SP",-23.5184674,-46.7431417
"8123","D051300592",16011,"PEDROSO ALVARENGA, RUA",NA,"",1250,"","02/05/2013 10:15",4,"AT",15,2178," "," ",0,1,0,0,0,0,0,0,0,0,0,0,0,0,0,0,0,16011,"PEDROSO ALVARENGA, RUA",NA,"",28,"ERMELINO MATARA",1,0,"PEDROSO ALVARENGA, RUA 1250 SAO PAULO SP",-23.5828921,-46.6824979
"8125","D051301961",13221,"MIRASSOL D'OESTE, RUA",NA,"",290,"","02/05/2013 10:30",2,"CO",63,3822," "," ",1,0,0,0,1,0,0,0,0,0,0,0,0,0,0,0,0,13221,"MIRASSOL D'OESTE, RUA",NA,"",53,"MOEMA",1,0,"MIRASSOL D'OESTE, RUA 290 SAO PAULO SP",-23.5064829,-46.4609791
"8126","D051302176",11830,"LIDER, AV",NA,"",1400,"","02/05/2013 10:40",2,"SI",66,1951," "," ",1,0,1,0,0,0,0,0,0,0,0,0,0,0,0,0,0,11830,"LIDER, AV",NA,"",24,"CIDADE LIDER",1,0,"LIDER, AV 1400 SAO PAULO SP",-23.5547023,-46.480896
"8127","D051300814",24345,"BRASILIANO BARCELOS, RUA",NA,"",50,"","02/05/2013 11:00",2,"CO",51,1972," "," ",0,1,0,0,0,0,0,1,0,0,0,0,0,0,0,0,0,24345,"BRASILIANO BARCELOS, RUA",NA,"",68,"RIO PEQUENO",1,0,"BRASILIANO BARCELOS, RUA 50 SAO PAULO SP",-23.584492,-46.7618105
"8129","D051302158",70182,"FERNANDES TOURINHO, RUA",NA,"",280,"","02/05/2013 11:26",2,"CH",55,1767," "," ",0,1,0,0,0,0,0,0,0,0,0,0,0,0,0,0,0,70182,"FERNANDES TOURINHO, RUA",NA,"",55,"MORUMBI",2,0,"FERNANDES TOURINHO, RUA 280 SAO PAULO SP",-23.6158762,-46.4706703
"8131","D051301553",4371,"CARLOS GOMES, RUA",NA,"",574,"","02/05/2013 11:45",2,"CL",11,4916," "," ",1,0,0,0,1,0,0,0,0,0,0,0,0,0,0,0,0,4371,"CARLOS GOMES, RUA",NA,"",72,"SANTO AMARO",1,0,"CARLOS GOMES, RUA 574 SAO PAULO SP",-23.6528845,-46.7018202
"8132","D051302140",45641,"RENE DE TOLEDO, RUA",NA,"",169,"","02/05/2013 11:55",4,"AT",54,2437," "," ",0,0,0,0,0,0,0,0,1,0,0,0,0,0,0,0,0,45641,"RENE DE TOLEDO, RUA",NA,"",25,"CIDADE TIRADENT",1,0,"RENE DE TOLEDO, RUA 169 SAO PAULO SP",-23.5994901,-46.4029362
"8133","D051302311",6981,"FELIPE SALOMAO, RUA",NA,"",193,"","02/05/2013 12:20",2,"QD",21,1480," "," ",0,0,0,0,0,0,0,0,1,0,0,0,0,0,0,0,0,6981,"FELIPE SALOMAO, RUA",NA,"",93,"VILA MATILDE",0,1,"FELIPE SALOMAO, RUA 193 SAO PAULO SP",-23.5448552,-46.518239
"8134","D051301092",18151,"SEZEFREDO FAGUNDES, AV CEL",NA,"",2312,"","02/05/2013 13:00",2,"CF",20,4008," "," ",1,1,0,0,0,0,0,0,0,0,0,0,0,0,0,0,0,18151,"SEZEFREDO FAGUNDES, AV CEL",NA,"",22,"CIDADE ADEMAR",1,0,"SEZEFREDO FAGUNDES, AV CEL 2312 SAO PAULO SP",-23.4589199,-46.6022904
"8135","D051300943",831,"ALTINO, AV PRES",NA,"",2560,"","02/05/2013 13:15",2,"CL",93,2836," "," ",0,1,0,0,0,0,0,0,0,0,0,1,0,0,0,0,0,831,"ALTINO, AV PRES",NA,"",40,"JAGUARE",1,0,"ALTINO, AV PRES 2560 SAO PAULO SP",-23.5333223,-46.7550274
"8136","D051300528",16482,"PONTA PORA, RUA",NA,"",10,"","02/05/2013 13:17",4,"AT",7,2779," "," ",1,0,0,0,0,0,0,0,0,0,0,0,0,0,0,0,0,16482,"PONTA PORA, RUA",NA,"",19,"CAPAO REDONDO",1,0,"PONTA PORA, RUA 10 SAO PAULO SP",-23.6186702,-46.5302479
"8137","D051300339",26500,"VICENTE RAO, AV PROF.",NA,"",2017,"","02/05/2013 13:20",2,"CT",27,4568," "," ",0,1,1,0,0,0,0,0,0,0,0,0,0,0,0,0,0,26500,"VICENTE RAO, AV PROF.",NA,"",30,"GRAJAU",1,0,"VICENTE RAO, AV PROF. 2017 SAO PAULO SP",-23.640863,-46.6758317
"8138","D051300873",16838,"RAIMUNDO PEREIRA DE MAGAL., AV",NA,"",2730,"","02/05/2013 13:45",2,"CO",87,2289," "," ",1,1,0,0,0,0,0,0,0,0,0,0,0,0,0,0,0,16838,"RAIMUNDO PEREIRA DE MAGAL., AV",NA,"",31,"GUAIANASES",1,0,"RAIMUNDO PEREIRA DE MAGAL., AV 2730 SAO PAULO SP",-23.50033,-46.7236354
"8139","D051301818",1787,"ANTONIO MARIANO, RUA",NA,"",599,"","02/05/2013 14:40",4,"AT",102,1214," "," ",0,0,0,0,0,0,0,0,0,0,0,0,0,0,0,1,0,1787,"ANTONIO MARIANO, RUA",NA,"",81,"SOCORRO",1,0,"ANTONIO MARIANO, RUA 599 SAO PAULO SP",-23.6911829,-46.7101882
"8140","D051301373",44299,"AIRTON PRETINI, AV",NA,"",314,"","02/05/2013 15:00",2,"CO",10,4935," "," ",1,0,0,1,0,0,0,0,0,0,0,0,0,0,0,0,0,44299,"AIRTON PRETINI, AV",NA,"",82,"TATUAPE",1,0,"AIRTON PRETINI, AV 314 SAO PAULO SP",-23.5253912,-46.5564767
"8141","D051300509",24491,"IMIGRANTES, VIA DOS",NA,"",12000,"","02/05/2013 15:00",4,"AT",97,1227," "," ",1,0,0,0,0,0,0,0,0,0,0,0,0,0,0,0,0,24491,"IMIGRANTES, VIA DOS",NA,"",NA,"",1,0,"IMIGRANTES, VIA DOS 12000 SAO PAULO SP",-22.9668533,-46.5442387
"8142","D051300285",14407,"NAPOLEAO DE BARROS, RUA",15914,"PEDRO DE TOLEDO, RUA",0,"","02/05/2013 15:10",4,"AT",16,6265," "," ",1,0,0,0,0,0,0,0,0,0,0,0,0,0,0,0,0,14407,"NAPOLEAO DE BARROS, RUA",15914,"PEDRO DE TOLEDO, RUA",92,"VILA MARIANA",1,0,"NAPOLEAO DE BARROS, RUA SAO PAULO SP &  PEDRO DE TOLEDO, RUA SAO PAULO SP",-23.5986097,-46.6441786
"8143","D051300472",999,"SANTO AMARO, AV",NA,"",2353,"","02/05/2013 15:15",2,"CH",96,2026," "," ",0,0,0,0,0,0,0,0,0,0,0,1,0,0,0,0,0,999,"SANTO AMARO, AV",NA,"",34,"ITAIM BIBI",1,0,"SANTO AMARO, AV 2353 SAO PAULO SP",-23.604948,-46.67507
"8146","D051302008",34654,"WALDEMAR TIETZ, AV",NA,"",520,"","02/05/2013 16:00",4,"AA",65,4719," "," ",1,0,0,0,0,0,0,0,0,0,0,0,0,0,0,0,0,34654,"WALDEMAR TIETZ, AV",NA,"",38,"JACANA",1,0,"WALDEMAR TIETZ, AV 520 SAO PAULO SP",-23.5508174,-46.4889797
"8147","D051300510",2235,"ARMANDO DE ARRUDA PEREIRA, AV ENG",NA,"",3744,"","02/05/2013 16:00",2,"CL",97,1229," "," ",0,1,1,0,0,0,0,0,0,0,0,0,0,0,0,0,0,2235,"ARMANDO DE ARRUDA PEREIRA, AV ENG",NA,"",37,"JABAQUARA",1,0,"ARMANDO DE ARRUDA PEREIRA, AV ENG 3744 SAO PAULO SP",-23.6578885,-46.6361603
"8148","D051301820",1787,"ANTONIO MARIANO, RUA",NA,"",162,"","02/05/2013 16:00",4,"AT",102,1360," "," ",0,0,0,0,0,0,0,0,0,0,0,1,0,0,0,0,0,1787,"ANTONIO MARIANO, RUA",NA,"",81,"SOCORRO",1,0,"ANTONIO MARIANO, RUA 162 SAO PAULO SP",-23.6882467,-46.7074695
"8150","D051300084",4828,"CESARIO MOTA JUNIOR, RUA DR",NA,"",415,"","02/05/2013 16:41",2,"SI",4,3171," "," ",0,1,1,0,0,0,0,0,0,0,0,0,0,0,0,0,0,4828,"CESARIO MOTA JUNIOR, RUA DR",NA,"",26,"CONSOLACAO",1,0,"CESARIO MOTA JUNIOR, RUA DR 415 SAO PAULO SP",-23.5455088,-46.6489399
"8151","D051301621",98413,"MARTINS (PARELHEIROS), EST DOS",32541,"PAULO GUILGUER REIMBERG, AV",0,"","02/05/2013 16:49",2,"QM",25,2644," "," ",0,1,0,0,0,0,0,0,0,0,0,0,0,0,0,0,0,32541,"PAULO GUILGUER REIMBERG, AV",98413,"MARTINS (PARELHEIROS), EST DOS",56,"PARELHEIROS",1,0,"MARTINS (PARELHEIROS), EST DOS SAO PAULO SP &  PAULO GUILGUER REIMBERG, AV SAO PAULO SP",-23.5259475,-46.583077
"8152","D051300678",28831,"ALEXANDRE COLARES, AV",NA,"",340,"","02/05/2013 17:00",4,"AT",33,4280," "," ",0,0,0,0,0,0,0,1,0,0,0,0,0,0,0,0,0,28831,"ALEXANDRE COLARES, AV",NA,"",43,"JARDIM HELENA",1,0,"ALEXANDRE COLARES, AV 340 SAO PAULO SP",-23.5148222,-46.7371887
"8153","D051300083",2617,"AVANHANDAVA, RUA",NA,"",341,"","02/05/2013 17:10",4,"AT",4,3165," "," ",2,0,0,0,0,0,0,0,0,0,0,0,0,0,0,0,0,2617,"AVANHANDAVA, RUA",NA,"",67,"REPUBLICA",1,0,"AVANHANDAVA, RUA 341 SAO PAULO SP",-23.5516025,-46.6472216
"8154","D051300417",6660,"ESTELA, RUA",NA,"",36,"","02/05/2013 17:15",2,"CO",36,2376," "," ",1,1,0,0,0,0,0,0,0,0,0,0,0,0,0,0,0,6660,"ESTELA, RUA",NA,"",92,"VILA MARIANA",1,0,"ESTELA, RUA 36 SAO PAULO SP",-23.5773071,-46.6413117
"8155","D051300975",5567,"CRUZEIRO DO SUL, AV",11702,"LEITE DE MORAIS, RUA",0,"","02/05/2013 17:20",4,"AT",9,2530," "," ",0,1,0,0,0,0,0,0,0,0,0,0,0,0,0,0,0,5567,"CRUZEIRO DO SUL, AV",11702,"LEITE DE MORAIS, RUA",71,"SANTANA",1,0,"CRUZEIRO DO SUL, AV SAO PAULO SP &  LEITE DE MORAIS, RUA SAO PAULO SP",-23.5073033,-46.6250321
"8156","D051302243",16878,"RAPOSO TAVARES, VIA",NA,"",10500,"","02/05/2013 17:25",2,"CH",14,4355," "," ",0,1,0,0,0,0,0,0,0,0,0,0,0,0,0,0,0,16878,"RAPOSO TAVARES, VIA",NA,"",NA,"",0,1,"RAPOSO TAVARES, VIA 10500 SAO PAULO SP",-23.5614235,-47.8468759
"8157","D051300556",16263,"PINHEIROS, RUA DOS",10518,"JOAQUIM ANTUNES, RUA",0,"","02/05/2013 17:30",2,"CO",14,4352," "," ",1,1,0,0,0,0,0,0,0,0,0,0,0,0,0,0,0,10518,"JOAQUIM ANTUNES, RUA",16263,"PINHEIROS, RUA DOS",63,"PINHEIROS",1,0,"PINHEIROS, RUA DOS SAO PAULO SP &  JOAQUIM ANTUNES, RUA SAO PAULO SP",-23.5676022,-46.6933315
"8158","D051301791",17195,"RIVIERA, ES DA",NA,"",1939,"","02/05/2013 17:30",2,"CO",100,2333," "," ",1,1,0,0,0,0,0,0,0,0,0,0,0,0,0,0,0,17195,"RIVIERA, ES DA",NA,"",32,"IGUATEMI",1,0,"RIVIERA, ES DA 1939 SAO PAULO SP",-23.5505199,-46.6333094
"8159","D051300715",14663,"NORDESTINO, RUA",2074,"ARAPORE, RUA",0,"","02/05/2013 17:30",4,"AT",34,3776," "," ",0,1,0,0,0,0,0,0,0,0,0,0,0,0,0,0,0,2074,"ARAPORE, RUA",14663,"NORDESTINO, RUA",55,"MORUMBI",1,0,"NORDESTINO, RUA SAO PAULO SP &  ARAPORE, RUA SAO PAULO SP",-23.5808327,-46.7042363
"8160","D051300169",19163,"TRILHOS, RUA DOS",NA,"",1879,"","02/05/2013 18:00",4,"AT",8,3378," "," ",1,0,0,0,0,0,0,0,0,0,0,0,0,0,0,0,0,19163,"TRILHOS, RUA DOS",NA,"",54,"MOOCA",1,0,"TRILHOS, RUA DOS 1879 SAO PAULO SP",-23.5553356,-46.591675
"8161","D051301540",6371,"ELISABETH DE ROBIANO, AV CDSSA",NA,"",450,"","02/05/2013 18:10",2,"CO",81,1249,"B"," ",1,1,0,0,0,0,0,0,0,0,0,0,0,0,0,0,0,29772,"MARGINAL DO RIO TIETE, AV",NA,"",82,"TATUAPE",1,0,"ELISABETH DE ROBIANO, AV CDSSA 450 SAO PAULO SP",-23.5076424,-46.5495997
"8162","D051301151",9420,"ITABERABA, AV",NA,"",3370,"","02/05/2013 18:11",2,"CO",28,4823," "," ",1,1,0,0,0,0,0,0,0,0,0,0,0,0,0,0,0,9420,"ITABERABA, AV",NA,"",29,"FREGUESIA DO O",2,0,"ITABERABA, AV 3370 SAO PAULO SP",-23.479704,-46.6822893
"8164","D051300340",15887,"PEDRO BUENO, AV",10314,"JOAO GABI, RUA CEL",0,"","02/05/2013 18:54",2,"CT",27,4586," "," ",1,0,0,0,0,0,0,0,0,0,0,1,0,0,0,0,0,10314,"JOAO GABI, RUA CEL",15887,"PEDRO BUENO, AV",37,"JABAQUARA",1,0,"PEDRO BUENO, AV SAO PAULO SP &  JOAO GABI, RUA CEL SAO PAULO SP",-23.6379835,-46.6529604
"8166","D051301448",34122,"MELO FREIRE, RUA",19206,"TUIUTI, RUA",0,"","02/05/2013 19:50",2,"CH",30,2560," "," ",3,1,0,0,0,0,0,0,0,0,0,0,0,0,0,0,0,19206,"TUIUTI, RUA",34122,"MELO FREIRE, RUA",82,"TATUAPE",1,0,"MELO FREIRE, RUA SAO PAULO SP &  TUIUTI, RUA SAO PAULO SP",-23.5391715,-46.5695321
"8168","D051301441",5819,"LUIS DO CURU, PCA S",NA,"",52,"","02/05/2013 20:04",4,"AT",29,2884," "," ",1,0,0,0,0,0,0,0,0,0,0,0,0,0,0,0,0,5819,"LUIS DO CURU, PCA S",NA,"",33,"IPIRANGA",2,0,"LUIS DO CURU, PCA S 52 SAO PAULO SP",-23.5694851,-46.5665573
"8169","D051300003",9032,"IGUAPE, RUA BR DE",NA,"",247,"","02/05/2013 20:06",2,"CO",1,3380," "," ",1,1,0,0,0,0,0,0,0,0,0,0,0,0,0,0,0,9032,"IGUAPE, RUA BR DE",NA,"",49,"LIBERDADE",1,0,"IGUAPE, RUA BR DE 247 SAO PAULO SP",-23.5582672,-46.634562
"8170","D051301232",2455,"ATALIBA LEONEL, AV GAL",NA,"",2981,"","02/05/2013 20:54",2,"CO",39,4583," "," ",1,1,0,0,0,0,0,0,0,0,0,0,0,0,0,0,0,2455,"ATALIBA LEONEL, AV GAL",NA,"",88,"VILA GUILHERME",2,0,"ATALIBA LEONEL, AV GAL 2981 SAO PAULO SP",-23.4899062,-46.6084354
"8171","D051300716",7500,"FRANCISCO MORATO, AV PROF",NA,"",2911,"","02/05/2013 21:13",4,"AT",34,3783," "," ",1,0,0,0,0,0,0,0,0,0,0,0,0,0,0,0,0,7500,"FRANCISCO MORATO, AV PROF",NA,"",12,"BUTANTA",1,0,"FRANCISCO MORATO, AV PROF 2911 SAO PAULO SP",-23.5876899,-46.7263194
"8172","D051301751",98760,"MARIA TEREZA, RUA",NA,"",73,"","02/05/2013 21:30",4,"AT",98,4688," "," ",0,1,0,0,0,0,0,0,0,0,0,0,0,0,0,0,0,98760,"MARIA TEREZA, RUA",NA,"",22,"CIDADE ADEMAR",1,0,"MARIA TEREZA, RUA 73 SAO PAULO SP",-23.8549833,-46.7616399
"8173","D051301486",9034,"IGUARA, RUA",NA,"",566,"","02/05/2013 21:33",4,"AT",42,2887," "," ",1,0,0,0,0,0,0,0,0,0,0,0,0,0,0,0,0,9034,"IGUARA, RUA",NA,"",95,"VILA PRUDENTE",1,0,"IGUARA, RUA 566 SAO PAULO SP",-23.5964246,-46.5561008
"8174","D051302205",43404,"VILANOVA ARTIGAS, AV ARQ",NA,"",1100,"","02/05/2013 22:58",2,"QF",69,4648," "," ",0,0,0,0,0,0,0,0,0,0,0,1,0,0,0,0,0,43404,"VILANOVA ARTIGAS, AV ARQ",NA,"",56,"PARELHEIROS",1,0,"VILANOVA ARTIGAS, AV ARQ 1100 SAO PAULO SP",-23.5505199,-46.6333094
"8176","D051300717",7500,"FRANCISCO MORATO, AV PROF",NA,"",5052,"","02/05/2013 23:28",4,"AT",34,3787," "," ",0,0,0,0,0,0,0,1,0,0,0,0,0,0,0,0,0,7500,"FRANCISCO MORATO, AV PROF",NA,"",12,"BUTANTA",1,0,"FRANCISCO MORATO, AV PROF 5052 SAO PAULO SP",-23.5998871,-46.7420344
"8178","D051300229",15706,"PAULO ANDRIGHETTI, RUA",4561,"CASTELO BRANCO, AV PRES",0,"","03/05/2013 02:13",2,"CH",12,3391," "," ",1,0,0,0,0,0,0,0,0,0,0,0,0,0,0,0,0,4561,"CASTELO BRANCO, AV PRES",15706,"PAULO ANDRIGHETTI, RUA",57,"PARI",1,0,"PAULO ANDRIGHETTI, RUA SAO PAULO SP &  CASTELO BRANCO, AV PRES SAO PAULO SP",-23.5272507,-46.6054392
"8179","D051301975",9086,"IMPERADOR, RUA DO",NA,"",100,"","03/05/2013 02:30",2,"CP",63,4728," "," ",1,0,0,0,0,0,0,0,0,0,0,0,0,0,0,0,0,9086,"IMPERADOR, RUA DO",NA,"",88,"VILA GUILHERME",2,0,"IMPERADOR, RUA DO 100 SAO PAULO SP",-23.5033285,-46.6082854
"8180","D051300833",13019,"ESCOLA POLITECNICA, AV",NA,"",5400,"","03/05/2013 02:31",2,"CO",51,4360," "," ",0,0,0,0,1,0,0,0,0,0,0,0,0,0,0,1,0,13019,"ESCOLA POLITECNICA, AV",NA,"",40,"JAGUARE",1,0,"ESCOLA POLITECNICA, AV 5400 SAO PAULO SP",-23.5776339,-46.766999
"8181","D051302159",17824,"SAPOPEMBA, AV",NA,"",2300,"","03/05/2013 05:40",4,"AT",55,1778," "," ",1,0,0,0,0,0,0,0,0,0,0,0,0,0,0,0,0,17824,"SAPOPEMBA, AV",NA,"",33,"IPIRANGA",1,0,"SAPOPEMBA, AV 2300 SAO PAULO SP",-23.5737768,-46.5666965
"8182","D051301026",11170,"JOSE RANGEL DE CAMARGO, RUA",371,"AGUAS VIRTUOSAS, RUA",0,"","03/05/2013 06:56",2,"CL",13,4860," "," ",1,1,0,0,0,0,0,0,0,0,0,0,0,0,0,0,0,371,"AGUAS VIRTUOSAS, RUA",11170,"JOSE RANGEL DE CAMARGO, RUA",21,"CASA VERDE",1,0,"JOSE RANGEL DE CAMARGO, RUA SAO PAULO SP &  AGUAS VIRTUOSAS, RUA SAO PAULO SP",-23.4983297,-46.655099
"8183","D051301531",43408,"ABEL FERREIRA, AV VER",19601,"VESTA, RUA",0,"","03/05/2013 07:00",2,"CO",58,976," "," ",0,1,1,0,0,0,0,0,0,0,0,0,0,0,0,0,0,19601,"VESTA, RUA",43408,"ABEL FERREIRA, AV VER",87,"VILA FORMOSA",1,0,"ABEL FERREIRA, AV VER SAO PAULO SP &  VESTA, RUA SAO PAULO SP",-23.5650195,-46.5589073
"8185","D051301024",5741,"DARZAN, RUA",NA,"",500,"","03/05/2013 07:15",2,"CT",13,4836,"C"," ",2,0,0,0,0,0,0,0,0,0,0,0,0,0,0,0,0,5741,"DARZAN, RUA",NA,"",71,"SANTANA",1,0,"DARZAN, RUA 500 SAO PAULO SP",-23.5042382,-46.6224763
"8186","D051300689",13625,"MARTINS, RUA",17822,"SAPETUBA, RUA",0,"","03/05/2013 07:40",2,"SI",34,2663," "," ",0,2,0,0,0,0,0,0,0,0,0,0,0,0,0,0,0,13625,"MARTINS, RUA",17822,"SAPETUBA, RUA",12,"BUTANTA",3,0,"MARTINS, RUA SAO PAULO SP &  SAPETUBA, RUA SAO PAULO SP",-23.5756605,-46.7089368
"8187","D051302161",17824,"SAPOPEMBA, AV",NA,"",15000,"","03/05/2013 07:50",4,"AT",55,1781," "," ",0,1,0,0,0,0,0,0,0,0,0,0,0,0,0,0,0,17824,"SAPOPEMBA, AV",NA,"",33,"IPIRANGA",1,0,"SAPOPEMBA, AV 15000 SAO PAULO SP",-23.6204082,-46.4671858
"8188","D051300623",6471,"SAO VICENTE, AV MARQ DE",NA,"",235,"","03/05/2013 08:00",2,"CO",23,2439," "," ",1,1,0,0,0,0,0,0,0,0,0,0,0,0,0,0,0,6471,"SAO VICENTE, AV MARQ DE",NA,"",6,"BARRA FUNDA",1,0,"SAO VICENTE, AV MARQ DE 235 SAO PAULO SP",-23.5225351,-46.6619638
"8189","D051301434",43408,"ABEL FERREIRA, AV VER",14456,"NEBULOSA, RUA",0,"","03/05/2013 08:15",2,"CO",29,1131," "," ",1,1,0,0,0,0,0,0,0,0,0,0,0,0,0,0,0,14456,"NEBULOSA, RUA",43408,"ABEL FERREIRA, AV VER",87,"VILA FORMOSA",1,0,"ABEL FERREIRA, AV VER SAO PAULO SP &  NEBULOSA, RUA SAO PAULO SP",-23.5650195,-46.5589073
"8190","D051301481",18408,"SOLIDONIO LEITE, RUA",NA,"",2006,"","03/05/2013 08:38",2,"CO",42,1587," "," ",0,2,0,0,0,0,0,0,0,0,0,0,0,0,0,0,0,18408,"SOLIDONIO LEITE, RUA",NA,"",26,"CONSOLACAO",2,0,"SOLIDONIO LEITE, RUA 2006 SAO PAULO SP",-23.5848971,-46.5396594
"8191","D051300170",14213,"MOOCA, RUA DA",4478,"CARNEIRO LEAO, RUA",0,"","03/05/2013 09:00",2,"CO",8,3400," "," ",1,1,0,0,0,0,0,0,0,0,0,0,0,0,0,0,0,4478,"CARNEIRO LEAO, RUA",14213,"MOOCA, RUA DA",10,"BRAS",1,0,"MOOCA, RUA DA SAO PAULO SP &  CARNEIRO LEAO, RUA SAO PAULO SP",-23.5549376,-46.6077126
"8193","D051300944",12407,"MAC ARTHUR, AV GAL",NA,"",2392,"","03/05/2013 09:30",2,"CO",93,2903," "," ",1,1,0,0,0,0,0,0,0,0,0,0,0,0,0,0,0,12407,"MAC ARTHUR, AV GAL",NA,"",40,"JAGUARE",2,0,"MAC ARTHUR, AV GAL 2392 SAO PAULO SP",-23.5528001,-46.7569969
"8194","D051301065",17799,"SANTOS DUMONT, AV",NA,"",2260,"","03/05/2013 10:00",2,"CO",13,900080," "," ",0,1,0,0,0,0,0,0,0,0,0,1,0,0,0,0,0,17799,"SANTOS DUMONT, AV",NA,"",NA,"",1,0,"SANTOS DUMONT, AV 2260 SAO PAULO SP",-23.4723816,-46.4669075
"8196","D051301541",3896,"CAJURU, RUA",NA,"",1071,"","03/05/2013 10:15",4,"AT",81,1251," "," ",0,0,0,0,0,0,0,0,0,0,0,1,0,0,0,0,0,3896,"CAJURU, RUA",NA,"",8,"BELEM",1,0,"CAJURU, RUA 1071 SAO PAULO SP",-23.5401269,-46.5942373
"8197","D051300054",17799,"SANTOS DUMONT, AV",6642,"ESTADO, AV DO",0,"","03/05/2013 10:20",2,"CO",2,3198," "," ",1,1,0,0,0,0,0,0,0,0,0,0,0,0,0,0,0,6642,"ESTADO, AV DO",17799,"SANTOS DUMONT, AV",9,"BOM RETIRO",1,0,"SANTOS DUMONT, AV SAO PAULO SP &  ESTADO, AV DO SAO PAULO SP",-23.5257861,-46.6307889
"8198","D051301435",17824,"SAPOPEMBA, AV",NA,"",3815,"","03/05/2013 10:28",2,"CO",29,1132," "," ",1,1,0,0,0,0,0,0,0,0,0,0,0,0,0,0,0,17824,"SAPOPEMBA, AV",NA,"",33,"IPIRANGA",1,0,"SAPOPEMBA, AV 3815 SAO PAULO SP",-23.5754863,-46.5526411
"8199","D051301672",9181,"ANDORINHA-DOS-BEIRAIS, AV",25004,"ANUM-DOURADO, RUA",0,"","03/05/2013 10:30",2,"QD",47,6714," "," ",0,0,0,0,0,0,0,0,1,0,0,0,0,0,0,0,0,9181,"ANDORINHA-DOS-BEIRAIS, AV",25004,"ANUM-DOURADO, RUA",51,"MANDAQUI",1,0,"ANDORINHA-DOS-BEIRAIS, AV SAO PAULO SP &  ANUM-DOURADO, RUA SAO PAULO SP",-23.6757608,-46.795483
"8200","D051300690",12502,"MAGALHAES DE CASTRO, AV",NA,"",5550,"","03/05/2013 10:40",2,"SI",34,2683," "," ",0,1,0,1,0,0,0,0,0,0,0,0,0,0,0,0,0,13014,"MARGINAL DO RIO PINHEIROS, AV",NA,"",12,"BUTANTA",1,0,"MAGALHAES DE CASTRO, AV 5550 SAO PAULO SP",-23.6128012,-46.7008832