"","id_acidente","codloga","logradouroA","codlogb","logradouroB","alt_num","referencia","data","cod_acid","tipo_acidente","dp","numero_BO","sentido","pista","automovel","moto","onibus","caminhao","bicicleta","moto_taxi","onibus_fretado","onibus_urbano","microonibus","van","vuc","caminhonete","carreta","jipe","outros","sem_informacao","carroca","princ_a","paiA","princ_b","paiB","cod_distrito","distrito","vit_ferida","vit_morta","local","lat","lon"
"8279","D051301233",17339,"ROLAND GARROS, AV",NA,"",501,"","04/05/2013 11:50",2,"CF",39,4670," "," ",0,1,0,0,0,0,0,0,0,0,0,1,0,0,0,0,0,17339,"ROLAND GARROS, AV",NA,"",22,"CIDADE ADEMAR",2,0,"ROLAND GARROS, AV 501 SAO PAULO SP",-23.4816148,-46.5824643
"8280","D051300491",8086,"GOMES DE CARVALHO, RUA",NA,"",768,"","04/05/2013 12:00",2,"CT",96,4670," "," ",1,0,0,0,0,0,0,1,0,0,0,0,0,0,0,0,0,8086,"GOMES DE CARVALHO, RUA",NA,"",34,"ITAIM BIBI",1,0,"GOMES DE CARVALHO, RUA 768 SAO PAULO SP",-23.5990456,-46.6808664
"8281","D051302067",17666,"SALVADOR GIANETTI, RUA",NA,"",600,"","04/05/2013 12:00",2,"QD",44,3092," "," ",1,0,0,0,0,0,0,0,0,0,0,0,0,0,0,0,0,17666,"SALVADOR GIANETTI, RUA",NA,"",50,"LIMAO",1,0,"SALVADOR GIANETTI, RUA 600 SAO PAULO SP",-23.5430393,-46.4150132
"8282","D051301000",5204,"CONCEICAO (ES.), AV",9480,"ITALA, RUA",0,"","04/05/2013 12:00",2,"CO",9,4077," "," ",1,1,0,0,0,0,0,0,0,0,0,0,0,0,0,0,0,5204,"CONCEICAO (ES.), AV",9480,"ITALA, RUA",88,"VILA GUILHERME",1,0,"CONCEICAO (ES.), AV SAO PAULO SP &  ITALA, RUA SAO PAULO SP",-20.6410574,-40.5128593
"8283","D051301498",6371,"ELISABETH DE ROBIANO, AV CDSSA",NA,"",245,"","04/05/2013 12:10",2,"CT",52,5030," "," ",2,0,0,0,0,0,0,0,0,0,0,0,0,0,0,0,0,29772,"MARGINAL DO RIO TIETE, AV",NA,"",82,"TATUAPE",2,0,"ELISABETH DE ROBIANO, AV CDSSA 245 SAO PAULO SP",-23.5076424,-46.5495997
"8284","D051300249",989,"AMARAL GURGEL, RUA",NA,"",97,"","04/05/2013 12:30",4,"AT",77,2608," "," ",1,0,0,0,0,0,0,0,0,0,0,0,0,0,0,0,0,989,"AMARAL GURGEL, RUA",NA,"",67,"REPUBLICA",1,0,"AMARAL GURGEL, RUA 97 SAO PAULO SP",-23.5464436,-46.6476436
"8285","D051301713",63003,"ALZIRO PINHEIRO MAGALHAES, RUA",NA,"",2400,"","04/05/2013 12:32",4,"AT",85,2719," "," ",1,0,0,0,0,0,0,0,0,0,0,0,0,0,0,0,0,63003,"ALZIRO PINHEIRO MAGALHAES, RUA",NA,"",32,"IGUATEMI",1,0,"ALZIRO PINHEIRO MAGALHAES, RUA 2400 SAO PAULO SP",-23.7546344,-46.6877819
"8287","D051300062",16593,"PRESTES MAIA, AV",NA,"",464,"","04/05/2013 13:25",2,"QD",3,2616," "," ",0,0,0,0,0,0,0,1,0,0,0,0,0,0,0,0,0,16593,"PRESTES MAIA, AV",NA,"",9,"BOM RETIRO",1,0,"PRESTES MAIA, AV 464 SAO PAULO SP",-23.5407086,-46.6336532
"8288","D051302079",24421,"FORTE DO TRIUNFO, RUA",NA,"",100,"","04/05/2013 13:31",2,"CO",49,6160," "," ",2,0,0,0,0,0,0,0,0,0,0,0,0,0,0,0,0,24421,"FORTE DO TRIUNFO, RUA",NA,"",51,"MANDAQUI",1,0,"FORTE DO TRIUNFO, RUA 100 SAO PAULO SP",-23.5995203,-46.4634366
"8289","D051302230",75917,"SANTANA DE MANGUEIRA, RUA",NA,"",300,"","04/05/2013 13:45",2,"QD",70,2760," "," ",0,0,1,0,0,0,0,0,0,0,0,0,0,0,0,0,0,75917,"SANTANA DE MANGUEIRA, RUA",NA,"",56,"PARELHEIROS",1,0,"SANTANA DE MANGUEIRA, RUA 300 SAO PAULO SP",-23.4332277,-46.4458397
"8290","D051301778",7917,"GERALDO SANT'ANA, AV SARG",NA,"",1240,"","04/05/2013 13:58",2,"CO",99,5019," "," ",1,1,0,0,0,0,0,0,0,0,0,0,0,0,0,0,0,7917,"GERALDO SANT'ANA, AV SARG",NA,"",16,"CAMPO GRANDE",2,0,"GERALDO SANT'ANA, AV SARG 1240 SAO PAULO SP",-23.6647569,-46.6793365
"8291","D051301536",6239,"EDUARDO COTCHING, AV DR",NA,"",388,"","04/05/2013 14:30",4,"AT",58,2619," "," ",1,0,0,0,0,0,0,0,0,0,0,0,0,0,0,0,0,6239,"EDUARDO COTCHING, AV DR",NA,"",87,"VILA FORMOSA",1,0,"EDUARDO COTCHING, AV DR 388 SAO PAULO SP",-23.5622993,-46.5564776
"8292","D051301839",17820,"TITO, AV MAL",8683,"HENRIQUE DE PAULA FRANCA, RUA",0,"","04/05/2013 14:30",2,"SI",22,3509," "," ",0,1,0,0,0,0,0,0,0,0,0,1,0,0,0,0,0,8683,"HENRIQUE DE PAULA FRANCA, RUA",17820,"TITO, AV MAL",NA,"",1,0,"TITO, AV MAL SAO PAULO SP &  HENRIQUE DE PAULA FRANCA, RUA SAO PAULO SP",-23.4934955,-46.4410574
"8293","D051300154",3699,"BUENO DE ANDRADE, RUA",NA,"",145,"","04/05/2013 14:48",4,"AT",6,3455," "," ",0,0,0,0,0,0,0,0,0,0,0,0,0,0,0,1,0,3699,"BUENO DE ANDRADE, RUA",NA,"",49,"LIBERDADE",1,0,"BUENO DE ANDRADE, RUA 145 SAO PAULO SP",-23.5614611,-46.6315351
"8294","D051302328",5350,"CORREDOR, ES DO",NA,"",1324,"","04/05/2013 15:00",4,"AT",72,4036,"C"," ",1,0,0,0,0,0,0,0,0,0,0,0,0,0,0,0,0,5350,"CORREDOR, ES DO",NA,"",41,"JARAGUA",2,1,"CORREDOR, ES DO 1324 SAO PAULO SP",-23.5505199,-46.6333094
"8295","D051302314",11160,"JOSE PINTO DE MELO, RUA",NA,"",137,"","04/05/2013 15:00",4,"AT",21,5036," "," ",1,0,0,0,0,0,0,0,0,0,0,0,0,0,0,0,0,11160,"JOSE PINTO DE MELO, RUA",NA,"",38,"JACANA",0,1,"JOSE PINTO DE MELO, RUA 137 SAO PAULO SP",-23.5433271,-46.5054118
"8296","D051301113",13133,"MARIA AMALIA LOPES AZEVEDO, RUA",NA,"",1312,"","04/05/2013 15:06",2,"SI",20,4669," "," ",0,0,0,0,0,0,0,1,0,0,0,0,0,0,0,0,0,13133,"MARIA AMALIA LOPES AZEVEDO, RUA",NA,"",83,"TREMEMBE",1,0,"MARIA AMALIA LOPES AZEVEDO, RUA 1312 SAO PAULO SP",-23.4582368,-46.612878
"8297","D051300437",5618,"CURSINO, AV DO",NA,"",3196,"","04/05/2013 15:10",2,"CO",83,3869," "," ",1,1,0,0,0,0,0,0,0,0,0,0,0,0,0,0,0,5618,"CURSINO, AV DO",NA,"",27,"CURSINO",1,0,"CURSINO, AV DO 3196 SAO PAULO SP",-23.6295344,-46.6185599
"8298","D051301376",36081,"ALBERTO BADRA, VD ENG",NA,"",100,"","04/05/2013 15:56",2,"CO",10,5034," "," ",3,0,0,0,0,0,0,0,0,0,0,0,0,0,0,0,0,36081,"ALBERTO BADRA, VD ENG",NA,"",NA,"",1,0,"ALBERTO BADRA, VD ENG 100 SAO PAULO SP",-23.5285416,-46.5544171
"8300","D051301171",21150,"MOINHO VELHO, RUA",NA,"",229,"","04/05/2013 16:00",2,"CF",28,900082," "," ",1,1,0,0,0,0,0,0,0,0,0,0,0,0,0,0,0,21150,"MOINHO VELHO, RUA",NA,"",4,"ARICANDUVA",1,0,"MOINHO VELHO, RUA 229 SAO PAULO SP",-23.4952021,-46.707326
"8301","D051301379",3336,"BETARI, RUA",NA,"",520,"","04/05/2013 16:30",2,"CO",10,5042," "," ",1,0,1,0,0,0,0,0,0,0,0,0,0,0,0,0,0,3336,"BETARI, RUA",NA,"",60,"PENHA",1,0,"BETARI, RUA 520 SAO PAULO SP",-23.5289903,-46.5453078
"8304","D051300748",99949,"CARLOS CALDEIRA FILHO, AV",34682,"CAMPO LIMPO, ES DO",0,"","04/05/2013 18:24",2,"CO",37,3867," "," ",0,1,0,0,0,0,0,0,0,0,0,1,0,0,0,0,0,34682,"CAMPO LIMPO, ES DO",99949,"CARLOS CALDEIRA FILHO, AV",45,"JARDIM SAO LUIS",1,0,"CARLOS CALDEIRA FILHO, AV SAO PAULO SP &  CAMPO LIMPO, ES DO SAO PAULO SP",-23.6481998,-46.7582692
"8305","D051302210",66458,"BOA FAMILIA, RUA",NA,"",295,"","04/05/2013 18:30",4,"AA",69,4801," "," ",0,1,0,0,0,0,0,0,0,0,0,0,0,0,0,0,0,66458,"BOA FAMILIA, RUA",NA,"",56,"PARELHEIROS",1,0,"BOA FAMILIA, RUA 295 SAO PAULO SP",-23.6022132,-46.4961683
"8307","D051301378",3336,"BETARI, RUA",NA,"",257,"","04/05/2013 19:00",4,"AT",10,5040," "," ",1,0,0,0,0,0,0,0,0,0,0,0,0,0,0,0,0,3336,"BETARI, RUA",NA,"",60,"PENHA",1,0,"BETARI, RUA 257 SAO PAULO SP",-23.5267774,-46.5460992
"8308","D051301153",6450,"EMILIO CARLOS, AV DEP",NA,"",3790,"","04/05/2013 19:00",2,"CO",28,4924," "," ",1,0,0,0,0,0,0,0,0,0,0,1,0,0,0,0,0,6450,"EMILIO CARLOS, AV DEP",NA,"",50,"LIMAO",1,0,"EMILIO CARLOS, AV DEP 3790 SAO PAULO SP",-23.4753881,-46.6689407
"8309","D051302232",21485,"PAULO COLOMBO P. DE QUEIROZ, AV DR",NA,"",95,"","04/05/2013 19:00",4,"AT",70,4672," "," ",0,1,0,0,0,0,0,0,0,0,0,0,0,0,0,0,0,21485,"PAULO COLOMBO P. DE QUEIROZ, AV DR",NA,"",56,"PARELHEIROS",1,0,"PAULO COLOMBO P. DE QUEIROZ, AV DR 95 SAO PAULO SP",-23.6110041,-46.5089213
"8310","D051302081",46353,"TERRA TOMBADA, TR",46218,"SONS DE CARRILHAO, TV",0,"","04/05/2013 19:00",2,"CO",49,6190," "," ",1,1,0,0,0,0,0,0,0,0,0,0,0,0,0,0,0,46218,"SONS DE CARRILHAO, TV",46353,"TERRA TOMBADA, TR",32,"IGUATEMI",2,0,"TERRA TOMBADA, TR SAO PAULO SP &  SONS DE CARRILHAO, TV SAO PAULO SP",-23.6121494,-46.448577
"8311","D051302043",35915,"VIRGINIA FERNI, RUA",NA,"",900,"","04/05/2013 19:05",2,"CO",103,3950," "," ",1,1,0,0,0,0,0,0,0,0,0,0,0,0,0,0,0,35915,"VIRGINIA FERNI, RUA",NA,"",51,"MANDAQUI",1,0,"VIRGINIA FERNI, RUA 900 SAO PAULO SP",-23.5426063,-46.4391562
"8313","D051300993",11747,"LEONCIO DE MAGALHAES, AV",7052,"FERNANDES SAMPAIO, RUA",0,"","04/05/2013 20:00",2,"CO",9,2901," "," ",1,1,0,0,0,0,0,0,0,0,0,0,0,0,0,0,0,7052,"FERNANDES SAMPAIO, RUA",11747,"LEONCIO DE MAGALHAES, AV",71,"SANTANA",1,0,"LEONCIO DE MAGALHAES, AV SAO PAULO SP &  FERNANDES SAMPAIO, RUA SAO PAULO SP",-23.4935166,-46.6170657
"8314","D051300155",14317,"MUNIZ DE SOUSA, RUA",NA,"",1170,"","04/05/2013 20:19",2,"CF",6,3458," "," ",1,1,0,0,0,0,0,0,0,0,0,0,0,0,0,0,0,14317,"MUNIZ DE SOUSA, RUA",NA,"",12,"BUTANTA",1,0,"MUNIZ DE SOUSA, RUA 1170 SAO PAULO SP",-23.5726625,-46.6292825
"8315","D051300128",15656,"PAULISTA, AV",12165,"LUIS ANTONIO, AV BRIG",0,"","04/05/2013 20:19",2,"QD",5,3720,"C"," ",0,0,1,0,0,0,0,0,0,0,0,0,0,0,0,0,0,12165,"LUIS ANTONIO, AV BRIG",15656,"PAULISTA, AV",44,"JARDIM PAULISTA",1,0,"PAULISTA, AV SAO PAULO SP &  LUIS ANTONIO, AV BRIG SAO PAULO SP",-23.5625897,-46.6549244
"8316","D051301349",18594,"TAIPAS, ES",NA,"",2427,"","04/05/2013 20:22",4,"AT",74,4047," "," ",1,0,0,0,0,0,0,0,0,0,0,0,0,0,0,0,0,18594,"TAIPAS, ES",NA,"",52,"MARSILAC",1,0,"TAIPAS, ES 2427 SAO PAULO SP",-23.4261258,-46.7260757
"8317","D051302039",35915,"VIRGINIA FERNI, RUA",NA,"",900,"","04/05/2013 21:00",2,"CO",103,3525," "," ",0,0,1,0,1,0,0,0,0,0,0,0,0,0,0,0,0,35915,"VIRGINIA FERNI, RUA",NA,"",51,"MANDAQUI",1,0,"VIRGINIA FERNI, RUA 900 SAO PAULO SP",-23.5426063,-46.4391562
"8318","D051300438",4380,"GIOVANNI DA CONEGLIANO, RUA",NA,"",623,"","04/05/2013 21:00",4,"AT",83,3878," "," ",0,1,0,0,0,0,0,0,0,0,0,0,0,0,0,0,0,4380,"GIOVANNI DA CONEGLIANO, RUA",NA,"",69,"SACOMA",1,0,"GIOVANNI DA CONEGLIANO, RUA 623 SAO PAULO SP",-23.6529743,-46.6008776
"8319","D051301234",8664,"HENRI JANOR, AV",NA,"",141,"","04/05/2013 21:04",4,"AT",39,4677," "," ",1,0,0,0,0,0,0,0,0,0,0,0,0,0,0,0,0,8664,"HENRI JANOR, AV",NA,"",84,"TUCURUVI",1,0,"HENRI JANOR, AV 141 SAO PAULO SP",-23.4700213,-46.5899854
"8320","D051302018",21649,"JOAO BATISTA SANTIAGO, AV",NA,"",1350,"","04/05/2013 21:55",4,"AT",67,5580," "," ",1,0,0,0,0,0,0,0,0,0,0,0,0,0,0,0,0,21649,"JOAO BATISTA SANTIAGO, AV",NA,"",50,"LIMAO",1,0,"JOAO BATISTA SANTIAGO, AV 1350 SAO PAULO SP",-23.5209046,-46.4112881
"8321","D051300281",6013,"DOMINGOS DE MORAIS, RUA",NA,"",3081,"","04/05/2013 22:00",2,"CO",16,5993," "," ",1,0,0,0,1,0,0,0,0,0,0,0,0,0,0,0,0,6013,"DOMINGOS DE MORAIS, RUA",NA,"",92,"VILA MARIANA",1,0,"DOMINGOS DE MORAIS, RUA 3081 SAO PAULO SP",-23.6035125,-46.6366342
"8322","D051302021",18873,"SERRA DA QUEIMADA, RUA",NA,"",200,"","04/05/2013 22:20",4,"AT",68,1349," "," ",1,0,0,0,0,0,0,0,0,0,0,0,0,0,0,0,0,18873,"SERRA DA QUEIMADA, RUA",NA,"",51,"MANDAQUI",1,0,"SERRA DA QUEIMADA, RUA 200 SAO PAULO SP",-23.5293056,-46.4119483
"8323","D051301288",15425,"CANTIDIO SAMPAIO, AV DEP",NA,"",936,"","04/05/2013 22:43",4,"AT",72,4044,"C"," ",1,0,0,0,0,0,0,0,0,0,0,0,0,0,0,0,0,15425,"CANTIDIO SAMPAIO, AV DEP",NA,"",41,"JARAGUA",1,0,"CANTIDIO SAMPAIO, AV DEP 936 SAO PAULO SP",-23.4691669,-46.6770699
"8325","D051302284",5606,"CUPECE, AV",17320,"RODRIGUES MONTEMOR, AV",0,"","04/05/2013 23:10",4,"AT",98,4785,"C"," ",1,0,0,0,0,0,0,0,0,0,0,0,0,0,0,0,0,5606,"CUPECE, AV",17320,"RODRIGUES MONTEMOR, AV",22,"CIDADE ADEMAR",1,1,"CUPECE, AV SAO PAULO SP &  RODRIGUES MONTEMOR, AV SAO PAULO SP",-23.6626179,-46.6622987
"8326","D051300895",18215,"SILVEIRA SAMPAIO, RUA",NA,"",167,"","04/05/2013 23:30",4,"AT",89,3877," "," ",0,1,0,0,0,0,0,0,0,0,0,0,0,0,0,0,0,18215,"SILVEIRA SAMPAIO, RUA",NA,"",13,"CACHOEIRINHA",1,0,"SILVEIRA SAMPAIO, RUA 167 SAO PAULO SP",-23.6129311,-46.7199965
"8327","D051302082",22427,"CONFEDERACAO DOS TAMOIOS, RUA",NA,"",700,"","05/05/2013 00:28",2,"CO",49,6198," "," ",0,1,0,0,0,0,0,0,0,0,0,0,0,0,0,1,0,22427,"CONFEDERACAO DOS TAMOIOS, RUA",NA,"",55,"MORUMBI",1,0,"CONFEDERACAO DOS TAMOIOS, RUA 700 SAO PAULO SP",-23.6013397,-46.4432722
"8328","D051301499",4736,"CELSO GARCIA, AV",NA,"",1494,"","05/05/2013 00:52",4,"AT",52,5049," "," ",0,0,0,0,0,0,0,0,0,0,0,0,0,0,0,1,0,4736,"CELSO GARCIA, AV",NA,"",82,"TATUAPE",1,0,"CELSO GARCIA, AV 1494 SAO PAULO SP",-23.5380819,-46.5978485
"8329","D051302029",11543,"LAGEADO VELHO, ES DO",NA,"",2438,"","05/05/2013 00:59",4,"AT",68,5582," "," ",0,1,0,0,0,0,0,0,0,0,0,0,0,0,0,0,0,11543,"LAGEADO VELHO, ES DO",NA,"",47,"LAJEADO",1,0,"LAGEADO VELHO, ES DO 2438 SAO PAULO SP",-23.5505199,-46.6333094
"8330","D051300173",18070,"SERRA DE JAIRE, RUA",NA,"",78,"","05/05/2013 01:18",2,"CH",8,3473," "," ",1,0,0,0,0,0,0,0,0,0,0,0,0,0,0,0,0,18070,"SERRA DE JAIRE, RUA",NA,"",10,"BRAS",2,0,"SERRA DE JAIRE, RUA 78 SAO PAULO SP",-23.5440931,-46.5882494
"8331","D051300559",16919,"REBOUCAS, AV",NA,"",1101,"","05/05/2013 01:25",2,"CO",14,4440," "," ",1,1,0,0,0,0,0,0,0,0,0,0,0,0,0,0,0,16919,"REBOUCAS, AV",NA,"",44,"JARDIM PAULISTA",2,0,"REBOUCAS, AV 1101 SAO PAULO SP",-23.5608974,-46.6722425
"8332","D051300553",7257,"FONSECA RODRIGUES, AV PROF",NA,"",2,"","05/05/2013 01:50",2,"CO",14,3160," "," ",1,0,0,0,1,0,0,0,0,0,0,0,0,0,0,0,0,7257,"FONSECA RODRIGUES, AV PROF",NA,"",2,"ALTO DE PINHEIR",1,0,"FONSECA RODRIGUES, AV PROF 2 SAO PAULO SP",-23.5530504,-46.7094017
"8333","D051302262",68438,"MARCELINO JOSE DE FREITAS, RUA",NA,"",619,"","05/05/2013 02:00",2,"CO",77,2084," "," ",1,1,0,0,0,0,0,0,0,0,0,0,0,0,0,0,0,68438,"MARCELINO JOSE DE FREITAS, RUA",NA,"",NA,"",1,1,"MARCELINO JOSE DE FREITAS, RUA 619 SAO PAULO SP",-23.4591996,-46.6945639
"8334","D051301260",3813,"CAETANO ALVARES, AV ENG",2125,"ARAUJO MARCONDES, RUA CON",0,"","05/05/2013 02:00",2,"CO",40,4937," "," ",2,0,0,0,0,0,0,0,0,0,0,0,0,0,0,0,0,2125,"ARAUJO MARCONDES, RUA CON",3813,"CAETANO ALVARES, AV ENG",50,"LIMAO",8,0,"CAETANO ALVARES, AV ENG SAO PAULO SP &  ARAUJO MARCONDES, RUA CON SAO PAULO SP",-23.4830811,-46.6330478
"8335","D051301351",34530,"FRIEDRICH VON VOITH, RUA",NA,"",762,"","05/05/2013 03:00",2,"CO",74,4055," "," ",1,0,0,1,0,0,0,0,0,0,0,0,0,0,0,0,0,34530,"FRIEDRICH VON VOITH, RUA",NA,"",52,"MARSILAC",1,0,"FRIEDRICH VON VOITH, RUA 762 SAO PAULO SP",-23.4450197,-46.7402825
"8336","D051300230",4736,"CELSO GARCIA, AV",3653,"BRESSER, RUA",0,"","05/05/2013 03:30",2,"CH",12,3475," "," ",0,0,0,0,0,0,0,0,0,0,0,1,0,0,0,0,0,3653,"BRESSER, RUA",4736,"CELSO GARCIA, AV",10,"BRAS",3,0,"CELSO GARCIA, AV SAO PAULO SP &  BRESSER, RUA SAO PAULO SP",-23.5359522,-46.5717652
"8337","D051300749",9529,"ITAPECERICA, ES DE",NA,"",1137,"","05/05/2013 04:00",2,"CH",37,3885," "," ",1,0,0,0,0,0,0,0,0,0,0,0,0,0,0,0,0,9529,"ITAPECERICA, ES DE",NA,"",29,"FREGUESIA DO O",1,0,"ITAPECERICA, ES DE 1137 SAO PAULO SP",-23.5505199,-46.6333094
"8338","D051302326",1429,"ANHANGUERA, VIA",NA,"",2500,"","05/05/2013 05:24",2,"CP",33,4195," "," ",1,0,0,0,0,0,0,0,0,0,0,0,0,0,0,0,0,1429,"ANHANGUERA, VIA",NA,"",73,"SAO DOMINGOS",0,1,"ANHANGUERA, VIA 2500 SAO PAULO SP",-23.4900941,-46.7665396
"8339","D051301235",15728,"PAULO DE FARIA, RUA",7102,"FERROVIARIOS, RUA DOS",0,"","05/05/2013 05:45",2,"CO",39,4700," "," ",1,0,0,0,0,0,0,1,0,0,0,0,0,0,0,0,0,7102,"FERROVIARIOS, RUA DOS",15728,"PAULO DE FARIA, RUA",84,"TUCURUVI",4,0,"PAULO DE FARIA, RUA SAO PAULO SP &  FERROVIARIOS, RUA DOS SAO PAULO SP",-23.4812734,-46.6032259
"8340","D051301363",14270,"MORVAN DIAS DE FIGUEIREDO, AV",NA,"",19,"","05/05/2013 05:50",2,"QM",90,4681," "," ",0,1,0,0,0,0,0,0,0,0,0,0,0,0,0,0,0,29772,"MARGINAL DO RIO TIETE, AV",NA,"",0,"NULL",1,0,"MORVAN DIAS DE FIGUEIREDO, AV 19 SAO PAULO SP",-23.5184148,-46.6264906
"8341","D051301554",9220,"INTERLAGOS, AV",NA,"",470,"","05/05/2013 06:30",2,"SI",11,5050," "," ",1,0,0,0,0,0,0,0,0,0,0,0,0,0,0,1,0,9220,"INTERLAGOS, AV",NA,"",16,"CAMPO GRANDE",1,0,"INTERLAGOS, AV 470 SAO PAULO SP",-23.656434,-46.679797
"8342","D051302206",78852,"DOURADOQUARA, RUA",NA,"",10,"","05/05/2013 06:56",2,"CO",69,4692," "," ",0,1,0,0,0,0,0,0,0,0,0,0,0,0,0,1,0,78852,"DOURADOQUARA, RUA",NA,"",56,"PARELHEIROS",1,0,"DOURADOQUARA, RUA 10 SAO PAULO SP",-23.5953423,-46.5027672
"8343","D051302115",16173,"PESSEGO, ES DO",NA,"",1420,"","05/05/2013 07:24",2,"CH",53,3120," "," ",1,0,0,0,0,0,0,0,0,0,0,0,0,0,0,0,0,16173,"PESSEGO, ES DO",NA,"",0,"NULL",1,0,"PESSEGO, ES DO 1420 SAO PAULO SP",-23.5505199,-46.6333094
"8346","D051301555",998,"SANTO AMARO, AL",NA,"",5986,"","05/05/2013 08:37",2,"CO",11,5052,"B"," ",1,1,0,0,0,0,0,0,0,0,0,0,0,0,0,0,0,998,"SANTO AMARO, AL",NA,"",72,"SANTO AMARO",1,0,"SANTO AMARO, AL 5986 SAO PAULO SP",-23.6354766,-46.695115
"8347","D051301840",2218,"ARLINDO COLACO, RUA",NA,"",463,"","05/05/2013 09:45",2,"QF",22,3544," "," ",0,0,1,0,0,0,0,0,0,0,0,0,0,0,0,0,0,2218,"ARLINDO COLACO, RUA",NA,"",76,"SAO MIGUEL",1,0,"ARLINDO COLACO, RUA 463 SAO PAULO SP",-23.49162,-46.4400073
"8348","D051301560",6238,"NACOES UNIDAS, AV DAS",NA,"",14200,"","05/05/2013 10:30",2,"CO",11,5102," "," ",0,2,0,0,0,0,0,0,0,0,0,0,0,0,0,0,0,13014,"MARGINAL DO RIO PINHEIROS, AV",NA,"",90,"VILA LEOPOLDINA",2,0,"NACOES UNIDAS, AV DAS 14200 SAO PAULO SP",-23.6791523,-46.696086
"8350","D051301956",13881,"MIGUEL, AV S",NA,"",8891,"","05/05/2013 11:00",4,"AT",63,3554," "," ",0,1,0,0,0,0,0,0,0,0,0,0,0,0,0,0,0,13881,"MIGUEL, AV S",NA,"",65,"PONTE RASA",1,0,"MIGUEL, AV S 8891 SAO PAULO SP",-23.495527,-46.4523476
"8351","D051301094",351,"AGUA FRIA, AV",NA,"",31,"","05/05/2013 11:19",2,"CO",20,4107," "," ",2,0,0,0,0,0,0,0,0,0,0,0,0,0,0,0,0,351,"AGUA FRIA, AV",NA,"",71,"SANTANA",1,0,"AGUA FRIA, AV 31 SAO PAULO SP",-23.4883575,-46.6241511
"8352","D051302166",17824,"SAPOPEMBA, AV",NA,"",15000,"","05/05/2013 12:00",2,"QM",55,6229," "," ",0,1,0,0,0,0,0,0,0,0,0,0,0,0,0,0,0,17824,"SAPOPEMBA, AV",NA,"",33,"IPIRANGA",1,0,"SAPOPEMBA, AV 15000 SAO PAULO SP",-23.6204082,-46.4671858
"8353","D051301028",4533,"CASA VERDE, AV",NA,"",191,"","05/05/2013 12:13",2,"CO",13,4949," "," ",1,0,0,0,0,0,0,0,0,0,0,1,0,0,0,0,0,4533,"CASA VERDE, AV",NA,"",45,"JARDIM SAO LUIS",2,0,"CASA VERDE, AV 191 SAO PAULO SP",-23.4996772,-46.6446883
"8354","D051300328",2223,"ARLINDO VIEIRA, AV PDE",NA,"",1600,"","05/05/2013 12:30",4,"AT",26,3993," "," ",0,1,0,0,0,0,0,0,0,0,0,0,0,0,0,0,0,2223,"ARLINDO VIEIRA, AV PDE",NA,"",21,"CASA VERDE",1,0,"ARLINDO VIEIRA, AV PDE 1600 SAO PAULO SP",-23.5505199,-46.6333094
"8355","D051301673",12403,"M'BOI MIRIM, ES",NA,"",820,"","05/05/2013 13:40",2,"CT",47,900103," "," ",1,1,0,0,0,0,0,0,0,0,0,0,0,0,0,0,0,12403,"M'BOI MIRIM, ES",NA,"",42,"JARDIM ANGELA",1,0,"M'BOI MIRIM, ES 820 SAO PAULO SP",-23.5505199,-46.6333094
"8356","D051300560",16919,"REBOUCAS, AV",NA,"",600,"","05/05/2013 14:00",2,"CO",14,4464," "," ",1,1,0,0,0,0,0,0,0,0,0,0,0,0,0,0,0,16919,"REBOUCAS, AV",NA,"",44,"JARDIM PAULISTA",1,0,"REBOUCAS, AV 600 SAO PAULO SP",-23.5583873,-46.6684272
"8357","D051302167",3148,"FILINTO MULLER, RUA SEN",NA,"",587,"","05/05/2013 14:03",2,"QM",55,6231," "," ",0,1,0,0,0,0,0,0,0,0,0,0,0,0,0,0,0,3148,"FILINTO MULLER, RUA SEN",NA,"",77,"SAO RAFAEL",1,0,"FILINTO MULLER, RUA SEN 587 SAO PAULO SP",-23.6279306,-46.4758288
"8358","D051301692",9220,"INTERLAGOS, AV",NA,"",2347,"","05/05/2013 14:05",2,"CO",80,1782," "," ",1,1,0,0,0,0,0,0,0,0,0,0,0,0,0,0,0,9220,"INTERLAGOS, AV",NA,"",16,"CAMPO GRANDE",1,0,"INTERLAGOS, AV 2347 SAO PAULO SP",-23.6536024,-46.6799724
"8359","D051302207",99239,"EVERTON RESCA, RUA",NA,"",178,"","05/05/2013 14:15",4,"AT",69,4716," "," ",0,1,0,0,0,0,0,0,0,0,0,0,0,0,0,0,0,99239,"EVERTON RESCA, RUA",NA,"",78,"SAPOPEMBA",1,0,"EVERTON RESCA, RUA 178 SAO PAULO SP",-23.6120109,-46.5026836
"8360","D051301926",9746,"GRACIOSA, RUA",30718,"JOSE MARTINS LISBOA, AV",0,"","05/05/2013 14:20",2,"CL",59,1948," "," ",1,1,0,0,0,0,0,0,0,0,0,0,0,0,0,0,0,9746,"GRACIOSA, RUA",30718,"JOSE MARTINS LISBOA, AV",43,"JARDIM HELENA",1,0,"GRACIOSA, RUA SAO PAULO SP &  JOSE MARTINS LISBOA, AV SAO PAULO SP",-23.4809141,-46.4173559