"","id_acidente","codloga","logradouroA","codlogb","logradouroB","alt_num","referencia","data","cod_acid","tipo_acidente","dp","numero_BO","sentido","pista","automovel","moto","onibus","caminhao","bicicleta","moto_taxi","onibus_fretado","onibus_urbano","microonibus","van","vuc","caminhonete","carreta","jipe","outros","sem_informacao","carroca","princ_a","paiA","princ_b","paiB","cod_distrito","distrito","vit_ferida","vit_morta","local","lat","lon"
"8361","D051300282",66,"ABRAAO DE MORAIS, AV PROF",NA,"",225,"","05/05/2013 14:30",2,"CO",16,6031," "," ",1,1,0,0,0,0,0,0,0,0,0,0,0,0,0,0,0,66,"ABRAAO DE MORAIS, AV PROF",NA,"",79,"SAUDE",1,0,"ABRAAO DE MORAIS, AV PROF 225 SAO PAULO SP",-23.6063965,-46.6264951
"8362","D051301804",3509,"BELMIRA MARIN, AV DONA",NA,"",3000,"","05/05/2013 14:40",4,"AT",101,3344,"C"," ",1,0,0,0,0,0,0,0,0,0,0,0,0,0,0,0,0,3509,"BELMIRA MARIN, AV DONA",NA,"",30,"GRAJAU",1,0,"BELMIRA MARIN, AV DONA 3000 SAO PAULO SP",-23.7534834,-46.6861073
"8363","D051301803",46468,"DANIEL ALOMIA, RUA",NA,"",125,"","05/05/2013 14:43",2,"CL",101,3337," "," ",1,1,0,0,0,0,0,0,0,0,0,0,0,0,0,0,0,46468,"DANIEL ALOMIA, RUA",NA,"",30,"GRAJAU",1,0,"DANIEL ALOMIA, RUA 125 SAO PAULO SP",-23.7469346,-46.6699955
"8364","D051301194",9078,"IMIRIM, AV",6450,"EMILIO CARLOS, AV DEP",0,"","05/05/2013 14:55",4,"AT",38,4069," "," ",0,0,1,0,0,0,0,0,0,0,0,0,0,0,0,0,0,6450,"EMILIO CARLOS, AV DEP",27923,"MANUEL DA COSTA NEGREIROS, PCA",13,"CACHOEIRINHA",1,0,"IMIRIM, AV SAO PAULO SP &  EMILIO CARLOS, AV DEP SAO PAULO SP",-23.4763933,-46.6630839
"8366","D051302168",17824,"SAPOPEMBA, AV",NA,"",16000,"","05/05/2013 15:30",2,"CF",55,6241," "," ",2,0,0,0,0,0,0,0,0,0,0,0,0,0,0,0,0,17824,"SAPOPEMBA, AV",NA,"",33,"IPIRANGA",5,0,"SAPOPEMBA, AV 16000 SAO PAULO SP",-23.6127992,-46.4729239
"8367","D051300519",14480,"NELSON FERNANDES, RUA",NA,"",75,"","05/05/2013 15:51",4,"AT",97,3908," "," ",0,0,0,0,0,0,0,1,0,0,0,0,0,0,0,0,0,14480,"NELSON FERNANDES, RUA",NA,"",42,"JARDIM ANGELA",1,0,"NELSON FERNANDES, RUA 75 SAO PAULO SP",-23.6461401,-46.6398906
"8368","D051301131",18151,"SEZEFREDO FAGUNDES, AV CEL",NA,"",3500,"","05/05/2013 16:00",2,"QM",20,5055," "," ",0,1,0,0,0,0,0,0,0,0,0,0,0,0,0,0,0,18151,"SEZEFREDO FAGUNDES, AV CEL",NA,"",22,"CIDADE ADEMAR",1,0,"SEZEFREDO FAGUNDES, AV CEL 3500 SAO PAULO SP",-23.449181,-46.5990163
"8369","D051301278",12466,"MUCUNA, RUA",NA,"",133,"","05/05/2013 16:00",2,"QM",45,4073," "," ",0,1,0,0,0,0,0,0,0,0,0,0,0,0,0,0,0,12466,"MUCUNA, RUA",NA,"",53,"MOEMA",2,0,"MUCUNA, RUA 133 SAO PAULO SP",-23.5009946,-46.4266346
"8371","D051300731",11687,"LEBRET, AV PDE",NA,"",120,"","05/05/2013 17:00",4,"AA",34,5417," "," ",0,1,0,0,0,0,0,0,0,0,0,0,0,0,0,0,0,11687,"LEBRET, AV PDE",NA,"",55,"MORUMBI",1,0,"LEBRET, AV PDE 120 SAO PAULO SP",-23.5505199,-46.6333094
"8372","D051300891",29772,"MARGINAL DO RIO TIETE, AV",NA,"",8500,"","05/05/2013 17:40",2,"CO",89,1196," "," ",1,1,0,0,0,0,0,0,0,0,0,0,0,0,0,0,0,29772,"MARGINAL DO RIO TIETE, AV",NA,"",13,"CACHOEIRINHA",1,0,"MARGINAL DO RIO TIETE, AV 8500 SAO PAULO SP",-23.52257,-46.7501547
"8373","D051300882",15626,"PAULA FERREIRA, AV",NA,"",1909,"","05/05/2013 18:20",4,"AT",87,4209," "," ",1,0,0,0,0,0,0,0,0,0,0,0,0,0,0,0,0,15626,"PAULA FERREIRA, AV",NA,"",64,"PIRITUBA",1,0,"PAULA FERREIRA, AV 1909 SAO PAULO SP",-23.4950553,-46.7140264
"8374","D051300167",19163,"TRILHOS, RUA DOS",543,"ALCANTARA MACHADO, AV",0,"","05/05/2013 18:20",2,"CO",8,2595," "," ",1,1,0,0,0,0,0,0,0,0,0,0,0,0,0,0,0,543,"ALCANTARA MACHADO, AV",11492,"KENNEDY, PCA PRES",54,"MOOCA",1,0,"TRILHOS, RUA DOS SAO PAULO SP &  ALCANTARA MACHADO, AV SAO PAULO SP",-23.5548552,-46.5928758
"8375","D051300751",61569,"CARATUBA, RUA",NA,"",40,"","05/05/2013 19:28",2,"CP",37,3898," "," ",1,0,0,0,0,0,0,0,0,0,0,0,0,0,0,0,0,61569,"CARATUBA, RUA",NA,"",29,"FREGUESIA DO O",1,0,"CARATUBA, RUA 40 SAO PAULO SP",-23.6232247,-46.7483007
"8377","D051301002",36061,"LUIZ DUMONT VILLARES, AV",NA,"",579,"","05/05/2013 19:30",2,"CT",9,4132," "," ",1,0,0,0,0,0,0,0,0,0,0,1,0,0,0,0,0,36061,"LUIZ DUMONT VILLARES, AV",NA,"",22,"CIDADE ADEMAR",2,0,"LUIZ DUMONT VILLARES, AV 579 SAO PAULO SP",-23.4939156,-46.6115208
"8378","D051300834",16878,"RAPOSO TAVARES, VIA",NA,"",14000,"","05/05/2013 19:30",2,"CO",51,4467," "," ",1,1,0,0,0,0,0,0,0,0,0,0,0,0,0,0,0,16878,"RAPOSO TAVARES, VIA",NA,"",13,"CACHOEIRINHA",1,0,"RAPOSO TAVARES, VIA 14000 SAO PAULO SP",-23.5271765,-48.4677683
"8379","D051301923",2185,"ARICANGA, RUA",NA,"",650,"","05/05/2013 19:30",4,"AT",59,1794," "," ",0,1,0,0,0,0,0,0,0,0,0,0,0,0,0,0,0,2185,"ARICANGA, RUA",NA,"",86,"VILA CURUCA",1,0,"ARICANGA, RUA 650 SAO PAULO SP",-23.5017894,-46.4112894
"8381","D051301714",64059,"GIUSEPPE TARTINI, RUA",NA,"",750,"","05/05/2013 19:30",4,"AT",85,3346," "," ",0,0,1,0,0,0,0,0,0,0,0,0,0,0,0,0,0,64059,"GIUSEPPE TARTINI, RUA",NA,"",32,"IGUATEMI",1,0,"GIUSEPPE TARTINI, RUA 750 SAO PAULO SP",-23.7536793,-46.7041563
"8382","D051302286",64059,"GIUSEPPE TARTINI, RUA",NA,"",180,"","05/05/2013 19:30",4,"AT",101,3363," "," ",0,0,0,0,0,0,0,0,0,0,0,0,0,0,0,1,0,64059,"GIUSEPPE TARTINI, RUA",NA,"",32,"IGUATEMI",0,1,"GIUSEPPE TARTINI, RUA 180 SAO PAULO SP",-23.7501304,-46.7002067
"8384","D051301779",8476,"GUILHERME BELFORT SABINO, RUA PROF",NA,"",549,"","05/05/2013 19:40",4,"AT",99,5065," "," ",1,0,0,0,0,0,0,0,0,0,0,0,0,0,0,0,0,8476,"GUILHERME BELFORT SABINO, RUA PROF",NA,"",16,"CAMPO GRANDE",1,0,"GUILHERME BELFORT SABINO, RUA PROF 549 SAO PAULO SP",-23.673018,-46.6814462
"8386","D051302169",17824,"SAPOPEMBA, AV",NA,"",16432,"","05/05/2013 19:50",2,"CO",55,6249," "," ",0,1,0,0,0,0,0,0,0,0,0,1,0,0,0,0,0,17824,"SAPOPEMBA, AV",NA,"",33,"IPIRANGA",1,0,"SAPOPEMBA, AV 16432 SAO PAULO SP",-23.6200178,-46.4614878
"8387","D051301826",17110,"RIO BONITO, AV DO",NA,"",1000,"","05/05/2013 20:00",2,"QD",102,2232," "," ",0,0,0,0,0,0,0,1,0,0,0,0,0,0,0,0,0,17110,"RIO BONITO, AV DO",NA,"",32,"IGUATEMI",1,0,"RIO BONITO, AV DO 1000 SAO PAULO SP",-23.6845614,-46.7029431
"8388","D051300835",30388,"LUIZ ANTONIO PEDUTI CUNHA (ANT, AV DR",30366,"EDMUND NEJM, R",0,"","05/05/2013 20:00",2,"CH",51,4474," "," ",1,0,0,0,0,0,0,0,0,0,0,0,0,0,0,0,0,30366,"EDMUND NEJM, R",30388,"LUIZ ANTONIO PEDUTI CUNHA (ANT, AV DR",68,"RIO PEQUENO",1,0,"LUIZ ANTONIO PEDUTI CUNHA (ANT, AV DR SAO PAULO SP &  EDMUND NEJM, R SAO PAULO SP",-23.5505199,-46.6333094
"8389","D051302190",78661,"ALFENEIRO, RUA",NA,"",94,"","05/05/2013 20:12",2,"SI",66,3140," "," ",2,0,0,0,0,0,0,0,0,0,0,0,0,0,0,0,0,78661,"ALFENEIRO, RUA",NA,"",38,"JACANA",1,0,"ALFENEIRO, RUA 94 SAO PAULO SP",-23.5596615,-46.4896322
"8390","D051301978",21253,"AGUIA DE HAIA, AV",10277,"JOAO DORIVAL CARDOSO, RUA DR",0,"","05/05/2013 20:30",4,"AT",64,3511," "," ",1,0,0,0,0,0,0,0,0,0,0,0,0,0,0,0,0,10277,"JOAO DORIVAL CARDOSO, RUA DR",21253,"AGUIA DE HAIA, AV",5,"ARTUR ALVIM",1,0,"AGUIA DE HAIA, AV SAO PAULO SP &  JOAO DORIVAL CARDOSO, RUA DR SAO PAULO SP",-23.5069379,-46.4780241
"8391","D051301461",15370,"PAMONA, RUA",NA,"",50,"","05/05/2013 21:00",2,"CH",30,2792," "," ",2,0,0,0,0,0,0,0,0,0,0,0,0,0,0,0,0,15370,"PAMONA, RUA",NA,"",27,"CURSINO",1,0,"PAMONA, RUA 50 SAO PAULO SP",-23.5391199,-46.5478304
"8392","D051301898",9477,"ITAJUIBE, RUA",NA,"",354,"","05/05/2013 21:18",4,"AT",50,5615," "," ",0,1,0,0,0,0,0,0,0,0,0,0,0,0,0,0,0,9477,"ITAJUIBE, RUA",NA,"",35,"ITAIM PAULISTA",1,0,"ITAJUIBE, RUA 354 SAO PAULO SP",-23.4998365,-46.3924177
"8393","D051301957",63832,"PERPETUA-DO-CAMPO, RUA",NA,"",2,"","05/05/2013 22:00",2,"SI",63,3573," "," ",2,0,0,0,0,0,0,0,0,0,0,0,0,0,0,0,0,63832,"PERPETUA-DO-CAMPO, RUA",NA,"",53,"MOEMA",1,0,"PERPETUA-DO-CAMPO, RUA 2 SAO PAULO SP",-23.4980448,-46.4612184
"8394","D051301506",5836,"DIANOPOLIS, RUA",17595,"SAQUAREMA, RUA",0,"","05/05/2013 22:26",2,"CO",56,2977," "," ",1,1,0,0,0,0,0,0,0,0,0,0,0,0,0,0,0,5836,"DIANOPOLIS, RUA",17595,"SAQUAREMA, RUA",95,"VILA PRUDENTE",1,0,"DIANOPOLIS, RUA SAO PAULO SP &  SAQUAREMA, RUA SAO PAULO SP",-23.5856002,-46.5892913
"8395","D051300863",16878,"RAPOSO TAVARES, VIA",NA,"",18000,"","05/05/2013 22:35",2,"CO",75,3907," "," ",3,0,0,0,0,0,0,0,0,0,0,0,0,0,0,0,0,16878,"RAPOSO TAVARES, VIA",NA,"",13,"CACHOEIRINHA",2,0,"RAPOSO TAVARES, VIA 18000 SAO PAULO SP",-23.5138709,-48.5061497
"8396","D051300420",18653,"TANGARA, RUA",7318,"FRANCA PINTO, RUA",0,"","05/05/2013 22:35",2,"CO",36,7418," "," ",0,1,0,0,0,0,0,0,0,0,0,1,0,0,0,0,0,7318,"FRANCA PINTO, RUA",18653,"TANGARA, RUA",92,"VILA MARIANA",1,0,"TANGARA, RUA SAO PAULO SP &  FRANCA PINTO, RUA SAO PAULO SP",-23.5888012,-46.6479551
"8397","D051301558",32119,"SUZANA RODRIGUES, PCA",NA,"",198,"","05/05/2013 22:39",2,"SI",11,5069," "," ",1,1,0,0,0,0,0,0,0,0,0,0,0,0,0,0,0,32119,"SUZANA RODRIGUES, PCA",NA,"",NA,"",1,0,"SUZANA RODRIGUES, PCA 198 SAO PAULO SP",-23.6920272,-46.7114314
"8398","D051300404",9715,"JABAQUARA, AV",9159,"INDIANOPOLIS, AV",0,"","05/05/2013 22:43",2,"CO",35,6052," "," ",2,0,0,0,0,0,0,0,0,0,0,0,0,0,0,0,0,9159,"INDIANOPOLIS, AV",9715,"JABAQUARA, AV",79,"SAUDE",1,0,"JABAQUARA, AV SAO PAULO SP &  INDIANOPOLIS, AV SAO PAULO SP",-23.6202152,-46.6396897
"8399","D051301456",6460,"EMILIO MALLET, RUA",NA,"",120,"","05/05/2013 22:47",2,"SI",30,2662," "," ",0,2,0,0,0,0,0,0,0,0,0,0,0,0,0,0,0,6460,"EMILIO MALLET, RUA",NA,"",82,"TATUAPE",2,0,"EMILIO MALLET, RUA 120 SAO PAULO SP",-23.5480159,-46.5724693
"8400","D051300525",803,"SEBASTIAO SISSON, RUA",NA,"",120,"","05/05/2013 23:15",4,"AT",97,6092," "," ",0,0,0,0,0,0,0,0,0,0,0,0,0,0,0,1,0,803,"SEBASTIAO SISSON, RUA",NA,"",37,"JABAQUARA",1,0,"SEBASTIAO SISSON, RUA 120 SAO PAULO SP",-23.6613116,-46.6432958
"8401","D051300156",19507,"VASCONCELOS DRUMOND, RUA",NA,"",391,"","05/05/2013 23:16",2,"CO",6,3503," "," ",0,1,0,0,0,0,0,0,0,0,0,0,0,0,0,1,0,19507,"VASCONCELOS DRUMOND, RUA",NA,"",12,"BUTANTA",1,0,"VASCONCELOS DRUMOND, RUA 391 SAO PAULO SP",-23.5792997,-46.6133973
"8402","D051301958",9084,"IMPERADOR, ES DO",46936,"JACU-PESSEGO/NOVA TRABALHADORE, AV",0,"","05/05/2013 23:28",2,"CO",63,3575," "," ",1,1,0,0,0,0,0,0,0,0,0,0,0,0,0,0,0,9084,"IMPERADOR, ES DO",46936,"JACU-PESSEGO/NOVA TRABALHADORE, AV",8,"BELEM",1,0,"IMPERADOR, ES DO SAO PAULO SP &  JACU-PESSEGO/NOVA TRABALHADORE, AV SAO PAULO SP",-23.5505199,-46.6333094
"8403","D051301697",11639,"LAURO PARENTE, RUA DR",NA,"",1000,"","05/05/2013 23:45",2,"CO",80,4823," "," ",1,1,0,0,0,0,0,0,0,0,0,0,0,0,0,0,0,11639,"LAURO PARENTE, RUA DR",NA,"",22,"CIDADE ADEMAR",1,0,"LAURO PARENTE, RUA DR 1000 SAO PAULO SP",-23.6824813,-46.6700057
"8404","D051300343",10918,"JOSE DINIZ, AV VER",NA,"",3573,"","05/05/2013 23:45",2,"CH",27,4719," "," ",1,0,0,0,0,0,0,0,0,0,0,0,0,0,0,0,0,10918,"JOSE DINIZ, AV VER",NA,"",15,"CAMPO BELO",1,0,"JOSE DINIZ, AV VER 3573 SAO PAULO SP",-23.6165887,-46.6746215
"8405","D051301475",5817,"DEZENOVE DE JANEIRO, AV",NA,"",321,"","06/05/2013 01:04",2,"CO",31,2664," "," ",1,1,0,0,0,0,0,0,0,0,0,0,0,0,0,0,0,5817,"DEZENOVE DE JANEIRO, AV",NA,"",20,"CARRAO",1,0,"DEZENOVE DE JANEIRO, AV 321 SAO PAULO SP",-23.5553628,-46.5260246
"8406","D051300458",35399,"CARAUBAS, RUA",NA,"",226,"","06/05/2013 02:54",2,"CH",95,3930," "," ",0,0,0,0,0,0,0,0,0,0,0,1,0,0,0,0,0,35399,"CARAUBAS, RUA",NA,"",29,"FREGUESIA DO O",4,0,"CARAUBAS, RUA 226 SAO PAULO SP",-23.6517835,-46.6949032
"8407","D051301856",954,"AMADOR BUENO DA VEIGA, AV",NA,"",3871,"","06/05/2013 03:00",2,"CH",24,4875," "," ",1,0,0,0,0,0,0,0,0,0,0,0,0,0,0,0,0,954,"AMADOR BUENO DA VEIGA, AV",NA,"",60,"PENHA",1,0,"AMADOR BUENO DA VEIGA, AV 3871 SAO PAULO SP",-23.517785,-46.5101241
"8408","D051302177",9580,"ITAQUERA, AV",5642,"CUSTODIO LOBO, RUA",0,"","06/05/2013 04:55",2,"CO",66,1991," "," ",1,0,1,0,0,0,0,0,0,0,0,0,0,0,0,0,0,5642,"CUSTODIO LOBO, RUA",9580,"ITAQUERA, AV",93,"VILA MATILDE",1,0,"ITAQUERA, AV SAO PAULO SP &  CUSTODIO LOBO, RUA SAO PAULO SP",-23.5540176,-46.4897549
"8409","D051301793",12403,"M'BOI MIRIM, ES",NA,"",5780,"","06/05/2013 05:45",2,"CH",100,2356," "," ",0,0,1,0,0,0,0,0,0,0,0,0,0,0,0,0,0,12403,"M'BOI MIRIM, ES",NA,"",42,"JARDIM ANGELA",1,0,"M'BOI MIRIM, ES 5780 SAO PAULO SP",-23.5505199,-46.6333094
"8410","D051301029",2421,"ASSIS CHATEAUBRIAND, AV",NA,"",2212,"","06/05/2013 05:45",2,"QM",13,4971," "," ",0,1,0,0,0,0,0,0,0,0,0,0,0,0,0,0,0,29772,"MARGINAL DO RIO TIETE, AV",NA,"",71,"SANTANA",1,0,"ASSIS CHATEAUBRIAND, AV 2212 SAO PAULO SP",-23.5166818,-46.6491349
"8411","D051301719",36571,"BAUCIS, RUA",NA,"",320,"","06/05/2013 05:50",2,"QM",92,2806," "," ",0,1,0,0,0,0,0,0,0,0,0,0,0,0,0,0,0,36571,"BAUCIS, RUA",NA,"",32,"IGUATEMI",1,0,"BAUCIS, RUA 320 SAO PAULO SP",-23.6603311,-46.7424445
"8412","D051300896",8587,"HASTINFILO DE MOURA, RUA MAL",8483,"GUILHERME DUMONT VILARES, AV DR",0,"","06/05/2013 05:50",2,"SI",89,3910," "," ",1,1,0,0,0,0,0,0,0,0,0,0,0,0,0,0,0,8483,"GUILHERME DUMONT VILARES, AV DR",8587,"HASTINFILO DE MOURA, RUA MAL",85,"VILA ANDRADE",1,0,"HASTINFILO DE MOURA, RUA MAL SAO PAULO SP &  GUILHERME DUMONT VILARES, AV DR SAO PAULO SP",-23.7112336,-46.5505436
"8414","D051301917",17820,"TITO, AV MAL",NA,"",3564,"","06/05/2013 07:05",2,"CO",59,1651," "," ",1,0,0,0,0,0,0,0,0,0,0,1,0,0,0,0,0,17820,"TITO, AV MAL",NA,"",53,"MOEMA",2,0,"TITO, AV MAL 3564 SAO PAULO SP",-23.4950892,-46.4100547
"8416","D051301413",2181,"ARICANDUVA, AV",NA,"",1000,"","06/05/2013 08:00",2,"CO",21,1514," "," ",2,0,0,0,0,0,0,0,0,0,0,0,0,0,0,0,0,2181,"ARICANDUVA, AV",NA,"",60,"PENHA",1,0,"ARICANDUVA, AV 1000 SAO PAULO SP",-23.553823,-46.5184866
"8417","D051300428",5618,"CURSINO, AV DO",NA,"",5517,"","06/05/2013 08:19",2,"CO",83,1056," "," ",1,1,0,0,0,0,0,0,0,0,0,0,0,0,0,0,0,5618,"CURSINO, AV DO",NA,"",27,"CURSINO",1,0,"CURSINO, AV DO 5517 SAO PAULO SP",-23.6484213,-46.6133842
"8419","D051300165",14805,"ALBERTO LION, PCA",6642,"ESTADO, AV DO",0,"","06/05/2013 08:40",2,"CT",8,2497," "," ",0,1,0,0,0,0,0,0,0,0,0,1,0,0,0,0,0,6642,"ESTADO, AV DO",14805,"ALBERTO LION, PCA",14,"CAMBUCI",1,0,"ALBERTO LION, PCA SAO PAULO SP &  ESTADO, AV DO SAO PAULO SP",-23.5647699,-46.6117339
"8420","D051300412",19583,"VERGUEIRO, RUA",12452,"MACHADO DE ASSIS, RUA",0,"","06/05/2013 08:55",2,"CO",36,1992," "," ",1,1,0,0,0,0,0,0,0,0,0,0,0,0,0,0,0,12452,"MACHADO DE ASSIS, RUA",19583,"VERGUEIRO, RUA",92,"VILA MARIANA",1,0,"VERGUEIRO, RUA SAO PAULO SP &  MACHADO DE ASSIS, RUA SAO PAULO SP",-23.6104332,-46.6085751
"8421","D051300706",16337,"ELISEU DE ALMEIDA, AV",NA,"",1000,"","06/05/2013 09:00",2,"CO",34,2986," "," ",0,2,0,0,0,0,0,0,0,0,0,0,0,0,0,0,0,16337,"ELISEU DE ALMEIDA, AV",NA,"",0,"NULL",1,0,"ELISEU DE ALMEIDA, AV 1000 SAO PAULO SP",-23.5794772,-46.7202229
"8422","D051300691",8070,"GOIAS, AV DUQSA DE",NA,"",100,"","06/05/2013 09:15",4,"AT",34,2705," "," ",1,0,0,0,0,0,0,0,0,0,0,0,0,0,0,0,0,8070,"GOIAS, AV DUQSA DE",NA,"",55,"MORUMBI",1,0,"GOIAS, AV DUQSA DE 100 SAO PAULO SP",-23.5505199,-46.6333094
"8424","D051300831",5309,"CORIFEU DE AZEVEDO MARQUES, AV",NA,"",1847,"","06/05/2013 10:22",2,"CO",51,2901," "," ",1,1,0,0,0,0,0,0,0,0,0,0,0,0,0,0,0,5309,"CORIFEU DE AZEVEDO MARQUES, AV",NA,"",12,"BUTANTA",1,0,"CORIFEU DE AZEVEDO MARQUES, AV 1847 SAO PAULO SP",-23.5737941,-46.7318783
"8425","D051301615",32541,"PAULO GUILGUER REIMBERG, AV",NA,"",3637,"","06/05/2013 10:30",2,"CO",25,1194," "," ",1,1,0,0,0,0,0,0,0,0,0,0,0,0,0,0,0,32541,"PAULO GUILGUER REIMBERG, AV",NA,"",32,"IGUATEMI",1,0,"PAULO GUILGUER REIMBERG, AV 3637 SAO PAULO SP",-23.7833816,-46.6898796
"8427","D051301352",6806,"EURIPEDES RODRIGUES DE LIMA, RUA SOLD",18007,"SERAFIM GONCALVES PEREIRA, AV",0,"","06/05/2013 11:07",2,"CO",90,1787," "," ",1,1,0,0,0,0,0,0,0,0,0,0,0,0,0,0,0,524,"ALBINO CESAR, RUA SOLD",6806,"EURIPEDES RODRIGUES DE LIMA, RUA SOLD",91,"VILA MARIA",1,0,"EURIPEDES RODRIGUES DE LIMA, RUA SOLD SAO PAULO SP &  SERAFIM GONCALVES PEREIRA, AV SAO PAULO SP",-23.5223689,-46.5690506
"8428","D051301482",3648,"ORLANDO CALISTO, RUA",NA,"",113,"","06/05/2013 11:55",4,"AT",42,1610," "," ",1,0,0,0,0,0,0,0,0,0,0,0,0,0,0,0,0,3648,"ORLANDO CALISTO, RUA",NA,"",74,"SAO LUCAS",1,0,"ORLANDO CALISTO, RUA 113 SAO PAULO SP",-23.5898995,-46.554135
"8429","D051300781",99432,"JOSE GLADIADOR, ES CEL",NA,"",979,"","06/05/2013 12:00",2,"CL",46,2147," "," ",1,1,0,0,0,0,0,0,0,0,0,0,0,0,0,0,0,99432,"JOSE GLADIADOR, ES CEL",NA,"",NA,"",1,0,"JOSE GLADIADOR, ES CEL 979 SAO PAULO SP",-23.5505199,-46.6333094
"8430","D051300676",21629,"ELISIO CORDEIRO DE SIQUEIRA, AV",21238,"ALEXANDRE RAMOS DE SOUZA, RUA",0,"","06/05/2013 12:00",2,"CO",33,4236," "," ",1,0,0,0,1,0,0,0,0,0,0,0,0,0,0,0,0,21238,"ALEXANDRE RAMOS DE SOUZA, RUA",21629,"ELISIO CORDEIRO DE SIQUEIRA, AV",73,"SAO DOMINGOS",1,0,"ELISIO CORDEIRO DE SIQUEIRA, AV SAO PAULO SP &  ALEXANDRE RAMOS DE SOUZA, RUA SAO PAULO SP",-23.4942344,-46.7462635
"8431","D051301559",19574,"VERBO DIVINO, RUA",NA,"",1100,"","06/05/2013 12:18",2,"QD",11,5099," "," ",0,0,0,0,0,0,0,1,0,0,0,0,0,0,0,0,0,19574,"VERBO DIVINO, RUA",NA,"",29,"FREGUESIA DO O",1,0,"VERBO DIVINO, RUA 1100 SAO PAULO SP",-23.6328318,-46.7062644
"8433","D051302178",17135,"RIO DAS PEDRAS, AV",NA,"",3729,"","06/05/2013 12:28",2,"CL",66,1996," "," ",1,1,0,0,0,0,0,0,0,0,0,0,0,0,0,0,0,17135,"RIO DAS PEDRAS, AV",NA,"",NA,"",1,0,"RIO DAS PEDRAS, AV 3729 SAO PAULO SP",-23.5822966,-46.4971523
"8434","D051302208",23574,"SINFONIA DO OCASO, RUA",23588,"LEANDRO DE SEVILHA, RUA",0,"","06/05/2013 12:33",2,"CO",69,4757," "," ",0,0,1,0,0,0,0,1,0,0,0,0,0,0,0,0,0,23574,"SINFONIA DO OCASO, RUA",23588,"LEANDRO DE SEVILHA, RUA",78,"SAPOPEMBA",1,0,"SINFONIA DO OCASO, RUA SAO PAULO SP &  LEANDRO DE SEVILHA, RUA SAO PAULO SP",-23.5988091,-46.4994292
"8435","D051301739",12403,"M'BOI MIRIM, ES",NA,"",1200,"","06/05/2013 13:00",4,"AT",92,3425," "," ",1,0,0,0,0,0,0,0,0,0,0,0,0,0,0,0,0,12403,"M'BOI MIRIM, ES",NA,"",42,"JARDIM ANGELA",1,0,"M'BOI MIRIM, ES 1200 SAO PAULO SP",-23.5505199,-46.6333094
"8436","D051300255",15656,"PAULISTA, AV",NA,"",1200,"","06/05/2013 13:00",2,"QD",78,2286," "," ",0,0,1,0,0,0,0,0,0,0,0,0,0,0,0,0,0,15656,"PAULISTA, AV",NA,"",7,"BELA VISTA",1,0,"PAULISTA, AV 1200 SAO PAULO SP",-23.5632201,-46.6545057
"8437","D051300849",26426,"INACIO CERVANTES, RUA",NA,"",700,"","06/05/2013 13:15",4,"AT",75,1559," "," ",1,0,0,0,0,0,0,0,0,0,0,0,0,0,0,0,0,26426,"INACIO CERVANTES, RUA",NA,"",13,"CACHOEIRINHA",1,0,"INACIO CERVANTES, RUA 700 SAO PAULO SP",-23.5962615,-46.7975936
"8438","D051300467",43154,"TANCREDO NEVES, AV PRES",NA,"",900,"","06/05/2013 13:17",2,"CT",95,2112," "," ",0,1,0,0,0,0,0,0,0,0,0,0,0,0,0,1,0,43154,"TANCREDO NEVES, AV PRES",NA,"",18,"CANGAIBA",1,0,"TANCREDO NEVES, AV PRES 900 SAO PAULO SP",-23.6118394,-46.6072772
"8439","D051302285",3509,"BELMIRA MARIN, AV DONA",NA,"",4500,"","06/05/2013 13:30",2,"CT",101,3373,"C"," ",3,0,0,0,0,0,0,0,0,0,0,0,0,0,0,0,0,3509,"BELMIRA MARIN, AV DONA",NA,"",30,"GRAJAU",1,1,"BELMIRA MARIN, AV DONA 4500 SAO PAULO SP",-23.75508,-46.6759329
"8440","D051302077",13671,"MATEO BEI, AV",NA,"",2300,"","06/05/2013 13:30",4,"AT",49,5043," "," ",0,1,0,0,0,0,0,0,0,0,0,0,0,0,0,0,0,13671,"MATEO BEI, AV",NA,"",75,"SAO MATEUS",1,0,"MATEO BEI, AV 2300 SAO PAULO SP",-23.6019045,-46.483165
"8441","D051301253",6450,"EMILIO CARLOS, AV DEP",9063,"IMARUI, RUA",0,"","06/05/2013 13:31",2,"CO",40,1501," "," ",1,0,0,0,1,0,0,0,0,0,0,0,0,0,0,0,0,6450,"EMILIO CARLOS, AV DEP",9063,"IMARUI, RUA",50,"LIMAO",1,0,"EMILIO CARLOS, AV DEP SAO PAULO SP &  IMARUI, RUA SAO PAULO SP",-23.4995589,-46.6750786
"8442","D051300283",66,"ABRAAO DE MORAIS, AV PROF",NA,"",313,"","06/05/2013 13:45",2,"CT",16,6089," "," ",1,1,0,0,0,0,0,0,0,0,0,0,0,0,0,0,0,66,"ABRAAO DE MORAIS, AV PROF",NA,"",79,"SAUDE",2,0,"ABRAAO DE MORAIS, AV PROF 313 SAO PAULO SP",-23.6072115,-46.6273424
"8443","D051301021",19884,"VOLUNTARIOS DA PATRIA, RUA",3637,"BRAZ LEME, AV",0,"","06/05/2013 13:50",2,"QD",13,3132," "," ",0,0,1,0,0,0,0,0,0,0,0,0,0,0,0,0,0,3637,"BRAZ LEME, AV",19884,"VOLUNTARIOS DA PATRIA, RUA",71,"SANTANA",1,0,"VOLUNTARIOS DA PATRIA, RUA SAO PAULO SP &  BRAZ LEME, AV SAO PAULO SP",-23.5033096,-46.6263934