"","id_acidente","codloga","logradouroA","codlogb","logradouroB","alt_num","referencia","data","cod_acid","tipo_acidente","dp","numero_BO","sentido","pista","automovel","moto","onibus","caminhao","bicicleta","moto_taxi","onibus_fretado","onibus_urbano","microonibus","van","vuc","caminhonete","carreta","jipe","outros","sem_informacao","carroca","princ_a","paiA","princ_b","paiB","cod_distrito","distrito","vit_ferida","vit_morta","local","lat","lon"
"8444","D051301760",9220,"INTERLAGOS, AV",NA,"",3200,"","06/05/2013 14:00",2,"QM",99,1968," "," ",0,1,0,0,0,0,0,0,0,0,0,0,0,0,0,0,0,9220,"INTERLAGOS, AV",NA,"",16,"CAMPO GRANDE",1,0,"INTERLAGOS, AV 3200 SAO PAULO SP",-23.6785816,-46.6853613
"8445","D051302245",12326,"JUSCELINO KUBITSCHEK, AV PRES",5105,"CLODOMIRO AMAZONAS, RUA",0,"","06/05/2013 14:00",2,"CO",15,2233," "," ",2,2,0,0,0,0,0,0,0,0,0,0,0,0,0,0,0,5105,"CLODOMIRO AMAZONAS, RUA",12326,"JUSCELINO KUBITSCHEK, AV PRES",NA,"",0,1,"JUSCELINO KUBITSCHEK, AV PRES SAO PAULO SP &  CLODOMIRO AMAZONAS, RUA SAO PAULO SP",-23.5909217,-46.6886685
"8446","D051300862",16878,"RAPOSO TAVARES, VIA",NA,"",18000,"","06/05/2013 14:00",2,"CO",75,3390," "," ",1,1,0,0,0,0,0,0,0,0,0,0,0,0,0,0,0,16878,"RAPOSO TAVARES, VIA",NA,"",13,"CACHOEIRINHA",1,0,"RAPOSO TAVARES, VIA 18000 SAO PAULO SP",-23.5138709,-48.5061497
"8447","D051300531",12436,"MACEDO SOARES, AV EMB",NA,"",10000,"","06/05/2013 14:10",2,"CT",7,2847," "," ",3,0,0,0,0,0,0,0,0,0,0,0,0,0,0,0,0,29772,"MARGINAL DO RIO TIETE, AV",NA,"",48,"LAPA",1,0,"MACEDO SOARES, AV EMB 10000 SAO PAULO SP",-23.5184674,-46.7431417
"8449","D051300085",16429,"PLINIO BARRETO, RUA DR",NA,"",173,"","06/05/2013 14:50",2,"CO",4,3226," "," ",1,1,0,0,0,0,0,0,0,0,0,0,0,0,0,0,0,16429,"PLINIO BARRETO, RUA DR",NA,"",7,"BELA VISTA",1,0,"PLINIO BARRETO, RUA DR 173 SAO PAULO SP",-23.556975,-46.651433
"8450","D051301095",351,"AGUA FRIA, AV",NA,"",1873,"","06/05/2013 15:00",2,"CO",20,4153," "," ",1,1,0,0,0,0,0,0,0,0,0,0,0,0,0,0,0,351,"AGUA FRIA, AV",NA,"",71,"SANTANA",1,0,"AGUA FRIA, AV 1873 SAO PAULO SP",-23.4725974,-46.6181188
"8451","D051300593",999,"SANTO AMARO, AV",7671,"GABRIEL, AV S",0,"","06/05/2013 15:13",4,"AT",15,2231," "," ",0,0,1,0,0,0,0,0,0,0,0,0,0,0,0,0,0,999,"SANTO AMARO, AV",12165,"LUIS ANTONIO, AV BRIG",34,"ITAIM BIBI",1,0,"SANTO AMARO, AV SAO PAULO SP &  GABRIEL, AV S SAO PAULO SP",-23.614288,-46.6791208
"8452","D051300278",11431,"JUCARA, RUA",NA,"",9999,"","06/05/2013 15:30",2,"QD",16,66," "," ",0,0,1,0,0,0,0,0,0,0,0,0,0,0,0,0,0,11431,"JUCARA, RUA",NA,"",27,"CURSINO",1,0,"JUCARA, RUA 9999 SAO PAULO SP",-23.6113221,-46.6220473
"8453","D051301561",4053,"MARIO LOPES LEAO, AV",17122,"RIO BRANCO, RUA BR DO",0,"","06/05/2013 15:31",4,"AT",11,5109," "," ",0,0,0,0,0,0,0,0,0,0,0,1,0,0,0,0,0,4053,"MARIO LOPES LEAO, AV",17122,"RIO BRANCO, RUA BR DO",72,"SANTO AMARO",1,0,"MARIO LOPES LEAO, AV SAO PAULO SP &  RIO BRANCO, RUA BR DO SAO PAULO SP",-23.6516149,-46.7122535
"8454","D051301381",4128,"CANGAIBA, AV",NA,"",960,"","06/05/2013 16:00",2,"CO",10,5130," "," ",2,0,0,0,0,0,0,0,0,0,0,0,0,0,0,0,0,4128,"CANGAIBA, AV",NA,"",18,"CANGAIBA",1,0,"CANGAIBA, AV 960 SAO PAULO SP",-23.5116591,-46.5445366
"8455","D051300603",12326,"JUSCELINO KUBITSCHEK, AV PRES",2476,"ATILIO INNOCENTI, RUA PROF",0,"","06/05/2013 16:00",2,"CO",15,4505," "," ",1,1,0,0,0,0,0,0,0,0,0,0,0,0,0,0,0,2476,"ATILIO INNOCENTI, RUA PROF",12326,"JUSCELINO KUBITSCHEK, AV PRES",34,"ITAIM BIBI",1,0,"JUSCELINO KUBITSCHEK, AV PRES SAO PAULO SP &  ATILIO INNOCENTI, RUA PROF SAO PAULO SP",-23.5909217,-46.6886685
"8456","D051301172",15426,"PARADA PINTO, AV",NA,"",3420,"","06/05/2013 16:20",2,"CO",38,2242," "," ",1,1,0,0,0,0,0,0,0,0,0,0,0,0,0,0,0,15426,"PARADA PINTO, AV",NA,"",8,"BELEM",1,0,"PARADA PINTO, AV 3420 SAO PAULO SP",-23.4665212,-46.6390983
"8457","D051300720",19461,"VALERIO, AV S",4447,"CARMEN SCIGLIANO, RUA PROFA",0,"","06/05/2013 17:20",2,"CO",34,3947," "," ",1,1,0,0,0,0,0,0,0,0,0,0,0,0,0,0,0,4447,"CARMEN SCIGLIANO, RUA PROFA",19461,"VALERIO, AV S",NA,"",1,0,"VALERIO, AV S SAO PAULO SP &  CARMEN SCIGLIANO, RUA PROFA SAO PAULO SP",-23.5828258,-46.7026391
"8458","D051300677",4005,"GALVAO BUENO TRIGUEIRINHO, RUA",NA,"",607,"","06/05/2013 17:30",4,"AT",33,4260," "," ",1,0,0,0,0,0,0,0,0,0,0,0,0,0,0,0,0,4005,"GALVAO BUENO TRIGUEIRINHO, RUA",NA,"",39,"JAGUARA",1,0,"GALVAO BUENO TRIGUEIRINHO, RUA 607 SAO PAULO SP",-23.4571748,-46.7443397
"8459","D051301410",3383,"BIXIRA, RUA",12487,"DEUS, RUA MADRE DE",0,"","06/05/2013 18:10",2,"CO",18,1823," "," ",2,1,0,0,0,0,0,0,0,0,0,0,0,0,0,0,0,3383,"BIXIRA, RUA",12487,"DEUS, RUA MADRE DE",54,"MOOCA",1,0,"BIXIRA, RUA SAO PAULO SP &  DEUS, RUA MADRE DE SAO PAULO SP",-23.5671259,-46.5910071
"8460","D051300174",543,"ALCANTARA MACHADO, AV",7253,"FOMM, RUA DR",0,"","06/05/2013 18:10",2,"CO",8,3523," "," ",0,2,0,0,0,0,0,0,0,0,0,0,0,0,0,0,0,543,"ALCANTARA MACHADO, AV",7253,"FOMM, RUA DR",54,"MOOCA",2,0,"ALCANTARA MACHADO, AV SAO PAULO SP &  FOMM, RUA DR SAO PAULO SP",-23.5528151,-46.613419
"8461","D051300752",99949,"CARLOS CALDEIRA FILHO, AV",NA,"",500,"","06/05/2013 18:30",2,"CO",37,3944," "," ",0,1,0,0,0,0,0,0,0,0,0,1,0,0,0,0,0,99949,"CARLOS CALDEIRA FILHO, AV",NA,"",19,"CAPAO REDONDO",1,0,"CARLOS CALDEIRA FILHO, AV 500 SAO PAULO SP",-23.6581114,-46.766744
"8463","D051301528",906,"ALVARO RAMOS, AV",NA,"",1058,"","06/05/2013 18:52",4,"AT",57,2993,"B"," ",0,1,0,0,0,0,0,0,0,0,0,0,0,0,0,0,0,906,"ALVARO RAMOS, AV",NA,"",8,"BELEM",2,0,"ALVARO RAMOS, AV 1058 SAO PAULO SP",-23.546218,-46.5847063
"8464","D051301798",15507,"TEOTONIO VILELA, AV SEN",NA,"",4029,"","06/05/2013 19:00",4,"AT",101,1728," "," ",1,0,0,0,0,0,0,0,0,0,0,0,0,0,0,0,0,15507,"TEOTONIO VILELA, AV SEN",NA,"",23,"CIDADE DUTRA",1,0,"TEOTONIO VILELA, AV SEN 4029 SAO PAULO SP",-23.7353001,-46.6990171
"8466","D051301236",13767,"MAZZEI, AV",8342,"GUARAJA, RUA",0,"","06/05/2013 19:14",2,"CF",39,4766,"C"," ",1,1,0,0,0,0,0,0,0,0,0,0,0,0,0,0,0,8342,"GUARAJA, RUA",13767,"MAZZEI, AV",84,"TUCURUVI",1,0,"MAZZEI, AV SAO PAULO SP &  GUARAJA, RUA SAO PAULO SP",-23.4760209,-46.6035613
"8467","D051300864",16728,"QUEIROS TELES, AV ENG",NA,"",1397,"","06/05/2013 19:15",2,"CO",75,3942," "," ",1,1,0,0,0,0,0,0,0,0,0,0,0,0,0,0,0,16728,"QUEIROS TELES, AV ENG",NA,"",13,"CACHOEIRINHA",1,0,"QUEIROS TELES, AV ENG 1397 SAO PAULO SP",-23.5713409,-46.7788211
"8468","D051300625",9472,"ITAJOBI, RUA",NA,"",80,"","06/05/2013 19:25",2,"CL",23,2505," "," ",2,0,0,0,0,0,0,0,0,0,0,0,0,0,0,0,0,9472,"ITAJOBI, RUA",NA,"",26,"CONSOLACAO",1,0,"ITAJOBI, RUA 80 SAO PAULO SP",-23.5525603,-46.6662138
"8469","D051300897",535,"MANOEL ANTONIO PINTO, RUA",NA,"",1105,"","06/05/2013 19:30",4,"AT",89,3945," "," ",1,0,0,0,0,0,0,0,0,0,0,0,0,0,0,0,0,535,"MANOEL ANTONIO PINTO, RUA",NA,"",85,"VILA ANDRADE",1,0,"MANOEL ANTONIO PINTO, RUA 1105 SAO PAULO SP",-23.6135437,-46.7266095
"8470","D051301960",23875,"CACIMBA, RUA",NA,"",327,"","06/05/2013 19:38",2,"CO",63,3609," "," ",0,0,0,0,1,0,0,0,0,0,0,0,0,0,0,1,0,23875,"CACIMBA, RUA",NA,"",49,"LIBERDADE",1,0,"CACIMBA, RUA 327 SAO PAULO SP",-23.4851393,-46.4656971
"8471","D051300329",2223,"ARLINDO VIEIRA, AV PDE",NA,"",2141,"","06/05/2013 19:46",2,"CO",26,3953," "," ",1,1,0,0,0,0,0,0,0,0,0,0,0,0,0,0,0,2223,"ARLINDO VIEIRA, AV PDE",NA,"",21,"CASA VERDE",1,0,"ARLINDO VIEIRA, AV PDE 2141 SAO PAULO SP",-23.5505199,-46.6333094
"8473","D051302046",28944,"MANOEL FERREIRA PIRES, RUA",NA,"",112,"","06/05/2013 21:00",2,"CO",41,2112," "," ",1,1,0,0,0,0,0,0,0,0,0,0,0,0,0,0,0,28944,"MANOEL FERREIRA PIRES, RUA",NA,"",46,"JOSE BONIFACIO",1,0,"MANOEL FERREIRA PIRES, RUA 112 SAO PAULO SP",-23.5834332,-46.5275973
"8475","D051301279",17789,"SANTO ANGELO, RUA BR DE",NA,"",150,"","06/05/2013 21:34",2,"CO",45,4125," "," ",0,1,0,0,0,0,0,0,0,0,0,1,0,0,0,0,0,17789,"SANTO ANGELO, RUA BR DE",NA,"",40,"JAGUARE",1,0,"SANTO ANGELO, RUA BR DE 150 SAO PAULO SP",-23.4749292,-46.6887571
"8476","D051300492",5910,"DIOGO JACOME, RUA",NA,"",96,"","06/05/2013 21:45",2,"CO",96,4770," "," ",1,1,0,0,0,0,0,0,0,0,0,0,0,0,0,0,0,5910,"DIOGO JACOME, RUA",NA,"",53,"MOEMA",1,0,"DIOGO JACOME, RUA 96 SAO PAULO SP",-23.5928678,-46.6652857
"8478","D051301310",40497,"MANUEL VIEIRA DA LUZ-ANT. TERE, RUA",NA,"",472,"","06/05/2013 22:00",4,"AT",73,4824," "," ",0,1,0,0,0,0,0,0,0,0,0,0,0,0,0,0,0,40497,"MANUEL VIEIRA DA LUZ-ANT. TERE, RUA",NA,"",83,"TREMEMBE",1,0,"MANUEL VIEIRA DA LUZ-ANT. TERE, RUA 472 SAO PAULO SP",-23.5636604,-46.5833284
"8479","D051301677",15507,"TEOTONIO VILELA, AV SEN",NA,"",1497,"","06/05/2013 22:27",2,"CO",48,1716," "," ",0,1,0,0,0,0,0,0,0,0,0,1,0,0,0,0,0,15507,"TEOTONIO VILELA, AV SEN",NA,"",23,"CIDADE DUTRA",1,0,"TEOTONIO VILELA, AV SEN 1497 SAO PAULO SP",-23.7144465,-46.6986573
"8480","D051301003",36061,"LUIZ DUMONT VILLARES, AV",2455,"ATALIBA LEONEL, AV GAL",0,"","06/05/2013 22:30",4,"AT",9,4168," "," ",0,1,0,0,0,0,0,0,0,0,0,0,0,0,0,0,0,2455,"ATALIBA LEONEL, AV GAL",4219,"ZAKI NARCHI, AV",71,"SANTANA",1,0,"LUIZ DUMONT VILLARES, AV SAO PAULO SP &  ATALIBA LEONEL, AV GAL SAO PAULO SP",-23.4939156,-46.6115208
"8481","D051300753",5174,"COLMEIAS, AV DAS",NA,"",15,"","06/05/2013 23:10",2,"CO",37,3946,"B"," ",1,0,0,0,1,0,0,0,0,0,0,0,0,0,0,0,0,5174,"COLMEIAS, AV DAS",NA,"",17,"CAMPO LIMPO",1,0,"COLMEIAS, AV DAS 15 SAO PAULO SP",-23.6237064,-46.7568816
"8482","D051301442",12058,"LUCA, AV",NA,"",230,"","06/05/2013 23:10",2,"CO",29,2998," "," ",1,1,0,0,0,0,0,0,0,0,0,0,0,0,0,0,0,12058,"LUCA, AV",NA,"",1,"AGUA RASA",1,0,"LUCA, AV 230 SAO PAULO SP",-23.5709035,-46.5607247
"8483","D051301336",18594,"TAIPAS, ES",NA,"",3825,"","06/05/2013 23:30",2,"CH",74,4126," "," ",0,0,0,0,0,0,0,1,0,0,0,0,0,0,0,0,0,18594,"TAIPAS, ES",NA,"",52,"MARSILAC",7,0,"TAIPAS, ES 3825 SAO PAULO SP",-23.4261258,-46.7260757
"8486","D051301616",32541,"PAULO GUILGUER REIMBERG, AV",NA,"",3500,"","07/05/2013 05:25",4,"AT",25,1205," "," ",0,0,0,0,0,0,0,1,0,0,0,0,0,0,0,0,0,32541,"PAULO GUILGUER REIMBERG, AV",NA,"",32,"IGUATEMI",1,0,"PAULO GUILGUER REIMBERG, AV 3500 SAO PAULO SP",-23.7822159,-46.6899833
"8487","D051301712",15507,"TEOTONIO VILELA, AV SEN",NA,"",4000,"","07/05/2013 05:39",4,"AT",85,2700," "," ",1,0,0,0,0,0,0,0,0,0,0,0,0,0,0,0,0,15507,"TEOTONIO VILELA, AV SEN",NA,"",23,"CIDADE DUTRA",1,0,"TEOTONIO VILELA, AV SEN 4000 SAO PAULO SP",-23.7350979,-46.6992355
"8488","D051302209",78277,"MANUEL FRANCA DOS SANTOS, RUA",NA,"",174,"","07/05/2013 07:14",4,"AT",69,4786," "," ",1,0,0,0,0,0,0,0,0,0,0,0,0,0,0,0,0,78277,"MANUEL FRANCA DOS SANTOS, RUA",NA,"",56,"PARELHEIROS",1,0,"MANUEL FRANCA DOS SANTOS, RUA 174 SAO PAULO SP",-23.6105222,-46.4931616
"8489","D051301173",44645,"DIREITOS HUMANOS, AV",14242,"MOREIRA DE BARROS, RUA CONS",0,"","07/05/2013 07:30",2,"QM",38,2249," "," ",0,1,0,0,0,0,0,0,0,0,0,0,0,0,0,0,0,14242,"MOREIRA DE BARROS, RUA CONS",44645,"DIREITOS HUMANOS, AV",51,"MANDAQUI",1,0,"DIREITOS HUMANOS, AV SAO PAULO SP &  MOREIRA DE BARROS, RUA CONS SAO PAULO SP",-23.4761224,-46.6402686
"8490","D051300473",7680,"GABRIEL DE LARA, RUA",2926,"BARTOLOMEU FEIO, RUA",0,"","07/05/2013 07:30",2,"CO",96,2087," "," ",0,0,0,0,1,0,0,0,0,0,0,1,0,0,0,0,0,2926,"BARTOLOMEU FEIO, RUA",7680,"GABRIEL DE LARA, RUA",34,"ITAIM BIBI",3,0,"GABRIEL DE LARA, RUA SAO PAULO SP &  BARTOLOMEU FEIO, RUA SAO PAULO SP",-23.6176138,-46.6913717
"8491","D051302179",2181,"ARICANDUVA, AV",NA,"",5555,"","07/05/2013 07:40",2,"SI",66,2008," "," ",2,0,0,0,0,0,0,0,0,0,0,0,0,0,0,0,0,2181,"ARICANDUVA, AV",NA,"",60,"PENHA",1,0,"ARICANDUVA, AV 5555 SAO PAULO SP",-23.5610792,-46.5113397
"8492","D051302083",13671,"MATEO BEI, AV",NA,"",3476,"","07/05/2013 07:45",4,"AT",49,6316," "," ",1,0,0,0,0,0,0,0,0,0,0,0,0,0,0,0,0,13671,"MATEO BEI, AV",NA,"",75,"SAO MATEUS",1,0,"MATEO BEI, AV 3476 SAO PAULO SP",-23.6108723,-46.4764132
"8493","D051301136",5947,"EDGAR FACO, AV GAL",NA,"",1389,"","07/05/2013 07:50",4,"AT",28,2416," "," ",0,1,0,0,0,0,0,0,0,0,0,0,0,0,0,0,0,5947,"EDGAR FACO, AV GAL",NA,"",64,"PIRITUBA",1,0,"EDGAR FACO, AV GAL 1389 SAO PAULO SP",-23.4945337,-46.7090585
"8494","D051300817",16878,"RAPOSO TAVARES, VIA",NA,"",14000,"","07/05/2013 07:50",2,"CO",51,2031," "," ",0,2,0,0,0,0,0,0,0,0,0,0,0,0,0,0,0,16878,"RAPOSO TAVARES, VIA",NA,"",13,"CACHOEIRINHA",1,0,"RAPOSO TAVARES, VIA 14000 SAO PAULO SP",-23.5271765,-48.4677683
"8496","D051300439",5618,"CURSINO, AV DO",6925,"FAWCETT, RUA CEL",0,"","07/05/2013 08:30",2,"CO",83,3983," "," ",1,1,0,0,0,0,0,0,0,0,0,0,0,0,0,0,0,5618,"CURSINO, AV DO",6925,"FAWCETT, RUA CEL",27,"CURSINO",1,0,"CURSINO, AV DO SAO PAULO SP &  FAWCETT, RUA CEL SAO PAULO SP",-23.6106139,-46.6176401
"8497","D051301721",10270,"JOAO DIAS, AV",NA,"",2463,"","07/05/2013 08:33",2,"CT",92,2847," "," ",0,0,2,0,0,0,0,0,0,0,0,0,0,0,0,0,0,10270,"JOAO DIAS, AV",NA,"",72,"SANTO AMARO",2,0,"JOAO DIAS, AV 2463 SAO PAULO SP",-23.6442375,-46.7318192
"8498","D051301067",541,"ALCANTARA, RUA",9626,"ITAUNAS, RUA",0,"","07/05/2013 08:45",2,"CO",19,1726," "," ",1,1,0,0,0,0,0,0,0,0,0,0,0,0,0,0,0,541,"ALCANTARA, RUA",9626,"ITAUNAS, RUA",91,"VILA MARIA",1,0,"ALCANTARA, RUA SAO PAULO SP &  ITAUNAS, RUA SAO PAULO SP",-23.5232036,-46.5919291
"8499","D051301562",18119,"CANCIONEIRO POPULAR, RUA",21087,"JOAO CARLOS KRUEL, RUA DR",0,"","07/05/2013 08:45",2,"CO",11,5138," "," ",1,1,0,0,0,0,0,0,0,0,0,0,0,0,0,0,0,18119,"CANCIONEIRO POPULAR, RUA",21087,"JOAO CARLOS KRUEL, RUA DR",NA,"",1,0,"CANCIONEIRO POPULAR, RUA SAO PAULO SP &  JOAO CARLOS KRUEL, RUA DR SAO PAULO SP",-23.6287174,-46.6937543
"8500","D051300176",543,"ALCANTARA MACHADO, AV",NA,"",100,"","07/05/2013 09:00",2,"CO",8,3539," "," ",1,1,0,0,0,0,0,0,0,0,0,0,0,0,0,0,0,543,"ALCANTARA MACHADO, AV",NA,"",10,"BRAS",1,0,"ALCANTARA MACHADO, AV 100 SAO PAULO SP",-23.5521188,-46.6240391
"8501","D051300818",16878,"RAPOSO TAVARES, VIA",NA,"",13500,"","07/05/2013 09:00",2,"CO",51,2035," "," ",1,3,0,0,0,0,0,0,0,0,0,0,0,0,0,0,0,16878,"RAPOSO TAVARES, VIA",NA,"",13,"CACHOEIRINHA",3,0,"RAPOSO TAVARES, VIA 13500 SAO PAULO SP",-23.526761,-48.4631175
"8502","D051301871",24166,"ERVA DE SARACURA, RUA",NA,"",10,"","07/05/2013 09:15",4,"AT",32,2730,"C"," ",1,0,0,0,0,0,0,0,0,0,0,0,0,0,0,0,0,24166,"ERVA DE SARACURA, RUA",NA,"",53,"MOEMA",1,0,"ERVA DE SARACURA, RUA 10 SAO PAULO SP",-23.5121322,-46.4280515
"8503","D051300532",5072,"CLELIA, RUA",NA,"",158,"","07/05/2013 09:16",2,"CH",7,2855," "," ",0,1,0,0,0,0,0,0,0,0,0,0,0,0,0,0,0,5072,"CLELIA, RUA",NA,"",48,"LAPA",1,0,"CLELIA, RUA 158 SAO PAULO SP",-23.5250418,-46.6840085
"8504","D051300110",19583,"VERGUEIRO, RUA",NA,"",735,"","07/05/2013 09:50",4,"AT",5,2444,"C"," ",1,0,0,0,0,0,0,0,0,0,0,0,0,0,0,0,0,19583,"VERGUEIRO, RUA",NA,"",33,"IPIRANGA",1,0,"VERGUEIRO, RUA 735 SAO PAULO SP",-23.5685735,-46.6397393
"8505","D051302248",61,"ABRAAO RIBEIRO, AV DR",NA,"",497,"","07/05/2013 10:16",4,"AT",14,4964," "," ",0,1,0,0,0,0,0,0,0,0,0,0,0,0,0,0,0,61,"ABRAAO RIBEIRO, AV DR",NA,"",NA,"",1,1,"ABRAAO RIBEIRO, AV DR 497 SAO PAULO SP",-23.9955053,-46.4228798
"8506","D051300074",9276,"IPIRANGA, AV",1267,"ANDRADAS, RUA DOS",0,"","07/05/2013 10:27",2,"CL",3,3680," "," ",1,1,0,0,0,0,0,0,0,0,0,0,0,0,0,0,0,1267,"ANDRADAS, RUA DOS",9276,"IPIRANGA, AV",67,"REPUBLICA",1,0,"IPIRANGA, AV SAO PAULO SP &  ANDRADAS, RUA DOS SAO PAULO SP",-23.5457285,-46.6440924
"8508","D051300143",3631,"BRAZ CUBAS, RUA",NA,"",233,"","07/05/2013 11:10",2,"CO",6,2151," "," ",1,1,0,0,0,0,0,0,0,0,0,0,0,0,0,0,0,3631,"BRAZ CUBAS, RUA",NA,"",49,"LIBERDADE",1,0,"BRAZ CUBAS, RUA 233 SAO PAULO SP",-23.5756145,-46.6311881
"8509","D051300279",66,"ABRAAO DE MORAIS, AV PROF",NA,"",100,"","07/05/2013 11:15",2,"CO",16,4024," "," ",2,0,0,0,0,0,0,0,0,0,0,0,0,0,0,0,0,66,"ABRAAO DE MORAIS, AV PROF",NA,"",79,"SAUDE",1,0,"ABRAAO DE MORAIS, AV PROF 100 SAO PAULO SP",-23.6052291,-46.626532
"8512","D051300819",855,"ALVARENGA, RUA",NA,"",2333,"","07/05/2013 11:35",2,"CO",51,2041," "," ",1,1,0,0,0,0,0,0,0,0,0,0,0,0,0,0,0,855,"ALVARENGA, RUA",NA,"",55,"MORUMBI",1,0,"ALVARENGA, RUA 2333 SAO PAULO SP",-23.5611485,-46.7120985
"8513","D051301720",20027,"YOSHIMARA MINAMOTO, RUA",NA,"",735,"","07/05/2013 11:45",4,"AT",92,2845," "," ",0,1,0,0,0,0,0,0,0,0,0,0,0,0,0,0,0,20027,"YOSHIMARA MINAMOTO, RUA",NA,"",29,"FREGUESIA DO O",1,0,"YOSHIMARA MINAMOTO, RUA 735 SAO PAULO SP",-23.6540528,-46.7476853
"8515","D051301922",71947,"CACHOEIRA CAIRUGUACU, RUA",NA,"",130,"","07/05/2013 12:10",2,"QM",59,1790," "," ",0,1,0,0,0,0,0,0,0,0,0,0,0,0,0,0,0,71947,"CACHOEIRA CAIRUGUACU, RUA",NA,"",54,"MOOCA",1,0,"CACHOEIRA CAIRUGUACU, RUA 130 SAO PAULO SP",-23.481906,-46.382763
"8516","D051301216",44645,"DIREITOS HUMANOS, AV",7294,"FORTUNATO MINOZZI, RUA",0,"","07/05/2013 12:45",2,"CO",38,5027," "," ",3,0,0,0,0,0,0,0,0,0,0,1,0,0,0,0,0,7294,"FORTUNATO MINOZZI, RUA",44645,"DIREITOS HUMANOS, AV",21,"CASA VERDE",1,0,"DIREITOS HUMANOS, AV SAO PAULO SP &  FORTUNATO MINOZZI, RUA SAO PAULO SP",-23.4761224,-46.6402686
"8517","D051302224",34273,"MORAIS COSTA, AV",NA,"",197,"","07/05/2013 12:48",2,"CO",70,2337," "," ",1,1,0,0,0,0,0,0,0,0,0,0,0,0,0,0,0,34273,"MORAIS COSTA, AV",NA,"",56,"PARELHEIROS",1,0,"MORAIS COSTA, AV 197 SAO PAULO SP",-23.604751,-46.5301141
"8518","D051302062",21711,"SATURNINO PEREIRA, RUA",NA,"",283,"","07/05/2013 12:50",4,"AT",44,2730,"C"," ",0,1,0,0,0,0,0,0,0,0,0,0,0,0,0,0,0,21711,"SATURNINO PEREIRA, RUA",NA,"",50,"LIMAO",3,0,"SATURNINO PEREIRA, RUA 283 SAO PAULO SP",-23.5464154,-46.4115451
"8520","D051300474",41023,"CHUCRI ZAIDAN, AV DR",NA,"",860,"","07/05/2013 13:00",4,"AT",96,2104," "," ",1,0,0,0,0,0,0,0,0,0,0,0,0,0,0,0,0,41023,"CHUCRI ZAIDAN, AV DR",NA,"",30,"GRAJAU",1,0,"CHUCRI ZAIDAN, AV DR 860 SAO PAULO SP",-23.6214892,-46.6989072
"8522","D051300475",999,"SANTO AMARO, AV",9805,"JACUCAIM, RUA",0,"","07/05/2013 13:30",4,"AT",96,2106," "," ",1,0,0,0,0,0,0,0,0,0,0,0,0,0,0,0,0,999,"SANTO AMARO, AV",9805,"JACUCAIM, RUA",34,"ITAIM BIBI",1,0,"SANTO AMARO, AV SAO PAULO SP &  JACUCAIM, RUA SAO PAULO SP",-23.614288,-46.6791208
"8523","D051300561",7106,"FIDALGA, RUA",19966,"WISARD, RUA",0,"","07/05/2013 14:09",4,"AT",14,4641," "," ",0,0,0,0,0,0,0,1,0,0,0,0,0,0,0,0,0,7106,"FIDALGA, RUA",19966,"WISARD, RUA",63,"PINHEIROS",1,0,"FIDALGA, RUA SAO PAULO SP &  WISARD, RUA SAO PAULO SP",-23.553867,-46.6916124
"8524","D051301873",5679,"DAMASIO PINTO, RUA",NA,"",567,"","07/05/2013 14:30",2,"QD",32,2809," "," ",0,0,1,0,0,0,0,0,0,0,0,0,0,0,0,0,0,5679,"DAMASIO PINTO, RUA",NA,"",36,"ITAQUERA",1,0,"DAMASIO PINTO, RUA 567 SAO PAULO SP",-23.527426,-46.4397969
"8525","D051301919",67231,"MATA ATLANTICA, RUA",NA,"",37,"","07/05/2013 14:40",4,"AT",59,1679," "," ",0,0,0,0,0,0,0,0,0,0,0,1,0,0,0,0,0,67231,"MATA ATLANTICA, RUA",NA,"",53,"MOEMA",2,0,"MATA ATLANTICA, RUA 37 SAO PAULO SP",-23.4983738,-46.4168771
"8526","D051301932",16634,"ABEL TAVARES, AV",NA,"",1900,"","07/05/2013 14:49",2,"CO",62,1836," "," ",1,1,0,0,0,0,0,0,0,0,0,0,0,0,0,0,0,16634,"ABEL TAVARES, AV",NA,"",28,"ERMELINO MATARA",1,0,"ABEL TAVARES, AV 1900 SAO PAULO SP",-23.4864842,-46.4736308
"8527","D051300778",9530,"ITAPECERICA DA SERRA, RUA",NA,"",700,"","07/05/2013 15:20",2,"CO",37,6098," "," ",0,1,0,0,0,0,0,0,0,0,0,1,0,0,0,0,0,9530,"ITAPECERICA DA SERRA, RUA",NA,"",29,"FREGUESIA DO O",1,0,"ITAPECERICA DA SERRA, RUA 700 SAO PAULO SP",-23.7073725,-46.7517996
"8528","D051302084",9044,"RAGUEB CHOHFI, AV",NA,"",3011,"","07/05/2013 15:30",4,"AT",49,6355," "," ",0,0,0,0,0,0,0,1,0,0,0,0,0,0,0,0,0,9044,"RAGUEB CHOHFI, AV",NA,"",32,"IGUATEMI",1,0,"RAGUEB CHOHFI, AV 3011 SAO PAULO SP",-23.5968051,-46.4566091
"8529","D051302117",35942,"JOHN SPEERS, RUA",NA,"",806,"","07/05/2013 15:30",2,"CO",53,3182," "," ",1,0,0,0,0,0,0,0,0,0,0,1,0,0,0,0,0,35942,"JOHN SPEERS, RUA",NA,"",51,"MANDAQUI",2,0,"JOHN SPEERS, RUA 806 SAO PAULO SP",-23.5702178,-46.459281