"","id_acidente","codloga","logradouroA","codlogb","logradouroB","alt_num","referencia","data","cod_acid","tipo_acidente","dp","numero_BO","sentido","pista","automovel","moto","onibus","caminhao","bicicleta","moto_taxi","onibus_fretado","onibus_urbano","microonibus","van","vuc","caminhonete","carreta","jipe","outros","sem_informacao","carroca","princ_a","paiA","princ_b","paiB","cod_distrito","distrito","vit_ferida","vit_morta","local","lat","lon"
"8530","D051300562",16919,"REBOUCAS, AV",NA,"",1394,"","07/05/2013 15:40",2,"CO",14,4547," "," ",1,1,0,0,0,0,0,0,0,0,0,0,0,0,0,0,0,16919,"REBOUCAS, AV",NA,"",44,"JARDIM PAULISTA",1,0,"REBOUCAS, AV 1394 SAO PAULO SP",-23.5620578,-46.6748247
"8531","D051300212",16870,"RANGEL PESTANA, AV",NA,"",2060,"","07/05/2013 15:50",4,"AT",12,2545," "," ",0,1,0,0,0,0,0,0,0,0,0,0,0,0,0,0,0,16870,"RANGEL PESTANA, AV",NA,"",1,"AGUA RASA",1,0,"RANGEL PESTANA, AV 2060 SAO PAULO SP",-23.5422805,-46.6154664
"8532","D051300478",21499,"JOSE LEITE E OITICICA, RUA PROF",NA,"",434,"","07/05/2013 16:00",4,"AT",96,2252," "," ",0,0,0,0,0,0,0,0,0,0,0,0,0,0,0,1,0,21499,"JOSE LEITE E OITICICA, RUA PROF",NA,"",30,"GRAJAU",1,0,"JOSE LEITE E OITICICA, RUA PROF 434 SAO PAULO SP",-23.6204981,-46.6974101
"8534","D051300735",34682,"CAMPO LIMPO, ES DO",NA,"",3200,"","07/05/2013 16:07",2,"CT",37,3605," "," ",1,1,0,0,0,0,0,0,0,0,0,0,0,0,0,0,0,34682,"CAMPO LIMPO, ES DO",NA,"",17,"CAMPO LIMPO",2,0,"CAMPO LIMPO, ES DO 3200 SAO PAULO SP",-23.2019463,-46.785846
"8535","D051302085",21737,"TITAN, RUA",NA,"",200,"","07/05/2013 16:10",4,"AT",49,6366," "," ",1,0,0,0,0,0,0,0,0,0,0,0,0,0,0,0,0,21737,"TITAN, RUA",NA,"",51,"MANDAQUI",1,0,"TITAN, RUA 200 SAO PAULO SP",-23.6119856,-46.4697547
"8536","D051300898",61245,"JOSE RAMON URTIZA, RUA",63099,"ANTONIO DA COSTA BARBOSA, RUA",0,"","07/05/2013 16:10",4,"AT",89,3973," "," ",1,0,0,0,0,0,0,0,0,0,0,0,0,0,0,0,0,61245,"JOSE RAMON URTIZA, RUA",63099,"ANTONIO DA COSTA BARBOSA, RUA",85,"VILA ANDRADE",1,0,"JOSE RAMON URTIZA, RUA SAO PAULO SP &  ANTONIO DA COSTA BARBOSA, RUA SAO PAULO SP",-23.6346063,-46.727497
"8537","D051300213",1276,"ANDRADE, RUA MONS",7786,"GASOMETRO, RUA DO",0,"","07/05/2013 16:10",2,"SI",12,2549," "," ",1,1,0,0,0,0,0,0,0,0,0,0,0,0,0,0,0,1276,"ANDRADE, RUA MONS",7786,"GASOMETRO, RUA DO",10,"BRAS",1,0,"ANDRADE, RUA MONS SAO PAULO SP &  GASOMETRO, RUA DO SAO PAULO SP",-23.5388288,-46.621724
"8538","D051301920",62102,"SOL DA MEIA NOITE, RUA",63658,"SALSA PARRILHA, RUA",0,"","07/05/2013 16:20",2,"CL",59,1681," "," ",0,1,0,1,0,0,0,0,0,0,0,0,0,0,0,0,0,62102,"SOL DA MEIA NOITE, RUA",63658,"SALSA PARRILHA, RUA",43,"JARDIM HELENA",1,0,"SOL DA MEIA NOITE, RUA SAO PAULO SP &  SALSA PARRILHA, RUA SAO PAULO SP",-23.493274,-46.4132014
"8539","D051300958",3376,"BILLINGS, AV ENG",NA,"",55000,"","07/05/2013 16:20",2,"CT",93,3200," "," ",1,1,0,0,0,0,0,0,0,0,0,0,0,0,0,0,0,13014,"MARGINAL DO RIO PINHEIROS, AV",NA,"",40,"JAGUARE",1,0,"BILLINGS, AV ENG 55000 SAO PAULO SP",-23.5355054,-46.7476126
"8540","D051302116",99246,"ARICANDUVA, ES",NA,"",9128,"","07/05/2013 16:20",2,"CH",53,3177," "," ",0,1,0,0,0,0,0,0,0,0,0,0,0,0,0,0,0,99246,"ARICANDUVA, ES",NA,"",46,"JOSE BONIFACIO",1,0,"ARICANDUVA, ES 9128 SAO PAULO SP",-23.5505199,-46.6333094
"8542","D051300563",16017,"PEDROSO DE MORAIS, AV",NA,"",900,"","07/05/2013 16:35",2,"CO",14,4550," "," ",1,1,0,0,0,0,0,0,0,0,0,0,0,0,0,0,0,16017,"PEDROSO DE MORAIS, AV",NA,"",45,"JARDIM SAO LUIS",1,0,"PEDROSO DE MORAIS, AV 900 SAO PAULO SP",-23.6104519,-46.6281735
"8543","D051300636",18519,"SUMARE, AV",3880,"CAIUBI, RUA",0,"","07/05/2013 17:28",2,"CO",23,2814," "," ",0,1,0,0,1,0,0,0,0,0,0,0,0,0,0,0,0,3880,"CAIUBI, RUA",18519,"SUMARE, AV",61,"PERDIZES",1,0,"SUMARE, AV SAO PAULO SP &  CAIUBI, RUA SAO PAULO SP",-22.8071539,-47.223149
"8544","D051300112",744,"MANOEL DUARTE, RUA",NA,"",100,"","07/05/2013 17:30",4,"AT",5,2462," "," ",1,0,0,0,0,0,0,0,0,0,0,0,0,0,0,0,0,744,"MANOEL DUARTE, RUA",NA,"",50,"LIMAO",1,0,"MANOEL DUARTE, RUA 100 SAO PAULO SP",-23.4862615,-46.6762726
"8545","D051300959",3376,"BILLINGS, AV ENG",NA,"",55000,"","07/05/2013 17:40",2,"CT",93,3201," "," ",1,2,0,0,0,0,0,0,0,0,0,0,0,0,0,0,0,13014,"MARGINAL DO RIO PINHEIROS, AV",NA,"",40,"JAGUARE",2,0,"BILLINGS, AV ENG 55000 SAO PAULO SP",-23.5355054,-46.7476126
"8546","D051301309",3199,"BENJAMIN PEREIRA, RUA",NA,"",638,"","07/05/2013 18:00",2,"SI",73,4816," "," ",2,0,0,0,0,0,0,0,0,0,0,0,0,0,0,0,0,3199,"BENJAMIN PEREIRA, RUA",NA,"",38,"JACANA",1,0,"BENJAMIN PEREIRA, RUA 638 SAO PAULO SP",-23.4678593,-46.5873134
"8547","D051300564",5885,"DIOGENES RIBEIRO DE LIMA, AV",NA,"",380,"","07/05/2013 18:10",2,"CO",14,4551,"C"," ",1,0,0,0,0,0,0,0,0,0,0,1,0,0,0,0,0,5885,"DIOGENES RIBEIRO DE LIMA, AV",NA,"",2,"ALTO DE PINHEIR",3,0,"DIOGENES RIBEIRO DE LIMA, AV 380 SAO PAULO SP",-23.5521088,-46.7056262
"8548","D051301443",17824,"SAPOPEMBA, AV",NA,"",1066,"","07/05/2013 18:20",2,"CO",29,900048," "," ",1,1,0,0,0,0,0,0,0,0,0,0,0,0,0,0,0,17824,"SAPOPEMBA, AV",NA,"",33,"IPIRANGA",1,0,"SAPOPEMBA, AV 1066 SAO PAULO SP",-23.5648187,-46.5708096
"8550","D051301220",21310,"ANTONIO MARIA LAET, AV DR",2607,"AUSONIA, RUA",0,"","07/05/2013 18:20",4,"AT",39,2096," "," ",0,0,1,0,0,0,0,0,0,0,0,0,0,0,0,0,0,2607,"AUSONIA, RUA",21310,"ANTONIO MARIA LAET, AV DR",84,"TUCURUVI",1,0,"ANTONIO MARIA LAET, AV DR SAO PAULO SP &  AUSONIA, RUA SAO PAULO SP",-23.478224,-46.6024661
"8551","D051302113",16173,"PESSEGO, ES DO",NA,"",799,"","07/05/2013 18:30",2,"CO",53,2087," "," ",0,2,0,0,0,0,0,0,0,0,0,0,0,0,0,0,0,16173,"PESSEGO, ES DO",NA,"",0,"NULL",1,0,"PESSEGO, ES DO 799 SAO PAULO SP",-23.5505199,-46.6333094
"8553","D051301507",8955,"IBITIRAMA, RUA",6642,"ESTADO, AV DO",0,"","07/05/2013 18:48",2,"CO",56,3015," "," ",2,0,0,0,0,0,0,0,0,0,0,0,0,0,0,0,0,6642,"ESTADO, AV DO",8955,"IBITIRAMA, RUA",63,"PINHEIROS",1,0,"IBITIRAMA, RUA SAO PAULO SP &  ESTADO, AV DO SAO PAULO SP",-23.5937819,-46.5790788
"8554","D051301740",22041,"TOMAS DE SOUSA, AV",NA,"",992,"","07/05/2013 19:00",2,"CO",92,5738," "," ",1,1,0,0,0,0,0,0,0,0,0,0,0,0,0,0,0,22041,"TOMAS DE SOUSA, AV",NA,"",29,"FREGUESIA DO O",1,0,"TOMAS DE SOUSA, AV 992 SAO PAULO SP",-23.6451636,-46.7357366
"8555","D051300008",17864,"SARZEDAS, RUA CD DE",NA,"",360,"","07/05/2013 19:20",2,"CT",1,3559," "," ",1,0,0,0,1,0,0,0,0,0,0,0,0,0,0,0,0,17864,"SARZEDAS, RUA CD DE",NA,"",2,"ALTO DE PINHEIR",1,0,"SARZEDAS, RUA CD DE 360 SAO PAULO SP",-23.5505199,-46.6333094
"8556","D051301289",11311,"JULIAO FERREIRA DA SILVA, RUA",NA,"",50,"","07/05/2013 19:20",4,"AT",72,4145," "," ",1,0,0,0,0,0,0,0,0,0,0,0,0,0,0,0,0,11311,"JULIAO FERREIRA DA SILVA, RUA",NA,"",13,"CACHOEIRINHA",1,0,"JULIAO FERREIRA DA SILVA, RUA 50 SAO PAULO SP",-23.4737468,-46.6677354
"8557","D051300565",2753,"BALTAZAR CARRASCO, RUA",NA,"",100,"","07/05/2013 19:40",2,"CO",14,4555," "," ",0,0,1,0,0,0,0,1,0,0,0,0,0,0,0,0,0,2753,"BALTAZAR CARRASCO, RUA",NA,"",63,"PINHEIROS",1,0,"BALTAZAR CARRASCO, RUA 100 SAO PAULO SP",-23.5646973,-46.6934286
"8558","D051302191",22268,"OSVALDO VALLE CORDEIRO, AV",NA,"",716,"","07/05/2013 19:51",2,"CT",66,3181," "," ",2,0,0,0,0,0,0,0,0,0,0,0,0,0,0,0,0,22268,"OSVALDO VALLE CORDEIRO, AV",NA,"",38,"JACANA",1,0,"OSVALDO VALLE CORDEIRO, AV 716 SAO PAULO SP",-23.5588152,-46.4895487
"8559","D051300269",13795,"MELO ALVES, RUA",NA,"",74,"","07/05/2013 20:15",4,"AT",78,4557," "," ",0,0,0,0,0,0,0,0,0,0,0,0,0,0,0,1,0,13795,"MELO ALVES, RUA",NA,"",44,"JARDIM PAULISTA",1,0,"MELO ALVES, RUA 74 SAO PAULO SP",-23.5587176,-46.6682487
"8560","D051301096",351,"AGUA FRIA, AV",NA,"",1714,"","07/05/2013 20:15",2,"CO",20,4208," "," ",1,1,0,0,0,0,0,0,0,0,0,0,0,0,0,0,0,351,"AGUA FRIA, AV",NA,"",71,"SANTANA",1,0,"AGUA FRIA, AV 1714 SAO PAULO SP",-23.4742341,-46.6187313
"8561","D051300957",12088,"LUCIANO GUALBERTO, RUA PROF",NA,"",315,"","07/05/2013 20:15",2,"CT",93,3196," "," ",2,0,0,0,0,0,0,0,0,0,0,0,0,0,0,0,0,12088,"LUCIANO GUALBERTO, RUA PROF",NA,"",30,"GRAJAU",1,0,"LUCIANO GUALBERTO, RUA PROF 315 SAO PAULO SP",-23.6091838,-46.7175668
"8562","D051301237",13767,"MAZZEI, AV",NA,"",1697,"","07/05/2013 20:19",2,"CO",39,4819," "," ",1,1,0,0,0,0,0,0,0,0,0,0,0,0,0,0,0,13767,"MAZZEI, AV",NA,"",84,"TUCURUVI",1,0,"MAZZEI, AV 1697 SAO PAULO SP",-23.4675708,-46.5973318
"8563","D051301030",2455,"ATALIBA LEONEL, AV GAL",NA,"",1270,"","07/05/2013 20:30",2,"CO",13,5045," "," ",0,1,0,0,0,0,0,0,0,0,0,1,0,0,0,0,0,2455,"ATALIBA LEONEL, AV GAL",NA,"",88,"VILA GUILHERME",1,0,"ATALIBA LEONEL, AV GAL 1270 SAO PAULO SP",-23.5026243,-46.6173484
"8564","D051301031",14242,"MOREIRA DE BARROS, RUA CONS",NA,"",1441,"","07/05/2013 20:36",4,"AT",13,5050," "," ",1,0,0,0,0,0,0,0,0,0,0,0,0,0,0,0,0,14242,"MOREIRA DE BARROS, RUA CONS",NA,"",0,"NULL",1,0,"MOREIRA DE BARROS, RUA CONS 1441 SAO PAULO SP",-23.489648,-46.6360991
"8565","D051302327",9384,"ISABEL SCHMIDT, RUA",222,"ADOLFO PINHEIRO, AV",0,"","07/05/2013 20:53",4,"AT",11,5169," "," ",0,0,1,0,0,0,0,0,0,0,0,0,0,0,0,0,0,222,"ADOLFO PINHEIRO, AV",9384,"ISABEL SCHMIDT, RUA",72,"SANTO AMARO",0,1,"ISABEL SCHMIDT, RUA SAO PAULO SP &  ADOLFO PINHEIRO, AV SAO PAULO SP",-23.6511631,-46.7037715
"8566","D051301796",18355,"SITIO GRANDE, RUA",17195,"RIVIERA, ES DA",0,"","07/05/2013 21:00",4,"AT",100,2798," "," ",1,0,0,0,0,0,0,0,0,0,0,0,0,0,0,0,0,17195,"RIVIERA, ES DA",18355,"SITIO GRANDE, RUA",45,"JARDIM SAO LUIS",1,0,"SITIO GRANDE, RUA SAO PAULO SP &  RIVIERA, ES DA SAO PAULO SP",-23.7010278,-46.7473846
"8567","D051301916",19412,"CARAIPE DAS AGUAS, RUA",NA,"",205,"","07/05/2013 21:33",2,"CO",59,1313," "," ",1,1,0,0,0,0,0,0,0,0,0,0,0,0,0,0,0,19412,"CARAIPE DAS AGUAS, RUA",NA,"",53,"MOEMA",1,0,"CARAIPE DAS AGUAS, RUA 205 SAO PAULO SP",-23.5047116,-46.41416
"8568","D051300533",8267,"GUAICURUS, RUA",17561,"SABAUNA, RUA",0,"","07/05/2013 23:05",2,"CO",7,2892," "," ",2,0,0,0,0,0,0,0,0,0,0,0,0,0,0,0,0,8267,"GUAICURUS, RUA",17561,"SABAUNA, RUA",48,"LAPA",1,0,"GUAICURUS, RUA SAO PAULO SP &  SABAUNA, RUA SAO PAULO SP",-23.522758,-46.6931553
"8569","D051300836",473,"ALBERTO BONFIGLIOLI, AV COMEN",NA,"",782,"","07/05/2013 23:13",2,"CO",51,4560," "," ",0,1,0,0,0,0,0,0,0,0,0,1,0,0,0,0,0,473,"ALBERTO BONFIGLIOLI, AV COMEN",NA,"",12,"BUTANTA",1,0,"ALBERTO BONFIGLIOLI, AV COMEN 782 SAO PAULO SP",-23.5186813,-46.6999583
"8570","D051301913",21218,"ALMIRO LEAL DA COSTA, AV DR",NA,"",860,"","08/05/2013 00:40",2,"QD",50,6769," "," ",0,0,0,0,0,0,0,1,0,0,0,0,0,0,0,0,0,21218,"ALMIRO LEAL DA COSTA, AV DR",NA,"",54,"MOOCA",1,0,"ALMIRO LEAL DA COSTA, AV DR 860 SAO PAULO SP",-23.4980385,-46.3767408
"8571","D051302203",17135,"RIO DAS PEDRAS, AV",NA,"",4230,"","08/05/2013 05:49",2,"SI",66,900011," "," ",2,0,0,0,0,0,0,0,0,0,0,0,0,0,0,0,0,17135,"RIO DAS PEDRAS, AV",NA,"",27,"CURSINO",3,0,"RIO DAS PEDRAS, AV 4230 SAO PAULO SP",-23.5839686,-46.4930543
"8572","D051300679",1232,"ANASTACIO, AV DO",NA,"",181,"","08/05/2013 06:00",2,"CO",33,4290," "," ",1,1,0,0,0,0,0,0,0,0,0,0,0,0,0,0,0,1232,"ANASTACIO, AV DO",NA,"",73,"SAO DOMINGOS",1,0,"ANASTACIO, AV DO 181 SAO PAULO SP",-23.5070168,-46.7338413
"8573","D051301650",29896,"PIRAJUSSARA-VALO VELHO, ES",NA,"",780,"","08/05/2013 06:40",2,"CO",47,5746," "," ",1,1,0,0,0,0,0,0,0,0,0,0,0,0,0,0,0,29896,"PIRAJUSSARA-VALO VELHO, ES",NA,"",29,"FREGUESIA DO O",1,0,"PIRAJUSSARA-VALO VELHO, ES 780 SAO PAULO SP",-23.5505199,-46.6333094
"8574","D051301383",2429,"ASSIS RIBEIRO, RUA DR",NA,"",322,"","08/05/2013 06:54",2,"CO",10,5195," "," ",0,1,1,0,0,0,0,0,0,0,0,0,0,0,0,0,0,2429,"ASSIS RIBEIRO, RUA DR",NA,"",28,"ERMELINO MATARA",2,0,"ASSIS RIBEIRO, RUA DR 322 SAO PAULO SP",-23.509348,-46.547712
"8575","D051301900",18940,"TIBURCIO DE SOUSA, RUA",NA,"",336,"","08/05/2013 07:10",2,"CO",50,5708," "," ",0,1,0,0,0,0,0,0,0,1,0,0,0,0,0,0,0,18940,"TIBURCIO DE SOUSA, RUA",NA,"",35,"ITAIM PAULISTA",1,0,"TIBURCIO DE SOUSA, RUA 336 SAO PAULO SP",-23.5003895,-46.3988659
"8576","D051301032",4533,"CASA VERDE, AV",NA,"",160,"","08/05/2013 07:30",2,"CL",13,5056," "," ",0,1,0,1,0,0,0,0,0,0,0,0,0,0,0,0,0,4533,"CASA VERDE, AV",NA,"",45,"JARDIM SAO LUIS",1,0,"CASA VERDE, AV 160 SAO PAULO SP",-23.4995313,-46.6442476
"8577","D051300850",16878,"RAPOSO TAVARES, VIA",NA,"",16800,"","08/05/2013 07:35",2,"CO",75,1587," "," ",1,1,0,0,0,0,0,0,0,0,0,0,0,0,0,0,0,16878,"RAPOSO TAVARES, VIA",NA,"",13,"CACHOEIRINHA",1,0,"RAPOSO TAVARES, VIA 16800 SAO PAULO SP",-23.5201163,-48.4956406
"8578","D051300345",4596,"CATARINA, AV STA",NA,"",155,"","08/05/2013 07:40",4,"AT",27,4820," "," ",0,1,0,0,0,0,0,0,0,0,0,0,0,0,0,0,0,4596,"CATARINA, AV STA",NA,"",37,"JABAQUARA",1,0,"CATARINA, AV STA 155 SAO PAULO SP",-23.6384741,-46.6704019
"8580","D051301353",1019,"AMARO FELICISSIMO DA SILVEIRA, AV TTE",39423,"JOSE FRANCISCO FERRAZ, PCA SARG",0,"","08/05/2013 08:00",2,"CO",90,1833," "," ",1,1,0,0,0,0,0,0,0,0,0,0,0,0,0,0,0,1019,"AMARO FELICISSIMO DA SILVEIRA, AV TTE",39423,"JOSE FRANCISCO FERRAZ, PCA SARG",91,"VILA MARIA",1,0,"AMARO FELICISSIMO DA SILVEIRA, AV TTE SAO PAULO SP &  JOSE FRANCISCO FERRAZ, PCA SARG SAO PAULO SP",-23.512851,-46.571388
"8581","D051301508",7497,"FRANCISCO MESQUITA, AV DR",NA,"",1700,"","08/05/2013 08:15",4,"AT",56,3033," "," ",1,0,0,0,0,0,0,0,0,0,0,0,0,0,0,0,0,7497,"FRANCISCO MESQUITA, AV DR",NA,"",95,"VILA PRUDENTE",1,0,"FRANCISCO MESQUITA, AV DR 1700 SAO PAULO SP",-23.5981215,-46.5807107
"8582","D051301311",3731,"BUSSE, RUA CAP",2916,"BAIA DE SANTA CLARA, RUA",0,"","08/05/2013 08:30",2,"CO",73,4830," "," ",2,0,0,0,0,0,0,0,0,0,0,0,0,0,0,0,0,2916,"BAIA DE SANTA CLARA, RUA",9512,"ITAMONTE, RUA",38,"JACANA",1,0,"BUSSE, RUA CAP SAO PAULO SP &  BAIA DE SANTA CLARA, RUA SAO PAULO SP",-23.4735675,-46.5636442
"8583","D051302118",6927,"HARRY DANHENBERG, RUA",NA,"",309,"","08/05/2013 08:40",2,"CH",53,3191,"C"," ",2,1,0,0,0,0,0,0,0,0,0,0,0,0,0,0,0,6927,"HARRY DANHENBERG, RUA",NA,"",24,"CIDADE LIDER",1,0,"HARRY DANHENBERG, RUA 309 SAO PAULO SP",-22.7873159,-49.293268
"8584","D051300346",16356,"OTAVIO TARQUINIO DE SOUSA, RUA",20036,"ZACARIAS DE GOIS, RUA",0,"","08/05/2013 08:44",2,"CO",27,4825," "," ",1,1,0,0,0,0,0,0,0,0,0,0,0,0,0,0,0,16356,"OTAVIO TARQUINIO DE SOUSA, RUA",20036,"ZACARIAS DE GOIS, RUA",15,"CAMPO BELO",1,0,"OTAVIO TARQUINIO DE SOUSA, RUA SAO PAULO SP &  ZACARIAS DE GOIS, RUA SAO PAULO SP",-23.617348,-46.6690803
"8585","D051300347",19179,"TRIUNFO, RUA BR DO",31498,"ROBERTO MARINHO - ANT AGUA ESP, AV JORN",0,"","08/05/2013 09:00",2,"QM",27,4826," "," ",0,1,0,0,0,0,0,0,0,0,0,0,0,0,0,0,0,19179,"TRIUNFO, RUA BR DO",31498,"ROBERTO MARINHO - ANT AGUA ESP, AV JORN",15,"CAMPO BELO",1,0,"TRIUNFO, RUA BR DO SAO PAULO SP &  ROBERTO MARINHO - ANT AGUA ESP, AV JORN SAO PAULO SP",-23.6220498,-46.6808683
"8586","D051301564",6238,"NACOES UNIDAS, AV DAS",NA,"",18000,"","08/05/2013 09:10",2,"CT",11,5203," "," ",1,1,0,0,0,0,0,0,0,0,0,0,0,0,0,0,0,13014,"MARGINAL DO RIO PINHEIROS, AV",NA,"",90,"VILA LEOPOLDINA",1,0,"NACOES UNIDAS, AV DAS 18000 SAO PAULO SP",-23.6791503,-46.6960735
"8587","D051301137",3771,"INAJAR DE SOUZA, AV",7477,"FRANCISCO LOTUFO, RUA",0,"","08/05/2013 09:20",2,"CO",28,2453," "," ",0,1,0,0,0,0,0,0,0,0,0,1,0,0,0,0,0,3771,"INAJAR DE SOUZA, AV",8135,"SILVERIO DE CARVALHO, RUA",50,"LIMAO",1,0,"INAJAR DE SOUZA, AV SAO PAULO SP &  FRANCISCO LOTUFO, RUA SAO PAULO SP",-23.461436,-46.6729346
"8588","D051300257",14804,"NOVE DE JULHO, AV",3581,"BRASIL, AV",0,"","08/05/2013 09:21",4,"AT",78,3828,"C"," ",0,1,0,0,0,0,0,0,0,0,0,0,0,0,0,0,0,3581,"BRASIL, AV",14804,"NOVE DE JULHO, AV",44,"JARDIM PAULISTA",2,0,"NOVE DE JULHO, AV SAO PAULO SP &  BRASIL, AV SAO PAULO SP",-23.5517584,-46.6473069
"8589","D051300348",19931,"WASHINGTON LUIS, AV",NA,"",7059,"","08/05/2013 09:30",2,"QM",27,4835," "," ",0,1,0,0,0,0,0,0,0,0,0,0,0,0,0,0,0,19931,"WASHINGTON LUIS, AV",NA,"",30,"GRAJAU",1,0,"WASHINGTON LUIS, AV 7059 SAO PAULO SP",-23.6217592,-46.6620001
"8590","D051300693",12502,"MAGALHAES DE CASTRO, AV",NA,"",12000,"","08/05/2013 10:15",2,"CT",34,2770," "," ",1,1,0,0,0,0,0,0,0,0,0,0,0,0,0,0,0,13014,"MARGINAL DO RIO PINHEIROS, AV",NA,"",12,"BUTANTA",1,0,"MAGALHAES DE CASTRO, AV 12000 SAO PAULO SP",-23.612792,-46.7009294
"8591","D051301414",7645,"FRONTIN, AV CD DE",NA,"",2900,"","08/05/2013 10:20",2,"CO",21,1559," "," ",1,1,0,0,0,0,0,0,0,0,0,0,0,0,0,0,0,7645,"FRONTIN, AV CD DE",NA,"",93,"VILA MATILDE",2,0,"FRONTIN, AV CD DE 2900 SAO PAULO SP",-23.5505199,-46.6333094
"8593","D051301175",16170,"PERI RONCHETTI, AV",NA,"",892,"","08/05/2013 11:15",4,"AT",38,2277," "," ",0,1,0,0,0,0,0,0,0,0,0,0,0,0,0,0,0,16170,"PERI RONCHETTI, AV",NA,"",8,"BELEM",1,0,"PERI RONCHETTI, AV 892 SAO PAULO SP",-23.464263,-46.6544167
"8594","D051301565",6238,"NACOES UNIDAS, AV DAS",NA,"",16,"","08/05/2013 11:20",2,"SI",11,5207," "," ",1,1,0,0,0,0,0,0,0,0,0,0,0,0,0,0,0,13014,"MARGINAL DO RIO PINHEIROS, AV",NA,"",90,"VILA LEOPOLDINA",1,0,"NACOES UNIDAS, AV DAS 16 SAO PAULO SP",-23.6758156,-46.6986994
"8595","D051300595",6775,"EUGENIO LEITE, RUA CON",7691,"GABRIEL MONTEIRO DA SILVA, AL",0,"","08/05/2013 11:30",2,"CO",15,2297," "," ",2,0,0,0,0,0,0,0,0,0,0,1,0,0,0,0,0,6775,"EUGENIO LEITE, RUA CON",7691,"GABRIEL MONTEIRO DA SILVA, AL",63,"PINHEIROS",1,0,"EUGENIO LEITE, RUA CON SAO PAULO SP &  GABRIEL MONTEIRO DA SILVA, AL SAO PAULO SP",-23.5668045,-46.6774531
"8596","D051300736",99949,"CARLOS CALDEIRA FILHO, AV",29212,"BOM CONSELHO, RUA NSRA DO",0,"","08/05/2013 11:30",4,"AT",37,3624," "," ",1,0,0,0,0,0,0,0,0,0,0,0,0,0,0,0,0,29212,"BOM CONSELHO, RUA NSRA DO",99949,"CARLOS CALDEIRA FILHO, AV",45,"JARDIM SAO LUIS",1,0,"CARLOS CALDEIRA FILHO, AV SAO PAULO SP &  BOM CONSELHO, RUA NSRA DO SAO PAULO SP",-23.6481998,-46.7582692
"8597","D051302180",17135,"RIO DAS PEDRAS, AV",NA,"",3711,"","08/05/2013 12:00",2,"CO",66,2032," "," ",1,1,0,0,0,0,0,0,0,0,0,0,0,0,0,0,0,17135,"RIO DAS PEDRAS, AV",NA,"",27,"CURSINO",1,0,"RIO DAS PEDRAS, AV 3711 SAO PAULO SP",-23.5821836,-46.4972977
"8598","D051300166",543,"ALCANTARA MACHADO, AV",NA,"",4002,"","08/05/2013 12:00",2,"CT",8,2505," "," ",2,0,0,0,0,0,0,0,0,0,0,0,0,0,0,0,0,543,"ALCANTARA MACHADO, AV",NA,"",10,"BRAS",2,0,"ALCANTARA MACHADO, AV 4002 SAO PAULO SP",-23.5507858,-46.607901
"8599","D051301566",17801,"SANTOS DUMONT, RUA",17909,"SEBASTIAO, RUA S",0,"","08/05/2013 12:00",2,"CO",11,5210," "," ",0,0,0,0,0,0,0,0,0,0,0,2,0,0,0,0,0,17801,"SANTOS DUMONT, RUA",17909,"SEBASTIAO, RUA S",NA,"",1,0,"SANTOS DUMONT, RUA SAO PAULO SP &  SEBASTIAO, RUA S SAO PAULO SP",-23.6318511,-46.6873725
"8600","D051300534",8615,"HEITOR PENTEADO, RUA",NA,"",1528,"","08/05/2013 12:20",4,"AT",7,2898," "," ",0,1,0,0,0,0,0,0,0,0,0,0,0,0,0,0,0,8615,"HEITOR PENTEADO, RUA",NA,"",61,"PERDIZES",1,0,"HEITOR PENTEADO, RUA 1528 SAO PAULO SP",-23.5450385,-46.6926172
"8601","D051300385",6248,"EDUARDO DE SA, RUA",NA,"",68,"","08/05/2013 12:30",4,"AT",35,3873," "," ",1,0,0,0,0,0,0,0,0,0,0,0,0,0,0,0,0,6248,"EDUARDO DE SA, RUA",NA,"",22,"CIDADE ADEMAR",1,0,"EDUARDO DE SA, RUA 68 SAO PAULO SP",-23.6632005,-46.6550007
"8602","D051301290",26639,"GERALDO MARINO, RUA",NA,"",200,"","08/05/2013 12:30",2,"CO",72,4166," "," ",1,1,0,0,0,0,0,0,0,0,0,0,0,0,0,0,0,26639,"GERALDO MARINO, RUA",NA,"",40,"JAGUARE",1,0,"GERALDO MARINO, RUA 200 SAO PAULO SP",-23.4532435,-46.6923906
"8604","D051301631",1731,"ANTONIO GIL, RUA",67206,"JOAO GOMES BATISTA, RUA",0,"","08/05/2013 13:10",2,"CO",43,1736," "," ",1,0,0,1,0,0,0,0,0,0,0,0,0,0,0,0,0,1731,"ANTONIO GIL, RUA",67206,"JOAO GOMES BATISTA, RUA",22,"CIDADE ADEMAR",1,0,"ANTONIO GIL, RUA SAO PAULO SP &  JOAO GOMES BATISTA, RUA SAO PAULO SP",-23.6652176,-46.6711889
"8605","D051301567",7536,"FRANCISCO PITTA BRITO, RUA ENG",NA,"",138,"","08/05/2013 13:25",2,"CO",11,5222," "," ",1,1,0,0,0,0,0,0,0,0,0,0,0,0,0,0,0,7536,"FRANCISCO PITTA BRITO, RUA ENG",NA,"",72,"SANTO AMARO",2,0,"FRANCISCO PITTA BRITO, RUA ENG 138 SAO PAULO SP",-23.6535209,-46.7169618