"","id_acidente","codloga","logradouroA","codlogb","logradouroB","alt_num","referencia","data","cod_acid","tipo_acidente","dp","numero_BO","sentido","pista","automovel","moto","onibus","caminhao","bicicleta","moto_taxi","onibus_fretado","onibus_urbano","microonibus","van","vuc","caminhonete","carreta","jipe","outros","sem_informacao","carroca","princ_a","paiA","princ_b","paiB","cod_distrito","distrito","vit_ferida","vit_morta","local","lat","lon"
"8606","D051301097",13133,"MARIA AMALIA LOPES AZEVEDO, RUA",NA,"",2959,"","08/05/2013 13:42",2,"CO",20,4233," "," ",1,1,0,0,0,0,0,0,0,0,0,0,0,0,0,0,0,13133,"MARIA AMALIA LOPES AZEVEDO, RUA",NA,"",83,"TREMEMBE",1,0,"MARIA AMALIA LOPES AZEVEDO, RUA 2959 SAO PAULO SP",-23.4568278,-46.5979291
"8608","D051302015",14095,"ANTONIO MANZI, RUA CON",NA,"",43,"","08/05/2013 14:00",2,"CO",67,1282," "," ",1,1,0,0,0,0,0,0,0,0,0,0,0,0,0,0,0,14095,"ANTONIO MANZI, RUA CON",NA,"",50,"LIMAO",1,0,"ANTONIO MANZI, RUA CON 43 SAO PAULO SP",-23.5236307,-46.417963
"8609","D051300384",3585,"JOAO BARRETO DE MENEZES, AV",4648,"CAVAS, RUA DAS",0,"","08/05/2013 14:05",2,"CO",35,3867," "," ",2,0,0,0,0,0,0,0,0,0,0,0,0,0,0,0,0,3585,"JOAO BARRETO DE MENEZES, AV",4648,"CAVAS, RUA DAS",37,"JABAQUARA",1,0,"JOAO BARRETO DE MENEZES, AV SAO PAULO SP &  CAVAS, RUA DAS SAO PAULO SP",-23.6490127,-46.6603059
"8610","D051302211",73046,"MANUEL QUIRINO DE MATTOS, RUA",NA,"",1255,"","08/05/2013 14:06",2,"CO",69,4850," "," ",1,0,0,0,1,0,0,0,0,0,0,0,0,0,0,0,0,73046,"MANUEL QUIRINO DE MATTOS, RUA",NA,"",78,"SAPOPEMBA",1,0,"MANUEL QUIRINO DE MATTOS, RUA 1255 SAO PAULO SP",-23.6085693,-46.4926938
"8611","D051300627",8044,"GODOI, RUA MIN",NA,"",1040,"","08/05/2013 14:11",2,"CO",23,2576," "," ",1,1,0,0,0,0,0,0,0,0,0,0,0,0,0,0,0,8044,"GODOI, RUA MIN",NA,"",61,"PERDIZES",1,0,"GODOI, RUA MIN 1040 SAO PAULO SP",-23.5379996,-46.6721446
"8612","D051301098",8633,"HELENA DO SACRAMENTO, RUA",NA,"",424,"","08/05/2013 14:25",2,"CO",20,4244," "," ",0,1,0,0,0,0,0,0,0,0,0,0,0,0,0,1,0,8633,"HELENA DO SACRAMENTO, RUA",NA,"",51,"MANDAQUI",1,0,"HELENA DO SACRAMENTO, RUA 424 SAO PAULO SP",-23.4839745,-46.6374792
"8613","D051302075",73509,"GONCALVES DA COSTA, AV",NA,"",200,"","08/05/2013 15:00",2,"CP",49,1841," "," ",1,0,0,0,0,0,0,0,0,0,0,0,0,0,0,0,0,73509,"GONCALVES DA COSTA, AV",NA,"",55,"MORUMBI",1,0,"GONCALVES DA COSTA, AV 200 SAO PAULO SP",-23.6109878,-46.4525281
"8614","D051301033",3637,"BRAZ LEME, AV",NA,"",2002,"","08/05/2013 15:30",2,"CL",13,5090," "," ",1,1,0,0,0,0,0,0,0,0,0,0,0,0,0,0,0,3637,"BRAZ LEME, AV",NA,"",21,"CASA VERDE",1,0,"BRAZ LEME, AV 2002 SAO PAULO SP",-23.5047884,-46.6410196
"8615","D051301819",17112,"RIO BONITO, RUA",NA,"",1827,"","08/05/2013 16:10",2,"QM",102,1283," "," ",0,1,0,0,0,0,0,0,0,0,0,0,0,0,0,0,0,17112,"RIO BONITO, RUA",NA,"",25,"CIDADE TIRADENT",1,0,"RIO BONITO, RUA 1827 SAO PAULO SP",-23.5319811,-46.6185066
"8616","D051301568",1085,"AMERICO BRASILIENSE, RUA",10897,"JOSE DE CARVALHO, RUA",0,"","08/05/2013 16:27",2,"SI",11,5231," "," ",1,1,0,0,0,0,0,0,0,0,0,0,0,0,0,0,0,1085,"AMERICO BRASILIENSE, RUA",10897,"JOSE DE CARVALHO, RUA",72,"SANTO AMARO",1,0,"AMERICO BRASILIENSE, RUA SAO PAULO SP &  JOSE DE CARVALHO, RUA SAO PAULO SP",-23.6335602,-46.6985294
"8618","D051301704",76320,"CONSTELACAO DO CARANGUEJO, RUA",NA,"",721,"","08/05/2013 17:00",2,"QD",85,2399," "," ",0,0,0,0,0,0,0,1,0,0,0,0,0,0,0,0,0,76320,"CONSTELACAO DO CARANGUEJO, RUA",NA,"",32,"IGUATEMI",1,0,"CONSTELACAO DO CARANGUEJO, RUA 721 SAO PAULO SP",-23.7674735,-46.7054684
"8620","D051301440",17824,"SAPOPEMBA, AV",NA,"",8000,"","08/05/2013 17:40",2,"CO",29,2535," "," ",1,1,0,0,0,0,0,0,0,0,0,0,0,0,0,0,0,17824,"SAPOPEMBA, AV",NA,"",33,"IPIRANGA",1,0,"SAPOPEMBA, AV 8000 SAO PAULO SP",-23.5974585,-46.5229225
"8621","D051301190",14242,"MOREIRA DE BARROS, RUA CONS",NA,"",2272,"","08/05/2013 17:45",4,"AT",38,2591," "," ",0,1,0,0,0,0,0,0,0,0,0,0,0,0,0,0,0,14242,"MOREIRA DE BARROS, RUA CONS",NA,"",0,"NULL",1,0,"MOREIRA DE BARROS, RUA CONS 2272 SAO PAULO SP",-23.4847477,-46.6415664
"8622","D051301312",13133,"MARIA AMALIA LOPES AZEVEDO, RUA",NA,"",3641,"","08/05/2013 18:00",2,"CO",73,4867," "," ",0,1,0,0,0,0,0,0,0,0,0,0,0,0,0,0,0,13133,"MARIA AMALIA LOPES AZEVEDO, RUA",NA,"",83,"TREMEMBE",2,0,"MARIA AMALIA LOPES AZEVEDO, RUA 3641 SAO PAULO SP",-23.4563199,-46.5917338
"8623","D051301365",98904,"PAULO FREIRE, AV EDUC",73640,"BARACELA, RUA DA",0,"","08/05/2013 18:00",2,"CH",90,4863," "," ",0,0,0,0,0,0,0,0,0,0,0,1,0,0,0,0,0,73640,"BARACELA, RUA DA",98904,"PAULO FREIRE, AV EDUC",22,"CIDADE ADEMAR",1,0,"PAULO FREIRE, AV EDUC SAO PAULO SP &  BARACELA, RUA DA SAO PAULO SP",-23.5531765,-46.57198
"8624","D051301715",66698,"VIRIATO LEAO DE MOURA, RUA",NA,"",47,"","08/05/2013 18:10",4,"AT",85,4274," "," ",1,0,0,0,0,0,0,0,0,0,0,0,0,0,0,0,0,66698,"VIRIATO LEAO DE MOURA, RUA",NA,"",32,"IGUATEMI",1,0,"VIRIATO LEAO DE MOURA, RUA 47 SAO PAULO SP",-23.7427012,-46.7083324
"8625","D051301384",4128,"CANGAIBA, AV",NA,"",1400,"","08/05/2013 18:16",2,"CO",10,5218," "," ",3,0,0,0,0,0,0,0,0,0,0,0,0,0,0,0,0,4128,"CANGAIBA, AV",NA,"",18,"CANGAIBA",1,0,"CANGAIBA, AV 1400 SAO PAULO SP",-23.5107299,-46.5403472
"8626","D051301549",4632,"CATUMBI, RUA",NA,"",542,"","08/05/2013 18:20",4,"AT",81,900048," "," ",1,0,0,0,0,0,0,0,0,0,0,0,0,0,0,0,0,4632,"CATUMBI, RUA",NA,"",8,"BELEM",1,0,"CATUMBI, RUA 542 SAO PAULO SP",-23.5335546,-46.6008328
"8627","D051300900",8000,"GIOVANNI GRONCHI, AV",NA,"",6765,"","08/05/2013 18:45",2,"CO",89,4017," "," ",0,1,0,0,0,0,0,0,0,0,0,1,0,0,0,0,0,8000,"GIOVANNI GRONCHI, AV",NA,"",55,"MORUMBI",2,0,"GIOVANNI GRONCHI, AV 6765 SAO PAULO SP",-23.6376025,-46.7368296
"8628","D051300798",1429,"ANHANGUERA, VIA",NA,"",18000,"","08/05/2013 18:48",2,"CO",46,4318," "," ",1,1,0,0,0,0,0,0,0,0,0,0,0,0,0,0,0,1429,"ANHANGUERA, VIA",NA,"",73,"SAO DOMINGOS",1,0,"ANHANGUERA, VIA 18000 SAO PAULO SP",-23.4900941,-46.7665396
"8629","D051300129",19764,"VINTE E TRES DE MAIO, AV",NA,"",500,"","08/05/2013 18:50",2,"CL",5,3852," "," ",1,1,0,0,0,0,0,0,0,0,0,0,0,0,0,0,0,19764,"VINTE E TRES DE MAIO, AV",NA,"",17,"CAMPO LIMPO",1,0,"VINTE E TRES DE MAIO, AV 500 SAO PAULO SP",-23.5830739,-46.6522535
"8632","D051301280",15791,"ORLANDO GARCIA DA SILVEIRA, AV PDE",NA,"",12,"","08/05/2013 20:00",4,"AT",45,4178," "," ",1,0,0,0,0,0,0,0,0,0,0,0,0,0,0,0,0,15791,"ORLANDO GARCIA DA SILVEIRA, AV PDE",NA,"",40,"JAGUARE",1,0,"ORLANDO GARCIA DA SILVEIRA, AV PDE 12 SAO PAULO SP",-23.5505199,-46.6333094
"8633","D051301385",4128,"CANGAIBA, AV",NA,"",3590,"","08/05/2013 20:00",2,"CO",10,5223," "," ",1,1,0,0,0,0,0,0,0,0,0,0,0,0,0,0,0,4128,"CANGAIBA, AV",NA,"",18,"CANGAIBA",1,0,"CANGAIBA, AV 3590 SAO PAULO SP",-23.5057236,-46.5220143
"8634","D051301047",9078,"IMIRIM, AV",NA,"",1823,"","08/05/2013 20:00",2,"CO",13,5678," "," ",0,1,0,0,0,0,0,0,0,0,0,0,0,0,0,0,0,9078,"IMIRIM, AV",NA,"",71,"SANTANA",1,0,"IMIRIM, AV 1823 SAO PAULO SP",-23.490513,-46.6505058
"8635","D051300516",17338,"ROLANDO CURTI, RUA",NA,"",200,"","08/05/2013 20:20",2,"QM",97,1475," "," ",0,1,0,0,0,0,0,0,0,0,0,0,0,0,0,0,0,17338,"ROLANDO CURTI, RUA",NA,"",42,"JARDIM ANGELA",1,0,"ROLANDO CURTI, RUA 200 SAO PAULO SP",-23.6718579,-46.6394906
"8636","D051301154",9420,"ITABERABA, AV",NA,"",680,"","08/05/2013 20:26",2,"CO",28,5098," "," ",1,1,0,0,0,0,0,0,0,0,0,0,0,0,0,0,0,9420,"ITABERABA, AV",NA,"",29,"FREGUESIA DO O",1,0,"ITABERABA, AV 680 SAO PAULO SP",-23.4950778,-46.6975252
"8637","D051300258",3581,"BRASIL, AV",NA,"",1500,"","08/05/2013 20:28",2,"QM",78,3851," "," ",0,1,0,0,0,0,0,0,0,0,0,0,0,0,0,0,0,3581,"BRASIL, AV",NA,"",63,"PINHEIROS",1,0,"BRASIL, AV 1500 SAO PAULO SP",-23.5621218,-46.6553275
"8638","D051300901",8483,"GUILHERME DUMONT VILARES, AV DR",NA,"",249,"","08/05/2013 21:30",2,"CO",89,4045," "," ",1,1,0,0,0,0,0,0,0,0,0,0,0,0,0,0,0,8483,"GUILHERME DUMONT VILARES, AV DR",NA,"",85,"VILA ANDRADE",1,0,"GUILHERME DUMONT VILARES, AV DR 249 SAO PAULO SP",-23.6060491,-46.7462381
"8639","D051300065",5245,"CONSOLACAO, RUA DA",12132,"LUIS, AV S",0,"","08/05/2013 21:52",4,"AT",3,2719," "," ",0,0,1,0,0,0,0,0,0,0,0,0,0,0,0,0,0,5245,"CONSOLACAO, RUA DA",19996,"XAVIER DE TOLEDO, RUA CEL",67,"REPUBLICA",1,0,"CONSOLACAO, RUA DA SAO PAULO SP &  LUIS, AV S SAO PAULO SP",-23.5471579,-46.6469857
"8640","D051300605",16537,"PORTUGAL, RUA",6609,"ESPANHA, RUA",0,"","08/05/2013 22:00",2,"CO",15,4597," "," ",2,0,0,0,0,0,0,0,0,0,0,0,0,0,0,0,0,6609,"ESPANHA, RUA",16537,"PORTUGAL, RUA",63,"PINHEIROS",1,0,"PORTUGAL, RUA SAO PAULO SP &  ESPANHA, RUA SAO PAULO SP",-23.5752402,-46.6750989
"8641","D051302040",9590,"ITAQUERA-GUAIANAZES, ES",NA,"",1932,"","08/05/2013 22:05",4,"AT",103,3659,"B"," ",1,0,0,0,0,0,0,0,0,0,0,0,0,0,0,0,0,9590,"ITAQUERA-GUAIANAZES, ES",NA,"",36,"ITAQUERA",1,0,"ITAQUERA-GUAIANAZES, ES 1932 SAO PAULO SP",-23.5505199,-46.6333094
"8642","D051300130",35600,"PEDROSO, VD",4244,"CARDIM, RUA MAEST",0,"","08/05/2013 22:30",2,"CO",5,3854," "," ",0,2,0,0,0,0,0,0,0,0,0,0,0,0,0,0,0,4244,"CARDIM, RUA MAEST",16010,"PEDROSO, RUA",49,"LIBERDADE",1,0,"PEDROSO, VD SAO PAULO SP &  CARDIM, RUA MAEST SAO PAULO SP",-23.5626545,-46.6406574
"8643","D051300349",17181,"VICENTE LEPORACE, RUA",31498,"ROBERTO MARINHO - ANT AGUA ESP, AV JORN",0,"","08/05/2013 23:00",2,"CO",27,4854," "," ",3,0,0,0,0,0,0,0,0,0,0,0,0,0,0,0,0,17181,"VICENTE LEPORACE, RUA",31498,"ROBERTO MARINHO - ANT AGUA ESP, AV JORN",15,"CAMPO BELO",1,0,"VICENTE LEPORACE, RUA SAO PAULO SP &  ROBERTO MARINHO - ANT AGUA ESP, AV JORN SAO PAULO SP",-23.6272452,-46.6723647
"8644","D051302323",22268,"OSVALDO VALLE CORDEIRO, AV",NA,"",60,"","08/05/2013 23:15",4,"AT",24,5872," "," ",0,0,0,0,0,0,0,0,0,0,0,0,0,0,0,1,0,22268,"OSVALDO VALLE CORDEIRO, AV",NA,"",NA,"",0,1,"OSVALDO VALLE CORDEIRO, AV 60 SAO PAULO SP",-23.5590948,-46.4886862
"8645","D051301857",17488,"RUBENS FRAGA DE TOLEDO ARRUDA, AV",NA,"",144,"","09/05/2013 00:15",4,"AT",24,4973," "," ",0,1,0,0,0,0,0,0,0,0,0,0,0,0,0,0,0,17488,"RUBENS FRAGA DE TOLEDO ARRUDA, AV",NA,"",0,"NULL",1,0,"RUBENS FRAGA DE TOLEDO ARRUDA, AV 144 SAO PAULO SP",-23.503307,-46.5150558
"8646","D051300883",15626,"PAULA FERREIRA, AV",NA,"",1286,"","09/05/2013 00:35",4,"AT",87,4332," "," ",1,0,0,0,0,0,0,0,0,0,0,0,0,0,0,0,0,15626,"PAULA FERREIRA, AV",NA,"",64,"PIRITUBA",1,0,"PAULA FERREIRA, AV 1286 SAO PAULO SP",-23.49961,-46.7104949
"8647","D051300231",4736,"CELSO GARCIA, AV",17504,"RUBINO DE OLIVEIRA, RUA",0,"","09/05/2013 02:25",2,"CO",12,3600," "," ",1,1,0,0,0,0,0,0,0,0,0,0,0,0,0,0,0,4736,"CELSO GARCIA, AV",17504,"RUBINO DE OLIVEIRA, RUA",10,"BRAS",1,0,"CELSO GARCIA, AV SAO PAULO SP &  RUBINO DE OLIVEIRA, RUA SAO PAULO SP",-23.5359522,-46.5717652
"8648","D051300851",16878,"RAPOSO TAVARES, VIA",NA,"",19800,"","09/05/2013 05:23",2,"CO",75,1597," "," ",1,0,1,0,0,0,0,0,0,0,0,0,0,0,0,0,0,16878,"RAPOSO TAVARES, VIA",NA,"",13,"CACHOEIRINHA",3,0,"RAPOSO TAVARES, VIA 19800 SAO PAULO SP",-23.5047888,-48.5202442
"8649","D051300694",7500,"FRANCISCO MORATO, AV PROF",NA,"",1948,"","09/05/2013 06:40",2,"SI",34,2786," "," ",0,1,0,0,0,0,0,0,0,0,0,0,0,0,0,2,0,7500,"FRANCISCO MORATO, AV PROF",NA,"",12,"BUTANTA",1,0,"FRANCISCO MORATO, AV PROF 1948 SAO PAULO SP",-23.584401,-46.7176002
"8650","D051300628",2271,"ARNALDO, AV DR",14433,"NATANAEL, RUA MAJ",0,"","09/05/2013 06:40",4,"AT",23,2584," "," ",1,0,0,0,0,0,0,0,0,0,0,0,0,0,0,0,0,2271,"ARNALDO, AV DR",14433,"NATANAEL, RUA MAJ",26,"CONSOLACAO",1,0,"ARNALDO, AV DR SAO PAULO SP &  NATANAEL, RUA MAJ SAO PAULO SP",-23.5514196,-46.6767025
"8651","D051300350",19100,"BANDEIRANTES, AV DOS",NA,"",2800,"","09/05/2013 06:50",2,"CO",27,4860," "," ",1,1,0,0,0,0,0,0,0,0,0,0,0,0,0,0,0,19100,"BANDEIRANTES, AV DOS",NA,"",24,"CIDADE LIDER",1,0,"BANDEIRANTES, AV DOS 2800 SAO PAULO SP",-23.6125278,-46.6724143
"8652","D051301570",222,"ADOLFO PINHEIRO, AV",19152,"TREZE DE MAIO, LGO",0,"","09/05/2013 06:50",2,"QM",11,5242," "," ",0,1,0,0,0,0,0,0,0,0,0,0,0,0,0,0,0,222,"ADOLFO PINHEIRO, AV",19152,"TREZE DE MAIO, LGO",72,"SANTO AMARO",1,0,"ADOLFO PINHEIRO, AV SAO PAULO SP &  TREZE DE MAIO, LGO SAO PAULO SP",-23.6416691,-46.6982672
"8653","D051301099",19884,"VOLUNTARIOS DA PATRIA, RUA",NA,"",3292,"","09/05/2013 07:20",2,"CO",20,4260," "," ",1,1,0,0,0,0,0,0,0,0,0,0,0,0,0,0,0,19884,"VOLUNTARIOS DA PATRIA, RUA",NA,"",8,"BELEM",1,0,"VOLUNTARIOS DA PATRIA, RUA 3292 SAO PAULO SP",-23.4912331,-46.6260422
"8654","D051301761",9220,"INTERLAGOS, AV",NA,"",635,"","09/05/2013 07:45",2,"CO",99,23," "," ",1,1,0,0,0,0,0,0,0,0,0,0,0,0,0,0,0,9220,"INTERLAGOS, AV",NA,"",16,"CAMPO GRANDE",1,0,"INTERLAGOS, AV 635 SAO PAULO SP",-23.6597557,-46.6793765
"8655","D051300852",8603,"HEITOR ANTONIO EIRAS GARCIA, AV ENG",NA,"",6870,"","09/05/2013 07:50",2,"CO",75,1598," "," ",1,1,0,0,0,0,0,0,0,0,0,0,0,0,0,0,0,8603,"HEITOR ANTONIO EIRAS GARCIA, AV ENG",NA,"",68,"RIO PEQUENO",2,0,"HEITOR ANTONIO EIRAS GARCIA, AV ENG 6870 SAO PAULO SP",-23.6019743,-46.7871795
"8656","D051300214",10693,"JORGE MIRANDA, RUA DR",4146,"CANTAREIRA, RUA DA",0,"","09/05/2013 07:55",2,"CO",12,2583," "," ",1,1,0,0,0,0,0,0,0,0,0,0,0,0,0,0,0,4146,"CANTAREIRA, RUA DA",10693,"JORGE MIRANDA, RUA DR",9,"BOM RETIRO",1,0,"JORGE MIRANDA, RUA DR SAO PAULO SP &  CANTAREIRA, RUA DA SAO PAULO SP",-23.5318101,-46.6291835
"8657","D051301571",999,"SANTO AMARO, AV",1085,"AMERICO BRASILIENSE, RUA",0,"","09/05/2013 08:00",4,"AT",11,5246," "," ",1,0,0,0,0,0,0,0,0,0,0,0,0,0,0,0,0,999,"SANTO AMARO, AV",1085,"AMERICO BRASILIENSE, RUA",72,"SANTO AMARO",1,0,"SANTO AMARO, AV SAO PAULO SP &  AMERICO BRASILIENSE, RUA SAO PAULO SP",-23.614288,-46.6791208
"8658","D051301436",14196,"MONTEMAGNO, AV",7812,"GASPAR RODRIGUES, RUA",0,"","09/05/2013 08:15",2,"CO",29,1194," "," ",1,1,0,0,0,0,0,0,0,0,0,0,0,0,0,0,0,3676,"BRUNA, RUA",14196,"MONTEMAGNO, AV",1,"AGUA RASA",1,0,"MONTEMAGNO, AV SAO PAULO SP &  GASPAR RODRIGUES, RUA SAO PAULO SP",-23.5713158,-46.5484774
"8659","D051301572",9384,"ISABEL SCHMIDT, RUA",35438,"BENEDITO, RUA S",0,"","09/05/2013 08:28",2,"SI",11,5261," "," ",1,0,1,0,0,0,0,1,0,0,0,0,0,0,0,0,0,9384,"ISABEL SCHMIDT, RUA",35438,"BENEDITO, RUA S",72,"SANTO AMARO",2,0,"ISABEL SCHMIDT, RUA SAO PAULO SP &  BENEDITO, RUA S SAO PAULO SP",-23.6511631,-46.7037715
"8660","D051302022",11543,"LAGEADO VELHO, ES DO",NA,"",701,"","09/05/2013 08:30",2,"CO",68,1384," "," ",1,1,0,0,0,0,0,0,0,0,0,0,0,0,0,0,0,11543,"LAGEADO VELHO, ES DO",NA,"",47,"LAJEADO",1,0,"LAGEADO VELHO, ES DO 701 SAO PAULO SP",-23.5505199,-46.6333094
"8661","D051301722",8368,"GUARAPIRANGA, AV",NA,"",1000,"","09/05/2013 08:40",2,"CO",92,2899," "," ",1,1,0,0,0,0,0,0,0,0,0,0,0,0,0,0,0,8368,"GUARAPIRANGA, AV",NA,"",45,"JARDIM SAO LUIS",2,0,"GUARAPIRANGA, AV 1000 SAO PAULO SP",-23.6774457,-46.7342031
"8662","D051300414",19583,"VERGUEIRO, RUA",NA,"",2500,"","09/05/2013 08:49",4,"AT",36,2062," "," ",0,1,0,0,0,0,0,0,0,0,0,0,0,0,0,0,0,19583,"VERGUEIRO, RUA",NA,"",33,"IPIRANGA",1,0,"VERGUEIRO, RUA 2500 SAO PAULO SP",-23.5834388,-46.6372433
"8663","D051300680",33234,"MARGINAL DIREITA DO TIETE, AV",NA,"",1500,"","09/05/2013 09:00",2,"CO",33,4340," "," ",1,1,0,0,0,0,0,0,0,0,0,0,0,0,0,0,0,29772,"MARGINAL DO RIO TIETE, AV",NA,"",39,"JAGUARA",1,0,"MARGINAL DIREITA DO TIETE, AV 1500 SAO PAULO SP",-23.5187968,-46.7468531
"8665","D051300695",19461,"VALERIO, AV S",9056,"ILIMANI, RUA",0,"","09/05/2013 09:00",2,"SI",34,2795," "," ",1,1,0,0,0,0,0,0,0,0,0,0,0,0,0,0,0,9056,"ILIMANI, RUA",19461,"VALERIO, AV S",55,"MORUMBI",1,0,"VALERIO, AV S SAO PAULO SP &  ILIMANI, RUA SAO PAULO SP",-23.5828258,-46.7026391
"8666","D051300039",16581,"PRATES, RUA",8349,"GUARANI, RUA",0,"","09/05/2013 09:06",2,"CO",2,2729," "," ",1,1,0,0,0,0,0,0,0,0,0,0,0,0,0,0,0,8349,"GUARANI, RUA",16581,"PRATES, RUA",9,"BOM RETIRO",1,0,"PRATES, RUA SAO PAULO SP &  GUARANI, RUA SAO PAULO SP",-23.5313295,-46.6364861
"8667","D051301221",11321,"JULIO BUONO, AV",NA,"",2535,"","09/05/2013 09:15",2,"SI",39,2135," "," ",1,1,0,0,0,0,0,0,0,0,0,0,0,0,0,0,0,11321,"JULIO BUONO, AV",NA,"",94,"VILA MEDEIROS",1,0,"JULIO BUONO, AV 2535 SAO PAULO SP",-23.4801577,-46.5857552
"8668","D051300351",10918,"JOSE DINIZ, AV VER",NA,"",3049,"","09/05/2013 09:19",2,"CO",27,4861," "," ",1,1,0,0,0,0,0,0,0,0,0,0,0,0,0,0,0,10918,"JOSE DINIZ, AV VER",NA,"",15,"CAMPO BELO",1,0,"JOSE DINIZ, AV VER 3049 SAO PAULO SP",-23.6202092,-46.6780849
"8669","D051300387",340,"TEODORO FERREIRA, RUA CEL",12377,"NELSON DE SENNA, RUA PROF",0,"","09/05/2013 09:24",2,"CO",35,3893," "," ",1,1,0,0,0,0,0,0,0,0,0,0,0,0,0,0,0,340,"TEODORO FERREIRA, RUA CEL",12377,"NELSON DE SENNA, RUA PROF",37,"JABAQUARA",1,0,"TEODORO FERREIRA, RUA CEL SAO PAULO SP &  NELSON DE SENNA, RUA PROF SAO PAULO SP",-23.6641559,-46.6534327
"8670","D051300284",5618,"CURSINO, AV DO",NA,"",967,"","09/05/2013 09:58",2,"CO",16,6222," "," ",1,1,0,0,0,0,0,0,0,0,0,0,0,0,0,0,0,5618,"CURSINO, AV DO",NA,"",27,"CURSINO",1,0,"CURSINO, AV DO 967 SAO PAULO SP",-23.6110306,-46.6176513
"8671","D051300012",6642,"ESTADO, AV DO",NA,"",3000,"","09/05/2013 10:15",4,"AT",1,3748," "," ",0,1,0,0,0,0,0,0,0,0,0,0,0,0,0,0,0,6642,"ESTADO, AV DO",NA,"",9,"BOM RETIRO",1,0,"ESTADO, AV DO 3000 SAO PAULO SP",-23.5712514,-46.6045083
"8672","D051300040",6642,"ESTADO, AV DO",17799,"SANTOS DUMONT, AV",0,"","09/05/2013 10:20",4,"AT",2,2731," "," ",0,1,0,0,0,0,0,0,0,0,0,0,0,0,0,0,0,6642,"ESTADO, AV DO",17799,"SANTOS DUMONT, AV",9,"BOM RETIRO",1,0,"ESTADO, AV DO SAO PAULO SP &  SANTOS DUMONT, AV SAO PAULO SP",-23.5635869,-46.6112253
"8673","D051300275",3034,"BELA CINTRA, RUA",NA,"",2114,"","09/05/2013 11:30",4,"AT",78,4751," "," ",0,0,0,0,0,0,0,0,0,0,0,0,0,0,0,1,0,3034,"BELA CINTRA, RUA",NA,"",26,"CONSOLACAO",1,0,"BELA CINTRA, RUA 2114 SAO PAULO SP",-23.5629995,-46.6688289
"8674","D051300144",16541,"PORTUGAL, RUA OUVID",NA,"",372,"","09/05/2013 11:40",2,"CO",6,2207," "," ",1,1,0,0,0,0,0,0,0,0,0,0,0,0,0,0,0,16541,"PORTUGAL, RUA OUVID",NA,"",14,"CAMBUCI",1,0,"PORTUGAL, RUA OUVID 372 SAO PAULO SP",-23.5505199,-46.6333094
"8675","D051301651",35497,"ABILIO CESAR, RUA",NA,"",125,"","09/05/2013 12:00",2,"CO",47,5802," "," ",0,1,0,0,0,0,0,0,1,0,0,0,0,0,0,0,0,35497,"ABILIO CESAR, RUA",NA,"",19,"CAPAO REDONDO",1,0,"ABILIO CESAR, RUA 125 SAO PAULO SP",-23.679515,-46.7763618
"8676","D051301222",17728,"SANATORIO, AV",NA,"",948,"","09/05/2013 12:11",4,"AT",39,2141,"C"," ",1,0,0,0,0,0,0,0,0,0,0,0,0,0,0,0,0,17728,"SANATORIO, AV",NA,"",22,"CIDADE ADEMAR",1,0,"SANATORIO, AV 948 SAO PAULO SP",-23.4743847,-46.5749371
"8677","D051301726",64164,"AUGUSTO CARDOSO, AV",NA,"",150,"","09/05/2013 12:30",2,"CO",92,3010," "," ",1,1,0,0,0,0,0,0,0,0,0,0,0,0,0,0,0,64164,"AUGUSTO CARDOSO, AV",NA,"",29,"FREGUESIA DO O",1,0,"AUGUSTO CARDOSO, AV 150 SAO PAULO SP",-23.6704373,-46.7675211
"8678","D051302181",63523,"FRANCESCO MELZI, RUA",NA,"",588,"","09/05/2013 12:30",2,"CO",66,2053," "," ",1,1,0,0,0,0,0,0,0,0,0,0,0,0,0,0,0,63523,"FRANCESCO MELZI, RUA",NA,"",24,"CIDADE LIDER",1,0,"FRANCESCO MELZI, RUA 588 SAO PAULO SP",-23.5634254,-46.4957272
"8679","D051300313",11828,"LICIO DE MIRANDA, RUA",NA,"",404,"","09/05/2013 12:34",4,"AT",17,2552," "," ",0,0,0,0,0,0,0,0,0,0,0,1,0,0,0,0,0,11828,"LICIO DE MIRANDA, RUA",NA,"",33,"IPIRANGA",1,0,"LICIO DE MIRANDA, RUA 404 SAO PAULO SP",-23.5998127,-46.5938964
"8680","D051301573",6238,"NACOES UNIDAS, AV DAS",NA,"",14500,"","09/05/2013 12:38",2,"CO",11,5263," "," ",1,0,0,0,0,0,0,0,0,0,0,1,0,0,0,0,0,13014,"MARGINAL DO RIO PINHEIROS, AV",NA,"",90,"VILA LEOPOLDINA",1,0,"NACOES UNIDAS, AV DAS 14500 SAO PAULO SP",-23.6791522,-46.696085
"8681","D051301794",12403,"M'BOI MIRIM, ES",NA,"",5020,"","09/05/2013 12:45",2,"CO",100,2530," "," ",0,1,1,0,0,0,0,0,0,0,0,0,0,0,0,0,0,12403,"M'BOI MIRIM, ES",NA,"",42,"JARDIM ANGELA",1,0,"M'BOI MIRIM, ES 5020 SAO PAULO SP",-23.5505199,-46.6333094