"","id_acidente","codloga","logradouroA","codlogb","logradouroB","alt_num","referencia","data","cod_acid","tipo_acidente","dp","numero_BO","sentido","pista","automovel","moto","onibus","caminhao","bicicleta","moto_taxi","onibus_fretado","onibus_urbano","microonibus","van","vuc","caminhonete","carreta","jipe","outros","sem_informacao","carroca","princ_a","paiA","princ_b","paiB","cod_distrito","distrito","vit_ferida","vit_morta","local","lat","lon"
"8682","D051300979",20089,"ZUQUIM, RUA DR",17843,"SARAIVA, RUA CONS",0,"","09/05/2013 12:52",4,"AT",9,2648," "," ",1,0,0,0,0,0,0,0,0,0,0,0,0,0,0,0,0,17843,"SARAIVA, RUA CONS",20089,"ZUQUIM, RUA DR",NA,"",1,0,"ZUQUIM, RUA DR SAO PAULO SP &  SARAIVA, RUA CONS SAO PAULO SP",-23.491972,-46.6247361
"8683","D051300980",14270,"MORVAN DIAS DE FIGUEIREDO, AV",41394,"OTTO BAUMGART, AV",0,"","09/05/2013 13:00",2,"CO",9,2660," "," ",0,1,0,1,0,0,0,0,0,0,0,0,0,0,0,0,0,14270,"MORVAN DIAS DE FIGUEIREDO, AV",41394,"OTTO BAUMGART, AV",67,"REPUBLICA",1,0,"MORVAN DIAS DE FIGUEIREDO, AV SAO PAULO SP &  OTTO BAUMGART, AV SAO PAULO SP",-23.5218788,-46.6058375
"8684","D051301575",10270,"JOAO DIAS, AV",NA,"",1649,"","09/05/2013 13:08",2,"SI",11,5277," "," ",2,1,0,0,0,0,0,0,0,0,0,0,0,0,0,0,0,10270,"JOAO DIAS, AV",NA,"",72,"SANTO AMARO",2,0,"JOAO DIAS, AV 1649 SAO PAULO SP",-23.6451297,-46.7163285
"8686","D051300116",17813,"SAO JOAQUIM, RUA CDSSA DE",11818,"LIBERDADE, AV DA",0,"","09/05/2013 13:30",2,"CF",5,2540," "," ",0,1,0,1,0,0,0,0,0,0,0,0,0,0,0,0,0,11818,"LIBERDADE, AV DA",17813,"SAO JOAQUIM, RUA CDSSA DE",NA,"",1,0,"SAO JOAQUIM, RUA CDSSA DE SAO PAULO SP &  LIBERDADE, AV DA SAO PAULO SP",-23.5586256,-46.6385984
"8687","D051301872",72538,"BENTO MUNHOZ, RUA",NA,"",10,"","09/05/2013 13:36",2,"CO",32,2790," "," ",0,1,0,0,0,0,0,0,0,0,0,1,0,0,0,0,0,72538,"BENTO MUNHOZ, RUA",NA,"",51,"MANDAQUI",1,0,"BENTO MUNHOZ, RUA 10 SAO PAULO SP",-23.5262773,-46.4324279
"8689","D051302086",2181,"ARICANDUVA, AV",NA,"",12000,"","09/05/2013 14:00",2,"CH",49,6442," "," ",0,1,0,0,0,0,0,0,0,0,0,0,0,0,0,0,0,2181,"ARICANDUVA, AV",NA,"",60,"PENHA",2,0,"ARICANDUVA, AV 12000 SAO PAULO SP",-23.5930999,-46.4694983
"8690","D051300335",19723,"VILARES, RUA DOM",17356,"ROMAO PUIGGARI, RUA",0,"","09/05/2013 14:00",2,"CO",26,4723," "," ",1,1,0,0,0,0,0,0,0,0,0,0,0,0,0,0,0,17356,"ROMAO PUIGGARI, RUA",19723,"VILARES, RUA DOM",NA,"",1,0,"VILARES, RUA DOM SAO PAULO SP &  ROMAO PUIGGARI, RUA SAO PAULO SP",-23.6245732,-46.6060421
"8691","D051300310",11379,"JUNTAS PROVISORIAS, AV",5762,"DELAMARE, AV ALM",0,"","09/05/2013 14:00",2,"CO",17,2227," "," ",0,1,1,0,0,0,0,0,0,0,0,0,0,0,0,0,0,5762,"DELAMARE, AV ALM",11379,"JUNTAS PROVISORIAS, AV",NA,"",1,0,"JUNTAS PROVISORIAS, AV SAO PAULO SP &  DELAMARE, AV ALM SAO PAULO SP",-23.6035256,-46.6020793
"8693","D051300926",11780,"LEOPOLDINA, AV IMP",2629,"AVELINO CHAVES, RUA DR",0,"","09/05/2013 14:50",4,"AT",91,3246," "," ",1,0,0,0,0,0,0,0,0,0,0,0,0,0,0,0,0,2629,"AVELINO CHAVES, RUA DR",11780,"LEOPOLDINA, AV IMP",90,"VILA LEOPOLDINA",1,0,"LEOPOLDINA, AV IMP SAO PAULO SP &  AVELINO CHAVES, RUA DR SAO PAULO SP",-23.5505199,-46.6333094
"8694","D051300511",2235,"ARMANDO DE ARRUDA PEREIRA, AV ENG",NA,"",2600,"","09/05/2013 14:55",2,"CO",97,1306," "," ",2,0,0,0,0,0,0,0,0,0,0,0,0,0,0,0,0,2235,"ARMANDO DE ARRUDA PEREIRA, AV ENG",NA,"",37,"JABAQUARA",1,0,"ARMANDO DE ARRUDA PEREIRA, AV ENG 2600 SAO PAULO SP",-23.6511879,-46.6396799
"8695","D051300536",8267,"GUAICURUS, RUA",NA,"",314,"","09/05/2013 14:59",2,"CO",7,2933," "," ",1,1,0,0,0,0,0,0,0,0,0,0,0,0,0,0,0,8267,"GUAICURUS, RUA",NA,"",48,"LAPA",1,0,"GUAICURUS, RUA 314 SAO PAULO SP",-23.5229724,-46.688393
"8696","D051301617",15509,"PARELHEIROS, RUA",NA,"",8400,"","09/05/2013 15:00",2,"CO",25,1224," "," ",1,2,0,0,0,0,0,0,0,0,0,0,0,0,0,0,0,15509,"PARELHEIROS, RUA",NA,"",36,"ITAQUERA",3,0,"PARELHEIROS, RUA 8400 SAO PAULO SP",-23.5259475,-46.583077
"8697","D051300488",261,"AFONSO BRAZ, RUA",NA,"",708,"","09/05/2013 15:05",2,"CT",96,2972," "," ",1,0,1,0,0,0,0,0,0,0,0,0,0,0,0,0,0,261,"AFONSO BRAZ, RUA",NA,"",53,"MOEMA",1,0,"AFONSO BRAZ, RUA 708 SAO PAULO SP",-23.5951155,-46.6709232
"8698","D051300535",6544,"ERMANO MARCHETTI, AV",NA,"",1439,"","09/05/2013 15:10",2,"CO",7,2932," "," ",2,0,0,0,0,0,0,0,0,0,0,0,0,0,0,0,0,6544,"ERMANO MARCHETTI, AV",NA,"",48,"LAPA",1,0,"ERMANO MARCHETTI, AV 1439 SAO PAULO SP",-23.5117008,-46.7055151
"8699","D051300596",10556,"JOAQUIM FLORIANO, RUA",3600,"BRASILIA, RUA",0,"","09/05/2013 15:10",2,"QM",15,2381," "," ",1,1,0,0,0,0,0,0,0,0,0,0,0,0,0,0,0,3600,"BRASILIA, RUA",10556,"JOAQUIM FLORIANO, RUA",34,"ITAIM BIBI",1,0,"JOAQUIM FLORIANO, RUA SAO PAULO SP &  BRASILIA, RUA SAO PAULO SP",-23.584863,-46.6756808
"8700","D051301509",9660,"ITUVERAVA, RUA",15275,"PACHECO E CHAVES, RUA CAP",0,"","09/05/2013 15:29",4,"AT",56,3070," "," ",1,0,0,0,0,0,0,0,0,0,0,0,0,0,0,0,0,4783,"CERVANTES, RUA",15275,"PACHECO E CHAVES, RUA CAP",95,"VILA PRUDENTE",1,0,"ITUVERAVA, RUA SAO PAULO SP &  PACHECO E CHAVES, RUA CAP SAO PAULO SP",-23.584883,-46.5860654
"8701","D051301176",27689,"LUIS CARLOS GENTILE DE LAET, RUA",8861,"HORTO, RUA DO",0,"","09/05/2013 15:30",2,"CO",38,2304," "," ",0,0,0,0,1,0,0,0,0,0,0,1,0,0,0,0,0,8861,"HORTO, RUA DO",27689,"LUIS CARLOS GENTILE DE LAET, RUA",83,"TREMEMBE",1,0,"LUIS CARLOS GENTILE DE LAET, RUA SAO PAULO SP &  HORTO, RUA DO SAO PAULO SP",-23.4570346,-46.6294063
"8702","D051301674",6334,"ELLIS MAAS, AV",NA,"",571,"","09/05/2013 15:34",2,"CL",47,900111," "," ",1,1,0,0,0,0,0,0,0,0,0,0,0,0,0,0,0,6334,"ELLIS MAAS, AV",NA,"",19,"CAPAO REDONDO",1,0,"ELLIS MAAS, AV 571 SAO PAULO SP",-23.6651837,-46.7705581
"8703","D051302056",17135,"RIO DAS PEDRAS, AV",10503,"JOAO XXIII, AV",0,"","09/05/2013 16:20",2,"CO",41,4898," "," ",1,1,0,0,0,0,0,0,0,0,0,0,0,0,0,0,0,10503,"JOAO XXIII, AV",17135,"RIO DAS PEDRAS, AV",4,"ARICANDUVA",1,0,"RIO DAS PEDRAS, AV SAO PAULO SP &  JOAO XXIII, AV SAO PAULO SP",-23.5630062,-46.5152683
"8705","D051300324",11379,"JUNTAS PROVISORIAS, AV",5762,"DELAMARE, AV ALM",0,"","09/05/2013 16:30",2,"CL",17,6451," "," ",0,1,1,0,0,0,0,0,0,0,0,0,0,0,0,0,0,5762,"DELAMARE, AV ALM",11379,"JUNTAS PROVISORIAS, AV",NA,"",1,0,"JUNTAS PROVISORIAS, AV SAO PAULO SP &  DELAMARE, AV ALM SAO PAULO SP",-23.6035256,-46.6020793
"8706","D051300981",7695,"GABRIEL PIZA, RUA DR",6856,"EZEQUIEL FREIRE, RUA",0,"","09/05/2013 17:00",4,"AT",9,2663," "," ",0,0,1,0,0,0,0,0,0,0,0,0,0,0,0,0,0,6856,"EZEQUIEL FREIRE, RUA",7695,"GABRIEL PIZA, RUA DR",71,"SANTANA",1,0,"GABRIEL PIZA, RUA DR SAO PAULO SP &  EZEQUIEL FREIRE, RUA SAO PAULO SP",-23.5021538,-46.6209004
"8707","D051300820",5309,"CORIFEU DE AZEVEDO MARQUES, AV",NA,"",1694,"","09/05/2013 17:10",2,"CO",51,2086," "," ",1,1,0,0,0,0,0,0,0,0,0,0,0,0,0,0,0,5309,"CORIFEU DE AZEVEDO MARQUES, AV",NA,"",12,"BUTANTA",1,0,"CORIFEU DE AZEVEDO MARQUES, AV 1694 SAO PAULO SP",-23.5744895,-46.7300431
"8708","D051300607",4933,"CIDADE JARDIM, AV",NA,"",10,"","09/05/2013 17:45",2,"CO",15,4634," "," ",1,1,0,0,0,0,0,0,0,0,0,0,0,0,0,0,0,4933,"CIDADE JARDIM, AV",NA,"",63,"PINHEIROS",1,0,"CIDADE JARDIM, AV 10 SAO PAULO SP",-23.5446177,-46.6486702
"8709","D051301177",13374,"MARIANA CALIGIORI RONCHETTI, AV",NA,"",700,"","09/05/2013 18:00",2,"CL",38,2306,"B"," ",0,1,0,0,0,0,0,0,0,0,0,1,0,0,0,0,0,13374,"MARIANA CALIGIORI RONCHETTI, AV",NA,"",13,"CACHOEIRINHA",1,0,"MARIANA CALIGIORI RONCHETTI, AV 700 SAO PAULO SP",-23.4597573,-46.6562483
"8710","D051300086",2497,"AUGUSTA, RUA",NA,"",280,"","09/05/2013 18:00",2,"QM",4,3324," "," ",0,1,0,0,0,0,0,0,0,0,0,0,0,0,0,0,0,2497,"AUGUSTA, RUA",NA,"",26,"CONSOLACAO",2,0,"AUGUSTA, RUA 280 SAO PAULO SP",-23.5508654,-46.6489999
"8711","D051301921",17820,"TITO, AV MAL",NA,"",3935,"","09/05/2013 18:00",4,"AT",59,1720," "," ",0,1,0,0,0,0,0,0,0,0,0,0,0,0,0,0,0,17820,"TITO, AV MAL",NA,"",53,"MOEMA",1,0,"TITO, AV MAL 3935 SAO PAULO SP",-23.494698,-46.4074227
"8712","D051301155",14736,"O, AV NSRA DO",3771,"INAJAR DE SOUZA, AV",0,"","09/05/2013 18:05",2,"CO",28,5132," "," ",0,1,0,0,0,0,0,1,0,0,0,0,0,0,0,0,0,3771,"INAJAR DE SOUZA, AV",14736,"O, AV NSRA DO",50,"LIMAO",1,0,"O, AV NSRA DO SAO PAULO SP &  INAJAR DE SOUZA, AV SAO PAULO SP",-23.5505199,-46.6333094
"8713","D051300799",1427,"ANHANGUERA, RUA",NA,"",20700,"","09/05/2013 18:15",2,"CF",46,4353," "," ",0,0,0,1,1,0,0,0,0,0,0,0,0,0,0,0,0,1427,"ANHANGUERA, RUA",NA,"",70,"SANTA CECILIA",1,0,"ANHANGUERA, RUA 20700 SAO PAULO SP",-23.4900941,-46.7665396
"8714","D051300961",9836,"JAGUARE, AV",NA,"",1000,"","09/05/2013 18:45",2,"CO",93,3257," "," ",0,1,0,0,0,0,0,0,0,0,0,0,0,0,0,1,0,9836,"JAGUARE, AV",NA,"",40,"JAGUARE",1,0,"JAGUARE, AV 1000 SAO PAULO SP",-23.5525378,-46.7415755
"8715","D051301639",5606,"CUPECE, AV",NA,"",4972,"","09/05/2013 18:45",2,"CO",43,4967," "," ",0,1,1,0,0,0,0,0,0,0,0,0,0,0,0,0,0,5606,"CUPECE, AV",NA,"",22,"CIDADE ADEMAR",1,0,"CUPECE, AV 4972 SAO PAULO SP",-23.67774,-46.6414781
"8716","D051300113",8871,"HUMAITA, RUA",NA,"",156,"","09/05/2013 18:49",4,"AT",5,2523," "," ",1,0,0,0,0,0,0,0,0,0,0,0,0,0,0,0,0,8871,"HUMAITA, RUA",NA,"",7,"BELA VISTA",1,0,"HUMAITA, RUA 156 SAO PAULO SP",-23.559301,-46.6401285
"8717","D051300250",5431,"ARTHUR DA COSTA E SILVA, VEL PRES",NA,"",10,"","09/05/2013 18:50",2,"CL",77,2741,"B"," ",1,1,0,0,0,0,0,0,0,0,0,0,0,0,0,0,0,5431,"ARTHUR DA COSTA E SILVA, VEL PRES",NA,"",70,"SANTA CECILIA",1,0,"ARTHUR DA COSTA E SILVA, VEL PRES 10 SAO PAULO SP",-23.6635973,-46.4785825
"8718","D051301423",2181,"ARICANDUVA, AV",NA,"",10,"","09/05/2013 18:50",4,"AT",21,5268,"C"," ",0,1,0,0,0,0,0,0,0,0,0,0,0,0,0,0,0,2181,"ARICANDUVA, AV",NA,"",60,"PENHA",1,0,"ARICANDUVA, AV 10 SAO PAULO SP",-23.5379241,-46.5459806
"8719","D051302119",16173,"PESSEGO, ES DO",36285,"ADRIANO BERTOZZI, AV",0,"","09/05/2013 19:00",2,"CO",53,3238," "," ",0,0,0,2,0,0,0,0,0,0,0,0,0,0,0,0,0,16173,"PESSEGO, ES DO",36285,"ADRIANO BERTOZZI, AV",NA,"",1,0,"PESSEGO, ES DO SAO PAULO SP &  ADRIANO BERTOZZI, AV SAO PAULO SP",-23.5505199,-46.6333094
"8720","D051300659",15790,"PAULO VIEIRA, RUA DR",3876,"CAIOVAA, RUA",0,"","09/05/2013 19:05",2,"CO",23,4638," "," ",1,1,0,0,0,0,0,0,0,0,0,0,0,0,0,0,0,3876,"CAIOVAA, RUA",15790,"PAULO VIEIRA, RUA DR",61,"PERDIZES",1,0,"PAULO VIEIRA, RUA DR SAO PAULO SP &  CAIOVAA, RUA SAO PAULO SP",-23.5425937,-46.6879391
"8721","D051300606",6897,"FARIA LIMA, AV BRIG",12326,"JUSCELINO KUBITSCHEK, AV PRES",0,"","09/05/2013 19:17",2,"CO",15,4633," "," ",1,1,0,0,0,0,0,0,0,0,0,0,0,0,0,0,0,6897,"FARIA LIMA, AV BRIG",12326,"JUSCELINO KUBITSCHEK, AV PRES",34,"ITAIM BIBI",1,0,"FARIA LIMA, AV BRIG SAO PAULO SP &  JUSCELINO KUBITSCHEK, AV PRES SAO PAULO SP",-23.5786046,-46.685823
"8722","D051301077",13008,"MAGARINOS TORRES, RUA",NA,"",583,"","09/05/2013 19:30",4,"AT",19,4294," "," ",1,0,0,0,0,0,0,0,0,0,0,0,0,0,0,0,0,13008,"MAGARINOS TORRES, RUA",NA,"",91,"VILA MARIA",1,0,"MAGARINOS TORRES, RUA 583 SAO PAULO SP",-23.5148746,-46.5902876
"8723","D051301380",60512,"ABA SOIHET, RUA",NA,"",2900,"","09/05/2013 20:40",2,"QD",10,5050," "," ",0,0,0,0,0,0,0,1,0,0,0,0,0,0,0,0,0,60512,"ABA SOIHET, RUA",NA,"",29,"FREGUESIA DO O",1,0,"ABA SOIHET, RUA 2900 SAO PAULO SP",-23.6222958,-46.7484601
"8724","D051302227",4531,"CASA GRANDE, ES",NA,"",644,"","09/05/2013 22:00",4,"AT",70,2475," "," ",1,0,0,0,0,0,0,0,0,0,0,0,0,0,0,0,0,4531,"CASA GRANDE, ES",NA,"",78,"SAPOPEMBA",1,0,"CASA GRANDE, ES 644 SAO PAULO SP",-23.5505199,-46.6333094
"8725","D051300401",665,"ALFAIA RODRIGUES, RUA COMEN",NA,"",12,"","09/05/2013 22:00",2,"CH",35,5598," "," ",1,0,0,0,0,0,0,0,0,0,0,0,0,0,0,0,0,665,"ALFAIA RODRIGUES, RUA COMEN",NA,"",37,"JABAQUARA",1,0,"ALFAIA RODRIGUES, RUA COMEN 12 SAO PAULO SP",-23.6580119,-46.6623447
"8726","D051300131",9763,"JACEGUAI, RUA",NA,"",618,"","09/05/2013 22:06",4,"AT",5,3888," "," ",1,0,0,0,0,0,0,0,0,0,0,0,0,0,0,0,0,9763,"JACEGUAI, RUA",NA,"",17,"CAMPO LIMPO",1,0,"JACEGUAI, RUA 618 SAO PAULO SP",-23.5552098,-46.6421794
"8727","D051300865",16878,"RAPOSO TAVARES, VIA",NA,"",17000,"","09/05/2013 22:10",2,"QM",75,4053," "," ",0,1,0,0,0,0,0,0,0,0,0,0,0,0,0,0,0,16878,"RAPOSO TAVARES, VIA",NA,"",13,"CACHOEIRINHA",2,0,"RAPOSO TAVARES, VIA 17000 SAO PAULO SP",-23.5192434,-48.4984666
"8728","D051302255",16017,"PEDROSO DE MORAIS, AV",17985,"SEMANEIROS, AV DOS",0,"","09/05/2013 22:20",2,"CO",14,4642," "," ",2,0,0,0,0,0,0,0,0,0,0,0,0,0,0,0,0,16017,"PEDROSO DE MORAIS, AV",17985,"SEMANEIROS, AV DOS",2,"ALTO DE PINHEIR",0,1,"PEDROSO DE MORAIS, AV SAO PAULO SP &  SEMANEIROS, AV DOS SAO PAULO SP",-23.5604714,-46.6945891
"8729","D051301741",8368,"GUARAPIRANGA, AV",NA,"",2275,"","09/05/2013 22:40",2,"CO",92,5835," "," ",1,1,0,0,0,0,0,0,0,0,0,0,0,0,0,0,0,8368,"GUARAPIRANGA, AV",NA,"",45,"JARDIM SAO LUIS",2,0,"GUARAPIRANGA, AV 2275 SAO PAULO SP",-23.6856448,-46.7402568
"8730","D051300352",12847,"MARACATINS, AL DOS",NA,"",160,"","09/05/2013 23:40",4,"AT",27,4888," "," ",0,0,0,0,0,0,0,0,0,0,0,1,0,0,0,0,0,12847,"MARACATINS, AL DOS",NA,"",53,"MOEMA",1,0,"MARACATINS, AL DOS 160 SAO PAULO SP",-23.6032492,-46.6573123
"8731","D051300721",14267,"MORUMBI, AV",NA,"",3540,"","10/05/2013 00:17",2,"CL",34,4057," "," ",1,1,0,0,0,0,0,0,0,0,0,0,0,0,0,0,0,14267,"MORUMBI, AV",NA,"",55,"MORUMBI",1,0,"MORUMBI, AV 3540 SAO PAULO SP",-23.5993662,-46.7086152
"8734","D051300095",13632,"MARTINS FONTES, RUA",NA,"",205,"","10/05/2013 01:25",2,"CL",4,3890,"C"," ",1,1,0,0,0,0,0,0,0,0,0,0,0,0,0,0,0,13632,"MARTINS FONTES, RUA",NA,"",67,"REPUBLICA",2,0,"MARTINS FONTES, RUA 205 SAO PAULO SP",-23.5493071,-46.6441688
"8735","D051300629",6471,"SAO VICENTE, AV MARQ DE",NA,"",1303,"","10/05/2013 05:05",2,"CO",23,2631," "," ",1,0,0,0,0,0,0,1,0,0,0,0,0,0,0,0,0,6471,"SAO VICENTE, AV MARQ DE",NA,"",6,"BARRA FUNDA",1,0,"SAO VICENTE, AV MARQ DE 1303 SAO PAULO SP",-23.5198646,-46.6736021
"8737","D051300512",24491,"IMIGRANTES, VIA DOS",NA,"",11500,"","10/05/2013 06:20",2,"QM",97,1312," "," ",0,1,0,0,0,0,0,0,0,0,0,0,0,0,0,0,0,24491,"IMIGRANTES, VIA DOS",NA,"",NA,"",1,0,"IMIGRANTES, VIA DOS 11500 SAO PAULO SP",-23.9525792,-46.4114659
"8738","D051300821",16878,"RAPOSO TAVARES, VIA",NA,"",14100,"","10/05/2013 06:30",2,"CO",51,2089," "," ",1,1,0,0,0,0,0,0,0,0,0,0,0,0,0,0,0,16878,"RAPOSO TAVARES, VIA",NA,"",13,"CACHOEIRINHA",1,0,"RAPOSO TAVARES, VIA 14100 SAO PAULO SP",-23.5272682,-48.4687471
"8739","D051300114",9763,"JACEGUAI, RUA",NA,"",70,"","10/05/2013 06:45",2,"CH",5,2527," "," ",1,0,0,0,0,0,0,0,0,0,0,0,0,0,0,0,0,9763,"JACEGUAI, RUA",NA,"",17,"CAMPO LIMPO",1,0,"JACEGUAI, RUA 70 SAO PAULO SP",-23.556612,-46.6366823
"8740","D051301678",15405,"PAPINI, AV PROF",2483,"ATLANTICA ANT. ROBERT KENNEDY, AV",0,"","10/05/2013 06:50",2,"CO",48,1789," "," ",0,2,0,0,0,0,0,0,0,0,0,0,0,0,0,0,0,2483,"ATLANTICA ANT. ROBERT KENNEDY, AV",15405,"PAPINI, AV PROF",23,"CIDADE DUTRA",3,0,"PAPINI, AV PROF SAO PAULO SP &  ATLANTICA ANT. ROBERT KENNEDY, AV SAO PAULO SP",-23.7139397,-46.7057741
"8741","D051301901",17820,"TITO, AV MAL",NA,"",6035,"","10/05/2013 06:55",2,"CO",50,5794," "," ",1,1,0,0,0,0,0,0,0,0,0,0,0,0,0,0,0,17820,"TITO, AV MAL",NA,"",53,"MOEMA",1,0,"TITO, AV MAL 6035 SAO PAULO SP",-23.4924549,-46.3882893
"8742","D051300429",18759,"VIEIRA PEIXOTO, RUA MAL",NA,"",9990,"","10/05/2013 07:00",4,"AT",83,1104," "," ",0,0,0,0,0,0,0,1,0,0,0,0,0,0,0,0,0,18759,"VIEIRA PEIXOTO, RUA MAL",NA,"",21,"CASA VERDE",1,0,"VIEIRA PEIXOTO, RUA MAL 9990 SAO PAULO SP",-23.6421415,-46.6091711
"8743","D051300330",5806,"DESCAMPADO, RUA",450,"ALBANO, AV STO",0,"","10/05/2013 07:00",4,"AT",26,4077," "," ",1,0,0,0,0,0,0,0,0,0,0,0,0,0,0,0,0,450,"ALBANO, AV STO",5806,"DESCAMPADO, RUA",69,"SACOMA",1,0,"DESCAMPADO, RUA SAO PAULO SP &  ALBANO, AV STO SAO PAULO SP",-23.6221852,-46.6042972
"8744","D051301723",12403,"M'BOI MIRIM, ES",NA,"",307,"","10/05/2013 07:20",4,"AT",92,2923," "," ",0,1,0,0,0,0,0,0,0,0,0,0,0,0,0,0,0,12403,"M'BOI MIRIM, ES",NA,"",42,"JARDIM ANGELA",2,0,"M'BOI MIRIM, ES 307 SAO PAULO SP",-23.5505199,-46.6333094
"8745","D051302183",75433,"LATINOS, AV DOS",NA,"",457,"","10/05/2013 07:20",2,"CO",66,2120," "," ",1,1,0,0,0,0,0,0,0,0,0,0,0,0,0,0,0,75433,"LATINOS, AV DOS",NA,"",38,"JACANA",1,0,"LATINOS, AV DOS 457 SAO PAULO SP",-23.5725103,-46.4912634
"8746","D051300737",99949,"CARLOS CALDEIRA FILHO, AV",NA,"",203,"","10/05/2013 07:58",2,"CL",37,3694," "," ",1,1,0,0,0,0,0,0,0,0,0,0,0,0,0,0,0,99949,"CARLOS CALDEIRA FILHO, AV",NA,"",19,"CAPAO REDONDO",2,0,"CARLOS CALDEIRA FILHO, AV 203 SAO PAULO SP",-23.6398473,-46.7460414
"8747","D051300696",14267,"MORUMBI, AV",NA,"",6341,"","10/05/2013 08:00",4,"AT",34,2823," "," ",0,1,0,0,0,0,0,0,0,0,0,0,0,0,0,0,0,14267,"MORUMBI, AV",NA,"",55,"MORUMBI",1,0,"MORUMBI, AV 6341 SAO PAULO SP",-23.6171248,-46.708798
"8748","D051302182",9580,"ITAQUERA, AV",NA,"",2442,"","10/05/2013 08:13",2,"SI",66,2065," "," ",1,1,0,0,0,0,0,0,0,0,0,0,0,0,0,0,0,9580,"ITAQUERA, AV",NA,"",24,"CIDADE LIDER",1,0,"ITAQUERA, AV 2442 SAO PAULO SP",-23.5496148,-46.5021658
"8749","D051300286",66,"ABRAAO DE MORAIS, AV PROF",NA,"",313,"","10/05/2013 08:15",2,"CO",16,6266," "," ",3,0,0,0,0,0,0,0,0,0,0,0,0,0,0,0,0,66,"ABRAAO DE MORAIS, AV PROF",NA,"",79,"SAUDE",2,0,"ABRAAO DE MORAIS, AV PROF 313 SAO PAULO SP",-23.6072115,-46.6273424
"8750","D051301949",46936,"JACU-PESSEGO/NOVA TRABALHADORE, AV",NA,"",2101,"","10/05/2013 08:30",2,"SI",63,3255," "," ",3,2,0,0,0,0,0,0,0,0,0,0,0,0,0,0,0,46936,"JACU-PESSEGO/NOVA TRABALHADORE, AV",NA,"",46,"JOSE BONIFACIO",1,0,"JACU-PESSEGO/NOVA TRABALHADORE, AV 2101 SAO PAULO SP",-23.5444378,-46.4476511
"8752","D051300949",17162,"RIO PEQUENO, AV DO",NA,"",221,"","10/05/2013 08:30",4,"AT",93,3024," "," ",1,0,0,0,0,0,0,0,0,0,0,0,0,0,0,0,0,17162,"RIO PEQUENO, AV DO",NA,"",13,"CACHOEIRINHA",1,0,"RIO PEQUENO, AV DO 221 SAO PAULO SP",-23.5635838,-46.7485672
"8753","D051300982",36061,"LUIZ DUMONT VILLARES, AV",NA,"",200,"","10/05/2013 08:38",4,"AT",9,2671," "," ",0,1,0,0,0,0,0,0,0,0,0,0,0,0,0,0,0,36061,"LUIZ DUMONT VILLARES, AV",NA,"",22,"CIDADE ADEMAR",2,0,"LUIZ DUMONT VILLARES, AV 200 SAO PAULO SP",-23.5004395,-46.6143616
"8754","D051300127",4410,"CARLOS SAMPAIO, RUA",NA,"",150,"","10/05/2013 08:40",2,"CL",5,3691,"C"," ",1,1,0,0,0,0,0,0,0,0,0,0,0,0,0,0,0,4410,"CARLOS SAMPAIO, RUA",NA,"",7,"BELA VISTA",1,0,"CARLOS SAMPAIO, RUA 150 SAO PAULO SP",-23.5670933,-46.6457571
"8756","D051300608",12326,"JUSCELINO KUBITSCHEK, AV PRES",NA,"",50,"","10/05/2013 08:50",2,"CO",15,4681," "," ",1,1,0,0,0,0,0,0,0,0,0,0,0,0,0,0,0,12326,"JUSCELINO KUBITSCHEK, AV PRES",NA,"",34,"ITAIM BIBI",1,0,"JUSCELINO KUBITSCHEK, AV PRES 50 SAO PAULO SP",-23.5850429,-46.6710484
"8757","D051300476",12193,"LUIS CARLOS BERRINI, AV ENG",65252,"ANESIO PINTO ROSA, RUA",0,"","10/05/2013 09:00",2,"CO",96,2200," "," ",0,1,0,1,0,0,0,1,0,0,0,0,0,0,0,0,0,12193,"LUIS CARLOS BERRINI, AV ENG",65252,"ANESIO PINTO ROSA, RUA",34,"ITAIM BIBI",1,0,"LUIS CARLOS BERRINI, AV ENG SAO PAULO SP &  ANESIO PINTO ROSA, RUA SAO PAULO SP",-23.6107873,-46.694758
"8758","D051301476",4503,"CARRAO, RUA CONS",NA,"",1700,"","10/05/2013 09:15",2,"CO",31,2844," "," ",1,1,0,0,0,0,0,0,0,0,0,0,0,0,0,0,0,4503,"CARRAO, RUA CONS",NA,"",7,"BELA VISTA",1,0,"CARRAO, RUA CONS 1700 SAO PAULO SP",-23.545481,-46.5444891
"8759","D051301551",1085,"AMERICO BRASILIENSE, RUA",NA,"",1308,"","10/05/2013 09:30",2,"CO",11,3680," "," ",1,1,0,0,0,0,0,0,0,0,0,0,0,0,0,0,0,1085,"AMERICO BRASILIENSE, RUA",NA,"",72,"SANTO AMARO",1,0,"AMERICO BRASILIENSE, RUA 1308 SAO PAULO SP",-23.6328157,-46.6996276
"8760","D051300087",13984,"MINAS GERAIS, RUA",NA,"",136,"","10/05/2013 09:45",2,"QD",4,3332," "," ",0,0,0,0,0,0,0,1,0,0,0,0,0,0,0,0,0,13984,"MINAS GERAIS, RUA",NA,"",26,"CONSOLACAO",1,0,"MINAS GERAIS, RUA 136 SAO PAULO SP",-23.5536455,-46.6632681
"8761","D051302063",16494,"MIGUEL ACHIOLE DA FONCECA, AV",NA,"",1000,"","10/05/2013 10:00",2,"CT",44,2820," "," ",1,1,0,0,0,0,0,0,0,0,0,0,0,0,0,0,0,16494,"MIGUEL ACHIOLE DA FONCECA, AV",NA,"",50,"LIMAO",1,0,"MIGUEL ACHIOLE DA FONCECA, AV 1000 SAO PAULO SP",-23.5581491,-46.3996383