"","id_acidente","codloga","logradouroA","codlogb","logradouroB","alt_num","referencia","data","cod_acid","tipo_acidente","dp","numero_BO","sentido","pista","automovel","moto","onibus","caminhao","bicicleta","moto_taxi","onibus_fretado","onibus_urbano","microonibus","van","vuc","caminhonete","carreta","jipe","outros","sem_informacao","carroca","princ_a","paiA","princ_b","paiB","cod_distrito","distrito","vit_ferida","vit_morta","local","lat","lon"
"8762","D051300115",5887,"DIOGO, RUA MAJ",1521,"ANTONIO, RUA STO",0,"","10/05/2013 10:00",4,"AT",5,2539," "," ",1,0,0,0,0,0,0,0,0,0,0,0,0,0,0,0,0,1521,"ANTONIO, RUA STO",5887,"DIOGO, RUA MAJ",67,"REPUBLICA",1,0,"DIOGO, RUA MAJ SAO PAULO SP &  ANTONIO, RUA STO SAO PAULO SP",-23.5560898,-46.6430367
"8763","D051301291",3771,"INAJAR DE SOUZA, AV",66536,"DEIA DE CAMPOS LEMOS, RUA",0,"","10/05/2013 10:40",2,"CO",72,4213," "," ",2,0,0,0,0,0,0,0,0,0,0,0,0,0,0,0,0,3771,"INAJAR DE SOUZA, AV",66536,"DEIA DE CAMPOS LEMOS, RUA",13,"CACHOEIRINHA",1,0,"INAJAR DE SOUZA, AV SAO PAULO SP &  DEIA DE CAMPOS LEMOS, RUA SAO PAULO SP",-23.461436,-46.6729346
"8764","D051300537",8868,"HUGO D'ANTOLA, RUA",NA,"",79,"","10/05/2013 10:50",4,"AT",7,2948," "," ",0,0,0,0,0,0,0,0,0,0,0,1,0,0,0,0,0,8868,"HUGO D'ANTOLA, RUA",NA,"",14,"CAMBUCI",1,0,"HUGO D'ANTOLA, RUA 79 SAO PAULO SP",-23.5120399,-46.7035681
"8765","D051300287",5618,"CURSINO, AV DO",6962,"FILIPE CARDOSO, RUA",0,"","10/05/2013 11:40",2,"CF",16,6277," "," ",0,1,0,0,0,0,0,0,0,0,0,0,0,0,0,0,0,5618,"CURSINO, AV DO",6962,"FILIPE CARDOSO, RUA",27,"CURSINO",2,0,"CURSINO, AV DO SAO PAULO SP &  FILIPE CARDOSO, RUA SAO PAULO SP",-23.6106139,-46.6176401
"8766","D051300738",34682,"CAMPO LIMPO, ES DO",NA,"",1766,"","10/05/2013 11:40",2,"CT",37,3702," "," ",1,1,0,0,0,0,0,0,0,0,0,0,0,0,0,0,0,34682,"CAMPO LIMPO, ES DO",NA,"",17,"CAMPO LIMPO",2,0,"CAMPO LIMPO, ES DO 1766 SAO PAULO SP",-23.2019463,-46.785846
"8767","D051301386",43777,"CARVALHO PINTO, AV GOV",7203,"FLORENCIO, RUA S",0,"","10/05/2013 12:15",2,"CO",10,5297," "," ",0,0,1,0,0,0,0,0,0,0,0,1,0,0,0,0,0,7203,"FLORENCIO, RUA S",43777,"CARVALHO PINTO, AV GOV",60,"PENHA",2,0,"CARVALHO PINTO, AV GOV SAO PAULO SP &  FLORENCIO, RUA S SAO PAULO SP",-23.5149544,-46.5203738
"8768","D051300739",34682,"CAMPO LIMPO, ES DO",NA,"",1001,"","10/05/2013 13:10",4,"AT",37,3704," "," ",0,0,0,0,0,0,0,0,1,0,0,0,0,0,0,0,0,34682,"CAMPO LIMPO, ES DO",NA,"",17,"CAMPO LIMPO",1,0,"CAMPO LIMPO, ES DO 1001 SAO PAULO SP",-23.2019463,-46.785846
"8769","D051300983",6099,"DOZE DE SETEMBRO, RUA",1711,"ANTONIO FERRAZ, RUA CEL",0,"","10/05/2013 13:30",2,"CO",9,2681," "," ",2,0,0,0,0,0,0,0,0,0,0,0,0,0,0,0,0,1711,"ANTONIO FERRAZ, RUA CEL",6099,"DOZE DE SETEMBRO, RUA",88,"VILA GUILHERME",1,0,"DOZE DE SETEMBRO, RUA SAO PAULO SP &  ANTONIO FERRAZ, RUA CEL SAO PAULO SP",-23.5161826,-46.6096317
"8770","D051300477",14780,"NOVA INDEPENDENCIA, AV",NA,"",196,"","10/05/2013 13:50",2,"QM",96,2206," "," ",0,1,0,0,0,0,0,0,0,0,0,0,0,0,0,0,0,14780,"NOVA INDEPENDENCIA, AV",NA,"",34,"ITAIM BIBI",1,0,"NOVA INDEPENDENCIA, AV 196 SAO PAULO SP",-23.6064363,-46.692028
"8771","D051301388",4128,"CANGAIBA, AV",NA,"",44,"","10/05/2013 14:30",4,"AT",10,5313,"B"," ",1,0,0,0,0,0,0,0,0,0,0,0,0,0,0,0,0,4128,"CANGAIBA, AV",NA,"",18,"CANGAIBA",1,0,"CANGAIBA, AV 44 SAO PAULO SP",-23.5192839,-46.5464695
"8772","D051302289",12403,"M'BOI MIRIM, ES",NA,"",4718,"","10/05/2013 14:40",2,"CL",100,2486," "," ",0,1,0,1,0,0,0,0,0,0,0,0,0,0,0,0,0,12403,"M'BOI MIRIM, ES",NA,"",42,"JARDIM ANGELA",1,1,"M'BOI MIRIM, ES 4718 SAO PAULO SP",-23.5505199,-46.6333094
"8773","D051302120",36318,"OSVALDO PUCCI, AV",NA,"",60,"","10/05/2013 14:53",2,"CH",53,3266," "," ",1,0,0,0,0,0,0,0,0,0,0,0,0,0,0,0,0,36318,"OSVALDO PUCCI, AV",NA,"",5,"ARTUR ALVIM",2,0,"OSVALDO PUCCI, AV 60 SAO PAULO SP",-23.5660729,-46.467312
"8774","D051301387",5032,"CLAUDIA, RUA",NA,"",103,"","10/05/2013 15:40",2,"CO",10,5300," "," ",1,1,0,0,0,0,0,0,0,0,0,0,0,0,0,0,0,5032,"CLAUDIA, RUA",NA,"",60,"PENHA",1,0,"CLAUDIA, RUA 103 SAO PAULO SP",-23.5172787,-46.5262627
"8775","D051301034",19903,"VALDEMAR MARTINS, RUA",10904,"JOSE DE OLIVEIRA, RUA",0,"","10/05/2013 15:40",2,"CO",13,5174,"C"," ",1,1,0,0,0,0,0,0,0,0,0,0,0,0,0,0,0,10904,"JOSE DE OLIVEIRA, RUA",19903,"VALDEMAR MARTINS, RUA",21,"CASA VERDE",1,0,"VALDEMAR MARTINS, RUA SAO PAULO SP &  JOSE DE OLIVEIRA, RUA SAO PAULO SP",-23.4920311,-46.6562013
"8776","D051301078",14430,"NATAL MARTINETTO, RUA",44369,"JOAO DE OLIVEIRA, PCA",0,"","10/05/2013 15:45",2,"CO",19,4315," "," ",1,1,0,0,0,0,0,0,0,0,0,0,0,0,0,0,0,4573,"CASTRO JUNIOR, AV PROF",5204,"CONCEICAO (ES.), AV",94,"VILA MEDEIROS",1,0,"NATAL MARTINETTO, RUA SAO PAULO SP &  JOAO DE OLIVEIRA, PCA SAO PAULO SP",-23.4958109,-46.576324
"8777","D051300430",5618,"CURSINO, AV DO",NA,"",3108,"","10/05/2013 15:50",4,"AT",83,1110," "," ",1,0,0,0,0,0,0,0,0,0,0,0,0,0,0,0,0,5618,"CURSINO, AV DO",NA,"",27,"CURSINO",2,0,"CURSINO, AV DO 3108 SAO PAULO SP",-23.6288712,-46.618855
"8778","D051301100",18151,"SEZEFREDO FAGUNDES, AV CEL",NA,"",1200,"","10/05/2013 16:40",4,"AT",20,4317," "," ",0,1,0,0,0,0,0,0,0,0,0,0,0,0,0,0,0,18151,"SEZEFREDO FAGUNDES, AV CEL",NA,"",22,"CIDADE ADEMAR",1,0,"SEZEFREDO FAGUNDES, AV CEL 1200 SAO PAULO SP",-23.452273,-46.6013297
"8779","D051300002",9758,"JACAREI, VD",1521,"ANTONIO, RUA STO",0,"","10/05/2013 16:45",2,"CO",1,2554," "," ",1,1,0,0,0,0,0,0,0,0,0,0,0,0,0,0,0,1521,"ANTONIO, RUA STO",9758,"JACAREI, VD",67,"REPUBLICA",1,0,"JACAREI, VD SAO PAULO SP &  ANTONIO, RUA STO SAO PAULO SP",-23.5508852,-46.6413507
"8780","D051300823",24356,"PAULO RIBEIRO COELHO, RUA DR",NA,"",565,"","10/05/2013 17:00",2,"CO",51,2208," "," ",1,1,0,0,0,0,0,0,0,0,0,0,0,0,0,0,0,24356,"PAULO RIBEIRO COELHO, RUA DR",NA,"",68,"RIO PEQUENO",1,0,"PAULO RIBEIRO COELHO, RUA DR 565 SAO PAULO SP",-23.5802307,-46.7607168
"8781","D051301483",5425,"COSTA BARROS, RUA",NA,"",400,"","10/05/2013 17:00",4,"AT",42,1681," "," ",0,1,0,0,0,0,0,0,0,0,0,0,0,0,0,0,0,5425,"COSTA BARROS, RUA",NA,"",95,"VILA PRUDENTE",1,0,"COSTA BARROS, RUA 400 SAO PAULO SP",-23.5978544,-46.5615196
"8783","D051300332",11544,"LAGES, RUA MARQ DE",NA,"",855,"","10/05/2013 17:02",2,"CO",26,4088," "," ",0,1,0,0,0,0,0,0,0,0,0,0,0,0,0,1,0,11544,"LAGES, RUA MARQ DE",NA,"",21,"CASA VERDE",2,0,"LAGES, RUA MARQ DE 855 SAO PAULO SP",-23.6274102,-46.610434
"8784","D051300288",17755,"CRUZ, RUA STA",NA,"",358,"","10/05/2013 17:10",2,"CO",16,6287," "," ",1,0,0,1,0,0,0,0,0,0,0,0,0,0,0,0,0,17755,"CRUZ, RUA STA",NA,"",21,"CASA VERDE",1,0,"CRUZ, RUA STA 358 SAO PAULO SP",-23.5968786,-46.633053
"8785","D051301838",17820,"TITO, AV MAL",NA,"",2450,"","10/05/2013 18:30",2,"SI",22,2654," "," ",1,1,0,0,0,0,0,0,0,0,0,0,0,0,0,0,0,17820,"TITO, AV MAL",NA,"",53,"MOEMA",1,0,"TITO, AV MAL 2450 SAO PAULO SP",-23.4942688,-46.4223937
"8786","D051300644",7491,"FRANCISCO MATARAZZO, AV",NA,"",336,"","10/05/2013 18:30",4,"AT",23,3281," "," ",0,0,0,0,0,0,0,1,0,0,0,0,0,0,0,0,0,7491,"FRANCISCO MATARAZZO, AV",NA,"",6,"BARRA FUNDA",1,0,"FRANCISCO MATARAZZO, AV 336 SAO PAULO SP",-23.5302364,-46.6665197
"8787","D051301875",13734,"CAMPINAS DO PIAUI, RUA",11294,"FONTOURA XAVIER, RUA",0,"","10/05/2013 18:30",2,"CO",32,2842," "," ",2,0,0,0,0,0,0,0,0,0,0,0,0,0,0,0,0,11294,"FONTOURA XAVIER, RUA",13734,"CAMPINAS DO PIAUI, RUA",36,"ITAQUERA",1,0,"CAMPINAS DO PIAUI, RUA SAO PAULO SP &  FONTOURA XAVIER, RUA SAO PAULO SP",-23.5428205,-46.4543087
"8788","D051300621",4561,"CASTELO BRANCO, AV PRES",18908,"TOMAS EDSON, AV",0,"","10/05/2013 18:40",2,"CL",23,1222," "," ",1,1,0,0,0,0,0,0,0,0,0,0,0,0,0,0,0,4561,"CASTELO BRANCO, AV PRES",18908,"TOMAS EDSON, AV",6,"BARRA FUNDA",1,0,"CASTELO BRANCO, AV PRES SAO PAULO SP &  TOMAS EDSON, AV SAO PAULO SP",-23.5216047,-46.6390428
"8790","D051300866",16878,"RAPOSO TAVARES, VIA",NA,"",14000,"","10/05/2013 19:15",2,"CO",75,4079," "," ",1,1,0,0,0,0,0,0,0,0,0,0,0,0,0,0,0,16878,"RAPOSO TAVARES, VIA",NA,"",13,"CACHOEIRINHA",1,0,"RAPOSO TAVARES, VIA 14000 SAO PAULO SP",-23.5271765,-48.4677683
"8791","D051300902",13014,"MARGINAL DO RIO PINHEIROS, AV",NA,"",1000,"","10/05/2013 19:30",2,"CL",89,4086," "," ",1,1,0,0,0,0,0,0,0,0,0,0,0,0,0,0,0,13014,"MARGINAL DO RIO PINHEIROS, AV",NA,"",40,"JAGUARE",1,0,"MARGINAL DO RIO PINHEIROS, AV 1000 SAO PAULO SP",-23.6153281,-46.8446469
"8792","D051301780",14743,"SABARA, AV NSRA DO",17743,"SANT'ANA, RUA",0,"","10/05/2013 19:30",2,"CO",99,5337," "," ",1,1,0,0,0,0,0,0,0,0,0,0,0,0,0,0,0,14743,"SABARA, AV NSRA DO",17743,"SANT'ANA, RUA",16,"CAMPO GRANDE",1,0,"SABARA, AV NSRA DO SAO PAULO SP &  SANT'ANA, RUA SAO PAULO SP",-23.5505199,-46.6333094
"8793","D051301196",7347,"FRANCISCO RANIERI, AV DR",14242,"MOREIRA DE BARROS, RUA CONS",0,"","10/05/2013 19:45",4,"AT",38,4229," "," ",1,0,0,0,0,0,0,0,0,0,0,0,0,0,0,0,0,7347,"FRANCISCO RANIERI, AV DR",14242,"MOREIRA DE BARROS, RUA CONS",51,"MANDAQUI",2,0,"FRANCISCO RANIERI, AV DR SAO PAULO SP &  MOREIRA DE BARROS, RUA CONS SAO PAULO SP",-23.4766952,-46.6458144
"8794","D051301150",9420,"ITABERABA, AV",NA,"",4419,"","10/05/2013 19:50",2,"CO",28,4226," "," ",1,1,0,0,0,0,0,0,0,0,0,0,0,0,0,0,0,9420,"ITABERABA, AV",NA,"",29,"FREGUESIA DO O",1,0,"ITABERABA, AV 4419 SAO PAULO SP",-23.4763815,-46.6750192
"8795","D051301858",13883,"MIGUEL, RUA S",NA,"",2900,"","10/05/2013 20:10",4,"AT",24,5037," "," ",0,1,0,0,0,0,0,0,0,0,0,0,0,0,0,0,0,13883,"MIGUEL, RUA S",NA,"",34,"ITAIM BIBI",1,0,"MIGUEL, RUA S 2900 SAO PAULO SP",-23.510908,-46.5032287
"8796","D051301156",9420,"ITABERABA, AV",3771,"INAJAR DE SOUZA, AV",0,"","10/05/2013 20:28",4,"AT",28,5187," "," ",0,0,1,0,0,0,0,0,0,0,0,0,0,0,0,0,0,3771,"INAJAR DE SOUZA, AV",15425,"CANTIDIO SAMPAIO, AV DEP",13,"CACHOEIRINHA",1,0,"ITABERABA, AV SAO PAULO SP &  INAJAR DE SOUZA, AV SAO PAULO SP",-23.4770771,-46.6806019
"8797","D051300784",36860,"LEOPOLDO DE PASSOS LIMA, RUA",NA,"",400,"","10/05/2013 20:30",2,"CO",46,2256," "," ",1,1,0,0,0,0,0,0,0,0,0,0,0,0,0,0,0,36860,"LEOPOLDO DE PASSOS LIMA, RUA",NA,"",3,"ANHANGUERA",1,0,"LEOPOLDO DE PASSOS LIMA, RUA 400 SAO PAULO SP",-23.4298988,-46.7912904
"8798","D051302213",98899,"AUGUSTIN LUBERT, RUA",NA,"",600,"","10/05/2013 20:30",2,"CO",69,4936," "," ",1,1,0,0,0,0,0,0,0,0,0,0,0,0,0,0,0,98899,"AUGUSTIN LUBERT, RUA",NA,"",75,"SAO MATEUS",1,0,"AUGUSTIN LUBERT, RUA 600 SAO PAULO SP",-23.757739,-46.7052442
"8799","D051302329",15507,"TEOTONIO VILELA, AV SEN",NA,"",3600,"","10/05/2013 20:35",2,"CO",101,3491," "," ",0,1,1,0,0,0,0,0,0,0,0,0,0,0,0,0,0,15507,"TEOTONIO VILELA, AV SEN",NA,"",23,"CIDADE DUTRA",0,1,"TEOTONIO VILELA, AV SEN 3600 SAO PAULO SP",-23.7321491,-46.6979264
"8801","D051301505",6320,"ELIAS, RUA STO",NA,"",571,"","10/05/2013 20:50",2,"CH",52,5321," "," ",4,0,0,0,0,0,0,0,0,0,0,0,0,0,0,0,0,6320,"ELIAS, RUA STO",NA,"",82,"TATUAPE",1,0,"ELIAS, RUA STO 571 SAO PAULO SP",-23.528945,-46.5681509
"8802","D051300232",4736,"CELSO GARCIA, AV",NA,"",1041,"","10/05/2013 22:15",2,"CO",12,3665," "," ",2,0,0,0,0,0,0,0,0,0,0,0,0,0,0,0,0,4736,"CELSO GARCIA, AV",NA,"",82,"TATUAPE",2,0,"CELSO GARCIA, AV 1041 SAO PAULO SP",-23.5383537,-46.6023491
"8803","D051302234",17824,"SAPOPEMBA, AV",NA,"",7500,"","10/05/2013 22:20",2,"CF",70,4946," "," ",1,1,0,0,0,0,0,0,0,0,0,0,0,0,0,0,0,17824,"SAPOPEMBA, AV",NA,"",33,"IPIRANGA",2,0,"SAPOPEMBA, AV 7500 SAO PAULO SP",-23.5946229,-46.5264397
"8804","D051302233",75274,"PLANURA, RUA",NA,"",70,"","10/05/2013 22:29",2,"CH",70,4944," "," ",1,0,0,0,0,0,0,0,0,0,0,0,0,0,0,0,0,75274,"PLANURA, RUA",NA,"",56,"PARELHEIROS",1,0,"PLANURA, RUA 70 SAO PAULO SP",-23.6113473,-46.5192531
"8805","D051302235",15032,"ORATORIO, AV DO",NA,"",4260,"","10/05/2013 22:30",2,"CF",70,4948," "," ",1,1,0,0,0,0,0,0,0,0,0,0,0,0,0,0,0,15032,"ORATORIO, AV DO",NA,"",26,"CONSOLACAO",1,0,"ORATORIO, AV DO 4260 SAO PAULO SP",-23.6015659,-46.5330869
"8806","D051302147",45389,"ANTONIO CARLOS MINGUES LOPES, R",45366,"CAVALEIRO DE JORGE, RUA",0,"","10/05/2013 23:20",2,"CL",54,6509," "," ",1,0,0,0,0,0,0,0,0,0,0,1,0,0,0,0,0,45366,"CAVALEIRO DE JORGE, RUA",45389,"ANTONIO CARLOS MINGUES LOPES, R",25,"CIDADE TIRADENT",1,0,"ANTONIO CARLOS MINGUES LOPES, R SAO PAULO SP &  CAVALEIRO DE JORGE, RUA SAO PAULO SP",-23.5818412,-46.3954676
"8807","D051302064",15213,"OTELO AUGUSTO RIBEIRO, RUA",NA,"",1250,"","10/05/2013 23:25",2,"CO",44,2848," "," ",0,2,0,0,0,0,0,0,0,0,0,0,0,0,0,0,0,15213,"OTELO AUGUSTO RIBEIRO, RUA",NA,"",50,"LIMAO",1,0,"OTELO AUGUSTO RIBEIRO, RUA 1250 SAO PAULO SP",-23.5542126,-46.407775
"8808","D051302165",17824,"SAPOPEMBA, AV",NA,"",25000,"","10/05/2013 23:55",2,"QM",55,2079," "," ",0,1,0,0,0,0,0,0,0,0,0,0,0,0,0,0,0,17824,"SAPOPEMBA, AV",NA,"",33,"IPIRANGA",1,0,"SAPOPEMBA, AV 25000 SAO PAULO SP",-23.6228321,-46.4438559
"8809","D051301459",27094,"SALIM FARAH MALUF, AV",NA,"",2000,"","10/05/2013 23:57",2,"CL",30,2785," "," ",1,1,0,0,0,0,0,0,0,0,0,0,0,0,0,0,0,27094,"SALIM FARAH MALUF, AV",NA,"",82,"TATUAPE",1,0,"SALIM FARAH MALUF, AV 2000 SAO PAULO SP",-23.551935,-46.5778617
"8810","D051302045",12642,"MANUEL CALHAMARES, RUA",NA,"",300,"","11/05/2013 00:26",2,"SI",103,5843," "," ",1,2,0,0,0,0,0,0,0,0,0,0,0,0,0,0,0,12642,"MANUEL CALHAMARES, RUA",NA,"",51,"MANDAQUI",1,0,"MANUEL CALHAMARES, RUA 300 SAO PAULO SP",-23.5381239,-46.4244302
"8811","D051301006",20089,"ZUQUIM, RUA DR",NA,"",1535,"","11/05/2013 01:00",2,"CH",9,4324," "," ",1,0,0,0,0,0,0,0,0,0,0,0,0,0,0,0,0,20089,"ZUQUIM, RUA DR",NA,"",8,"BELEM",1,0,"ZUQUIM, RUA DR 1535 SAO PAULO SP",-23.4924171,-46.6243884
"8812","D051302316",7645,"FRONTIN, AV CD DE",13592,"MARTIM DAMY, RUA PROF",0,"","11/05/2013 01:10",2,"CO",10,5320," "," ",1,1,0,0,0,0,0,0,0,0,0,0,0,0,0,0,0,7645,"FRONTIN, AV CD DE",13592,"MARTIM DAMY, RUA PROF",93,"VILA MATILDE",0,1,"FRONTIN, AV CD DE SAO PAULO SP &  MARTIM DAMY, RUA PROF SAO PAULO SP",-23.5505199,-46.6333094
"8813","D051300837",62227,"JOAQUIM NUNES LOPES, RUA",NA,"",3,"","11/05/2013 01:20",2,"QM",51,4695," "," ",0,1,0,0,0,0,0,0,0,0,0,0,0,0,0,0,0,62227,"JOAQUIM NUNES LOPES, RUA",NA,"",13,"CACHOEIRINHA",1,0,"JOAQUIM NUNES LOPES, RUA 3 SAO PAULO SP",-23.5724659,-46.7616012
"8814","D051301079",27099,"DUTRA, VIA PRES",NA,"",229,"","11/05/2013 02:30",4,"AT",19,4325," "," ",1,0,0,0,0,0,0,0,0,0,0,0,0,0,0,0,0,27099,"DUTRA, VIA PRES",NA,"",36,"ITAQUERA",1,0,"DUTRA, VIA PRES 229 SAO PAULO SP",-23.5142493,-46.5778114
"8815","D051300233",10177,"JOAO BOEMER, RUA",18197,"SILVA TELES, RUA",0,"","11/05/2013 02:40",2,"CO",12,3669," "," ",2,0,0,0,0,0,0,0,0,0,0,0,0,0,0,0,0,10177,"JOAO BOEMER, RUA",18197,"SILVA TELES, RUA",57,"PARI",1,0,"JOAO BOEMER, RUA SAO PAULO SP &  SILVA TELES, RUA SAO PAULO SP",-23.5312342,-46.6130982
"8816","D051301781",6238,"NACOES UNIDAS, AV DAS",9220,"INTERLAGOS, AV",0,"","11/05/2013 04:00",2,"CO",99,5347," "," ",1,0,0,0,0,0,0,0,0,0,0,0,0,0,0,0,0,6238,"NACOES UNIDAS, AV DAS",9220,"INTERLAGOS, AV",16,"CAMPO GRANDE",1,0,"NACOES UNIDAS, AV DAS SAO PAULO SP &  INTERLAGOS, AV SAO PAULO SP",-23.5735935,-46.7008864
"8817","D051302088",9044,"RAGUEB CHOHFI, AV",2181,"ARICANDUVA, AV",0,"","11/05/2013 04:18",2,"CO",49,6512," "," ",1,1,0,0,0,0,0,0,0,0,0,0,0,0,0,0,0,2181,"ARICANDUVA, AV",9044,"RAGUEB CHOHFI, AV",75,"SAO MATEUS",1,0,"RAGUEB CHOHFI, AV SAO PAULO SP &  ARICANDUVA, AV SAO PAULO SP",-23.5962789,-46.4358414
"8820","D051300893",8000,"GIOVANNI GRONCHI, AV",NA,"",7800,"","11/05/2013 06:20",4,"AT",89,3732," "," ",0,0,0,0,0,0,0,0,0,0,0,0,0,0,0,1,0,8000,"GIOVANNI GRONCHI, AV",NA,"",55,"MORUMBI",1,0,"GIOVANNI GRONCHI, AV 7800 SAO PAULO SP",-23.6391135,-46.7367084
"8821","D051301197",64361,"SAID SAAD, RUA",NA,"",370,"","11/05/2013 06:30",2,"CO",38,4237," "," ",0,1,0,0,0,0,0,0,0,0,0,0,0,0,0,1,0,64361,"SAID SAAD, RUA",NA,"",13,"CACHOEIRINHA",2,0,"SAID SAAD, RUA 370 SAO PAULO SP",-23.4664379,-46.6489579
"8822","D051300697",7500,"FRANCISCO MORATO, AV PROF",NA,"",2903,"","11/05/2013 07:30",4,"AT",34,2853," "," ",2,1,0,0,0,0,0,0,0,0,0,0,0,0,0,0,0,7500,"FRANCISCO MORATO, AV PROF",NA,"",12,"BUTANTA",2,0,"FRANCISCO MORATO, AV PROF 2903 SAO PAULO SP",-23.5878217,-46.726487
"8823","D051301089",9170,"INES, AV STA",NA,"",400,"","11/05/2013 07:50",2,"CO",20,2382," "," ",1,0,0,0,1,0,0,0,0,0,0,0,0,0,0,0,0,9170,"INES, AV STA",NA,"",51,"MANDAQUI",1,0,"INES, AV STA 400 SAO PAULO SP",-23.4756041,-46.6315456
"8825","D051301510",24338,"LUIZ IGNACIO ANHAIA MELLO, AV PROF",1111,"AMERICO VESPUCCI, RUA",0,"","11/05/2013 08:00",2,"CO",56,3115," "," ",1,1,0,0,0,0,0,0,0,0,0,0,0,0,0,1,0,1111,"AMERICO VESPUCCI, RUA",24338,"LUIZ IGNACIO ANHAIA MELLO, AV PROF",95,"VILA PRUDENTE",2,0,"LUIZ IGNACIO ANHAIA MELLO, AV PROF SAO PAULO SP &  AMERICO VESPUCCI, RUA SAO PAULO SP",-23.5827842,-46.565808
"8826","D051301604",8731,"BANDEIRA DE MELLO, RUA DESEM",NA,"",131,"","11/05/2013 08:15",4,"AT",11,6016," "," ",1,0,0,0,0,0,0,0,0,0,0,0,0,0,0,0,0,8731,"BANDEIRA DE MELLO, RUA DESEM",NA,"",72,"SANTO AMARO",1,0,"BANDEIRA DE MELLO, RUA DESEM 131 SAO PAULO SP",-23.6542535,-46.7058761
"8827","D051301976",13881,"MIGUEL, AV S",NA,"",7667,"","11/05/2013 08:57",4,"AT",63,5046," "," ",0,1,0,0,0,0,0,0,0,0,0,0,0,0,0,0,0,13881,"MIGUEL, AV S",NA,"",65,"PONTE RASA",2,0,"MIGUEL, AV S 7667 SAO PAULO SP",-23.497917,-46.462626
"8828","D051300903",71804,"LAERCIO CORTE, RUA DEP",NA,"",527,"","11/05/2013 09:10",2,"CO",89,4110,"B"," ",0,1,0,1,0,0,0,0,0,0,0,0,0,0,0,0,0,71804,"LAERCIO CORTE, RUA DEP",NA,"",29,"FREGUESIA DO O",2,0,"LAERCIO CORTE, RUA DEP 527 SAO PAULO SP",-23.6250448,-46.7246528
"8829","D051302074",40232,"LUIZ BRANCO RIBEIRO, RUA DR",NA,"",47,"","11/05/2013 10:12",2,"CO",44,6522," "," ",2,0,0,0,0,0,0,0,0,0,0,0,0,0,0,0,0,40232,"LUIZ BRANCO RIBEIRO, RUA DR",NA,"",50,"LIMAO",1,0,"LUIZ BRANCO RIBEIRO, RUA DR 47 SAO PAULO SP",-23.5787761,-46.3848039
"8830","D051302148",99810,"REGRESSO FELIZ, RUA",NA,"",183,"","11/05/2013 10:14",4,"AT",54,6521," "," ",1,0,0,0,0,0,0,0,0,0,0,0,0,0,0,0,0,99810,"REGRESSO FELIZ, RUA",NA,"",55,"MORUMBI",1,0,"REGRESSO FELIZ, RUA 183 SAO PAULO SP",-23.5686434,-46.4042517
"8831","D051300405",4596,"CATARINA, AV STA",NA,"",979,"","11/05/2013 10:30",2,"CL",35,628," "," ",1,1,0,0,0,0,0,0,0,0,0,0,0,0,0,0,0,4596,"CATARINA, AV STA",NA,"",37,"JABAQUARA",1,0,"CATARINA, AV STA 979 SAO PAULO SP",-23.6442922,-46.6650503
"8832","D051301688",15507,"TEOTONIO VILELA, AV SEN",NA,"",1217,"","11/05/2013 10:40",4,"AT",48,3887,"C"," ",0,0,0,0,0,0,0,0,1,0,0,0,0,0,0,0,0,15507,"TEOTONIO VILELA, AV SEN",NA,"",23,"CIDADE DUTRA",2,0,"TEOTONIO VILELA, AV SEN 1217 SAO PAULO SP",-23.7121723,-46.6986751
"8833","D051300699",7500,"FRANCISCO MORATO, AV PROF",NA,"",2750,"","11/05/2013 10:45",2,"CT",34,2863," "," ",1,1,0,0,0,0,0,0,0,0,0,0,0,0,0,0,0,7500,"FRANCISCO MORATO, AV PROF",NA,"",12,"BUTANTA",1,0,"FRANCISCO MORATO, AV PROF 2750 SAO PAULO SP",-23.5866594,-46.7246364
"8834","D051300610",11789,"LEOPOLDO COUTO MAGALHAES JR., RUA",NA,"",1442,"","11/05/2013 11:30",2,"CF",15,4739," "," ",1,1,0,0,0,0,0,0,0,0,0,0,0,0,0,0,0,11789,"LEOPOLDO COUTO MAGALHAES JR., RUA",NA,"",34,"ITAIM BIBI",1,0,"LEOPOLDO COUTO MAGALHAES JR., RUA 1442 SAO PAULO SP",-23.5894074,-46.6848563
"8835","D051301292",75982,"MANUEL AQUILINO DOS SANTOS, RUA",NA,"",140,"","11/05/2013 11:30",4,"AT",72,4253," "," ",1,0,0,0,0,0,0,0,0,0,0,0,0,0,0,0,0,75982,"MANUEL AQUILINO DOS SANTOS, RUA",NA,"",8,"BELEM",1,0,"MANUEL AQUILINO DOS SANTOS, RUA 140 SAO PAULO SP",-23.459723,-46.6832016
"8837","D051301101",18151,"SEZEFREDO FAGUNDES, AV CEL",NA,"",1100,"","11/05/2013 12:50",4,"AT",20,4339,"C"," ",1,0,0,0,0,0,0,0,0,0,0,0,0,0,0,0,0,18151,"SEZEFREDO FAGUNDES, AV CEL",NA,"",22,"CIDADE ADEMAR",1,0,"SEZEFREDO FAGUNDES, AV CEL 1100 SAO PAULO SP",-23.4522744,-46.6013306
"8838","D051301860",62679,"AFRANIO, RUA",62738,"JEQUERI, RUA",0,"","11/05/2013 12:55",2,"CO",24,5170," "," ",1,1,0,0,0,0,0,0,0,0,0,0,0,0,0,0,0,62679,"AFRANIO, RUA",62738,"JEQUERI, RUA",18,"CANGAIBA",1,0,"AFRANIO, RUA SAO PAULO SP &  JEQUERI, RUA SAO PAULO SP",-23.4993029,-46.5006808