"","id_acidente","codloga","logradouroA","codlogb","logradouroB","alt_num","referencia","data","cod_acid","tipo_acidente","dp","numero_BO","sentido","pista","automovel","moto","onibus","caminhao","bicicleta","moto_taxi","onibus_fretado","onibus_urbano","microonibus","van","vuc","caminhonete","carreta","jipe","outros","sem_informacao","carroca","princ_a","paiA","princ_b","paiB","cod_distrito","distrito","vit_ferida","vit_morta","local","lat","lon"
"8839","D051301903",18940,"TIBURCIO DE SOUSA, RUA",NA,"",530,"","11/05/2013 13:09",2,"CO",50,5874," "," ",1,1,0,0,0,0,0,0,0,0,0,0,0,0,0,0,0,18940,"TIBURCIO DE SOUSA, RUA",NA,"",35,"ITAIM PAULISTA",1,0,"TIBURCIO DE SOUSA, RUA 530 SAO PAULO SP",-23.5018675,-46.3977724
"8840","D051300234",10485,"JOAO TEODORO, RUA",17318,"RODRIGUES DOS SANTOS, RUA",0,"","11/05/2013 13:20",2,"CL",12,3692," "," ",2,0,0,0,0,0,0,0,0,0,0,0,0,0,0,0,0,10485,"JOAO TEODORO, RUA",17318,"RODRIGUES DOS SANTOS, RUA",10,"BRAS",1,0,"JOAO TEODORO, RUA SAO PAULO SP &  RODRIGUES DOS SANTOS, RUA SAO PAULO SP",-23.5342424,-46.6255239
"8841","D051301951",9086,"IMPERADOR, RUA DO",NA,"",1000,"","11/05/2013 13:30",2,"CO",63,3346," "," ",1,1,0,0,0,0,0,0,0,0,0,0,0,0,0,0,0,9086,"IMPERADOR, RUA DO",NA,"",88,"VILA GUILHERME",1,0,"IMPERADOR, RUA DO 1000 SAO PAULO SP",-23.5053397,-46.6007675
"8842","D051301157",5947,"EDGAR FACO, AV GAL",NA,"",600,"","11/05/2013 13:40",4,"AT",28,5213," "," ",1,0,0,0,0,0,0,0,0,0,0,0,0,0,0,0,0,5947,"EDGAR FACO, AV GAL",NA,"",64,"PIRITUBA",1,0,"EDGAR FACO, AV GAL 600 SAO PAULO SP",-23.5018124,-46.7062305
"8845","D051301313",13133,"MARIA AMALIA LOPES AZEVEDO, RUA",NA,"",3000,"","11/05/2013 14:05",2,"CO",73,4988," "," ",1,1,0,0,0,0,0,0,0,0,0,0,0,0,0,0,0,13133,"MARIA AMALIA LOPES AZEVEDO, RUA",NA,"",83,"TREMEMBE",1,0,"MARIA AMALIA LOPES AZEVEDO, RUA 3000 SAO PAULO SP",-23.4570862,-46.5973923
"8847","D051301782",9220,"INTERLAGOS, AV",NA,"",2810,"","11/05/2013 14:20",2,"CO",99,5380," "," ",2,1,0,0,0,0,0,0,0,0,0,0,0,0,0,0,0,9220,"INTERLAGOS, AV",NA,"",16,"CAMPO GRANDE",1,0,"INTERLAGOS, AV 2810 SAO PAULO SP",-23.6770917,-46.6814078
"8850","D051301281",61992,"RIO BRANCO DO SUL, RUA",64514,"ACIOLI, RUA",0,"","11/05/2013 14:45",2,"CO",45,4262," "," ",1,1,0,0,0,0,0,0,0,0,0,0,0,0,0,0,0,61992,"RIO BRANCO DO SUL, RUA",64514,"ACIOLI, RUA",NA,"",1,0,"RIO BRANCO DO SUL, RUA SAO PAULO SP &  ACIOLI, RUA SAO PAULO SP",-23.4749978,-46.6816888
"8851","D051300118",5985,"DOMINGOS, RUA S",NA,"",330,"","11/05/2013 15:30",4,"AT",5,2552," "," ",1,0,0,0,0,0,0,0,0,0,0,0,0,0,0,0,0,5985,"DOMINGOS, RUA S",NA,"",67,"REPUBLICA",1,0,"DOMINGOS, RUA S 330 SAO PAULO SP",-23.5493534,-46.4494755
"8852","D051301337",27600,"HUGO ITALO MERIGO, AV",NA,"",1252,"","11/05/2013 16:50",2,"CO",74,4266," "," ",1,1,0,0,0,0,0,0,0,0,0,0,0,0,0,0,0,27600,"HUGO ITALO MERIGO, AV",NA,"",40,"JAGUARE",1,0,"HUGO ITALO MERIGO, AV 1252 SAO PAULO SP",-23.4457537,-46.6997648
"8854","D051300066",12132,"LUIS, AV S",NA,"",92,"","11/05/2013 18:22",2,"CO",3,2788," "," ",0,0,0,0,0,0,0,0,0,0,0,0,0,0,0,1,0,12132,"LUIS, AV S",NA,"",67,"REPUBLICA",1,0,"LUIS, AV S 92 SAO PAULO SP",-23.5457921,-46.6431885
"8855","D051301102",14767,"NOVA CANTAREIRA, AV",NA,"",4504,"","11/05/2013 18:40",2,"CO",20,4350," "," ",1,1,0,0,0,0,0,0,0,0,0,0,0,0,0,0,0,14767,"NOVA CANTAREIRA, AV",NA,"",83,"TREMEMBE",1,0,"NOVA CANTAREIRA, AV 4504 SAO PAULO SP",-23.4613519,-46.6154915
"8856","D051300493",11406,"JURITI, AV",9195,"INHAMBU, RUA",0,"","11/05/2013 18:40",2,"CL",96,4946," "," ",1,1,0,0,0,0,0,0,0,0,0,0,0,0,0,0,0,9195,"INHAMBU, RUA",11406,"JURITI, AV",53,"MOEMA",1,0,"JURITI, AV SAO PAULO SP &  INHAMBU, RUA SAO PAULO SP",-23.5999939,-46.6642741
"8857","D051300763",12028,"LOURENCO SAPORITO, RUA",NA,"",250,"","11/05/2013 19:00",2,"CO",37,4143," "," ",1,1,0,0,0,0,0,0,0,0,0,0,0,0,0,0,0,12028,"LOURENCO SAPORITO, RUA",NA,"",17,"CAMPO LIMPO",1,0,"LOURENCO SAPORITO, RUA 250 SAO PAULO SP",-23.6260042,-46.7627604
"8858","D051302009",12156,"LUIZ AYRES, RUA DR",NA,"",1840,"","11/05/2013 19:00",2,"CT",65,5073," "," ",1,1,0,0,0,0,0,0,0,0,0,0,0,0,0,0,0,12156,"LUIZ AYRES, RUA DR",NA,"",5,"ARTUR ALVIM",1,0,"LUIZ AYRES, RUA DR 1840 SAO PAULO SP",-23.5387021,-46.4864031
"8859","D051301159",5947,"EDGAR FACO, AV GAL",NA,"",2045,"","11/05/2013 19:00",2,"CO",28,5232," "," ",0,2,0,0,0,0,0,0,0,0,0,0,0,0,0,0,0,5947,"EDGAR FACO, AV GAL",NA,"",64,"PIRITUBA",2,0,"EDGAR FACO, AV GAL 2045 SAO PAULO SP",-23.4898232,-46.7104565
"8860","D051301158",6349,"CARLOS ALBERTO MORETTI, RUA",NA,"",385,"","11/05/2013 19:01",4,"AT",28,5226," "," ",1,0,0,0,0,0,0,0,0,0,0,0,0,0,0,0,0,6349,"CARLOS ALBERTO MORETTI, RUA",NA,"",29,"FREGUESIA DO O",1,0,"CARLOS ALBERTO MORETTI, RUA 385 SAO PAULO SP",-23.488343,-46.7034694
"8861","D051300867",16878,"RAPOSO TAVARES, VIA",NA,"",19500,"","11/05/2013 19:15",2,"CO",75,4124," "," ",1,1,0,0,0,0,0,0,0,0,0,0,0,0,0,0,0,16878,"RAPOSO TAVARES, VIA",NA,"",13,"CACHOEIRINHA",1,0,"RAPOSO TAVARES, VIA 19500 SAO PAULO SP",-23.0855108,-49.5338115
"8862","D051302123",6927,"HARRY DANHENBERG, RUA",NA,"",117,"","11/05/2013 19:20",4,"AT",53,3353," "," ",0,1,0,0,0,0,0,0,0,0,0,0,0,0,0,0,0,6927,"HARRY DANHENBERG, RUA",NA,"",24,"CIDADE LIDER",2,0,"HARRY DANHENBERG, RUA 117 SAO PAULO SP",-20.5713302,-47.3731953
"8863","D051302143",9044,"RAGUEB CHOHFI, AV",NA,"",6300,"","11/05/2013 19:30",2,"QD",54,2705," "," ",0,0,1,0,0,0,0,0,0,0,0,0,0,0,0,0,0,9044,"RAGUEB CHOHFI, AV",NA,"",32,"IGUATEMI",1,0,"RAGUEB CHOHFI, AV 6300 SAO PAULO SP",-23.5946707,-46.4264368
"8864","D051301198",9078,"IMIRIM, AV",NA,"",4500,"","11/05/2013 19:34",2,"CT",38,4270," "," ",0,0,0,0,1,0,0,0,0,0,0,1,0,0,0,0,0,9078,"IMIRIM, AV",NA,"",71,"SANTANA",1,0,"IMIRIM, AV 4500 SAO PAULO SP",-23.4745238,-46.6664218
"8865","D051300904",11778,"OSIRIS MAGALHAES DE ALMEIDA, RUA",NA,"",311,"","11/05/2013 20:00",2,"CO",89,4122," "," ",0,2,0,0,0,0,0,0,0,0,0,0,0,0,0,0,0,11778,"OSIRIS MAGALHAES DE ALMEIDA, RUA",NA,"",13,"CACHOEIRINHA",1,0,"OSIRIS MAGALHAES DE ALMEIDA, RUA 311 SAO PAULO SP",-23.6038225,-46.7414022
"8866","D051302170",70248,"MIGUEL FERREIRA DE MELO, RUA",NA,"",239,"","11/05/2013 20:00",2,"CT",55,6544," "," ",0,1,0,0,0,0,0,1,0,0,0,0,0,0,0,0,0,70248,"MIGUEL FERREIRA DE MELO, RUA",NA,"",55,"MORUMBI",1,0,"MIGUEL FERREIRA DE MELO, RUA 239 SAO PAULO SP",-23.6349173,-46.4434426
"8867","D051301488",24338,"LUIZ IGNACIO ANHAIA MELLO, AV PROF",NA,"",4703,"","11/05/2013 20:12",2,"CO",42,3138," "," ",1,1,0,0,0,0,0,0,0,0,0,0,0,0,0,0,0,24338,"LUIZ IGNACIO ANHAIA MELLO, AV PROF",NA,"",26,"CONSOLACAO",1,0,"LUIZ IGNACIO ANHAIA MELLO, AV PROF 4703 SAO PAULO SP",-23.5850557,-46.5485386
"8868","D051301262",3813,"CAETANO ALVARES, AV ENG",18657,"TANGERINAS, RUA",0,"","11/05/2013 20:15",2,"CO",40,5233," "," ",1,1,0,0,0,0,0,0,0,0,0,0,0,0,0,0,0,3813,"CAETANO ALVARES, AV ENG",18657,"TANGERINAS, RUA",NA,"",2,0,"CAETANO ALVARES, AV ENG SAO PAULO SP &  TANGERINAS, RUA SAO PAULO SP",-23.4830811,-46.6330478
"8869","D051302149",45653,"EDUARDO VASSIMON, R",NA,"",21,"","11/05/2013 20:30",4,"AT",54,6553," "," ",0,1,0,0,0,0,0,0,0,0,0,0,0,0,0,0,0,45653,"EDUARDO VASSIMON, R",NA,"",25,"CIDADE TIRADENT",1,0,"EDUARDO VASSIMON, R 21 SAO PAULO SP",-23.6014427,-46.4006355
"8870","D051300178",3517,"BOSCO, RUA DOM",4954,"CINTRA, RUA CEL",0,"","11/05/2013 21:12",2,"CO",8,3702," "," ",0,2,0,0,0,0,0,0,0,0,0,0,0,0,0,0,0,3517,"BOSCO, RUA DOM",4954,"CINTRA, RUA CEL",14,"CAMBUCI",2,0,"BOSCO, RUA DOM SAO PAULO SP &  CINTRA, RUA CEL SAO PAULO SP",-23.5554865,-46.6188771
"8873","D051301929",17820,"TITO, AV MAL",NA,"",3645,"","11/05/2013 22:00",2,"CO",59,5884," "," ",0,1,0,0,0,0,0,0,0,0,0,1,0,0,0,0,0,17820,"TITO, AV MAL",NA,"",53,"MOEMA",1,0,"TITO, AV MAL 3645 SAO PAULO SP",-23.4948926,-46.4094043
"8874","D051301338",63567,"LAGOAS DE CAMACHO, RUA",NA,"",64,"","11/05/2013 22:03",2,"CO",74,4279," "," ",1,1,0,0,0,0,0,0,0,0,0,0,0,0,0,0,0,63567,"LAGOAS DE CAMACHO, RUA",NA,"",52,"MARSILAC",2,0,"LAGOAS DE CAMACHO, RUA 64 SAO PAULO SP",-23.4513038,-46.7326291
"8876","D051300591",8578,"HARMONIA, RUA",2402,"ASPICUELTA, RUA",0,"","11/05/2013 22:42",2,"CT",14,4728," "," ",1,1,0,0,0,0,0,0,0,0,0,0,0,0,0,0,0,2402,"ASPICUELTA, RUA",8578,"HARMONIA, RUA",63,"PINHEIROS",1,0,"HARMONIA, RUA SAO PAULO SP &  ASPICUELTA, RUA SAO PAULO SP",-23.5555876,-46.6877492
"8877","D051301888",18803,"TEODORO, RUA S",9624,"VICTORIO SANTIM, RUA",0,"","11/05/2013 22:45",2,"CO",32,1769," "," ",1,1,0,0,0,0,0,0,0,0,0,0,0,0,0,0,0,9624,"VICTORIO SANTIM, RUA",18803,"TEODORO, RUA S",36,"ITAQUERA",1,0,"TEODORO, RUA S SAO PAULO SP &  VICTORIO SANTIM, RUA SAO PAULO SP",-23.5554372,-46.4526667
"8878","D051301240",7102,"FERROVIARIOS, RUA DOS",NA,"",105,"","11/05/2013 23:00",4,"AT",39,5004," "," ",1,0,0,0,0,0,0,0,0,0,0,0,0,0,0,0,0,7102,"FERROVIARIOS, RUA DOS",NA,"",84,"TUCURUVI",1,0,"FERROVIARIOS, RUA DOS 105 SAO PAULO SP",-23.4811418,-46.6028978
"8879","D051300857",99654,"HUGO TAKAHASHI, RUA ENG",NA,"",300,"","11/05/2013 23:00",2,"CO",75,1720," "," ",2,0,0,0,0,0,0,0,0,0,0,0,0,0,0,0,0,99654,"HUGO TAKAHASHI, RUA ENG",NA,"",NA,"",1,0,"HUGO TAKAHASHI, RUA ENG 300 SAO PAULO SP",-23.6025217,-46.7860418
"8880","D051300010",9032,"IGUAPE, RUA BR DE",8024,"GLICERIO, RUA",0,"","11/05/2013 23:00",2,"CO",1,3703," "," ",2,0,0,0,0,0,0,0,0,0,0,0,0,0,0,0,0,8024,"GLICERIO, RUA",9032,"IGUAPE, RUA BR DE",49,"LIBERDADE",1,0,"IGUAPE, RUA BR DE SAO PAULO SP &  GLICERIO, RUA SAO PAULO SP",-23.558588,-46.627263
"8881","D051300838",22286,"ANTONIO DE CASTRO M. FURTADO, RUA",NA,"",608,"","12/05/2013 00:02",2,"TB",51,4731," "," ",0,0,0,0,0,0,0,0,1,0,0,0,0,0,0,0,0,22286,"ANTONIO DE CASTRO M. FURTADO, RUA",NA,"",13,"CACHOEIRINHA",1,0,"ANTONIO DE CASTRO M. FURTADO, RUA 608 SAO PAULO SP",-23.5777497,-46.7289105
"8882","D051300406",449,"ALBA, RUA",1103,"AMERICO MORETTI, RUA TTE",0,"","12/05/2013 00:15",2,"CO",35,6356," "," ",0,1,1,0,0,0,0,0,0,0,0,0,0,0,0,0,0,449,"ALBA, RUA",1103,"AMERICO MORETTI, RUA TTE",37,"JABAQUARA",1,0,"ALBA, RUA SAO PAULO SP &  AMERICO MORETTI, RUA TTE SAO PAULO SP",-23.6400473,-46.6505331
"8883","D051301654",9529,"ITAPECERICA, ES DE",NA,"",4800,"","12/05/2013 00:30",2,"CO",47,6069," "," ",1,1,0,0,0,0,0,0,0,0,0,0,0,0,0,0,0,9529,"ITAPECERICA, ES DE",NA,"",29,"FREGUESIA DO O",1,0,"ITAPECERICA, ES DE 4800 SAO PAULO SP",-23.5505199,-46.6333094
"8884","D051300089",2271,"ARNALDO, AV DR",NA,"",264,"","12/05/2013 00:35",2,"CT",4,3698,"B"," ",2,0,0,0,0,0,0,0,0,0,0,0,0,0,0,0,0,2271,"ARNALDO, AV DR",NA,"",26,"CONSOLACAO",1,0,"ARNALDO, AV DR 264 SAO PAULO SP",-23.5553246,-46.6673341
"8885","D051301940",14917,"OLAVO EGIDIO DE SOUZA ARANHA, AV",NA,"",1190,"","12/05/2013 01:00",2,"CH",62,5089," "," ",1,0,0,0,0,0,0,0,0,0,0,1,0,0,0,0,0,14917,"OLAVO EGIDIO DE SOUZA ARANHA, AV",NA,"",49,"LIBERDADE",1,0,"OLAVO EGIDIO DE SOUZA ARANHA, AV 1190 SAO PAULO SP",-23.4987683,-46.4952332
"8887","D051302193",2181,"ARICANDUVA, AV",9580,"ITAQUERA, AV",0,"","12/05/2013 02:08",2,"CO",66,3322," "," ",2,0,0,0,0,0,0,0,0,0,0,0,0,0,0,0,0,2181,"ARICANDUVA, AV",9580,"ITAQUERA, AV",20,"CARRAO",4,0,"ARICANDUVA, AV SAO PAULO SP &  ITAQUERA, AV SAO PAULO SP",-23.5479783,-46.5260893
"8888","D051301103",10317,"JOAO GOMES DE ARAUJO, RUA MAEST",351,"AGUA FRIA, AV",0,"","12/05/2013 02:30",4,"AT",20,4358," "," ",1,0,0,0,0,0,0,0,0,0,0,0,0,0,0,0,0,351,"AGUA FRIA, AV",10317,"JOAO GOMES DE ARAUJO, RUA MAEST",71,"SANTANA",1,0,"JOAO GOMES DE ARAUJO, RUA MAEST SAO PAULO SP &  AGUA FRIA, AV SAO PAULO SP",-23.4878346,-46.6220041
"8889","D051301293",33642,"MASAO WATANABE, AV",NA,"",675,"","12/05/2013 02:40",2,"CH",72,4284," "," ",0,1,0,0,0,0,0,0,0,0,0,0,0,0,0,0,0,33642,"MASAO WATANABE, AV",NA,"",8,"BELEM",2,0,"MASAO WATANABE, AV 675 SAO PAULO SP",-23.461277,-46.6658622
"8890","D051301909",17820,"TITO, AV MAL",NA,"",5500,"","12/05/2013 03:00",2,"CO",50,6311," "," ",1,1,0,0,0,0,0,0,0,0,0,0,0,0,0,0,0,17820,"TITO, AV MAL",NA,"",53,"MOEMA",1,0,"TITO, AV MAL 5500 SAO PAULO SP",-23.4967577,-46.3934365
"8891","D051301007",36061,"LUIZ DUMONT VILLARES, AV",NA,"",794,"","12/05/2013 03:46",4,"AT",9,4359," "," ",1,0,0,0,0,0,0,0,0,0,0,0,0,0,0,0,0,36061,"LUIZ DUMONT VILLARES, AV",NA,"",22,"CIDADE ADEMAR",1,0,"LUIZ DUMONT VILLARES, AV 794 SAO PAULO SP",-23.4947825,-46.6116437
"8892","D051300157",6624,"ESPIRITO SANTO, RUA",3699,"BUENO DE ANDRADE, RUA",0,"","12/05/2013 05:10",2,"QM",6,3709," "," ",0,1,0,0,0,0,0,0,0,0,0,0,0,0,0,0,0,797,"ALMEIDA TORRES, RUA",3699,"BUENO DE ANDRADE, RUA",NA,"",1,0,"ESPIRITO SANTO, RUA SAO PAULO SP &  BUENO DE ANDRADE, RUA SAO PAULO SP",-23.5681951,-46.6304197
"8893","D051301129",18151,"SEZEFREDO FAGUNDES, AV CEL",12716,"MANUEL GAYA, RUA",0,"","12/05/2013 05:57",2,"CO",20,5012," "," ",1,1,0,0,0,0,0,0,0,0,0,0,0,0,0,0,0,12716,"MANUEL GAYA, RUA",18151,"SEZEFREDO FAGUNDES, AV CEL",83,"TREMEMBE",2,0,"SEZEFREDO FAGUNDES, AV CEL SAO PAULO SP &  MANUEL GAYA, RUA SAO PAULO SP",-23.4550902,-46.6022715
"8894","D051300566",8714,"HENRIQUE SCHAUMANN, RUA",18813,"TEODORO SAMPAIO, RUA",0,"","12/05/2013 06:20",2,"CO",14,4740," "," ",1,0,0,0,0,0,0,1,0,0,0,0,0,0,0,0,0,8714,"HENRIQUE SCHAUMANN, RUA",18813,"TEODORO SAMPAIO, RUA",NA,"",5,0,"HENRIQUE SCHAUMANN, RUA SAO PAULO SP &  TEODORO SAMPAIO, RUA SAO PAULO SP",-23.5592028,-46.6816806
"8895","D051301724",62988,"CANUTO LUIZ DO NASCIMENTO, RUA",NA,"",520,"","12/05/2013 06:30",2,"CO",92,2966," "," ",1,0,0,0,0,0,0,0,0,0,0,0,0,0,0,1,0,62988,"CANUTO LUIZ DO NASCIMENTO, RUA",NA,"",32,"IGUATEMI",1,0,"CANUTO LUIZ DO NASCIMENTO, RUA 520 SAO PAULO SP",-23.6550974,-46.7525347
"8896","D051300096",2497,"AUGUSTA, RUA",NA,"",835,"","12/05/2013 06:30",4,"AT",4,3973," "," ",1,0,0,0,0,0,0,0,0,0,0,0,0,0,0,0,0,2497,"AUGUSTA, RUA",NA,"",26,"CONSOLACAO",2,0,"AUGUSTA, RUA 835 SAO PAULO SP",-23.5527312,-46.6537626
"8898","D051300407",9715,"JABAQUARA, AV",13915,"MIGUEL ESTEFANO, AV",0,"","12/05/2013 07:10",2,"CO",35,6364," "," ",2,1,0,0,0,0,0,0,0,0,0,0,0,0,0,0,0,9715,"JABAQUARA, AV",13915,"MIGUEL ESTEFANO, AV",79,"SAUDE",1,0,"JABAQUARA, AV SAO PAULO SP &  MIGUEL ESTEFANO, AV SAO PAULO SP",-23.6202152,-46.6396897
"8900","D051300645",18519,"SUMARE, AV",2900,"BARTIRA, RUA",0,"","12/05/2013 07:25",2,"CH",23,3329," "," ",1,0,0,0,0,0,0,0,0,0,0,0,0,0,0,0,0,2900,"BARTIRA, RUA",18519,"SUMARE, AV",61,"PERDIZES",2,0,"SUMARE, AV SAO PAULO SP &  BARTIRA, RUA SAO PAULO SP",-22.8071539,-47.223149
"8901","D051302318",2181,"ARICANDUVA, AV",NA,"",12001,"","12/05/2013 07:52",2,"CH",49,6559," "," ",1,0,0,0,0,0,0,0,0,0,0,0,0,0,0,0,0,2181,"ARICANDUVA, AV",NA,"",60,"PENHA",4,1,"ARICANDUVA, AV 12001 SAO PAULO SP",-23.5924783,-46.4723879
"8902","D051302317",67786,"FRANCISCO DO PIAUI, RUA S",46936,"JACU-PESSEGO/NOVA TRABALHADORE, AV",0,"","12/05/2013 08:00",2,"CV",63,3775," "," ",0,1,1,0,0,0,0,0,0,0,0,0,0,0,0,0,0,46936,"JACU-PESSEGO/NOVA TRABALHADORE, AV",67786,"FRANCISCO DO PIAUI, RUA S",36,"ITAQUERA",0,1,"FRANCISCO DO PIAUI, RUA S SAO PAULO SP &  JACU-PESSEGO/NOVA TRABALHADORE, AV SAO PAULO SP",-23.5392101,-46.4464333
"8903","D051301225",11321,"JULIO BUONO, AV",2737,"BAIXA, RUA",0,"","12/05/2013 10:30",2,"QM",39,2292," "," ",0,1,0,0,0,0,0,0,0,0,0,0,0,0,0,0,0,2737,"BAIXA, RUA",11321,"JULIO BUONO, AV",94,"VILA MEDEIROS",1,0,"JULIO BUONO, AV SAO PAULO SP &  BAIXA, RUA SAO PAULO SP",-23.497339,-46.598904
"8904","D051302041",20804,"LUIS MATEUS (GUAIANAZES), RUA",NA,"",1704,"","12/05/2013 10:31",2,"CO",103,3780," "," ",1,1,0,0,0,0,0,0,0,0,0,0,0,0,0,0,0,20804,"LUIS MATEUS (GUAIANAZES), RUA",NA,"",51,"MANDAQUI",1,0,"LUIS MATEUS (GUAIANAZES), RUA 1704 SAO PAULO SP",-23.0602933,-45.6222887
"8905","D051300801",1429,"ANHANGUERA, VIA",NA,"",22500,"","12/05/2013 10:35",2,"CO",46,4493," "," ",1,1,0,0,0,0,0,0,0,0,0,0,0,0,0,0,0,1429,"ANHANGUERA, VIA",NA,"",73,"SAO DOMINGOS",2,0,"ANHANGUERA, VIA 22500 SAO PAULO SP",-23.4900941,-46.7665396
"8906","D051300571",18813,"TEODORO SAMPAIO, RUA",NA,"",800,"","12/05/2013 10:57",2,"CO",14,4864," "," ",1,0,0,0,0,0,0,1,0,0,0,0,0,0,0,0,0,18813,"TEODORO SAMPAIO, RUA",NA,"",20,"CARRAO",1,0,"TEODORO SAMPAIO, RUA 800 SAO PAULO SP",-23.5578603,-46.6780114
"8907","D051300567",6819,"EUSEBIO MATOSO, AV",NA,"",100,"","12/05/2013 12:00",4,"AT",14,4746," "," ",1,0,0,0,0,0,0,0,0,0,0,0,0,0,0,0,0,6819,"EUSEBIO MATOSO, AV",NA,"",63,"PINHEIROS",2,0,"EUSEBIO MATOSO, AV 100 SAO PAULO SP",-23.5706576,-46.6911491
"8908","D051302319",19162,"TRIESTE, RUA",NA,"",17,"","12/05/2013 12:10",2,"CH",10,5356," "," ",1,0,0,0,1,0,0,0,0,0,0,0,0,0,0,0,0,19162,"TRIESTE, RUA",NA,"",38,"JACANA",0,1,"TRIESTE, RUA 17 SAO PAULO SP",-23.5565829,-46.4992239
"8909","D051300097",14804,"NOVE DE JULHO, AV",NA,"",2040,"","12/05/2013 12:24",2,"QD",4,3984," "," ",0,0,0,0,0,0,0,1,0,0,0,0,0,0,0,0,0,14804,"NOVE DE JULHO, AV",NA,"",63,"PINHEIROS",1,0,"NOVE DE JULHO, AV 2040 SAO PAULO SP",-23.5587637,-46.6541532
"8910","D051301367",33234,"MARGINAL DIREITA DO TIETE, AV",NA,"",20500,"","12/05/2013 12:30",2,"CO",90,5024," "," ",3,0,0,0,0,0,0,0,0,0,0,0,0,0,0,0,0,29772,"MARGINAL DO RIO TIETE, AV",NA,"",39,"JAGUARA",1,0,"MARGINAL DIREITA DO TIETE, AV 20500 SAO PAULO SP",-23.5167857,-46.7428458
"8911","D051302122",13294,"MARIA LUIZA AMERICANO, AV",11830,"LIDER, AV",0,"","12/05/2013 13:41",2,"CO",53,3335," "," ",1,1,0,0,0,0,0,0,0,0,0,0,0,0,0,0,0,11830,"LIDER, AV",13294,"MARIA LUIZA AMERICANO, AV",24,"CIDADE LIDER",1,0,"MARIA LUIZA AMERICANO, AV SAO PAULO SP &  LIDER, AV SAO PAULO SP",-23.5790785,-46.4814067
"8912","D051301008",6039,"DOMINGOS LUIS, PQ",NA,"",572,"","12/05/2013 13:44",2,"CH",9,4374," "," ",1,0,0,0,0,0,0,0,0,0,0,0,0,0,0,0,0,6039,"DOMINGOS LUIS, PQ",NA,"",71,"SANTANA",1,0,"DOMINGOS LUIS, PQ 572 SAO PAULO SP",-23.4940604,-46.6138977
"8913","D051301314",8320,"GUAPIRA, AV",NA,"",2862,"","12/05/2013 14:00",4,"AT",73,5022," "," ",0,1,0,0,0,0,0,0,0,0,0,0,0,0,0,0,0,8320,"GUAPIRA, AV",NA,"",38,"JACANA",1,0,"GUAPIRA, AV 2862 SAO PAULO SP",-23.4646551,-46.5834264
"8915","D051301511",1111,"AMERICO VESPUCCI, RUA",24338,"LUIZ IGNACIO ANHAIA MELLO, AV PROF",0,"","12/05/2013 14:19",2,"CO",56,3161," "," ",1,1,0,0,0,0,0,0,0,0,0,0,0,0,0,0,0,1111,"AMERICO VESPUCCI, RUA",24338,"LUIZ IGNACIO ANHAIA MELLO, AV PROF",95,"VILA PRUDENTE",1,0,"AMERICO VESPUCCI, RUA SAO PAULO SP &  LUIZ IGNACIO ANHAIA MELLO, AV PROF SAO PAULO SP",-23.5837284,-46.5787406
"8916","D051300442",4369,"JOAO CORREA DE BRITO, RUA",6925,"FAWCETT, RUA CEL",0,"","12/05/2013 14:30",2,"CL",83,4158," "," ",1,1,0,0,0,0,0,0,0,0,0,0,0,0,0,0,0,4369,"JOAO CORREA DE BRITO, RUA",6925,"FAWCETT, RUA CEL",27,"CURSINO",1,0,"JOAO CORREA DE BRITO, RUA SAO PAULO SP &  FAWCETT, RUA CEL SAO PAULO SP",-23.6330841,-46.6106558
"8917","D051300743",17566,"SABIN, AV",NA,"",210,"","12/05/2013 14:40",2,"CO",37,3746," "," ",0,1,0,0,0,0,0,0,0,0,0,1,0,0,0,0,0,17566,"SABIN, AV",NA,"",19,"CAPAO REDONDO",1,0,"SABIN, AV 210 SAO PAULO SP",-23.6569069,-46.7691491
"8919","D051301368",10471,"JOAO SIMAO DE CASTRO, AV",NA,"",2100,"","12/05/2013 15:20",2,"QM",90,5027," "," ",0,1,0,0,0,0,0,0,0,0,0,0,0,0,0,0,0,10471,"JOAO SIMAO DE CASTRO, AV",NA,"",94,"VILA MEDEIROS",2,0,"JOAO SIMAO DE CASTRO, AV 2100 SAO PAULO SP",-23.4891204,-46.5676727
"8921","D051301841",15996,"PEDRO SOARES DE ANDRADE, RUA",NA,"",931,"","12/05/2013 15:37",2,"CF",22,3785," "," ",2,0,0,0,0,0,0,0,0,0,0,0,0,0,0,0,0,15996,"PEDRO SOARES DE ANDRADE, RUA",NA,"",53,"MOEMA",1,0,"PEDRO SOARES DE ANDRADE, RUA 931 SAO PAULO SP",-23.5034499,-46.435588
"8922","D051301806",67052,"LEONFORTE, RUA",NA,"",80,"","12/05/2013 16:00",4,"AT",101,3613," "," ",0,1,0,0,0,0,0,0,0,0,0,0,0,0,0,0,0,67052,"LEONFORTE, RUA",NA,"",32,"IGUATEMI",1,0,"LEONFORTE, RUA 80 SAO PAULO SP",-23.7512341,-46.6711501
"8923","D051302121",45313,"CONFISSAO, RUA",NA,"",147,"","12/05/2013 16:05",4,"AT",53,3334," "," ",0,1,0,0,0,0,0,0,0,0,0,0,0,0,0,0,0,45313,"CONFISSAO, RUA",NA,"",58,"PARQUE DO CARMO",1,0,"CONFISSAO, RUA 147 SAO PAULO SP",-23.5820909,-46.4542378