"","id_acidente","codloga","logradouroA","codlogb","logradouroB","alt_num","referencia","data","cod_acid","tipo_acidente","dp","numero_BO","sentido","pista","automovel","moto","onibus","caminhao","bicicleta","moto_taxi","onibus_fretado","onibus_urbano","microonibus","van","vuc","caminhonete","carreta","jipe","outros","sem_informacao","carroca","princ_a","paiA","princ_b","paiB","cod_distrito","distrito","vit_ferida","vit_morta","local","lat","lon"
"8924","D051301294",67406,"IRATAUA, RUA",74306,"ITATIBA DO SUL, RUA",0,"","12/05/2013 16:20",2,"CO",72,4302," "," ",1,1,0,0,0,0,0,0,0,0,0,0,0,0,0,0,0,67406,"IRATAUA, RUA",74306,"ITATIBA DO SUL, RUA",NA,"",1,0,"IRATAUA, RUA SAO PAULO SP &  ITATIBA DO SUL, RUA SAO PAULO SP",-23.4510506,-46.6855291
"8925","D051301842",17820,"TITO, AV MAL",NA,"",2683,"","12/05/2013 17:20",2,"CT",22,3799," "," ",1,1,0,0,0,0,0,0,0,0,0,0,0,0,0,0,0,17820,"TITO, AV MAL",NA,"",53,"MOEMA",2,0,"TITO, AV MAL 2683 SAO PAULO SP",-23.4938243,-46.4197007
"8927","D051300309",1247,"ANCHIETA, VIA",NA,"",999,"","12/05/2013 18:00",2,"CO",17,1221," "," ",1,0,0,0,0,0,0,0,0,0,0,1,0,0,0,1,0,1247,"ANCHIETA, VIA",NA,"",33,"IPIRANGA",2,0,"ANCHIETA, VIA 999 SAO PAULO SP",-23.6104809,-46.5999579
"8928","D051301577",6238,"NACOES UNIDAS, AV DAS",NA,"",20025,"","12/05/2013 18:00",2,"CT",11,5415," "," ",0,1,0,0,0,0,0,0,0,0,0,0,0,0,0,1,0,13014,"MARGINAL DO RIO PINHEIROS, AV",NA,"",90,"VILA LEOPOLDINA",1,0,"NACOES UNIDAS, AV DAS 20025 SAO PAULO SP",-23.6791493,-46.6960629
"8929","D051300800",1681,"ANTONIO DE PADUA DIAS, RUA",NA,"",1114,"","12/05/2013 18:19",2,"CH",46,4457," "," ",1,0,0,0,0,0,0,0,0,0,0,0,0,0,0,0,0,1681,"ANTONIO DE PADUA DIAS, RUA",NA,"",62,"PERUS",3,0,"ANTONIO DE PADUA DIAS, RUA 1114 SAO PAULO SP",-23.3998462,-46.7553237
"8930","D051301200",277,"AFONSO LOPES VIEIRA, RUA",8096,"GOMES LEAL, RUA",0,"","12/05/2013 18:23",4,"AT",38,4308," "," ",1,0,0,0,0,0,0,0,0,0,0,0,0,0,0,0,0,277,"AFONSO LOPES VIEIRA, RUA",8096,"GOMES LEAL, RUA",13,"CACHOEIRINHA",1,0,"AFONSO LOPES VIEIRA, RUA SAO PAULO SP &  GOMES LEAL, RUA SAO PAULO SP",-23.464584,-46.6646161
"8931","D051301199",13374,"MARIANA CALIGIORI RONCHETTI, AV",NA,"",1183,"","12/05/2013 18:30",2,"CO",38,4304," "," ",0,1,0,0,0,0,0,0,0,0,0,1,0,0,0,0,0,13374,"MARIANA CALIGIORI RONCHETTI, AV",NA,"",13,"CACHOEIRINHA",1,0,"MARIANA CALIGIORI RONCHETTI, AV 1183 SAO PAULO SP",-23.4581895,-46.6604251
"8932","D051301827",2483,"ATLANTICA ANT. ROBERT KENNEDY, AV",NA,"",5300,"","12/05/2013 18:30",2,"CO",102,5416," "," ",2,0,0,0,0,0,0,0,0,0,0,0,0,0,0,0,0,2483,"ATLANTICA ANT. ROBERT KENNEDY, AV",NA,"",23,"CIDADE DUTRA",1,0,"ATLANTICA ANT. ROBERT KENNEDY, AV 5300 SAO PAULO SP",-23.5505199,-46.6333094
"8933","D051301653",73126,"IVANIR FERNANDES, RUA",NA,"",286,"","12/05/2013 19:06",2,"CO",47,5940," "," ",0,1,0,0,0,0,0,0,0,0,0,1,0,0,0,0,0,73126,"IVANIR FERNANDES, RUA",NA,"",29,"FREGUESIA DO O",1,0,"IVANIR FERNANDES, RUA 286 SAO PAULO SP",-23.6760183,-46.7852102
"8934","D051302194",17135,"RIO DAS PEDRAS, AV",NA,"",3185,"","12/05/2013 19:30",2,"CH",66,3338," "," ",0,1,0,0,0,0,0,0,0,0,0,0,0,0,0,0,0,17135,"RIO DAS PEDRAS, AV",NA,"",27,"CURSINO",1,0,"RIO DAS PEDRAS, AV 3185 SAO PAULO SP",-23.5802352,-46.5014134
"8935","D051300210",543,"ALCANTARA MACHADO, AV",NA,"",3832,"","12/05/2013 19:30",2,"CT",8,5113," "," ",2,0,0,0,0,0,0,0,0,0,0,0,0,0,0,0,0,543,"ALCANTARA MACHADO, AV",NA,"",10,"BRAS",1,0,"ALCANTARA MACHADO, AV 3832 SAO PAULO SP",-23.5507838,-46.6078971
"8936","D051300839",13019,"ESCOLA POLITECNICA, AV",67130,"JOAQUIM DIAS BICALHO, RUA",0,"","12/05/2013 19:40",2,"CO",51,4761," "," ",1,1,0,0,0,0,0,0,0,0,0,0,0,0,0,0,0,13019,"ESCOLA POLITECNICA, AV",67130,"JOAQUIM DIAS BICALHO, RUA",68,"RIO PEQUENO",1,0,"ESCOLA POLITECNICA, AV SAO PAULO SP &  JOAQUIM DIAS BICALHO, RUA SAO PAULO SP",-23.5585284,-46.7466636
"8937","D051302042",37933,"SILVIO BARBINI, RUA",39240,"EMILIA BRASAO, RUA",0,"","12/05/2013 20:00",4,"AT",103,3796," "," ",1,0,0,0,0,0,0,0,0,0,0,0,0,0,0,0,0,37933,"SILVIO BARBINI, RUA",39240,"EMILIA BRASAO, RUA",46,"JOSE BONIFACIO",1,0,"SILVIO BARBINI, RUA SAO PAULO SP &  EMILIA BRASAO, RUA SAO PAULO SP",-23.5398113,-46.4350035
"8938","D051302290",7500,"FRANCISCO MORATO, AV PROF",NA,"",5200,"","12/05/2013 20:00",4,"AT",89,4151,"B"," ",0,1,0,0,0,0,0,0,0,0,0,0,0,0,0,0,0,7500,"FRANCISCO MORATO, AV PROF",NA,"",12,"BUTANTA",1,1,"FRANCISCO MORATO, AV PROF 5200 SAO PAULO SP",-23.6008882,-46.7428419
"8939","D051302010",13850,"ALDEIA MANUEL ANTONIO, AV",NA,"",7,"","12/05/2013 20:10",2,"CO",65,5112," "," ",1,1,0,0,0,0,0,0,0,0,0,0,0,0,0,0,0,13850,"ALDEIA MANUEL ANTONIO, AV",NA,"",5,"ARTUR ALVIM",1,0,"ALDEIA MANUEL ANTONIO, AV 7 SAO PAULO SP",-23.543413,-46.4926995
"8940","D051301104",3813,"CAETANO ALVARES, AV ENG",NA,"",5100,"","12/05/2013 20:30",2,"QM",20,4385," "," ",0,1,0,0,0,0,0,0,0,0,0,0,0,0,0,0,0,3813,"CAETANO ALVARES, AV ENG",NA,"",21,"CASA VERDE",1,0,"CAETANO ALVARES, AV ENG 5100 SAO PAULO SP",-23.4861005,-46.6390393
"8943","D051301295",3771,"INAJAR DE SOUZA, AV",NA,"",6000,"","12/05/2013 22:15",2,"CO",72,4315," "," ",2,0,0,0,0,0,0,0,0,0,0,0,0,0,0,0,0,3771,"INAJAR DE SOUZA, AV",NA,"",50,"LIMAO",8,0,"INAJAR DE SOUZA, AV 6000 SAO PAULO SP",-23.4595858,-46.6735483
"8944","D051300235",17180,"RITA, RUA STA",NA,"",800,"","12/05/2013 22:20",4,"AT",12,3764," "," ",0,1,0,0,0,0,0,0,0,0,0,0,0,0,0,0,0,17180,"RITA, RUA STA",NA,"",25,"CIDADE TIRADENT",1,0,"RITA, RUA STA 800 SAO PAULO SP",-23.5281992,-46.6070602
"8945","D051301698",20048,"YERVANT KISSAJIKIAN, AV",NA,"",1371,"","12/05/2013 22:25",2,"CO",80,5094," "," ",0,1,1,0,0,0,0,0,0,0,0,0,0,0,0,0,0,20048,"YERVANT KISSAJIKIAN, AV",NA,"",29,"FREGUESIA DO O",1,0,"YERVANT KISSAJIKIAN, AV 1371 SAO PAULO SP",-23.672291,-46.6667803
"8946","D051301320",13822,"MENDES DA ROCHA, AV",9512,"ITAMONTE, RUA",0,"","12/05/2013 22:30",2,"CO",73,5223," "," ",0,0,0,0,1,0,0,0,0,0,0,0,0,0,0,1,0,9512,"ITAMONTE, RUA",13822,"MENDES DA ROCHA, AV",94,"VILA MEDEIROS",1,0,"MENDES DA ROCHA, AV SAO PAULO SP &  ITAMONTE, RUA SAO PAULO SP",-23.4817987,-46.5712184
"8947","D051302275",12436,"MACEDO SOARES, AV EMB",NA,"",7729,"","12/05/2013 22:38",2,"CH",91,3354," "," ",1,0,0,0,0,0,0,0,0,0,0,0,0,0,0,0,0,29772,"MARGINAL DO RIO TIETE, AV",NA,"",48,"LAPA",4,1,"MACEDO SOARES, AV EMB 7729 SAO PAULO SP",-23.5184662,-46.7431364
"8948","D051301283",15791,"ORLANDO GARCIA DA SILVEIRA, AV PDE",NA,"",509,"","12/05/2013 23:42",2,"CO",45,4316," "," ",1,0,0,0,1,0,0,0,0,0,0,0,0,0,0,0,0,15791,"ORLANDO GARCIA DA SILVEIRA, AV PDE",NA,"",40,"JAGUARE",1,0,"ORLANDO GARCIA DA SILVEIRA, AV PDE 509 SAO PAULO SP",-23.5505199,-46.6333094
"8949","D051302016",10393,"JOAO NERY, ES DOM",NA,"",3550,"","12/05/2013 23:50",4,"AT",67,1315," "," ",0,0,0,0,0,0,0,0,0,0,0,0,0,0,0,1,0,10393,"JOAO NERY, ES DOM",NA,"",54,"MOOCA",1,0,"JOAO NERY, ES DOM 3550 SAO PAULO SP",-23.5505199,-46.6333094
"8950","D051301389",4128,"CANGAIBA, AV",NA,"",2362,"","12/05/2013 23:52",2,"CH",10,5374," "," ",1,0,0,0,0,0,0,0,0,0,0,0,0,0,0,0,0,4128,"CANGAIBA, AV",NA,"",18,"CANGAIBA",1,0,"CANGAIBA, AV 2362 SAO PAULO SP",-23.5068836,-46.5328106
"8951","D051300179",543,"ALCANTARA MACHADO, AV",NA,"",600,"","13/05/2013 00:48",2,"CH",8,3732," "," ",1,0,0,0,0,0,0,0,0,0,0,0,0,0,0,0,0,543,"ALCANTARA MACHADO, AV",NA,"",10,"BRAS",1,0,"ALCANTARA MACHADO, AV 600 SAO PAULO SP",-23.5465965,-46.5995613
"8952","D051302259",67821,"JESUINO ANTONIO BATISTA, RUA",NA,"",207,"","13/05/2013 02:20",4,"AT",72,4317," "," ",0,0,0,0,0,0,0,0,0,0,0,0,0,0,0,1,0,67821,"JESUINO ANTONIO BATISTA, RUA",NA,"",40,"JAGUARE",0,1,"JESUINO ANTONIO BATISTA, RUA 207 SAO PAULO SP",-23.4580503,-46.6928855
"8953","D051301943",15263,"OVIDIO LOPES, RUA",NA,"",428,"","13/05/2013 02:25",2,"CH",62,5330," "," ",2,0,0,0,0,0,0,0,0,0,0,1,0,0,0,0,0,15263,"OVIDIO LOPES, RUA",NA,"",0,"NULL",1,0,"OVIDIO LOPES, RUA 428 SAO PAULO SP",-23.4977757,-46.4813104
"8954","D051300950",831,"ALTINO, AV PRES",NA,"",2939,"","13/05/2013 05:00",4,"AT",93,3045," "," ",1,0,0,0,0,0,0,0,0,0,0,0,0,0,0,0,0,831,"ALTINO, AV PRES",NA,"",40,"JAGUARE",1,0,"ALTINO, AV PRES 2939 SAO PAULO SP",-23.5314542,-46.7562123
"8955","D051300145",6642,"ESTADO, AV DO",15967,"PEDRO I, AV DOM",0,"","13/05/2013 05:20",2,"CO",6,2236," "," ",2,0,0,0,0,0,0,0,0,0,0,0,0,0,0,0,0,6642,"ESTADO, AV DO",14805,"ALBERTO LION, PCA",14,"CAMBUCI",1,0,"ESTADO, AV DO SAO PAULO SP &  PEDRO I, AV DOM SAO PAULO SP",-23.5635869,-46.6112253
"8956","D051301632",34128,"JOAO DE LUCA, AV VER",NA,"",1455,"","13/05/2013 06:00",2,"CO",43,1788," "," ",0,1,0,0,0,0,0,0,0,0,0,1,0,0,0,0,0,34128,"JOAO DE LUCA, AV VER",NA,"",42,"JARDIM ANGELA",1,0,"JOAO DE LUCA, AV VER 1455 SAO PAULO SP",-23.6551105,-46.6666792
"8957","D051300874",13384,"MARIANO RONCHI, RUA PDE",NA,"",100,"","13/05/2013 06:30",2,"CO",87,2460," "," ",2,0,0,0,0,0,0,0,0,0,0,0,0,0,0,0,0,13384,"MARIANO RONCHI, RUA PDE",NA,"",64,"PIRITUBA",1,0,"MARIANO RONCHI, RUA PDE 100 SAO PAULO SP",-23.5505199,-46.6333094
"8958","D051301904",18940,"TIBURCIO DE SOUSA, RUA",NA,"",379,"","13/05/2013 06:40",2,"CL",50,5930," "," ",1,1,0,0,0,0,0,0,0,0,0,0,0,0,0,0,0,18940,"TIBURCIO DE SOUSA, RUA",NA,"",35,"ITAIM PAULISTA",2,0,"TIBURCIO DE SOUSA, RUA 379 SAO PAULO SP",-23.5006166,-46.3984583
"8959","D051301354",14270,"MORVAN DIAS DE FIGUEIREDO, AV",21161,"FRANCISCO FANGANIELO, RUA",0,"","13/05/2013 07:00",2,"CO",90,1896," "," ",0,2,0,0,0,0,0,0,0,0,0,0,0,0,0,0,0,14270,"MORVAN DIAS DE FIGUEIREDO, AV",21161,"FRANCISCO FANGANIELO, RUA",91,"VILA MARIA",2,0,"MORVAN DIAS DE FIGUEIREDO, AV SAO PAULO SP &  FRANCISCO FANGANIELO, RUA SAO PAULO SP",-23.5218788,-46.6058375
"8960","D051300180",543,"ALCANTARA MACHADO, AV",8798,"HIPODROMO, RUA",0,"","13/05/2013 07:20",4,"AT",8,3738," "," ",1,0,0,0,0,0,0,0,0,0,0,0,0,0,0,0,0,543,"ALCANTARA MACHADO, AV",8798,"HIPODROMO, RUA",54,"MOOCA",1,0,"ALCANTARA MACHADO, AV SAO PAULO SP &  HIPODROMO, RUA SAO PAULO SP",-23.5528151,-46.613419
"8961","D051302142",99564,"CONJUNTO SITIO DA CONCEICAO, RUA",45265,"QUINTA SINFONIA, RUA",0,"","13/05/2013 07:22",4,"AT",54,2617," "," ",0,0,1,0,0,0,0,0,0,0,0,0,0,0,0,0,0,45265,"QUINTA SINFONIA, RUA",99564,"CONJUNTO SITIO DA CONCEICAO, RUA",25,"CIDADE TIRADENT",1,0,"CONJUNTO SITIO DA CONCEICAO, RUA SAO PAULO SP &  QUINTA SINFONIA, RUA SAO PAULO SP",-23.5791767,-46.3945149
"8963","D051300289",12242,"LUIS GOIS, RUA",NA,"",357,"","13/05/2013 08:00",4,"AT",16,6403," "," ",0,1,0,0,0,0,0,0,0,0,0,0,0,0,0,0,0,12242,"LUIS GOIS, RUA",NA,"",79,"SAUDE",1,0,"LUIS GOIS, RUA 357 SAO PAULO SP",-23.6042305,-46.6309465
"8964","D051300740",34682,"CAMPO LIMPO, ES DO",NA,"",5696,"","13/05/2013 08:20",2,"CT",37,3733," "," ",1,1,0,0,0,0,0,0,0,0,0,0,0,0,0,0,0,34682,"CAMPO LIMPO, ES DO",NA,"",17,"CAMPO LIMPO",1,0,"CAMPO LIMPO, ES DO 5696 SAO PAULO SP",-23.2019463,-46.785846
"8965","D051300698",7500,"FRANCISCO MORATO, AV PROF",NA,"",3814,"","13/05/2013 08:40",4,"AT",34,2855," "," ",1,1,0,0,0,0,0,0,0,0,0,0,0,0,0,0,0,7500,"FRANCISCO MORATO, AV PROF",NA,"",12,"BUTANTA",2,0,"FRANCISCO MORATO, AV PROF 3814 SAO PAULO SP",-23.5924837,-46.7327597
"8967","D051300494",19100,"BANDEIRANTES, AV DOS",9195,"INHAMBU, RUA",0,"","13/05/2013 09:23",2,"CO",96,4993," "," ",3,1,0,0,0,0,0,0,0,0,0,0,0,0,0,0,0,9195,"INHAMBU, RUA",19100,"BANDEIRANTES, AV DOS",53,"MOEMA",1,0,"BANDEIRANTES, AV DOS SAO PAULO SP &  INHAMBU, RUA SAO PAULO SP",-23.6016317,-46.6827292
"8968","D051300244",10101,"JOAO, AV S",NA,"",1889,"","13/05/2013 09:28",2,"SI",77,1986," "," ",0,2,0,0,0,0,0,0,0,0,0,0,0,0,0,0,0,10101,"JOAO, AV S",NA,"",67,"REPUBLICA",1,0,"JOAO, AV S 1889 SAO PAULO SP",-23.5366653,-46.6506463
"8969","D051301139",3771,"INAJAR DE SOUZA, AV",NA,"",2000,"","13/05/2013 09:40",2,"CO",28,2539," "," ",1,1,0,0,0,0,0,0,0,0,0,0,0,0,0,0,0,3771,"INAJAR DE SOUZA, AV",NA,"",50,"LIMAO",2,0,"INAJAR DE SOUZA, AV 2000 SAO PAULO SP",-23.4883925,-46.6833461
"8970","D051300469",15598,"PATENTE, AV",21035,"ANTONIO DA SILVA B. JUNIOR, RUA",0,"","13/05/2013 09:40",2,"CO",95,2211," "," ",1,1,0,0,0,0,0,0,0,0,0,0,0,0,0,0,0,15598,"PATENTE, AV",59016,"APOLONIA MANELLI, RUA",69,"SACOMA",1,0,"PATENTE, AV SAO PAULO SP &  ANTONIO DA SILVA B. JUNIOR, RUA SAO PAULO SP",-23.6261313,-46.58659
"8971","D051302257",23462,"JORGE PIRES RAMALHO, RUA",NA,"",573,"","13/05/2013 10:05",2,"CF",74,2077," "," ",0,1,1,0,0,0,0,0,0,0,0,0,0,0,0,0,0,23462,"JORGE PIRES RAMALHO, RUA",NA,"",40,"JAGUARE",0,1,"JORGE PIRES RAMALHO, RUA 573 SAO PAULO SP",-23.4604372,-46.6987143
"8972","D051300681",1571,"ANTONIO AYROSA, RUA",NA,"",455,"","13/05/2013 10:15",2,"CO",33,4476," "," ",2,0,0,0,0,0,0,0,0,0,0,0,0,0,0,0,0,1571,"ANTONIO AYROSA, RUA",NA,"",39,"JAGUARA",3,0,"ANTONIO AYROSA, RUA 455 SAO PAULO SP",-23.5129863,-46.7543323
"8973","D051300984",5204,"CONCEICAO (ES.), AV",NA,"",1288,"","13/05/2013 10:30",2,"CO",9,2717," "," ",1,1,0,0,0,0,0,0,0,0,0,0,0,0,0,0,0,5204,"CONCEICAO (ES.), AV",NA,"",88,"VILA GUILHERME",1,0,"CONCEICAO (ES.), AV 1288 SAO PAULO SP",-23.5505199,-46.6333094
"8974","D051300568",6897,"FARIA LIMA, AV BRIG",NA,"",800,"","13/05/2013 11:20",4,"AT",14,4773," "," ",1,0,0,0,0,0,0,0,0,0,0,0,0,0,0,0,0,6897,"FARIA LIMA, AV BRIG",NA,"",63,"PINHEIROS",1,0,"FARIA LIMA, AV BRIG 800 SAO PAULO SP",-23.5732587,-46.6895415
"8975","D051300701",12214,"PAULO BOURROUL, RUA",NA,"",377,"","13/05/2013 11:30",4,"AT",34,2881," "," ",0,0,0,1,0,0,0,0,0,0,0,0,0,0,0,0,0,12214,"PAULO BOURROUL, RUA",NA,"",55,"MORUMBI",3,0,"PAULO BOURROUL, RUA 377 SAO PAULO SP",-23.6094531,-46.7021403
"8977","D051300682",14350,"MUTINGA, AV",NA,"",5580,"","13/05/2013 11:40",2,"CO",33,4478," "," ",1,1,0,0,0,0,0,0,0,0,0,0,0,0,0,0,0,14350,"MUTINGA, AV",NA,"",64,"PIRITUBA",1,0,"MUTINGA, AV 5580 SAO PAULO SP",-23.5079549,-46.7616537
"8978","D051302258",30556,"DURANDE, RUA",10995,"JOSE GIORDANO, RUA",0,"","13/05/2013 11:46",2,"CH",64,3900," "," ",0,1,0,0,0,0,0,0,0,0,0,0,0,0,0,0,0,10995,"JOSE GIORDANO, RUA",30556,"DURANDE, RUA",5,"ARTUR ALVIM",0,1,"DURANDE, RUA SAO PAULO SP &  JOSE GIORDANO, RUA SAO PAULO SP",-23.5381681,-46.4838161
"8979","D051301799",15507,"TEOTONIO VILELA, AV SEN",3509,"BELMIRA MARIN, AV DONA",0,"","13/05/2013 12:00",2,"CT",101,2413," "," ",2,1,0,0,0,0,0,0,0,0,0,0,0,0,0,0,0,3509,"BELMIRA MARIN, AV DONA",15507,"TEOTONIO VILELA, AV SEN",23,"CIDADE DUTRA",1,0,"TEOTONIO VILELA, AV SEN SAO PAULO SP &  BELMIRA MARIN, AV DONA SAO PAULO SP",-23.7290679,-46.698928
"8980","D051302000",6252,"EDUARDO LEJEUNE, RUA CEL",6187,"EDGAR SANTOS, AV PROF",0,"","13/05/2013 12:10",4,"AT",65,1624," "," ",1,0,0,0,0,0,0,0,0,0,0,0,0,0,0,0,0,6187,"EDGAR SANTOS, AV PROF",6252,"EDUARDO LEJEUNE, RUA CEL",5,"ARTUR ALVIM",1,0,"EDUARDO LEJEUNE, RUA CEL SAO PAULO SP &  EDGAR SANTOS, AV PROF SAO PAULO SP",-23.5487198,-46.4987919
"8981","D051300538",16299,"PIO XI, RUA",2736,"BAIRI, RUA",0,"","13/05/2013 12:11",2,"CO",7,2992," "," ",1,1,0,0,0,0,0,0,0,0,0,0,0,0,0,0,0,2736,"BAIRI, RUA",16299,"PIO XI, RUA",48,"LAPA",1,0,"PIO XI, RUA SAO PAULO SP &  BAIRI, RUA SAO PAULO SP",-23.5309008,-46.7120844
"8982","D051301762",14743,"SABARA, AV NSRA DO",NA,"",5388,"","13/05/2013 12:15",2,"CO",99,2075," "," ",1,1,0,0,0,0,0,0,0,0,0,0,0,0,0,0,0,14743,"SABARA, AV NSRA DO",NA,"",16,"CAMPO GRANDE",2,0,"SABARA, AV NSRA DO 5388 SAO PAULO SP",-23.5505199,-46.6333094
"8983","D051300181",543,"ALCANTARA MACHADO, AV",1307,"ANDRE DE LEAO, RUA",0,"","13/05/2013 12:15",4,"AT",8,3749," "," ",1,0,0,0,0,0,0,0,0,0,0,0,0,0,0,0,0,543,"ALCANTARA MACHADO, AV",1307,"ANDRE DE LEAO, RUA",10,"BRAS",1,0,"ALCANTARA MACHADO, AV SAO PAULO SP &  ANDRE DE LEAO, RUA SAO PAULO SP",-23.5528151,-46.613419
"8984","D051300985",14916,"OLAVO EGIDIO, RUA DR",5567,"CRUZEIRO DO SUL, AV",0,"","13/05/2013 12:20",4,"AT",9,2721," "," ",1,0,0,0,0,0,0,0,0,0,0,0,0,0,0,0,0,5567,"CRUZEIRO DO SUL, AV",14916,"OLAVO EGIDIO, RUA DR",71,"SANTANA",1,0,"OLAVO EGIDIO, RUA DR SAO PAULO SP &  CRUZEIRO DO SUL, AV SAO PAULO SP",-23.4999667,-46.6205539
"8985","D051301532",35251,"TADASHI NISHII, PCA COMEN",6239,"EDUARDO COTCHING, AV DR",0,"","13/05/2013 12:25",2,"CO",58,1026," "," ",1,1,0,0,0,0,0,0,0,0,0,0,0,0,0,0,0,2009,"ARACE, RUA",6239,"EDUARDO COTCHING, AV DR",87,"VILA FORMOSA",1,0,"TADASHI NISHII, PCA COMEN SAO PAULO SP &  EDUARDO COTCHING, AV DR SAO PAULO SP",-23.5505199,-46.6333094
"8986","D051301859",13883,"MIGUEL, RUA S",NA,"",4015,"","13/05/2013 12:36",2,"QD",24,5135," "," ",0,0,0,0,0,0,0,1,0,0,0,0,0,0,0,0,0,13883,"MIGUEL, RUA S",NA,"",34,"ITAIM BIBI",1,0,"MIGUEL, RUA S 4015 SAO PAULO SP",-23.5084724,-46.4945053
"8987","D051302214",43404,"VILANOVA ARTIGAS, AV ARQ",NA,"",980,"","13/05/2013 13:00",4,"AT",69,5066," "," ",0,0,1,0,0,0,0,0,0,0,0,0,0,0,0,0,0,43404,"VILANOVA ARTIGAS, AV ARQ",NA,"",56,"PARELHEIROS",1,0,"VILANOVA ARTIGAS, AV ARQ 980 SAO PAULO SP",-23.5505199,-46.6333094
"8988","D051301254",73663,"NELSON FRANCISCO, RUA",NA,"",31,"","13/05/2013 13:15",2,"CO",40,1579," "," ",1,1,0,0,0,0,0,0,0,0,0,0,0,0,0,0,0,73663,"NELSON FRANCISCO, RUA",NA,"",44,"JARDIM PAULISTA",1,0,"NELSON FRANCISCO, RUA 31 SAO PAULO SP",-23.505362,-46.6789689
"8990","D051300389",4596,"CATARINA, AV STA",NA,"",1772,"","13/05/2013 13:34",4,"AT",35,3970," "," ",0,1,0,0,0,0,0,0,0,0,0,0,0,0,0,0,0,4596,"CATARINA, AV STA",NA,"",37,"JABAQUARA",1,0,"CATARINA, AV STA 1772 SAO PAULO SP",-23.6503027,-46.6607716
"8991","D051300783",9952,"JARAGUA, RUA",NA,"",1000,"","13/05/2013 13:36",2,"CO",46,2248," "," ",1,1,0,0,0,0,0,0,0,0,0,0,0,0,0,0,0,9952,"JARAGUA, RUA",NA,"",NA,"",1,0,"JARAGUA, RUA 1000 SAO PAULO SP",-23.4861691,-46.7560113
"8992","D051300640",44885,"AURO SOARES DE M.ANDRADE, AV",NA,"",664,"","13/05/2013 13:50",2,"CO",23,3005," "," ",0,0,1,0,0,0,0,1,0,0,0,0,0,0,0,0,0,44885,"AURO SOARES DE M.ANDRADE, AV",NA,"",6,"BARRA FUNDA",1,0,"AURO SOARES DE M.ANDRADE, AV 664 SAO PAULO SP",-23.526747,-46.6664618
"8993","D051300875",3429,"GUERINO GIOVANI LEARDINI, RUA",NA,"",57,"","13/05/2013 13:50",4,"AT",87,2467," "," ",0,1,0,0,0,0,0,0,0,0,0,0,0,0,0,0,0,3429,"GUERINO GIOVANI LEARDINI, RUA",NA,"",64,"PIRITUBA",1,0,"GUERINO GIOVANI LEARDINI, RUA 57 SAO PAULO SP",-23.4876982,-46.7210242
"8995","D051301035",719,"ALFREDO PUJOL, RUA",NA,"",11080,"","13/05/2013 14:00",2,"CF",13,5290," "," ",1,1,0,0,0,0,0,0,0,0,0,0,0,0,0,0,0,719,"ALFREDO PUJOL, RUA",NA,"",71,"SANTANA",1,0,"ALFREDO PUJOL, RUA 11080 SAO PAULO SP",-23.4993697,-46.6322004
"8997","D051300539",19080,"TONELERO, RUA",8887,"HUNGARA, RUA",0,"","13/05/2013 14:20",2,"CO",7,3001," "," ",0,1,0,0,0,0,0,0,0,0,0,1,0,0,0,0,0,8887,"HUNGARA, RUA",19080,"TONELERO, RUA",48,"LAPA",1,0,"TONELERO, RUA SAO PAULO SP &  HUNGARA, RUA SAO PAULO SP",-23.5339319,-46.7042939
"8998","D051302038",20804,"LUIS MATEUS (GUAIANAZES), RUA",37269,"JARDIM TAMOIO, RUA",0,"","13/05/2013 14:30",2,"CT",103,1939," "," ",1,0,0,1,0,0,0,0,0,0,0,0,0,0,0,0,0,20804,"LUIS MATEUS (GUAIANAZES), RUA",37269,"JARDIM TAMOIO, RUA",31,"GUAIANASES",1,0,"LUIS MATEUS (GUAIANAZES), RUA SAO PAULO SP &  JARDIM TAMOIO, RUA SAO PAULO SP",-23.0602933,-45.6222887
"8999","D051300765",16339,"CARLOS LACERDA, AV",NA,"",2876,"","13/05/2013 14:45",2,"CO",37,4175," "," ",0,1,0,0,0,0,0,0,0,0,0,0,0,0,0,1,0,16339,"CARLOS LACERDA, AV",NA,"",29,"FREGUESIA DO O",1,0,"CARLOS LACERDA, AV 2876 SAO PAULO SP",-23.6562451,-46.7764801
"9000","D051300215",16870,"RANGEL PESTANA, AV",NA,"",2089,"","13/05/2013 14:50",4,"AT",12,2655," "," ",0,0,0,0,0,0,0,1,0,0,0,0,0,0,0,0,0,16870,"RANGEL PESTANA, AV",NA,"",1,"AGUA RASA",1,0,"RANGEL PESTANA, AV 2089 SAO PAULO SP",-23.5421556,-46.6153225
"9001","D051300700",7500,"FRANCISCO MORATO, AV PROF",21674,"JORGE JOAO SAAD, AV",0,"","13/05/2013 15:11",4,"AT",34,2877," "," ",1,0,0,0,0,0,0,0,0,0,0,0,0,0,0,0,0,7500,"FRANCISCO MORATO, AV PROF",21674,"JORGE JOAO SAAD, AV",12,"BUTANTA",2,0,"FRANCISCO MORATO, AV PROF SAO PAULO SP &  JORGE JOAO SAAD, AV SAO PAULO SP",-23.5789486,-46.7103326