"","id_acidente","codloga","logradouroA","codlogb","logradouroB","alt_num","referencia","data","cod_acid","tipo_acidente","dp","numero_BO","sentido","pista","automovel","moto","onibus","caminhao","bicicleta","moto_taxi","onibus_fretado","onibus_urbano","microonibus","van","vuc","caminhonete","carreta","jipe","outros","sem_informacao","carroca","princ_a","paiA","princ_b","paiB","cod_distrito","distrito","vit_ferida","vit_morta","local","lat","lon"
"9002","D051301069",14270,"MORVAN DIAS DE FIGUEIREDO, AV",NA,"",2801,"","13/05/2013 15:30",2,"CO",19,1805," "," ",0,1,0,1,0,0,0,0,0,0,0,0,0,0,0,0,0,29772,"MARGINAL DO RIO TIETE, AV",NA,"",0,"NULL",2,0,"MORVAN DIAS DE FIGUEIREDO, AV 2801 SAO PAULO SP",-23.5220739,-46.6031496
"9003","D051302089",1306,"ANDRE DE ALMEIDA, RUA",NA,"",1135,"","13/05/2013 15:30",4,"AT",49,6639," "," ",2,0,0,0,0,0,0,0,0,0,0,0,0,0,0,0,0,1306,"ANDRE DE ALMEIDA, RUA",NA,"",75,"SAO MATEUS",1,0,"ANDRE DE ALMEIDA, RUA 1135 SAO PAULO SP",-23.5940936,-46.483666
"9004","D051300646",16463,"POMPEIA, AV",7491,"FRANCISCO MATARAZZO, AV",0,"","13/05/2013 15:30",2,"CO",23,3372,"C"," ",1,1,0,0,0,0,0,0,0,0,0,0,0,0,0,0,0,7491,"FRANCISCO MATARAZZO, AV",16463,"POMPEIA, AV",6,"BARRA FUNDA",1,0,"POMPEIA, AV SAO PAULO SP &  FRANCISCO MATARAZZO, AV SAO PAULO SP",-23.5459378,-46.6910742
"9005","D051302047",21944,"CARLOS BARBIERI, RUA",NA,"",107,"","13/05/2013 15:43",4,"AT",41,2457," "," ",1,0,0,0,0,0,0,0,0,0,0,0,0,0,0,0,0,21944,"CARLOS BARBIERI, RUA",NA,"",46,"JOSE BONIFACIO",1,0,"CARLOS BARBIERI, RUA 107 SAO PAULO SP",-23.5831349,-46.5299066
"9006","D051301315",14691,"CONCORDIA, AV NSRA DA",13264,"MARIA HOSNI CURY, RUA PROFA",0,"","13/05/2013 15:46",2,"QM",73,5082," "," ",0,1,0,0,0,0,0,0,0,0,0,0,0,0,0,0,0,13264,"MARIA HOSNI CURY, RUA PROFA",14691,"CONCORDIA, AV NSRA DA",83,"TREMEMBE",1,0,"CONCORDIA, AV NSRA DA SAO PAULO SP &  MARIA HOSNI CURY, RUA PROFA SAO PAULO SP",-23.5505199,-46.6333094
"9007","D051301705",98876,"RELIQUIA DO OCEANO, RUA",NA,"",62,"","13/05/2013 16:08",2,"CO",85,2417," "," ",1,1,0,0,0,0,0,0,0,0,0,0,0,0,0,0,0,98876,"RELIQUIA DO OCEANO, RUA",NA,"",81,"SOCORRO",1,0,"RELIQUIA DO OCEANO, RUA 62 SAO PAULO SP",-23.7781179,-46.6846451
"9008","D051301005",10497,"JOAO VENTURA BATISTA, RUA",NA,"",100,"","13/05/2013 16:15",2,"QM",9,4283," "," ",0,1,0,0,0,0,0,0,0,0,0,0,0,0,0,0,0,10497,"JOAO VENTURA BATISTA, RUA",NA,"",88,"VILA GUILHERME",1,0,"JOAO VENTURA BATISTA, RUA 100 SAO PAULO SP",-23.5144574,-46.6100437
"9009","D051300314",17993,"SENEPA, RUA PDE",16309,"PIQUETE, RUA DO",0,"","13/05/2013 16:27",2,"CO",17,2611," "," ",1,1,0,0,0,0,0,0,0,0,0,0,0,0,0,0,0,4278,"CARITIANAS, RUA",17993,"SENEPA, RUA PDE",33,"IPIRANGA",1,0,"SENEPA, RUA PDE SAO PAULO SP &  PIQUETE, RUA DO SAO PAULO SP",-23.5505199,-46.6333094
"9010","D051301679",15507,"TEOTONIO VILELA, AV SEN",NA,"",2000,"","13/05/2013 16:30",2,"QF",48,1852," "," ",0,0,0,0,0,0,0,1,0,0,0,0,0,0,0,0,0,15507,"TEOTONIO VILELA, AV SEN",NA,"",23,"CIDADE DUTRA",1,0,"TEOTONIO VILELA, AV SEN 2000 SAO PAULO SP",-23.7188008,-46.6989695
"9011","D051301070",15131,"GUARANESIA, RUA",1254,"ANDARAI, RUA",0,"","13/05/2013 16:30",2,"CO",19,1808," "," ",2,0,0,0,0,0,0,0,0,0,0,0,0,0,0,0,0,1254,"ANDARAI, RUA",15131,"GUARANESIA, RUA",91,"VILA MARIA",1,0,"GUARANESIA, RUA SAO PAULO SP &  ANDARAI, RUA SAO PAULO SP",-23.5120356,-46.5862098
"9012","D051300723",14267,"MORUMBI, AV",NA,"",2200,"","13/05/2013 17:00",4,"AT",34,4180," "," ",0,0,0,0,0,0,0,0,0,0,0,0,0,0,0,1,0,14267,"MORUMBI, AV",NA,"",55,"MORUMBI",1,0,"MORUMBI, AV 2200 SAO PAULO SP",-23.5942664,-46.7070087
"9013","D051300840",855,"ALVARENGA, RUA",8784,"HILARIO MAGRO JUNIOR, RUA",0,"","13/05/2013 17:12",2,"CO",51,4793," "," ",0,1,0,0,0,0,0,0,0,0,0,1,0,0,0,0,0,855,"ALVARENGA, RUA",8784,"HILARIO MAGRO JUNIOR, RUA",12,"BUTANTA",1,0,"ALVARENGA, RUA SAO PAULO SP &  HILARIO MAGRO JUNIOR, RUA SAO PAULO SP",-23.56847,-46.7117265
"9014","D051301800",15507,"TEOTONIO VILELA, AV SEN",NA,"",2400,"","13/05/2013 17:30",2,"CL",101,2433,"B"," ",1,1,0,0,0,0,0,0,0,0,0,0,0,0,0,0,0,15507,"TEOTONIO VILELA, AV SEN",NA,"",23,"CIDADE DUTRA",1,0,"TEOTONIO VILELA, AV SEN 2400 SAO PAULO SP",-23.7225031,-46.6981778
"9015","D051300569",14435,"NATINGUI, RUA",12467,"MACUNIS, RUA DOS",0,"","13/05/2013 17:40",4,"AT",14,4787," "," ",1,0,0,0,0,0,0,0,0,0,0,0,0,0,0,0,0,12467,"MACUNIS, RUA DOS",14435,"NATINGUI, RUA",2,"ALTO DE PINHEIR",1,0,"NATINGUI, RUA SAO PAULO SP &  MACUNIS, RUA DOS SAO PAULO SP",-23.5564508,-46.6977085
"9016","D051300885",14741,"MIGUEL DE CASTRO, RUA",NA,"",249,"","13/05/2013 17:45",2,"SI",87,4498," "," ",0,1,0,0,0,0,0,0,0,0,0,1,0,0,0,0,0,14741,"MIGUEL DE CASTRO, RUA",NA,"",64,"PIRITUBA",1,0,"MIGUEL DE CASTRO, RUA 249 SAO PAULO SP",-23.4821275,-46.7202521
"9017","D051301160",3771,"INAJAR DE SOUZA, AV",NA,"",2719,"","13/05/2013 17:50",4,"AT",28,5310," "," ",0,1,0,0,0,0,0,0,0,0,0,0,0,0,0,0,0,3771,"INAJAR DE SOUZA, AV",NA,"",50,"LIMAO",1,0,"INAJAR DE SOUZA, AV 2719 SAO PAULO SP",-23.4833785,-46.6791128
"9018","D051300841",5309,"CORIFEU DE AZEVEDO MARQUES, AV",NA,"",2900,"","13/05/2013 18:00",2,"QM",51,4798," "," ",0,1,0,0,0,0,0,0,0,0,0,0,0,0,0,0,0,5309,"CORIFEU DE AZEVEDO MARQUES, AV",NA,"",12,"BUTANTA",1,0,"CORIFEU DE AZEVEDO MARQUES, AV 2900 SAO PAULO SP",-23.5694229,-46.741273
"9019","D051302303",21253,"AGUIA DE HAIA, AV",NA,"",1800,"","13/05/2013 18:20",4,"AT",62,1916,"B"," ",0,1,0,0,0,0,0,0,0,0,0,0,0,0,0,0,0,21253,"AGUIA DE HAIA, AV",NA,"",NA,"",3,1,"AGUIA DE HAIA, AV 1800 SAO PAULO SP",-23.5300616,-46.4738645
"9020","D051301105",18151,"SEZEFREDO FAGUNDES, AV CEL",NA,"",1300,"","13/05/2013 18:48",2,"CO",20,4429," "," ",1,1,0,0,0,0,0,0,0,0,0,0,0,0,0,0,0,18151,"SEZEFREDO FAGUNDES, AV CEL",NA,"",22,"CIDADE ADEMAR",1,0,"SEZEFREDO FAGUNDES, AV CEL 1300 SAO PAULO SP",-23.426508,-46.5917431
"9021","D051300099",2497,"AUGUSTA, RUA",NA,"",149,"","13/05/2013 18:50",4,"AT",4,4038," "," ",1,0,0,0,0,0,0,0,0,0,0,0,0,0,0,0,0,2497,"AUGUSTA, RUA",NA,"",26,"CONSOLACAO",1,0,"AUGUSTA, RUA 149 SAO PAULO SP",-23.5564747,-46.658539
"9022","D051301941",2429,"ASSIS RIBEIRO, RUA DR",NA,"",7640,"","13/05/2013 18:51",2,"CO",62,5165," "," ",2,0,0,0,0,0,0,0,0,0,0,0,0,0,0,0,0,2429,"ASSIS RIBEIRO, RUA DR",NA,"",28,"ERMELINO MATARA",1,0,"ASSIS RIBEIRO, RUA DR 7640 SAO PAULO SP",-23.48356,-46.490696
"9023","D051300291",17991,"SENA MADUREIRA, RUA",NA,"",273,"","13/05/2013 18:58",4,"AT",16,6443," "," ",0,1,0,0,0,0,0,0,0,0,0,0,0,0,0,0,0,17991,"SENA MADUREIRA, RUA",NA,"",9,"BOM RETIRO",1,0,"SENA MADUREIRA, RUA 273 SAO PAULO SP",-23.5937043,-46.6385574
"9024","D051301080",4775,"CEREJEIRAS, AV DAS",NA,"",1470,"","13/05/2013 19:05",2,"CO",19,4431," "," ",3,0,0,0,0,0,0,0,0,0,0,0,0,0,0,0,0,4775,"CEREJEIRAS, AV DAS",NA,"",94,"VILA MEDEIROS",1,0,"CEREJEIRAS, AV DAS 1470 SAO PAULO SP",-23.5045948,-46.5766539
"9025","D051300495",6238,"NACOES UNIDAS, AV DAS",NA,"",12,"","13/05/2013 19:21",2,"CL",96,5028," "," ",0,1,0,0,0,0,0,0,0,0,0,1,0,0,0,0,0,13014,"MARGINAL DO RIO PINHEIROS, AV",NA,"",90,"VILA LEOPOLDINA",1,0,"NACOES UNIDAS, AV DAS 12 SAO PAULO SP",-23.6635283,-46.7103649
"9026","D051300236",18197,"SILVA TELES, RUA",NA,"",237,"","13/05/2013 19:45",2,"CO",12,3768," "," ",0,1,0,0,0,0,0,0,0,0,0,1,0,0,0,0,0,18197,"SILVA TELES, RUA",NA,"",25,"CIDADE TIRADENT",1,0,"SILVA TELES, RUA 237 SAO PAULO SP",-23.5343507,-46.6150337
"9027","D051302325",6371,"ELISABETH DE ROBIANO, AV CDSSA",NA,"",16500,"","13/05/2013 19:50",2,"CT",31,2853," "," ",0,1,0,2,0,0,0,0,0,0,0,0,0,0,0,0,0,29772,"MARGINAL DO RIO TIETE, AV",NA,"",82,"TATUAPE",0,1,"ELISABETH DE ROBIANO, AV CDSSA 16500 SAO PAULO SP",-23.5076424,-46.5495997
"9028","D051300927",13854,"MERGENTHALER, RUA",NA,"",492,"","13/05/2013 21:40",2,"CO",91,3386," "," ",1,1,0,0,0,0,0,0,0,0,0,0,0,0,0,0,0,13854,"MERGENTHALER, RUA",NA,"",90,"VILA LEOPOLDINA",1,0,"MERGENTHALER, RUA 492 SAO PAULO SP",-23.5279663,-46.7368075
"9029","D051300732",34682,"CAMPO LIMPO, ES DO",NA,"",1001,"","13/05/2013 22:00",2,"CO",37,3273," "," ",0,1,0,0,0,0,0,0,0,0,0,0,0,0,0,1,0,34682,"CAMPO LIMPO, ES DO",NA,"",17,"CAMPO LIMPO",1,0,"CAMPO LIMPO, ES DO 1001 SAO PAULO SP",-23.2019463,-46.785846
"9030","D051300496",6238,"NACOES UNIDAS, AV DAS",NA,"",14171,"","13/05/2013 22:10",2,"CT",96,5035," "," ",1,1,0,0,0,0,0,0,0,0,0,0,0,0,0,0,0,13014,"MARGINAL DO RIO PINHEIROS, AV",NA,"",90,"VILA LEOPOLDINA",1,0,"NACOES UNIDAS, AV DAS 14171 SAO PAULO SP",-23.5960763,-46.6923501
"9031","D051300746",99949,"CARLOS CALDEIRA FILHO, AV",NA,"",453,"","13/05/2013 22:16",2,"CO",37,3835," "," ",1,1,0,0,0,0,0,0,0,0,0,0,0,0,0,0,0,99949,"CARLOS CALDEIRA FILHO, AV",NA,"",19,"CAPAO REDONDO",1,0,"CARLOS CALDEIRA FILHO, AV 453 SAO PAULO SP",-23.6408332,-46.7467436
"9032","D051301988",304,"AGAPANTOS, AV DOS",NA,"",100,"","13/05/2013 22:26",2,"CO",64,5169," "," ",1,0,0,0,0,0,0,1,0,0,0,0,0,0,0,0,0,304,"AGAPANTOS, AV DOS",NA,"",36,"ITAQUERA",1,0,"AGAPANTOS, AV DOS 100 SAO PAULO SP",-23.5328164,-46.4730068
"9034","D051300766",16339,"CARLOS LACERDA, AV",NA,"",2653,"","13/05/2013 23:28",2,"QF",37,4190," "," ",0,0,1,0,0,0,0,0,0,0,0,0,0,0,0,0,0,16339,"CARLOS LACERDA, AV",NA,"",29,"FREGUESIA DO O",1,0,"CARLOS LACERDA, AV 2653 SAO PAULO SP",-23.6547045,-46.7767339
"9035","D051301980",435,"ALAMANDAS, AV DAS",NA,"",111,"","13/05/2013 23:30",2,"QD",64,3949," "," ",0,0,1,0,0,0,0,0,0,0,0,0,0,0,0,0,0,435,"ALAMANDAS, AV DAS",NA,"",36,"ITAQUERA",1,0,"ALAMANDAS, AV DAS 111 SAO PAULO SP",-23.5348229,-46.4674782
"9036","D051301106",14767,"NOVA CANTAREIRA, AV",NA,"",2315,"","14/05/2013 00:20",2,"CH",20,4443," "," ",1,0,0,0,0,0,0,0,0,0,0,0,0,0,0,0,0,14767,"NOVA CANTAREIRA, AV",NA,"",83,"TREMEMBE",1,0,"NOVA CANTAREIRA, AV 2315 SAO PAULO SP",-23.4770362,-46.6106303
"9037","D051300660",15270,"PACAEMBU, AV",NA,"",200,"","14/05/2013 03:02",4,"AT",23,900133," "," ",0,0,0,0,0,0,0,0,0,0,0,1,0,0,0,0,0,15270,"PACAEMBU, AV",NA,"",19,"CAPAO REDONDO",1,0,"PACAEMBU, AV 200 SAO PAULO SP",-23.5700571,-46.645674
"9038","D051301676",2483,"ATLANTICA ANT. ROBERT KENNEDY, AV",NA,"",600,"","14/05/2013 03:30",2,"CO",48,1342," "," ",0,1,0,0,0,0,0,0,0,0,0,0,0,0,0,1,0,2483,"ATLANTICA ANT. ROBERT KENNEDY, AV",NA,"",23,"CIDADE DUTRA",1,0,"ATLANTICA ANT. ROBERT KENNEDY, AV 600 SAO PAULO SP",-23.5505199,-46.6333094
"9039","D051301763",14743,"SABARA, AV NSRA DO",NA,"",2326,"","14/05/2013 04:47",2,"CO",99,2083," "," ",1,0,0,0,0,0,0,1,0,0,0,0,0,0,0,0,0,14743,"SABARA, AV NSRA DO",NA,"",16,"CAMPO GRANDE",3,0,"SABARA, AV NSRA DO 2326 SAO PAULO SP",-23.5505199,-46.6333094
"9040","D051302061",72670,"INACIO MONTEIRO, RUA",NA,"",110,"","14/05/2013 05:23",2,"CO",44,2648," "," ",1,1,0,0,0,0,0,0,0,0,0,0,0,0,0,0,0,72670,"INACIO MONTEIRO, RUA",NA,"",50,"LIMAO",1,0,"INACIO MONTEIRO, RUA 110 SAO PAULO SP",-23.5642619,-46.4123283
"9041","D051301764",6238,"NACOES UNIDAS, AV DAS",NA,"",22300,"","14/05/2013 05:40",2,"CO",99,2085," "," ",1,1,0,0,0,0,0,0,0,0,0,0,0,0,0,0,0,13014,"MARGINAL DO RIO PINHEIROS, AV",NA,"",90,"VILA LEOPOLDINA",1,0,"NACOES UNIDAS, AV DAS 22300 SAO PAULO SP",-23.6791496,-46.6960553
"9042","D051300853",16878,"RAPOSO TAVARES, VIA",NA,"",19100,"","14/05/2013 06:00",2,"CO",75,1652,"C"," ",0,1,0,0,0,0,0,0,0,0,0,1,0,0,0,0,0,16878,"RAPOSO TAVARES, VIA",NA,"",13,"CACHOEIRINHA",2,0,"RAPOSO TAVARES, VIA 19100 SAO PAULO SP",-23.507891,-48.514462
"9044","D051300355",10586,"JOAQUIM NABUCO, RUA",NA,"",879,"","14/05/2013 06:25",2,"CO",27,5046," "," ",2,0,0,0,0,0,0,0,0,0,0,0,0,0,0,0,0,10586,"JOAQUIM NABUCO, RUA",NA,"",15,"CAMPO BELO",2,0,"JOAQUIM NABUCO, RUA 879 SAO PAULO SP",-23.628277,-46.6783172
"9045","D051300876",6980,"FELIPE PINEL, AV DR",NA,"",2506,"","14/05/2013 06:45",2,"SI",87,2476," "," ",1,1,0,0,0,0,0,0,0,0,0,0,0,0,0,0,0,6980,"FELIPE PINEL, AV DR",NA,"",64,"PIRITUBA",1,0,"FELIPE PINEL, AV DR 2506 SAO PAULO SP",-23.4703888,-46.7349604
"9046","D051302225",17824,"SAPOPEMBA, AV",NA,"",7200,"","14/05/2013 06:57",4,"AT",70,2443," "," ",0,1,0,0,0,0,0,0,0,0,0,0,0,0,0,0,0,17824,"SAPOPEMBA, AV",NA,"",33,"IPIRANGA",1,0,"SAPOPEMBA, AV 7200 SAO PAULO SP",-23.5930918,-46.5284031
"9048","D051302278",11665,"LAZARO AMANCIO DE BARROS, ES",14958,"OLINTO FRAGA MOREIRA, RUA",0,"","14/05/2013 07:05",2,"CF",45,1202," "," ",1,1,0,0,0,0,0,0,0,0,0,0,0,0,0,0,0,11665,"LAZARO AMANCIO DE BARROS, ES",79692,"SEBASTIAO FERNANDES PALMA, RUA",11,"BRASILANDIA",0,1,"LAZARO AMANCIO DE BARROS, ES SAO PAULO SP &  OLINTO FRAGA MOREIRA, RUA SAO PAULO SP",-23.5505199,-46.6333094
"9049","D051301415",1702,"ANTONIO ESTEVAO DE CARVALHO, AV",44742,"BERNARDINO BRITO FONSECA DE CA, AV",0,"","14/05/2013 07:25",2,"CO",21,1657,"B"," ",0,2,0,0,0,0,0,0,0,0,0,0,0,0,0,0,0,1702,"ANTONIO ESTEVAO DE CARVALHO, AV",44742,"BERNARDINO BRITO FONSECA DE CA, AV",93,"VILA MATILDE",2,0,"ANTONIO ESTEVAO DE CARVALHO, AV SAO PAULO SP &  BERNARDINO BRITO FONSECA DE CA, AV SAO PAULO SP",-23.5385943,-46.4964211
"9050","D051300390",4596,"CATARINA, AV STA",NA,"",973,"","14/05/2013 07:34",2,"CO",35,4003," "," ",2,1,0,0,0,0,0,0,0,0,0,0,0,0,0,0,0,4596,"CATARINA, AV STA",NA,"",37,"JABAQUARA",1,0,"CATARINA, AV STA 973 SAO PAULO SP",-23.644158,-46.6649964
"9051","D051300333",32380,"ANTONIO BEZERRA, RUA",NA,"",673,"","14/05/2013 07:50",2,"CO",26,4214," "," ",1,1,0,0,0,0,0,0,0,0,0,0,0,0,0,0,0,32380,"ANTONIO BEZERRA, RUA",NA,"",21,"CASA VERDE",1,0,"ANTONIO BEZERRA, RUA 673 SAO PAULO SP",-23.5062387,-46.4820664
"9052","D051302090",13195,"MARIA CURSI, AV",1393,"ANGELO DE CANDIA, RUA",0,"","14/05/2013 08:02",2,"CO",49,6660," "," ",1,1,0,0,0,0,0,0,0,0,0,0,0,0,0,0,0,1393,"ANGELO DE CANDIA, RUA",13195,"MARIA CURSI, AV",75,"SAO MATEUS",1,0,"MARIA CURSI, AV SAO PAULO SP &  ANGELO DE CANDIA, RUA SAO PAULO SP",-23.6046967,-46.4806872
"9053","D051300905",13014,"MARGINAL DO RIO PINHEIROS, AV",NA,"",16000,"","14/05/2013 08:10",2,"CT",89,4196," "," ",1,1,0,0,0,0,0,0,0,0,0,1,0,0,0,0,0,13014,"MARGINAL DO RIO PINHEIROS, AV",NA,"",40,"JAGUARE",1,0,"MARGINAL DO RIO PINHEIROS, AV 16000 SAO PAULO SP",-23.5604208,-46.6574734
"9054","D051300951",13604,"CANDIDO MOTTA FILHO, AV DR",NA,"",300,"","14/05/2013 08:20",2,"CO",93,3073," "," ",1,1,0,0,0,0,0,0,0,0,0,0,0,0,0,0,0,13604,"CANDIDO MOTTA FILHO, AV DR",NA,"",68,"RIO PEQUENO",1,0,"CANDIDO MOTTA FILHO, AV DR 300 SAO PAULO SP",-23.5569063,-46.7524674
"9055","D051301618",36045,"MARCILAC, ES ENG",NA,"",1452,"","14/05/2013 08:25",2,"CO",25,1255," "," ",2,0,0,0,0,0,0,0,0,0,0,1,0,0,0,0,0,36045,"MARCILAC, ES ENG",NA,"",76,"SAO MIGUEL",1,0,"MARCILAC, ES ENG 1452 SAO PAULO SP",-23.5505199,-46.6333094
"9056","D051300353",19100,"BANDEIRANTES, AV DOS",NA,"",3558,"","14/05/2013 09:00",2,"CO",27,5039," "," ",1,1,0,0,0,0,0,0,0,0,0,0,0,0,0,0,0,19100,"BANDEIRANTES, AV DOS",NA,"",24,"CIDADE LIDER",1,0,"BANDEIRANTES, AV DOS 3558 SAO PAULO SP",-23.6161499,-46.665668
"9058","D051301578",21251,"RUBENS GOMES BUENO, RUA DR",NA,"",271,"","14/05/2013 09:20",2,"SI",11,5487," "," ",1,1,0,0,0,0,0,0,0,0,0,0,0,0,0,0,0,21251,"RUBENS GOMES BUENO, RUA DR",NA,"",29,"FREGUESIA DO O",1,0,"RUBENS GOMES BUENO, RUA DR 271 SAO PAULO SP",-23.6427058,-46.7196425
"9060","D051300928",12436,"MACEDO SOARES, AV EMB",NA,"",6000,"","14/05/2013 09:27",2,"CO",91,3398," "," ",1,1,0,0,0,0,0,0,0,0,0,0,0,0,0,0,0,29772,"MARGINAL DO RIO TIETE, AV",NA,"",48,"LAPA",1,0,"MACEDO SOARES, AV EMB 6000 SAO PAULO SP",-23.5184652,-46.7431323
"9061","D051302001",12156,"LUIZ AYRES, RUA DR",NA,"",1800,"","14/05/2013 09:45",2,"CT",65,1633,"C"," ",0,1,1,0,0,0,0,0,0,0,0,0,0,0,0,0,0,12156,"LUIZ AYRES, RUA DR",NA,"",5,"ARTUR ALVIM",1,0,"LUIZ AYRES, RUA DR 1800 SAO PAULO SP",-23.5383599,-46.4865254
"9062","D051301141",3771,"INAJAR DE SOUZA, AV",NA,"",1000,"","14/05/2013 10:07",2,"CT",28,2576," "," ",1,1,0,0,0,0,0,0,0,0,0,0,0,0,0,0,0,3771,"INAJAR DE SOUZA, AV",NA,"",50,"LIMAO",1,0,"INAJAR DE SOUZA, AV 1000 SAO PAULO SP",-23.4966678,-46.6843104
"9063","D051302136",36428,"FRANCISCO TRANCHESI, AV",NA,"",367,"","14/05/2013 10:50",4,"AT",53,900060," "," ",1,0,0,0,0,0,0,0,0,0,0,0,0,0,0,0,0,36428,"FRANCISCO TRANCHESI, AV",NA,"",51,"MANDAQUI",2,0,"FRANCISCO TRANCHESI, AV 367 SAO PAULO SP",-23.5637324,-46.4626152
"9064","D051300088",5245,"CONSOLACAO, RUA DA",NA,"",2107,"","14/05/2013 11:02",2,"CT",4,3419," "," ",1,1,0,0,0,0,0,0,0,0,0,0,0,0,0,0,0,5245,"CONSOLACAO, RUA DA",NA,"",26,"CONSOLACAO",1,0,"CONSOLACAO, RUA DA 2107 SAO PAULO SP",-23.5536329,-46.6601855
"9065","D051300570",2149,"ARCOVERDE, RUA CARD",NA,"",121,"","14/05/2013 11:06",2,"CO",14,4820," "," ",1,1,0,0,0,0,0,0,0,0,0,0,0,0,0,0,0,2149,"ARCOVERDE, RUA CARD",NA,"",44,"JARDIM PAULISTA",1,0,"ARCOVERDE, RUA CARD 121 SAO PAULO SP",-23.5535551,-46.6747418
"9067","D051300929",8275,"GUAIPA, RUA",NA,"",485,"","14/05/2013 11:35",2,"CO",91,3399," "," ",0,1,0,1,0,0,0,0,0,0,0,1,0,0,0,0,0,8275,"GUAIPA, RUA",NA,"",90,"VILA LEOPOLDINA",1,0,"GUAIPA, RUA 485 SAO PAULO SP",-23.5212425,-46.7269522
"9068","D051300308",66,"ABRAAO DE MORAIS, AV PROF",3523,"BOSQUE DA SAUDE, AV",0,"","14/05/2013 11:40",2,"CO",16,900065," "," ",1,1,0,0,0,0,0,0,0,0,0,0,0,0,0,0,0,66,"ABRAAO DE MORAIS, AV PROF",3523,"BOSQUE DA SAUDE, AV",79,"SAUDE",2,0,"ABRAAO DE MORAIS, AV PROF SAO PAULO SP &  BOSQUE DA SAUDE, AV SAO PAULO SP",-23.6072122,-46.6270066
"9069","D051301905",10393,"JOAO NERY, ES DOM",NA,"",1779,"","14/05/2013 11:45",4,"AT",50,6014," "," ",0,0,1,0,0,0,0,0,0,0,0,0,0,0,0,0,0,10393,"JOAO NERY, ES DOM",NA,"",54,"MOOCA",1,0,"JOAO NERY, ES DOM 1779 SAO PAULO SP",-23.5505199,-46.6333094
"9070","D051302048",13209,"TUMA MALULY, RUA",NA,"",350,"","14/05/2013 12:03",4,"AT",41,2478," "," ",1,0,0,0,0,0,0,0,0,0,0,0,0,0,0,0,0,13209,"TUMA MALULY, RUA",NA,"",4,"ARICANDUVA",1,0,"TUMA MALULY, RUA 350 SAO PAULO SP",-23.586196,-46.5104928
"9071","D051301725",10270,"JOAO DIAS, AV",NA,"",2884,"","14/05/2013 12:30",2,"CT",92,3001," "," ",2,0,0,0,0,0,0,0,0,0,0,0,0,0,0,0,0,10270,"JOAO DIAS, AV",NA,"",72,"SANTO AMARO",1,0,"JOAO DIAS, AV 2884 SAO PAULO SP",-23.644182,-46.7319352
"9072","D051302024",73485,"JOAO DA SILVA AGUIAR, RUA",NA,"",229,"","14/05/2013 12:50",4,"AT",68,1426," "," ",1,0,0,0,0,0,0,0,0,0,0,0,0,0,0,0,0,73485,"JOAO DA SILVA AGUIAR, RUA",NA,"",50,"LIMAO",1,0,"JOAO DA SILVA AGUIAR, RUA 229 SAO PAULO SP",-23.5360996,-46.3985565
"9073","D051301036",3637,"BRAZ LEME, AV",NA,"",131,"","14/05/2013 13:00",2,"CL",13,5340," "," ",0,1,0,1,0,0,0,0,0,0,0,0,0,0,0,0,0,3637,"BRAZ LEME, AV",NA,"",21,"CASA VERDE",1,0,"BRAZ LEME, AV 131 SAO PAULO SP",-23.5132253,-46.653764
"9075","D051301633",34128,"JOAO DE LUCA, AV VER",5965,"DJALMA PINHEIRO FRANCO, RUA DR",0,"","14/05/2013 13:43",2,"CO",43,1826," "," ",1,1,0,0,0,0,0,0,0,0,0,0,0,0,0,0,0,5965,"DJALMA PINHEIRO FRANCO, RUA DR",34128,"JOAO DE LUCA, AV VER",22,"CIDADE ADEMAR",1,0,"JOAO DE LUCA, AV VER SAO PAULO SP &  DJALMA PINHEIRO FRANCO, RUA DR SAO PAULO SP",-23.6515585,-46.6690912
"9076","D051300357",12847,"MARACATINS, AL DOS",9880,"JAMARIS, AV",0,"","14/05/2013 13:45",2,"CO",27,5074,"B"," ",0,1,0,0,0,0,0,0,0,0,0,1,0,0,0,0,0,9880,"JAMARIS, AV",12847,"MARACATINS, AL DOS",53,"MOEMA",1,0,"MARACATINS, AL DOS SAO PAULO SP &  JAMARIS, AV SAO PAULO SP",-23.6087227,-46.6624171
"9077","D051300356",11426,"JURUPIS, AL DOS",19100,"BANDEIRANTES, AV DOS",0,"","14/05/2013 13:45",2,"CO",27,5068," "," ",1,1,0,0,0,0,0,0,0,0,0,0,0,0,0,0,0,11426,"JURUPIS, AL DOS",19100,"BANDEIRANTES, AV DOS",53,"MOEMA",1,0,"JURUPIS, AL DOS SAO PAULO SP &  BANDEIRANTES, AV DOS SAO PAULO SP",-23.6099929,-46.6653038
"9078","D051300146",14317,"MUNIZ DE SOUSA, RUA",797,"ALMEIDA TORRES, RUA",0,"","14/05/2013 13:50",4,"AT",6,2260," "," ",1,0,0,0,0,0,0,0,0,0,0,0,0,0,0,0,0,797,"ALMEIDA TORRES, RUA",14317,"MUNIZ DE SOUSA, RUA",49,"LIBERDADE",1,0,"MUNIZ DE SOUSA, RUA SAO PAULO SP &  ALMEIDA TORRES, RUA SAO PAULO SP",-23.5734235,-46.6306862