"","id_acidente","codloga","logradouroA","codlogb","logradouroB","alt_num","referencia","data","cod_acid","tipo_acidente","dp","numero_BO","sentido","pista","automovel","moto","onibus","caminhao","bicicleta","moto_taxi","onibus_fretado","onibus_urbano","microonibus","van","vuc","caminhonete","carreta","jipe","outros","sem_informacao","carroca","princ_a","paiA","princ_b","paiB","cod_distrito","distrito","vit_ferida","vit_morta","local","lat","lon"
"9079","D051300632",4216,"CARAIBAS, RUA",19259,"TURIASSU, RUA",0,"","14/05/2013 14:00",2,"CH",23,2735," "," ",1,1,0,0,0,0,0,0,0,0,0,0,0,0,0,0,0,4216,"CARAIBAS, RUA",19259,"TURIASSU, RUA",61,"PERDIZES",1,0,"CARAIBAS, RUA SAO PAULO SP &  TURIASSU, RUA SAO PAULO SP",-23.5303666,-46.6808972
"9080","D051302049",3852,"CIPRIANO RODRIGUES, AV",NA,"",478,"","14/05/2013 14:30",4,"AT",41,2485," "," ",0,1,0,0,0,0,0,0,0,0,0,0,0,0,0,0,0,3852,"CIPRIANO RODRIGUES, AV",NA,"",4,"ARICANDUVA",1,0,"CIPRIANO RODRIGUES, AV 478 SAO PAULO SP",-23.5752001,-46.5293451
"9081","D051300785",3907,"CALDAS NOVAS, RUA",98414,"ORLINDA (SAO DOMINGOS), RUA",0,"","14/05/2013 14:30",2,"CO",46,2272," "," ",1,1,0,0,0,0,0,0,0,0,0,0,0,0,0,0,0,3907,"CALDAS NOVAS, RUA",98414,"ORLINDA (SAO DOMINGOS), RUA",73,"SAO DOMINGOS",1,0,"CALDAS NOVAS, RUA SAO PAULO SP &  ORLINDA (SAO DOMINGOS), RUA SAO PAULO SP",-23.5319485,-46.5128682
"9082","D051300391",7882,"GEORGE CORBISIER, AV ENG",NA,"",571,"","14/05/2013 14:40",2,"CH",35,4008," "," ",0,1,0,0,0,0,0,0,0,0,0,0,0,0,0,0,0,7882,"GEORGE CORBISIER, AV ENG",NA,"",37,"JABAQUARA",1,0,"GEORGE CORBISIER, AV ENG 571 SAO PAULO SP",-23.6418282,-46.6438836
"9083","D051301019",6781,"EULALIA, RUA STA",4219,"ZAKI NARCHI, AV",0,"","14/05/2013 15:00",4,"AT",13,2751," "," ",1,0,0,0,0,0,0,0,0,0,0,0,0,0,0,0,0,4219,"ZAKI NARCHI, AV",5567,"CRUZEIRO DO SUL, AV",71,"SANTANA",1,0,"EULALIA, RUA STA SAO PAULO SP &  ZAKI NARCHI, AV SAO PAULO SP",-23.5114513,-46.6262022
"9084","D051301223",12716,"MANUEL GAYA, RUA",NA,"",1479,"","14/05/2013 15:25",2,"CO",39,2210," "," ",0,1,0,0,0,0,0,0,0,0,0,1,0,0,0,0,0,12716,"MANUEL GAYA, RUA",NA,"",83,"TREMEMBE",1,0,"MANUEL GAYA, RUA 1479 SAO PAULO SP",-23.4610178,-46.6043205
"9085","D051301942",6867,"FABIO JOSE BEZERRA, RUA",NA,"",1013,"","14/05/2013 16:50",2,"CF",62,5212," "," ",2,0,0,0,0,0,0,0,0,0,0,0,0,0,0,0,0,6867,"FABIO JOSE BEZERRA, RUA",NA,"",28,"ERMELINO MATARA",1,0,"FABIO JOSE BEZERRA, RUA 1013 SAO PAULO SP",-23.5061774,-46.4784287
"9086","D051300147",15967,"PEDRO I, AV DOM",14211,"MONUMENTO, PCA",0,"","14/05/2013 17:10",2,"QM",6,2302," "," ",0,1,0,0,0,0,0,0,0,0,0,0,0,0,0,0,0,14211,"MONUMENTO, PCA",15967,"PEDRO I, AV DOM",33,"IPIRANGA",2,0,"PEDRO I, AV DOM SAO PAULO SP &  MONUMENTO, PCA SAO PAULO SP",-23.5771805,-46.6103202
"9087","D051300216",4736,"CELSO GARCIA, AV",NA,"",915,"","14/05/2013 17:25",4,"AT",12,2688," "," ",0,0,0,0,0,0,0,1,0,0,0,0,0,0,0,0,0,4736,"CELSO GARCIA, AV",NA,"",82,"TATUAPE",1,0,"CELSO GARCIA, AV 915 SAO PAULO SP",-23.5384334,-46.603586
"9088","D051300892",29772,"MARGINAL DO RIO TIETE, AV",NA,"",5861,"","14/05/2013 17:30",2,"CT",89,3144," "," ",1,1,0,0,0,0,0,0,0,0,0,0,0,0,0,0,0,29772,"MARGINAL DO RIO TIETE, AV",NA,"",13,"CACHOEIRINHA",1,0,"MARGINAL DO RIO TIETE, AV 5861 SAO PAULO SP",-23.52257,-46.7501547
"9089","D051300661",15188,"OTAVIANO ALVES DE LIMA, AV",29772,"MARGINAL DO RIO TIETE, AV",0,"","14/05/2013 17:40",2,"CO",33,4522," "," ",1,1,0,0,0,0,0,0,0,0,0,0,0,0,0,0,0,13417,"MARINA, AV STA",15188,"OTAVIANO ALVES DE LIMA, AV",29,"FREGUESIA DO O",1,0,"OTAVIANO ALVES DE LIMA, AV SAO PAULO SP &  MARGINAL DO RIO TIETE, AV SAO PAULO SP",-23.5076655,-46.7073803
"9090","D051300293",12242,"LUIS GOIS, RUA",19128,"TRES DE MAIO, RUA",0,"","14/05/2013 18:00",4,"AT",16,6539," "," ",1,0,0,0,0,0,0,0,0,0,0,0,0,0,0,0,0,12242,"LUIS GOIS, RUA",19128,"TRES DE MAIO, RUA",79,"SAUDE",1,0,"LUIS GOIS, RUA SAO PAULO SP &  TRES DE MAIO, RUA SAO PAULO SP",-23.6039229,-46.6432874
"9091","D051300251",989,"AMARAL GURGEL, RUA",9648,"ITU, RUA MARQ DE",0,"","14/05/2013 18:18",4,"AT",77,2858," "," ",0,1,0,0,0,0,0,0,0,0,0,0,0,0,0,0,0,989,"AMARAL GURGEL, RUA",9648,"ITU, RUA MARQ DE",67,"REPUBLICA",1,0,"AMARAL GURGEL, RUA SAO PAULO SP &  ITU, RUA MARQ DE SAO PAULO SP",-23.5419473,-46.6475939
"9093","D051301082",5626,"CURUCA, RUA",NA,"",178,"","14/05/2013 19:00",2,"CO",19,4470," "," ",1,1,0,0,0,0,0,0,0,0,0,0,0,0,0,0,0,5626,"CURUCA, RUA",NA,"",91,"VILA MARIA",1,0,"CURUCA, RUA 178 SAO PAULO SP",-23.5109478,-46.5935532
"9094","D051301107",2563,"AUGUSTO TOLLE, RUA",NA,"",973,"","14/05/2013 19:06",2,"CO",20,4473," "," ",1,1,0,0,0,0,0,0,0,0,0,0,0,0,0,0,0,2563,"AUGUSTO TOLLE, RUA",NA,"",8,"BELEM",2,0,"AUGUSTO TOLLE, RUA 973 SAO PAULO SP",-23.4850109,-46.6333021
"9095","D051301546",4804,"CESARIO ALVIM, RUA",NA,"",217,"","14/05/2013 19:30",2,"CL",81,3133,"B"," ",1,1,0,0,0,0,0,0,0,0,0,0,0,0,0,0,0,4804,"CESARIO ALVIM, RUA",NA,"",8,"BELEM",1,0,"CESARIO ALVIM, RUA 217 SAO PAULO SP",-23.540268,-46.6029745
"9096","D051300972",9836,"JAGUARE, AV",NA,"",1634,"","14/05/2013 19:55",4,"AT",93,900134," "," ",0,1,0,0,0,0,0,0,0,0,0,0,0,0,0,0,0,9836,"JAGUARE, AV",NA,"",40,"JAGUARE",1,0,"JAGUARE, AV 1634 SAO PAULO SP",-23.5478807,-46.7367293
"9097","D051301271",6361,"ELISIO TEIXEIRA LEITE, AV",NA,"",2721,"","14/05/2013 20:16",4,"AT",45,1219," "," ",1,0,0,0,0,0,0,0,0,0,0,0,0,0,0,0,0,6361,"ELISIO TEIXEIRA LEITE, AV",NA,"",29,"FREGUESIA DO O",1,0,"ELISIO TEIXEIRA LEITE, AV 2721 SAO PAULO SP",-23.4720101,-46.705995
"9098","D051301316",98953,"CARLOS DE SOUSA ANHUMAS, RUA BR",NA,"",1800,"","14/05/2013 20:23",2,"SI",73,5138," "," ",1,1,0,0,0,0,0,0,0,0,0,0,0,0,0,0,0,98953,"CARLOS DE SOUSA ANHUMAS, RUA BR",NA,"",83,"TREMEMBE",1,0,"CARLOS DE SOUSA ANHUMAS, RUA BR 1800 SAO PAULO SP",-23.4329363,-46.5786381
"9099","D051302057",2603,"AURORA DAS DORES, RUA",NA,"",99,"","14/05/2013 20:40",4,"AT",41,5115," "," ",1,0,0,0,0,0,0,0,0,0,0,0,0,0,0,0,0,2603,"AURORA DAS DORES, RUA",NA,"",87,"VILA FORMOSA",2,0,"AURORA DAS DORES, RUA 99 SAO PAULO SP",-23.5749738,-46.5328721
"9100","D051302261",8096,"GOMES LEAL, RUA",NA,"",48,"","14/05/2013 20:41",4,"AT",72,4373," "," ",0,0,1,0,0,0,0,0,0,0,0,0,0,0,0,0,0,8096,"GOMES LEAL, RUA",NA,"",13,"CACHOEIRINHA",0,1,"GOMES LEAL, RUA 48 SAO PAULO SP",-23.4679026,-46.6669028
"9101","D051300237",5567,"CRUZEIRO DO SUL, AV",6642,"ESTADO, AV DO",0,"","14/05/2013 21:00",4,"AT",12,3797," "," ",1,0,0,0,0,0,0,0,0,0,0,0,0,0,0,0,0,5567,"CRUZEIRO DO SUL, AV",6642,"ESTADO, AV DO",57,"PARI",1,0,"CRUZEIRO DO SUL, AV SAO PAULO SP &  ESTADO, AV DO SAO PAULO SP",-23.5073033,-46.6250321
"9102","D051300408",7635,"FREIRE FARTO, RUA",NA,"",755,"","14/05/2013 22:00",4,"AT",35,6495," "," ",0,0,0,0,0,0,0,0,0,0,0,1,0,0,0,0,0,7635,"FREIRE FARTO, RUA",NA,"",37,"JABAQUARA",2,0,"FREIRE FARTO, RUA 755 SAO PAULO SP",-23.6382263,-46.650799
"9103","D051301242",11321,"JULIO BUONO, AV",NA,"",3251,"","14/05/2013 22:08",2,"CO",39,5139," "," ",1,0,1,0,0,0,0,0,0,0,0,0,0,0,0,0,0,11321,"JULIO BUONO, AV",NA,"",94,"VILA MEDEIROS",1,0,"JULIO BUONO, AV 3251 SAO PAULO SP",-23.4758509,-46.5808354
"9104","D051300906",61669,"ITAPAIUNA, RUA",NA,"",33,"","14/05/2013 23:00",4,"AT",89,4223," "," ",0,0,0,0,0,0,0,0,0,0,0,0,0,0,0,1,0,61669,"ITAPAIUNA, RUA",NA,"",29,"FREGUESIA DO O",2,0,"ITAPAIUNA, RUA 33 SAO PAULO SP",-23.64313,-46.7289094
"9105","D051301391",4128,"CANGAIBA, AV",NA,"",1079,"","14/05/2013 23:09",2,"CO",10,5466," "," ",1,1,0,0,0,0,0,0,0,0,0,0,0,0,0,0,0,4128,"CANGAIBA, AV",NA,"",18,"CANGAIBA",1,0,"CANGAIBA, AV 1079 SAO PAULO SP",-23.5111407,-46.5435045
"9106","D051302091",22976,"GERONIMO MARIA COSTA, RUA",NA,"",127,"","14/05/2013 23:20",4,"AT",49,6713," "," ",0,0,0,0,0,0,0,0,0,0,0,0,0,0,0,1,0,22976,"GERONIMO MARIA COSTA, RUA",NA,"",50,"LIMAO",1,0,"GERONIMO MARIA COSTA, RUA 127 SAO PAULO SP",-23.5966262,-46.4470063
"9107","D051302304",11542,"NORDESTINA, AV",24220,"MAE D'AGUA, RUA",0,"","15/05/2013 00:05",2,"CF",63,3885," "," ",0,1,0,1,0,0,0,0,0,0,0,0,0,0,0,0,0,11542,"NORDESTINA, AV",59298,"MORRO DO CAIEIRO, RUA",86,"VILA CURUCA",0,1,"NORDESTINA, AV SAO PAULO SP &  MAE D'AGUA, RUA SAO PAULO SP",-23.5296164,-46.4159067
"9109","D051301255",4715,"CELESTINO BOURROUL, AV PROF",NA,"",50,"","15/05/2013 05:30",2,"CO",40,1599," "," ",1,1,0,0,0,0,0,0,0,0,0,0,0,0,0,0,0,4715,"CELESTINO BOURROUL, AV PROF",NA,"",50,"LIMAO",1,0,"CELESTINO BOURROUL, AV PROF 50 SAO PAULO SP",-23.5130132,-46.6727071
"9110","D051300392",21109,"JORGE OLIVA, RUA ENG",NA,"",381,"","15/05/2013 05:30",2,"CO",35,4028," "," ",0,2,0,0,0,0,0,0,0,0,0,0,0,0,0,0,0,21109,"JORGE OLIVA, RUA ENG",NA,"",42,"JARDIM ANGELA",1,0,"JORGE OLIVA, RUA ENG 381 SAO PAULO SP",-23.6458194,-46.6683488
"9111","D051300861",16878,"RAPOSO TAVARES, VIA",NA,"",19000,"","15/05/2013 05:45",2,"CL",75,1877," "," ",1,1,0,0,0,0,0,0,0,0,0,0,0,0,0,0,0,16878,"RAPOSO TAVARES, VIA",NA,"",13,"CACHOEIRINHA",1,0,"RAPOSO TAVARES, VIA 19000 SAO PAULO SP",-23.5084417,-48.5137003
"9112","D051300986",36061,"LUIZ DUMONT VILLARES, AV",9190,"INGLESA, RUA",0,"","15/05/2013 06:10",2,"CO",9,2760," "," ",0,1,0,0,0,0,0,0,0,0,0,1,0,0,0,0,0,9190,"INGLESA, RUA",36061,"LUIZ DUMONT VILLARES, AV",84,"TUCURUVI",1,0,"LUIZ DUMONT VILLARES, AV SAO PAULO SP &  INGLESA, RUA SAO PAULO SP",-23.4939156,-46.6115208
"9114","D051300744",9529,"ITAPECERICA, ES DE",NA,"",4752,"","15/05/2013 06:35",2,"CO",37,3804," "," ",0,1,1,0,0,0,0,0,0,0,0,0,0,0,0,0,0,9529,"ITAPECERICA, ES DE",NA,"",29,"FREGUESIA DO O",1,0,"ITAPECERICA, ES DE 4752 SAO PAULO SP",-23.5505199,-46.6333094
"9115","D051301727",21326,"GERALDO FRAGA DE OLIVEIRA, RUA",NA,"",438,"","15/05/2013 06:38",2,"CO",92,3017," "," ",1,1,0,0,0,0,0,0,0,0,0,0,0,0,0,0,0,21326,"GERALDO FRAGA DE OLIVEIRA, RUA",NA,"",29,"FREGUESIA DO O",1,0,"GERALDO FRAGA DE OLIVEIRA, RUA 438 SAO PAULO SP",-23.6531148,-46.7386021
"9116","D051301807",3509,"BELMIRA MARIN, AV DONA",NA,"",3000,"","15/05/2013 07:00",2,"CO",101,3647," "," ",1,1,0,0,0,0,0,1,0,0,0,0,0,0,0,0,0,3509,"BELMIRA MARIN, AV DONA",NA,"",30,"GRAJAU",1,0,"BELMIRA MARIN, AV DONA 3000 SAO PAULO SP",-23.7534834,-46.6861073
"9117","D051300662",33234,"MARGINAL DIREITA DO TIETE, AV",NA,"",700,"","15/05/2013 07:00",2,"CO",33,4527," "," ",1,1,0,0,0,0,0,0,0,0,0,0,0,0,0,0,0,29772,"MARGINAL DO RIO TIETE, AV",NA,"",39,"JAGUARA",1,0,"MARGINAL DIREITA DO TIETE, AV 700 SAO PAULO SP",-23.5167605,-46.7328858
"9118","D051302279",1276,"ANDRADE, RUA MONS",13821,"MENDES CALDEIRA, RUA",0,"","15/05/2013 07:02",4,"AT",12,2695," "," ",0,0,0,0,0,0,0,0,0,0,0,0,0,0,0,1,0,1276,"ANDRADE, RUA MONS",13821,"MENDES CALDEIRA, RUA",10,"BRAS",0,1,"ANDRADE, RUA MONS SAO PAULO SP &  MENDES CALDEIRA, RUA SAO PAULO SP",-23.5388288,-46.621724
"9119","D051301142",5947,"EDGAR FACO, AV GAL",NA,"",1507,"","15/05/2013 07:17",2,"CT",28,2600," "," ",0,1,0,0,0,0,0,0,0,0,0,1,0,0,0,0,0,5947,"EDGAR FACO, AV GAL",NA,"",64,"PIRITUBA",2,0,"EDGAR FACO, AV GAL 1507 SAO PAULO SP",-23.4934024,-46.7098943
"9120","D051302124",37138,"GUICHI SHIGUETA, RUA",NA,"",1000,"","15/05/2013 07:30",2,"CT",53,3393," "," ",1,1,0,0,0,0,0,0,0,0,0,0,0,0,0,0,0,37138,"GUICHI SHIGUETA, RUA",NA,"",50,"LIMAO",2,0,"GUICHI SHIGUETA, RUA 1000 SAO PAULO SP",-23.5859349,-46.4356318
"9122","D051300987",2455,"ATALIBA LEONEL, AV GAL",NA,"",1081,"","15/05/2013 07:45",4,"AT",9,2763," "," ",1,0,0,0,0,0,0,0,0,0,0,0,0,0,0,0,0,2455,"ATALIBA LEONEL, AV GAL",NA,"",88,"VILA GUILHERME",1,0,"ATALIBA LEONEL, AV GAL 1081 SAO PAULO SP",-23.5025304,-46.6181852
"9123","D051300940",15185,"OTACILIO TOMANIK, AV",NA,"",1618,"","15/05/2013 07:50",2,"SI",93,2297," "," ",1,1,0,0,0,0,0,0,0,0,0,0,0,0,0,0,0,15185,"OTACILIO TOMANIK, AV",NA,"",13,"CACHOEIRINHA",1,0,"OTACILIO TOMANIK, AV 1618 SAO PAULO SP",-23.5662799,-46.7519982
"9124","D051301729",16053,"JOSE BARROS MAGALDI, RUA",NA,"",1039,"","15/05/2013 07:50",2,"CT",92,3036," "," ",1,1,0,0,0,0,0,0,0,0,0,0,0,0,0,0,0,16053,"JOSE BARROS MAGALDI, RUA",NA,"",32,"IGUATEMI",1,0,"JOSE BARROS MAGALDI, RUA 1039 SAO PAULO SP",-23.6666423,-46.7377808
"9125","D051301708",65909,"NEREU BERTINI MAGALHAES, RUA",NA,"",78,"","15/05/2013 08:00",2,"CO",85,2462," "," ",0,1,1,0,0,0,0,0,0,0,0,0,0,0,0,0,0,65909,"NEREU BERTINI MAGALHAES, RUA",NA,"",32,"IGUATEMI",1,0,"NEREU BERTINI MAGALHAES, RUA 78 SAO PAULO SP",-23.7691004,-46.680868
"9126","D051301981",21253,"AGUIA DE HAIA, AV",9084,"IMPERADOR, ES DO",0,"","15/05/2013 08:00",2,"CO",64,3964," "," ",1,1,0,0,0,0,0,0,0,0,0,0,0,0,0,0,0,9084,"IMPERADOR, ES DO",21253,"AGUIA DE HAIA, AV",89,"VILA JACUI",1,0,"AGUIA DE HAIA, AV SAO PAULO SP &  IMPERADOR, ES DO SAO PAULO SP",-23.5069379,-46.4780241
"9128","D051301108",31289,"PAUL HUGON, RUA PROF",351,"AGUA FRIA, AV",0,"","15/05/2013 08:20",2,"SI",20,4486," "," ",1,1,0,0,0,0,0,0,0,0,0,0,0,0,0,0,0,351,"AGUA FRIA, AV",31289,"PAUL HUGON, RUA PROF",84,"TUCURUVI",1,0,"PAUL HUGON, RUA PROF SAO PAULO SP &  AGUA FRIA, AV SAO PAULO SP",-23.4749533,-46.6206254
"9129","D051301833",17820,"TITO, AV MAL",NA,"",1015,"","15/05/2013 08:30",4,"AT",22,3268," "," ",0,1,0,0,0,0,0,0,0,0,0,0,0,0,0,0,0,17820,"TITO, AV MAL",NA,"",53,"MOEMA",1,0,"TITO, AV MAL 1015 SAO PAULO SP",-23.4950685,-46.4360991
"9130","D051301090",7347,"FRANCISCO RANIERI, AV DR",21831,"ANTONIO JOAQUIM SOBRAL, RUA",0,"","15/05/2013 09:00",2,"CO",20,2396," "," ",1,1,0,0,0,0,0,0,0,0,0,0,0,0,0,0,0,7347,"FRANCISCO RANIERI, AV DR",21831,"ANTONIO JOAQUIM SOBRAL, RUA",51,"MANDAQUI",1,0,"FRANCISCO RANIERI, AV DR SAO PAULO SP &  ANTONIO JOAQUIM SOBRAL, RUA SAO PAULO SP",-23.4766952,-46.6458144
"9131","D051302092",9044,"RAGUEB CHOHFI, AV",NA,"",2102,"","15/05/2013 09:20",2,"CL",49,6727," "," ",0,1,0,1,0,0,0,0,0,0,0,0,0,0,0,0,0,9044,"RAGUEB CHOHFI, AV",NA,"",32,"IGUATEMI",1,0,"RAGUEB CHOHFI, AV 2102 SAO PAULO SP",-23.5986879,-46.4638789
"9132","D051301039",3813,"CAETANO ALVARES, AV ENG",NA,"",200,"","15/05/2013 10:15",2,"CO",13,5374," "," ",1,1,0,0,0,0,0,0,0,0,0,0,0,0,0,0,0,3813,"CAETANO ALVARES, AV ENG",NA,"",21,"CASA VERDE",1,0,"CAETANO ALVARES, AV ENG 200 SAO PAULO SP",-23.4984239,-46.6635034
"9133","D051302162",17824,"SAPOPEMBA, AV",NA,"",19300,"","15/05/2013 10:20",2,"CO",55,1938," "," ",0,1,0,1,0,0,0,0,0,0,0,0,0,0,0,0,0,17824,"SAPOPEMBA, AV",NA,"",33,"IPIRANGA",1,0,"SAPOPEMBA, AV 19300 SAO PAULO SP",-23.6228321,-46.4438559
"9134","D051300922",7841,"GAVIAO PEIXOTO, RUA BRIG",NA,"",387,"","15/05/2013 10:50",2,"CO",91,3100," "," ",0,2,0,0,0,0,0,0,0,0,0,0,0,0,0,0,0,7841,"GAVIAO PEIXOTO, RUA BRIG",NA,"",48,"LAPA",1,0,"GAVIAO PEIXOTO, RUA BRIG 387 SAO PAULO SP",-23.525849,-46.713974
"9135","D051300907",13014,"MARGINAL DO RIO PINHEIROS, AV",NA,"",13000,"","15/05/2013 11:00",2,"QM",89,4242," "," ",0,1,0,0,0,0,0,0,0,0,0,0,0,0,0,0,0,13014,"MARGINAL DO RIO PINHEIROS, AV",NA,"",40,"JAGUARE",1,0,"MARGINAL DO RIO PINHEIROS, AV 13000 SAO PAULO SP",-23.5604208,-46.6574734
"9136","D051301834",17820,"TITO, AV MAL",NA,"",871,"","15/05/2013 11:00",4,"AT",22,2373," "," ",1,0,0,0,0,0,0,0,0,0,0,0,0,0,0,0,0,17820,"TITO, AV MAL",NA,"",53,"MOEMA",1,0,"TITO, AV MAL 871 SAO PAULO SP",-23.4949938,-46.4373142
"9137","D051301706",15507,"TEOTONIO VILELA, AV SEN",NA,"",7295,"","15/05/2013 11:30",2,"CO",85,2449," "," ",1,1,0,0,0,0,0,0,0,0,0,0,0,0,0,0,0,15507,"TEOTONIO VILELA, AV SEN",NA,"",23,"CIDADE DUTRA",1,0,"TEOTONIO VILELA, AV SEN 7295 SAO PAULO SP",-23.7596338,-46.7150477
"9138","D051301580",79689,"LUIZ BARBOSA, RUA PROF",NA,"",566,"","15/05/2013 11:30",2,"CL",11,5573," "," ",1,1,0,0,0,0,0,0,0,0,0,0,0,0,0,0,0,79689,"LUIZ BARBOSA, RUA PROF",NA,"",40,"JAGUARE",1,0,"LUIZ BARBOSA, RUA PROF 566 SAO PAULO SP",-23.4685736,-46.6953693
"9139","D051300219",16870,"RANGEL PESTANA, AV",NA,"",2218,"","15/05/2013 11:45",4,"AT",12,2711," "," ",1,0,0,0,0,0,0,0,0,0,0,0,0,0,0,0,0,16870,"RANGEL PESTANA, AV",NA,"",1,"AGUA RASA",1,0,"RANGEL PESTANA, AV 2218 SAO PAULO SP",-23.5414674,-46.614124
"9141","D051302305",2903,"BERTOLDO, RUA S",5640,"CUSTODIO DE LIMA, AV DR",0,"","15/05/2013 12:19",2,"CH",63,3926," "," ",1,0,0,0,0,0,0,0,0,0,0,0,0,0,0,0,0,2903,"BERTOLDO, RUA S",5640,"CUSTODIO DE LIMA, AV DR",NA,"",0,1,"BERTOLDO, RUA S SAO PAULO SP &  CUSTODIO DE LIMA, AV DR SAO PAULO SP",-23.4944301,-46.4574373
"9142","D051301707",43817,"THOMAS MORGAN, AV",NA,"",76,"","15/05/2013 12:45",2,"CO",85,2450," "," ",0,0,0,0,1,0,0,0,1,0,0,0,0,0,0,0,0,43817,"THOMAS MORGAN, AV",NA,"",32,"IGUATEMI",1,0,"THOMAS MORGAN, AV 76 SAO PAULO SP",-23.7580133,-46.6775308
"9143","D051301317",7061,"FERNAO DIAS, VIA",NA,"",82000,"","15/05/2013 13:30",2,"CO",73,5166," "," ",0,1,0,0,0,0,0,0,0,0,0,1,0,0,0,0,0,7061,"FERNAO DIAS, VIA",NA,"",38,"JACANA",1,0,"FERNAO DIAS, VIA 82000 SAO PAULO SP",-23.4609146,-46.5715728
"9144","D051300262",14804,"NOVE DE JULHO, AV",3581,"BRASIL, AV",0,"","15/05/2013 13:58",2,"QD",78,4102,"C"," ",0,0,1,0,0,0,0,0,0,0,0,0,0,0,0,0,0,3581,"BRASIL, AV",14804,"NOVE DE JULHO, AV",44,"JARDIM PAULISTA",1,0,"NOVE DE JULHO, AV SAO PAULO SP &  BRASIL, AV SAO PAULO SP",-23.5517584,-46.6473069
"9145","D051301579",6238,"NACOES UNIDAS, AV DAS",NA,"",15000,"","15/05/2013 14:00",2,"CO",11,5569," "," ",0,1,0,0,0,0,0,0,0,0,0,1,0,0,0,0,0,13014,"MARGINAL DO RIO PINHEIROS, AV",NA,"",90,"VILA LEOPOLDINA",1,0,"NACOES UNIDAS, AV DAS 15000 SAO PAULO SP",-23.6791519,-46.6960834
"9146","D051300217",16870,"RANGEL PESTANA, AV",NA,"",1664,"","15/05/2013 14:01",4,"AT",12,2706," "," ",0,1,0,0,0,0,0,0,0,0,0,0,0,0,0,0,0,16870,"RANGEL PESTANA, AV",NA,"",1,"AGUA RASA",1,0,"RANGEL PESTANA, AV 1664 SAO PAULO SP",-23.5443992,-46.6187528
"9147","D051300633",7491,"FRANCISCO MATARAZZO, AV",NA,"",1705,"","15/05/2013 14:30",4,"AT",23,2746," "," ",1,0,0,0,0,0,0,0,0,0,0,0,0,0,0,0,0,7491,"FRANCISCO MATARAZZO, AV",NA,"",6,"BARRA FUNDA",1,0,"FRANCISCO MATARAZZO, AV 1705 SAO PAULO SP",-23.5257895,-46.678959
"9148","D051300854",16878,"RAPOSO TAVARES, VIA",NA,"",18100,"","15/05/2013 14:40",2,"CO",75,1680," "," ",1,1,0,0,0,0,0,0,0,0,0,1,0,0,0,0,0,16878,"RAPOSO TAVARES, VIA",NA,"",13,"CACHOEIRINHA",2,0,"RAPOSO TAVARES, VIA 18100 SAO PAULO SP",-23.5133268,-48.5069047
"9149","D051301718",60672,"HERCILIA GONCALVES DOS SANTOS, RUA",NA,"",2631,"","15/05/2013 15:00",2,"CO",92,2804," "," ",0,2,0,0,0,0,0,0,0,0,0,0,0,0,0,0,0,60672,"HERCILIA GONCALVES DOS SANTOS, RUA",NA,"",32,"IGUATEMI",1,0,"HERCILIA GONCALVES DOS SANTOS, RUA 2631 SAO PAULO SP",-23.6836215,-46.7456776
"9151","D051300044",8161,"GRACA, RUA DA",NA,"",419,"","15/05/2013 15:33",4,"AT",2,2878," "," ",0,1,0,0,0,0,0,0,0,0,0,0,0,0,0,0,0,8161,"GRACA, RUA DA",NA,"",9,"BOM RETIRO",1,0,"GRACA, RUA DA 419 SAO PAULO SP",-23.5276068,-46.6397515
"9152","D051300745",9529,"ITAPECERICA, ES DE",NA,"",3222,"","15/05/2013 15:47",2,"CH",37,3828," "," ",1,0,0,0,0,0,0,0,0,0,0,0,0,0,0,0,0,9529,"ITAPECERICA, ES DE",NA,"",29,"FREGUESIA DO O",1,0,"ITAPECERICA, ES DE 3222 SAO PAULO SP",-23.5505199,-46.6333094
"9153","D051301728",16053,"JOSE BARROS MAGALDI, RUA",NA,"",1598,"","15/05/2013 16:00",4,"AT",92,3035," "," ",1,0,0,0,0,0,0,0,0,0,0,0,0,0,0,0,0,16053,"JOSE BARROS MAGALDI, RUA",NA,"",32,"IGUATEMI",1,0,"JOSE BARROS MAGALDI, RUA 1598 SAO PAULO SP",-23.670573,-46.7399179
"9154","D051301355",28171,"MANUEL ANTONIO GONCALVES, AV",NA,"",174,"","15/05/2013 16:40",2,"CO",90,1950," "," ",1,0,1,0,0,0,0,0,0,0,0,0,0,0,0,0,0,28171,"MANUEL ANTONIO GONCALVES, AV",NA,"",NA,"",1,0,"MANUEL ANTONIO GONCALVES, AV 174 SAO PAULO SP",-23.4977481,-46.5727397
"9156","D051301224",13767,"MAZZEI, AV",11527,"LADEIRA, RUA CON",0,"","15/05/2013 16:59",2,"CO",39,2237," "," ",1,1,0,0,0,0,0,0,0,0,0,0,0,0,0,0,0,11527,"LADEIRA, RUA CON",13767,"MAZZEI, AV",84,"TUCURUVI",1,0,"MAZZEI, AV SAO PAULO SP &  LADEIRA, RUA CON SAO PAULO SP",-23.4760209,-46.6035613
"9157","D051301512",8955,"IBITIRAMA, RUA",NA,"",868,"","15/05/2013 17:02",2,"CO",56,3237," "," ",1,1,0,0,0,0,0,0,0,0,0,0,0,0,0,0,0,8955,"IBITIRAMA, RUA",NA,"",95,"VILA PRUDENTE",1,0,"IBITIRAMA, RUA 868 SAO PAULO SP",-23.589008,-46.5836133