"","id_acidente","codloga","logradouroA","codlogb","logradouroB","alt_num","referencia","data","cod_acid","tipo_acidente","dp","numero_BO","sentido","pista","automovel","moto","onibus","caminhao","bicicleta","moto_taxi","onibus_fretado","onibus_urbano","microonibus","van","vuc","caminhonete","carreta","jipe","outros","sem_informacao","carroca","princ_a","paiA","princ_b","paiB","cod_distrito","distrito","vit_ferida","vit_morta","local","lat","lon"
"9158","D051300967",13604,"CANDIDO MOTTA FILHO, AV DR",NA,"",400,"","15/05/2013 17:40",2,"CO",93,3476," "," ",1,1,0,0,0,0,0,0,0,0,0,0,0,0,0,0,0,13604,"CANDIDO MOTTA FILHO, AV DR",NA,"",68,"RIO PEQUENO",1,0,"CANDIDO MOTTA FILHO, AV DR 400 SAO PAULO SP",-23.556803,-46.7532838
"9159","D051300955",5309,"CORIFEU DE AZEVEDO MARQUES, AV",NA,"",5741,"","15/05/2013 17:50",2,"CH",93,3137," "," ",0,0,0,0,0,0,0,0,0,0,0,1,0,0,0,0,0,5309,"CORIFEU DE AZEVEDO MARQUES, AV",NA,"",12,"BUTANTA",1,0,"CORIFEU DE AZEVEDO MARQUES, AV 5741 SAO PAULO SP",-23.5540458,-46.7566929
"9160","D051300647",18519,"SUMARE, AV",NA,"",345,"","15/05/2013 18:10",4,"AT",23,3449," "," ",0,1,0,0,0,0,0,0,0,0,0,0,0,0,0,0,0,18519,"SUMARE, AV",NA,"",61,"PERDIZES",1,0,"SUMARE, AV 345 SAO PAULO SP",-23.5324587,-46.6753716
"9161","D051300120",17237,"ROCHA, RUA",NA,"",440,"","15/05/2013 18:18",2,"CO",5,2619," "," ",1,1,0,0,0,0,0,0,0,0,0,0,0,0,0,0,0,17237,"ROCHA, RUA",NA,"",7,"BELA VISTA",1,0,"ROCHA, RUA 440 SAO PAULO SP",-23.5602345,-46.6496414
"9162","D051300479",6238,"NACOES UNIDAS, AV DAS",NA,"",12251,"","15/05/2013 18:18",2,"SI",96,2295," "," ",1,1,0,0,0,0,0,0,0,0,0,0,0,0,0,0,0,13014,"MARGINAL DO RIO PINHEIROS, AV",NA,"",90,"VILA LEOPOLDINA",1,0,"NACOES UNIDAS, AV DAS 12251 SAO PAULO SP",-23.6791538,-46.6960937
"9163","D051300220",17400,"ROSA, RUA STA",NA,"",314,"","15/05/2013 18:30",2,"CO",12,2712," "," ",0,1,0,0,0,0,0,0,0,0,0,1,0,0,0,0,0,17400,"ROSA, RUA STA",NA,"",6,"BARRA FUNDA",1,0,"ROSA, RUA STA 314 SAO PAULO SP",-23.5401841,-46.6268744
"9164","D051302292",19100,"BANDEIRANTES, AV DOS",3753,"CABO VERDE, RUA",0,"","15/05/2013 18:30",4,"AT",27,5111," "," ",1,0,0,0,0,0,0,0,0,0,0,0,0,0,0,0,0,17064,"RIBEIRO DO VALE, RUA",19100,"BANDEIRANTES, AV DOS",NA,"",0,1,"BANDEIRANTES, AV DOS SAO PAULO SP &  CABO VERDE, RUA SAO PAULO SP",-23.6016317,-46.6827292
"9165","D051302030",76036,"VALENTIM LEMOS, RUA",73964,"BALTAZAR DE AZEVEDO, RUA",0,"","15/05/2013 18:30",4,"AT",68,6067," "," ",0,0,0,0,0,0,0,0,0,0,0,1,0,0,0,0,0,73964,"BALTAZAR DE AZEVEDO, RUA",76036,"VALENTIM LEMOS, RUA",47,"LAJEADO",1,0,"VALENTIM LEMOS, RUA SAO PAULO SP &  BALTAZAR DE AZEVEDO, RUA SAO PAULO SP",-23.5351524,-46.4258945
"9166","D051300358",33018,"JOAO ALVARES SOARES, RUA",NA,"",694,"","15/05/2013 18:32",2,"CF",27,5107," "," ",1,1,0,0,0,0,0,0,0,0,0,0,0,0,0,0,0,33018,"JOAO ALVARES SOARES, RUA",NA,"",30,"GRAJAU",1,0,"JOAO ALVARES SOARES, RUA 694 SAO PAULO SP",-23.6265068,-46.676111
"9167","D051300336",43154,"TANCREDO NEVES, AV PRES",NA,"",1600,"","15/05/2013 18:40",2,"CT",26,6579," "," ",1,0,0,0,0,0,0,0,0,0,0,1,0,0,0,0,0,43154,"TANCREDO NEVES, AV PRES",NA,"",18,"CANGAIBA",1,0,"TANCREDO NEVES, AV PRES 1600 SAO PAULO SP",-23.6160052,-46.6092579
"9168","D051301581",24615,"MANOELITO DE ORNELLAS, RUA PROF",12907,"MARCELO ROBERTO, RUA ARQ",0,"","15/05/2013 18:42",2,"CF",11,5574," "," ",1,1,0,0,0,0,0,0,0,0,0,0,0,0,0,0,0,12907,"MARCELO ROBERTO, RUA ARQ",24615,"MANOELITO DE ORNELLAS, RUA PROF",72,"SANTO AMARO",1,0,"MANOELITO DE ORNELLAS, RUA PROF SAO PAULO SP &  MARCELO ROBERTO, RUA ARQ SAO PAULO SP",-23.6323799,-46.7108126
"9170","D051301444",1657,"ANTONIO DE BARROS, RUA",34122,"MELO FREIRE, RUA",0,"","15/05/2013 19:00",2,"CO",30,1527," "," ",3,0,0,0,0,0,0,0,0,0,0,0,0,0,0,0,0,1657,"ANTONIO DE BARROS, RUA",34122,"MELO FREIRE, RUA",82,"TATUAPE",1,0,"ANTONIO DE BARROS, RUA SAO PAULO SP &  MELO FREIRE, RUA SAO PAULO SP",-23.5447741,-46.5559478
"9171","D051300031",18993,"TIRADENTES, AV",NA,"",1000,"","15/05/2013 19:20",4,"AT",2,2023," "," ",0,1,0,0,0,0,0,0,0,0,0,0,0,0,0,0,0,18993,"TIRADENTES, AV",NA,"",9,"BOM RETIRO",1,0,"TIRADENTES, AV 1000 SAO PAULO SP",-23.5334847,-46.6327785
"9173","D051302069",16443,"POA, ES DE",NA,"",1114,"","15/05/2013 19:30",4,"AT",44,3414," "," ",0,1,0,0,0,0,0,0,0,0,0,0,0,0,0,0,0,16443,"POA, ES DE",NA,"",50,"LIMAO",1,0,"POA, ES DE 1114 SAO PAULO SP",-23.5505199,-46.6333094
"9174","D051302291",32541,"PAULO GUILGUER REIMBERG, AV",2888,"BARRO BRANCO, ES DO",0,"","15/05/2013 20:00",2,"CT",101,3659," "," ",0,1,0,0,0,0,0,0,0,0,0,0,0,0,0,1,0,2888,"BARRO BRANCO, ES DO",32541,"PAULO GUILGUER REIMBERG, AV",30,"GRAJAU",0,1,"PAULO GUILGUER REIMBERG, AV SAO PAULO SP &  BARRO BRANCO, ES DO SAO PAULO SP",-23.7727754,-46.7005109
"9175","D051301244",8320,"GUAPIRA, AV",NA,"",1985,"","15/05/2013 20:11",2,"CO",39,5237," "," ",1,1,0,0,0,0,0,0,0,0,0,0,0,0,0,0,0,8320,"GUAPIRA, AV",NA,"",38,"JACANA",1,0,"GUAPIRA, AV 1985 SAO PAULO SP",-23.4716792,-46.5872023
"9177","D051300435",62965,"MEMORIAL DE AIRES, RUA",NA,"",150,"","15/05/2013 20:20",2,"CO",83,1219," "," ",0,1,0,0,1,0,0,0,0,0,0,0,0,0,0,0,0,62965,"MEMORIAL DE AIRES, RUA",NA,"",69,"SACOMA",1,0,"MEMORIAL DE AIRES, RUA 150 SAO PAULO SP",-23.6526003,-46.6122388
"9178","D051300573",18813,"TEODORO SAMPAIO, RUA",6479,"ENEAS CARVALHO DE AGUIAR, AV DR",0,"","15/05/2013 20:22",2,"QD",14,4882," "," ",0,0,0,0,0,0,0,1,0,0,0,0,0,0,0,0,0,6479,"ENEAS CARVALHO DE AGUIAR, AV DR",18813,"TEODORO SAMPAIO, RUA",2,"ALTO DE PINHEIR",1,0,"TEODORO SAMPAIO, RUA SAO PAULO SP &  ENEAS CARVALHO DE AGUIAR, AV DR SAO PAULO SP",-23.5652586,-46.6903013
"9179","D051300443",1532,"OLYMPIA SEMERARO, RUA",NA,"",675,"","15/05/2013 20:41",2,"CO",83,4256," "," ",0,1,0,0,0,0,0,0,0,0,0,1,0,0,0,0,0,1532,"OLYMPIA SEMERARO, RUA",NA,"",21,"CASA VERDE",1,0,"OLYMPIA SEMERARO, RUA 675 SAO PAULO SP",-23.6441784,-46.5961062
"9180","D051301808",3509,"BELMIRA MARIN, AV DONA",NA,"",3800,"","15/05/2013 21:30",4,"AT",101,3661," "," ",0,0,1,0,0,0,0,0,0,0,0,0,0,0,0,0,0,3509,"BELMIRA MARIN, AV DONA",NA,"",30,"GRAJAU",1,0,"BELMIRA MARIN, AV DONA 3800 SAO PAULO SP",-23.7527472,-46.6829762
"9182","D051300459",5762,"DELAMARE, AV ALM",NA,"",5900,"","15/05/2013 22:51",2,"CT",95,4254," "," ",1,1,0,0,0,0,0,0,0,0,0,0,0,0,0,0,0,5762,"DELAMARE, AV ALM",NA,"",33,"IPIRANGA",1,0,"DELAMARE, AV ALM 5900 SAO PAULO SP",-23.611876,-46.581016
"9183","D051301962",46936,"JACU-PESSEGO/NOVA TRABALHADORE, AV",10152,"JOAO BATISTA CONTI, AV PROF",0,"","15/05/2013 22:55",2,"CO",63,3917," "," ",3,0,0,0,0,0,0,0,0,0,0,0,0,0,0,0,0,10152,"JOAO BATISTA CONTI, AV PROF",46936,"JACU-PESSEGO/NOVA TRABALHADORE, AV",36,"ITAQUERA",2,0,"JACU-PESSEGO/NOVA TRABALHADORE, AV SAO PAULO SP &  JOAO BATISTA CONTI, AV PROF SAO PAULO SP",-23.5754203,-46.4449094
"9184","D051302215",2878,"BARREIRA GRANDE, AV DA",NA,"",3015,"","15/05/2013 23:30",2,"CO",69,5159," "," ",1,1,0,0,0,0,0,0,0,0,0,0,0,0,0,0,0,2878,"BARREIRA GRANDE, AV DA",NA,"",78,"SAPOPEMBA",2,0,"BARREIRA GRANDE, AV DA 3015 SAO PAULO SP",-23.591143,-46.5039154
"9185","D051301990",17159,"RIO NEGRO, RUA",NA,"",164,"","16/05/2013 00:08",4,"AT",64,5251," "," ",1,0,0,0,0,0,0,0,0,0,0,0,0,0,0,0,0,17159,"RIO NEGRO, RUA",NA,"",49,"LIBERDADE",1,0,"RIO NEGRO, RUA 164 SAO PAULO SP",-23.5310408,-46.48294
"9187","D051301783",17360,"ALBERTO DE ZAGOTTIS, AV ENG",NA,"",352,"","16/05/2013 02:30",4,"AT",99,5582," "," ",0,0,0,0,0,0,0,1,0,0,0,0,0,0,0,0,0,17360,"ALBERTO DE ZAGOTTIS, AV ENG",NA,"",16,"CAMPO GRANDE",1,0,"ALBERTO DE ZAGOTTIS, AV ENG 352 SAO PAULO SP",-23.6714853,-46.696433
"9188","D051301109",14767,"NOVA CANTAREIRA, AV",NA,"",430,"","16/05/2013 04:00",2,"CO",20,4517," "," ",1,1,0,0,0,0,0,0,0,0,0,0,0,0,0,0,0,14767,"NOVA CANTAREIRA, AV",NA,"",83,"TREMEMBE",1,0,"NOVA CANTAREIRA, AV 430 SAO PAULO SP",-23.4871337,-46.6206599
"9189","D051302253",99498,"ALBERTO AUGUSTO ALVES, AV",10270,"JOAO DIAS, AV",0,"","16/05/2013 04:11",2,"CH",14,5197," "," ",0,1,0,0,0,0,0,0,0,0,0,0,0,0,0,0,0,10270,"JOAO DIAS, AV",99498,"ALBERTO AUGUSTO ALVES, AV",NA,"",1,1,"ALBERTO AUGUSTO ALVES, AV SAO PAULO SP &  JOAO DIAS, AV SAO PAULO SP",-23.6405862,-46.7369489
"9190","D051302065",72670,"INACIO MONTEIRO, RUA",NA,"",938,"","16/05/2013 05:00",2,"CO",44,2915," "," ",0,1,1,0,0,0,0,0,0,0,0,0,0,0,0,0,0,72670,"INACIO MONTEIRO, RUA",NA,"",50,"LIMAO",2,0,"INACIO MONTEIRO, RUA 938 SAO PAULO SP",-23.5647013,-46.4063107
"9191","D051300393",32522,"FRANCISCO DE PAULA Q. RIBEIRO, AV",NA,"",343,"","16/05/2013 05:10",2,"CO",35,4060," "," ",1,0,0,0,1,0,0,0,0,0,0,0,0,0,0,0,0,32522,"FRANCISCO DE PAULA Q. RIBEIRO, AV",NA,"",42,"JARDIM ANGELA",1,0,"FRANCISCO DE PAULA Q. RIBEIRO, AV 343 SAO PAULO SP",-23.649519,-46.6425565
"9192","D051301318",8320,"GUAPIRA, AV",18664,"TANQUE VELHO, RUA",0,"","16/05/2013 06:10",2,"CL",73,5193," "," ",1,1,0,0,0,0,0,0,0,0,0,0,0,0,0,0,0,8320,"GUAPIRA, AV",18664,"TANQUE VELHO, RUA",84,"TUCURUVI",1,0,"GUAPIRA, AV SAO PAULO SP &  TANQUE VELHO, RUA SAO PAULO SP",-23.4688173,-46.5845853
"9193","D051300280",17755,"CRUZ, RUA STA",5618,"CURSINO, AV DO",0,"","16/05/2013 06:20",4,"AT",16,5122," "," ",1,0,0,0,0,0,0,0,0,0,0,0,0,0,0,0,0,5618,"CURSINO, AV DO",17755,"CRUZ, RUA STA",27,"CURSINO",1,0,"CRUZ, RUA STA SAO PAULO SP &  CURSINO, AV DO SAO PAULO SP",-23.6012676,-46.6218894
"9194","D051300822",5309,"CORIFEU DE AZEVEDO MARQUES, AV",NA,"",1816,"","16/05/2013 06:30",2,"CF",51,2183," "," ",1,0,0,0,0,0,0,0,0,0,0,1,0,0,0,0,0,5309,"CORIFEU DE AZEVEDO MARQUES, AV",NA,"",12,"BUTANTA",4,0,"CORIFEU DE AZEVEDO MARQUES, AV 1816 SAO PAULO SP",-23.5735782,-46.7316555
"9195","D051301533",35211,"GUILHERME GIORGI, AV",NA,"",1691,"","16/05/2013 07:00",2,"CO",58,1040," "," ",2,0,0,0,0,0,0,0,0,0,0,0,0,0,0,0,0,35211,"GUILHERME GIORGI, AV",NA,"",27,"CURSINO",2,0,"GUILHERME GIORGI, AV 1691 SAO PAULO SP",-23.5599978,-46.5434629
"9196","D051301356",10471,"JOAO SIMAO DE CASTRO, AV",5476,"CRISCIUMA, RUA",0,"","16/05/2013 07:00",2,"CO",90,1959," "," ",1,1,0,0,0,0,0,0,0,0,0,0,0,0,0,0,0,5476,"CRISCIUMA, RUA",10471,"JOAO SIMAO DE CASTRO, AV",94,"VILA MEDEIROS",1,0,"JOAO SIMAO DE CASTRO, AV SAO PAULO SP &  CRISCIUMA, RUA SAO PAULO SP",-23.4891204,-46.5676727
"9197","D051301272",65207,"CARLOS MARIA MONTEIRO, RUA",NA,"",241,"","16/05/2013 07:28",4,"AT",45,1234,"C"," ",1,0,0,0,0,0,0,0,0,0,0,0,0,0,0,0,0,65207,"CARLOS MARIA MONTEIRO, RUA",NA,"",40,"JAGUARE",1,0,"CARLOS MARIA MONTEIRO, RUA 241 SAO PAULO SP",-23.4690914,-46.6827989
"9198","D051300316",6642,"ESTADO, AV DO",NA,"",7100,"","16/05/2013 07:30",2,"CO",17,2674," "," ",3,1,0,0,0,0,0,0,0,0,0,0,0,0,0,0,0,6642,"ESTADO, AV DO",NA,"",9,"BOM RETIRO",1,0,"ESTADO, AV DO 7100 SAO PAULO SP",-23.5471741,-46.6294315
"9201","D051300824",19817,"VITAL BRASIL, AV",6819,"EUSEBIO MATOSO, AV",0,"","16/05/2013 08:30",2,"CO",51,2217," "," ",1,1,0,0,0,0,0,0,0,0,0,0,0,0,0,0,0,7500,"FRANCISCO MORATO, AV PROF",10674,"JORGE DE LIMA, PCA",12,"BUTANTA",1,0,"VITAL BRASIL, AV SAO PAULO SP &  EUSEBIO MATOSO, AV SAO PAULO SP",-23.5696565,-46.7140386
"9202","D051300015",11818,"LIBERDADE, AV DA",NA,"",622,"","16/05/2013 08:40",2,"CO",1,3979," "," ",1,1,0,0,0,0,0,0,0,0,0,0,0,0,0,0,0,11818,"LIBERDADE, AV DA",NA,"",49,"LIBERDADE",1,0,"LIBERDADE, AV DA 622 SAO PAULO SP",-23.5581955,-46.637157
"9203","D051300747",9529,"ITAPECERICA, ES DE",NA,"",389,"","16/05/2013 09:00",2,"CO",37,3854,"C"," ",1,1,0,0,0,0,0,0,0,0,0,0,0,0,0,0,0,9529,"ITAPECERICA, ES DE",NA,"",29,"FREGUESIA DO O",1,0,"ITAPECERICA, ES DE 389 SAO PAULO SP",-23.5505199,-46.6333094
"9204","D051302247",17728,"SANATORIO, AV",NA,"",1838,"","16/05/2013 09:15",4,"AT",77,2912," "," ",0,0,0,1,0,0,0,0,0,0,0,0,0,0,0,0,0,17728,"SANATORIO, AV",NA,"",NA,"",0,1,"SANATORIO, AV 1838 SAO PAULO SP",-23.4703542,-46.5665163
"9205","D051300908",7180,"FLAVIO AMERICO MAURANO, RUA DR",10073,"JESUINO DE ABREU, RUA DR",0,"","16/05/2013 09:15",2,"CO",89,4275," "," ",1,1,0,0,0,0,0,0,0,0,0,0,0,0,0,0,0,7180,"FLAVIO AMERICO MAURANO, RUA DR",14850,"OTAVIO MANGABEIRA, RUA SEN",55,"MORUMBI",2,0,"FLAVIO AMERICO MAURANO, RUA DR SAO PAULO SP &  JESUINO DE ABREU, RUA DR SAO PAULO SP",-23.6113223,-46.7188336
"9206","D051301765",9220,"INTERLAGOS, AV",NA,"",317,"","16/05/2013 09:30",4,"AT",99,2115," "," ",0,0,0,0,0,0,0,1,0,0,0,0,0,0,0,0,0,9220,"INTERLAGOS, AV",NA,"",16,"CAMPO GRANDE",1,0,"INTERLAGOS, AV 317 SAO PAULO SP",-23.6556848,-46.6795824
"9207","D051300252",989,"AMARAL GURGEL, RUA",NA,"",452,"","16/05/2013 09:41",2,"CH",77,2891," "," ",0,1,0,1,0,0,0,0,0,0,0,0,0,0,0,0,0,989,"AMARAL GURGEL, RUA",NA,"",67,"REPUBLICA",1,0,"AMARAL GURGEL, RUA 452 SAO PAULO SP",-23.5458531,-46.6480811
"9208","D051300359",19931,"WASHINGTON LUIS, AV",NA,"",100,"","16/05/2013 10:19",2,"QM",27,5131," "," ",0,1,0,0,0,0,0,0,0,0,0,0,0,0,0,0,0,19931,"WASHINGTON LUIS, AV",NA,"",30,"GRAJAU",1,0,"WASHINGTON LUIS, AV 100 SAO PAULO SP",-23.6604858,-46.7034929
"9209","D051302050",17135,"RIO DAS PEDRAS, AV",NA,"",2200,"","16/05/2013 10:30",2,"CO",41,2529," "," ",0,1,0,0,0,0,0,0,0,0,0,1,0,0,0,0,0,17135,"RIO DAS PEDRAS, AV",NA,"",27,"CURSINO",1,0,"RIO DAS PEDRAS, AV 2200 SAO PAULO SP",-23.5803807,-46.5011954
"9210","D051300703",6259,"EDUARDO MONTEIRO, RUA PROF",NA,"",500,"","16/05/2013 10:30",2,"SI",34,2950," "," ",1,1,0,0,0,0,0,0,0,0,0,0,0,0,0,0,0,6259,"EDUARDO MONTEIRO, RUA PROF",NA,"",13,"CACHOEIRINHA",1,0,"EDUARDO MONTEIRO, RUA PROF 500 SAO PAULO SP",-23.5976432,-46.7105419
"9211","D051300634",4248,"CARDOSO DE ALMEIDA, RUA",7491,"FRANCISCO MATARAZZO, AV",0,"","16/05/2013 10:35",4,"AT",23,2763," "," ",1,0,0,0,0,0,0,0,0,0,0,0,0,0,0,0,0,7491,"FRANCISCO MATARAZZO, AV",14947,"OLIMPIO DA SILVEIRA, AV GAL",6,"BARRA FUNDA",1,0,"CARDOSO DE ALMEIDA, RUA SAO PAULO SP &  FRANCISCO MATARAZZO, AV SAO PAULO SP",-23.548295,-46.6740951
"9212","D051300185",543,"ALCANTARA MACHADO, AV",NA,"",3748,"","16/05/2013 11:00",2,"CL",8,3841," "," ",1,1,0,0,0,0,0,0,0,0,0,0,0,0,0,0,0,543,"ALCANTARA MACHADO, AV",NA,"",10,"BRAS",2,0,"ALCANTARA MACHADO, AV 3748 SAO PAULO SP",-23.5439779,-46.5899029
"9213","D051300702",14267,"MORUMBI, AV",NA,"",2412,"","16/05/2013 11:20",2,"QM",34,2944," "," ",0,1,0,0,0,0,0,0,0,0,0,0,0,0,0,0,0,14267,"MORUMBI, AV",NA,"",55,"MORUMBI",1,0,"MORUMBI, AV 2412 SAO PAULO SP",-23.5957667,-46.7080786
"9214","D051301691",20048,"YERVANT KISSAJIKIAN, AV",6647,"O ESTADO DE SAO PAULO, RUA",0,"","16/05/2013 11:30",2,"CO",80,1281," "," ",1,1,0,0,0,0,0,0,0,0,0,0,0,0,0,0,0,6647,"O ESTADO DE SAO PAULO, RUA",20048,"YERVANT KISSAJIKIAN, AV",22,"CIDADE ADEMAR",1,0,"YERVANT KISSAJIKIAN, AV SAO PAULO SP &  O ESTADO DE SAO PAULO, RUA SAO PAULO SP",-23.679855,-46.6553853
"9215","D051302277",18813,"TEODORO SAMPAIO, RUA",NA,"",363,"","16/05/2013 11:41",4,"AT",14,4910," "," ",0,0,1,0,0,0,0,0,0,0,0,0,0,0,0,0,0,18813,"TEODORO SAMPAIO, RUA",NA,"",20,"CARRAO",0,1,"TEODORO SAMPAIO, RUA 363 SAO PAULO SP",-23.5558049,-46.6743284
"9216","D051301680",15507,"TEOTONIO VILELA, AV SEN",NA,"",890,"","16/05/2013 11:50",2,"CO",48,1868," "," ",1,1,0,0,0,0,0,0,0,0,0,0,0,0,0,0,0,15507,"TEOTONIO VILELA, AV SEN",NA,"",23,"CIDADE DUTRA",1,0,"TEOTONIO VILELA, AV SEN 890 SAO PAULO SP",-23.7093912,-46.6998526
"9217","D051301179",9170,"INES, AV STA",3285,"TOME AFONSO DE MOURA, RUA",0,"","16/05/2013 11:50",2,"CT",38,2416," "," ",0,0,1,0,1,0,0,0,0,0,0,0,0,0,0,0,0,3285,"TOME AFONSO DE MOURA, RUA",9170,"INES, AV STA",51,"MANDAQUI",1,0,"INES, AV STA SAO PAULO SP &  TOME AFONSO DE MOURA, RUA SAO PAULO SP",-23.4571244,-46.6487598
"9218","D051301040",9078,"IMIRIM, AV",NA,"",1853,"","16/05/2013 12:00",2,"CO",13,5432," "," ",1,1,0,0,0,0,0,0,0,0,0,0,0,0,0,0,0,9078,"IMIRIM, AV",NA,"",71,"SANTANA",1,0,"IMIRIM, AV 1853 SAO PAULO SP",-23.4904056,-46.6507118
"9219","D051300186",1196,"ANA NERI, RUA DONA",NA,"",58,"","16/05/2013 12:00",4,"AT",8,3847," "," ",1,0,0,0,0,0,0,0,0,0,0,0,0,0,0,0,0,1196,"ANA NERI, RUA DONA",NA,"",14,"CAMBUCI",1,0,"ANA NERI, RUA DONA 58 SAO PAULO SP",-23.5546671,-46.6143025
"9221","D051300294",12242,"LUIS GOIS, RUA",NA,"",1531,"","16/05/2013 12:50",2,"CO",16,6580," "," ",1,1,0,0,0,0,0,0,0,0,0,0,0,0,0,0,0,12242,"LUIS GOIS, RUA",NA,"",79,"SAUDE",1,0,"LUIS GOIS, RUA 1531 SAO PAULO SP",-23.6041124,-46.6426101
"9222","D051301041",17622,"SALETE, RUA",NA,"",232,"","16/05/2013 12:50",4,"AT",13,5434," "," ",1,0,0,0,0,0,0,0,0,0,0,0,0,0,0,0,0,17622,"SALETE, RUA",NA,"",8,"BELEM",1,0,"SALETE, RUA 232 SAO PAULO SP",-23.5018641,-46.6272113
"9223","D051301042",21876,"CAMPO DE BAGATELLE, PCA",NA,"",10,"","16/05/2013 13:00",2,"CO",13,5436," "," ",1,1,0,0,0,0,0,0,0,0,0,0,0,0,0,0,0,21876,"CAMPO DE BAGATELLE, PCA",NA,"",8,"BELEM",1,0,"CAMPO DE BAGATELLE, PCA 10 SAO PAULO SP",-23.5147328,-46.628411
"9224","D051301933",13881,"MIGUEL, AV S",NA,"",4737,"","16/05/2013 13:40",4,"AT",62,1980," "," ",0,1,0,0,0,0,0,0,0,0,0,0,0,0,0,0,0,13881,"MIGUEL, AV S",NA,"",65,"PONTE RASA",2,0,"MIGUEL, AV S 4737 SAO PAULO SP",-23.5072639,-46.4876067
"9225","D051301640",5606,"CUPECE, AV",NA,"",4413,"","16/05/2013 13:50",2,"CO",43,5210," "," ",0,0,1,1,0,0,0,0,0,0,0,0,0,0,0,0,0,5606,"CUPECE, AV",NA,"",22,"CIDADE ADEMAR",1,0,"CUPECE, AV 4413 SAO PAULO SP",-23.6726793,-46.6440532
"9226","D051301877",30240,"CRIUVA, RUA",NA,"",797,"","16/05/2013 13:50",2,"CO",32,2898,"C"," ",1,1,0,0,0,0,0,0,0,0,0,0,0,0,0,0,0,30240,"CRIUVA, RUA",NA,"",53,"MOEMA",1,0,"CRIUVA, RUA 797 SAO PAULO SP",-23.5199315,-46.4323596
"9227","D051300878",41008,"TUNGUE, RUA",NA,"",180,"","16/05/2013 13:57",4,"AT",87,2534," "," ",0,1,0,0,0,0,0,0,0,0,0,0,0,0,0,0,0,41008,"TUNGUE, RUA",NA,"",31,"GUAIANASES",1,0,"TUNGUE, RUA 180 SAO PAULO SP",-23.4833222,-46.7275765
"9228","D051300480",14768,"NOVA CIDADE, RUA",930,"ALVORADA, RUA",0,"","16/05/2013 14:00",4,"AT",96,2317," "," ",1,0,0,0,0,0,0,0,0,0,0,0,0,0,0,0,0,930,"ALVORADA, RUA",14768,"NOVA CIDADE, RUA",34,"ITAIM BIBI",1,0,"NOVA CIDADE, RUA SAO PAULO SP &  ALVORADA, RUA SAO PAULO SP",-23.5998219,-46.680951
"9229","D051300481",8341,"GUARAIUVA, RUA",7237,"FLORIDA, RUA",0,"","16/05/2013 14:15",2,"SI",96,2319," "," ",2,0,0,0,0,0,0,0,0,0,0,0,0,0,0,0,0,7237,"FLORIDA, RUA",8341,"GUARAIUVA, RUA",34,"ITAIM BIBI",1,0,"GUARAIUVA, RUA SAO PAULO SP &  FLORIDA, RUA SAO PAULO SP",-23.6105962,-46.6890653
"9230","D051300635",1427,"ANHANGUERA, RUA",18410,"SOLIMOES, RUA",0,"","16/05/2013 14:27",2,"CO",23,2374," "," ",1,1,0,0,0,0,0,0,0,0,0,0,0,0,0,0,0,1427,"ANHANGUERA, RUA",18410,"SOLIMOES, RUA",70,"SANTA CECILIA",1,0,"ANHANGUERA, RUA SAO PAULO SP &  SOLIMOES, RUA SAO PAULO SP",-23.4900941,-46.7665396
"9231","D051301582",19931,"WASHINGTON LUIS, AV",NA,"",3500,"","16/05/2013 15:00",2,"CT",11,5616," "," ",0,1,0,0,0,0,0,0,0,0,0,1,0,0,0,0,0,19931,"WASHINGTON LUIS, AV",NA,"",30,"GRAJAU",1,0,"WASHINGTON LUIS, AV 3500 SAO PAULO SP",-23.648601,-46.6760621
"9232","D051301477",4503,"CARRAO, RUA CONS",NA,"",1486,"","16/05/2013 15:30",2,"CO",31,2918," "," ",0,1,0,0,0,0,0,0,0,0,0,1,0,0,0,0,0,4503,"CARRAO, RUA CONS",NA,"",7,"BELA VISTA",1,0,"CARRAO, RUA CONS 1486 SAO PAULO SP",-23.54429,-46.5460434
"9233","D051301263",4496,"CAROLINA SOARES, RUA",NA,"",65,"","16/05/2013 15:30",2,"CO",40,5444," "," ",2,0,0,0,0,0,0,0,0,0,0,1,0,0,0,0,0,4496,"CAROLINA SOARES, RUA",NA,"",50,"LIMAO",1,0,"CAROLINA SOARES, RUA 65 SAO PAULO SP",-23.5025171,-46.6720219
"9234","D051301513",15047,"ORFANATO, RUA",NA,"",465,"","16/05/2013 16:43",4,"AT",56,3264," "," ",0,0,1,0,0,0,0,0,0,0,0,0,0,0,0,0,0,15047,"ORFANATO, RUA",NA,"",33,"IPIRANGA",1,0,"ORFANATO, RUA 465 SAO PAULO SP",-23.5795789,-46.5810751
"9235","D051300855",16878,"RAPOSO TAVARES, VIA",NA,"",1500,"","16/05/2013 16:50",2,"CT",75,1669," "," ",2,0,0,0,0,0,0,0,0,0,0,0,0,0,0,0,0,16878,"RAPOSO TAVARES, VIA",NA,"",13,"CACHOEIRINHA",2,0,"RAPOSO TAVARES, VIA 1500 SAO PAULO SP",-23.586748,-46.7909753
"9236","D051300787",18262,"SILVIO DE CAMPOS, AV DR",NA,"",262,"","16/05/2013 17:00",4,"AT",46,2312," "," ",0,1,0,0,0,0,0,0,0,0,0,0,0,0,0,0,0,18262,"SILVIO DE CAMPOS, AV DR",NA,"",NA,"",1,0,"SILVIO DE CAMPOS, AV DR 262 SAO PAULO SP",-23.4067696,-46.7566776