"","id_acidente","codloga","logradouroA","codlogb","logradouroB","alt_num","referencia","data","cod_acid","tipo_acidente","dp","numero_BO","sentido","pista","automovel","moto","onibus","caminhao","bicicleta","moto_taxi","onibus_fretado","onibus_urbano","microonibus","van","vuc","caminhonete","carreta","jipe","outros","sem_informacao","carroca","princ_a","paiA","princ_b","paiB","cod_distrito","distrito","vit_ferida","vit_morta","local","lat","lon"
"9237","D051302031",11542,"NORDESTINA, AV",NA,"",6024,"","16/05/2013 17:30",4,"AT",68,6107," "," ",1,0,0,0,0,0,0,0,0,0,0,0,0,0,0,0,0,11542,"NORDESTINA, AV",NA,"",76,"SAO MIGUEL",1,0,"NORDESTINA, AV 6024 SAO PAULO SP",-23.5297589,-46.4157035
"9238","D051300688",67160,"JABA, RUA",NA,"",34,"","16/05/2013 17:30",2,"CO",34,2426," "," ",1,1,0,0,0,0,0,0,0,0,0,0,0,0,0,0,0,67160,"JABA, RUA",NA,"",13,"CACHOEIRINHA",1,0,"JABA, RUA 34 SAO PAULO SP",-23.6012718,-46.7022749
"9239","D051302070",72670,"INACIO MONTEIRO, RUA",NA,"",58,"","16/05/2013 18:00",2,"QD",44,3449," "," ",0,0,1,0,0,0,0,0,0,0,0,0,0,0,0,0,0,72670,"INACIO MONTEIRO, RUA",NA,"",50,"LIMAO",1,0,"INACIO MONTEIRO, RUA 58 SAO PAULO SP",-23.5866789,-46.3815684
"9240","D051302306",929,"ALVINOPOLIS, RUA",NA,"",100,"","16/05/2013 18:00",4,"AT",10,5547," "," ",1,0,0,0,0,0,0,0,0,0,0,0,0,0,0,0,0,929,"ALVINOPOLIS, RUA",NA,"",60,"PENHA",0,1,"ALVINOPOLIS, RUA 100 SAO PAULO SP",-23.533604,-46.544914
"9241","D051301801",3509,"BELMIRA MARIN, AV DONA",NA,"",700,"","16/05/2013 18:20",2,"CT",101,2503," "," ",0,0,1,0,0,0,0,0,0,0,0,0,0,0,0,0,0,3509,"BELMIRA MARIN, AV DONA",NA,"",30,"GRAJAU",1,0,"BELMIRA MARIN, AV DONA 700 SAO PAULO SP",-23.7369501,-46.6936623
"9242","D051301861",2429,"ASSIS RIBEIRO, RUA DR",62092,"OLHO D'AGUA DO BORGES, RUA",0,"","16/05/2013 18:20",2,"CT",24,5286," "," ",1,0,0,0,0,0,0,0,1,0,0,0,0,0,0,0,0,2429,"ASSIS RIBEIRO, RUA DR",62092,"OLHO D'AGUA DO BORGES, RUA",18,"CANGAIBA",1,0,"ASSIS RIBEIRO, RUA DR SAO PAULO SP &  OLHO D'AGUA DO BORGES, RUA SAO PAULO SP",-23.4961136,-46.510701
"9243","D051300724",7500,"FRANCISCO MORATO, AV PROF",8483,"GUILHERME DUMONT VILARES, AV DR",0,"","16/05/2013 18:20",2,"CL",34,4286," "," ",2,1,0,0,0,0,0,0,0,0,0,0,0,0,0,0,0,7500,"FRANCISCO MORATO, AV PROF",8483,"GUILHERME DUMONT VILARES, AV DR",96,"VILA SONIA",1,0,"FRANCISCO MORATO, AV PROF SAO PAULO SP &  GUILHERME DUMONT VILARES, AV DR SAO PAULO SP",-23.5789486,-46.7103326
"9245","D051300360",19100,"BANDEIRANTES, AV DOS",NA,"",5900,"","16/05/2013 18:40",2,"CO",27,5148," "," ",2,1,0,0,0,0,0,0,0,0,0,0,0,0,0,0,0,19100,"BANDEIRANTES, AV DOS",NA,"",24,"CIDADE LIDER",1,0,"BANDEIRANTES, AV DOS 5900 SAO PAULO SP",-23.6291614,-46.6479949
"9246","D051300674",33234,"MARGINAL DIREITA DO TIETE, AV",NA,"",1,"","16/05/2013 18:48",2,"CO",33,2317," "," ",1,1,0,0,0,0,0,0,0,0,0,1,0,0,0,0,0,29772,"MARGINAL DO RIO TIETE, AV",NA,"",39,"JAGUARA",1,0,"MARGINAL DIREITA DO TIETE, AV 1 SAO PAULO SP",-23.5201776,-46.7477714
"9247","D051300013",19543,"VENCESLAU BRAS, RUA",NA,"",57,"","16/05/2013 19:24",4,"AT",1,3856," "," ",0,0,0,0,0,0,0,0,0,0,0,1,0,0,0,0,0,19543,"VENCESLAU BRAS, RUA",NA,"",1,"AGUA RASA",1,0,"VENCESLAU BRAS, RUA 57 SAO PAULO SP",-23.5494348,-46.6326107
"9249","D051300263",12165,"LUIS ANTONIO, AV BRIG",16010,"PEDROSO, RUA",0,"","16/05/2013 19:30",4,"AT",78,4146," "," ",0,1,0,0,0,0,0,0,0,0,0,0,0,0,0,0,0,12165,"LUIS ANTONIO, AV BRIG",16010,"PEDROSO, RUA",7,"BELA VISTA",1,0,"LUIS ANTONIO, AV BRIG SAO PAULO SP &  PEDROSO, RUA SAO PAULO SP",-23.5699897,-46.6512614
"9250","D051301963",9084,"IMPERADOR, ES DO",3861,"TREVO DE SANTA MARIA, RUA",0,"","16/05/2013 19:42",4,"AT",63,3938," "," ",0,1,0,0,0,0,0,0,0,0,0,0,0,0,0,0,0,3861,"TREVO DE SANTA MARIA, RUA",9084,"IMPERADOR, ES DO",89,"VILA JACUI",1,0,"IMPERADOR, ES DO SAO PAULO SP &  TREVO DE SANTA MARIA, RUA SAO PAULO SP",-23.5505199,-46.6333094
"9251","D051300499",4564,"CASTILHO, RUA",16533,"PORTO UNIAO, RUA",0,"","16/05/2013 19:52",2,"CL",96,5146," "," ",1,1,0,0,0,0,0,0,0,0,0,0,0,0,0,0,0,4564,"CASTILHO, RUA",16533,"PORTO UNIAO, RUA",34,"ITAIM BIBI",1,0,"CASTILHO, RUA SAO PAULO SP &  PORTO UNIAO, RUA SAO PAULO SP",-23.6133284,-46.6912242
"9252","D051301583",9220,"INTERLAGOS, AV",NA,"",1500,"","16/05/2013 20:33",4,"AT",11,5634," "," ",1,0,0,0,0,0,0,0,0,0,0,0,0,0,0,0,0,9220,"INTERLAGOS, AV",NA,"",16,"CAMPO GRANDE",1,0,"INTERLAGOS, AV 1500 SAO PAULO SP",-23.6663927,-46.6779578
"9255","D051300500",999,"SANTO AMARO, AV",21514,"ROQUE PETRONI JUNIOR, AV",0,"","16/05/2013 20:40",4,"AT",96,5147," "," ",0,0,0,0,0,0,0,1,0,0,0,0,0,0,0,0,0,999,"SANTO AMARO, AV",21514,"ROQUE PETRONI JUNIOR, AV",34,"ITAIM BIBI",1,0,"SANTO AMARO, AV SAO PAULO SP &  ROQUE PETRONI JUNIOR, AV SAO PAULO SP",-23.614288,-46.6791208
"9256","D051301264",73663,"NELSON FRANCISCO, RUA",NA,"",300,"","16/05/2013 21:30",4,"AT",40,5450," "," ",0,0,0,0,0,0,0,0,0,0,0,0,0,0,0,1,0,73663,"NELSON FRANCISCO, RUA",NA,"",44,"JARDIM PAULISTA",1,0,"NELSON FRANCISCO, RUA 300 SAO PAULO SP",-23.5043073,-46.681552
"9257","D051301742",35858,"GUIDO CALOI, AV",NA,"",1200,"","16/05/2013 21:35",2,"CO",92,6122," "," ",0,1,1,0,0,0,0,0,0,0,0,0,0,0,0,0,0,35858,"GUIDO CALOI, AV",NA,"",32,"IGUATEMI",1,0,"GUIDO CALOI, AV 1200 SAO PAULO SP",-23.6653244,-46.7269854
"9258","D051301656",9529,"ITAPECERICA, ES DE",NA,"",5020,"","16/05/2013 21:50",2,"CO",47,6129,"B"," ",1,1,0,0,0,0,0,0,0,0,0,0,0,0,0,0,0,9529,"ITAPECERICA, ES DE",NA,"",29,"FREGUESIA DO O",1,0,"ITAPECERICA, ES DE 5020 SAO PAULO SP",-23.5505199,-46.6333094
"9259","D051301296",15425,"CANTIDIO SAMPAIO, AV DEP",NA,"",3057,"","16/05/2013 22:20",2,"CL",72,4451,"C"," ",0,1,0,0,0,0,0,1,0,0,0,0,0,0,0,0,0,15425,"CANTIDIO SAMPAIO, AV DEP",NA,"",41,"JARAGUA",1,0,"CANTIDIO SAMPAIO, AV DEP 3057 SAO PAULO SP",-23.458425,-46.6902012
"9260","D051301599",9384,"ISABEL SCHMIDT, RUA",NA,"",44,"","16/05/2013 22:40",2,"QD",11,5973," "," ",0,0,1,0,0,0,0,0,0,0,0,0,0,0,0,0,0,9384,"ISABEL SCHMIDT, RUA",NA,"",72,"SANTO AMARO",1,0,"ISABEL SCHMIDT, RUA 44 SAO PAULO SP",-23.6503466,-46.7051994
"9261","D051300574",16919,"REBOUCAS, AV",16017,"PEDROSO DE MORAIS, AV",0,"","16/05/2013 23:40",2,"CT",14,4942," "," ",1,1,0,0,0,0,0,0,0,0,0,0,0,0,0,0,0,16017,"PEDROSO DE MORAIS, AV",16919,"REBOUCAS, AV",63,"PINHEIROS",1,0,"REBOUCAS, AV SAO PAULO SP &  PEDROSO DE MORAIS, AV SAO PAULO SP",-23.5666153,-46.6829404
"9262","D051300704",16337,"ELISEU DE ALMEIDA, AV",NA,"",280,"","16/05/2013 23:45",2,"CO",34,2953," "," ",0,0,1,0,0,0,0,0,0,0,0,0,0,0,0,1,0,16337,"ELISEU DE ALMEIDA, AV",NA,"",0,"NULL",3,0,"ELISEU DE ALMEIDA, AV 280 SAO PAULO SP",-23.5765294,-46.7141984
"9263","D051301641",34128,"JOAO DE LUCA, AV VER",NA,"",283,"","17/05/2013 00:30",2,"CT",43,5220," "," ",1,1,0,0,0,0,0,0,0,0,0,0,0,0,0,0,0,34128,"JOAO DE LUCA, AV VER",NA,"",42,"JARDIM ANGELA",2,0,"JOAO DE LUCA, AV VER 283 SAO PAULO SP",-23.6461691,-46.6711001
"9264","D051301655",12403,"M'BOI MIRIM, ES",NA,"",7800,"","17/05/2013 01:30",2,"CF",47,6127," "," ",0,0,2,0,0,0,0,0,0,0,0,0,0,0,0,0,0,12403,"M'BOI MIRIM, ES",NA,"",42,"JARDIM ANGELA",3,0,"M'BOI MIRIM, ES 7800 SAO PAULO SP",-23.5505199,-46.6333094
"9265","D051301744",13357,"MARIA COELHO AGUIAR, AV",NA,"",950,"","17/05/2013 04:15",2,"CF",92,6189," "," ",1,0,0,0,0,0,0,0,0,0,0,1,0,0,0,0,0,13357,"MARIA COELHO AGUIAR, AV",NA,"",45,"JARDIM SAO LUIS",1,0,"MARIA COELHO AGUIAR, AV 950 SAO PAULO SP",-23.6528457,-46.7341788
"9266","D051300470",43154,"TANCREDO NEVES, AV PRES",19583,"VERGUEIRO, RUA",0,"","17/05/2013 05:30",2,"SI",95,2296," "," ",0,0,0,1,0,0,0,1,0,0,0,0,0,0,0,0,0,19583,"VERGUEIRO, RUA",43154,"TANCREDO NEVES, AV PRES",69,"SACOMA",6,0,"TANCREDO NEVES, AV PRES SAO PAULO SP &  VERGUEIRO, RUA SAO PAULO SP",-23.6208548,-46.6115493
"9267","D051301584",15806,"PAZ, RUA DA",NA,"",900,"","17/05/2013 05:50",2,"SI",11,5643," "," ",0,1,0,0,0,0,0,1,0,0,0,0,0,0,0,0,0,15806,"PAZ, RUA DA",NA,"",29,"FREGUESIA DO O",2,0,"PAZ, RUA DA 900 SAO PAULO SP",-23.6321049,-46.6974886
"9269","D051300264",3581,"BRASIL, AV",2164,"ARGENTINA, RUA",0,"","17/05/2013 06:06",2,"CT",78,4166," "," ",3,0,0,0,0,0,0,0,0,0,0,0,0,0,0,0,0,2164,"ARGENTINA, RUA",3581,"BRASIL, AV",44,"JARDIM PAULISTA",1,0,"BRASIL, AV SAO PAULO SP &  ARGENTINA, RUA SAO PAULO SP",-21.4863218,-47.3631133
"9270","D051300617",3600,"BRASILIA, RUA",NA,"",24,"","17/05/2013 06:20",2,"QM",15,5488," "," ",0,1,0,0,0,0,0,0,0,0,0,0,0,0,0,0,0,3600,"BRASILIA, RUA",NA,"",34,"ITAIM BIBI",1,0,"BRASILIA, RUA 24 SAO PAULO SP",-23.4760935,-46.4184612
"9271","D051301452",18068,"SERRA DE BRAGANCA, RUA",NA,"",568,"","17/05/2013 06:20",4,"AT",30,2620," "," ",0,0,1,0,0,0,0,0,0,0,0,0,0,0,0,0,0,18068,"SERRA DE BRAGANCA, RUA",NA,"",27,"CURSINO",1,0,"SERRA DE BRAGANCA, RUA 568 SAO PAULO SP",-23.5453276,-46.5697666
"9272","D051300856",16878,"RAPOSO TAVARES, VIA",NA,"",16000,"","17/05/2013 06:30",2,"CO",75,1698," "," ",1,1,0,0,0,0,0,0,0,0,0,0,0,0,0,0,0,16878,"RAPOSO TAVARES, VIA",NA,"",13,"CACHOEIRINHA",1,0,"RAPOSO TAVARES, VIA 16000 SAO PAULO SP",-23.5223375,-48.4879815
"9273","D051301256",60871,"CARLOS PORTO CARREIRO, RUA",NA,"",30,"","17/05/2013 07:02",2,"CO",40,1627," "," ",0,1,0,1,0,0,0,0,0,0,0,0,0,0,0,0,0,60871,"CARLOS PORTO CARREIRO, RUA",NA,"",0,"NULL",1,0,"CARLOS PORTO CARREIRO, RUA 30 SAO PAULO SP",-23.508509,-46.6853239
"9274","D051301417",12156,"LUIZ AYRES, RUA DR",NA,"",1882,"","17/05/2013 07:05",2,"CT",21,1703," "," ",1,1,0,0,0,0,0,0,0,0,0,0,0,0,0,0,0,12156,"LUIZ AYRES, RUA DR",NA,"",5,"ARTUR ALVIM",2,0,"LUIZ AYRES, RUA DR 1882 SAO PAULO SP",-23.5411749,-46.4842053
"9276","D051301514",19708,"VILA EMA, AV",NA,"",165,"","17/05/2013 07:20",2,"CO",56,3276," "," ",1,2,0,0,0,0,0,0,0,0,0,0,0,0,0,0,0,19708,"VILA EMA, AV",NA,"",26,"CONSOLACAO",1,0,"VILA EMA, AV 165 SAO PAULO SP",-23.5783091,-46.5745296
"9278","D051301453",14178,"MONTE SERRAT, RUA",18961,"TIJUCO PRETO, RUA",0,"","17/05/2013 07:30",2,"CO",30,2622," "," ",1,1,0,0,0,0,0,0,0,0,0,0,0,0,0,0,0,14178,"MONTE SERRAT, RUA",18961,"TIJUCO PRETO, RUA",82,"TATUAPE",1,0,"MONTE SERRAT, RUA SAO PAULO SP &  TIJUCO PRETO, RUA SAO PAULO SP",-23.5478352,-46.5605446
"9279","D051301657",9529,"ITAPECERICA, ES DE",NA,"",6500,"","17/05/2013 07:40",2,"CO",47,6139," "," ",1,1,0,0,0,0,0,0,0,0,0,0,0,0,0,0,0,9529,"ITAPECERICA, ES DE",NA,"",29,"FREGUESIA DO O",1,0,"ITAPECERICA, ES DE 6500 SAO PAULO SP",-23.5505199,-46.6333094
"9280","D051300514",2235,"ARMANDO DE ARRUDA PEREIRA, AV ENG",NA,"",4200,"","17/05/2013 08:00",4,"AT",97,1386," "," ",1,0,0,0,0,0,0,0,0,0,0,0,0,0,0,0,0,2235,"ARMANDO DE ARRUDA PEREIRA, AV ENG",NA,"",37,"JABAQUARA",1,0,"ARMANDO DE ARRUDA PEREIRA, AV ENG 4200 SAO PAULO SP",-23.6616042,-46.6375626
"9281","D051301906",10393,"JOAO NERY, ES DOM",9256,"IPE ROXO, RUA",0,"","17/05/2013 08:00",2,"QD",50,6186," "," ",0,0,0,0,0,0,0,0,1,0,0,0,0,0,0,0,0,9256,"IPE ROXO, RUA",10393,"JOAO NERY, ES DOM",35,"ITAIM PAULISTA",1,0,"JOAO NERY, ES DOM SAO PAULO SP &  IPE ROXO, RUA SAO PAULO SP",-23.5505199,-46.6333094
"9282","D051301809",60911,"MANOEL DA ROCHA, RUA",NA,"",115,"","17/05/2013 08:05",4,"AT",101,3710," "," ",1,0,0,0,0,0,0,0,0,0,0,0,0,0,0,0,0,60911,"MANOEL DA ROCHA, RUA",NA,"",29,"FREGUESIA DO O",1,0,"MANOEL DA ROCHA, RUA 115 SAO PAULO SP",-23.667877,-46.7912598
"9283","D051300515",2235,"ARMANDO DE ARRUDA PEREIRA, AV ENG",NA,"",3500,"","17/05/2013 08:28",2,"CT",97,1388," "," ",1,1,0,0,0,0,0,0,0,0,0,0,0,0,0,0,0,2235,"ARMANDO DE ARRUDA PEREIRA, AV ENG",NA,"",37,"JABAQUARA",1,0,"ARMANDO DE ARRUDA PEREIRA, AV ENG 3500 SAO PAULO SP",-23.6556967,-46.6366725
"9284","D051300317",14449,"NAZARE, AV",NA,"",360,"","17/05/2013 08:30",2,"CT",17,2698," "," ",2,1,0,0,0,0,0,0,0,0,0,0,0,0,0,0,0,14449,"NAZARE, AV",NA,"",33,"IPIRANGA",1,0,"NAZARE, AV 360 SAO PAULO SP",-23.587069,-46.6108723
"9285","D051301180",9078,"IMIRIM, AV",NA,"",3391,"","17/05/2013 08:30",2,"CO",38,2431," "," ",2,0,0,0,0,0,0,0,0,0,0,1,0,0,0,0,0,9078,"IMIRIM, AV",NA,"",71,"SANTANA",1,0,"IMIRIM, AV 3391 SAO PAULO SP",-23.4798623,-46.6591029
"9287","D051301437",8014,"GIULIANI, RUA PROF",7074,"FERRAIUOLO, RUA CAP",0,"","17/05/2013 08:30",2,"CO",29,1263," "," ",1,1,0,0,0,0,0,0,0,0,0,0,0,0,0,0,0,7074,"FERRAIUOLO, RUA CAP",8014,"GIULIANI, RUA PROF",1,"AGUA RASA",1,0,"GIULIANI, RUA PROF SAO PAULO SP &  FERRAIUOLO, RUA CAP SAO PAULO SP",-23.5659504,-46.5638114
"9288","D051300705",11687,"LEBRET, AV PDE",NA,"",100,"","17/05/2013 08:53",2,"SI",34,2959," "," ",0,1,0,0,0,0,0,0,0,0,0,1,0,0,0,0,0,11687,"LEBRET, AV PDE",NA,"",55,"MORUMBI",1,0,"LEBRET, AV PDE 100 SAO PAULO SP",-23.5505199,-46.6333094
"9289","D051300361",19931,"WASHINGTON LUIS, AV",31498,"ROBERTO MARINHO - ANT AGUA ESP, AV JORN",0,"","17/05/2013 09:17",2,"QM",27,5161," "," ",0,1,0,0,0,0,0,0,0,0,0,0,0,0,0,0,0,19931,"WASHINGTON LUIS, AV",31498,"ROBERTO MARINHO - ANT AGUA ESP, AV JORN",15,"CAMPO BELO",1,0,"WASHINGTON LUIS, AV SAO PAULO SP &  ROBERTO MARINHO - ANT AGUA ESP, AV JORN SAO PAULO SP",-23.6605391,-46.7039265
"9290","D051300395",15590,"CHARLES DARWIN, RUA",9878,"FRANKLIN MAGALHAES, RUA",0,"","17/05/2013 09:39",2,"CO",35,4111," "," ",1,1,0,0,0,0,0,0,0,0,0,0,0,0,0,0,0,9878,"FRANKLIN MAGALHAES, RUA",15590,"CHARLES DARWIN, RUA",37,"JABAQUARA",1,0,"CHARLES DARWIN, RUA SAO PAULO SP &  FRANKLIN MAGALHAES, RUA SAO PAULO SP",-23.6515553,-46.6609174
"9291","D051301868",7987,"GILDA, RUA",NA,"",95,"","17/05/2013 10:00",4,"AT",24,5789," "," ",0,0,0,0,0,0,0,0,1,0,0,0,0,0,0,0,0,7987,"GILDA, RUA",NA,"",60,"PENHA",1,0,"GILDA, RUA 95 SAO PAULO SP",-23.5256009,-46.5207809
"9292","D051301810",15507,"TEOTONIO VILELA, AV SEN",NA,"",3323,"","17/05/2013 10:20",2,"CO",101,3724," "," ",1,1,0,0,0,0,0,0,0,0,0,0,0,0,0,0,0,15507,"TEOTONIO VILELA, AV SEN",NA,"",23,"CIDADE DUTRA",1,0,"TEOTONIO VILELA, AV SEN 3323 SAO PAULO SP",-23.7292713,-46.698676
"9293","D051300222",5567,"CRUZEIRO DO SUL, AV",NA,"",741,"","17/05/2013 10:40",4,"AT",12,2749," "," ",0,0,0,0,0,0,0,0,0,0,0,1,0,0,0,0,0,5567,"CRUZEIRO DO SUL, AV",NA,"",5,"ARTUR ALVIM",1,0,"CRUZEIRO DO SUL, AV 741 SAO PAULO SP",-23.5251428,-46.6255884
"9294","D051301924",9145,"RIO SOBRADO, RUA",NA,"",10,"","17/05/2013 11:30",2,"CF",59,1807," "," ",1,0,0,0,1,0,0,0,0,0,0,0,0,0,0,0,0,9145,"RIO SOBRADO, RUA",NA,"",54,"MOOCA",1,0,"RIO SOBRADO, RUA 10 SAO PAULO SP",-23.4924364,-46.4033782
"9295","D051301043",27548,"BENEDITO XAVIER PINHEIRO, RUA",NA,"",120,"","17/05/2013 11:30",2,"CH",13,5474," "," ",3,0,0,0,0,0,0,0,0,0,0,0,0,0,0,0,0,27548,"BENEDITO XAVIER PINHEIRO, RUA",NA,"",8,"BELEM",1,0,"BENEDITO XAVIER PINHEIRO, RUA 120 SAO PAULO SP",-23.4982817,-46.6274873
"9296","D051301438",17824,"SAPOPEMBA, AV",NA,"",4881,"","17/05/2013 11:35",4,"AT",29,1264," "," ",1,0,0,0,0,0,0,0,0,0,0,0,0,0,0,0,0,17824,"SAPOPEMBA, AV",NA,"",33,"IPIRANGA",1,0,"SAPOPEMBA, AV 4881 SAO PAULO SP",-23.5786623,-46.5430518
"9297","D051301361",7061,"FERNAO DIAS, VIA",NA,"",89000,"","17/05/2013 12:00",2,"CO",90,2116,"B"," ",0,1,0,0,0,0,0,0,0,0,0,1,0,0,0,0,0,7061,"FERNAO DIAS, VIA",NA,"",38,"JACANA",1,0,"FERNAO DIAS, VIA 89000 SAO PAULO SP",-23.4609146,-46.5715728
"9298","D051301542",19035,"TOLEDO BARBOSA, RUA",NA,"",55,"","17/05/2013 12:04",4,"AT",81,1413," "," ",1,0,0,0,0,0,0,0,0,0,0,0,0,0,0,0,0,19035,"TOLEDO BARBOSA, RUA",NA,"",10,"BRAS",1,0,"TOLEDO BARBOSA, RUA 55 SAO PAULO SP",-23.540843,-46.5844379
"9299","D051300482",6238,"NACOES UNIDAS, AV DAS",NA,"",12551,"","17/05/2013 12:05",2,"SI",96,2336," "," ",0,1,0,1,0,0,0,0,0,0,0,0,0,0,0,0,0,13014,"MARGINAL DO RIO PINHEIROS, AV",NA,"",90,"VILA LEOPOLDINA",1,0,"NACOES UNIDAS, AV DAS 12551 SAO PAULO SP",-23.6086206,-46.697124
"9300","D051300017",16870,"RANGEL PESTANA, AV",NA,"",1171,"","17/05/2013 12:12",2,"CL",1,3994," "," ",2,1,0,0,0,0,0,0,0,0,0,0,0,0,0,0,0,16870,"RANGEL PESTANA, AV",NA,"",1,"AGUA RASA",1,0,"RANGEL PESTANA, AV 1171 SAO PAULO SP",-23.5463523,-46.6229814
"9301","D051302228",13255,"MARIA GRAHAM, RUA",20052,"ZEFERINO DO AMARAL, RUA DR",0,"","17/05/2013 12:30",2,"SI",70,2511," "," ",0,2,0,0,0,0,0,0,0,0,0,0,0,0,0,0,0,13255,"MARIA GRAHAM, RUA",20052,"ZEFERINO DO AMARAL, RUA DR",74,"SAO LUCAS",1,0,"MARIA GRAHAM, RUA SAO PAULO SP &  ZEFERINO DO AMARAL, RUA DR SAO PAULO SP",-23.6098374,-46.5343823
"9302","D051300788",46890,"ALEXIOS JAFET (ESTR.CAMPINAS), AV",NA,"",820,"","17/05/2013 12:58",2,"CO",46,2336," "," ",1,1,0,0,0,0,0,0,0,0,0,0,0,0,0,0,0,46890,"ALEXIOS JAFET (ESTR.CAMPINAS), AV",NA,"",41,"JARAGUA",1,0,"ALEXIOS JAFET (ESTR.CAMPINAS), AV 820 SAO PAULO SP",-23.5680871,-46.6553867
"9303","D051300988",1364,"ANGELINA, AV",9086,"IMPERADOR, RUA DO",0,"","17/05/2013 13:00",4,"AT",9,2825," "," ",0,1,0,0,0,0,0,0,0,0,0,0,0,0,0,0,0,1364,"ANGELINA, AV",9086,"IMPERADOR, RUA DO",88,"VILA GUILHERME",1,0,"ANGELINA, AV SAO PAULO SP &  IMPERADOR, RUA DO SAO PAULO SP",-23.5019128,-46.5973892
"9304","D051300750",9529,"ITAPECERICA, ES DE",NA,"",3871,"","17/05/2013 13:05",2,"CT",37,3886," "," ",1,1,0,0,0,0,0,0,0,0,0,0,0,0,0,0,0,9529,"ITAPECERICA, ES DE",NA,"",29,"FREGUESIA DO O",1,0,"ITAPECERICA, ES DE 3871 SAO PAULO SP",-23.5505199,-46.6333094
"9305","D051300318",885,"ALVARO DO VALE, RUA",NA,"",284,"","17/05/2013 13:40",4,"AT",17,2709," "," ",0,0,0,0,0,0,0,0,0,0,0,1,0,0,0,0,0,885,"ALVARO DO VALE, RUA",NA,"",33,"IPIRANGA",1,0,"ALVARO DO VALE, RUA 284 SAO PAULO SP",-23.600378,-46.5947494
"9306","D051301821",2483,"ATLANTICA ANT. ROBERT KENNEDY, AV",NA,"",1620,"","17/05/2013 13:46",2,"CO",102,1410," "," ",1,1,0,0,0,0,0,0,0,0,0,0,0,0,0,0,0,2483,"ATLANTICA ANT. ROBERT KENNEDY, AV",NA,"",23,"CIDADE DUTRA",1,0,"ATLANTICA ANT. ROBERT KENNEDY, AV 1620 SAO PAULO SP",-23.5505199,-46.6333094
"9307","D051300713",3937,"CAMARGO, RUA",NA,"",346,"","17/05/2013 13:50",2,"CO",34,3641," "," ",0,2,0,0,0,0,0,0,0,0,0,0,0,0,0,0,0,3937,"CAMARGO, RUA",NA,"",12,"BUTANTA",1,0,"CAMARGO, RUA 346 SAO PAULO SP",-23.5707261,-46.7090256
"9308","D051300600",5569,"CUBA, RUA",13620,"MARTINICA, RUA",0,"","17/05/2013 14:30",2,"CO",15,4174," "," ",1,1,0,0,0,0,0,0,0,0,0,0,0,0,0,0,0,5569,"CUBA, RUA",13620,"MARTINICA, RUA",44,"JARDIM PAULISTA",1,0,"CUBA, RUA SAO PAULO SP &  MARTINICA, RUA SAO PAULO SP",-23.5745029,-46.669107
"9309","D051300189",543,"ALCANTARA MACHADO, AV",NA,"",3832,"","17/05/2013 15:40",2,"CO",8,3877," "," ",1,1,0,0,0,0,0,0,0,0,0,0,0,0,0,0,0,543,"ALCANTARA MACHADO, AV",NA,"",10,"BRAS",1,0,"ALCANTARA MACHADO, AV 3832 SAO PAULO SP",-23.5507838,-46.6078971
"9310","D051300771",16339,"CARLOS LACERDA, AV",NA,"",470,"","17/05/2013 16:04",4,"AT",37,4327," "," ",0,0,0,0,0,0,0,0,0,0,0,0,0,0,0,1,0,16339,"CARLOS LACERDA, AV",NA,"",29,"FREGUESIA DO O",1,0,"CARLOS LACERDA, AV 470 SAO PAULO SP",-23.6363643,-46.7778401
"9311","D051300149",11922,"LINS DE VASCONCELOS, AV",NA,"",932,"","17/05/2013 16:10",2,"CH",6,2348," "," ",1,1,0,0,0,0,0,0,0,0,0,0,0,0,0,0,0,11922,"LINS DE VASCONCELOS, AV",NA,"",92,"VILA MARIANA",1,0,"LINS DE VASCONCELOS, AV 932 SAO PAULO SP",-23.5714924,-46.6225536
"9312","D051301515",19708,"VILA EMA, AV",NA,"",1301,"","17/05/2013 16:13",2,"CH",56,3282," "," ",0,0,1,0,1,0,0,0,0,0,0,0,0,0,0,0,0,19708,"VILA EMA, AV",NA,"",26,"CONSOLACAO",1,0,"VILA EMA, AV 1301 SAO PAULO SP",-23.5813307,-46.5640857
"9313","D051300910",8000,"GIOVANNI GRONCHI, AV",NA,"",4509,"","17/05/2013 17:19",4,"AT",89,4325," "," ",0,0,0,0,0,0,0,0,0,0,0,1,0,0,0,0,0,8000,"GIOVANNI GRONCHI, AV",NA,"",55,"MORUMBI",1,0,"GIOVANNI GRONCHI, AV 4509 SAO PAULO SP",-23.619207,-46.7328546
"9314","D051301516",24338,"LUIZ IGNACIO ANHAIA MELLO, AV PROF",NA,"",333,"","17/05/2013 17:50",2,"CO",56,3283," "," ",1,1,0,0,0,0,0,0,0,0,0,0,0,0,0,0,0,24338,"LUIZ IGNACIO ANHAIA MELLO, AV PROF",NA,"",26,"CONSOLACAO",1,0,"LUIZ IGNACIO ANHAIA MELLO, AV PROF 333 SAO PAULO SP",-23.5862259,-46.5898488
"9315","D051300577",18813,"TEODORO SAMPAIO, RUA",NA,"",415,"","17/05/2013 17:54",4,"AT",14,5167," "," ",0,1,0,0,0,0,0,0,0,0,0,0,0,0,0,0,0,18813,"TEODORO SAMPAIO, RUA",NA,"",20,"CARRAO",1,0,"TEODORO SAMPAIO, RUA 415 SAO PAULO SP",-23.5559596,-46.6747955