"","id_acidente","codloga","logradouroA","codlogb","logradouroB","alt_num","referencia","data","cod_acid","tipo_acidente","dp","numero_BO","sentido","pista","automovel","moto","onibus","caminhao","bicicleta","moto_taxi","onibus_fretado","onibus_urbano","microonibus","van","vuc","caminhonete","carreta","jipe","outros","sem_informacao","carroca","princ_a","paiA","princ_b","paiB","cod_distrito","distrito","vit_ferida","vit_morta","local","lat","lon"
"9404","D051300365",8944,"IBIRAPUERA, AV",NA,"",3103,"","19/05/2013 01:10",4,"AT",27,5230," "," ",1,0,0,0,0,0,0,0,0,0,0,0,0,0,0,0,0,8944,"IBIRAPUERA, AV",NA,"",53,"MOEMA",2,0,"IBIRAPUERA, AV 3103 SAO PAULO SP",-23.6099797,-46.6671302
"9405","D051300133",10548,"JOAQUIM EUGENIO DE LIMA, AL",17044,"RIBEIRAO PRETO, AL",0,"","19/05/2013 01:20",2,"CO",5,4221," "," ",1,1,0,0,0,0,0,0,0,0,0,0,0,0,0,0,0,10548,"JOAQUIM EUGENIO DE LIMA, AL",17044,"RIBEIRAO PRETO, AL",7,"BELA VISTA",1,0,"JOAQUIM EUGENIO DE LIMA, AL SAO PAULO SP &  RIBEIRAO PRETO, AL SAO PAULO SP",-23.5687356,-46.6533992
"9406","D051300924",5885,"DIOGENES RIBEIRO DE LIMA, AV",NA,"",311,"","19/05/2013 01:30",4,"AT",91,3191," "," ",1,0,0,0,0,0,0,0,0,0,0,0,0,0,0,0,0,5885,"DIOGENES RIBEIRO DE LIMA, AV",NA,"",2,"ALTO DE PINHEIR",1,0,"DIOGENES RIBEIRO DE LIMA, AV 311 SAO PAULO SP",-23.5526777,-46.705121
"9407","D051300462",98419,"ITAMARATI (SACOMA), RUA",NA,"",34,"","19/05/2013 01:50",4,"AT",95,4593," "," ",0,0,0,0,0,0,0,0,0,0,0,0,0,0,0,1,0,98419,"ITAMARATI (SACOMA), RUA",NA,"",69,"SACOMA",1,0,"ITAMARATI (SACOMA), RUA 34 SAO PAULO SP",-23.5505199,-46.6333094
"9408","D051301862",13881,"MIGUEL, AV S",NA,"",3668,"","19/05/2013 02:00",2,"CO",24,5382," "," ",4,0,0,0,0,0,0,0,0,0,0,0,0,0,0,0,0,13881,"MIGUEL, AV S",NA,"",65,"PONTE RASA",1,0,"MIGUEL, AV S 3668 SAO PAULO SP",-23.5100467,-46.4972681
"9409","D051300612",8838,"HORACIO LAFER, AV",NA,"",210,"","19/05/2013 02:02",4,"AT",15,5031," "," ",0,0,0,0,0,0,0,0,0,0,0,0,0,0,0,1,0,8838,"HORACIO LAFER, AV",NA,"",34,"ITAIM BIBI",1,0,"HORACIO LAFER, AV 210 SAO PAULO SP",-23.5872491,-46.6813461
"9410","D051302011",47022,"MIGUEL IGNACIO CURI, AV",NA,"",50,"","19/05/2013 02:03",4,"AT",65,5375," "," ",0,1,0,0,0,0,0,0,0,0,0,0,0,0,0,0,0,47022,"MIGUEL IGNACIO CURI, AV",NA,"",36,"ITAQUERA",1,0,"MIGUEL IGNACIO CURI, AV 50 SAO PAULO SP",-23.5443738,-46.4644917
"9411","D051301426",18454,"SOUSA BANDEIRA, AV",44742,"BERNARDINO BRITO FONSECA DE CA, AV",0,"","19/05/2013 02:30",2,"CO",21,5640," "," ",2,0,0,0,0,0,0,0,0,0,0,0,0,0,0,0,0,18454,"SOUSA BANDEIRA, AV",44742,"BERNARDINO BRITO FONSECA DE CA, AV",93,"VILA MATILDE",3,0,"SOUSA BANDEIRA, AV SAO PAULO SP &  BERNARDINO BRITO FONSECA DE CA, AV SAO PAULO SP",-23.5462024,-46.5013255
"9412","D051300665",35449,"BANDEIRANTES, VIA DOS",NA,"",14100,"","19/05/2013 03:06",2,"CO",33,4671," "," ",2,0,0,0,0,0,0,0,0,0,0,0,0,0,0,0,0,35449,"BANDEIRANTES, VIA DOS",NA,"",64,"PIRITUBA",1,0,"BANDEIRANTES, VIA DOS 14100 SAO PAULO SP",-23.4393535,-46.7580065
"9413","D051300726",855,"ALVARENGA, RUA",NA,"",51,"","19/05/2013 05:00",2,"CO",34,4387," "," ",1,0,0,0,0,0,0,0,0,0,0,1,0,0,0,0,0,855,"ALVARENGA, RUA",NA,"",55,"MORUMBI",1,0,"ALVARENGA, RUA 51 SAO PAULO SP",-23.579852,-46.7065756
"9414","D051301889",24220,"MAE D'AGUA, RUA",11542,"NORDESTINA, AV",0,"","19/05/2013 05:10",4,"AT",32,4020," "," ",1,0,0,0,0,0,0,0,0,0,0,0,0,0,0,0,0,11542,"NORDESTINA, AV",59298,"MORRO DO CAIEIRO, RUA",86,"VILA CURUCA",1,0,"MAE D'AGUA, RUA SAO PAULO SP &  NORDESTINA, AV SAO PAULO SP",-23.5139274,-46.4283647
"9415","D051300266",11989,"LORENA, AL",14804,"NOVE DE JULHO, AV",0,"","19/05/2013 05:30",2,"CO",78,4231," "," ",1,1,0,0,0,0,0,0,0,0,0,0,0,0,0,0,0,11989,"LORENA, AL",14804,"NOVE DE JULHO, AV",44,"JARDIM PAULISTA",1,0,"LORENA, AL SAO PAULO SP &  NOVE DE JULHO, AV SAO PAULO SP",-23.5692166,-46.6600477
"9416","D051301830",2483,"ATLANTICA ANT. ROBERT KENNEDY, AV",NA,"",3200,"","19/05/2013 05:30",2,"CO",102,900093," "," ",1,0,1,0,0,0,0,0,0,0,0,0,0,0,0,0,0,2483,"ATLANTICA ANT. ROBERT KENNEDY, AV",NA,"",23,"CIDADE DUTRA",1,0,"ATLANTICA ANT. ROBERT KENNEDY, AV 3200 SAO PAULO SP",-23.5505199,-46.6333094
"9417","D051301965",9806,"PIRES DO RIO, AV",NA,"",1994,"","19/05/2013 06:05",2,"CF",63,4024," "," ",1,1,0,0,0,0,0,0,0,0,0,0,0,0,0,0,0,9806,"PIRES DO RIO, AV",NA,"",76,"SAO MIGUEL",2,0,"PIRES DO RIO, AV 1994 SAO PAULO SP",-23.514365,-46.4438745
"9418","D051300422",18911,"TOMAS CARVALHAL, RUA",NA,"",162,"","19/05/2013 06:23",2,"QM",36,5233," "," ",0,1,0,0,0,0,0,0,0,0,0,0,0,0,0,0,0,18911,"TOMAS CARVALHAL, RUA",NA,"",9,"BOM RETIRO",1,0,"TOMAS CARVALHAL, RUA 162 SAO PAULO SP",-23.575661,-46.6428995
"9420","D051301576",1085,"AMERICO BRASILIENSE, RUA",NA,"",2171,"","19/05/2013 06:40",2,"CO",11,5299," "," ",1,1,0,0,0,0,0,0,0,0,0,0,0,0,0,0,0,1085,"AMERICO BRASILIENSE, RUA",NA,"",72,"SANTO AMARO",1,0,"AMERICO BRASILIENSE, RUA 2171 SAO PAULO SP",-23.6286928,-46.706953
"9421","D051300930",12436,"MACEDO SOARES, AV EMB",16838,"RAIMUNDO PEREIRA DE MAGAL., AV",0,"","19/05/2013 07:00",2,"CH",91,3563," "," ",1,0,0,0,0,0,0,0,0,0,0,0,0,0,0,0,0,12436,"MACEDO SOARES, AV EMB",16838,"RAIMUNDO PEREIRA DE MAGAL., AV",48,"LAPA",1,0,"MACEDO SOARES, AV EMB SAO PAULO SP &  RAIMUNDO PEREIRA DE MAGAL., AV SAO PAULO SP",-23.509526,-46.7091748
"9422","D051300047",18993,"TIRADENTES, AV",NA,"",128,"","19/05/2013 07:05",2,"CH",2,2984," "," ",1,0,0,0,0,0,0,0,0,0,0,0,0,0,0,0,0,18993,"TIRADENTES, AV",NA,"",9,"BOM RETIRO",3,0,"TIRADENTES, AV 128 SAO PAULO SP",-23.5345768,-46.6330702
"9423","D051301863",13881,"MIGUEL, AV S",NA,"",5416,"","19/05/2013 08:03",2,"CO",24,5386," "," ",0,1,0,0,0,0,0,0,0,0,0,1,0,0,0,0,0,13881,"MIGUEL, AV S",NA,"",65,"PONTE RASA",1,0,"MIGUEL, AV S 5416 SAO PAULO SP",-23.507409,-46.4809744
"9424","D051301467",18071,"SERRA DE JAPI, RUA",18961,"TIJUCO PRETO, RUA",0,"","19/05/2013 08:05",2,"CO",30,2983," "," ",0,1,0,0,0,0,0,0,0,0,0,1,0,0,0,0,0,18071,"SERRA DE JAPI, RUA",18961,"TIJUCO PRETO, RUA",NA,"",1,0,"SERRA DE JAPI, RUA SAO PAULO SP &  TIJUCO PRETO, RUA SAO PAULO SP",-23.5392387,-46.570409
"9425","D051300014",11649,"LAVAPES, RUA DO",8029,"GLORIA, RUA DA",0,"","19/05/2013 08:55",4,"AT",1,3938," "," ",1,0,0,0,0,0,0,0,0,0,0,0,0,0,0,0,0,3699,"BUENO DE ANDRADE, RUA",11649,"LAVAPES, RUA DO",49,"LIBERDADE",3,0,"LAVAPES, RUA DO SAO PAULO SP &  GLORIA, RUA DA SAO PAULO SP",-23.5614377,-46.6264296
"9426","D051301323",9066,"IMBIRAS, RUA",NA,"",271,"","19/05/2013 09:50",2,"CO",73,5342," "," ",1,1,0,0,0,0,0,0,0,0,0,0,0,0,0,0,0,9066,"IMBIRAS, RUA",NA,"",83,"TREMEMBE",1,0,"IMBIRAS, RUA 271 SAO PAULO SP",-23.463911,-46.5957655
"9427","D051301927",78743,"ANAJATUBA, RUA",NA,"",5,"","19/05/2013 10:00",2,"CT",59,1953," "," ",0,1,0,0,0,0,0,0,0,0,0,0,0,0,0,1,0,78743,"ANAJATUBA, RUA",NA,"",53,"MOEMA",1,0,"ANAJATUBA, RUA 5 SAO PAULO SP",-23.506793,-46.4113608
"9428","D051302250",6361,"ELISIO TEIXEIRA LEITE, AV",NA,"",7400,"","19/05/2013 10:30",4,"AT",72,4552,"B"," ",0,1,0,0,0,0,0,0,0,0,0,0,0,0,0,0,0,6361,"ELISIO TEIXEIRA LEITE, AV",NA,"",29,"FREGUESIA DO O",0,1,"ELISIO TEIXEIRA LEITE, AV 7400 SAO PAULO SP",-23.4399044,-46.7168029
"9429","D051300193",14213,"MOOCA, RUA DA",9831,"JAGUARA, RUA BR DE",0,"","19/05/2013 11:21",2,"CO",8,3948," "," ",1,0,0,0,0,0,0,1,0,0,0,0,0,0,0,0,0,9831,"JAGUARA, RUA BR DE",14213,"MOOCA, RUA DA",14,"CAMBUCI",1,0,"MOOCA, RUA DA SAO PAULO SP &  JAGUARA, RUA BR DE SAO PAULO SP",-23.5549376,-46.6077126
"9432","D051301339",39169,"JOAO AMADO COUTINHO, RUA",NA,"",158,"","19/05/2013 12:40",4,"AT",74,4565," "," ",1,0,0,0,0,0,0,0,0,0,0,0,0,0,0,0,0,39169,"JOAO AMADO COUTINHO, RUA",NA,"",52,"MARSILAC",1,0,"JOAO AMADO COUTINHO, RUA 158 SAO PAULO SP",-23.4481477,-46.7155487
"9433","D051301944",4899,"OSVALDO ANDREANI, RUA ENG",16490,"PONTE RASA, RUA",0,"","19/05/2013 13:00",2,"CO",62,5394," "," ",1,1,0,0,0,0,0,0,0,0,0,0,0,0,0,0,0,4899,"OSVALDO ANDREANI, RUA ENG",17116,"ANSELMO BARCELOS, AV CAP",65,"PONTE RASA",1,0,"OSVALDO ANDREANI, RUA ENG SAO PAULO SP &  PONTE RASA, RUA SAO PAULO SP",-23.5110366,-46.4912134
"9434","D051300102",7026,"FERNANDO DE ALBUQUERQUE, RUA",5245,"CONSOLACAO, RUA DA",0,"","19/05/2013 13:10",2,"SI",4,4234," "," ",2,1,0,0,0,0,0,0,0,0,0,0,0,0,0,0,0,5245,"CONSOLACAO, RUA DA",7026,"FERNANDO DE ALBUQUERQUE, RUA",26,"CONSOLACAO",1,0,"FERNANDO DE ALBUQUERQUE, RUA SAO PAULO SP &  CONSOLACAO, RUA DA SAO PAULO SP",-23.5540766,-46.6575139
"9435","D051301586",19844,"VITOR MANZINI, AV",NA,"",392,"","19/05/2013 13:20",2,"CO",11,5729," "," ",0,3,0,0,0,0,0,0,0,0,0,0,0,0,0,0,0,19844,"VITOR MANZINI, AV",NA,"",29,"FREGUESIA DO O",1,0,"VITOR MANZINI, AV 392 SAO PAULO SP",-23.6637484,-46.7083297
"9436","D051302033",10393,"JOAO NERY, ES DOM",NA,"",4135,"","19/05/2013 14:00",2,"CO",68,6229," "," ",1,1,0,0,0,0,0,0,0,0,0,0,0,0,0,0,0,10393,"JOAO NERY, ES DOM",NA,"",54,"MOOCA",2,0,"JOAO NERY, ES DOM 4135 SAO PAULO SP",-23.5505199,-46.6333094
"9437","D051301340",18594,"TAIPAS, ES",NA,"",2381,"","19/05/2013 14:25",4,"AT",74,4567," "," ",0,1,0,0,0,0,0,0,0,0,0,0,0,0,0,0,0,18594,"TAIPAS, ES",NA,"",52,"MARSILAC",1,0,"TAIPAS, ES 2381 SAO PAULO SP",-23.4261258,-46.7260757
"9438","D051301324",45819,"ARI DA ROCHA MIRANDA, RUA",NA,"",15,"","19/05/2013 14:43",2,"CF",73,5346," "," ",0,1,1,0,0,0,0,0,0,0,0,0,0,0,0,0,0,45819,"ARI DA ROCHA MIRANDA, RUA",NA,"",38,"JACANA",1,0,"ARI DA ROCHA MIRANDA, RUA 15 SAO PAULO SP",-23.4522339,-46.5778226
"9439","D051300613",14804,"NOVE DE JULHO, AV",NA,"",4984,"","19/05/2013 15:00",2,"CH",15,5052," "," ",0,1,0,0,0,0,0,0,0,0,0,0,0,0,0,0,0,14804,"NOVE DE JULHO, AV",NA,"",63,"PINHEIROS",1,0,"NOVE DE JULHO, AV 4984 SAO PAULO SP",-23.5771935,-46.6738448
"9441","D051300277",15656,"PAULISTA, AV",12165,"LUIS ANTONIO, AV BRIG",0,"","19/05/2013 15:50",2,"SI",78,6755,"C"," ",1,0,0,0,0,0,0,1,0,0,0,0,0,0,0,0,0,12165,"LUIS ANTONIO, AV BRIG",15656,"PAULISTA, AV",44,"JARDIM PAULISTA",1,0,"PAULISTA, AV SAO PAULO SP &  LUIS ANTONIO, AV BRIG SAO PAULO SP",-23.5625897,-46.6549244
"9442","D051301162",28883,"MARIA SUZANA, RUA",NA,"",20,"","19/05/2013 16:00",2,"CH",28,5555," "," ",1,0,0,0,0,0,0,0,0,0,0,0,0,0,0,0,0,28883,"MARIA SUZANA, RUA",NA,"",4,"ARICANDUVA",2,0,"MARIA SUZANA, RUA 20 SAO PAULO SP",-23.491418,-46.7046449
"9443","D051300523",7844,"GAZETA, RUA",NA,"",82,"","19/05/2013 16:09",4,"AT",97,4423," "," ",0,1,0,0,0,0,0,0,0,0,0,0,0,0,0,0,0,7844,"GAZETA, RUA",NA,"",29,"FREGUESIA DO O",2,0,"GAZETA, RUA 82 SAO PAULO SP",-23.6646091,-46.6320017
"9445","D051300445",5618,"CURSINO, AV DO",15239,"OURIVES, AV DOS",0,"","19/05/2013 17:10",2,"CO",83,4418," "," ",1,1,0,0,0,0,0,0,0,0,0,0,0,0,0,0,0,5618,"CURSINO, AV DO",15239,"OURIVES, AV DOS",27,"CURSINO",2,0,"CURSINO, AV DO SAO PAULO SP &  OURIVES, AV DOS SAO PAULO SP",-23.6106139,-46.6176401
"9446","D051301773",9220,"INTERLAGOS, AV",NA,"",285,"","19/05/2013 19:30",2,"CO",99,2332,"C"," ",2,0,0,0,0,0,0,0,0,0,0,0,0,0,0,0,0,9220,"INTERLAGOS, AV",NA,"",16,"CAMPO GRANDE",1,0,"INTERLAGOS, AV 285 SAO PAULO SP",-23.6537091,-46.6799765
"9447","D051301966",30308,"MANOEL DOS SANTOS BRAGA, AV",NA,"",1352,"","19/05/2013 19:30",2,"CO",63,4059," "," ",1,1,0,0,0,0,0,0,0,0,0,0,0,0,0,0,0,30308,"MANOEL DOS SANTOS BRAGA, AV",NA,"",89,"VILA JACUI",2,0,"MANOEL DOS SANTOS BRAGA, AV 1352 SAO PAULO SP",-23.508483,-46.4671038
"9448","D051301908",62716,"FERNANDO PACHECO JORDAO, AV",NA,"",543,"","19/05/2013 19:40",2,"CH",50,6243," "," ",1,1,0,0,0,0,0,0,0,0,0,0,0,0,0,0,0,62716,"FERNANDO PACHECO JORDAO, AV",NA,"",54,"MOOCA",2,0,"FERNANDO PACHECO JORDAO, AV 543 SAO PAULO SP",-23.4977297,-46.3825155
"9450","D051300158",5886,"DIOGO, RUA CEL",NA,"",1460,"","19/05/2013 20:02",2,"CO",6,3961," "," ",0,1,0,0,0,0,0,0,0,0,0,0,0,0,0,1,0,5886,"DIOGO, RUA CEL",NA,"",92,"VILA MARIANA",1,0,"DIOGO, RUA CEL 1460 SAO PAULO SP",-23.5815158,-46.61485
"9451","D051301828",2483,"ATLANTICA ANT. ROBERT KENNEDY, AV",NA,"",1680,"","19/05/2013 20:30",2,"CT",102,5740," "," ",3,0,0,0,0,0,0,0,0,0,0,0,0,0,0,0,0,2483,"ATLANTICA ANT. ROBERT KENNEDY, AV",NA,"",23,"CIDADE DUTRA",3,0,"ATLANTICA ANT. ROBERT KENNEDY, AV 1680 SAO PAULO SP",-23.5505199,-46.6333094
"9452","D051301084",18287,"SIMAO BORGES, RUA",NA,"",1808,"","19/05/2013 20:54",2,"CF",19,4651," "," ",2,0,0,0,0,0,0,0,0,0,0,0,0,0,0,0,0,18287,"SIMAO BORGES, RUA",NA,"",36,"ITAQUERA",1,0,"SIMAO BORGES, RUA 1808 SAO PAULO SP",-23.5068333,-46.5948066
"9453","D051301111",14767,"NOVA CANTAREIRA, AV",NA,"",2315,"","19/05/2013 21:40",2,"CO",20,4657," "," ",2,0,0,0,0,0,0,0,0,0,0,0,0,0,0,0,0,14767,"NOVA CANTAREIRA, AV",NA,"",83,"TREMEMBE",2,0,"NOVA CANTAREIRA, AV 2315 SAO PAULO SP",-23.4770362,-46.6106303
"9454","D051301110",3813,"CAETANO ALVARES, AV ENG",NA,"",5590,"","19/05/2013 21:55",4,"AT",20,4653," "," ",1,0,0,0,0,0,0,0,0,0,0,0,0,0,0,0,0,3813,"CAETANO ALVARES, AV ENG",NA,"",21,"CASA VERDE",1,0,"CAETANO ALVARES, AV ENG 5590 SAO PAULO SP",-23.4833168,-46.6355591
"9456","D051300103",2497,"AUGUSTA, RUA",3874,"CAIO PRADO, RUA",0,"","20/05/2013 01:00",2,"CO",4,4250," "," ",2,1,0,0,0,0,0,0,0,0,0,0,0,0,0,0,0,2497,"AUGUSTA, RUA",3874,"CAIO PRADO, RUA",26,"CONSOLACAO",1,0,"AUGUSTA, RUA SAO PAULO SP &  CAIO PRADO, RUA SAO PAULO SP",-23.5560595,-46.658132
"9457","D051302294",34682,"CAMPO LIMPO, ES DO",NA,"",2476,"","20/05/2013 01:45",2,"CH",92,3205," "," ",0,1,0,0,0,0,0,0,0,0,0,0,0,0,0,0,0,34682,"CAMPO LIMPO, ES DO",NA,"",NA,"",1,1,"CAMPO LIMPO, ES DO 2476 SAO PAULO SP",-23.2019463,-46.785846
"9458","D051301071",4775,"CEREJEIRAS, AV DAS",NA,"",342,"","20/05/2013 04:30",2,"CO",19,1873," "," ",1,1,0,0,0,0,0,0,0,0,0,0,0,0,0,0,0,4775,"CEREJEIRAS, AV DAS",NA,"",94,"VILA MEDEIROS",2,0,"CEREJEIRAS, AV DAS 342 SAO PAULO SP",-23.5122993,-46.5803886
"9459","D051301112",14687,"MANOEL SIMOES DA SILVA, RUA",NA,"",138,"","20/05/2013 05:10",2,"CO",20,4464," "," ",1,0,1,0,0,0,0,0,0,0,0,0,0,0,0,0,0,14687,"MANOEL SIMOES DA SILVA, RUA",NA,"",83,"TREMEMBE",1,0,"MANOEL SIMOES DA SILVA, RUA 138 SAO PAULO SP",-23.4545975,-46.6030733
"9460","D051300194",9831,"JAGUARA, RUA BR DE",6642,"ESTADO, AV DO",0,"","20/05/2013 06:20",2,"CO",8,3969," "," ",1,1,0,0,0,0,0,0,0,0,0,0,0,0,0,0,0,6642,"ESTADO, AV DO",9831,"JAGUARA, RUA BR DE",14,"CAMBUCI",1,0,"JAGUARA, RUA BR DE SAO PAULO SP &  ESTADO, AV DO SAO PAULO SP",-23.5582769,-46.6178952
"9461","D051300770",9529,"ITAPECERICA, ES DE",NA,"",1666,"","20/05/2013 06:30",2,"QM",37,4305," "," ",0,1,0,0,0,0,0,0,0,0,0,0,0,0,0,0,0,9529,"ITAPECERICA, ES DE",NA,"",29,"FREGUESIA DO O",1,0,"ITAPECERICA, ES DE 1666 SAO PAULO SP",-23.5505199,-46.6333094
"9462","D051300790",1429,"ANHANGUERA, VIA",NA,"",22100,"","20/05/2013 06:36",2,"CT",46,2350," "," ",1,1,0,0,0,0,0,0,0,0,0,0,0,0,0,0,0,1429,"ANHANGUERA, VIA",NA,"",73,"SAO DOMINGOS",1,0,"ANHANGUERA, VIA 22100 SAO PAULO SP",-23.4900941,-46.7665396
"9463","D051300396",2235,"ARMANDO DE ARRUDA PEREIRA, AV ENG",NA,"",439,"","20/05/2013 06:40",2,"CO",35,4146," "," ",1,1,0,0,0,0,0,0,0,0,0,0,0,0,0,0,0,2235,"ARMANDO DE ARRUDA PEREIRA, AV ENG",NA,"",37,"JABAQUARA",1,0,"ARMANDO DE ARRUDA PEREIRA, AV ENG 439 SAO PAULO SP",-23.6328496,-46.6448339
"9465","D051300367",31498,"ROBERTO MARINHO - ANT AGUA ESP, AV JORN",16511,"PORTO ALEGRE, RUA CD DE",0,"","20/05/2013 07:00",2,"SI",27,5270," "," ",0,2,0,0,0,0,0,0,0,0,0,1,0,0,0,0,0,16511,"PORTO ALEGRE, RUA CD DE",31498,"ROBERTO MARINHO - ANT AGUA ESP, AV JORN",15,"CAMPO BELO",1,0,"ROBERTO MARINHO - ANT AGUA ESP, AV JORN SAO PAULO SP &  PORTO ALEGRE, RUA CD DE SAO PAULO SP",-23.5505199,-46.6333094
"9466","D051301934",69058,"ARLINDO BETTIO, RUA",NA,"",100,"","20/05/2013 07:20",2,"CO",62,2023," "," ",1,1,0,0,0,0,0,0,0,0,0,0,0,0,0,0,0,69058,"ARLINDO BETTIO, RUA",NA,"",49,"LIBERDADE",1,0,"ARLINDO BETTIO, RUA 100 SAO PAULO SP",-23.4839991,-46.4961243
"9467","D051301454",34122,"MELO FREIRE, RUA",18071,"SERRA DE JAPI, RUA",0,"","20/05/2013 07:25",2,"CO",30,2640," "," ",0,1,0,0,0,0,0,0,0,0,0,0,0,0,0,1,0,18071,"SERRA DE JAPI, RUA",34122,"MELO FREIRE, RUA",82,"TATUAPE",1,0,"MELO FREIRE, RUA SAO PAULO SP &  SERRA DE JAPI, RUA SAO PAULO SP",-23.5391715,-46.5695321
"9468","D051301681",10983,"JOSE GARZOTTI, RUA PDE",143,"ACUTI, RUA",0,"","20/05/2013 07:40",2,"CO",48,1907," "," ",2,1,0,0,0,0,0,0,0,0,0,0,0,0,0,0,0,143,"ACUTI, RUA",10983,"JOSE GARZOTTI, RUA PDE",23,"CIDADE DUTRA",2,0,"JOSE GARZOTTI, RUA PDE SAO PAULO SP &  ACUTI, RUA SAO PAULO SP",-23.5505199,-46.6333094
"9469","D051301072",4775,"CEREJEIRAS, AV DAS",NA,"",773,"","20/05/2013 07:40",2,"CO",19,1876," "," ",1,0,0,0,0,0,0,0,0,0,0,1,0,0,0,0,0,4775,"CEREJEIRAS, AV DAS",NA,"",NA,"",1,0,"CEREJEIRAS, AV DAS 773 SAO PAULO SP",-23.508738,-46.5805373
"9470","D051302093",9044,"RAGUEB CHOHFI, AV",NA,"",2769,"","20/05/2013 07:43",4,"AT",49,6977," "," ",0,1,0,0,0,0,0,0,0,0,0,0,0,0,0,0,0,9044,"RAGUEB CHOHFI, AV",NA,"",32,"IGUATEMI",1,0,"RAGUEB CHOHFI, AV 2769 SAO PAULO SP",-23.5978371,-46.4584834
"9471","D051301455",35652,"PIRES DO RIO, VD",27094,"SALIM FARAH MALUF, AV",0,"","20/05/2013 07:48",2,"CL",30,2642,"C"," ",0,0,0,0,1,0,0,1,0,0,0,0,0,0,0,0,0,27094,"SALIM FARAH MALUF, AV",35652,"PIRES DO RIO, VD",NA,"",1,0,"PIRES DO RIO, VD SAO PAULO SP &  SALIM FARAH MALUF, AV SAO PAULO SP",-23.5420917,-46.5807526
"9472","D051300667",14350,"MUTINGA, AV",NA,"",3115,"","20/05/2013 07:50",2,"CO",33,4616," "," ",1,1,0,0,0,0,0,0,0,0,0,0,0,0,0,0,0,14350,"MUTINGA, AV",NA,"",64,"PIRITUBA",1,0,"MUTINGA, AV 3115 SAO PAULO SP",-23.4917845,-46.7508466
"9473","D051301523",906,"ALVARO RAMOS, AV",NA,"",1992,"","20/05/2013 07:50",4,"AT",57,2044," "," ",1,0,0,0,0,0,0,0,0,0,0,0,0,0,0,0,0,906,"ALVARO RAMOS, AV",NA,"",8,"BELEM",1,0,"ALVARO RAMOS, AV 1992 SAO PAULO SP",-23.5526488,-46.5792438
"9474","D051301766",4121,"SOCRATES, RUA",73717,"DEKLA, RUA",0,"","20/05/2013 08:05",2,"CO",99,2149," "," ",1,1,0,0,0,0,0,0,0,0,0,0,0,0,0,0,0,4121,"SOCRATES, RUA",73717,"DEKLA, RUA",16,"CAMPO GRANDE",1,0,"SOCRATES, RUA SAO PAULO SP &  DEKLA, RUA SAO PAULO SP",-23.6596063,-46.6917903
"9475","D051301767",7917,"GERALDO SANT'ANA, AV SARG",NA,"",978,"","20/05/2013 08:24",2,"CO",99,2150," "," ",1,1,0,0,0,0,0,0,0,0,0,0,0,0,0,0,0,7917,"GERALDO SANT'ANA, AV SARG",NA,"",16,"CAMPO GRANDE",1,0,"GERALDO SANT'ANA, AV SARG 978 SAO PAULO SP",-23.6634362,-46.6818794
"9476","D051302155",99312,"EDUARDO SANCHEZ, RUA",NA,"",144,"","20/05/2013 08:30",2,"CH",54,900014," "," ",1,0,0,0,0,0,0,0,0,0,0,0,0,0,0,0,0,99312,"EDUARDO SANCHEZ, RUA",NA,"",25,"CIDADE TIRADENT",1,0,"EDUARDO SANCHEZ, RUA 144 SAO PAULO SP",-23.5891259,-46.3997681
"9477","D051300397",4596,"CATARINA, AV STA",NA,"",1020,"","20/05/2013 08:32",2,"CO",35,4154," "," ",1,1,0,0,0,0,0,0,0,0,0,0,0,0,0,0,0,4596,"CATARINA, AV STA",NA,"",37,"JABAQUARA",2,0,"CATARINA, AV STA 1020 SAO PAULO SP",-23.6447158,-46.6650288
"9478","D051300791",1429,"ANHANGUERA, VIA",NA,"",25200,"","20/05/2013 08:49",4,"AT",46,2357," "," ",0,1,0,0,0,0,0,0,0,0,0,0,0,0,0,0,0,1429,"ANHANGUERA, VIA",NA,"",73,"SAO DOMINGOS",2,0,"ANHANGUERA, VIA 25200 SAO PAULO SP",-23.4900941,-46.7665396
"9479","D051300452",11562,"LAGRIMAS, ES DAS",NA,"",3947,"","20/05/2013 09:30",2,"CO",95,2324," "," ",2,0,0,0,0,0,0,0,0,0,0,0,0,0,0,0,0,11562,"LAGRIMAS, ES DAS",NA,"",69,"SACOMA",1,0,"LAGRIMAS, ES DAS 3947 SAO PAULO SP",-23.5505199,-46.6333094
"9480","D051300483",8341,"GUARAIUVA, RUA",4564,"CASTILHO, RUA",0,"","20/05/2013 09:41",2,"SI",96,2364," "," ",2,0,0,0,0,0,0,0,0,0,0,0,0,0,0,0,0,4564,"CASTILHO, RUA",8341,"GUARAIUVA, RUA",34,"ITAIM BIBI",1,0,"GUARAIUVA, RUA SAO PAULO SP &  CASTILHO, RUA SAO PAULO SP",-23.6105962,-46.6890653
"9482","D051301299",65066,"IBIRAIARAS, RUA",NA,"",495,"","20/05/2013 10:01",4,"AT",72,4598," "," ",0,1,0,0,0,0,0,0,0,0,0,0,0,0,0,0,0,65066,"IBIRAIARAS, RUA",NA,"",40,"JAGUARE",1,0,"IBIRAIARAS, RUA 495 SAO PAULO SP",-23.4507718,-46.6889141
"9483","D051301181",27884,"GILBERTO MENEZES DE GOES, TR",NA,"",28,"","20/05/2013 10:10",4,"AT",38,2471," "," ",1,0,0,0,0,0,0,0,0,0,0,0,0,0,0,0,0,27884,"GILBERTO MENEZES DE GOES, TR",NA,"",48,"LAPA",1,0,"GILBERTO MENEZES DE GOES, TR 28 SAO PAULO SP",-23.4664653,-46.6596416