"","id_acidente","codloga","logradouroA","codlogb","logradouroB","alt_num","referencia","data","cod_acid","tipo_acidente","dp","numero_BO","sentido","pista","automovel","moto","onibus","caminhao","bicicleta","moto_taxi","onibus_fretado","onibus_urbano","microonibus","van","vuc","caminhonete","carreta","jipe","outros","sem_informacao","carroca","princ_a","paiA","princ_b","paiB","cod_distrito","distrito","vit_ferida","vit_morta","local","lat","lon"
"9484","D051302094",9044,"RAGUEB CHOHFI, AV",NA,"",4669,"","20/05/2013 10:30",2,"CL",49,6992," "," ",0,1,0,1,0,0,0,0,0,0,0,0,0,0,0,0,0,9044,"RAGUEB CHOHFI, AV",NA,"",32,"IGUATEMI",1,0,"RAGUEB CHOHFI, AV 4669 SAO PAULO SP",-23.5948619,-46.4404031
"9485","D051302184",2181,"ARICANDUVA, AV",NA,"",8049,"","20/05/2013 10:40",2,"QM",66,2175," "," ",0,1,0,0,0,0,0,0,0,0,0,0,0,0,0,0,0,2181,"ARICANDUVA, AV",NA,"",60,"PENHA",2,0,"ARICANDUVA, AV 8049 SAO PAULO SP",-23.5856445,-46.4880427
"9486","D051302138",35713,"ITALIA GIUSTI, RUA",NA,"",468,"","20/05/2013 11:00",2,"CH",53,900063," "," ",1,0,0,0,0,0,0,0,0,0,0,0,0,0,0,0,0,35713,"ITALIA GIUSTI, RUA",NA,"",50,"LIMAO",1,0,"ITALIA GIUSTI, RUA 468 SAO PAULO SP",-23.5674701,-46.4533048
"9488","D051300707",8070,"GOIAS, AV DUQSA DE",NA,"",11,"","20/05/2013 11:30",2,"SI",34,3000," "," ",1,0,0,1,0,0,0,0,0,0,0,0,0,0,0,0,0,8070,"GOIAS, AV DUQSA DE",NA,"",55,"MORUMBI",1,0,"GOIAS, AV DUQSA DE 11 SAO PAULO SP",-23.5505199,-46.6333094
"9489","D051300195",6642,"ESTADO, AV DO",NA,"",5800,"","20/05/2013 11:35",2,"CT",8,3979," "," ",0,1,0,0,0,0,0,0,0,0,0,1,0,0,0,0,0,6642,"ESTADO, AV DO",NA,"",9,"BOM RETIRO",1,0,"ESTADO, AV DO 5800 SAO PAULO SP",-23.5471749,-46.629431
"9490","D051301358",15126,"OSCAR ROSSINI, RUA CABO",16819,"RAFAEL PEREIRA, RUA SOLD",0,"","20/05/2013 12:02",2,"CO",90,2006," "," ",0,0,0,0,0,0,0,0,0,0,0,2,0,0,0,0,0,15126,"OSCAR ROSSINI, RUA CABO",16819,"RAFAEL PEREIRA, RUA SOLD",91,"VILA MARIA",1,0,"OSCAR ROSSINI, RUA CABO SAO PAULO SP &  RAFAEL PEREIRA, RUA SOLD SAO PAULO SP",-23.5160731,-46.570264
"9491","D051301967",1688,"ANTONIO DE SIQUEIRA, RUA",NA,"",297,"","20/05/2013 12:15",4,"AT",63,4078," "," ",0,0,0,0,0,0,0,0,1,0,0,0,0,0,0,0,0,1688,"ANTONIO DE SIQUEIRA, RUA",NA,"",89,"VILA JACUI",1,0,"ANTONIO DE SIQUEIRA, RUA 297 SAO PAULO SP",-23.4972057,-46.4623102
"9492","D051301045",4743,"CENTENARIO, PCA DO",NA,"",88,"","20/05/2013 12:40",2,"CO",13,5588," "," ",1,1,0,0,0,0,0,0,0,0,0,0,0,0,0,0,0,4743,"CENTENARIO, PCA DO",NA,"",23,"CIDADE DUTRA",1,0,"CENTENARIO, PCA DO 88 SAO PAULO SP",-23.5088406,-46.6570601
"9493","D051302216",65872,"ANTONIO DE FRANCA E SILVA, RUA",NA,"",651,"","20/05/2013 12:50",2,"CO",69,5351," "," ",1,1,0,0,0,0,0,0,0,0,0,0,0,0,0,0,0,65872,"ANTONIO DE FRANCA E SILVA, RUA",NA,"",56,"PARELHEIROS",2,0,"ANTONIO DE FRANCA E SILVA, RUA 651 SAO PAULO SP",-23.6203814,-46.5028212
"9494","D051301695",20048,"YERVANT KISSAJIKIAN, AV",NA,"",2800,"","20/05/2013 13:00",2,"OU",80,1827,"C"," ",1,1,0,0,0,0,0,0,0,0,0,0,0,0,0,0,0,20048,"YERVANT KISSAJIKIAN, AV",NA,"",29,"FREGUESIA DO O",1,0,"YERVANT KISSAJIKIAN, AV 2800 SAO PAULO SP",-23.6800349,-46.6550832
"9495","D051301257",3813,"CAETANO ALVARES, AV ENG",3091,"BELISARIO CAMPANHA, RUA",0,"","20/05/2013 13:50",4,"AT",40,1650," "," ",1,0,0,0,0,0,0,0,0,0,0,0,0,0,0,0,0,3091,"BELISARIO CAMPANHA, RUA",3813,"CAETANO ALVARES, AV ENG",21,"CASA VERDE",1,0,"CAETANO ALVARES, AV ENG SAO PAULO SP &  BELISARIO CAMPANHA, RUA SAO PAULO SP",-23.4830811,-46.6330478
"9496","D051302276",99949,"CARLOS CALDEIRA FILHO, AV",3079,"BELEZAS, AV DAS",0,"","20/05/2013 14:00",2,"CT",37,3943," "," ",4,0,0,0,0,0,0,0,0,0,0,0,0,0,0,0,0,3079,"BELEZAS, AV DAS",99949,"CARLOS CALDEIRA FILHO, AV",85,"VILA ANDRADE",2,1,"CARLOS CALDEIRA FILHO, AV SAO PAULO SP &  BELEZAS, AV DAS SAO PAULO SP",-23.6481998,-46.7582692
"9497","D051300990",37607,"ORLANDO SILVA, PCA",36061,"LUIZ DUMONT VILLARES, AV",0,"","20/05/2013 14:19",4,"AT",9,2869," "," ",0,0,0,0,0,0,0,0,0,0,0,1,0,0,0,0,0,2455,"ATALIBA LEONEL, AV GAL",4219,"ZAKI NARCHI, AV",71,"SANTANA",1,0,"ORLANDO SILVA, PCA SAO PAULO SP &  LUIZ DUMONT VILLARES, AV SAO PAULO SP",-23.500772,-46.6148834
"9498","D051301811",5127,"FREDERICO RENE DE JAEGHER, RUA",NA,"",17,"","20/05/2013 14:20",2,"CO",101,3805," "," ",1,1,0,0,0,0,0,0,0,0,0,0,0,0,0,0,0,5127,"FREDERICO RENE DE JAEGHER, RUA",NA,"",23,"CIDADE DUTRA",1,0,"FREDERICO RENE DE JAEGHER, RUA 17 SAO PAULO SP",-23.7225196,-46.7081038
"9499","D051301182",15426,"PARADA PINTO, AV",NA,"",3000,"","20/05/2013 15:04",2,"CO",38,2483," "," ",1,1,0,0,0,0,0,0,0,0,0,0,0,0,0,0,0,15426,"PARADA PINTO, AV",NA,"",8,"BELEM",1,0,"PARADA PINTO, AV 3000 SAO PAULO SP",-23.4676832,-46.6429912
"9500","D051301395",4128,"CANGAIBA, AV",NA,"",3189,"","20/05/2013 15:30",2,"CL",10,5709," "," ",0,1,0,0,0,0,0,0,0,0,0,1,0,0,0,0,0,4128,"CANGAIBA, AV",NA,"",18,"CANGAIBA",1,0,"CANGAIBA, AV 3189 SAO PAULO SP",-23.5062979,-46.5251858
"9501","D051300398",2235,"ARMANDO DE ARRUDA PEREIRA, AV ENG",NA,"",650,"","20/05/2013 15:30",4,"AT",35,4173," "," ",0,1,0,0,0,0,0,0,0,0,0,0,0,0,0,0,0,2235,"ARMANDO DE ARRUDA PEREIRA, AV ENG",NA,"",37,"JABAQUARA",2,0,"ARMANDO DE ARRUDA PEREIRA, AV ENG 650 SAO PAULO SP",-23.6340375,-46.6431708
"9502","D051301273",15485,"PARAPUA, RUA",NA,"",1000,"","20/05/2013 15:45",4,"AT",45,1279," "," ",0,1,0,0,0,0,0,0,0,0,0,1,0,0,0,0,0,15485,"PARAPUA, RUA",NA,"",4,"ARICANDUVA",1,0,"PARAPUA, RUA 1000 SAO PAULO SP",-23.4759483,-46.6906695
"9503","D051302251",18519,"SUMARE, AV",NA,"",840,"","20/05/2013 16:10",2,"QM",23,2850," "," ",0,1,0,0,0,0,0,0,0,0,0,0,0,0,0,0,0,18519,"SUMARE, AV",NA,"",61,"PERDIZES",0,1,"SUMARE, AV 840 SAO PAULO SP",-23.5376023,-46.6745562
"9504","D051302217",59148,"XAVIER SAMPAIO, TR",75435,"ARRAIAS DO ARAGUAIA, AV",0,"","20/05/2013 16:15",2,"CO",69,5354," "," ",3,0,1,0,0,0,0,0,0,0,0,0,0,0,0,0,0,59148,"XAVIER SAMPAIO, TR",75435,"ARRAIAS DO ARAGUAIA, AV",78,"SAPOPEMBA",3,0,"XAVIER SAMPAIO, TR SAO PAULO SP &  ARRAIAS DO ARAGUAIA, AV SAO PAULO SP",-23.5951374,-46.5062786
"9505","D051301203",7592,"FRANKLIN DO AMARAL, RUA",NA,"",601,"","20/05/2013 16:25",2,"CO",38,4615,"B"," ",0,2,0,0,0,0,0,0,0,0,0,0,0,0,0,0,0,7592,"FRANKLIN DO AMARAL, RUA",NA,"",13,"CACHOEIRINHA",2,0,"FRANKLIN DO AMARAL, RUA 601 SAO PAULO SP",-23.4746966,-46.6580891
"9506","D051301183",12493,"MADRIGAIS, RUA",15599,"PATIS, RUA DOS",0,"","20/05/2013 16:31",4,"AT",38,2486," "," ",1,0,0,0,0,0,0,0,0,0,0,0,0,0,0,0,0,12493,"MADRIGAIS, RUA",15599,"PATIS, RUA DOS",13,"CACHOEIRINHA",1,0,"MADRIGAIS, RUA SAO PAULO SP &  PATIS, RUA DOS SAO PAULO SP",-23.4700196,-46.6621077
"9507","D051301891",18537,"SUZANA DE MELO, RUA",NA,"",2,"","20/05/2013 16:48",2,"CO",32,4091," "," ",1,0,0,0,0,0,0,1,0,0,0,0,0,0,0,0,0,18537,"SUZANA DE MELO, RUA",NA,"",51,"MANDAQUI",3,0,"SUZANA DE MELO, RUA 2 SAO PAULO SP",-23.5206919,-46.4413037
"9508","D051302051",2878,"BARREIRA GRANDE, AV DA",NA,"",2500,"","20/05/2013 16:50",4,"AT",41,2574," "," ",0,0,0,0,0,0,0,0,0,0,0,1,0,0,0,0,0,2878,"BARREIRA GRANDE, AV DA",NA,"",78,"SAPOPEMBA",1,0,"BARREIRA GRANDE, AV DA 2500 SAO PAULO SP",-23.5872017,-46.5125348
"9509","D051302252",9607,"ANTONIO DE ITABERAVA, RUA STO",NA,"",498,"","20/05/2013 17:03",4,"AT",32,2940," "," ",0,0,0,1,0,0,0,0,0,0,0,0,0,0,0,0,0,9607,"ANTONIO DE ITABERAVA, RUA STO",NA,"",36,"ITAQUERA",1,1,"ANTONIO DE ITABERAVA, RUA STO 498 SAO PAULO SP",-23.5546335,-46.4504882
"9510","D051301745",21326,"GERALDO FRAGA DE OLIVEIRA, RUA",NA,"",489,"","20/05/2013 17:21",4,"AT",92,6299," "," ",0,1,0,0,0,0,0,0,0,0,0,0,0,0,0,0,0,21326,"GERALDO FRAGA DE OLIVEIRA, RUA",NA,"",29,"FREGUESIA DO O",1,0,"GERALDO FRAGA DE OLIVEIRA, RUA 489 SAO PAULO SP",-23.6531205,-46.7390466
"9511","D051302025",11543,"LAGEADO VELHO, ES DO",NA,"",563,"","20/05/2013 17:30",2,"CO",68,1512," "," ",0,1,0,0,0,0,0,0,0,0,0,0,0,0,0,0,0,11543,"LAGEADO VELHO, ES DO",NA,"",47,"LAJEADO",1,0,"LAGEADO VELHO, ES DO 563 SAO PAULO SP",-23.5505199,-46.6333094
"9512","D051301627",33015,"SADAMU INOUE, AV",15507,"TEOTONIO VILELA, AV SEN",0,"","20/05/2013 17:30",2,"CO",25,3810," "," ",1,1,0,0,0,0,0,0,0,0,0,0,0,0,0,0,0,33015,"SADAMU INOUE, AV",36000,"AMARO ALVES DO ROSARIO, RUA",56,"PARELHEIROS",2,0,"SADAMU INOUE, AV SAO PAULO SP &  TEOTONIO VILELA, AV SEN SAO PAULO SP",-23.8028142,-46.7343267
"9513","D051300614",14804,"NOVE DE JULHO, AV",NA,"",5520,"","20/05/2013 17:32",2,"SI",15,5093," "," ",0,0,0,0,0,0,0,0,0,0,0,0,0,0,0,1,0,14804,"NOVE DE JULHO, AV",NA,"",63,"PINHEIROS",1,0,"NOVE DE JULHO, AV 5520 SAO PAULO SP",-23.5798635,-46.6780922
"9514","D051301478",6825,"EVANGELINA, RUA",NA,"",1083,"","20/05/2013 17:45",2,"CF",31,3037," "," ",3,0,0,0,0,0,0,0,0,0,0,0,0,0,0,0,0,6825,"EVANGELINA, RUA",NA,"",15,"CAMPO BELO",1,0,"EVANGELINA, RUA 1083 SAO PAULO SP",-23.5522274,-46.5454466
"9515","D051300382",16675,"ANTONIO DE MACEDO SOARES, RUA",14226,"MORAIS DE BARROS, RUA",0,"","20/05/2013 17:47",2,"CO",27,900094," "," ",1,1,0,0,0,0,0,0,0,0,0,0,0,0,0,0,0,14226,"MORAIS DE BARROS, RUA",16675,"ANTONIO DE MACEDO SOARES, RUA",15,"CAMPO BELO",1,0,"ANTONIO DE MACEDO SOARES, RUA SAO PAULO SP &  MORAIS DE BARROS, RUA SAO PAULO SP",-23.6191755,-46.6725158
"9516","D051301588",6238,"NACOES UNIDAS, AV DAS",NA,"",19739,"","20/05/2013 18:10",2,"CO",11,5798," "," ",1,1,0,0,0,0,0,0,0,0,0,0,0,0,0,0,0,13014,"MARGINAL DO RIO PINHEIROS, AV",NA,"",90,"VILA LEOPOLDINA",1,0,"NACOES UNIDAS, AV DAS 19739 SAO PAULO SP",-23.6791492,-46.6960638
"9517","D051300319",11379,"JUNTAS PROVISORIAS, AV",5972,"DOIS DE JULHO, RUA",0,"","20/05/2013 18:13",4,"AT",17,2742," "," ",1,0,0,0,0,0,0,0,0,0,0,0,0,0,0,0,0,5972,"DOIS DE JULHO, RUA",11379,"JUNTAS PROVISORIAS, AV",33,"IPIRANGA",1,0,"JUNTAS PROVISORIAS, AV SAO PAULO SP &  DOIS DE JULHO, RUA SAO PAULO SP",-23.6035256,-46.6020793
"9519","D051300669",21629,"ELISIO CORDEIRO DE SIQUEIRA, AV",NA,"",1200,"","20/05/2013 18:30",2,"CO",33,4741," "," ",0,1,0,0,0,0,0,0,0,0,0,1,0,0,0,0,0,21629,"ELISIO CORDEIRO DE SIQUEIRA, AV",NA,"",31,"GUAIANASES",1,0,"ELISIO CORDEIRO DE SIQUEIRA, AV 1200 SAO PAULO SP",-23.4955336,-46.7465384
"9520","D051301396",42369,"AIRTON SENNA DA SILVA, VIA",NA,"",100,"","20/05/2013 18:30",2,"CL",10,5711," "," ",1,1,0,0,0,0,0,0,0,0,0,0,0,0,0,0,0,42369,"AIRTON SENNA DA SILVA, VIA",NA,"",18,"CANGAIBA",2,0,"AIRTON SENNA DA SILVA, VIA 100 SAO PAULO SP",-23.5190647,-46.5551668
"9522","D051300223",3653,"BRESSER, RUA",NA,"",900,"","20/05/2013 18:30",4,"AT",12,2807," "," ",0,1,0,0,0,0,0,0,0,0,0,0,0,0,0,0,0,3653,"BRESSER, RUA",NA,"",10,"BRAS",1,0,"BRESSER, RUA 900 SAO PAULO SP",-23.5380267,-46.608404
"9523","D051301587",999,"SANTO AMARO, AV",NA,"",6863,"","20/05/2013 18:30",2,"SI",11,5796," "," ",0,1,0,0,0,0,0,0,0,0,0,0,0,0,0,0,0,999,"SANTO AMARO, AV",NA,"",34,"ITAIM BIBI",2,0,"SANTO AMARO, AV 6863 SAO PAULO SP",-23.6407814,-46.6983136
"9524","D051300192",543,"ALCANTARA MACHADO, AV",11492,"KENNEDY, PCA PRES",0,"","20/05/2013 18:53",2,"CO",8,3943," "," ",1,1,0,0,0,0,0,0,0,0,0,0,0,0,0,0,0,543,"ALCANTARA MACHADO, AV",11492,"KENNEDY, PCA PRES",54,"MOOCA",1,0,"ALCANTARA MACHADO, AV SAO PAULO SP &  KENNEDY, PCA PRES SAO PAULO SP",-23.5528151,-46.613419
"9525","D051300792",77501,"JUVENCIO DE ARAUJO FIGUEIREDO, RUA",NA,"",432,"","20/05/2013 19:00",2,"CO",46,2379," "," ",5,1,0,0,0,0,0,0,0,0,0,0,0,0,0,0,0,77501,"JUVENCIO DE ARAUJO FIGUEIREDO, RUA",NA,"",52,"MARSILAC",2,0,"JUVENCIO DE ARAUJO FIGUEIREDO, RUA 432 SAO PAULO SP",-23.407157,-46.7558394
"9526","D051300727",7500,"FRANCISCO MORATO, AV PROF",NA,"",1752,"","20/05/2013 19:20",2,"SI",34,4444," "," ",0,2,0,0,0,0,0,0,0,0,0,0,0,0,0,0,0,7500,"FRANCISCO MORATO, AV PROF",NA,"",12,"BUTANTA",1,0,"FRANCISCO MORATO, AV PROF 1752 SAO PAULO SP",-23.5835119,-46.7159834
"9527","D051301245",15728,"PAULO DE FARIA, RUA",NA,"",182,"","20/05/2013 19:50",4,"AT",39,5413," "," ",1,0,0,0,0,0,0,0,0,0,0,0,0,0,0,0,0,15728,"PAULO DE FARIA, RUA",NA,"",84,"TUCURUVI",1,0,"PAULO DE FARIA, RUA 182 SAO PAULO SP",-23.4799532,-46.6020069
"9528","D051301117",18151,"SEZEFREDO FAGUNDES, AV CEL",NA,"",1740,"","20/05/2013 20:00",4,"AT",20,4775," "," ",0,0,1,0,0,0,0,0,0,0,0,0,0,0,0,0,0,18151,"SEZEFREDO FAGUNDES, AV CEL",NA,"",22,"CIDADE ADEMAR",1,0,"SEZEFREDO FAGUNDES, AV CEL 1740 SAO PAULO SP",-23.4638565,-46.6034168
"9530","D051301968",11609,"LAUDELINO FERREIRA DO AMARAL, AV TTE",NA,"",390,"","20/05/2013 21:20",2,"CT",63,4106," "," ",0,2,0,0,0,0,0,0,0,0,0,0,0,0,0,0,0,11609,"LAUDELINO FERREIRA DO AMARAL, AV TTE",NA,"",89,"VILA JACUI",1,0,"LAUDELINO FERREIRA DO AMARAL, AV TTE 390 SAO PAULO SP",-23.5505199,-46.6333094
"9531","D051302219",5049,"CLAUDIO AUGUSTO FERNANDES, AV",NA,"",250,"","20/05/2013 21:20",4,"AT",69,5365," "," ",0,0,0,0,0,0,0,0,0,0,0,0,0,0,0,1,0,5049,"CLAUDIO AUGUSTO FERNANDES, AV",NA,"",55,"MORUMBI",2,0,"CLAUDIO AUGUSTO FERNANDES, AV 250 SAO PAULO SP",-23.6070595,-46.480656
"9532","D051300615",10189,"JOAO CACHOEIRA, RUA",NA,"",1152,"","20/05/2013 21:40",2,"QM",15,5099," "," ",0,1,0,0,0,0,0,0,0,0,0,0,0,0,0,0,0,10189,"JOAO CACHOEIRA, RUA",NA,"",34,"ITAIM BIBI",1,0,"JOAO CACHOEIRA, RUA 1152 SAO PAULO SP",-23.5903615,-46.676154
"9533","D051300650",6471,"SAO VICENTE, AV MARQ DE",1077,"AMERICANOS, RUA DOS",0,"","20/05/2013 21:40",2,"CL",23,3629," "," ",0,1,1,0,0,0,0,0,0,0,0,0,0,0,0,0,0,1077,"AMERICANOS, RUA DOS",12372,"NORMA PIERUCCINI GIANNOTTI, RUA",70,"SANTA CECILIA",2,0,"SAO VICENTE, AV MARQ DE SAO PAULO SP &  AMERICANOS, RUA DOS SAO PAULO SP",-23.518671,-46.6777488
"9534","D051301496",5052,"CLAUDIO FURQUIM, RUA",13805,"MELO PEIXOTO, RUA",0,"","20/05/2013 21:40",4,"AT",52,1576," "," ",1,0,0,0,0,0,0,0,0,0,0,0,0,0,0,0,0,5052,"CLAUDIO FURQUIM, RUA",13805,"MELO PEIXOTO, RUA",82,"TATUAPE",1,0,"CLAUDIO FURQUIM, RUA SAO PAULO SP &  MELO PEIXOTO, RUA SAO PAULO SP",-23.535373,-46.5579895
"9535","D051301046",17799,"SANTOS DUMONT, AV",NA,"",421,"","20/05/2013 21:48",2,"CO",13,5615," "," ",1,0,0,0,1,0,0,0,0,0,0,0,0,0,0,0,0,17799,"SANTOS DUMONT, AV",NA,"",15,"CAMPO BELO",1,0,"SANTOS DUMONT, AV 421 SAO PAULO SP",-23.5086215,-46.6289856
"9536","D051302012",18093,"SERRANA, RUA",NA,"",256,"","20/05/2013 21:51",2,"CH",65,5455," "," ",1,0,0,0,0,0,0,0,0,0,0,0,0,0,0,0,0,18093,"SERRANA, RUA",NA,"",51,"MANDAQUI",2,0,"SERRANA, RUA 256 SAO PAULO SP",-23.5503984,-46.4672651
"9537","D051300326",2984,"BATISTA PEREIRA, RUA PRES",5438,"COSTA PEREIRA, RUA PRES",0,"","20/05/2013 22:14",2,"CL",17,6824," "," ",1,0,0,0,0,0,0,0,0,0,0,1,0,0,0,0,0,2984,"BATISTA PEREIRA, RUA PRES",5438,"COSTA PEREIRA, RUA PRES",14,"CAMBUCI",1,0,"BATISTA PEREIRA, RUA PRES SAO PAULO SP &  COSTA PEREIRA, RUA PRES SAO PAULO SP",-23.5678389,-46.6067041
"9538","D051301614",11063,"JOSE MARIA, AV PDE",17122,"RIO BRANCO, RUA BR DO",0,"","20/05/2013 22:46",4,"AT",11,900102," "," ",0,1,0,0,0,0,0,0,0,0,0,0,0,0,0,0,0,11063,"JOSE MARIA, AV PDE",17122,"RIO BRANCO, RUA BR DO",72,"SANTO AMARO",1,0,"JOSE MARIA, AV PDE SAO PAULO SP &  RIO BRANCO, RUA BR DO SAO PAULO SP",-23.6666035,-47.5854944
"9540","D051300843",13019,"ESCOLA POLITECNICA, AV",NA,"",4930,"","20/05/2013 23:30",2,"CO",51,5102," "," ",1,1,0,0,0,0,0,0,0,0,0,0,0,0,0,0,0,13019,"ESCOLA POLITECNICA, AV",NA,"",40,"JAGUARE",1,0,"ESCOLA POLITECNICA, AV 4930 SAO PAULO SP",-23.5740682,-46.7651555
"9542","D051302095",9044,"RAGUEB CHOHFI, AV",NA,"",1910,"","21/05/2013 05:00",2,"CH",49,7028,"B"," ",1,0,0,0,0,0,0,0,0,0,0,0,0,0,0,0,0,9044,"RAGUEB CHOHFI, AV",NA,"",32,"IGUATEMI",1,0,"RAGUEB CHOHFI, AV 1910 SAO PAULO SP",-23.5988671,-46.4662241
"9543","D051300992",13172,"MARIA CANDIDA, RUA",12656,"MANUEL DE ALMEIDA, RUA",0,"","21/05/2013 06:00",2,"CO",9,2883," "," ",1,1,0,0,0,0,0,0,0,0,0,0,0,0,0,0,0,12656,"MANUEL DE ALMEIDA, RUA",13172,"MARIA CANDIDA, RUA",88,"VILA GUILHERME",2,0,"MARIA CANDIDA, RUA SAO PAULO SP &  MANUEL DE ALMEIDA, RUA SAO PAULO SP",-23.503332,-46.6092835
"9544","D051301835",17820,"TITO, AV MAL",NA,"",911,"","21/05/2013 06:20",2,"CT",22,2458," "," ",0,1,1,0,0,0,0,0,0,0,0,0,0,0,0,0,0,17820,"TITO, AV MAL",NA,"",53,"MOEMA",1,0,"TITO, AV MAL 911 SAO PAULO SP",-23.4950415,-46.4354985
"9545","D051301185",27689,"LUIS CARLOS GENTILE DE LAET, RUA",9170,"INES, AV STA",0,"","21/05/2013 06:21",2,"CO",38,2500," "," ",1,1,0,0,0,0,0,0,0,0,0,0,0,0,0,0,0,9170,"INES, AV STA",27689,"LUIS CARLOS GENTILE DE LAET, RUA",51,"MANDAQUI",1,0,"LUIS CARLOS GENTILE DE LAET, RUA SAO PAULO SP &  INES, AV STA SAO PAULO SP",-23.4570346,-46.6294063
"9546","D051300369",35829,"MOREIRA GUIMARAES, AV",NA,"",884,"","21/05/2013 06:30",2,"CO",27,5318," "," ",1,1,0,0,0,0,0,0,0,0,0,0,0,0,0,0,0,35829,"MOREIRA GUIMARAES, AV",NA,"",24,"CIDADE LIDER",1,0,"MOREIRA GUIMARAES, AV 884 SAO PAULO SP",-23.6137259,-46.6585863
"9547","D051301001",14270,"MORVAN DIAS DE FIGUEIREDO, AV",NA,"",3300,"","21/05/2013 06:30",2,"CO",9,4127," "," ",1,1,0,0,0,0,0,0,0,0,0,0,0,0,0,0,0,29772,"MARGINAL DO RIO TIETE, AV",NA,"",0,"NULL",1,0,"MORVAN DIAS DE FIGUEIREDO, AV 3300 SAO PAULO SP",-23.5232302,-46.601019
"9548","D051301589",6238,"NACOES UNIDAS, AV DAS",NA,"",17321,"","21/05/2013 06:40",2,"QD",11,5807," "," ",0,0,0,0,0,0,0,1,0,0,0,0,0,0,0,0,0,13014,"MARGINAL DO RIO PINHEIROS, AV",NA,"",90,"VILA LEOPOLDINA",1,0,"NACOES UNIDAS, AV DAS 17321 SAO PAULO SP",-23.6791507,-46.6960758
"9549","D051300960",13604,"CANDIDO MOTTA FILHO, AV DR",22198,"RENATO EGIDIO DE SOUZA ARANHA, RUA",0,"","21/05/2013 06:44",2,"SI",93,3229," "," ",1,1,0,0,0,0,0,0,0,0,0,0,0,0,0,0,0,13604,"CANDIDO MOTTA FILHO, AV DR",22198,"RENATO EGIDIO DE SOUZA ARANHA, RUA",68,"RIO PEQUENO",1,0,"CANDIDO MOTTA FILHO, AV DR SAO PAULO SP &  RENATO EGIDIO DE SOUZA ARANHA, RUA SAO PAULO SP",-23.5573771,-46.7626566
"9550","D051301730",12403,"M'BOI MIRIM, ES",NA,"",167,"","21/05/2013 07:09",2,"CO",92,6150," "," ",1,1,1,0,0,0,0,0,0,0,0,0,0,0,0,0,0,12403,"M'BOI MIRIM, ES",NA,"",42,"JARDIM ANGELA",1,0,"M'BOI MIRIM, ES 167 SAO PAULO SP",-23.5505199,-46.6333094
"9551","D051300484",8086,"GOMES DE CARVALHO, RUA",NA,"",900,"","21/05/2013 07:13",4,"AT",96,2385," "," ",0,0,0,0,0,0,0,0,0,0,0,1,0,0,0,0,0,8086,"GOMES DE CARVALHO, RUA",NA,"",34,"ITAIM BIBI",1,0,"GOMES DE CARVALHO, RUA 900 SAO PAULO SP",-23.5985825,-46.6819964
"9552","D051302175",28733,"ANA SANTESSO, RUA",2181,"ARICANDUVA, AV",0,"","21/05/2013 07:20",2,"CO",66,1897,"C"," ",1,1,0,0,0,0,0,0,0,0,0,0,0,0,0,0,0,2181,"ARICANDUVA, AV",28733,"ANA SANTESSO, RUA",75,"SAO MATEUS",1,0,"ANA SANTESSO, RUA SAO PAULO SP &  ARICANDUVA, AV SAO PAULO SP",-23.5836194,-46.4944672
"9553","D051300368",10918,"JOSE DINIZ, AV VER",NA,"",3600,"","21/05/2013 07:28",2,"CO",27,5315," "," ",1,1,0,0,0,0,0,0,0,0,0,0,0,0,0,0,0,10918,"JOSE DINIZ, AV VER",NA,"",15,"CAMPO BELO",1,0,"JOSE DINIZ, AV VER 3600 SAO PAULO SP",-23.6166492,-46.6743859
"9554","D051301731",99095,"GUARAPIRANGA, ES DE",NA,"",1420,"","21/05/2013 07:30",2,"CO",92,3154," "," ",1,1,0,0,0,0,0,0,0,0,0,0,0,0,0,0,0,8368,"GUARAPIRANGA, AV",NA,"",45,"JARDIM SAO LUIS",2,0,"GUARAPIRANGA, ES DE 1420 SAO PAULO SP",-23.5505199,-46.6333094
"9555","D051302127",46936,"JACU-PESSEGO/NOVA TRABALHADORE, AV",NA,"",1000,"","21/05/2013 07:30",4,"AT",53,3575," "," ",0,1,0,0,0,0,0,0,0,0,0,1,0,0,0,0,0,46936,"JACU-PESSEGO/NOVA TRABALHADORE, AV",NA,"",46,"JOSE BONIFACIO",2,0,"JACU-PESSEGO/NOVA TRABALHADORE, AV 1000 SAO PAULO SP",-23.5239177,-46.45724
"9556","D051300858",16878,"RAPOSO TAVARES, VIA",NA,"",16500,"","21/05/2013 07:30",2,"CO",75,1737," "," ",1,1,0,0,0,0,0,0,0,0,0,0,0,0,0,0,0,16878,"RAPOSO TAVARES, VIA",NA,"",13,"CACHOEIRINHA",1,0,"RAPOSO TAVARES, VIA 16500 SAO PAULO SP",-23.520952,-48.4927693
"9558","D051300754",9529,"ITAPECERICA, ES DE",NA,"",2400,"","21/05/2013 08:00",2,"QM",37,3953," "," ",0,1,0,0,0,0,0,0,0,0,0,0,0,0,0,0,0,9529,"ITAPECERICA, ES DE",NA,"",29,"FREGUESIA DO O",1,0,"ITAPECERICA, ES DE 2400 SAO PAULO SP",-23.5505199,-46.6333094