"","id_acidente","codloga","logradouroA","codlogb","logradouroB","alt_num","referencia","data","cod_acid","tipo_acidente","dp","numero_BO","sentido","pista","automovel","moto","onibus","caminhao","bicicleta","moto_taxi","onibus_fretado","onibus_urbano","microonibus","van","vuc","caminhonete","carreta","jipe","outros","sem_informacao","carroca","princ_a","paiA","princ_b","paiB","cod_distrito","distrito","vit_ferida","vit_morta","local","lat","lon"
"9559","D051300432",13915,"MIGUEL ESTEFANO, AV",NA,"",5515,"","21/05/2013 08:00",2,"CO",83,1178," "," ",1,1,0,0,0,0,0,0,0,0,0,0,0,0,0,0,0,13915,"MIGUEL ESTEFANO, AV",NA,"",27,"CURSINO",1,0,"MIGUEL ESTEFANO, AV 5515 SAO PAULO SP",-23.6570895,-46.6167098
"9560","D051301768",9220,"INTERLAGOS, AV",NA,"",451,"","21/05/2013 08:21",2,"CO",99,2168," "," ",0,1,0,0,0,0,0,0,0,0,0,1,0,0,0,0,0,9220,"INTERLAGOS, AV",NA,"",16,"CAMPO GRANDE",1,0,"INTERLAGOS, AV 451 SAO PAULO SP",-23.6536948,-46.6799762
"9561","D051302002",12156,"LUIZ AYRES, RUA DR",285,"AFONSO PORTO, RUA",0,"","21/05/2013 08:25",2,"CT",65,1744,"C"," ",1,1,0,0,0,0,0,0,0,0,0,0,0,0,0,0,0,285,"AFONSO PORTO, RUA",12156,"LUIZ AYRES, RUA DR",5,"ARTUR ALVIM",1,0,"LUIZ AYRES, RUA DR SAO PAULO SP &  AFONSO PORTO, RUA SAO PAULO SP",-23.5423381,-46.4672547
"9563","D051300121",19764,"VINTE E TRES DE MAIO, AV",NA,"",300,"","21/05/2013 09:36",2,"CT",5,2693," "," ",1,1,0,0,0,0,0,0,0,0,0,0,0,0,0,0,0,19764,"VINTE E TRES DE MAIO, AV",NA,"",17,"CAMPO LIMPO",1,0,"VINTE E TRES DE MAIO, AV 300 SAO PAULO SP",-23.5830744,-46.652254
"9564","D051300708",11687,"LEBRET, AV PDE",NA,"",249,"","21/05/2013 10:00",2,"CH",34,3033," "," ",1,0,0,0,0,0,0,0,0,0,0,0,0,0,0,0,0,11687,"LEBRET, AV PDE",NA,"",55,"MORUMBI",2,0,"LEBRET, AV PDE 249 SAO PAULO SP",-23.5505199,-46.6333094
"9565","D051300827",17822,"SAPETUBA, RUA",16913,"REACAO, RUA",0,"","21/05/2013 10:00",2,"CO",51,2277," "," ",1,1,0,0,0,0,0,0,0,0,0,0,0,0,0,0,0,16913,"REACAO, RUA",17822,"SAPETUBA, RUA",12,"BUTANTA",1,0,"SAPETUBA, RUA SAO PAULO SP &  REACAO, RUA SAO PAULO SP",-23.5733923,-46.7111489
"9566","D051300597",16919,"REBOUCAS, AV",NA,"",3073,"","21/05/2013 10:30",2,"CO",15,2505," "," ",1,1,0,0,0,0,0,0,0,0,0,1,0,0,0,0,0,16919,"REBOUCAS, AV",NA,"",44,"JARDIM PAULISTA",2,0,"REBOUCAS, AV 3073 SAO PAULO SP",-23.5705169,-46.6895166
"9567","D051301710",66029,"JOAO CABANAS, RUA CEL",NA,"",129,"","21/05/2013 10:40",2,"CP",85,2537," "," ",0,0,0,1,0,0,0,0,0,0,0,0,0,0,0,0,0,66029,"JOAO CABANAS, RUA CEL",NA,"",32,"IGUATEMI",1,0,"JOAO CABANAS, RUA CEL 129 SAO PAULO SP",-23.7620487,-46.6853104
"9568","D051300150",23981,"DOMINGO DE SOTO, RUA",19583,"VERGUEIRO, RUA",0,"","21/05/2013 10:40",2,"QM",6,2395," "," ",0,1,0,0,0,0,0,0,0,0,0,0,0,0,0,0,0,19583,"VERGUEIRO, RUA",23981,"DOMINGO DE SOTO, RUA",NA,"",1,0,"DOMINGO DE SOTO, RUA SAO PAULO SP &  VERGUEIRO, RUA SAO PAULO SP",-23.5932235,-46.6286997
"9569","D051302096",64019,"CRISTOVAO DE OLIVEIRA, RUA",2181,"ARICANDUVA, AV",0,"","21/05/2013 10:40",2,"QF",49,7045," "," ",0,0,0,1,0,0,0,0,0,0,0,0,0,0,0,0,0,2181,"ARICANDUVA, AV",64019,"CRISTOVAO DE OLIVEIRA, RUA",75,"SAO MATEUS",1,0,"CRISTOVAO DE OLIVEIRA, RUA SAO PAULO SP &  ARICANDUVA, AV SAO PAULO SP",-23.5887497,-46.4850522
"9570","D051301925",30718,"JOSE MARTINS LISBOA, AV",65494,"TETIXIMIRA, RUA",0,"","21/05/2013 10:50",2,"CL",59,1829," "," ",1,1,0,0,0,0,0,0,0,0,0,0,0,0,0,0,0,30718,"JOSE MARTINS LISBOA, AV",65494,"TETIXIMIRA, RUA",43,"JARDIM HELENA",1,0,"JOSE MARTINS LISBOA, AV SAO PAULO SP &  TETIXIMIRA, RUA SAO PAULO SP",-23.481479,-46.4160044
"9571","D051300296",11958,"LOEFGREEN, RUA",12451,"MACHADO BITENCOURT, RUA",0,"","21/05/2013 11:00",2,"QD",16,6849," "," ",0,0,0,0,0,0,0,1,0,0,0,0,0,0,0,0,0,11958,"LOEFGREEN, RUA",12451,"MACHADO BITENCOURT, RUA",92,"VILA MARIANA",1,0,"LOEFGREEN, RUA SAO PAULO SP &  MACHADO BITENCOURT, RUA SAO PAULO SP",-23.6220341,-46.5693528
"9572","D051300825",16878,"RAPOSO TAVARES, VIA",NA,"",12000,"","21/05/2013 11:30",2,"TB",51,2267," "," ",0,0,0,1,0,0,0,0,0,0,0,0,0,0,0,0,0,16878,"RAPOSO TAVARES, VIA",NA,"",13,"CACHOEIRINHA",1,0,"RAPOSO TAVARES, VIA 12000 SAO PAULO SP",-23.5338555,-48.4306036
"9573","D051301186",44645,"DIREITOS HUMANOS, AV",NA,"",1842,"","21/05/2013 11:30",2,"CO",38,2508," "," ",1,1,0,0,0,0,0,0,0,0,0,0,0,0,0,0,0,44645,"DIREITOS HUMANOS, AV",NA,"",8,"BELEM",1,0,"DIREITOS HUMANOS, AV 1842 SAO PAULO SP",-23.4772437,-46.6423256
"9574","D051301114",18151,"SEZEFREDO FAGUNDES, AV CEL",NA,"",876,"","21/05/2013 11:54",2,"CO",20,4716," "," ",1,1,0,0,0,0,0,0,0,0,0,0,0,0,0,0,0,18151,"SEZEFREDO FAGUNDES, AV CEL",NA,"",22,"CIDADE ADEMAR",1,0,"SEZEFREDO FAGUNDES, AV CEL 876 SAO PAULO SP",-23.4522775,-46.6013327
"9575","D051301325",19719,"JAUPACI, RUA",NA,"",688,"","21/05/2013 13:00",2,"CO",73,5466," "," ",0,0,0,0,1,0,0,0,0,0,0,0,0,0,0,1,0,19719,"JAUPACI, RUA",NA,"",22,"CIDADE ADEMAR",1,0,"JAUPACI, RUA 688 SAO PAULO SP",-23.4517195,-46.5918564
"9576","D051302066",16494,"MIGUEL ACHIOLE DA FONCECA, AV",NA,"",100,"","21/05/2013 13:05",2,"CO",44,3009," "," ",1,0,0,0,1,0,0,0,0,0,0,0,0,0,0,0,0,16494,"MIGUEL ACHIOLE DA FONCECA, AV",NA,"",50,"LIMAO",1,0,"MIGUEL ACHIOLE DA FONCECA, AV 100 SAO PAULO SP",-23.5529967,-46.4054103
"9577","D051300826",21766,"JOSE GERALDO DE LIMA, RUA PROF",NA,"",433,"","21/05/2013 13:20",2,"CF",51,2276," "," ",2,0,0,1,0,0,0,0,0,0,0,0,0,0,0,0,0,21766,"JOSE GERALDO DE LIMA, RUA PROF",NA,"",13,"CACHOEIRINHA",2,0,"JOSE GERALDO DE LIMA, RUA PROF 433 SAO PAULO SP",-23.5761339,-46.7550985
"9578","D051300911",18561,"LUIZ MIGLIANO, RUA DR",NA,"",972,"","21/05/2013 13:40",2,"CL",89,4468," "," ",1,1,0,0,0,0,0,0,0,0,0,0,0,0,0,0,0,18561,"LUIZ MIGLIANO, RUA DR",NA,"",0,"NULL",1,0,"LUIZ MIGLIANO, RUA DR 972 SAO PAULO SP",-23.620331,-46.7424003
"9579","D051301145",13417,"MARINA, AV STA",NA,"",800,"","21/05/2013 14:00",2,"CO",28,2783," "," ",1,1,0,0,0,0,0,0,0,0,0,0,0,0,0,0,0,13417,"MARINA, AV STA",NA,"",6,"BARRA FUNDA",1,0,"MARINA, AV STA 800 SAO PAULO SP",-23.5175394,-46.6898716
"9580","D051300939",5309,"CORIFEU DE AZEVEDO MARQUES, AV",NA,"",2883,"","21/05/2013 14:05",4,"AT",93,2282," "," ",1,1,0,0,0,0,0,0,0,0,0,0,0,0,0,0,0,5309,"CORIFEU DE AZEVEDO MARQUES, AV",NA,"",12,"BUTANTA",2,0,"CORIFEU DE AZEVEDO MARQUES, AV 2883 SAO PAULO SP",-23.570846,-46.7403626
"9581","D051301266",8131,"GONCALVES FIGUEIRA, RUA",NA,"",100,"","21/05/2013 14:10",2,"CO",40,5645," "," ",0,0,0,0,1,0,0,0,0,0,0,0,0,0,0,1,0,8131,"GONCALVES FIGUEIRA, RUA",NA,"",21,"CASA VERDE",1,0,"GONCALVES FIGUEIRA, RUA 100 SAO PAULO SP",-23.4950526,-46.6622134
"9582","D051301518",24338,"LUIZ IGNACIO ANHAIA MELLO, AV PROF",NA,"",675,"","21/05/2013 14:10",2,"QM",56,3375," "," ",0,1,0,0,0,0,0,0,0,0,0,0,0,0,0,0,0,24338,"LUIZ IGNACIO ANHAIA MELLO, AV PROF",NA,"",26,"CONSOLACAO",1,0,"LUIZ IGNACIO ANHAIA MELLO, AV PROF 675 SAO PAULO SP",-23.5845114,-46.586893
"9583","D051301073",25709,"DIAMANTINA, RUA",15131,"GUARANESIA, RUA",0,"","21/05/2013 14:10",2,"CO",19,1907," "," ",1,1,0,0,0,0,0,0,0,0,0,0,0,0,0,0,0,15131,"GUARANESIA, RUA",25709,"DIAMANTINA, RUA",NA,"",1,0,"DIAMANTINA, RUA SAO PAULO SP &  GUARANESIA, RUA SAO PAULO SP",-23.5200423,-46.5909403
"9585","D051301187",44645,"DIREITOS HUMANOS, AV",NA,"",770,"","21/05/2013 14:20",2,"CO",38,2514," "," ",1,1,0,0,0,0,0,0,0,0,0,0,0,0,0,0,0,44645,"DIREITOS HUMANOS, AV",NA,"",8,"BELEM",1,0,"DIREITOS HUMANOS, AV 770 SAO PAULO SP",-23.4831914,-46.6487988
"9586","D051300709",8070,"GOIAS, AV DUQSA DE",22130,"AMERICO ALVES PEREIRA FILHO, RUA",0,"","21/05/2013 14:20",4,"AT",34,3042," "," ",1,0,0,0,0,0,0,0,0,0,0,0,0,0,0,0,0,821,"ISAAC MILDER, RUA ENG",8070,"GOIAS, AV DUQSA DE",55,"MORUMBI",1,0,"GOIAS, AV DUQSA DE SAO PAULO SP &  AMERICO ALVES PEREIRA FILHO, RUA SAO PAULO SP",-23.5505199,-46.6333094
"9587","D051300598",16371,"PIRES DE ANDRADE, PCA CEL",7691,"GABRIEL MONTEIRO DA SILVA, AL",0,"","21/05/2013 14:37",2,"CO",15,2508," "," ",1,1,0,0,0,0,0,0,0,0,0,0,0,0,0,0,0,7691,"GABRIEL MONTEIRO DA SILVA, AL",16371,"PIRES DE ANDRADE, PCA CEL",63,"PINHEIROS",1,0,"PIRES DE ANDRADE, PCA CEL SAO PAULO SP &  GABRIEL MONTEIRO DA SILVA, AL SAO PAULO SP",-23.5761454,-46.6905641
"9588","D051301524",2944,"BASILIO, RUA MAJ",NA,"",307,"","21/05/2013 14:50",2,"CO",57,2074," "," ",2,0,0,0,0,0,0,0,0,0,0,0,0,0,0,0,0,2944,"BASILIO, RUA MAJ",NA,"",1,"AGUA RASA",2,0,"BASILIO, RUA MAJ 307 SAO PAULO SP",-23.5581269,-46.5833349
"9589","D051300543",5072,"CLELIA, RUA",NA,"",5042,"","21/05/2013 15:00",2,"CO",7,3182," "," ",2,0,0,0,0,0,0,0,0,0,0,0,0,0,0,0,0,5072,"CLELIA, RUA",NA,"",48,"LAPA",1,0,"CLELIA, RUA 5042 SAO PAULO SP",-23.5249704,-46.6908623
"9590","D051302204",17824,"SAPOPEMBA, AV",NA,"",12000,"","21/05/2013 15:21",2,"QD",69,2768," "," ",0,0,0,0,0,0,0,1,0,0,0,0,0,0,0,0,0,17824,"SAPOPEMBA, AV",NA,"",33,"IPIRANGA",1,0,"SAPOPEMBA, AV 12000 SAO PAULO SP",-23.6131325,-46.4925023
"9591","D051300578",14447,"NAZARE PAULISTA, RUA",NA,"",800,"","21/05/2013 15:40",2,"QD",14,5252," "," ",0,0,0,0,0,0,0,1,0,0,0,0,0,0,0,0,0,14447,"NAZARE PAULISTA, RUA",NA,"",2,"ALTO DE PINHEIR",1,0,"NAZARE PAULISTA, RUA 800 SAO PAULO SP",-23.5448737,-46.6972149
"9592","D051301397",43777,"CARVALHO PINTO, AV GOV",NA,"",100,"","21/05/2013 15:57",2,"CO",10,5753," "," ",0,1,0,0,0,0,0,0,0,0,0,1,0,0,0,0,0,43777,"CARVALHO PINTO, AV GOV",NA,"",41,"JARAGUA",1,0,"CARVALHO PINTO, AV GOV 100 SAO PAULO SP",-23.5151205,-46.5490547
"9593","D051301732",13929,"MIGUEL LOPES, RUA",7801,"GASPAR DOS REIS, RUA",0,"","21/05/2013 16:20",2,"CO",92,3227," "," ",1,1,0,0,0,0,0,0,0,0,0,0,0,0,0,0,0,7801,"GASPAR DOS REIS, RUA",13929,"MIGUEL LOPES, RUA",19,"CAPAO REDONDO",1,0,"MIGUEL LOPES, RUA SAO PAULO SP &  GASPAR DOS REIS, RUA SAO PAULO SP",-23.6669137,-46.7647435
"9594","D051300619",6897,"FARIA LIMA, AV BRIG",18552,"TABAPUA, RUA",0,"","21/05/2013 17:30",4,"AT",15,900015," "," ",0,1,0,0,0,0,0,0,0,0,0,0,0,0,0,0,0,6897,"FARIA LIMA, AV BRIG",18552,"TABAPUA, RUA",34,"ITAIM BIBI",1,0,"FARIA LIMA, AV BRIG SAO PAULO SP &  TABAPUA, RUA SAO PAULO SP",-23.5786046,-46.685823
"9595","D051300224",4561,"CASTELO BRANCO, AV PRES",NA,"",3333,"","21/05/2013 17:56",4,"AT",12,2824," "," ",0,1,0,0,0,0,0,0,0,0,0,0,0,0,0,0,0,29772,"MARGINAL DO RIO TIETE, AV",NA,"",6,"BARRA FUNDA",1,0,"CASTELO BRANCO, AV PRES 3333 SAO PAULO SP",-23.5199513,-46.6217445
"9596","D051301785",7917,"GERALDO SANT'ANA, AV SARG",NA,"",200,"","21/05/2013 18:00",4,"AT",99,5841," "," ",1,0,0,0,0,0,0,0,0,0,0,0,0,0,0,0,0,7917,"GERALDO SANT'ANA, AV SARG",NA,"",NA,"",1,0,"GERALDO SANT'ANA, AV SARG 200 SAO PAULO SP",-23.6635491,-46.6895381
"9597","D051301491",5425,"COSTA BARROS, RUA",NA,"",3030,"","21/05/2013 18:05",2,"CO",42,3414," "," ",1,1,0,0,0,0,0,0,0,0,0,0,0,0,0,0,0,5425,"COSTA BARROS, RUA",NA,"",95,"VILA PRUDENTE",1,0,"COSTA BARROS, RUA 3030 SAO PAULO SP",-23.6055675,-46.543267
"9598","D051301267",30803,"ANTONIO VERA CRUZ, RUA",NA,"",222,"","21/05/2013 18:15",4,"AT",40,5654,"C"," ",0,1,0,0,0,0,0,0,0,0,0,0,0,0,0,0,0,30803,"ANTONIO VERA CRUZ, RUA",NA,"",44,"JARDIM PAULISTA",1,0,"ANTONIO VERA CRUZ, RUA 222 SAO PAULO SP",-23.4942476,-46.6638807
"9599","D051300068",8536,"GUSMOES, RUA DOS",NA,"",580,"","21/05/2013 19:00",4,"AT",3,3057," "," ",0,0,0,0,0,0,0,0,0,0,0,0,0,0,0,1,0,8536,"GUSMOES, RUA DOS",NA,"",70,"SANTA CECILIA",1,0,"GUSMOES, RUA DOS 580 SAO PAULO SP",-23.5385444,-46.6416437
"9600","D051301659",17772,"SANT'ANNA, AV COMEN",NA,"",21,"","21/05/2013 19:00",4,"AT",47,6346," "," ",0,0,0,0,0,0,0,0,0,0,0,0,0,0,0,1,0,17772,"SANT'ANNA, AV COMEN",NA,"",29,"FREGUESIA DO O",1,0,"SANT'ANNA, AV COMEN 21 SAO PAULO SP",-23.5200854,-46.7011304
"9601","D051301163",9292,"THEREZINHA DI SPAGNA LOBO, RUA",NA,"",67,"","21/05/2013 19:15",2,"CO",28,5657," "," ",1,1,0,0,0,0,0,0,0,0,0,0,0,0,0,0,0,9292,"THEREZINHA DI SPAGNA LOBO, RUA",NA,"",29,"FREGUESIA DO O",1,0,"THEREZINHA DI SPAGNA LOBO, RUA 67 SAO PAULO SP",-23.4812397,-46.6931157
"9602","D051301427",7645,"FRONTIN, AV CD DE",10581,"JOAQUIM MARRA, RUA",0,"","21/05/2013 19:30",2,"CO",21,5769," "," ",1,1,0,0,0,0,0,0,0,0,0,0,0,0,0,0,0,7645,"FRONTIN, AV CD DE",10581,"JOAQUIM MARRA, RUA",93,"VILA MATILDE",1,0,"FRONTIN, AV CD DE SAO PAULO SP &  JOAQUIM MARRA, RUA SAO PAULO SP",-23.5505199,-46.6333094
"9604","D051300806",93813,"RAUL SEIXAS (ANHANGUERA), RUA",NA,"",165,"","21/05/2013 19:30",2,"TB",46,4783," "," ",0,0,0,0,0,0,0,0,0,0,0,1,0,0,0,0,0,93813,"RAUL SEIXAS (ANHANGUERA), RUA",NA,"",3,"ANHANGUERA",1,0,"RAUL SEIXAS (ANHANGUERA), RUA 165 SAO PAULO SP",-23.526363,-46.6528917
"9605","D051302044",7933,"PACAJAS, RUA",20804,"LUIS MATEUS (GUAIANAZES), RUA",0,"","21/05/2013 20:07",2,"CH",103,4127," "," ",0,1,0,0,0,0,0,0,0,0,0,0,0,0,0,0,0,7933,"PACAJAS, RUA",20804,"LUIS MATEUS (GUAIANAZES), RUA",31,"GUAIANASES",2,0,"PACAJAS, RUA SAO PAULO SP &  LUIS MATEUS (GUAIANAZES), RUA SAO PAULO SP",-23.5634151,-46.4202182
"9606","D051300575",8290,"GUALTER, AV S",NA,"",1778,"","21/05/2013 20:10",2,"CO",14,5136," "," ",1,1,0,0,0,0,0,0,0,0,0,0,0,0,0,0,0,8290,"GUALTER, AV S",NA,"",2,"ALTO DE PINHEIR",1,0,"GUALTER, AV S 1778 SAO PAULO SP",-23.5509049,-46.7096671
"9607","D051302198",2181,"ARICANDUVA, AV",NA,"",5555,"","21/05/2013 20:30",2,"CO",66,3586," "," ",1,2,0,0,0,0,0,0,0,0,0,0,0,0,0,0,0,2181,"ARICANDUVA, AV",NA,"",60,"PENHA",2,0,"ARICANDUVA, AV 5555 SAO PAULO SP",-23.5610792,-46.5113397
"9608","D051300048",4561,"CASTELO BRANCO, AV PRES",NA,"",130,"","21/05/2013 21:07",2,"CT",2,3059," "," ",1,1,0,0,0,0,0,0,0,0,0,0,0,0,0,0,0,29772,"MARGINAL DO RIO TIETE, AV",NA,"",6,"BARRA FUNDA",1,0,"CASTELO BRANCO, AV PRES 130 SAO PAULO SP",-23.5211906,-46.6374509
"9609","D051300552",16919,"REBOUCAS, AV",NA,"",3111,"","21/05/2013 21:30",2,"CO",14,2749," "," ",1,1,0,0,0,0,0,0,0,0,0,0,0,0,0,0,0,16919,"REBOUCAS, AV",NA,"",44,"JARDIM PAULISTA",1,0,"REBOUCAS, AV 3111 SAO PAULO SP",-23.5703592,-46.6890136
"9610","D051301468",34122,"MELO FREIRE, RUA",19206,"TUIUTI, RUA",0,"","21/05/2013 21:46",2,"CL",30,3069," "," ",2,1,0,0,0,0,0,0,0,0,0,1,0,0,0,0,0,19206,"TUIUTI, RUA",34122,"MELO FREIRE, RUA",82,"TATUAPE",1,0,"MELO FREIRE, RUA SAO PAULO SP &  TUIUTI, RUA SAO PAULO SP",-23.5391715,-46.5695321
"9612","D051302197",22268,"OSVALDO VALLE CORDEIRO, AV",79033,"ITUA PRETO, RUA",0,"","21/05/2013 22:24",2,"CO",66,3585," "," ",1,1,0,0,0,0,0,0,0,0,0,0,0,0,0,0,0,22268,"OSVALDO VALLE CORDEIRO, AV",79033,"ITUA PRETO, RUA",NA,"",1,0,"OSVALDO VALLE CORDEIRO, AV SAO PAULO SP &  ITUA PRETO, RUA SAO PAULO SP",-23.5590948,-46.4886862
"9613","D051300651",44885,"AURO SOARES DE M.ANDRADE, AV",NA,"",664,"","21/05/2013 22:36",4,"AT",23,3659," "," ",0,0,1,0,0,0,0,0,0,0,0,0,0,0,0,0,0,44885,"AURO SOARES DE M.ANDRADE, AV",NA,"",6,"BARRA FUNDA",1,0,"AURO SOARES DE M.ANDRADE, AV 664 SAO PAULO SP",-23.526747,-46.6664618
"9614","D051302097",13671,"MATEO BEI, AV",NA,"",224,"","21/05/2013 23:00",2,"CH",49,7081," "," ",0,0,0,0,0,0,0,0,0,0,0,1,0,0,0,0,0,13671,"MATEO BEI, AV",NA,"",75,"SAO MATEUS",2,0,"MATEO BEI, AV 224 SAO PAULO SP",-23.585482,-46.4915815
"9615","D051301519",24338,"LUIZ IGNACIO ANHAIA MELLO, AV PROF",NA,"",820,"","21/05/2013 23:40",2,"CO",56,3386," "," ",1,1,0,0,0,0,0,0,0,0,0,0,0,0,0,0,0,24338,"LUIZ IGNACIO ANHAIA MELLO, AV PROF",NA,"",26,"CONSOLACAO",1,0,"LUIZ IGNACIO ANHAIA MELLO, AV PROF 820 SAO PAULO SP",-23.5843818,-46.5852916
"9616","D051301756",5606,"CUPECE, AV",NA,"",5015,"","22/05/2013 00:01",4,"AT",98,5442," "," ",0,1,0,0,0,0,0,0,0,0,0,0,0,0,0,0,0,5606,"CUPECE, AV",NA,"",22,"CIDADE ADEMAR",1,0,"CUPECE, AV 5015 SAO PAULO SP",-23.6780939,-46.6410441
"9618","D051300807",35449,"BANDEIRANTES, VIA DOS",NA,"",28000,"","22/05/2013 02:00",2,"CL",46,4795," "," ",1,0,0,1,0,0,0,0,0,0,0,0,0,0,0,0,0,35449,"BANDEIRANTES, VIA DOS",NA,"",64,"PIRITUBA",1,0,"BANDEIRANTES, VIA DOS 28000 SAO PAULO SP",-23.5962255,-46.6921266
"9621","D051301822",2483,"ATLANTICA ANT. ROBERT KENNEDY, AV",NA,"",1711,"","22/05/2013 04:30",2,"CT",102,1429," "," ",1,0,0,1,0,0,0,0,0,0,0,0,0,0,0,0,0,2483,"ATLANTICA ANT. ROBERT KENNEDY, AV",NA,"",23,"CIDADE DUTRA",3,0,"ATLANTICA ANT. ROBERT KENNEDY, AV 1711 SAO PAULO SP",-23.5505199,-46.6333094
"9622","D051300544",6922,"FAUSTOLO, RUA",NA,"",1,"","22/05/2013 04:50",2,"CO",7,3188," "," ",0,1,1,0,0,0,0,0,0,0,0,0,0,0,0,0,0,6922,"FAUSTOLO, RUA",NA,"",48,"LAPA",1,0,"FAUSTOLO, RUA 1 SAO PAULO SP",-23.5239495,-46.6954185
"9623","D051301812",3509,"BELMIRA MARIN, AV DONA",NA,"",2450,"","22/05/2013 05:30",4,"AT",101,3859," "," ",0,2,0,0,0,0,0,0,0,0,0,0,0,0,0,0,0,3509,"BELMIRA MARIN, AV DONA",NA,"",30,"GRAJAU",1,0,"BELMIRA MARIN, AV DONA 2450 SAO PAULO SP",-23.750822,-46.6882146
"9625","D051300828",16878,"RAPOSO TAVARES, VIA",NA,"",10200,"","22/05/2013 06:20",2,"CO",51,2287," "," ",1,1,0,0,0,0,0,0,0,0,0,0,0,0,0,0,0,16878,"RAPOSO TAVARES, VIA",NA,"",13,"CACHOEIRINHA",2,0,"RAPOSO TAVARES, VIA 10200 SAO PAULO SP",-23.6133809,-46.996041
"9626","D051301258",3813,"CAETANO ALVARES, AV ENG",14120,"BAIA FORMOSA, RUA",0,"","22/05/2013 06:20",4,"AT",40,1671," "," ",0,0,1,0,0,0,0,0,0,0,0,0,0,0,0,0,0,3813,"CAETANO ALVARES, AV ENG",14120,"BAIA FORMOSA, RUA",21,"CASA VERDE",1,0,"CAETANO ALVARES, AV ENG SAO PAULO SP &  BAIA FORMOSA, RUA SAO PAULO SP",-23.4830811,-46.6330478
"9627","D051301590",19931,"WASHINGTON LUIS, AV",NA,"",2333,"","22/05/2013 06:33",2,"CT",11,5857," "," ",1,1,0,0,0,0,0,0,0,0,0,0,0,0,0,0,0,19931,"WASHINGTON LUIS, AV",NA,"",30,"GRAJAU",1,0,"WASHINGTON LUIS, AV 2333 SAO PAULO SP",-23.651446,-46.6842713
"9628","D051301769",14743,"SABARA, AV NSRA DO",NA,"",1300,"","22/05/2013 07:32",2,"CO",99,2178," "," ",2,0,0,0,0,0,0,0,0,0,0,0,0,0,0,0,0,14743,"SABARA, AV NSRA DO",NA,"",16,"CAMPO GRANDE",2,0,"SABARA, AV NSRA DO 1300 SAO PAULO SP",-23.5505199,-46.6333094
"9629","D051301864",954,"AMADOR BUENO DA VEIGA, AV",NA,"",2419,"","22/05/2013 07:35",2,"CO",24,5503," "," ",1,1,0,0,0,0,0,0,0,0,0,0,0,0,0,0,0,954,"AMADOR BUENO DA VEIGA, AV",NA,"",60,"PENHA",1,0,"AMADOR BUENO DA VEIGA, AV 2419 SAO PAULO SP",-23.5229316,-46.5228424
"9630","D051300453",11562,"LAGRIMAS, ES DAS",18461,"SOUSA COUTINHO, RUA",0,"","22/05/2013 07:40",2,"TB",95,2372," "," ",0,1,0,0,0,0,0,0,0,0,0,0,0,0,0,0,0,11562,"LAGRIMAS, ES DAS",18461,"SOUSA COUTINHO, RUA",69,"SACOMA",2,0,"LAGRIMAS, ES DAS SAO PAULO SP &  SOUSA COUTINHO, RUA SAO PAULO SP",-23.5505199,-46.6333094
"9631","D051301144",4492,"CAROLINA MARIA DO CARMO, RUA",7562,"FRANCISCO SIQUEIRA BRITO, RUA",0,"","22/05/2013 07:50",2,"CO",28,2738," "," ",1,1,0,0,0,0,0,0,0,0,0,0,0,0,0,0,0,4492,"CAROLINA MARIA DO CARMO, RUA",7562,"FRANCISCO SIQUEIRA BRITO, RUA",29,"FREGUESIA DO O",1,0,"CAROLINA MARIA DO CARMO, RUA SAO PAULO SP &  FRANCISCO SIQUEIRA BRITO, RUA SAO PAULO SP",-23.503864,-46.6921903
"9632","D051301525",4847,"CHAMANTA, RUA",NA,"",694,"","22/05/2013 08:00",2,"SI",57,2080," "," ",1,1,0,0,0,0,0,0,0,0,0,0,0,0,0,0,0,4847,"CHAMANTA, RUA",NA,"",54,"MOOCA",1,0,"CHAMANTA, RUA 694 SAO PAULO SP",-23.5773285,-46.5858403
"9633","D051300962",3376,"BILLINGS, AV ENG",13019,"ESCOLA POLITECNICA, AV",0,"","22/05/2013 08:11",2,"CO",93,3267," "," ",0,2,0,0,0,0,0,0,0,0,0,0,0,0,0,0,0,3376,"BILLINGS, AV ENG",13019,"ESCOLA POLITECNICA, AV",12,"BUTANTA",1,0,"BILLINGS, AV ENG SAO PAULO SP &  ESCOLA POLITECNICA, AV SAO PAULO SP",-23.5355054,-46.7476126
"9634","D051302308",30228,"LEUCIPO, RUA",NA,"",89,"","22/05/2013 09:00",4,"AT",53,3613," "," ",0,1,0,0,0,0,0,0,0,0,0,0,0,0,0,0,0,30228,"LEUCIPO, RUA",NA,"",NA,"",0,1,"LEUCIPO, RUA 89 SAO PAULO SP",-23.5056616,-46.4349368
"9635","D051300545",6544,"ERMANO MARCHETTI, AV",NA,"",600,"","22/05/2013 09:15",4,"AT",7,3195," "," ",0,0,0,0,0,0,0,1,0,0,0,0,0,0,0,0,0,6544,"ERMANO MARCHETTI, AV",NA,"",48,"LAPA",1,0,"ERMANO MARCHETTI, AV 600 SAO PAULO SP",-23.5149692,-46.6979474
"9636","D051300485",6238,"NACOES UNIDAS, AV DAS",NA,"",10,"","22/05/2013 09:45",2,"CL",96,2426," "," ",1,1,0,0,0,0,0,0,0,0,0,0,0,0,0,0,0,13014,"MARGINAL DO RIO PINHEIROS, AV",NA,"",90,"VILA LEOPOLDINA",1,0,"NACOES UNIDAS, AV DAS 10 SAO PAULO SP",-23.5439296,-46.73441