"","id_acidente","codloga","logradouroA","codlogb","logradouroB","alt_num","referencia","data","cod_acid","tipo_acidente","dp","numero_BO","sentido","pista","automovel","moto","onibus","caminhao","bicicleta","moto_taxi","onibus_fretado","onibus_urbano","microonibus","van","vuc","caminhonete","carreta","jipe","outros","sem_informacao","carroca","princ_a","paiA","princ_b","paiB","cod_distrito","distrito","vit_ferida","vit_morta","local","lat","lon"
"9637","D051301188",9170,"INES, AV STA",NA,"",916,"","22/05/2013 10:00",2,"CH",38,2533," "," ",1,0,0,0,0,0,0,0,0,0,0,0,0,0,0,0,0,9170,"INES, AV STA",NA,"",51,"MANDAQUI",1,0,"INES, AV STA 916 SAO PAULO SP",-23.4717043,-46.6298767
"9638","D051300888",16838,"RAIMUNDO PEREIRA DE MAGAL., AV",NA,"",1560,"","22/05/2013 10:20",2,"QM",87,4807," "," ",0,1,0,0,0,0,0,0,0,0,0,0,0,0,0,0,0,16838,"RAIMUNDO PEREIRA DE MAGAL., AV",NA,"",31,"GUAIANASES",1,0,"RAIMUNDO PEREIRA DE MAGAL., AV 1560 SAO PAULO SP",-23.506697,-46.7129381
"9639","D051300549",6544,"ERMANO MARCHETTI, AV",NA,"",1058,"","22/05/2013 10:45",2,"CO",7,3693," "," ",0,0,0,0,1,0,0,0,0,0,0,0,0,0,0,1,0,6544,"ERMANO MARCHETTI, AV",NA,"",48,"LAPA",1,0,"ERMANO MARCHETTI, AV 1058 SAO PAULO SP",-23.5137577,-46.7024206
"9640","D051300756",34682,"CAMPO LIMPO, ES DO",19840,"VITOR GABRIEL, AV",0,"","22/05/2013 11:00",2,"CO",37,4013," "," ",1,0,0,0,1,0,0,0,0,0,0,0,0,0,0,0,0,19840,"VITOR GABRIEL, AV",34682,"CAMPO LIMPO, ES DO",NA,"",1,0,"CAMPO LIMPO, ES DO SAO PAULO SP &  VITOR GABRIEL, AV SAO PAULO SP",-23.2019463,-46.785846
"9641","D051301408",15304,"PAES DE BARROS, AV",NA,"",3300,"","22/05/2013 11:20",4,"AT",18,884,"B"," ",0,1,0,0,0,0,0,0,0,0,0,0,0,0,0,0,0,15304,"PAES DE BARROS, AV",NA,"",16,"CAMPO GRANDE",1,0,"PAES DE BARROS, AV 3300 SAO PAULO SP",-23.5797354,-46.5870139
"9642","D051301935",14094,"MOGI DAS CRUZES, ES DE",NA,"",1141,"","22/05/2013 11:40",2,"CO",62,2053," "," ",1,2,0,0,0,0,0,0,0,0,0,0,0,0,0,0,0,14094,"MOGI DAS CRUZES, ES DE",NA,"",65,"PONTE RASA",1,0,"MOGI DAS CRUZES, ES DE 1141 SAO PAULO SP",-23.5505199,-46.6333094
"9643","D051300400",9715,"JABAQUARA, AV",NA,"",3096,"","22/05/2013 11:45",4,"AT",35,4237," "," ",0,0,0,0,0,0,0,0,0,0,0,1,0,0,0,0,0,9715,"JABAQUARA, AV",NA,"",79,"SAUDE",1,0,"JABAQUARA, AV 3096 SAO PAULO SP",-23.6291323,-46.6458674
"9644","D051300576",8714,"HENRIQUE SCHAUMANN, RUA",NA,"",1088,"","22/05/2013 11:55",2,"CO",14,5163," "," ",2,0,0,0,0,0,0,0,0,0,0,0,0,0,0,0,0,8714,"HENRIQUE SCHAUMANN, RUA",NA,"",63,"PINHEIROS",1,0,"HENRIQUE SCHAUMANN, RUA 1088 SAO PAULO SP",-23.5558524,-46.6836065
"9645","D051300020",7122,"FIGUEIRA, RUA DA",NA,"",500,"","22/05/2013 12:00",4,"AT",1,4161," "," ",1,0,0,0,0,0,0,0,0,0,0,0,0,0,0,0,0,7122,"FIGUEIRA, RUA DA",NA,"",10,"BRAS",1,0,"FIGUEIRA, RUA DA 500 SAO PAULO SP",-23.5494595,-46.6255548
"9646","D051301591",19931,"WASHINGTON LUIS, AV",NA,"",1900,"","22/05/2013 12:01",2,"CH",11,5873," "," ",1,0,0,0,0,0,0,0,0,0,0,0,0,0,0,0,0,19931,"WASHINGTON LUIS, AV",NA,"",30,"GRAJAU",1,0,"WASHINGTON LUIS, AV 1900 SAO PAULO SP",-23.6524981,-46.6878981
"9647","D051300151",9148,"INDEPENDENCIA (CAMBUCI), RUA DA",NA,"",889,"","22/05/2013 12:18",2,"CO",6,2426," "," ",0,2,0,0,0,0,0,0,0,0,0,0,0,0,0,0,0,9148,"INDEPENDENCIA (CAMBUCI), RUA DA",NA,"",14,"CAMBUCI",1,0,"INDEPENDENCIA (CAMBUCI), RUA DA 889 SAO PAULO SP",-23.5628704,-46.6211166
"9648","D051301813",3509,"BELMIRA MARIN, AV DONA",NA,"",3710,"","22/05/2013 12:30",2,"CO",101,3860,"C"," ",0,1,0,0,0,0,0,0,0,0,0,0,0,0,0,0,0,3509,"BELMIRA MARIN, AV DONA",NA,"",30,"GRAJAU",1,0,"BELMIRA MARIN, AV DONA 3710 SAO PAULO SP",-23.754111,-46.6805531
"9649","D051300049",6642,"ESTADO, AV DO",NA,"",900,"","22/05/2013 12:30",4,"AT",2,3072," "," ",0,1,0,0,0,0,0,0,0,0,0,0,0,0,0,0,0,6642,"ESTADO, AV DO",NA,"",9,"BOM RETIRO",2,0,"ESTADO, AV DO 900 SAO PAULO SP",-23.5239515,-46.6321446
"9650","D051301359",14270,"MORVAN DIAS DE FIGUEIREDO, AV",NA,"",19,"","22/05/2013 12:30",2,"CH",90,2054," "," ",0,0,0,1,0,0,0,0,0,0,0,0,0,0,0,0,0,29772,"MARGINAL DO RIO TIETE, AV",NA,"",0,"NULL",1,0,"MORVAN DIAS DE FIGUEIREDO, AV 19 SAO PAULO SP",-23.5184148,-46.6264906
"9651","D051301880",1528,"BOTUPORA, RUA",NA,"",1200,"","22/05/2013 12:40",2,"CO",32,2986," "," ",1,1,0,0,0,0,0,0,0,0,0,0,0,0,0,0,0,1528,"BOTUPORA, RUA",NA,"",86,"VILA CURUCA",1,0,"BOTUPORA, RUA 1200 SAO PAULO SP",-23.5395919,-46.440919
"9652","D051301392",13177,"MARIA CARLOTA, RUA",NA,"",204,"","22/05/2013 12:52",2,"CL",10,5520," "," ",1,0,0,0,1,0,0,0,0,0,0,0,0,0,0,0,0,13177,"MARIA CARLOTA, RUA",NA,"",60,"PENHA",1,0,"MARIA CARLOTA, RUA 204 SAO PAULO SP",-23.5232077,-46.5288028
"9653","D051300320",14308,"MUNICIPALIDADES, RUA DAS",NA,"",351,"","22/05/2013 13:27",4,"AT",17,2789," "," ",1,0,0,1,0,0,0,0,0,0,0,0,0,0,0,0,0,14308,"MUNICIPALIDADES, RUA DAS",NA,"",18,"CANGAIBA",1,0,"MUNICIPALIDADES, RUA DAS 351 SAO PAULO SP",-23.5906269,-46.59645
"9654","D051301226",11321,"JULIO BUONO, AV",NA,"",2122,"","22/05/2013 13:30",2,"CO",39,2348," "," ",1,1,0,0,0,0,0,0,0,0,0,0,0,0,0,0,0,11321,"JULIO BUONO, AV",NA,"",94,"VILA MEDEIROS",1,0,"JULIO BUONO, AV 2122 SAO PAULO SP",-23.4822482,-46.5891036
"9655","D051300124",19764,"VINTE E TRES DE MAIO, AV",NA,"",151,"","22/05/2013 13:40",2,"CO",5,2740," "," ",0,1,0,0,0,0,0,0,0,0,0,0,0,0,0,0,0,19764,"VINTE E TRES DE MAIO, AV",NA,"",NA,"",1,0,"VINTE E TRES DE MAIO, AV 151 SAO PAULO SP",-23.5507514,-46.6376711
"9656","D051300079",19764,"VINTE E TRES DE MAIO, AV",NA,"",11,"","22/05/2013 13:47",2,"CT",3,4154," "," ",1,1,0,0,0,0,0,0,0,0,0,0,0,0,0,0,0,19764,"VINTE E TRES DE MAIO, AV",NA,"",NA,"",1,0,"VINTE E TRES DE MAIO, AV 11 SAO PAULO SP",-23.5512034,-46.6377673
"9657","D051301865",13881,"MIGUEL, AV S",NA,"",2850,"","22/05/2013 14:00",4,"AT",24,5519," "," ",0,1,0,0,0,0,0,0,0,0,0,0,0,0,0,0,0,13881,"MIGUEL, AV S",NA,"",65,"PONTE RASA",1,0,"MIGUEL, AV S 2850 SAO PAULO SP",-23.5106283,-46.503748
"9659","D051300122",19583,"VERGUEIRO, RUA",NA,"",133,"","22/05/2013 15:00",2,"CO",5,2729,"B"," ",1,1,0,0,0,0,0,0,0,0,0,0,0,0,0,0,0,19583,"VERGUEIRO, RUA",NA,"",33,"IPIRANGA",1,0,"VERGUEIRO, RUA 133 SAO PAULO SP",-23.5631395,-46.6387801
"9660","D051302052",15970,"PEDRO RABELO, RUA",NA,"",632,"","22/05/2013 15:39",2,"CO",41,2630," "," ",1,1,0,0,0,0,0,0,0,0,0,0,0,0,0,0,0,15970,"PEDRO RABELO, RUA",NA,"",27,"CURSINO",1,0,"PEDRO RABELO, RUA 632 SAO PAULO SP",-23.5847127,-46.5055497
"9661","D051300758",9529,"ITAPECERICA, ES DE",NA,"",2690,"","22/05/2013 15:45",2,"CO",37,4039," "," ",1,0,1,0,0,0,0,0,0,0,0,0,0,0,0,0,0,9529,"ITAPECERICA, ES DE",NA,"",29,"FREGUESIA DO O",1,0,"ITAPECERICA, ES DE 2690 SAO PAULO SP",-23.5505199,-46.6333094
"9662","D051302199",23730,"CELSO PACHECO BENTIM, RUA DR",NA,"",247,"","22/05/2013 15:47",2,"CO",66,3610," "," ",1,1,0,0,0,0,0,0,0,0,0,0,0,0,0,0,0,23730,"CELSO PACHECO BENTIM, RUA DR",NA,"",38,"JACANA",1,0,"CELSO PACHECO BENTIM, RUA DR 247 SAO PAULO SP",-23.5699915,-46.4866922
"9663","D051301936",3546,"BOTURUSSU, AV",NA,"",132,"","22/05/2013 16:10",2,"CL",62,2058,"C"," ",1,1,0,0,0,0,0,0,0,0,0,0,0,0,0,0,0,3546,"BOTURUSSU, AV",NA,"",28,"ERMELINO MATARA",1,0,"BOTURUSSU, AV 132 SAO PAULO SP",-23.5063081,-46.4884452
"9664","D051301115",19884,"VOLUNTARIOS DA PATRIA, RUA",NA,"",3262,"","22/05/2013 17:00",2,"CO",20,4764,"C"," ",1,1,0,0,0,0,0,0,0,0,0,0,0,0,0,0,0,19884,"VOLUNTARIOS DA PATRIA, RUA",NA,"",8,"BELEM",1,0,"VOLUNTARIOS DA PATRIA, RUA 3262 SAO PAULO SP",-23.491531,-46.6260262
"9665","D051301189",14811,"NOVE DE NOVEMBRO, RUA",NA,"",154,"","22/05/2013 17:15",2,"CO",38,2547," "," ",1,1,0,0,0,0,0,0,0,0,0,0,0,0,0,0,0,14811,"NOVE DE NOVEMBRO, RUA",NA,"",13,"CACHOEIRINHA",1,0,"NOVE DE NOVEMBRO, RUA 154 SAO PAULO SP",-23.4707122,-46.6581212
"9667","D051301134",6275,"EDUARDO ZUMKELLER, RUA",NA,"",226,"","22/05/2013 17:20",2,"QF",20,5487," "," ",0,0,0,0,0,0,0,1,0,0,0,0,0,0,0,0,0,6275,"EDUARDO ZUMKELLER, RUA",NA,"",8,"BELEM",1,0,"EDUARDO ZUMKELLER, RUA 226 SAO PAULO SP",-23.4754928,-46.6359209
"9668","D051301592",1085,"AMERICO BRASILIENSE, RUA",NA,"",1800,"","22/05/2013 17:44",2,"CO",11,5898," "," ",1,1,0,0,0,0,0,0,0,0,0,0,0,0,0,0,0,1085,"AMERICO BRASILIENSE, RUA",NA,"",72,"SANTO AMARO",1,0,"AMERICO BRASILIENSE, RUA 1800 SAO PAULO SP",-23.6304069,-46.703728
"9669","D051301628",33015,"SADAMU INOUE, AV",NA,"",4500,"","22/05/2013 17:50",4,"AT",25,3878," "," ",0,1,0,0,0,0,0,0,0,0,0,0,0,0,0,0,0,33015,"SADAMU INOUE, AV",NA,"",76,"SAO MIGUEL",1,0,"SADAMU INOUE, AV 4500 SAO PAULO SP",-23.7996719,-46.7327558
"9670","D051301502",4618,"CATIGUA, RUA",6961,"FILIPE CAMARAO, RUA",0,"","22/05/2013 17:55",2,"CO",52,5812," "," ",0,0,0,0,1,0,0,0,0,0,0,1,0,0,0,0,0,4618,"CATIGUA, RUA",6961,"FILIPE CAMARAO, RUA",82,"TATUAPE",1,0,"CATIGUA, RUA SAO PAULO SP &  FILIPE CAMARAO, RUA SAO PAULO SP",-23.5402011,-46.5782071
"9671","D051301049",15038,"ORDEM E PROGRESSO, AV",NA,"",1020,"","22/05/2013 18:15",4,"AT",13,5711,"B"," ",1,0,0,0,0,0,0,0,0,0,0,0,0,0,0,0,0,15038,"ORDEM E PROGRESSO, AV",NA,"",35,"ITAIM PAULISTA",1,0,"ORDEM E PROGRESSO, AV 1020 SAO PAULO SP",-23.5188286,-46.6672041
"9672","D051301116",19884,"VOLUNTARIOS DA PATRIA, RUA",NA,"",4873,"","22/05/2013 18:20",4,"AT",20,4766," "," ",1,0,0,0,0,0,0,0,0,0,0,0,0,0,0,0,0,19884,"VOLUNTARIOS DA PATRIA, RUA",NA,"",8,"BELEM",2,0,"VOLUNTARIOS DA PATRIA, RUA 4873 SAO PAULO SP",-23.4791547,-46.6326983
"9673","D051300808",18262,"SILVIO DE CAMPOS, AV DR",30279,"FRANCISCO JOSE DE BARROS, RUA",0,"","22/05/2013 18:30",2,"CO",46,4826," "," ",2,0,0,0,0,0,0,0,0,0,0,0,0,0,0,0,0,18262,"SILVIO DE CAMPOS, AV DR",30279,"FRANCISCO JOSE DE BARROS, RUA",NA,"",1,0,"SILVIO DE CAMPOS, AV DR SAO PAULO SP &  FRANCISCO JOSE DE BARROS, RUA SAO PAULO SP",-23.4061492,-46.75402
"9674","D051300502",7708,"GAIVOTA, RUA",10834,"JOSE CANDIDO DE SOUZA, RUA DR",0,"","22/05/2013 18:30",2,"CT",96,5481," "," ",2,0,0,0,0,0,0,0,0,0,0,0,0,0,0,0,0,7708,"GAIVOTA, RUA",10834,"JOSE CANDIDO DE SOUZA, RUA DR",53,"MOEMA",1,0,"GAIVOTA, RUA SAO PAULO SP &  JOSE CANDIDO DE SOUZA, RUA DR SAO PAULO SP",-24.2085409,-46.8329304
"9675","D051300246",10101,"JOAO, AV S",8023,"GLETE, AL",0,"","22/05/2013 18:30",4,"AT",77,2209," "," ",0,1,0,0,0,0,0,0,0,0,0,0,0,0,0,0,0,8023,"GLETE, AL",10101,"JOAO, AV S",70,"SANTA CECILIA",1,0,"JOAO, AV S SAO PAULO SP &  GLETE, AL SAO PAULO SP",-23.54057,-46.6434402
"9676","D051300197",11046,"TIETE, PCA BR DE",NA,"",10,"","22/05/2013 18:36",2,"QM",8,4052," "," ",0,1,0,0,0,0,0,0,0,0,0,0,0,0,0,0,0,11046,"TIETE, PCA BR DE",NA,"",54,"MOOCA",1,0,"TIETE, PCA BR DE 10 SAO PAULO SP",-23.5466984,-46.594376
"9677","D051302098",9044,"RAGUEB CHOHFI, AV",36068,"MARIA APARECIDA CUSTODIO, RUA",0,"","22/05/2013 18:55",4,"AT",49,7107," "," ",0,0,0,0,0,0,0,0,0,0,0,1,0,0,0,0,0,9044,"RAGUEB CHOHFI, AV",22915,"FORTE DE SANTOS, RUA",75,"SAO MATEUS",1,0,"RAGUEB CHOHFI, AV SAO PAULO SP &  MARIA APARECIDA CUSTODIO, RUA SAO PAULO SP",-23.5962789,-46.4358414
"9678","D051301786",13035,"MIGUEL YUNES, RUA",NA,"",581,"","22/05/2013 19:00",2,"CO",99,5900," "," ",2,0,0,0,0,0,0,0,0,0,0,0,0,0,0,0,0,13035,"MIGUEL YUNES, RUA",NA,"",16,"CAMPO GRANDE",1,0,"MIGUEL YUNES, RUA 581 SAO PAULO SP",-23.6945516,-46.6805183
"9679","D051300069",4659,"CAXIAS, AV DUQ DE",NA,"",52,"","22/05/2013 19:00",4,"AT",3,3081," "," ",0,0,0,0,0,0,0,0,0,0,0,1,0,0,0,0,0,4659,"CAXIAS, AV DUQ DE",NA,"",67,"REPUBLICA",1,0,"CAXIAS, AV DUQ DE 52 SAO PAULO SP",-23.5505199,-46.6333094
"9680","D051300104",5245,"CONSOLACAO, RUA DA",NA,"",1376,"","22/05/2013 19:00",2,"CO",4,4365," "," ",1,2,0,0,0,0,0,0,0,0,0,0,0,0,0,0,0,5245,"CONSOLACAO, RUA DA",NA,"",26,"CONSOLACAO",1,0,"CONSOLACAO, RUA DA 1376 SAO PAULO SP",-23.5499278,-46.6542628
"9681","D051300198",543,"ALCANTARA MACHADO, AV",NA,"",630,"","22/05/2013 19:00",2,"CH",8,4071," "," ",1,0,0,0,0,0,0,0,0,0,0,0,0,0,0,0,0,543,"ALCANTARA MACHADO, AV",NA,"",10,"BRAS",1,0,"ALCANTARA MACHADO, AV 630 SAO PAULO SP",-23.5526244,-46.6189918
"9682","D051301660",9529,"ITAPECERICA, ES DE",NA,"",5859,"","22/05/2013 19:07",2,"CO",47,6389," "," ",0,1,1,0,0,0,0,0,0,0,0,0,0,0,0,0,0,9529,"ITAPECERICA, ES DE",NA,"",29,"FREGUESIA DO O",1,0,"ITAPECERICA, ES DE 5859 SAO PAULO SP",-23.5505199,-46.6333094
"9683","D051301012",5567,"CRUZEIRO DO SUL, AV",NA,"",1700,"","22/05/2013 19:20",4,"AT",9,5819," "," ",1,0,0,0,0,0,0,0,0,0,0,0,0,0,0,0,0,5567,"CRUZEIRO DO SUL, AV",NA,"",5,"ARTUR ALVIM",1,0,"CRUZEIRO DO SUL, AV 1700 SAO PAULO SP",-23.5154613,-46.6249797
"9684","D051301364",27099,"DUTRA, VIA PRES",NA,"",22800,"","22/05/2013 19:30",4,"AT",90,4768," "," ",1,0,0,0,0,0,0,0,0,0,0,0,0,0,0,0,0,27099,"DUTRA, VIA PRES",NA,"",36,"ITAQUERA",1,0,"DUTRA, VIA PRES 22800 SAO PAULO SP",-22.5440862,-44.7846755
"9686","D051301866",4128,"CANGAIBA, AV",NA,"",3934,"","22/05/2013 19:34",4,"AT",24,5535," "," ",0,0,1,0,0,0,0,0,0,0,0,0,0,0,0,0,0,4128,"CANGAIBA, AV",NA,"",18,"CANGAIBA",1,0,"CANGAIBA, AV 3934 SAO PAULO SP",-23.5053729,-46.5190066
"9687","D051301085",29772,"MARGINAL DO RIO TIETE, AV",NA,"",17500,"","22/05/2013 19:38",2,"CT",19,4772," "," ",2,0,0,0,0,0,0,0,0,0,0,0,0,0,0,0,0,29772,"MARGINAL DO RIO TIETE, AV",NA,"",13,"CACHOEIRINHA",3,0,"MARGINAL DO RIO TIETE, AV 17500 SAO PAULO SP",-23.52257,-46.7501547
"9688","D051300254",1356,"ANGELICA, AV",NA,"",750,"","22/05/2013 20:00",4,"AT",77,4373," "," ",0,0,0,0,0,0,0,0,0,0,0,1,0,0,0,0,0,1356,"ANGELICA, AV",NA,"",70,"SANTA CECILIA",1,0,"ANGELICA, AV 750 SAO PAULO SP",-23.5393197,-46.655162
"9689","D051302099",13671,"MATEO BEI, AV",NA,"",3149,"","22/05/2013 20:13",4,"AT",49,7117," "," ",0,0,1,0,0,0,0,0,0,0,0,0,0,0,0,0,0,13671,"MATEO BEI, AV",NA,"",75,"SAO MATEUS",1,0,"MATEO BEI, AV 3149 SAO PAULO SP",-23.6083778,-46.4778984
"9690","D051302237",4531,"CASA GRANDE, ES",NA,"",1435,"","22/05/2013 20:30",4,"AT",70,5448," "," ",1,0,0,0,0,0,0,0,0,0,0,0,0,0,0,0,0,4531,"CASA GRANDE, ES",NA,"",78,"SAPOPEMBA",1,0,"CASA GRANDE, ES 1435 SAO PAULO SP",-23.5505199,-46.6333094
"9691","D051301593",4121,"SOCRATES, RUA",NA,"",186,"","22/05/2013 21:00",2,"CT",11,5904," "," ",1,1,0,0,0,0,0,0,0,0,0,0,0,0,0,0,0,4121,"SOCRATES, RUA",NA,"",16,"CAMPO GRANDE",1,0,"SOCRATES, RUA 186 SAO PAULO SP",-23.6560927,-46.691612
"9692","D051301204",9078,"IMIRIM, AV",NA,"",4000,"","22/05/2013 21:23",2,"QM",38,4686," "," ",0,1,0,0,0,0,0,0,0,0,0,0,0,0,0,0,0,9078,"IMIRIM, AV",NA,"",71,"SANTANA",1,0,"IMIRIM, AV 4000 SAO PAULO SP",-23.4773588,-46.6626643
"9693","D051301326",10059,"JERONIMO FURTADO, RUA GAL",NA,"",700,"","22/05/2013 21:40",2,"CO",73,5491," "," ",1,1,0,0,0,0,0,0,0,0,0,0,0,0,0,0,0,10059,"JERONIMO FURTADO, RUA GAL",NA,"",38,"JACANA",1,0,"JERONIMO FURTADO, RUA GAL 700 SAO PAULO SP",-23.4646894,-46.5692947
"9694","D051300970",831,"ALTINO, AV PRES",NA,"",2301,"","22/05/2013 21:41",2,"CO",93,3694," "," ",0,1,0,1,0,0,0,0,0,0,0,0,0,0,0,0,0,831,"ALTINO, AV PRES",NA,"",40,"JAGUARE",1,0,"ALTINO, AV PRES 2301 SAO PAULO SP",-23.5356524,-46.7552344
"9695","D051301048",10712,"JORGE VALIM, RUA",NA,"",351,"","22/05/2013 22:10",4,"AT",13,5708," "," ",1,0,0,0,0,0,0,0,0,0,0,0,0,0,0,0,0,10712,"JORGE VALIM, RUA",NA,"",21,"CASA VERDE",1,0,"JORGE VALIM, RUA 351 SAO PAULO SP",-23.4968807,-46.6462603
"9696","D051301484",16826,"RAIMUNDO, RUA S",NA,"",5300,"","22/05/2013 22:15",2,"CO",42,1918," "," ",1,1,0,0,0,0,0,0,0,0,0,0,0,0,0,0,0,16826,"RAIMUNDO, RUA S",NA,"",26,"CONSOLACAO",1,0,"RAIMUNDO, RUA S 5300 SAO PAULO SP",-23.6059924,-46.5479054
"9697","D051301487",2750,"BALTAR, RUA",NA,"",1027,"","22/05/2013 22:22",2,"CO",42,3087," "," ",3,0,0,0,0,0,0,0,0,0,0,0,0,0,0,0,0,2750,"BALTAR, RUA",NA,"",95,"VILA PRUDENTE",1,0,"BALTAR, RUA 1027 SAO PAULO SP",-23.6055283,-46.5656015
"9698","D051301284",99571,"MARCIO MUNHOS, AV DR",NA,"",10,"","22/05/2013 23:00",4,"AT",45,4684," "," ",0,0,0,0,0,0,0,0,0,0,0,1,0,0,0,0,0,99571,"MARCIO MUNHOS, AV DR",NA,"",4,"ARICANDUVA",1,0,"MARCIO MUNHOS, AV DR 10 SAO PAULO SP",-23.4744361,-46.684374
"9699","D051300050",6642,"ESTADO, AV DO",NA,"",500,"","22/05/2013 23:09",2,"CO",2,3086," "," ",0,2,0,0,0,0,0,0,0,0,0,0,0,0,0,0,1,6642,"ESTADO, AV DO",NA,"",9,"BOM RETIRO",1,0,"ESTADO, AV DO 500 SAO PAULO SP",-23.5416045,-46.6286417
"9700","D051300070",11883,"LIMEIRA, AL BR DE",4659,"CAXIAS, AV DUQ DE",0,"","22/05/2013 23:47",4,"AT",3,3087," "," ",0,0,0,0,0,0,0,0,0,0,0,0,0,0,0,1,0,4659,"CAXIAS, AV DUQ DE",11883,"LIMEIRA, AL BR DE",67,"REPUBLICA",1,0,"LIMEIRA, AL BR DE SAO PAULO SP &  CAXIAS, AV DUQ DE SAO PAULO SP",-23.5390841,-46.6438827
"9702","D051301118",19884,"VOLUNTARIOS DA PATRIA, RUA",22266,"LUIS LUSTOSA DA SILVA, RUA DR",0,"","23/05/2013 01:15",4,"AT",20,4785," "," ",1,0,0,0,0,0,0,0,0,0,0,0,0,0,0,0,0,19884,"VOLUNTARIOS DA PATRIA, RUA",22266,"LUIS LUSTOSA DA SILVA, RUA DR",71,"SANTANA",1,0,"VOLUNTARIOS DA PATRIA, RUA SAO PAULO SP &  LUIS LUSTOSA DA SILVA, RUA DR SAO PAULO SP",-23.5033096,-46.6263934
"9703","D051302263",16878,"RAPOSO TAVARES, VIA",NA,"",10900,"","23/05/2013 02:00",2,"QM",14,5188," "," ",0,1,0,0,0,0,0,0,0,0,0,0,0,0,0,0,0,16878,"RAPOSO TAVARES, VIA",NA,"",13,"CACHOEIRINHA",0,1,"RAPOSO TAVARES, VIA 10900 SAO PAULO SP",-23.533371,-48.4197023
"9704","D051300844",855,"ALVARENGA, RUA",18783,"TEIXEIRA SOARES, RUA ENG",0,"","23/05/2013 03:20",2,"CT",51,5190," "," ",2,0,0,0,0,0,0,0,0,0,0,0,0,0,0,0,0,855,"ALVARENGA, RUA",18783,"TEIXEIRA SOARES, RUA ENG",12,"BUTANTA",1,0,"ALVARENGA, RUA SAO PAULO SP &  TEIXEIRA SOARES, RUA ENG SAO PAULO SP",-23.56847,-46.7117265
"9705","D051301770",9220,"INTERLAGOS, AV",NA,"",635,"","23/05/2013 04:50",2,"CO",99,3200," "," ",0,0,0,0,0,0,0,0,1,0,0,1,0,0,0,0,0,9220,"INTERLAGOS, AV",NA,"",16,"CAMPO GRANDE",4,0,"INTERLAGOS, AV 635 SAO PAULO SP",-23.6597557,-46.6793765
"9706","D051302229",12895,"ANTONIO MARQUES JULIAO, RUA",NA,"",400,"","23/05/2013 06:05",4,"AT",70,2582," "," ",0,1,0,0,0,0,0,0,0,0,0,0,0,0,0,0,0,12895,"ANTONIO MARQUES JULIAO, RUA",NA,"",74,"SAO LUCAS",1,0,"ANTONIO MARQUES JULIAO, RUA 400 SAO PAULO SP",-23.601933,-46.5401643
"9707","D051300759",99949,"CARLOS CALDEIRA FILHO, AV",29443,"CAPO-ERE, RUA",0,"","23/05/2013 06:15",2,"CO",37,4047," "," ",1,1,0,0,0,0,0,0,0,0,0,0,0,0,0,0,0,29443,"CAPO-ERE, RUA",99949,"CARLOS CALDEIRA FILHO, AV",NA,"",1,0,"CARLOS CALDEIRA FILHO, AV SAO PAULO SP &  CAPO-ERE, RUA SAO PAULO SP",-23.6481998,-46.7582692
"9708","D051301636",5606,"CUPECE, AV",NA,"",1886,"","23/05/2013 06:30",4,"AT",43,2096," "," ",1,0,0,0,0,0,0,0,0,0,0,0,0,0,0,0,0,5606,"CUPECE, AV",NA,"",22,"CIDADE ADEMAR",1,0,"CUPECE, AV 1886 SAO PAULO SP",-23.6600395,-46.6650384
"9710","D051301771",6238,"NACOES UNIDAS, AV DAS",NA,"",22265,"","23/05/2013 07:30",2,"CO",99,2206," "," ",0,1,0,0,0,0,0,0,0,0,0,0,0,0,0,0,0,13014,"MARGINAL DO RIO PINHEIROS, AV",NA,"",90,"VILA LEOPOLDINA",1,0,"NACOES UNIDAS, AV DAS 22265 SAO PAULO SP",-23.6791496,-46.6960554
"9712","D051300829",296,"AFRANIO PEIXOTO, AV",NA,"",280,"","23/05/2013 07:50",2,"QM",51,2315," "," ",0,1,0,0,0,0,0,0,0,0,0,0,0,0,0,0,0,296,"AFRANIO PEIXOTO, AV",NA,"",12,"BUTANTA",1,0,"AFRANIO PEIXOTO, AV 280 SAO PAULO SP",-23.5666833,-46.7101569
"9713","D051301405",13177,"MARIA CARLOTA, RUA",NA,"",36,"","23/05/2013 08:00",2,"CO",10,6163," "," ",1,1,0,0,0,0,0,0,0,0,0,0,0,0,0,0,0,13177,"MARIA CARLOTA, RUA",NA,"",60,"PENHA",1,0,"MARIA CARLOTA, RUA 36 SAO PAULO SP",-23.521839,-46.5290317
"9714","D051300670",1232,"ANASTACIO, AV DO",NA,"",285,"","23/05/2013 08:05",2,"CO",33,4834," "," ",1,0,0,0,1,0,0,0,0,0,0,0,0,0,0,0,0,1232,"ANASTACIO, AV DO",NA,"",73,"SAO DOMINGOS",1,0,"ANASTACIO, AV DO 285 SAO PAULO SP",-23.505844,-46.7335084
"9715","D051301823",17110,"RIO BONITO, AV DO",NA,"",2663,"","23/05/2013 08:20",2,"CO",102,1444," "," ",2,0,0,0,0,0,0,0,0,0,0,1,0,0,0,0,0,17110,"RIO BONITO, AV DO",NA,"",32,"IGUATEMI",1,0,"RIO BONITO, AV DO 2663 SAO PAULO SP",-23.6961313,-46.7014477
"9716","D051300021",6642,"ESTADO, AV DO",NA,"",3974,"","23/05/2013 08:30",2,"QM",1,4178," "," ",0,1,0,0,0,0,0,0,0,0,0,0,0,0,0,0,0,6642,"ESTADO, AV DO",NA,"",9,"BOM RETIRO",1,0,"ESTADO, AV DO 3974 SAO PAULO SP",-23.5475746,-46.629171