"","id_acidente","codloga","logradouroA","codlogb","logradouroB","alt_num","referencia","data","cod_acid","tipo_acidente","dp","numero_BO","sentido","pista","automovel","moto","onibus","caminhao","bicicleta","moto_taxi","onibus_fretado","onibus_urbano","microonibus","van","vuc","caminhonete","carreta","jipe","outros","sem_informacao","carroca","princ_a","paiA","princ_b","paiB","cod_distrito","distrito","vit_ferida","vit_morta","local","lat","lon"
"9717","D051300051",17507,"RUDGE, AV",NA,"",1098,"","23/05/2013 08:55",2,"QD",2,3093," "," ",0,0,0,0,0,0,0,1,0,0,0,0,0,0,0,0,0,17507,"RUDGE, AV",NA,"",70,"SANTA CECILIA",1,0,"RUDGE, AV 1098 SAO PAULO SP",-23.5189881,-46.6528541
"9718","D051300994",36061,"LUIZ DUMONT VILLARES, AV",NA,"",623,"","23/05/2013 09:30",4,"AT",9,2935," "," ",1,0,0,0,0,0,0,0,0,0,0,0,0,0,0,0,0,36061,"LUIZ DUMONT VILLARES, AV",NA,"",22,"CIDADE ADEMAR",1,0,"LUIZ DUMONT VILLARES, AV 623 SAO PAULO SP",-23.4939156,-46.6115208
"9719","D051300225",5567,"CRUZEIRO DO SUL, AV",NA,"",359,"","23/05/2013 09:39",4,"AT",12,2852," "," ",0,0,0,0,0,0,0,0,0,0,0,1,0,0,0,0,0,5567,"CRUZEIRO DO SUL, AV",NA,"",5,"ARTUR ALVIM",1,0,"CRUZEIRO DO SUL, AV 359 SAO PAULO SP",-23.5285347,-46.6256851
"9720","D051301937",16634,"ABEL TAVARES, AV",NA,"",997,"","23/05/2013 09:40",2,"CL",62,2072," "," ",1,1,0,0,0,0,0,0,0,0,0,0,0,0,0,0,0,16634,"ABEL TAVARES, AV",NA,"",28,"ERMELINO MATARA",1,0,"ABEL TAVARES, AV 997 SAO PAULO SP",-23.4908434,-46.4697282
"9722","D051301327",17728,"SANATORIO, AV",26804,"APERIBE, RUA",0,"","23/05/2013 10:30",4,"AT",73,5505," "," ",1,0,0,0,0,0,0,0,0,0,0,0,0,0,0,0,0,17728,"SANATORIO, AV",26804,"APERIBE, RUA",NA,"",1,0,"SANATORIO, AV SAO PAULO SP &  APERIBE, RUA SAO PAULO SP",-23.4696865,-46.5651743
"9723","D051301682",9220,"INTERLAGOS, AV",NA,"",5115,"","23/05/2013 10:59",2,"CO",48,1961," "," ",1,1,0,0,0,0,0,0,0,0,0,0,0,0,0,0,0,9220,"INTERLAGOS, AV",NA,"",16,"CAMPO GRANDE",1,0,"INTERLAGOS, AV 5115 SAO PAULO SP",-23.6906253,-46.6976871
"9724","D051302185",68271,"MANUEL PINHEIRO DE ALBUQUERQUE, RUA",NA,"",195,"","23/05/2013 11:00",2,"CO",66,2246," "," ",1,1,0,0,0,0,0,0,0,0,0,0,0,0,0,0,0,68271,"MANUEL PINHEIRO DE ALBUQUERQUE, RUA",NA,"",38,"JACANA",1,0,"MANUEL PINHEIRO DE ALBUQUERQUE, RUA 195 SAO PAULO SP",-23.5557528,-46.4955604
"9725","D051301418",6,"ABADIANIA, RUA",NA,"",923,"","23/05/2013 11:10",2,"CL",21,1758," "," ",1,1,0,0,0,0,0,0,0,0,0,0,0,0,0,0,0,6,"ABADIANIA, RUA",NA,"",93,"VILA MATILDE",1,0,"ABADIANIA, RUA 923 SAO PAULO SP",-23.5380328,-46.5158943
"9726","D051300639",4561,"CASTELO BRANCO, AV PRES",NA,"",8500,"","23/05/2013 11:24",2,"CO",23,2942," "," ",1,1,0,0,0,0,0,0,0,0,0,0,0,0,0,0,0,29772,"MARGINAL DO RIO TIETE, AV",NA,"",6,"BARRA FUNDA",1,0,"CASTELO BRANCO, AV PRES 8500 SAO PAULO SP",-23.5107983,-46.6853317
"9727","D051302310",17824,"SAPOPEMBA, AV",NA,"",15850,"","23/05/2013 12:00",2,"CO",55,2030," "," ",0,1,0,1,0,0,0,0,0,0,0,0,0,0,0,0,0,17824,"SAPOPEMBA, AV",NA,"",33,"IPIRANGA",0,1,"SAPOPEMBA, AV 15850 SAO PAULO SP",-23.6227178,-46.4489902
"9728","D051300912",13014,"MARGINAL DO RIO PINHEIROS, AV",NA,"",14000,"","23/05/2013 12:00",2,"SI",89,4539," "," ",0,0,0,0,0,0,0,0,0,0,0,0,0,0,0,1,0,13014,"MARGINAL DO RIO PINHEIROS, AV",NA,"",40,"JAGUARE",1,0,"MARGINAL DO RIO PINHEIROS, AV 14000 SAO PAULO SP",-23.5604208,-46.6574734
"9729","D051301398",4128,"CANGAIBA, AV",NA,"",950,"","23/05/2013 12:00",2,"CO",10,5840," "," ",2,0,0,0,0,0,0,0,0,0,0,0,0,0,0,0,0,4128,"CANGAIBA, AV",NA,"",18,"CANGAIBA",1,0,"CANGAIBA, AV 950 SAO PAULO SP",-23.5116918,-46.5445993
"9730","D051300022",7204,"FLORENCIO DE ABREU, RUA",NA,"",344,"","23/05/2013 12:26",4,"AT",1,4191," "," ",1,0,0,0,0,0,0,0,0,0,0,0,0,0,0,0,0,7204,"FLORENCIO DE ABREU, RUA",NA,"",8,"BELEM",1,0,"FLORENCIO DE ABREU, RUA 344 SAO PAULO SP",-23.5410332,-46.6327301
"9731","D051301409",332,"AGOSTINHO LATTARI, RUA",6027,"DOMINGOS DA FONSECA, RUA",0,"","23/05/2013 12:30",4,"AT",18,891," "," ",3,1,0,0,0,0,0,0,0,0,0,2,0,0,0,0,0,332,"AGOSTINHO LATTARI, RUA",6027,"DOMINGOS DA FONSECA, RUA",54,"MOOCA",1,0,"AGOSTINHO LATTARI, RUA SAO PAULO SP &  DOMINGOS DA FONSECA, RUA SAO PAULO SP",-23.5785317,-46.5917601
"9732","D051301837",19824,"MOACIR DANTAS ITAPICURU, AV",NA,"",63,"","23/05/2013 13:01",2,"CO",22,2511," "," ",2,0,0,0,0,0,0,0,0,0,0,0,0,0,0,0,0,19824,"MOACIR DANTAS ITAPICURU, AV",NA,"",53,"MOEMA",1,0,"MOACIR DANTAS ITAPICURU, AV 63 SAO PAULO SP",-23.5108261,-46.4346374
"9733","D051301595",19931,"WASHINGTON LUIS, AV",NA,"",2306,"","23/05/2013 14:20",2,"CT",11,5947," "," ",0,2,0,0,0,0,0,0,0,0,0,0,0,0,0,0,0,19931,"WASHINGTON LUIS, AV",NA,"",30,"GRAJAU",1,0,"WASHINGTON LUIS, AV 2306 SAO PAULO SP",-23.6514523,-46.6844066
"9735","D051301817",17439,"ROSALINA ROSCHEL POLETTI, RUA",NA,"",300,"","23/05/2013 14:30",4,"AT",101,4268," "," ",0,0,0,1,0,0,0,0,0,0,0,0,0,0,0,0,0,17439,"ROSALINA ROSCHEL POLETTI, RUA",NA,"",32,"IGUATEMI",1,0,"ROSALINA ROSCHEL POLETTI, RUA 300 SAO PAULO SP",-23.7417948,-46.7113406
"9736","D051300298",9159,"INDIANOPOLIS, AV",NA,"",100,"","23/05/2013 14:30",2,"CO",16,7014," "," ",1,0,0,0,0,0,0,1,0,0,0,0,0,0,0,0,0,9159,"INDIANOPOLIS, AV",NA,"",79,"SAUDE",2,0,"INDIANOPOLIS, AV 100 SAO PAULO SP",-23.570485,-46.6451425
"9737","D051302322",9044,"RAGUEB CHOHFI, AV",NA,"",830,"","23/05/2013 15:00",2,"CT",53,3731," "," ",0,1,0,1,0,0,0,0,0,0,0,0,0,0,0,0,0,9044,"RAGUEB CHOHFI, AV",NA,"",NA,"",0,1,"RAGUEB CHOHFI, AV 830 SAO PAULO SP",-23.6055653,-46.4710654
"9738","D051300247",17115,"RIO BRANCO, AV",NA,"",1550,"","23/05/2013 15:20",4,"AT",77,2227," "," ",0,0,0,0,0,0,0,0,0,0,0,1,0,0,0,0,0,17115,"RIO BRANCO, AV",NA,"",5,"ARTUR ALVIM",1,0,"RIO BRANCO, AV 1550 SAO PAULO SP",-23.5310961,-46.6462821
"9739","D051301227",11321,"JULIO BUONO, AV",NA,"",1008,"","23/05/2013 15:30",4,"AT",39,2369,"C"," ",1,0,0,0,0,0,0,0,0,0,0,0,0,0,0,0,0,11321,"JULIO BUONO, AV",NA,"",94,"VILA MEDEIROS",1,0,"JULIO BUONO, AV 1008 SAO PAULO SP",-23.490323,-46.5954067
"9741","D051302101",13671,"MATEO BEI, AV",NA,"",2153,"","23/05/2013 15:50",2,"CL",49,7160," "," ",0,0,1,0,1,0,0,0,0,0,0,0,0,0,0,0,0,13671,"MATEO BEI, AV",NA,"",75,"SAO MATEUS",1,0,"MATEO BEI, AV 2153 SAO PAULO SP",-23.601076,-46.4837334
"9742","D051301596",999,"SANTO AMARO, AV",NA,"",7031,"","23/05/2013 16:10",2,"CO",11,5949,"B"," ",1,1,0,0,0,0,0,0,0,0,0,0,0,0,0,0,0,999,"SANTO AMARO, AV",NA,"",34,"ITAIM BIBI",1,0,"SANTO AMARO, AV 7031 SAO PAULO SP",-23.6422074,-46.6992134
"9743","D051300931",7955,"JASPE-NEGRO, RUA",NA,"",10,"","23/05/2013 16:46",4,"AT",91,3714," "," ",0,0,0,0,0,0,0,1,0,0,0,0,0,0,0,0,0,7955,"JASPE-NEGRO, RUA",NA,"",48,"LAPA",1,0,"JASPE-NEGRO, RUA 10 SAO PAULO SP",-23.5312295,-46.4842452
"9744","D051301399",954,"AMADOR BUENO DA VEIGA, AV",NA,"",1750,"","23/05/2013 17:00",2,"CO",10,5856," "," ",1,1,0,0,0,0,0,0,0,0,0,0,0,0,0,0,0,954,"AMADOR BUENO DA VEIGA, AV",NA,"",60,"PENHA",1,0,"AMADOR BUENO DA VEIGA, AV 1750 SAO PAULO SP",-23.5215109,-46.52889
"9745","D051302200",6700,"UACUMA, RUA",NA,"",615,"","23/05/2013 17:00",2,"CO",66,3639," "," ",1,1,0,0,0,0,0,0,0,0,0,0,0,0,0,0,0,6700,"UACUMA, RUA",NA,"",24,"CIDADE LIDER",1,0,"UACUMA, RUA 615 SAO PAULO SP",-23.5526139,-46.5093372
"9746","D051301119",3813,"CAETANO ALVARES, AV ENG",NA,"",5498,"","23/05/2013 17:10",2,"CO",20,4798," "," ",0,1,0,0,0,0,0,0,0,0,0,1,0,0,0,0,0,3813,"CAETANO ALVARES, AV ENG",NA,"",21,"CASA VERDE",2,0,"CAETANO ALVARES, AV ENG 5498 SAO PAULO SP",-23.4837961,-46.6364573
"9748","D051300762",1208,"ANACE, AV",NA,"",300,"","23/05/2013 17:40",2,"CO",37,4140," "," ",0,1,0,0,0,0,0,0,0,0,0,0,0,0,0,0,0,1208,"ANACE, AV",NA,"",17,"CAMPO LIMPO",1,0,"ANACE, AV 300 SAO PAULO SP",-23.6197139,-46.7568983
"9749","D051300137",19583,"VERGUEIRO, RUA",NA,"",1211,"","23/05/2013 18:00",2,"CL",5,4487," "," ",1,1,0,0,0,0,0,0,0,0,0,0,0,0,0,0,0,19583,"VERGUEIRO, RUA",NA,"",33,"IPIRANGA",1,0,"VERGUEIRO, RUA 1211 SAO PAULO SP",-23.5728983,-46.6399329
"9750","D051301845",6065,"DOMITILIA D'ABRIL, RUA",98752,"JOSE ARISTODEMO PINOTTI, AV. DEP",0,"","23/05/2013 18:00",2,"CL",22,4175," "," ",1,1,0,0,0,0,0,0,0,0,0,0,0,0,0,0,0,6065,"DOMITILIA D'ABRIL, RUA",98752,"JOSE ARISTODEMO PINOTTI, AV. DEP",86,"VILA CURUCA",1,0,"DOMITILIA D'ABRIL, RUA SAO PAULO SP &  JOSE ARISTODEMO PINOTTI, AV. DEP SAO PAULO SP",-23.5107089,-46.432573
"9751","D051300809",1429,"ANHANGUERA, VIA",NA,"",22500,"","23/05/2013 18:22",2,"CO",46,4860," "," ",2,1,0,0,0,0,0,0,0,0,0,0,0,0,0,0,0,1429,"ANHANGUERA, VIA",NA,"",73,"SAO DOMINGOS",2,0,"ANHANGUERA, VIA 22500 SAO PAULO SP",-23.4900941,-46.7665396
"9752","D051300889",15626,"PAULA FERREIRA, AV",NA,"",2935,"","23/05/2013 18:30",4,"AT",87,4873," "," ",1,0,0,0,0,0,0,0,0,0,0,0,0,0,0,0,0,15626,"PAULA FERREIRA, AV",NA,"",64,"PIRITUBA",1,0,"PAULA FERREIRA, AV 2935 SAO PAULO SP",-23.4885256,-46.7199882
"9753","D051300672",310,"AGENOR COUTO DE MAGALHAES, AV",NA,"",85,"","23/05/2013 18:40",2,"CO",33,4871," "," ",1,1,0,0,0,0,0,0,0,0,0,0,0,0,0,0,0,310,"AGENOR COUTO DE MAGALHAES, AV",NA,"",64,"PIRITUBA",1,0,"AGENOR COUTO DE MAGALHAES, AV 85 SAO PAULO SP",-23.4843461,-46.740735
"9754","D051301164",34562,"JOAO PAULO I, AV",16928,"RECIFE, RUA MARQ DE",0,"","23/05/2013 18:40",2,"CO",28,5740," "," ",1,0,0,0,1,0,0,0,0,0,0,0,0,0,0,0,0,16928,"RECIFE, RUA MARQ DE",34562,"JOAO PAULO I, AV",NA,"",1,0,"JOAO PAULO I, AV SAO PAULO SP &  RECIFE, RUA MARQ DE SAO PAULO SP",-23.4905859,-46.6887778
"9755","D051300671",14350,"MUTINGA, AV",NA,"",1733,"","23/05/2013 19:00",2,"CO",33,4854," "," ",1,1,0,0,0,0,0,0,0,0,0,0,0,0,0,0,0,14350,"MUTINGA, AV",NA,"",64,"PIRITUBA",1,0,"MUTINGA, AV 1733 SAO PAULO SP",-23.4843057,-46.7429589
"9756","D051300685",14350,"MUTINGA, AV",NA,"",4996,"","23/05/2013 19:15",2,"CO",33,5049," "," ",1,1,0,0,0,0,0,0,0,0,0,0,0,0,0,0,0,14350,"MUTINGA, AV",NA,"",64,"PIRITUBA",1,0,"MUTINGA, AV 4996 SAO PAULO SP",-23.4913392,-46.7508039
"9757","D051300913",9710,"JOSE HOR. MEIRELLES TEIXEIRA, RUA PROF",69906,"CUSTODIO DE OLIVEIRA, RUA",0,"","23/05/2013 19:20",2,"CO",89,4562," "," ",1,1,0,0,0,0,0,0,0,0,0,0,0,0,0,0,0,9710,"JOSE HOR. MEIRELLES TEIXEIRA, RUA PROF",73454,"JOAO BALDINATO, RUA",96,"VILA SONIA",1,0,"JOSE HOR. MEIRELLES TEIXEIRA, RUA PROF SAO PAULO SP &  CUSTODIO DE OLIVEIRA, RUA SAO PAULO SP",-23.5559971,-46.4105377
"9758","D051302157",99999,"METALURGICOS, AV DOS",NA,"",431,"","23/05/2013 19:37",2,"SI",54,900013," "," ",1,1,0,0,0,0,0,0,0,0,0,0,0,0,0,0,0,99999,"METALURGICOS, AV DOS",NA,"",25,"CIDADE TIRADENT",1,0,"METALURGICOS, AV DOS 431 SAO PAULO SP",-23.5883367,-46.4089315
"9759","D051301050",9078,"IMIRIM, AV",NA,"",1353,"","23/05/2013 19:45",2,"CO",13,5741,"C"," ",1,1,0,0,0,0,0,0,0,0,0,0,0,0,0,0,0,9078,"IMIRIM, AV",NA,"",71,"SANTANA",1,0,"IMIRIM, AV 1353 SAO PAULO SP",-23.4935769,-46.6473936
"9760","D051301051",4534,"BERNARDINO FANGANIELLO, RUA",NA,"",302,"","23/05/2013 20:00",4,"AT",13,5746," "," ",1,0,0,0,0,0,0,0,0,0,0,0,0,0,0,0,0,4534,"BERNARDINO FANGANIELLO, RUA",NA,"",21,"CASA VERDE",1,0,"BERNARDINO FANGANIELLO, RUA 302 SAO PAULO SP",-23.5130981,-46.6588284
"9761","D051301492",5425,"COSTA BARROS, RUA",NA,"",2290,"","23/05/2013 20:30",2,"CO",42,3436," "," ",2,0,0,0,0,0,0,0,0,0,0,0,0,0,0,0,0,5425,"COSTA BARROS, RUA",NA,"",95,"VILA PRUDENTE",2,0,"COSTA BARROS, RUA 2290 SAO PAULO SP",-23.6015526,-46.5459984
"9763","D051301597",10270,"JOAO DIAS, AV",NA,"",23,"","23/05/2013 21:34",2,"CO",11,5957," "," ",1,3,0,0,0,0,0,0,0,0,0,0,0,0,0,0,0,10270,"JOAO DIAS, AV",NA,"",72,"SANTO AMARO",5,0,"JOAO DIAS, AV 23 SAO PAULO SP",-23.6445217,-46.731183
"9764","D051301307",15425,"CANTIDIO SAMPAIO, AV DEP",42042,"CARLOS MARIGHELLA, RUA",0,"","23/05/2013 23:15",2,"CL",72,5091,"B"," ",1,1,0,0,0,0,0,0,0,0,0,0,0,0,0,0,0,15425,"CANTIDIO SAMPAIO, AV DEP",42042,"CARLOS MARIGHELLA, RUA",11,"BRASILANDIA",1,0,"CANTIDIO SAMPAIO, AV DEP SAO PAULO SP &  CARLOS MARIGHELLA, RUA SAO PAULO SP",-23.4351468,-46.7178155
"9765","D051301892",19133,"PAULO LOPES DE LEAO, RUA",1801,"ANTONIO MOURA ANDRADE, RUA",0,"","23/05/2013 23:17",2,"CO",32,4180," "," ",1,1,0,0,0,0,0,0,0,0,0,0,0,0,0,0,0,1801,"ANTONIO MOURA ANDRADE, RUA",19133,"PAULO LOPES DE LEAO, RUA",36,"ITAQUERA",2,0,"PAULO LOPES DE LEAO, RUA SAO PAULO SP &  ANTONIO MOURA ANDRADE, RUA SAO PAULO SP",-23.5334937,-46.4473764
"9766","D051302058",10503,"JOAO XXIII, AV",NA,"",1130,"","23/05/2013 23:35",2,"CO",41,5491," "," ",1,1,0,0,0,0,0,0,0,0,0,0,0,0,0,0,0,10503,"JOAO XXIII, AV",NA,"",4,"ARICANDUVA",1,0,"JOAO XXIII, AV 1130 SAO PAULO SP",-23.5711212,-46.5312832
"9767","D051301165",29027,"MIGUEL CONEJO, AV",7522,"PEDROSO XAVIER, RUA",0,"","24/05/2013 00:45",2,"CO",28,5754," "," ",1,0,0,0,0,0,0,0,0,0,0,1,0,0,0,0,0,7522,"PEDROSO XAVIER, RUA",29027,"MIGUEL CONEJO, AV",29,"FREGUESIA DO O",1,0,"MIGUEL CONEJO, AV SAO PAULO SP &  PEDROSO XAVIER, RUA SAO PAULO SP",-23.5034438,-46.6937789
"9768","D051300370",4269,"CARINAS, AV DAS",8944,"IBIRAPUERA, AV",0,"","24/05/2013 02:30",2,"CF",27,5447," "," ",1,1,0,0,0,0,0,0,0,0,0,0,0,0,0,0,0,8944,"IBIRAPUERA, AV",9784,"JACIRA, RUA",53,"MOEMA",1,0,"CARINAS, AV DAS SAO PAULO SP &  IBIRAPUERA, AV SAO PAULO SP",-23.6157835,-46.6637206
"9769","D051301328",13133,"MARIA AMALIA LOPES AZEVEDO, RUA",NA,"",3198,"","24/05/2013 02:57",2,"CH",73,5526," "," ",1,0,0,0,0,0,0,0,0,0,0,0,0,0,0,0,0,13133,"MARIA AMALIA LOPES AZEVEDO, RUA",NA,"",83,"TREMEMBE",1,0,"MARIA AMALIA LOPES AZEVEDO, RUA 3198 SAO PAULO SP",-23.4575145,-46.5957366
"9770","D051300845",16878,"RAPOSO TAVARES, VIA",NA,"",11700,"","24/05/2013 03:30",2,"QM",51,5245," "," ",0,1,0,0,0,0,0,0,0,0,0,0,0,0,0,0,0,16878,"RAPOSO TAVARES, VIA",NA,"",13,"CACHOEIRINHA",2,0,"RAPOSO TAVARES, VIA 11700 SAO PAULO SP",-23.5343605,-48.4275941
"9771","D051301091",9170,"INES, AV STA",NA,"",1851,"","24/05/2013 03:40",2,"CH",20,2574," "," ",1,0,0,0,0,0,0,0,0,0,0,0,0,0,0,0,0,9170,"INES, AV STA",NA,"",51,"MANDAQUI",2,0,"INES, AV STA 1851 SAO PAULO SP",-23.4650933,-46.6333089
"9773","D051300673",14618,"NILVA, RUA",14350,"MUTINGA, AV",0,"","24/05/2013 06:10",2,"CO",33,4880," "," ",0,1,0,0,0,0,0,1,0,0,0,0,0,0,0,0,0,14350,"MUTINGA, AV",14618,"NILVA, RUA",39,"JAGUARA",1,0,"NILVA, RUA SAO PAULO SP &  MUTINGA, AV SAO PAULO SP",-23.5025851,-46.7599341
"9774","D051300125",18340,"SIQUEIRA CAMPOS, RUA DR",NA,"",330,"","24/05/2013 06:15",2,"CH",5,2767," "," ",2,0,0,0,0,0,0,0,0,0,0,0,0,0,0,0,0,18340,"SIQUEIRA CAMPOS, RUA DR",NA,"",2,"ALTO DE PINHEIR",1,0,"SIQUEIRA CAMPOS, RUA DR 330 SAO PAULO SP",-23.5640452,-46.6358659
"9775","D051301598",7600,"FRATERNIDADE, RUA DA",99852,"ROBERTO CARDOSO ALVES, RUA MIN",0,"","24/05/2013 06:20",2,"CL",11,5966," "," ",1,1,0,0,0,0,0,0,0,0,0,0,0,0,0,0,0,7600,"FRATERNIDADE, RUA DA",99852,"ROBERTO CARDOSO ALVES, RUA MIN",72,"SANTO AMARO",1,0,"FRATERNIDADE, RUA DA SAO PAULO SP &  ROBERTO CARDOSO ALVES, RUA MIN SAO PAULO SP",-23.6432531,-46.6954527
"9777","D051302320",60675,"AFONSO DE SAMPAIO E SOUSA, AV",NA,"",2680,"","24/05/2013 06:30",2,"CO",53,3650," "," ",0,1,1,1,0,0,0,0,0,0,0,0,0,0,0,0,0,60675,"AFONSO DE SAMPAIO E SOUSA, AV",NA,"",51,"MANDAQUI",0,1,"AFONSO DE SAMPAIO E SOUSA, AV 2680 SAO PAULO SP",-23.5792906,-46.4818019
"9779","D051302129",29296,"BLECAUTE, RUA",NA,"",68,"","24/05/2013 06:50",2,"CH",53,3652," "," ",1,0,0,1,0,0,0,0,0,0,0,0,0,0,0,0,0,29296,"BLECAUTE, RUA",NA,"",51,"MANDAQUI",3,0,"BLECAUTE, RUA 68 SAO PAULO SP",-23.5658009,-46.4641516
"9780","D051301882",98912,"JOSE PINHEIRO BORGES, AV",4974,"COROA DE FRADE, AV",0,"","24/05/2013 06:58",2,"CO",32,3030," "," ",2,0,0,0,0,0,0,0,0,0,0,0,0,0,0,0,0,4974,"COROA DE FRADE, AV",98912,"JOSE PINHEIRO BORGES, AV",88,"VILA GUILHERME",1,0,"JOSE PINHEIRO BORGES, AV SAO PAULO SP &  COROA DE FRADE, AV SAO PAULO SP",-23.5379455,-46.4560852
"9781","D051302156",99999,"METALURGICOS, AV DOS",NA,"",1062,"","24/05/2013 07:00",2,"CO",54,900017," "," ",1,1,0,0,0,0,0,0,0,0,0,0,0,0,0,0,0,99999,"METALURGICOS, AV DOS",NA,"",25,"CIDADE TIRADENT",1,0,"METALURGICOS, AV DOS 1062 SAO PAULO SP",-23.5917348,-46.4073243
"9782","D051301912",18940,"TIBURCIO DE SOUSA, RUA",NA,"",10,"","24/05/2013 07:01",2,"CT",50,6711," "," ",2,0,0,0,0,0,0,0,0,0,0,0,0,0,0,0,0,18940,"TIBURCIO DE SOUSA, RUA",NA,"",35,"ITAIM PAULISTA",1,0,"TIBURCIO DE SOUSA, RUA 10 SAO PAULO SP",-23.5139795,-46.3907803
"9783","D051301274",15485,"PARAPUA, RUA",NA,"",1729,"","24/05/2013 07:07",4,"AT",45,1325," "," ",0,0,0,0,0,0,0,0,0,0,0,0,0,0,0,1,0,15485,"PARAPUA, RUA",NA,"",4,"ARICANDUVA",1,0,"PARAPUA, RUA 1729 SAO PAULO SP",-23.4705856,-46.6927572
"9784","D051300433",5618,"CURSINO, AV DO",NA,"",3214,"","24/05/2013 07:51",2,"CO",83,1206,"C"," ",0,1,0,0,0,0,0,0,0,0,0,1,0,0,0,0,0,5618,"CURSINO, AV DO",NA,"",27,"CURSINO",1,0,"CURSINO, AV DO 3214 SAO PAULO SP",-23.6297579,-46.618369
"9785","D051300995",4219,"ZAKI NARCHI, AV",NA,"",1563,"","24/05/2013 08:00",2,"CO",9,2964," "," ",2,1,0,0,0,0,0,0,0,0,0,0,0,0,0,0,0,4219,"ZAKI NARCHI, AV",NA,"",88,"VILA GUILHERME",1,0,"ZAKI NARCHI, AV 1563 SAO PAULO SP",-23.5030811,-46.6155104
"9786","D051300297",19128,"TRES DE MAIO, RUA",NA,"",17,"","24/05/2013 08:00",4,"AT",16,7012," "," ",1,0,0,0,0,0,0,0,0,0,0,0,0,0,0,0,0,19128,"TRES DE MAIO, RUA",NA,"",21,"CASA VERDE",1,0,"TRES DE MAIO, RUA 17 SAO PAULO SP",-23.5998338,-46.6419746
"9787","D051300299",12242,"LUIS GOIS, RUA",10893,"JOSE DE CAMARGO, RUA",0,"","24/05/2013 08:00",2,"CO",16,7015," "," ",1,1,0,0,0,0,0,0,0,0,0,0,0,0,0,0,0,10893,"JOSE DE CAMARGO, RUA",12242,"LUIS GOIS, RUA",79,"SAUDE",2,0,"LUIS GOIS, RUA SAO PAULO SP &  JOSE DE CAMARGO, RUA SAO PAULO SP",-23.6039229,-46.6432874
"9788","D051302186",69800,"GOMIDE, RUA",NA,"",3,"","24/05/2013 08:15",2,"QD",66,2259," "," ",0,0,0,0,0,0,0,0,0,0,0,1,0,0,0,0,0,69800,"GOMIDE, RUA",NA,"",38,"JACANA",1,0,"GOMIDE, RUA 3 SAO PAULO SP",-23.5581007,-46.4952302
"9789","D051301052",3637,"BRAZ LEME, AV",NA,"",3351,"","24/05/2013 08:20",4,"AT",13,5774," "," ",1,0,0,0,0,0,0,0,0,0,0,0,0,0,0,0,0,3637,"BRAZ LEME, AV",NA,"",21,"CASA VERDE",1,0,"BRAZ LEME, AV 3351 SAO PAULO SP",-23.5038673,-46.6281229
"9790","D051302026",11543,"LAGEADO VELHO, ES DO",NA,"",1440,"","24/05/2013 08:30",2,"CO",68,1584," "," ",0,1,0,1,0,0,0,0,0,0,0,0,0,0,0,0,0,11543,"LAGEADO VELHO, ES DO",NA,"",47,"LAJEADO",1,0,"LAGEADO VELHO, ES DO 1440 SAO PAULO SP",-23.5505199,-46.6333094
"9791","D051301757",3633,"BRAS DE ABREU, AV",NA,"",13,"","24/05/2013 08:32",4,"AT",98,5513," "," ",0,0,0,0,0,0,0,1,0,0,0,0,0,0,0,0,0,3633,"BRAS DE ABREU, AV",NA,"",22,"CIDADE ADEMAR",1,0,"BRAS DE ABREU, AV 13 SAO PAULO SP",-23.6809722,-46.642086
"9792","D051300487",19100,"BANDEIRANTES, AV DOS",NA,"",1600,"","24/05/2013 08:40",2,"CO",96,2585," "," ",1,1,0,0,0,0,0,0,0,0,0,0,0,0,0,0,0,19100,"BANDEIRANTES, AV DOS",NA,"",24,"CIDADE LIDER",1,0,"BANDEIRANTES, AV DOS 1600 SAO PAULO SP",-23.6039421,-46.6805178
"9793","D051300879",6939,"FEIZ ZARZUR, RUA COMEN",NA,"",1200,"","24/05/2013 08:50",2,"QM",87,2652," "," ",0,1,0,0,0,0,0,0,0,0,0,0,0,0,0,0,0,6939,"FEIZ ZARZUR, RUA COMEN",NA,"",64,"PIRITUBA",1,0,"FEIZ ZARZUR, RUA COMEN 1200 SAO PAULO SP",-23.474501,-46.7251869
"9794","D051301335",24271,"MORRO DAS MANGUEIRAS, RUA",NA,"",197,"","24/05/2013 09:20",4,"AA",74,1329,"B"," ",0,1,0,0,0,0,0,0,0,0,0,0,0,0,0,0,0,24271,"MORRO DAS MANGUEIRAS, RUA",NA,"",40,"JAGUARE",1,0,"MORRO DAS MANGUEIRAS, RUA 197 SAO PAULO SP",-23.4603864,-46.6925774
"9795","D051302163",17824,"SAPOPEMBA, AV",NA,"",16885,"","24/05/2013 09:43",2,"CO",55,2044," "," ",1,0,0,1,0,0,0,0,0,0,0,0,0,0,0,0,0,17824,"SAPOPEMBA, AV",NA,"",33,"IPIRANGA",2,0,"SAPOPEMBA, AV 16885 SAO PAULO SP",-23.6199823,-46.4602739
"9796","D051300546",13605,"MARTINELLI, AV COMEN",NA,"",342,"","24/05/2013 09:50",4,"AT",7,3238," "," ",1,0,0,0,0,0,0,0,0,0,0,0,0,0,0,0,0,13605,"MARTINELLI, AV COMEN",NA,"",6,"BARRA FUNDA",1,0,"MARTINELLI, AV COMEN 342 SAO PAULO SP",-23.5186813,-46.6999583