"","id_acidente","codloga","logradouroA","codlogb","logradouroB","alt_num","referencia","data","cod_acid","tipo_acidente","dp","numero_BO","sentido","pista","automovel","moto","onibus","caminhao","bicicleta","moto_taxi","onibus_fretado","onibus_urbano","microonibus","van","vuc","caminhonete","carreta","jipe","outros","sem_informacao","carroca","princ_a","paiA","princ_b","paiB","cod_distrito","distrito","vit_ferida","vit_morta","local","lat","lon"
"9797","D051300764",34682,"CAMPO LIMPO, ES DO",NA,"",5800,"","24/05/2013 10:30",2,"CO",37,4148," "," ",1,1,0,0,0,0,0,0,0,0,0,0,0,0,0,0,0,34682,"CAMPO LIMPO, ES DO",NA,"",17,"CAMPO LIMPO",1,0,"CAMPO LIMPO, ES DO 5800 SAO PAULO SP",-23.2019463,-46.785846
"9798","D051301479",7974,"GIL PINHEIRO, RUA COMEN",NA,"",512,"","24/05/2013 10:45",4,"AT",31,3122," "," ",1,0,0,0,0,0,0,0,0,0,0,0,0,0,0,0,0,7974,"GIL PINHEIRO, RUA COMEN",NA,"",20,"CARRAO",1,0,"GIL PINHEIRO, RUA COMEN 512 SAO PAULO SP",-23.5412707,-46.5436744
"9799","D051301814",3509,"BELMIRA MARIN, AV DONA",NA,"",1100,"","24/05/2013 11:00",4,"AT",101,3939," "," ",0,1,0,0,0,0,0,0,0,0,0,0,0,0,0,0,0,3509,"BELMIRA MARIN, AV DONA",NA,"",30,"GRAJAU",1,0,"BELMIRA MARIN, AV DONA 1100 SAO PAULO SP",-23.7398395,-46.6916599
"9800","D051301329",42220,"USHIKICHI KAMYIA, RUA",NA,"",1362,"","24/05/2013 11:40",2,"CL",73,5543," "," ",0,2,0,0,0,0,0,0,0,0,0,0,0,0,0,0,0,42220,"USHIKICHI KAMYIA, RUA",NA,"",38,"JACANA",1,0,"USHIKICHI KAMYIA, RUA 1362 SAO PAULO SP",-23.4386716,-46.5840092
"9801","D051300434",6797,"ENRICO CAVIGLIA, RUA GAL",NA,"",222,"","24/05/2013 11:55",2,"CO",83,1213," "," ",1,1,0,0,0,0,0,0,0,0,0,0,0,0,0,0,0,6797,"ENRICO CAVIGLIA, RUA GAL",NA,"",21,"CASA VERDE",1,0,"ENRICO CAVIGLIA, RUA GAL 222 SAO PAULO SP",-23.6360636,-46.6160274
"9802","D051302187",2181,"ARICANDUVA, AV",NA,"",5695,"","24/05/2013 12:08",2,"SI",66,2273," "," ",0,0,0,0,0,0,0,0,0,0,0,1,0,0,0,0,0,2181,"ARICANDUVA, AV",NA,"",60,"PENHA",1,0,"ARICANDUVA, AV 5695 SAO PAULO SP",-23.5610664,-46.5113553
"9803","D051301439",3705,"BUENOPOLIS, RUA",NA,"",234,"","24/05/2013 12:45",4,"AT",29,1329," "," ",1,0,0,0,0,0,0,0,0,0,0,0,0,0,0,0,0,3705,"BUENOPOLIS, RUA",NA,"",1,"AGUA RASA",1,0,"BUENOPOLIS, RUA 234 SAO PAULO SP",-23.5759492,-46.5641486
"9804","D051301883",18803,"TEODORO, RUA S",NA,"",650,"","24/05/2013 13:00",2,"CO",32,3045," "," ",0,1,0,0,0,0,0,0,1,0,0,0,0,0,0,0,0,18803,"TEODORO, RUA S",NA,"",51,"MANDAQUI",1,0,"TEODORO, RUA S 650 SAO PAULO SP",-23.554607,-46.4545253
"9805","D051301663",37819,"MERCEDARIOS, RUA DOS",NA,"",307,"","24/05/2013 13:00",2,"CO",47,6447," "," ",1,1,0,0,0,0,0,0,0,0,0,0,0,0,0,0,0,37819,"MERCEDARIOS, RUA DOS",NA,"",76,"SAO MIGUEL",1,0,"MERCEDARIOS, RUA DOS 307 SAO PAULO SP",-23.7649816,-46.7010726
"9806","D051300268",12165,"LUIS ANTONIO, AV BRIG",3581,"BRASIL, AV",0,"","24/05/2013 13:09",4,"AT",78,4415,"B"," ",0,0,0,0,0,0,0,1,0,0,0,0,0,0,0,0,0,3581,"BRASIL, AV",12165,"LUIS ANTONIO, AV BRIG",44,"JARDIM PAULISTA",1,0,"LUIS ANTONIO, AV BRIG SAO PAULO SP &  BRASIL, AV SAO PAULO SP",-23.5699897,-46.6512614
"9807","D051302164",17824,"SAPOPEMBA, AV",NA,"",14580,"","24/05/2013 13:15",4,"AT",55,2046,"B"," ",0,0,0,0,0,0,0,0,0,0,0,1,0,0,0,0,0,17824,"SAPOPEMBA, AV",NA,"",33,"IPIRANGA",1,0,"SAPOPEMBA, AV 14580 SAO PAULO SP",-23.6173022,-46.4686624
"9808","D051300710",936,"LEON KANIEFSKY, RUA REG",NA,"",525,"","24/05/2013 13:40",2,"CT",34,3159," "," ",2,0,0,0,0,0,0,0,0,0,0,0,0,0,0,0,0,936,"LEON KANIEFSKY, RUA REG",NA,"",55,"MORUMBI",1,0,"LEON KANIEFSKY, RUA REG 525 SAO PAULO SP",-23.5505199,-46.6333094
"9809","D051300415",19583,"VERGUEIRO, RUA",NA,"",1820,"","24/05/2013 13:47",2,"CO",36,2270," "," ",1,1,0,0,0,0,0,0,0,0,0,0,0,0,0,0,0,19583,"VERGUEIRO, RUA",NA,"",33,"IPIRANGA",1,0,"VERGUEIRO, RUA 1820 SAO PAULO SP",-23.5782694,-46.6407072
"9810","D051302003",12156,"LUIZ AYRES, RUA DR",NA,"",3500,"","24/05/2013 13:50",2,"CH",65,1791," "," ",1,0,0,0,0,0,0,0,0,0,0,0,0,0,0,0,0,12156,"LUIZ AYRES, RUA DR",NA,"",5,"ARTUR ALVIM",1,0,"LUIZ AYRES, RUA DR 3500 SAO PAULO SP",-23.54351,-46.4719058
"9811","D051301600",19931,"WASHINGTON LUIS, AV",NA,"",1970,"","24/05/2013 14:00",2,"SI",11,5990," "," ",1,1,0,0,0,0,0,0,0,0,0,0,0,0,0,0,0,19931,"WASHINGTON LUIS, AV",NA,"",30,"GRAJAU",1,0,"WASHINGTON LUIS, AV 1970 SAO PAULO SP",-23.6518662,-46.6870311
"9812","D051301683",15507,"TEOTONIO VILELA, AV SEN",2483,"ATLANTICA ANT. ROBERT KENNEDY, AV",0,"","24/05/2013 14:00",4,"AT",48,1982," "," ",1,0,0,0,0,0,0,0,0,0,0,0,0,0,0,0,0,2483,"ATLANTICA ANT. ROBERT KENNEDY, AV",15507,"TEOTONIO VILELA, AV SEN",23,"CIDADE DUTRA",1,0,"TEOTONIO VILELA, AV SEN SAO PAULO SP &  ATLANTICA ANT. ROBERT KENNEDY, AV SAO PAULO SP",-23.7290679,-46.698928
"9813","D051300932",10487,"JOAO TIBIRICA, RUA",3539,"BOTOCUDOS, RUA",0,"","24/05/2013 14:20",2,"CO",91,3748," "," ",1,0,0,0,0,0,0,0,0,0,0,1,0,0,0,0,0,3539,"BOTOCUDOS, RUA",10487,"JOAO TIBIRICA, RUA",48,"LAPA",2,0,"JOAO TIBIRICA, RUA SAO PAULO SP &  BOTOCUDOS, RUA SAO PAULO SP",-23.5185764,-46.7242305
"9814","D051301543",15187,"OTAVIANO, RUA MAJ",19768,"VINTE E UM DE ABRIL, RUA",0,"","24/05/2013 14:30",2,"CT",81,1501," "," ",1,0,0,0,1,0,0,0,0,0,0,0,0,0,0,0,0,15187,"OTAVIANO, RUA MAJ",19768,"VINTE E UM DE ABRIL, RUA",8,"BELEM",1,0,"OTAVIANO, RUA MAJ SAO PAULO SP &  VINTE E UM DE ABRIL, RUA SAO PAULO SP",-23.5427344,-46.6059469
"9815","D051301330",42220,"USHIKICHI KAMYIA, RUA",NA,"",100,"","24/05/2013 14:50",2,"CO",73,5551," "," ",1,1,0,0,0,0,0,0,0,0,0,0,0,0,0,0,0,42220,"USHIKICHI KAMYIA, RUA",NA,"",38,"JACANA",1,0,"USHIKICHI KAMYIA, RUA 100 SAO PAULO SP",-23.4398635,-46.5759636
"9816","D051301458",7645,"FRONTIN, AV CD DE",2181,"ARICANDUVA, AV",0,"","24/05/2013 14:53",4,"AT",30,2750,"B"," ",0,1,0,0,0,0,0,0,0,0,0,0,0,0,0,0,0,2181,"ARICANDUVA, AV",7645,"FRONTIN, AV CD DE",93,"VILA MATILDE",1,0,"FRONTIN, AV CD DE SAO PAULO SP &  ARICANDUVA, AV SAO PAULO SP",-23.5505199,-46.6333094
"9819","D051301238",2455,"ATALIBA LEONEL, AV GAL",7474,"FRANCISCO LIPI, RUA",0,"","24/05/2013 16:00",2,"CF",39,4835,"B"," ",1,1,0,0,0,0,0,0,0,0,0,0,0,0,0,0,0,2455,"ATALIBA LEONEL, AV GAL",7474,"FRANCISCO LIPI, RUA",84,"TUCURUVI",1,0,"ATALIBA LEONEL, AV GAL SAO PAULO SP &  FRANCISCO LIPI, RUA SAO PAULO SP",-23.4953219,-46.6109674
"9820","D051300371",19179,"TRIUNFO, RUA BR DO",14816,"RITA JOANA DE SOUSA, RUA",0,"","24/05/2013 16:20",2,"CO",27,5478," "," ",1,1,0,0,0,0,0,0,0,0,0,0,0,0,0,0,0,14816,"RITA JOANA DE SOUSA, RUA",19179,"TRIUNFO, RUA BR DO",15,"CAMPO BELO",1,0,"TRIUNFO, RUA BR DO SAO PAULO SP &  RITA JOANA DE SOUSA, RUA SAO PAULO SP",-23.6220498,-46.6808683
"9821","D051302264",5350,"CORREDOR, ES DO",NA,"",977,"","24/05/2013 16:30",4,"AT",72,4731,"C"," ",0,0,1,0,0,0,0,0,0,0,0,0,0,0,0,0,0,5350,"CORREDOR, ES DO",NA,"",41,"JARAGUA",0,1,"CORREDOR, ES DO 977 SAO PAULO SP",-23.5505199,-46.6333094
"9822","D051300933",4781,"CERRO CORA, RUA",NA,"",915,"","24/05/2013 16:30",2,"CO",91,3757," "," ",2,0,0,0,0,0,0,0,0,0,0,0,0,0,0,0,0,4781,"CERRO CORA, RUA",NA,"",48,"LAPA",1,0,"CERRO CORA, RUA 915 SAO PAULO SP",-23.5393946,-46.7059295
"9823","D051300503",37733,"OCTAVIO DE OLIVEIRA SANTOS, RUA DR",18886,"TEXAS, RUA",0,"","24/05/2013 16:44",2,"CO",96,5490," "," ",3,0,0,0,0,0,0,0,0,0,0,0,0,0,0,0,0,18886,"TEXAS, RUA",37733,"OCTAVIO DE OLIVEIRA SANTOS, RUA DR",NA,"",1,0,"OCTAVIO DE OLIVEIRA SANTOS, RUA DR SAO PAULO SP &  TEXAS, RUA SAO PAULO SP",-23.6024132,-46.6864292
"9824","D051301664",17772,"SANT'ANNA, AV COMEN",NA,"",1794,"","24/05/2013 17:27",2,"CL",47,6451," "," ",1,0,1,0,0,0,0,0,0,0,0,0,0,0,0,0,0,17772,"SANT'ANNA, AV COMEN",NA,"",29,"FREGUESIA DO O",1,0,"SANT'ANNA, AV COMEN 1794 SAO PAULO SP",-23.5186813,-46.6999583
"9825","D051300372",8944,"IBIRAPUERA, AV",9899,"JANDIRA, AV",0,"","24/05/2013 17:29",4,"AT",27,5486," "," ",0,1,0,0,0,0,0,0,0,0,0,0,0,0,0,0,0,8944,"IBIRAPUERA, AV",12465,"MACUCO, AV",53,"MOEMA",3,0,"IBIRAPUERA, AV SAO PAULO SP &  JANDIRA, AV SAO PAULO SP",-23.6014353,-46.6601288
"9826","D051300914",13014,"MARGINAL DO RIO PINHEIROS, AV",NA,"",5000,"","24/05/2013 17:30",2,"CO",89,4592,"B"," ",0,1,0,0,0,0,0,0,0,0,0,1,0,0,0,0,0,13014,"MARGINAL DO RIO PINHEIROS, AV",NA,"",40,"JAGUARE",1,0,"MARGINAL DO RIO PINHEIROS, AV 5000 SAO PAULO SP",-23.5563633,-46.6619688
"9827","D051300846",16878,"RAPOSO TAVARES, VIA",NA,"",11600,"","24/05/2013 18:00",2,"CT",51,5265," "," ",1,2,0,0,0,0,0,0,0,0,0,0,0,0,0,0,0,16878,"RAPOSO TAVARES, VIA",NA,"",13,"CACHOEIRINHA",1,0,"RAPOSO TAVARES, VIA 11600 SAO PAULO SP",-23.5345194,-48.4265883
"9828","D051301893",46936,"JACU-PESSEGO/NOVA TRABALHADORE, AV",9806,"PIRES DO RIO, AV",0,"","24/05/2013 18:00",2,"CO",32,4211," "," ",1,1,0,0,0,0,0,0,0,0,0,0,0,0,0,0,0,9806,"PIRES DO RIO, AV",46936,"JACU-PESSEGO/NOVA TRABALHADORE, AV",36,"ITAQUERA",1,0,"JACU-PESSEGO/NOVA TRABALHADORE, AV SAO PAULO SP &  PIRES DO RIO, AV SAO PAULO SP",-23.5754203,-46.4449094
"9831","D051301538",35211,"GUILHERME GIORGI, AV",NA,"",1750,"","24/05/2013 18:20",2,"QM",58,3136," "," ",0,1,0,0,0,0,0,0,0,0,0,0,0,0,0,0,0,35211,"GUILHERME GIORGI, AV",NA,"",27,"CURSINO",1,0,"GUILHERME GIORGI, AV 1750 SAO PAULO SP",-23.5609903,-46.5433447
"9832","D051301602",222,"ADOLFO PINHEIRO, AV",NA,"",1247,"","24/05/2013 18:30",2,"SI",11,5998," "," ",1,1,0,0,0,0,0,0,0,0,0,0,0,0,0,0,0,222,"ADOLFO PINHEIRO, AV",NA,"",72,"SANTO AMARO",1,0,"ADOLFO PINHEIRO, AV 1247 SAO PAULO SP",-23.6428848,-46.6991474
"9833","D051300052",4561,"CASTELO BRANCO, AV PRES",6642,"ESTADO, AV DO",0,"","24/05/2013 18:35",2,"CO",2,3129," "," ",0,1,0,0,0,0,0,0,0,0,0,1,0,0,0,0,0,2864,"BARRA DO TIBAJI, RUA",4561,"CASTELO BRANCO, AV PRES",9,"BOM RETIRO",1,0,"CASTELO BRANCO, AV PRES SAO PAULO SP &  ESTADO, AV DO SAO PAULO SP",-23.5216047,-46.6390428
"9834","D051301074",35645,"CURUCA, VD",NA,"",120,"","24/05/2013 18:45",4,"AT",19,1961," "," ",0,1,0,0,0,0,0,0,0,0,0,0,0,0,0,0,0,35645,"CURUCA, VD",NA,"",36,"ITAQUERA",1,0,"CURUCA, VD 120 SAO PAULO SP",-23.510633,-46.5938791
"9835","D051302103",78271,"MANUEL VELOSO DA COSTA, RUA",NA,"",971,"","24/05/2013 19:06",4,"AT",49,7216," "," ",0,1,0,0,0,0,0,0,0,0,0,0,0,0,0,0,0,78271,"MANUEL VELOSO DA COSTA, RUA",NA,"",32,"IGUATEMI",1,0,"MANUEL VELOSO DA COSTA, RUA 971 SAO PAULO SP",-23.6101295,-46.453193
"9837","D051301369",73495,"ERNESTO AUGUSTO LOPES, AV",NA,"",177,"","24/05/2013 19:25",2,"QM",90,5556," "," ",0,0,0,0,1,0,0,0,0,1,0,0,0,0,0,0,0,73495,"ERNESTO AUGUSTO LOPES, AV",NA,"",36,"ITAQUERA",1,0,"ERNESTO AUGUSTO LOPES, AV 177 SAO PAULO SP",-23.5176322,-46.5751534
"9838","D051302171",17269,"RODOLFO PIRANI, AV",NA,"",449,"","24/05/2013 20:00",4,"AT",55,7213," "," ",0,1,0,0,0,0,0,0,0,0,0,0,0,0,0,0,0,17269,"RODOLFO PIRANI, AV",NA,"",55,"MORUMBI",1,0,"RODOLFO PIRANI, AV 449 SAO PAULO SP",-23.6285653,-46.4620034
"9839","D051301946",2429,"ASSIS RIBEIRO, RUA DR",NA,"",8800,"","24/05/2013 20:00",2,"CO",62,5614," "," ",1,0,0,0,1,0,0,0,0,0,0,0,0,0,0,0,0,2429,"ASSIS RIBEIRO, RUA DR",NA,"",28,"ERMELINO MATARA",1,0,"ASSIS RIBEIRO, RUA DR 8800 SAO PAULO SP",-23.4834648,-46.4731032
"9840","D051301992",3994,"CAMPANELLA, AV",4665,"CAXINGUELE, RUA",0,"","24/05/2013 20:40",2,"CO",64,5607," "," ",0,0,0,0,0,0,0,1,0,0,0,1,0,0,0,0,0,3994,"CAMPANELLA, AV",4665,"CAXINGUELE, RUA",36,"ITAQUERA",1,0,"CAMPANELLA, AV SAO PAULO SP &  CAXINGUELE, RUA SAO PAULO SP",-23.5352605,-46.4642064
"9841","D051301787",7917,"GERALDO SANT'ANA, AV SARG",NA,"",1204,"","24/05/2013 20:45",2,"CO",99,6002," "," ",1,1,0,0,0,0,0,0,0,0,0,0,0,0,0,0,0,7917,"GERALDO SANT'ANA, AV SARG",NA,"",16,"CAMPO GRANDE",1,0,"GERALDO SANT'ANA, AV SARG 1204 SAO PAULO SP",-23.6645104,-46.6795922
"9842","D051301788",7917,"GERALDO SANT'ANA, AV SARG",NA,"",411,"","24/05/2013 21:00",2,"CO",99,6020," "," ",1,1,0,0,0,0,0,0,0,0,0,0,0,0,0,0,0,7917,"GERALDO SANT'ANA, AV SARG",NA,"",16,"CAMPO GRANDE",1,0,"GERALDO SANT'ANA, AV SARG 411 SAO PAULO SP",-23.6634699,-46.6873503
"9844","D051301603",11063,"JOSE MARIA, AV PDE",17122,"RIO BRANCO, RUA BR DO",0,"","24/05/2013 21:25",4,"AT",11,5999," "," ",0,1,0,0,0,0,0,0,0,0,0,0,0,0,0,0,0,11063,"JOSE MARIA, AV PDE",17122,"RIO BRANCO, RUA BR DO",72,"SANTO AMARO",1,0,"JOSE MARIA, AV PDE SAO PAULO SP &  RIO BRANCO, RUA BR DO SAO PAULO SP",-23.6666035,-47.5854944
"9845","D051300652",10137,"JOAO ARRUDA, RUA PROF",18519,"SUMARE, AV",0,"","24/05/2013 21:30",2,"CT",23,3767," "," ",1,1,0,0,0,0,0,0,0,0,0,0,0,0,0,0,0,10137,"JOAO ARRUDA, RUA PROF",18519,"SUMARE, AV",61,"PERDIZES",1,0,"JOAO ARRUDA, RUA PROF SAO PAULO SP &  SUMARE, AV SAO PAULO SP",-23.5437451,-46.672414
"9846","D051301401",25957,"ARICANDUVA, PTE",NA,"",10,"","24/05/2013 21:30",2,"CO",10,5912," "," ",1,0,0,0,0,0,0,0,0,0,0,1,0,0,0,0,0,25957,"ARICANDUVA, PTE",NA,"",3,"ANHANGUERA",1,0,"ARICANDUVA, PTE 10 SAO PAULO SP",-23.5988586,-46.5185365
"9847","D051300616",14804,"NOVE DE JULHO, AV",NA,"",4341,"","24/05/2013 21:30",2,"CH",15,5275," "," ",1,0,0,0,0,0,0,0,0,0,0,0,0,0,0,0,0,14804,"NOVE DE JULHO, AV",NA,"",63,"PINHEIROS",1,0,"NOVE DE JULHO, AV 4341 SAO PAULO SP",-23.5749374,-46.6680798
"9848","D051300410",8940,"IBIRAJA, RUA",NA,"",100,"","24/05/2013 21:52",2,"CO",35,7044," "," ",0,1,0,0,0,0,0,0,0,0,0,1,0,0,0,0,0,8940,"IBIRAJA, RUA",NA,"",37,"JABAQUARA",1,0,"IBIRAJA, RUA 100 SAO PAULO SP",-23.6307788,-46.6394924
"9849","D051300300",9715,"JABAQUARA, AV",NA,"",673,"","24/05/2013 22:08",4,"AT",16,7045," "," ",1,0,0,0,0,0,0,0,0,0,0,0,0,0,0,0,0,9715,"JABAQUARA, AV",NA,"",79,"SAUDE",1,0,"JABAQUARA, AV 673 SAO PAULO SP",-23.61007,-46.6377188
"9850","D051301665",9529,"ITAPECERICA, ES DE",NA,"",6800,"","24/05/2013 22:08",2,"CO",47,6463," "," ",1,1,0,0,0,0,0,0,0,0,0,0,0,0,0,0,0,9529,"ITAPECERICA, ES DE",NA,"",29,"FREGUESIA DO O",2,0,"ITAPECERICA, ES DE 6800 SAO PAULO SP",-23.5505199,-46.6333094
"9851","D051300199",543,"ALCANTARA MACHADO, AV",8798,"HIPODROMO, RUA",0,"","24/05/2013 22:11",2,"CO",8,4127," "," ",1,1,0,0,0,0,0,0,0,0,0,0,0,0,0,0,0,543,"ALCANTARA MACHADO, AV",8798,"HIPODROMO, RUA",54,"MOOCA",1,0,"ALCANTARA MACHADO, AV SAO PAULO SP &  HIPODROMO, RUA SAO PAULO SP",-23.5528151,-46.613419
"9852","D051300135",12165,"LUIS ANTONIO, AV BRIG",19154,"TREZE DE MAIO, RUA",0,"","24/05/2013 23:20",2,"CO",5,4431," "," ",1,1,0,0,0,0,0,0,0,0,0,0,0,0,0,0,0,12165,"LUIS ANTONIO, AV BRIG",19154,"TREZE DE MAIO, RUA",7,"BELA VISTA",1,0,"LUIS ANTONIO, AV BRIG SAO PAULO SP &  TREZE DE MAIO, RUA SAO PAULO SP",-23.5699897,-46.6512614
"9853","D051301370",4077,"CANAPOLIS, RUA",2458,"ATALIBA VIEIRA, RUA",0,"","25/05/2013 00:25",2,"CO",90,5563," "," ",0,2,0,0,0,0,0,0,0,0,0,0,0,0,0,0,0,2458,"ATALIBA VIEIRA, RUA",4077,"CANAPOLIS, RUA",94,"VILA MEDEIROS",1,0,"CANAPOLIS, RUA SAO PAULO SP &  ATALIBA VIEIRA, RUA SAO PAULO SP",-23.4919311,-46.5785633
"9855","D051301625",32541,"PAULO GUILGUER REIMBERG, AV",NA,"",2485,"","25/05/2013 00:49",2,"CO",25,3321," "," ",1,1,0,0,0,0,0,0,0,0,0,1,0,0,0,0,0,32541,"PAULO GUILGUER REIMBERG, AV",NA,"",32,"IGUATEMI",1,0,"PAULO GUILGUER REIMBERG, AV 2485 SAO PAULO SP",-23.776843,-46.6958225
"9856","D051302135",16173,"PESSEGO, ES DO",36387,"JAIME RIBEIRO WRIGHT, RUA",0,"","25/05/2013 01:30",2,"CO",53,3923," "," ",1,1,0,0,0,0,0,0,0,0,0,0,0,0,0,0,0,16173,"PESSEGO, ES DO",36387,"JAIME RIBEIRO WRIGHT, RUA",58,"PARQUE DO CARMO",1,0,"PESSEGO, ES DO SAO PAULO SP &  JAIME RIBEIRO WRIGHT, RUA SAO PAULO SP",-23.5505199,-46.6333094
"9857","D051300239",17112,"RIO BONITO, RUA",17180,"RITA, RUA STA",0,"","25/05/2013 01:41",2,"CO",12,4134," "," ",2,0,0,0,0,0,0,0,0,0,0,0,0,0,0,0,0,17112,"RIO BONITO, RUA",17180,"RITA, RUA STA",57,"PARI",1,0,"RIO BONITO, RUA SAO PAULO SP &  RITA, RUA STA SAO PAULO SP",-23.5310001,-46.6112944
"9858","D051302139",36391,"IONEJI MATSUBAYASHI, RUA",NA,"",1323,"","25/05/2013 02:50",2,"CH",53,900065," "," ",0,2,0,0,0,0,0,0,0,0,0,0,0,0,0,0,0,36391,"IONEJI MATSUBAYASHI, RUA",NA,"",51,"MANDAQUI",3,0,"IONEJI MATSUBAYASHI, RUA 1323 SAO PAULO SP",-23.5654005,-46.4362285
"9859","D051301469",34122,"MELO FREIRE, RUA",9572,"ITAPURA, RUA",0,"","25/05/2013 03:30",2,"CT",30,3142," "," ",3,0,0,0,0,0,0,0,0,0,0,0,0,0,0,0,0,9572,"ITAPURA, RUA",34122,"MELO FREIRE, RUA",82,"TATUAPE",1,0,"MELO FREIRE, RUA SAO PAULO SP &  ITAPURA, RUA SAO PAULO SP",-23.5391715,-46.5695321
"9860","D051301205",9170,"INES, AV STA",NA,"",1900,"","25/05/2013 04:20",2,"CF",38,4747," "," ",0,1,0,0,0,0,0,1,0,0,0,0,0,0,0,0,0,9170,"INES, AV STA",NA,"",51,"MANDAQUI",1,0,"INES, AV STA 1900 SAO PAULO SP",-23.456645,-46.6490756
"9861","D051301993",98965,"CALIM EID, AV",9007,"IGAROI, RUA",0,"","25/05/2013 05:30",2,"CO",64,5627," "," ",3,0,0,0,0,0,0,0,0,0,0,0,0,0,0,0,0,9007,"IGAROI, RUA",98965,"CALIM EID, AV",5,"ARTUR ALVIM",4,0,"CALIM EID, AV SAO PAULO SP &  IGAROI, RUA SAO PAULO SP",-23.520586,-46.50777
"9862","D051301086",8478,"GUILHERME COTCHING, AV",1719,"ANTONIO FONSECA, RUA",0,"","25/05/2013 06:00",2,"CO",19,4857," "," ",1,1,0,0,0,0,0,0,0,0,0,0,0,0,0,0,0,1719,"ANTONIO FONSECA, RUA",8478,"GUILHERME COTCHING, AV",91,"VILA MARIA",1,0,"GUILHERME COTCHING, AV SAO PAULO SP &  ANTONIO FONSECA, RUA SAO PAULO SP",-23.5186365,-46.5897343
"9863","D051301206",4290,"ADOLFO COELHO, AV",NA,"",618,"","25/05/2013 07:01",2,"CH",38,4748," "," ",2,0,0,0,0,0,0,0,0,0,0,0,0,0,0,0,0,4290,"ADOLFO COELHO, AV",NA,"",51,"MANDAQUI",1,0,"ADOLFO COELHO, AV 618 SAO PAULO SP",-23.4717485,-46.6465403
"9865","D051300327",3454,"BOM PASTOR, RUA",8204,"GREENFELD, RUA",0,"","25/05/2013 08:15",2,"CO",17,7065," "," ",3,0,0,0,0,0,0,0,0,0,0,0,0,0,0,0,0,3454,"BOM PASTOR, RUA",8204,"GREENFELD, RUA",33,"IPIRANGA",1,0,"BOM PASTOR, RUA SAO PAULO SP &  GREENFELD, RUA SAO PAULO SP",-23.5910882,-46.6070284
"9866","D051300847",16878,"RAPOSO TAVARES, VIA",NA,"",10900,"","25/05/2013 08:20",2,"QM",51,5287," "," ",0,1,0,0,0,0,0,0,0,0,0,0,0,0,0,0,0,16878,"RAPOSO TAVARES, VIA",NA,"",13,"CACHOEIRINHA",2,0,"RAPOSO TAVARES, VIA 10900 SAO PAULO SP",-23.533371,-48.4197023
"9867","D051300238",9039,"IGUACU, RUA",5567,"CRUZEIRO DO SUL, AV",0,"","25/05/2013 08:20",4,"AT",12,4133," "," ",0,0,0,0,0,0,0,0,0,0,0,0,0,0,0,1,0,5567,"CRUZEIRO DO SUL, AV",9039,"IGUACU, RUA",57,"PARI",1,0,"IGUACU, RUA SAO PAULO SP &  CRUZEIRO DO SUL, AV SAO PAULO SP",-23.5287289,-46.6262346
"9868","D051301122",18151,"SEZEFREDO FAGUNDES, AV CEL",NA,"",2015,"","25/05/2013 09:26",4,"AT",20,4867," "," ",0,1,0,0,0,0,0,0,0,0,0,0,0,0,0,0,0,18151,"SEZEFREDO FAGUNDES, AV CEL",NA,"",22,"CIDADE ADEMAR",1,0,"SEZEFREDO FAGUNDES, AV CEL 2015 SAO PAULO SP",-23.4614584,-46.6027959
"9869","D051300683",35449,"BANDEIRANTES, VIA DOS",NA,"",19000,"","25/05/2013 09:35",2,"CO",33,4937," "," ",2,0,0,0,0,0,0,0,0,0,0,1,0,0,0,0,0,35449,"BANDEIRANTES, VIA DOS",NA,"",64,"PIRITUBA",2,0,"BANDEIRANTES, VIA DOS 19000 SAO PAULO SP",-23.4391259,-46.7581146
"9870","D051300504",999,"SANTO AMARO, AV",NA,"",4349,"","25/05/2013 09:46",4,"AT",96,5515," "," ",0,1,0,0,0,0,0,0,0,0,0,0,0,0,0,0,0,999,"SANTO AMARO, AV",NA,"",34,"ITAIM BIBI",1,0,"SANTO AMARO, AV 4349 SAO PAULO SP",-23.6214301,-46.6838236
"9871","D051300524",60063,"ANTIGA DO MAR, ES",NA,"",104,"","25/05/2013 10:00",2,"CF",97,4595," "," ",1,0,1,0,0,0,0,0,0,0,0,0,0,0,0,0,0,60063,"ANTIGA DO MAR, ES",NA,"",42,"JARDIM ANGELA",2,0,"ANTIGA DO MAR, ES 104 SAO PAULO SP",-23.5505199,-46.6333094
"9872","D051301121",20089,"ZUQUIM, RUA DR",11702,"LEITE DE MORAIS, RUA",0,"","25/05/2013 11:00",2,"CO",20,4864," "," ",2,0,0,0,0,0,0,0,0,0,0,0,0,0,0,0,0,11702,"LEITE DE MORAIS, RUA",20089,"ZUQUIM, RUA DR",71,"SANTANA",3,0,"ZUQUIM, RUA DR SAO PAULO SP &  LEITE DE MORAIS, RUA SAO PAULO SP",-23.491972,-46.6247361
"9873","D051301470",27094,"SALIM FARAH MALUF, AV",NA,"",2255,"","25/05/2013 11:10",2,"CF",30,3154," "," ",1,1,0,0,0,0,0,0,0,0,0,0,0,0,0,0,0,27094,"SALIM FARAH MALUF, AV",NA,"",82,"TATUAPE",1,0,"SALIM FARAH MALUF, AV 2255 SAO PAULO SP",-23.5514691,-46.5774159