"","id_acidente","codloga","logradouroA","codlogb","logradouroB","alt_num","referencia","data","cod_acid","tipo_acidente","dp","numero_BO","sentido","pista","automovel","moto","onibus","caminhao","bicicleta","moto_taxi","onibus_fretado","onibus_urbano","microonibus","van","vuc","caminhonete","carreta","jipe","outros","sem_informacao","carroca","princ_a","paiA","princ_b","paiB","cod_distrito","distrito","vit_ferida","vit_morta","local","lat","lon"
"9874","D051301120",14767,"NOVA CANTAREIRA, AV",NA,"",686,"","25/05/2013 11:32",2,"CO",20,4861," "," ",1,1,0,0,0,0,0,0,0,0,0,0,0,0,0,0,0,14767,"NOVA CANTAREIRA, AV",NA,"",83,"TREMEMBE",2,0,"NOVA CANTAREIRA, AV 686 SAO PAULO SP",-23.4866144,-46.6188962
"9875","D051300684",17050,"RIBEIRAO VERMELHO, RUA",19477,"VALOMBROSANOS, RUA PDES",0,"","25/05/2013 11:55",2,"CO",33,4943," "," ",1,1,0,0,0,0,0,0,0,0,0,0,0,0,0,0,0,17050,"RIBEIRAO VERMELHO, RUA",19477,"VALOMBROSANOS, RUA PDES",64,"PIRITUBA",1,0,"RIBEIRAO VERMELHO, RUA SAO PAULO SP &  VALOMBROSANOS, RUA PDES SAO PAULO SP",-23.4823014,-46.7469463
"9876","D051301994",6613,"ESPERANTINA, AV",NA,"",1399,"","25/05/2013 12:00",2,"CO",64,5632," "," ",0,0,0,0,1,0,0,0,0,0,0,1,0,0,0,0,0,6613,"ESPERANTINA, AV",NA,"",5,"ARTUR ALVIM",1,0,"ESPERANTINA, AV 1399 SAO PAULO SP",-23.5353835,-46.4746072
"9877","D051301915",69668,"VELASCO DE MOLINA, RUA",NA,"",10,"","25/05/2013 12:20",4,"AT",50,6938," "," ",1,0,0,0,0,0,0,0,0,0,0,0,0,0,0,0,0,69668,"VELASCO DE MOLINA, RUA",NA,"",53,"MOEMA",1,0,"VELASCO DE MOLINA, RUA 10 SAO PAULO SP",-23.5141299,-46.3972145
"9878","D051302220",42053,"ORESTE DAMOLIN, RUA",NA,"",100,"","25/05/2013 12:27",2,"CT",69,5542," "," ",0,1,1,0,0,0,0,0,0,0,0,0,0,0,0,0,0,42053,"ORESTE DAMOLIN, RUA",NA,"",26,"CONSOLACAO",1,0,"ORESTE DAMOLIN, RUA 100 SAO PAULO SP",-23.6006519,-46.4977181
"9879","D051301428",13789,"MELCHERT, AV",11098,"JOSE MASCARENHAS, RUA",0,"","25/05/2013 12:35",4,"AT",21,5941," "," ",1,0,0,0,0,0,0,0,0,0,0,0,0,0,0,0,0,6072,"DONATO, RUA CEL",11098,"JOSE MASCARENHAS, RUA",93,"VILA MATILDE",2,0,"MELCHERT, AV SAO PAULO SP &  JOSE MASCARENHAS, RUA SAO PAULO SP",-23.5360602,-46.5306416
"9880","D051301341",41998,"BLAS PARERA, RUA",NA,"",16,"","25/05/2013 12:44",2,"CO",74,4773," "," ",0,1,0,0,0,0,0,0,0,0,0,1,0,0,0,0,0,41998,"BLAS PARERA, RUA",NA,"",52,"MARSILAC",1,0,"BLAS PARERA, RUA 16 SAO PAULO SP",-23.4476246,-46.7360447
"9881","D051301701",20048,"YERVANT KISSAJIKIAN, AV",NA,"",2991,"","25/05/2013 13:00",2,"CO",80,5570," "," ",1,1,0,0,0,0,0,0,0,0,0,0,0,0,0,0,0,20048,"YERVANT KISSAJIKIAN, AV",NA,"",29,"FREGUESIA DO O",1,0,"YERVANT KISSAJIKIAN, AV 2991 SAO PAULO SP",-23.6810768,-46.6536684
"9882","D051301947",20990,"ANTONIO DE CASTRO LOPES, RUA PROF",NA,"",539,"","25/05/2013 13:00",2,"CO",62,5639," "," ",1,1,0,0,0,0,0,0,0,0,0,0,0,0,0,0,0,20990,"ANTONIO DE CASTRO LOPES, RUA PROF",NA,"",49,"LIBERDADE",2,0,"ANTONIO DE CASTRO LOPES, RUA PROF 539 SAO PAULO SP",-23.501706,-46.4780345
"9883","D051302296",3509,"BELMIRA MARIN, AV DONA",NA,"",535,"","25/05/2013 13:50",2,"CT",101,3971,"B"," ",1,1,1,0,0,0,0,0,0,0,0,0,0,0,0,0,0,3509,"BELMIRA MARIN, AV DONA",NA,"",30,"GRAJAU",0,1,"BELMIRA MARIN, AV DONA 535 SAO PAULO SP",-23.7358174,-46.6948679
"9884","D051301053",5275,"COPACABANA, RUA",NA,"",457,"","25/05/2013 14:00",2,"CO",13,5823,"C"," ",1,1,0,0,0,0,0,0,0,0,0,0,0,0,0,0,0,5275,"COPACABANA, RUA",NA,"",71,"SANTANA",1,0,"COPACABANA, RUA 457 SAO PAULO SP",-23.4925009,-46.6392295
"9885","D051301429",2181,"ARICANDUVA, AV",9580,"ITAQUERA, AV",0,"","25/05/2013 14:00",4,"AT",21,5954," "," ",0,1,0,0,0,0,0,0,0,0,0,0,0,0,0,0,0,2181,"ARICANDUVA, AV",9580,"ITAQUERA, AV",20,"CARRAO",1,0,"ARICANDUVA, AV SAO PAULO SP &  ITAQUERA, AV SAO PAULO SP",-23.5479783,-46.5260893
"9886","D051300373",11426,"JURUPIS, AL DOS",9899,"JANDIRA, AV",0,"","25/05/2013 14:30",2,"CO",27,5533," "," ",0,1,0,0,0,0,0,0,0,0,0,1,0,0,0,0,0,9899,"JANDIRA, AV",11426,"JURUPIS, AL DOS",53,"MOEMA",1,0,"JURUPIS, AL DOS SAO PAULO SP &  JANDIRA, AV SAO PAULO SP",-23.6099929,-46.6653038
"9887","D051300447",18297,"SIMAO LOPES, RUA",NA,"",566,"","25/05/2013 14:32",2,"CH",83,4598," "," ",1,0,0,0,0,0,0,0,0,0,0,0,0,0,0,0,0,18297,"SIMAO LOPES, RUA",NA,"",21,"CASA VERDE",3,0,"SIMAO LOPES, RUA 566 SAO PAULO SP",-23.6319135,-46.6099028
"9888","D051302265",1429,"ANHANGUERA, VIA",NA,"",23000,"","25/05/2013 14:45",2,"CT",33,4944," "," ",0,1,0,1,0,0,0,0,0,0,0,0,0,0,0,0,0,1429,"ANHANGUERA, VIA",NA,"",73,"SAO DOMINGOS",0,1,"ANHANGUERA, VIA 23000 SAO PAULO SP",-23.4900941,-46.7665396
"9889","D051301746",70322,"CANDIDO JOSE XAVIER, AV",NA,"",11,"","25/05/2013 14:57",4,"AT",92,6486," "," ",1,0,0,0,0,0,0,0,0,0,0,0,0,0,0,0,0,70322,"CANDIDO JOSE XAVIER, AV",NA,"",32,"IGUATEMI",1,0,"CANDIDO JOSE XAVIER, AV 11 SAO PAULO SP",-23.6618808,-46.7527248
"9890","D051301010",14270,"MORVAN DIAS DE FIGUEIREDO, AV",8466,"GUILHERME, AV",0,"","25/05/2013 15:00",2,"CO",9,4872," "," ",1,1,0,0,0,0,0,0,0,0,0,0,0,0,0,0,0,8466,"GUILHERME, AV",14270,"MORVAN DIAS DE FIGUEIREDO, AV",88,"VILA GUILHERME",1,0,"MORVAN DIAS DE FIGUEIREDO, AV SAO PAULO SP &  GUILHERME, AV SAO PAULO SP",-23.5218788,-46.6058375
"9891","D051300136",12478,"MADALENA, RUA STA",694,"ALFREDO ELLIS, RUA DR",0,"","25/05/2013 15:49",4,"AT",5,4458," "," ",1,0,0,0,0,0,0,0,0,0,0,0,0,0,0,0,0,694,"ALFREDO ELLIS, RUA DR",12478,"MADALENA, RUA STA",7,"BELA VISTA",1,0,"MADALENA, RUA STA SAO PAULO SP &  ALFREDO ELLIS, RUA DR SAO PAULO SP",-23.5630928,-46.6432257
"9892","D051300374",31498,"ROBERTO MARINHO - ANT AGUA ESP, AV JORN",19931,"WASHINGTON LUIS, AV",0,"","25/05/2013 15:51",2,"CO",27,5536," "," ",2,0,0,0,0,0,0,0,0,0,0,0,0,0,0,0,0,19931,"WASHINGTON LUIS, AV",31498,"ROBERTO MARINHO - ANT AGUA ESP, AV JORN",15,"CAMPO BELO",3,0,"ROBERTO MARINHO - ANT AGUA ESP, AV JORN SAO PAULO SP &  WASHINGTON LUIS, AV SAO PAULO SP",-23.5505199,-46.6333094
"9893","D051302130",16173,"PESSEGO, ES DO",NA,"",3000,"","25/05/2013 16:00",2,"CT",53,3697," "," ",2,0,0,0,0,0,0,0,0,0,0,0,0,0,0,0,0,16173,"PESSEGO, ES DO",NA,"",0,"NULL",1,0,"PESSEGO, ES DO 3000 SAO PAULO SP",-23.5505199,-46.6333094
"9894","D051302334",21257,"ALVARO DOS SANTOS MATTOS, AV",NA,"",21,"","25/05/2013 16:05",4,"AT",50,4434,"B"," ",1,0,0,0,0,0,0,0,0,0,0,0,0,0,0,0,0,21257,"ALVARO DOS SANTOS MATTOS, AV",NA,"",NA,"",0,1,"ALVARO DOS SANTOS MATTOS, AV 21 SAO PAULO SP",-23.5122584,-46.4120533
"9895","D051302202",197,"ADEMAR PEREIRA DE BARROS, AV",NA,"",282,"","25/05/2013 17:00",2,"SI",66,4984," "," ",2,0,0,0,0,0,0,0,0,0,0,0,0,0,0,0,0,197,"ADEMAR PEREIRA DE BARROS, AV",NA,"",4,"ARICANDUVA",1,0,"ADEMAR PEREIRA DE BARROS, AV 282 SAO PAULO SP",-23.562754,-46.5106668
"9896","D051301480",4502,"CARRAO, AV CONS",11371,"JUNO, RUA",0,"","25/05/2013 17:00",2,"CO",31,3163," "," ",1,0,0,0,0,0,0,2,0,0,0,0,0,0,0,0,0,4502,"CARRAO, AV CONS",11371,"JUNO, RUA",20,"CARRAO",1,0,"CARRAO, AV CONS SAO PAULO SP &  JUNO, RUA SAO PAULO SP",-23.5458958,-46.5434081
"9898","D051301910",17820,"TITO, AV MAL",NA,"",4646,"","25/05/2013 17:30",4,"AT",50,6499,"C"," ",1,0,0,0,0,0,0,0,0,0,0,0,0,0,0,0,0,17820,"TITO, AV MAL",NA,"",53,"MOEMA",1,0,"TITO, AV MAL 4646 SAO PAULO SP",-23.497198,-46.4000946
"9899","D051301894",17563,"SABBADO D'ANGELO, RUA",NA,"",1300,"","25/05/2013 17:43",2,"CO",32,4253," "," ",1,1,0,0,0,0,0,0,0,0,0,0,0,0,0,0,0,17563,"SABBADO D'ANGELO, RUA",NA,"",36,"ITAQUERA",1,0,"SABBADO D'ANGELO, RUA 1300 SAO PAULO SP",-23.5505199,-46.6333094
"9900","D051301064",3813,"CAETANO ALVARES, AV ENG",NA,"",4000,"","25/05/2013 18:00",2,"CO",13,6191," "," ",1,1,0,0,0,0,0,0,0,0,0,0,0,0,0,0,0,3813,"CAETANO ALVARES, AV ENG",NA,"",21,"CASA VERDE",1,0,"CAETANO ALVARES, AV ENG 4000 SAO PAULO SP",-23.4883968,-46.6489672
"9903","D051300306",3523,"BOSQUE DA SAUDE, AV",NA,"",1480,"","25/05/2013 18:30",2,"CO",16,7375,"B"," ",1,1,0,0,0,0,0,0,0,0,0,0,0,0,0,0,0,3523,"BOSQUE DA SAUDE, AV",NA,"",27,"CURSINO",1,0,"BOSQUE DA SAUDE, AV 1480 SAO PAULO SP",-23.6136656,-46.6245715
"9904","D051302131",7320,"FRANCA VELHO, RUA",NA,"",9,"","25/05/2013 18:30",4,"AT",53,3709," "," ",1,0,0,0,0,0,0,0,0,0,0,0,0,0,0,0,0,7320,"FRANCA VELHO, RUA",NA,"",58,"PARQUE DO CARMO",1,0,"FRANCA VELHO, RUA 9 SAO PAULO SP",-23.5573798,-46.4514684
"9905","D051300579",6238,"NACOES UNIDAS, AV DAS",4178,"CAPEPUXIS, RUA",0,"","25/05/2013 18:30",2,"QM",14,5320," "," ",0,1,0,0,0,0,0,0,0,0,0,0,0,0,0,0,0,1581,"ANTONIO BATUIRA, AV",6238,"NACOES UNIDAS, AV DAS",72,"SANTO AMARO",1,0,"NACOES UNIDAS, AV DAS SAO PAULO SP &  CAPEPUXIS, RUA SAO PAULO SP",-23.5735935,-46.7008864
"9906","D051302104",9044,"RAGUEB CHOHFI, AV",36068,"MARIA APARECIDA CUSTODIO, RUA",0,"","25/05/2013 18:46",2,"CH",49,7265," "," ",1,0,0,0,0,0,0,0,0,0,0,0,0,0,0,0,0,9044,"RAGUEB CHOHFI, AV",22915,"FORTE DE SANTOS, RUA",75,"SAO MATEUS",1,0,"RAGUEB CHOHFI, AV SAO PAULO SP &  MARIA APARECIDA CUSTODIO, RUA SAO PAULO SP",-23.5962789,-46.4358414
"9907","D051301758",1005,"DOMENICO ANIBAL, RUA",NA,"",74,"","25/05/2013 19:20",4,"AT",98,5573," "," ",0,0,0,0,0,0,0,0,1,0,0,0,0,0,0,0,0,1005,"DOMENICO ANIBAL, RUA",NA,"",22,"CIDADE ADEMAR",2,0,"DOMENICO ANIBAL, RUA 74 SAO PAULO SP",-23.6848255,-46.6476152
"9909","D051301547",4736,"CELSO GARCIA, AV",4632,"CATUMBI, RUA",0,"","25/05/2013 19:40",4,"AT",81,3167,"C"," ",0,0,1,0,0,0,0,0,0,0,0,0,0,0,0,0,0,4736,"CELSO GARCIA, AV",17613,"SALDANHA MARINHO, RUA",8,"BELEM",1,0,"CELSO GARCIA, AV SAO PAULO SP &  CATUMBI, RUA SAO PAULO SP",-23.5359522,-46.5717652
"9910","D051302132",71982,"ONOFRE JORGE VELHO, RUA",NA,"",173,"","25/05/2013 19:50",2,"CH",53,3720," "," ",1,0,0,0,0,0,0,0,0,0,0,0,0,0,0,0,0,71982,"ONOFRE JORGE VELHO, RUA",NA,"",51,"MANDAQUI",1,0,"ONOFRE JORGE VELHO, RUA 173 SAO PAULO SP",-23.560583,-46.4703476
"9911","D051301054",5681,"DAMIANA DA CUNHA, RUA",NA,"",68,"","25/05/2013 20:05",2,"CT",13,5837," "," ",2,1,0,0,0,0,0,0,0,0,0,0,0,0,0,0,0,5681,"DAMIANA DA CUNHA, RUA",NA,"",71,"SANTANA",2,0,"DAMIANA DA CUNHA, RUA 68 SAO PAULO SP",-23.4987048,-46.6379641
"9912","D051300071",10101,"JOAO, AV S",2595,"AURORA, RUA",0,"","25/05/2013 20:25",4,"AT",30,3153," "," ",0,0,1,0,0,0,0,0,0,0,0,0,0,0,0,0,0,10101,"JOAO, AV S",11883,"LIMEIRA, AL BR DE",67,"REPUBLICA",1,0,"JOAO, AV S SAO PAULO SP &  AURORA, RUA SAO PAULO SP",-23.54057,-46.6434402
"9913","D051301371",27099,"DUTRA, VIA PRES",NA,"",22800,"","25/05/2013 20:30",2,"CO",90,5566," "," ",4,0,0,0,0,0,0,0,0,0,0,0,0,0,0,0,0,27099,"DUTRA, VIA PRES",NA,"",36,"ITAQUERA",1,0,"DUTRA, VIA PRES 22800 SAO PAULO SP",-22.5440862,-44.7846755
"9914","D051300728",22169,"CLEMENTINE BRENNE, RUA",NA,"",100,"","25/05/2013 20:43",2,"QM",34,4633," "," ",0,1,0,0,0,0,0,0,0,0,0,0,0,0,0,0,0,22169,"CLEMENTINE BRENNE, RUA",NA,"",13,"CACHOEIRINHA",1,0,"CLEMENTINE BRENNE, RUA 100 SAO PAULO SP",-23.60774,-46.721505
"9915","D051301430",7645,"FRONTIN, AV CD DE",NA,"",10,"","25/05/2013 21:07",2,"CO",21,5962," "," ",0,2,0,0,0,0,0,0,0,0,0,0,0,0,0,0,0,7645,"FRONTIN, AV CD DE",NA,"",93,"VILA MATILDE",1,0,"FRONTIN, AV CD DE 10 SAO PAULO SP",-23.5505199,-46.6333094
"9916","D051302105",2181,"ARICANDUVA, AV",64019,"CRISTOVAO DE OLIVEIRA, RUA",0,"","25/05/2013 21:29",2,"CO",49,7287," "," ",1,0,0,0,0,0,0,0,0,0,0,1,0,0,0,0,0,2181,"ARICANDUVA, AV",64019,"CRISTOVAO DE OLIVEIRA, RUA",75,"SAO MATEUS",3,0,"ARICANDUVA, AV SAO PAULO SP &  CRISTOVAO DE OLIVEIRA, RUA SAO PAULO SP",-23.5479783,-46.5260893
"9917","D051300810",1429,"ANHANGUERA, VIA",NA,"",23900,"","25/05/2013 21:39",2,"CO",46,4962," "," ",1,1,0,0,0,0,0,0,0,0,0,0,0,0,0,0,0,1429,"ANHANGUERA, VIA",NA,"",73,"SAO DOMINGOS",2,0,"ANHANGUERA, VIA 23900 SAO PAULO SP",-23.4900941,-46.7665396
"9918","D051300832",13019,"ESCOLA POLITECNICA, AV",9836,"JAGUARE, AV",0,"","25/05/2013 21:50",2,"CO",51,3805," "," ",2,0,0,0,0,0,0,0,0,0,0,0,0,0,0,0,0,5309,"CORIFEU DE AZEVEDO MARQUES, AV",9836,"JAGUARE, AV",55,"MORUMBI",1,0,"ESCOLA POLITECNICA, AV SAO PAULO SP &  JAGUARE, AV SAO PAULO SP",-23.5585284,-46.7466636
"9919","D051301300",41766,"CLARA NUNES, RUA",NA,"",59,"","25/05/2013 21:55",2,"CO",72,4780," "," ",0,2,0,0,0,0,0,0,0,0,0,0,0,0,0,0,0,41766,"CLARA NUNES, RUA",NA,"",40,"JAGUARE",1,0,"CLARA NUNES, RUA 59 SAO PAULO SP",-23.458383,-46.6872467
"9920","D051301207",9078,"IMIRIM, AV",NA,"",2873,"","25/05/2013 22:45",2,"CF",38,4802," "," ",0,2,0,0,0,0,0,0,0,0,0,0,0,0,0,0,0,9078,"IMIRIM, AV",NA,"",71,"SANTANA",2,0,"IMIRIM, AV 2873 SAO PAULO SP",-23.4821726,-46.6549645
"9921","D051301846",15465,"PARANACITY, RUA",17414,"ROSA DE LIMA, RUA STA",0,"","26/05/2013 00:11",2,"CO",22,4266," "," ",2,0,0,0,0,0,0,0,0,0,0,0,0,0,0,0,0,15465,"PARANACITY, RUA",17414,"ROSA DE LIMA, RUA STA",43,"JARDIM HELENA",6,0,"PARANACITY, RUA SAO PAULO SP &  ROSA DE LIMA, RUA STA SAO PAULO SP",-23.4892583,-46.4294937
"9922","D051300774",34682,"CAMPO LIMPO, ES DO",NA,"",3400,"","26/05/2013 00:50",2,"CO",37,4638," "," ",0,2,0,0,0,0,0,0,0,0,0,0,0,0,0,0,0,34682,"CAMPO LIMPO, ES DO",NA,"",17,"CAMPO LIMPO",4,0,"CAMPO LIMPO, ES DO 3400 SAO PAULO SP",-23.2019463,-46.785846
"9923","D051302020",11542,"NORDESTINA, AV",NA,"",4706,"","26/05/2013 01:03",2,"QM",67,6508," "," ",0,1,0,0,0,0,0,0,0,0,0,0,0,0,0,0,0,11542,"NORDESTINA, AV",NA,"",76,"SAO MIGUEL",2,0,"NORDESTINA, AV 4706 SAO PAULO SP",-23.519458,-46.42012
"9924","D051300915",8483,"GUILHERME DUMONT VILARES, AV DR",8000,"GIOVANNI GRONCHI, AV",0,"","26/05/2013 02:31",2,"CT",89,4673," "," ",1,1,0,0,0,0,0,0,0,0,0,0,0,0,0,0,0,8000,"GIOVANNI GRONCHI, AV",8483,"GUILHERME DUMONT VILARES, AV DR",85,"VILA ANDRADE",1,0,"GUILHERME DUMONT VILARES, AV DR SAO PAULO SP &  GIOVANNI GRONCHI, AV SAO PAULO SP",-23.6206538,-46.7398092
"9925","D051300168",6642,"ESTADO, AV DO",14213,"MOOCA, RUA DA",0,"","26/05/2013 02:38",2,"CH",8,3159," "," ",1,0,0,0,0,0,0,0,0,0,0,0,0,0,0,0,0,6642,"ESTADO, AV DO",7122,"FIGUEIRA, RUA DA",14,"CAMBUCI",1,0,"ESTADO, AV DO SAO PAULO SP &  MOOCA, RUA DA SAO PAULO SP",-23.5635869,-46.6112253
"9926","D051300448",5618,"CURSINO, AV DO",NA,"",3490,"","26/05/2013 03:51",2,"CH",83,4627,"C"," ",1,0,0,0,0,0,0,0,0,0,0,0,0,0,0,0,0,5618,"CURSINO, AV DO",NA,"",27,"CURSINO",1,0,"CURSINO, AV DO 3490 SAO PAULO SP",-23.6319559,-46.6171476
"9927","D051301431",2181,"ARICANDUVA, AV",12612,"MANILHA, RUA",0,"","26/05/2013 04:30",2,"CO",21,5970,"B"," ",2,0,0,0,0,0,0,0,0,0,0,0,0,0,0,0,0,2181,"ARICANDUVA, AV",2440,"ASTARTE, RUA",20,"CARRAO",2,0,"ARICANDUVA, AV SAO PAULO SP &  MANILHA, RUA SAO PAULO SP",-23.5479783,-46.5260893
"9928","D051301301",15425,"CANTIDIO SAMPAIO, AV DEP",NA,"",1725,"","26/05/2013 04:30",2,"CO",72,4803,"B"," ",1,1,0,0,0,0,0,0,0,0,0,0,0,0,0,0,0,15425,"CANTIDIO SAMPAIO, AV DEP",NA,"",41,"JARAGUA",2,0,"CANTIDIO SAMPAIO, AV DEP 1725 SAO PAULO SP",-23.4637333,-46.681073
"9931","D051300463",11562,"LAGRIMAS, ES DAS",NA,"",1207,"","26/05/2013 08:20",2,"CL",95,4634," "," ",1,1,0,0,0,0,0,0,0,0,0,0,0,0,0,0,0,11562,"LAGRIMAS, ES DAS",NA,"",69,"SACOMA",1,0,"LAGRIMAS, ES DAS 1207 SAO PAULO SP",-23.5505199,-46.6333094
"9932","D051301342",69792,"ENCRUZILHADA DO SUL, RUA",NA,"",506,"","26/05/2013 10:00",2,"CO",74,4840," "," ",2,0,0,0,0,0,0,0,0,0,0,0,0,0,0,0,0,69792,"ENCRUZILHADA DO SUL, RUA",NA,"",40,"JAGUARE",1,0,"ENCRUZILHADA DO SUL, RUA 506 SAO PAULO SP",-23.4612738,-46.704959
"9933","D051301969",9084,"IMPERADOR, ES DO",NA,"",5824,"","26/05/2013 10:53",2,"CH",63,4294," "," ",0,1,0,0,0,0,0,0,0,0,0,0,0,0,0,0,0,9084,"IMPERADOR, ES DO",NA,"",89,"VILA JACUI",1,0,"IMPERADOR, ES DO 5824 SAO PAULO SP",-23.5505199,-46.6333094
"9934","D051301208",6186,"EDGAR SALES, RUA",12026,"LOURENCO DO SUL, RUA S",0,"","26/05/2013 11:20",2,"CO",38,4811," "," ",0,1,0,0,1,0,0,0,0,0,0,0,0,0,0,0,0,6186,"EDGAR SALES, RUA",12026,"LOURENCO DO SUL, RUA S",13,"CACHOEIRINHA",2,0,"EDGAR SALES, RUA SAO PAULO SP &  LOURENCO DO SUL, RUA S SAO PAULO SP",-23.461498,-46.6512472
"9935","D051300375",8944,"IBIRAPUERA, AV",9880,"JAMARIS, AV",0,"","26/05/2013 11:50",4,"AT",27,5563," "," ",0,0,0,0,0,0,0,1,0,0,0,0,0,0,0,0,0,8944,"IBIRAPUERA, AV",11648,"LAVANDISCA, AV",53,"MOEMA",1,0,"IBIRAPUERA, AV SAO PAULO SP &  JAMARIS, AV SAO PAULO SP",-23.6014353,-46.6601288
"9936","D051302172",17824,"SAPOPEMBA, AV",NA,"",27000,"","26/05/2013 13:00",2,"CO",55,7299," "," ",1,1,0,0,0,0,0,0,0,0,0,0,0,0,0,0,0,17824,"SAPOPEMBA, AV",NA,"",33,"IPIRANGA",1,0,"SAPOPEMBA, AV 27000 SAO PAULO SP",-23.6228321,-46.4438559
"9937","D051300505",12193,"LUIS CARLOS BERRINI, AV ENG",NA,"",550,"","26/05/2013 13:30",2,"CO",96,5565," "," ",1,1,0,0,0,0,0,0,0,0,0,0,0,0,0,0,0,12193,"LUIS CARLOS BERRINI, AV ENG",NA,"",34,"ITAIM BIBI",1,0,"LUIS CARLOS BERRINI, AV ENG 550 SAO PAULO SP",-23.6015001,-46.6916055
"9938","D051301493",59616,"BELCHIOR, PCA",NA,"",377,"","26/05/2013 13:54",2,"CO",42,3501," "," ",1,1,0,0,0,0,0,0,0,0,0,0,0,0,0,0,0,59616,"BELCHIOR, PCA",NA,"",26,"CONSOLACAO",2,0,"BELCHIOR, PCA 377 SAO PAULO SP",-23.5994664,-46.5623551
"9939","D051300870",6816,"EUSEBIO DE PAULA MARCONDES, RUA",NA,"",626,"","26/05/2013 14:22",4,"AT",75,4653," "," ",1,0,0,0,0,0,0,0,0,0,0,0,0,0,0,0,0,6816,"EUSEBIO DE PAULA MARCONDES, RUA",NA,"",68,"RIO PEQUENO",1,0,"EUSEBIO DE PAULA MARCONDES, RUA 626 SAO PAULO SP",-23.5772569,-46.7760993
"9940","D051301209",15599,"PATIS, RUA DOS",NA,"",351,"","26/05/2013 14:30",4,"AT",38,4818," "," ",3,0,0,0,0,0,0,0,0,0,0,0,0,0,0,0,0,15599,"PATIS, RUA DOS",NA,"",13,"CACHOEIRINHA",1,0,"PATIS, RUA DOS 351 SAO PAULO SP",-23.4714413,-46.6611139
"9941","D051300775",74182,"CARDOSO MOREIRA, RUA",NA,"",799,"","26/05/2013 15:15",2,"CO",37,4658," "," ",1,1,0,0,0,0,0,0,0,0,0,0,0,0,0,0,0,74182,"CARDOSO MOREIRA, RUA",NA,"",29,"FREGUESIA DO O",1,0,"CARDOSO MOREIRA, RUA 799 SAO PAULO SP",-23.6283835,-46.7600564
"9942","D051300200",6642,"ESTADO, AV DO",14805,"ALBERTO LION, PCA",0,"","26/05/2013 15:20",2,"CT",8,4171," "," ",1,0,0,0,0,0,0,0,0,0,0,1,0,0,0,0,0,6642,"ESTADO, AV DO",14805,"ALBERTO LION, PCA",14,"CAMBUCI",1,0,"ESTADO, AV DO SAO PAULO SP &  ALBERTO LION, PCA SAO PAULO SP",-23.5635869,-46.6112253
"9943","D051300935",8406,"GUARIPE, RUA",NA,"",158,"","26/05/2013 15:30",4,"AT",91,3827," "," ",1,0,0,0,0,0,0,0,0,0,0,0,0,0,0,0,0,8406,"GUARIPE, RUA",NA,"",21,"CASA VERDE",1,0,"GUARIPE, RUA 158 SAO PAULO SP",-23.6203792,-46.6304373
"9945","D051302059",2666,"AZEREDO COUTINHO, AV DOM",NA,"",468,"","26/05/2013 15:32",2,"CL",41,5579," "," ",1,1,0,0,0,0,0,0,0,0,0,0,0,0,0,0,0,2666,"AZEREDO COUTINHO, AV DOM",NA,"",4,"ARICANDUVA",1,0,"AZEREDO COUTINHO, AV DOM 468 SAO PAULO SP",-23.5667872,-46.522319
"9946","D051301848",17820,"TITO, AV MAL",NA,"",1314,"","26/05/2013 15:56",4,"AT",22,4290," "," ",0,0,0,0,0,0,0,1,0,0,0,0,0,0,0,0,0,17820,"TITO, AV MAL",NA,"",53,"MOEMA",1,0,"TITO, AV MAL 1314 SAO PAULO SP",-23.4952084,-46.4336804
"9947","D051301247",8320,"GUAPIRA, AV",NA,"",1000,"","26/05/2013 16:20",2,"QD",39,5621," "," ",0,0,1,0,0,0,0,0,0,0,0,0,0,0,0,0,0,8320,"GUAPIRA, AV",NA,"",38,"JACANA",1,0,"GUAPIRA, AV 1000 SAO PAULO SP",-23.4762238,-46.5950165
"9948","D051301305",16051,"PENHA BRASIL, AV GAL",NA,"",2000,"","26/05/2013 16:30",2,"QD",72,4943," "," ",0,0,0,0,0,0,0,0,1,0,0,0,0,0,0,0,0,16051,"PENHA BRASIL, AV GAL",NA,"",48,"LAPA",1,0,"PENHA BRASIL, AV GAL 2000 SAO PAULO SP",-23.4585548,-46.6751172
"9949","D051301345",6361,"ELISIO TEIXEIRA LEITE, AV",NA,"",7500,"","26/05/2013 16:30",2,"CO",74,2281,"B"," ",1,1,0,0,0,0,0,0,0,0,0,0,0,0,0,0,0,6361,"ELISIO TEIXEIRA LEITE, AV",NA,"",29,"FREGUESIA DO O",1,0,"ELISIO TEIXEIRA LEITE, AV 7500 SAO PAULO SP",-23.4372298,-46.7174133
"9950","D051301747",13910,"MIGUEL CORREIA DE SANDE, RUA",NA,"",308,"","26/05/2013 16:45",4,"AT",92,6520," "," ",0,1,0,0,0,0,0,0,0,0,0,0,0,0,0,0,0,13910,"MIGUEL CORREIA DE SANDE, RUA",NA,"",32,"IGUATEMI",1,0,"MIGUEL CORREIA DE SANDE, RUA 308 SAO PAULO SP",-23.6702949,-46.7472254
"9951","D051302336",4053,"MARIO LOPES LEAO, AV",NA,"",200,"","26/05/2013 17:10",4,"AT",11,6070,"B"," ",0,0,1,0,0,0,0,0,0,0,0,0,0,0,0,0,0,4053,"MARIO LOPES LEAO, AV",NA,"",NA,"",0,1,"MARIO LOPES LEAO, AV 200 SAO PAULO SP",-23.6508251,-46.7083086