"","id_acidente","codloga","logradouroA","codlogb","logradouroB","alt_num","referencia","data","cod_acid","tipo_acidente","dp","numero_BO","sentido","pista","automovel","moto","onibus","caminhao","bicicleta","moto_taxi","onibus_fretado","onibus_urbano","microonibus","van","vuc","caminhonete","carreta","jipe","outros","sem_informacao","carroca","princ_a","paiA","princ_b","paiB","cod_distrito","distrito","vit_ferida","vit_morta","local","lat","lon"
"9952","D051302073",69719,"BENTO SOARES MOTA, RUA",NA,"",190,"","26/05/2013 17:30",2,"CO",44,3743," "," ",1,1,0,0,0,0,0,0,0,0,0,0,0,0,0,0,0,69719,"BENTO SOARES MOTA, RUA",NA,"",31,"GUAIANASES",1,0,"BENTO SOARES MOTA, RUA 190 SAO PAULO SP",-23.559411,-46.4106456
"9953","D051301210",33642,"MASAO WATANABE, AV",64137,"FRANCISCO MACHADO DA SILVA, AV",0,"","26/05/2013 17:30",2,"CL",38,4830," "," ",1,1,0,0,0,0,0,0,0,0,0,0,0,0,0,0,0,33642,"MASAO WATANABE, AV",64137,"FRANCISCO MACHADO DA SILVA, AV",13,"CACHOEIRINHA",1,0,"MASAO WATANABE, AV SAO PAULO SP &  FRANCISCO MACHADO DA SILVA, AV SAO PAULO SP",-23.4622425,-46.6663518
"9954","D051301666",9529,"ITAPECERICA, ES DE",NA,"",23800,"","26/05/2013 17:50",2,"CL",47,6522,"C"," ",2,0,0,0,0,0,0,0,0,0,0,0,0,0,0,0,0,9529,"ITAPECERICA, ES DE",NA,"",29,"FREGUESIA DO O",2,0,"ITAPECERICA, ES DE 23800 SAO PAULO SP",-23.5505199,-46.6333094
"9955","D051300450",4380,"GIOVANNI DA CONEGLIANO, RUA",NA,"",1539,"","26/05/2013 19:23",2,"CO",83,4653," "," ",2,1,0,0,0,0,0,0,0,0,0,0,0,0,0,0,0,4380,"GIOVANNI DA CONEGLIANO, RUA",NA,"",69,"SACOMA",1,0,"GIOVANNI DA CONEGLIANO, RUA 1539 SAO PAULO SP",-23.6508273,-46.5979494
"9957","D051301948",13881,"MIGUEL, AV S",NA,"",4537,"","26/05/2013 19:45",2,"CH",62,5701," "," ",0,0,1,0,0,0,0,0,0,0,0,0,0,0,0,0,0,13881,"MIGUEL, AV S",NA,"",65,"PONTE RASA",1,0,"MIGUEL, AV S 4537 SAO PAULO SP",-23.5073491,-46.4895871
"9958","D051301011",8466,"GUILHERME, AV",16759,"QUIRINO, RUA S",0,"","26/05/2013 19:50",2,"CO",9,4898,"C"," ",1,1,0,0,0,0,0,0,0,0,0,0,0,0,0,1,0,8466,"GUILHERME, AV",16759,"QUIRINO, RUA S",88,"VILA GUILHERME",1,0,"GUILHERME, AV SAO PAULO SP &  QUIRINO, RUA S SAO PAULO SP",-23.5148697,-46.6037158
"9961","D051302297",36045,"MARCILAC, ES ENG",NA,"",3068,"","26/05/2013 21:01",2,"CF",101,4027,"C"," ",1,1,0,0,0,0,0,0,0,0,0,0,0,0,0,0,0,36045,"MARCILAC, ES ENG",NA,"",76,"SAO MIGUEL",0,1,"MARCILAC, ES ENG 3068 SAO PAULO SP",-23.5505199,-46.6333094
"9962","D051301606",9220,"INTERLAGOS, AV",NA,"",1000,"","26/05/2013 21:20",2,"CO",11,6076," "," ",0,1,0,0,0,0,0,1,0,0,0,0,0,0,0,0,0,9220,"INTERLAGOS, AV",NA,"",16,"CAMPO GRANDE",2,0,"INTERLAGOS, AV 1000 SAO PAULO SP",-23.6536678,-46.6799757
"9963","D051301248",8320,"GUAPIRA, AV",NA,"",1963,"","26/05/2013 22:00",4,"AT",39,5634," "," ",1,0,0,0,0,0,0,0,0,0,0,0,0,0,0,0,0,8320,"GUAPIRA, AV",NA,"",38,"JACANA",1,0,"GUAPIRA, AV 1963 SAO PAULO SP",-23.4719177,-46.5876479
"9964","D051301995",3994,"CAMPANELLA, AV",NA,"",696,"","26/05/2013 22:11",2,"CO",64,5702," "," ",1,1,0,0,0,0,0,0,0,0,0,0,0,0,0,0,0,3994,"CAMPANELLA, AV",NA,"",36,"ITAQUERA",1,0,"CAMPANELLA, AV 696 SAO PAULO SP",-23.5361729,-46.4678379
"9965","D051302300",38494,"FUNCIONARIOS PUBLICOS, AV DOS",NA,"",110,"","26/05/2013 22:15",4,"AT",11,6168," "," ",1,0,0,0,0,0,0,0,0,0,0,0,0,0,0,0,0,38494,"FUNCIONARIOS PUBLICOS, AV DOS",NA,"",NA,"",1,1,"FUNCIONARIOS PUBLICOS, AV DOS 110 SAO PAULO SP",-23.7318594,-46.7853956
"9966","D051302266",13088,"BANDEIRANTES DO SUL, AV",NA,"",1003,"","26/05/2013 22:30",4,"AT",20,4901," "," ",1,0,0,0,0,0,0,0,0,0,0,0,0,0,0,0,0,13088,"BANDEIRANTES DO SUL, AV",NA,"",94,"VILA MEDEIROS",0,1,"BANDEIRANTES DO SUL, AV 1003 SAO PAULO SP",-23.5114682,-46.5758101
"9967","D051300580",14447,"NAZARE PAULISTA, RUA",NA,"",522,"","26/05/2013 22:40",2,"CH",14,5359," "," ",0,1,0,0,0,0,0,0,0,0,0,0,0,0,0,0,0,14447,"NAZARE PAULISTA, RUA",NA,"",2,"ALTO DE PINHEIR",1,0,"NAZARE PAULISTA, RUA 522 SAO PAULO SP",-23.5450838,-46.6975123
"9968","D051301211",277,"AFONSO LOPES VIEIRA, RUA",78227,"ARAUJO CASTRO, RUA DR",0,"","26/05/2013 22:50",2,"CO",38,4835," "," ",2,0,0,0,0,0,0,0,0,0,0,0,0,0,0,0,0,277,"AFONSO LOPES VIEIRA, RUA",78227,"ARAUJO CASTRO, RUA DR",NA,"",2,0,"AFONSO LOPES VIEIRA, RUA SAO PAULO SP &  ARAUJO CASTRO, RUA DR SAO PAULO SP",-23.464584,-46.6646161
"9969","D051300654",4248,"CARDOSO DE ALMEIDA, RUA",19927,"VANDERLEI, RUA",0,"","26/05/2013 23:00",2,"CO",23,3837," "," ",1,1,0,0,0,0,0,0,0,0,0,0,0,0,0,0,0,4248,"CARDOSO DE ALMEIDA, RUA",19927,"VANDERLEI, RUA",61,"PERDIZES",1,0,"CARDOSO DE ALMEIDA, RUA SAO PAULO SP &  VANDERLEI, RUA SAO PAULO SP",-23.548295,-46.6740951
"9970","D051300376",19100,"BANDEIRANTES, AV DOS",NA,"",2056,"","26/05/2013 23:25",2,"CT",27,5578," "," ",1,0,0,0,0,0,0,0,0,0,0,0,0,0,1,0,0,19100,"BANDEIRANTES, AV DOS",NA,"",24,"CIDADE LIDER",1,0,"BANDEIRANTES, AV DOS 2056 SAO PAULO SP",-23.608054,-46.677712
"9971","D051302153",34500,"IGUATEMI, AV",NA,"",1964,"","26/05/2013 23:26",2,"CO",54,7323," "," ",1,0,1,0,0,0,0,0,0,0,0,0,0,0,0,0,0,34500,"IGUATEMI, AV",NA,"",50,"LIMAO",1,0,"IGUATEMI, AV 1964 SAO PAULO SP",-23.590516,-46.4166332
"9972","D051300138",1521,"ANTONIO, RUA STO",NA,"",820,"","27/05/2013 00:02",2,"CT",5,4499," "," ",1,1,0,0,0,0,0,0,0,0,0,0,0,0,0,0,0,1521,"ANTONIO, RUA STO",NA,"",67,"REPUBLICA",1,0,"ANTONIO, RUA STO 820 SAO PAULO SP",-23.5523094,-46.6461269
"9973","D051301607",19844,"VITOR MANZINI, AV",NA,"",200,"","27/05/2013 02:40",2,"CF",11,6079," "," ",1,1,0,0,0,0,0,0,0,0,0,0,0,0,0,0,0,19844,"VITOR MANZINI, AV",NA,"",29,"FREGUESIA DO O",1,0,"VITOR MANZINI, AV 200 SAO PAULO SP",-23.6627497,-46.7072436
"9974","D051301667",29896,"PIRAJUSSARA-VALO VELHO, ES",NA,"",402,"","27/05/2013 04:38",2,"CO",47,6533," "," ",2,0,0,0,0,0,0,0,0,0,0,0,0,0,0,0,0,29896,"PIRAJUSSARA-VALO VELHO, ES",NA,"",29,"FREGUESIA DO O",1,0,"PIRAJUSSARA-VALO VELHO, ES 402 SAO PAULO SP",-23.5505199,-46.6333094
"9975","D051301911",17820,"TITO, AV MAL",NA,"",4200,"","27/05/2013 04:50",4,"AT",50,6568," "," ",0,1,0,0,0,0,0,0,0,0,0,0,0,0,0,0,0,17820,"TITO, AV MAL",NA,"",53,"MOEMA",2,0,"TITO, AV MAL 4200 SAO PAULO SP",-23.4961169,-46.4027721
"9976","D051301471",18067,"SERRA DE BOTUCATU, RUA",1657,"ANTONIO DE BARROS, RUA",0,"","27/05/2013 05:45",2,"QD",30,3235," "," ",0,0,1,0,0,0,0,0,0,0,0,0,0,0,0,0,0,1657,"ANTONIO DE BARROS, RUA",18067,"SERRA DE BOTUCATU, RUA",82,"TATUAPE",1,0,"SERRA DE BOTUCATU, RUA SAO PAULO SP &  ANTONIO DE BARROS, RUA SAO PAULO SP",-23.5406817,-46.552644
"9977","D051300996",5567,"CRUZEIRO DO SUL, AV",NA,"",2363,"","27/05/2013 06:15",4,"AT",9,2989," "," ",0,1,0,0,0,0,0,0,0,0,0,0,0,0,0,0,0,5567,"CRUZEIRO DO SUL, AV",NA,"",5,"ARTUR ALVIM",1,0,"CRUZEIRO DO SUL, AV 2363 SAO PAULO SP",-23.5103876,-46.6252361
"9978","D051301824",12751,"OLIVIA GUEDES PENTEADO, RUA",NA,"",387,"","27/05/2013 06:15",2,"CO",102,1473," "," ",1,1,0,0,0,0,0,0,0,0,0,0,0,0,0,0,0,12751,"OLIVIA GUEDES PENTEADO, RUA",NA,"",81,"SOCORRO",1,0,"OLIVIA GUEDES PENTEADO, RUA 387 SAO PAULO SP",-23.6706703,-46.7109266
"9979","D051301544",4736,"CELSO GARCIA, AV",NA,"",1638,"","27/05/2013 06:20",2,"CO",81,1512," "," ",1,0,0,0,1,0,0,0,0,0,0,0,0,0,0,0,0,4736,"CELSO GARCIA, AV",NA,"",82,"TATUAPE",1,0,"CELSO GARCIA, AV 1638 SAO PAULO SP",-23.5376723,-46.5965089
"9980","D051301055",17799,"SANTOS DUMONT, AV",15937,"PEDRO LEON SCHNEIDER, AV GAL",0,"","27/05/2013 06:38",2,"CL",13,5887,"C"," ",0,1,0,0,0,0,0,0,0,0,0,0,0,0,0,0,0,15937,"PEDRO LEON SCHNEIDER, AV GAL",17799,"SANTOS DUMONT, AV",71,"SANTANA",1,0,"SANTOS DUMONT, AV SAO PAULO SP &  PEDRO LEON SCHNEIDER, AV GAL SAO PAULO SP",-23.5257861,-46.6307889
"9981","D051300793",16838,"RAIMUNDO PEREIRA DE MAGAL., AV",NA,"",16000,"","27/05/2013 07:00",2,"CO",46,2459,"C"," ",1,1,0,0,0,0,0,0,0,0,0,0,0,0,0,0,0,16838,"RAIMUNDO PEREIRA DE MAGAL., AV",NA,"",31,"GUAIANASES",1,0,"RAIMUNDO PEREIRA DE MAGAL., AV 16000 SAO PAULO SP",-23.4065284,-46.734975
"9982","D051300880",16838,"RAIMUNDO PEREIRA DE MAGAL., AV",NA,"",7800,"","27/05/2013 07:05",2,"CH",87,2678," "," ",1,0,0,0,0,0,0,0,0,0,0,0,0,0,0,0,0,16838,"RAIMUNDO PEREIRA DE MAGAL., AV",NA,"",31,"GUAIANASES",3,0,"RAIMUNDO PEREIRA DE MAGAL., AV 7800 SAO PAULO SP",-23.4677172,-46.7245328
"9983","D051300080",2595,"AURORA, RUA",11883,"LIMEIRA, AL BR DE",0,"","27/05/2013 07:13",2,"CL",3,4256," "," ",2,0,0,0,0,0,0,0,0,0,0,0,0,0,0,0,0,10101,"JOAO, AV S",11883,"LIMEIRA, AL BR DE",67,"REPUBLICA",1,0,"AURORA, RUA SAO PAULO SP &  LIMEIRA, AL BR DE SAO PAULO SP",-23.5379264,-46.6370191
"9984","D051300964",19092,"TORRES DE OLIVEIRA, AV",NA,"",330,"","27/05/2013 07:20",2,"CO",93,3360," "," ",0,1,0,0,0,0,0,0,1,0,0,0,0,0,0,0,0,19092,"TORRES DE OLIVEIRA, AV",NA,"",13,"CACHOEIRINHA",2,0,"TORRES DE OLIVEIRA, AV 330 SAO PAULO SP",-23.5519186,-46.7358817
"9985","D051301619",36045,"MARCILAC, ES ENG",NA,"",3068,"","27/05/2013 07:30",2,"CO",25,1380," "," ",1,1,0,0,0,0,0,0,0,0,0,0,0,0,0,0,0,36045,"MARCILAC, ES ENG",NA,"",76,"SAO MIGUEL",2,0,"MARCILAC, ES ENG 3068 SAO PAULO SP",-23.5505199,-46.6333094
"9986","D051301696",12977,"MARFIM, RUA",NA,"",377,"","27/05/2013 07:30",4,"AT",80,1920," "," ",1,0,0,0,0,0,0,0,0,0,0,0,0,0,0,0,0,12977,"MARFIM, RUA",NA,"",16,"CAMPO GRANDE",1,0,"MARFIM, RUA 377 SAO PAULO SP",-23.6839234,-46.6774847
"9987","D051300226",4561,"CASTELO BRANCO, AV PRES",6984,"FELISBERTO DE CARVALHO, RUA",0,"","27/05/2013 07:50",2,"QM",12,2893," "," ",0,1,0,0,0,0,0,0,0,0,0,0,0,0,0,0,0,4561,"CASTELO BRANCO, AV PRES",6984,"FELISBERTO DE CARVALHO, RUA",NA,"",1,0,"CASTELO BRANCO, AV PRES SAO PAULO SP &  FELISBERTO DE CARVALHO, RUA SAO PAULO SP",-23.5216047,-46.6390428
"9988","D051301474",34122,"MELO FREIRE, RUA",1657,"ANTONIO DE BARROS, RUA",0,"","27/05/2013 08:00",2,"CT",30,4602," "," ",1,1,0,0,0,0,0,0,0,0,0,0,0,0,0,0,0,1657,"ANTONIO DE BARROS, RUA",34122,"MELO FREIRE, RUA",82,"TATUAPE",1,0,"MELO FREIRE, RUA SAO PAULO SP &  ANTONIO DE BARROS, RUA SAO PAULO SP",-23.5391715,-46.5695321
"9989","D051301733",13357,"MARIA COELHO AGUIAR, AV",NA,"",1226,"","27/05/2013 08:00",2,"CO",92,3283," "," ",2,1,0,0,0,0,0,0,0,0,0,0,0,0,0,0,0,13357,"MARIA COELHO AGUIAR, AV",NA,"",45,"JARDIM SAO LUIS",1,0,"MARIA COELHO AGUIAR, AV 1226 SAO PAULO SP",-23.6547901,-46.7358108
"9990","D051300486",12362,"LUISIANIA, RUA",NA,"",416,"","27/05/2013 08:30",2,"CH",96,2536," "," ",2,0,0,0,0,0,0,0,0,0,0,0,0,0,0,0,0,12362,"LUISIANIA, RUA",NA,"",34,"ITAIM BIBI",1,0,"LUISIANIA, RUA 416 SAO PAULO SP",-23.6095355,-46.6808472
"9991","D051300024",11824,"LIBERO BADARO, RUA",4831,"CHA, VD DO",0,"","27/05/2013 08:40",2,"CT",1,4246," "," ",1,1,0,0,0,0,0,0,0,0,0,0,0,0,0,0,0,6889,"FALCAO FILHO, RUA DR",11824,"LIBERO BADARO, RUA",80,"SE",1,0,"LIBERO BADARO, RUA SAO PAULO SP &  CHA, VD DO SAO PAULO SP",-23.5491121,-46.6374832
"9993","D051301795",12403,"M'BOI MIRIM, ES",NA,"",5000,"","27/05/2013 09:21",2,"CT",100,2752," "," ",0,1,0,0,0,0,0,1,0,0,0,1,0,0,0,0,0,12403,"M'BOI MIRIM, ES",NA,"",42,"JARDIM ANGELA",1,0,"M'BOI MIRIM, ES 5000 SAO PAULO SP",-23.5505199,-46.6333094
"9994","D051300997",6110,"DUARTE DE AZEVEDO, RUA",NA,"",550,"","27/05/2013 10:00",2,"CO",9,3016," "," ",1,1,0,0,0,0,0,0,0,0,0,0,0,0,0,0,0,6110,"DUARTE DE AZEVEDO, RUA",NA,"",71,"SANTANA",1,0,"DUARTE DE AZEVEDO, RUA 550 SAO PAULO SP",-23.501054,-46.6205588
"9995","D051302267",12436,"MACEDO SOARES, AV EMB",NA,"",350,"","27/05/2013 10:00",2,"QM",91,3847," "," ",0,1,0,1,0,0,0,0,0,0,0,0,0,0,0,0,0,29772,"MARGINAL DO RIO TIETE, AV",NA,"",48,"LAPA",0,1,"MACEDO SOARES, AV EMB 350 SAO PAULO SP",-23.5128748,-46.7220258
"9996","D051301884",63908,"DAMASCO, RUA",NA,"",454,"","27/05/2013 10:00",2,"CH",32,3063," "," ",0,0,0,0,0,0,0,1,0,0,0,0,0,0,0,0,0,63908,"DAMASCO, RUA",NA,"",29,"FREGUESIA DO O",1,0,"DAMASCO, RUA 454 SAO PAULO SP",-23.6779244,-46.7737074
"9997","D051301331",12307,"LUIS STAMATIS, AV",NA,"",356,"","27/05/2013 10:30",2,"CO",73,5646," "," ",1,1,0,0,0,0,0,0,0,0,0,0,0,0,0,0,0,12307,"LUIS STAMATIS, AV",NA,"",38,"JACANA",1,0,"LUIS STAMATIS, AV 356 SAO PAULO SP",-23.4681727,-46.5817204
"9999","D051301526",19163,"TRILHOS, RUA DOS",19018,"TOBIAS BARRETO, RUA",0,"","27/05/2013 11:55",2,"SI",57,2147," "," ",0,1,0,0,0,0,0,0,0,0,0,1,0,0,0,0,0,19018,"TOBIAS BARRETO, RUA",19163,"TRILHOS, RUA DOS",NA,"",1,0,"TRILHOS, RUA DOS SAO PAULO SP &  TOBIAS BARRETO, RUA SAO PAULO SP",-23.5548552,-46.5928758
"10000","D051301135",2563,"AUGUSTO TOLLE, RUA",NA,"",933,"","27/05/2013 12:00",4,"AT",20,5897," "," ",1,0,0,0,0,0,0,0,0,0,0,0,0,0,0,0,0,2563,"AUGUSTO TOLLE, RUA",NA,"",8,"BELEM",1,0,"AUGUSTO TOLLE, RUA 933 SAO PAULO SP",-23.4854003,-46.6334384
"10001","D051300965",99137,"LINEU PRESTES (C.UNIVERS.), AV PROF",NA,"",2227,"","27/05/2013 12:30",2,"SI",93,3368," "," ",1,1,0,0,0,0,0,0,0,0,0,0,0,0,0,0,0,99137,"LINEU PRESTES (C.UNIVERS.), AV PROF",NA,"",2,"ALTO DE PINHEIR",1,0,"LINEU PRESTES (C.UNIVERS.), AV PROF 2227 SAO PAULO SP",-23.5538878,-46.7298014
"10002","D051301775",14743,"SABARA, AV NSRA DO",NA,"",5051,"","27/05/2013 12:40",2,"CO",99,2264," "," ",1,1,0,0,0,0,0,0,0,0,0,0,0,0,0,0,0,14743,"SABARA, AV NSRA DO",NA,"",16,"CAMPO GRANDE",2,0,"SABARA, AV NSRA DO 5051 SAO PAULO SP",-23.5505199,-46.6333094
"10003","D051302133",7320,"FRANCA VELHO, RUA",NA,"",25,"","27/05/2013 13:00",4,"AT",53,3758," "," ",1,0,0,0,0,0,0,0,0,0,0,0,0,0,0,0,0,7320,"FRANCA VELHO, RUA",NA,"",58,"PARQUE DO CARMO",1,0,"FRANCA VELHO, RUA 25 SAO PAULO SP",-23.5573825,-46.4513864
"10004","D051300581",5885,"DIOGENES RIBEIRO DE LIMA, AV",9862,"JAIME FONSECA RODRIGUES, RUA ARQ",0,"","27/05/2013 14:30",2,"CO",14,5373," "," ",0,1,0,0,0,0,0,0,0,0,0,1,0,0,0,0,0,5885,"DIOGENES RIBEIRO DE LIMA, AV",9862,"JAIME FONSECA RODRIGUES, RUA ARQ",2,"ALTO DE PINHEIR",1,0,"DIOGENES RIBEIRO DE LIMA, AV SAO PAULO SP &  JAIME FONSECA RODRIGUES, RUA ARQ SAO PAULO SP",-23.5335586,-46.7188173
"10005","D051300936",16726,"QUEIROZ FILHO, AV",NA,"",1700,"","27/05/2013 15:15",2,"QM",91,3856," "," ",0,1,0,0,0,0,0,0,0,0,0,0,0,0,0,0,0,16726,"QUEIROZ FILHO, AV",NA,"",14,"CAMBUCI",1,0,"QUEIROZ FILHO, AV 1700 SAO PAULO SP",-23.544498,-46.7335097
"10006","D051300860",16878,"RAPOSO TAVARES, VIA",NA,"",18000,"","27/05/2013 16:00",2,"QM",75,1875," "," ",0,1,0,0,0,0,0,0,0,0,0,0,0,0,0,0,0,16878,"RAPOSO TAVARES, VIA",NA,"",13,"CACHOEIRINHA",1,0,"RAPOSO TAVARES, VIA 18000 SAO PAULO SP",-23.5138709,-48.5061497
"10008","D051300811",46890,"ALEXIOS JAFET (ESTR.CAMPINAS), AV",NA,"",63,"","27/05/2013 16:20",2,"CH",46,5023," "," ",1,0,0,0,0,0,0,0,0,0,0,0,0,0,0,0,0,46890,"ALEXIOS JAFET (ESTR.CAMPINAS), AV",NA,"",41,"JARAGUA",2,0,"ALEXIOS JAFET (ESTR.CAMPINAS), AV 63 SAO PAULO SP",-23.5629769,-46.6503446
"10010","D051300026",16870,"RANGEL PESTANA, AV",15984,"PEDRO II, PQ DOM",0,"","27/05/2013 16:27",4,"AT",1,4282," "," ",0,1,0,0,0,0,0,0,0,0,0,0,0,0,0,0,0,15984,"PEDRO II, PQ DOM",16870,"RANGEL PESTANA, AV",74,"SAO LUCAS",1,0,"RANGEL PESTANA, AV SAO PAULO SP &  PEDRO II, PQ DOM SAO PAULO SP",-23.5447812,-46.6196928
"10011","D051300451",13915,"MIGUEL ESTEFANO, AV",NA,"",5500,"","27/05/2013 16:50",2,"CF",83,4690," "," ",1,0,0,0,0,0,0,1,0,0,0,0,0,0,0,0,0,13915,"MIGUEL ESTEFANO, AV",NA,"",27,"CURSINO",2,0,"MIGUEL ESTEFANO, AV 5500 SAO PAULO SP",-23.6569661,-46.6166637
"10012","D051301853",9632,"ITINGUCU, RUA",NA,"",2782,"","27/05/2013 16:50",2,"CO",24,4475," "," ",2,0,0,0,0,0,0,0,0,0,0,0,0,0,0,0,0,9632,"ITINGUCU, RUA",NA,"",60,"PENHA",1,0,"ITINGUCU, RUA 2782 SAO PAULO SP",-23.5346027,-46.4915733
"10013","D051302027",10988,"JOSE GRAVONSKY, RUA DR",NA,"",360,"","27/05/2013 18:00",4,"AT",68,1588," "," ",1,0,0,0,0,0,0,0,0,0,0,0,0,0,0,0,0,10988,"JOSE GRAVONSKY, RUA DR",NA,"",47,"LAJEADO",1,0,"JOSE GRAVONSKY, RUA DR 360 SAO PAULO SP",-23.5505199,-46.6333094
"10014","D051301643",5606,"CUPECE, AV",NA,"",4019,"","27/05/2013 18:00",4,"AT",43,5654," "," ",0,1,0,0,0,0,0,0,0,0,0,0,0,0,0,0,0,5606,"CUPECE, AV",NA,"",22,"CIDADE ADEMAR",1,0,"CUPECE, AV 4019 SAO PAULO SP",-23.6706041,-46.6471315
"10015","D051302239",34273,"MORAIS COSTA, AV",NA,"",767,"","27/05/2013 18:00",2,"CO",70,5638," "," ",2,0,0,0,0,0,0,0,0,0,0,0,0,0,0,0,0,34273,"MORAIS COSTA, AV",NA,"",56,"PARELHEIROS",2,0,"MORAIS COSTA, AV 767 SAO PAULO SP",-23.6093404,-46.532479
"10016","D051300072",4659,"CAXIAS, AV DUQ DE",16321,"PIRACICABA, AL BR DE",0,"","27/05/2013 18:15",2,"SI",3,3205," "," ",1,1,0,0,0,0,0,0,0,0,0,0,0,0,0,0,0,4659,"CAXIAS, AV DUQ DE",16321,"PIRACICABA, AL BR DE",67,"REPUBLICA",1,0,"CAXIAS, AV DUQ DE SAO PAULO SP &  PIRACICABA, AL BR DE SAO PAULO SP",-23.5505199,-46.6333094
"10017","D051300794",65051,"FRANCISCO DA CUNHA MENEZES, RUA",NA,"",120,"","27/05/2013 18:30",4,"AT",46,2484," "," ",1,0,0,0,0,0,0,0,0,0,0,0,0,0,0,0,0,65051,"FRANCISCO DA CUNHA MENEZES, RUA",NA,"",52,"MARSILAC",2,0,"FRANCISCO DA CUNHA MENEZES, RUA 120 SAO PAULO SP",-23.4461313,-46.7436427
"10018","D051301056",3637,"BRAZ LEME, AV",NA,"",1500,"","27/05/2013 19:00",4,"AA",13,5920,"B"," ",0,1,0,0,0,0,0,0,0,0,0,0,0,0,0,0,0,3637,"BRAZ LEME, AV",NA,"",21,"CASA VERDE",1,0,"BRAZ LEME, AV 1500 SAO PAULO SP",-23.5069197,-46.645606
"10019","D051300203",543,"ALCANTARA MACHADO, AV",3653,"BRESSER, RUA",0,"","27/05/2013 19:01",2,"CH",8,4191," "," ",1,0,0,0,0,0,0,0,0,0,0,0,0,0,0,0,0,543,"ALCANTARA MACHADO, AV",3653,"BRESSER, RUA",54,"MOOCA",1,0,"ALCANTARA MACHADO, AV SAO PAULO SP &  BRESSER, RUA SAO PAULO SP",-23.5528151,-46.613419
"10020","D051302238",22002,"FREDERICO M. DA COSTA CARVALHO, AV DR",NA,"",320,"","27/05/2013 19:30",4,"AT",70,5636," "," ",0,0,1,0,0,0,0,0,0,0,0,0,0,0,0,0,0,22002,"FREDERICO M. DA COSTA CARVALHO, AV DR",NA,"",56,"PARELHEIROS",1,0,"FREDERICO M. DA COSTA CARVALHO, AV DR 320 SAO PAULO SP",-23.6055564,-46.512104
"10021","D051300201",11492,"KENNEDY, PCA PRES",NA,"",20,"","27/05/2013 19:55",2,"CO",8,4187," "," ",1,1,0,0,0,0,0,0,0,0,0,0,0,0,0,0,0,11492,"KENNEDY, PCA PRES",NA,"",54,"MOOCA",1,0,"KENNEDY, PCA PRES 20 SAO PAULO SP",-23.5216784,-46.7812004
"10023","D051301268",6450,"EMILIO CARLOS, AV DEP",NA,"",3500,"","27/05/2013 20:05",2,"CT",40,5925," "," ",2,0,0,0,0,0,0,0,0,0,0,0,0,0,0,0,0,6450,"EMILIO CARLOS, AV DEP",NA,"",50,"LIMAO",1,0,"EMILIO CARLOS, AV DEP 3500 SAO PAULO SP",-23.4798639,-46.6729634
"10024","D051301608",3203,"BENTA VIEIRA, PCA DONA",9384,"ISABEL SCHMIDT, RUA",0,"","27/05/2013 20:15",4,"AT",11,6144," "," ",1,0,0,0,0,0,0,0,0,0,0,0,0,0,0,0,0,3203,"BENTA VIEIRA, PCA DONA",9384,"ISABEL SCHMIDT, RUA",72,"SANTO AMARO",1,0,"BENTA VIEIRA, PCA DONA SAO PAULO SP &  ISABEL SCHMIDT, RUA SAO PAULO SP",-23.6500459,-46.7056841
"10025","D051301285",11665,"LAZARO AMANCIO DE BARROS, ES",NA,"",87,"","27/05/2013 20:20",4,"AT",45,4869," "," ",1,0,0,0,0,0,0,0,0,0,0,0,0,0,0,0,0,11665,"LAZARO AMANCIO DE BARROS, ES",NA,"",11,"BRASILANDIA",1,0,"LAZARO AMANCIO DE BARROS, ES 87 SAO PAULO SP",-23.5505199,-46.6333094
"10027","D051301503",27094,"SALIM FARAH MALUF, AV",NA,"",217,"","27/05/2013 23:48",4,"AT",52,6025," "," ",0,0,0,0,0,0,0,0,0,0,0,0,0,0,0,1,0,27094,"SALIM FARAH MALUF, AV",NA,"",82,"TATUAPE",1,0,"SALIM FARAH MALUF, AV 217 SAO PAULO SP",-23.5306967,-46.5834713
"10028","D051301166",17171,"RIO VERDE, RUA",21926,"HERMENEGILDO DE BARROS, RUA MIN",0,"","28/05/2013 00:00",2,"CO",28,5929," "," ",1,1,0,0,0,0,0,0,0,0,0,0,0,0,0,0,0,10212,"JOAO CORDEIRO, RUA",21926,"HERMENEGILDO DE BARROS, RUA MIN",NA,"",1,0,"RIO VERDE, RUA SAO PAULO SP &  HERMENEGILDO DE BARROS, RUA MIN SAO PAULO SP",-23.4885725,-46.7064062
"10029","D051302335",1196,"ANA NERI, RUA DONA",6642,"ESTADO, AV DO",0,"","28/05/2013 00:42",2,"CH",6,7514," "," ",1,0,0,0,0,0,0,0,0,0,0,0,0,0,0,0,0,1196,"ANA NERI, RUA DONA",6642,"ESTADO, AV DO",NA,"",2,1,"ANA NERI, RUA DONA SAO PAULO SP &  ESTADO, AV DO SAO PAULO SP",-23.5573512,-46.6146092
"10030","D051300253",8771,"HIGIENOPOLIS, AV",1356,"ANGELICA, AV",0,"","28/05/2013 03:23",2,"CO",77,3207," "," ",1,1,0,0,0,0,0,0,0,0,0,0,0,0,0,0,0,1356,"ANGELICA, AV",8771,"HIGIENOPOLIS, AV",26,"CONSOLACAO",2,0,"HIGIENOPOLIS, AV SAO PAULO SP &  ANGELICA, AV SAO PAULO SP",-23.5414149,-46.6603878