"","id_acidente","codloga","logradouroA","codlogb","logradouroB","alt_num","referencia","data","cod_acid","tipo_acidente","dp","numero_BO","sentido","pista","automovel","moto","onibus","caminhao","bicicleta","moto_taxi","onibus_fretado","onibus_urbano","microonibus","van","vuc","caminhonete","carreta","jipe","outros","sem_informacao","carroca","princ_a","paiA","princ_b","paiB","cod_distrito","distrito","vit_ferida","vit_morta","local","lat","lon"
"10111","D051300305",6013,"DOMINGOS DE MORAIS, RUA",7383,"FRANCISCO CRUZ, RUA",0,"","29/05/2013 08:36",2,"CO",16,7284," "," ",1,1,0,0,0,0,0,0,0,0,0,0,0,0,0,0,0,263,"AFONSO CELSO, RUA",6013,"DOMINGOS DE MORAIS, RUA",92,"VILA MARIANA",1,0,"DOMINGOS DE MORAIS, RUA SAO PAULO SP &  FRANCISCO CRUZ, RUA SAO PAULO SP",-23.591806,-46.6362643
"10112","D051300377",31498,"ROBERTO MARINHO - ANT AGUA ESP, AV JORN",33018,"JOAO ALVARES SOARES, RUA",0,"","29/05/2013 08:41",2,"CL",27,5686," "," ",1,1,0,0,0,0,0,0,0,0,0,0,0,0,0,0,0,31498,"ROBERTO MARINHO - ANT AGUA ESP, AV JORN",33018,"JOAO ALVARES SOARES, RUA",15,"CAMPO BELO",1,0,"ROBERTO MARINHO - ANT AGUA ESP, AV JORN SAO PAULO SP &  JOAO ALVARES SOARES, RUA SAO PAULO SP",-23.5505199,-46.6333094
"10113","D051301421",44742,"BERNARDINO BRITO FONSECA DE CA, AV",NA,"",780,"","29/05/2013 08:45",2,"CT",21,1819," "," ",1,0,0,1,0,0,0,0,0,0,0,0,0,0,0,0,0,44742,"BERNARDINO BRITO FONSECA DE CA, AV",NA,"",93,"VILA MATILDE",1,0,"BERNARDINO BRITO FONSECA DE CA, AV 780 SAO PAULO SP",-23.5505199,-46.6333094
"10115","D051300322",19988,"XAVIER DE ALMEIDA, RUA",NA,"",210,"","29/05/2013 09:16",4,"AT",17,2891," "," ",1,0,0,0,0,0,0,0,0,0,0,0,0,0,0,0,0,19988,"XAVIER DE ALMEIDA, RUA",NA,"",18,"CANGAIBA",1,0,"XAVIER DE ALMEIDA, RUA 210 SAO PAULO SP",-23.5876919,-46.6085001
"10116","D051300152",15967,"PEDRO I, AV DOM",NA,"",492,"","29/05/2013 09:32",2,"CO",6,2555," "," ",1,1,0,0,0,0,0,0,0,0,0,0,0,0,0,0,0,15967,"PEDRO I, AV DOM",NA,"",12,"BUTANTA",1,0,"PEDRO I, AV DOM 492 SAO PAULO SP",-23.5705684,-46.6112917
"10117","D051300998",4550,"CASSIO DE ALMEIDA, RUA",9086,"IMPERADOR, RUA DO",0,"","29/05/2013 09:40",2,"CO",9,3052," "," ",1,1,0,0,0,0,0,0,0,0,0,0,0,0,0,0,0,4550,"CASSIO DE ALMEIDA, RUA",9086,"IMPERADOR, RUA DO",88,"VILA GUILHERME",1,0,"CASSIO DE ALMEIDA, RUA SAO PAULO SP &  IMPERADOR, RUA DO SAO PAULO SP",-23.5086549,-46.5986211
"10118","D051301059",10904,"JOSE DE OLIVEIRA, RUA",NA,"",500,"","29/05/2013 10:00",4,"AT",13,5996," "," ",1,0,0,0,0,0,0,0,0,0,0,0,0,0,0,0,0,10904,"JOSE DE OLIVEIRA, RUA",NA,"",21,"CASA VERDE",1,0,"JOSE DE OLIVEIRA, RUA 500 SAO PAULO SP",-23.4996486,-46.6503066
"10119","D051301269",11885,"DOMINGOS TORRES, RUA",NA,"",221,"","29/05/2013 10:45",2,"CL",40,5993," "," ",2,1,0,0,0,0,0,0,0,0,0,0,0,0,0,0,0,11885,"DOMINGOS TORRES, RUA",NA,"",21,"CASA VERDE",1,0,"DOMINGOS TORRES, RUA 221 SAO PAULO SP",-23.5060302,-46.6686081
"10120","D051302333",543,"ALCANTARA MACHADO, AV",NA,"",360,"","29/05/2013 11:00",2,"CO",77,2632," "," ",1,0,1,0,0,0,0,0,0,0,0,0,0,0,0,0,0,543,"ALCANTARA MACHADO, AV",NA,"",NA,"",1,1,"ALCANTARA MACHADO, AV 360 SAO PAULO SP",-23.5465889,-46.5995483
"10122","D051301346",68396,"RAIMUNDO CARNEIRO, RUA",NA,"",118,"","29/05/2013 11:20",2,"CO",74,3215," "," ",0,1,0,0,0,0,0,0,0,0,0,1,0,0,0,0,0,68396,"RAIMUNDO CARNEIRO, RUA",NA,"",40,"JAGUARE",1,0,"RAIMUNDO CARNEIRO, RUA 118 SAO PAULO SP",-23.4561951,-46.6997448
"10123","D051300711",2243,"ARMANDO LOMBARDI, RUA DOM",NA,"",95,"","29/05/2013 11:25",2,"SI",34,3197," "," ",0,0,0,0,0,0,0,0,0,0,0,1,0,0,0,0,0,2243,"ARMANDO LOMBARDI, RUA DOM",NA,"",55,"MORUMBI",1,0,"ARMANDO LOMBARDI, RUA DOM 95 SAO PAULO SP",-23.5864135,-46.7212286
"10124","D051301985",64724,"SABUGUEIRO, RUA",NA,"",608,"","29/05/2013 11:30",2,"SI",64,4356," "," ",1,1,0,0,0,0,0,0,0,0,0,0,0,0,0,0,0,64724,"SABUGUEIRO, RUA",NA,"",53,"MOEMA",2,0,"SABUGUEIRO, RUA 608 SAO PAULO SP",-23.4900341,-46.4692248
"10125","D051300090",14804,"NOVE DE JULHO, AV",NA,"",2000,"","29/05/2013 11:58",2,"CT",4,3785,"B"," ",1,1,0,0,0,0,0,0,0,0,0,0,0,0,0,0,0,14804,"NOVE DE JULHO, AV",NA,"",63,"PINHEIROS",1,0,"NOVE DE JULHO, AV 2000 SAO PAULO SP",-23.5588081,-46.6540684
"10127","D051301914",37015,"ALJEZUR, RUA VISC DE",NA,"",370,"","29/05/2013 12:10",2,"CL",50,6777," "," ",1,0,0,0,1,0,0,0,0,0,0,0,0,0,0,0,0,37015,"ALJEZUR, RUA VISC DE",NA,"",54,"MOOCA",1,0,"ALJEZUR, RUA VISC DE 370 SAO PAULO SP",-23.5096241,-46.3741986
"10128","D051302004",34654,"WALDEMAR TIETZ, AV",42089,"DOMENICO MELLI, RUA",0,"","29/05/2013 12:10",2,"CO",65,1840," "," ",0,1,0,0,0,0,0,0,1,0,0,0,0,0,0,0,0,34654,"WALDEMAR TIETZ, AV",42089,"DOMENICO MELLI, RUA",5,"ARTUR ALVIM",1,0,"WALDEMAR TIETZ, AV SAO PAULO SP &  DOMENICO MELLI, RUA SAO PAULO SP",-23.5536213,-46.4912285
"10129","D051301738",18508,"GEORGE ANSELMI (ANT SUECIA), AV",NA,"",200,"","29/05/2013 12:13",2,"CO",92,3349," "," ",1,1,0,0,0,0,0,0,0,0,0,0,0,0,0,0,0,18508,"GEORGE ANSELMI (ANT SUECIA), AV",NA,"",32,"IGUATEMI",1,0,"GEORGE ANSELMI (ANT SUECIA), AV 200 SAO PAULO SP",-23.5770075,-46.6759489
"10130","D051302330",17418,"ROSA E SILVA, RUA",NA,"",166,"","29/05/2013 12:48",4,"AT",14,5561," "," ",1,0,0,0,0,0,0,0,0,0,0,0,0,0,0,0,0,17418,"ROSA E SILVA, RUA",NA,"",NA,"",0,1,"ROSA E SILVA, RUA 166 SAO PAULO SP",-23.5344051,-46.6576302
"10131","D051301644",5606,"CUPECE, AV",NA,"",4300,"","29/05/2013 13:00",4,"AT",43,5728," "," ",1,0,0,0,0,0,0,0,0,0,0,0,0,0,0,0,0,5606,"CUPECE, AV",NA,"",22,"CIDADE ADEMAR",1,0,"CUPECE, AV 4300 SAO PAULO SP",-23.6722535,-46.6451588
"10132","D051301126",19519,"VAZ MUNIZ, RUA",351,"AGUA FRIA, AV",0,"","29/05/2013 13:00",2,"CO",20,5006," "," ",3,0,0,0,0,0,0,0,0,0,0,0,0,0,0,0,0,351,"AGUA FRIA, AV",19519,"VAZ MUNIZ, RUA",84,"TUCURUVI",2,0,"VAZ MUNIZ, RUA SAO PAULO SP &  AGUA FRIA, AV SAO PAULO SP",-23.47948,-46.6164527
"10133","D051301407",954,"AMADOR BUENO DA VEIGA, AV",5971,"DOIS DE JANEIRO, RUA",0,"","29/05/2013 13:00",2,"CO",10,6278,"C"," ",1,1,0,0,0,0,0,0,0,0,0,0,0,0,0,0,0,954,"AMADOR BUENO DA VEIGA, AV",5971,"DOIS DE JANEIRO, RUA",60,"PENHA",1,0,"AMADOR BUENO DA VEIGA, AV SAO PAULO SP &  DOIS DE JANEIRO, RUA SAO PAULO SP",-23.522986,-46.5196435
"10134","D051301815",10036,"JEQUIRITUBA, RUA",NA,"",1628,"","29/05/2013 13:43",4,"AT",101,4117," "," ",0,1,0,0,0,0,0,0,0,0,0,0,0,0,0,0,0,10036,"JEQUIRITUBA, RUA",NA,"",30,"GRAJAU",1,0,"JEQUIRITUBA, RUA 1628 SAO PAULO SP",-23.7354843,-46.6887532
"10135","D051302005",36152,"FRANCISCO DE MOURA ROLIM, RUA PDE",NA,"",415,"","29/05/2013 13:45",4,"AT",65,1844," "," ",1,0,0,0,0,0,0,0,0,0,0,0,0,0,0,0,0,36152,"FRANCISCO DE MOURA ROLIM, RUA PDE",NA,"",38,"JACANA",1,0,"FRANCISCO DE MOURA ROLIM, RUA PDE 415 SAO PAULO SP",-23.5505199,-46.6333094
"10136","D051300416",5570,"CUBATAO, RUA",NA,"",717,"","29/05/2013 14:24",2,"CO",36,2329," "," ",1,1,0,0,0,0,0,0,0,0,0,0,0,0,0,0,0,5570,"CUBATAO, RUA",NA,"",92,"VILA MARIANA",1,0,"CUBATAO, RUA 717 SAO PAULO SP",-23.5781727,-46.6425439
"10137","D051300974",10622,"JOAQUINA RAMALHO, AV",NA,"",161,"","29/05/2013 15:30",2,"CO",9,2321," "," ",0,1,0,0,0,0,0,0,0,0,0,1,0,0,0,0,0,10622,"JOAQUINA RAMALHO, AV",NA,"",88,"VILA GUILHERME",1,0,"JOAQUINA RAMALHO, AV 161 SAO PAULO SP",-23.5149759,-46.6078426
"10138","D051300548",5072,"CLELIA, RUA",5042,"CLAUDIO, RUA",0,"","29/05/2013 15:32",2,"CO",7,3342," "," ",1,1,0,0,0,0,0,0,0,0,0,0,0,0,0,0,0,5042,"CLAUDIO, RUA",5072,"CLELIA, RUA",48,"LAPA",1,0,"CLELIA, RUA SAO PAULO SP &  CLAUDIO, RUA SAO PAULO SP",-23.5249704,-46.6908623
"10139","D051300881",5078,"CLEMENTE ATTLEE, RUA LORD",NA,"",104,"","29/05/2013 15:35",4,"AT",87,2727," "," ",1,0,0,0,0,0,0,0,0,0,0,0,0,0,0,0,0,5078,"CLEMENTE ATTLEE, RUA LORD",NA,"",64,"PIRITUBA",1,0,"CLEMENTE ATTLEE, RUA LORD 104 SAO PAULO SP",-23.4955484,-46.7280864
"10140","D051301128",31485,"NELSON ANTONIO CAMPANELLI, RUA",NA,"",260,"","29/05/2013 15:45",4,"AT",20,5009," "," ",0,1,0,0,0,0,0,0,0,0,0,0,0,0,0,0,0,31485,"NELSON ANTONIO CAMPANELLI, RUA",NA,"",22,"CIDADE ADEMAR",2,0,"NELSON ANTONIO CAMPANELLI, RUA 260 SAO PAULO SP",-23.4554585,-46.6045915
"10142","D051301612",10918,"JOSE DINIZ, AV VER",NA,"",500,"","29/05/2013 16:15",2,"CO",11,7354," "," ",5,0,0,0,0,0,0,0,0,0,0,0,0,0,0,0,0,10918,"JOSE DINIZ, AV VER",NA,"",15,"CAMPO BELO",1,0,"JOSE DINIZ, AV VER 500 SAO PAULO SP",-23.638677,-46.6950405
"10143","D051301670",75474,"CANTOS DO AMANHECER, AV",NA,"",86,"","29/05/2013 16:38",4,"AT",47,6641," "," ",0,1,0,0,0,0,0,0,0,0,0,0,0,0,0,0,0,75474,"CANTOS DO AMANHECER, AV",NA,"",29,"FREGUESIA DO O",1,0,"CANTOS DO AMANHECER, AV 86 SAO PAULO SP",-23.6504627,-46.7843232
"10144","D051301275",34562,"JOAO PAULO I, AV",65487,"GONGORISMO, RUA DO",0,"","29/05/2013 17:05",2,"SI",45,1379,"B"," ",1,1,0,0,0,0,0,0,0,0,0,0,0,0,0,0,0,34562,"JOAO PAULO I, AV",65487,"GONGORISMO, RUA DO",NA,"",2,0,"JOAO PAULO I, AV SAO PAULO SP &  GONGORISMO, RUA DO SAO PAULO SP",-23.4905859,-46.6887778
"10145","D051302154",26565,"SOUZA RAMOS, AV",NA,"",452,"","29/05/2013 17:30",4,"AT",54,7470," "," ",0,1,0,0,0,0,0,0,0,0,0,0,0,0,0,0,0,26565,"SOUZA RAMOS, AV",NA,"",50,"LIMAO",1,0,"SOUZA RAMOS, AV 452 SAO PAULO SP",-23.5818737,-46.4104617
"10147","D051300830",12502,"MAGALHAES DE CASTRO, AV",NA,"",332,"","29/05/2013 18:20",2,"CO",51,5212," "," ",0,1,0,0,0,0,0,0,0,0,0,1,0,0,0,0,0,13014,"MARGINAL DO RIO PINHEIROS, AV",NA,"",12,"BUTANTA",1,0,"MAGALHAES DE CASTRO, AV 332 SAO PAULO SP",-23.5613679,-46.7079276
"10149","D051301130",15446,"PEDRO DE ABREU, RUA",NA,"",127,"","29/05/2013 18:20",4,"AT",20,5027," "," ",1,0,0,0,0,0,0,0,0,0,0,0,0,0,0,0,0,15446,"PEDRO DE ABREU, RUA",NA,"",22,"CIDADE ADEMAR",1,0,"PEDRO DE ABREU, RUA 127 SAO PAULO SP",-23.4539251,-46.606651
"10151","D051300162",120,"ACLIMACAO, AV DA",NA,"",744,"","29/05/2013 18:58",2,"CO",6,4250," "," ",1,0,0,0,0,0,0,1,0,0,0,0,0,0,0,0,0,120,"ACLIMACAO, AV DA",NA,"",49,"LIBERDADE",1,0,"ACLIMACAO, AV DA 744 SAO PAULO SP",-23.5731038,-46.632712
"10152","D051300060",4659,"CAXIAS, AV DUQ DE",NA,"",30,"","29/05/2013 19:00",2,"CO",3,2361," "," ",1,0,0,0,1,0,0,0,0,0,0,0,0,0,0,0,0,4659,"CAXIAS, AV DUQ DE",NA,"",67,"REPUBLICA",1,0,"CAXIAS, AV DUQ DE 30 SAO PAULO SP",-23.5505199,-46.6333094
"10153","D051300271",630,"ALEXANDRE DE GUSMAO, PCA",10004,"JAU, AL",0,"","29/05/2013 19:04",2,"CF",78,463," "," ",1,1,0,0,0,0,0,0,0,0,0,0,0,0,0,0,0,630,"ALEXANDRE DE GUSMAO, PCA",10004,"JAU, AL",44,"JARDIM PAULISTA",2,0,"ALEXANDRE DE GUSMAO, PCA SAO PAULO SP &  JAU, AL SAO PAULO SP",-23.5639342,-46.6565207
"10155","D051300209",543,"ALCANTARA MACHADO, AV",NA,"",2115,"","29/05/2013 19:30",4,"AT",8,4249," "," ",1,0,0,0,0,0,0,0,0,0,0,0,0,0,0,0,0,543,"ALCANTARA MACHADO, AV",NA,"",10,"BRAS",1,0,"ALCANTARA MACHADO, AV 2115 SAO PAULO SP",-23.548996,-46.6047013
"10156","D051302173",60011,"IRACITAN COIMBRA, AV SARG",NA,"",130,"","29/05/2013 19:30",4,"AT",55,7475," "," ",1,0,0,0,0,0,0,0,0,0,0,0,0,0,0,0,0,60011,"IRACITAN COIMBRA, AV SARG",NA,"",55,"MORUMBI",1,0,"IRACITAN COIMBRA, AV SARG 130 SAO PAULO SP",-23.6180606,-46.4698383
"10157","D051302109",13671,"MATEO BEI, AV",NA,"",1250,"","29/05/2013 20:00",4,"AT",49,7469," "," ",1,0,0,0,0,0,0,0,0,0,0,0,0,0,0,0,0,13671,"MATEO BEI, AV",NA,"",75,"SAO MATEUS",1,0,"MATEO BEI, AV 1250 SAO PAULO SP",-23.5944857,-46.4881899
"10158","D051301403",4736,"CELSO GARCIA, AV",44299,"AIRTON PRETINI, AV",0,"","29/05/2013 20:00",2,"CO",10,6114," "," ",1,0,1,0,0,0,0,0,0,0,0,0,0,0,0,0,0,4736,"CELSO GARCIA, AV",44299,"AIRTON PRETINI, AV",82,"TATUAPE",1,0,"CELSO GARCIA, AV SAO PAULO SP &  AIRTON PRETINI, AV SAO PAULO SP",-23.5359522,-46.5717652
"10160","D051301789",13035,"MIGUEL YUNES, RUA",NA,"",800,"","29/05/2013 20:36",2,"CO",99,6219," "," ",1,1,0,0,0,0,0,0,0,0,0,0,0,0,0,0,0,13035,"MIGUEL YUNES, RUA",NA,"",16,"CAMPO GRANDE",1,0,"MIGUEL YUNES, RUA 800 SAO PAULO SP",-23.6945462,-46.6805479
"10161","D051302270",12165,"LUIS ANTONIO, AV BRIG",NA,"",966,"","29/05/2013 20:40",4,"AT",77,3276,"B"," ",1,0,0,0,0,0,0,0,0,0,0,0,0,0,0,0,0,12165,"LUIS ANTONIO, AV BRIG",NA,"",NA,"",0,1,"LUIS ANTONIO, AV BRIG 966 SAO PAULO SP",-23.5581277,-46.6414417
"10162","D051301973",46936,"JACU-PESSEGO/NOVA TRABALHADORE, AV",NA,"",777,"","29/05/2013 21:15",2,"CO",63,4391," "," ",1,1,0,0,0,0,0,0,0,0,0,0,0,0,0,0,0,46936,"JACU-PESSEGO/NOVA TRABALHADORE, AV",NA,"",46,"JOSE BONIFACIO",2,0,"JACU-PESSEGO/NOVA TRABALHADORE, AV 777 SAO PAULO SP",-23.5522439,-46.4465375
"10163","D051301169",36284,"PETRONIO PORTELA, AV MIN",NA,"",181,"","29/05/2013 22:00",2,"CF",28,6010," "," ",1,1,0,0,0,0,0,0,0,0,0,0,0,0,0,0,0,36284,"PETRONIO PORTELA, AV MIN",NA,"",4,"ARICANDUVA",1,0,"PETRONIO PORTELA, AV MIN 181 SAO PAULO SP",-23.4964065,-46.7032765
"10164","D051300272",15372,"PAMPLONA, RUA",7306,"FRANCA, AL",0,"","29/05/2013 22:10",2,"CO",78,4606," "," ",2,0,0,0,0,0,0,0,0,0,0,0,0,0,0,0,0,7306,"FRANCA, AL",15372,"PAMPLONA, RUA",44,"JARDIM PAULISTA",1,0,"PAMPLONA, RUA SAO PAULO SP &  FRANCA, AL SAO PAULO SP",-23.5702153,-46.6600469
"10165","D051302035",16679,"PUCCI, RUA CAP",4406,"CARLOS ROBERTO, RUA",0,"","29/05/2013 22:20",2,"CO",68,6704," "," ",0,1,0,0,0,0,0,0,0,0,0,0,0,0,0,0,0,4406,"CARLOS ROBERTO, RUA",16679,"PUCCI, RUA CAP",47,"LAJEADO",1,0,"PUCCI, RUA CAP SAO PAULO SP &  CARLOS ROBERTO, RUA SAO PAULO SP",-23.540978,-46.4085647
"10166","D051300871",16878,"RAPOSO TAVARES, VIA",NA,"",20000,"","29/05/2013 22:38",4,"AT",75,4771," "," ",0,0,0,0,0,0,0,1,0,0,0,0,0,0,0,0,0,16878,"RAPOSO TAVARES, VIA",NA,"",13,"CACHOEIRINHA",1,0,"RAPOSO TAVARES, VIA 20000 SAO PAULO SP",-23.5044319,-48.522145
"10167","D051300919",8000,"GIOVANNI GRONCHI, AV",NA,"",2500,"","29/05/2013 22:53",4,"AT",89,4772," "," ",1,0,0,0,0,0,0,0,0,0,0,0,0,0,0,0,0,8000,"GIOVANNI GRONCHI, AV",NA,"",55,"MORUMBI",1,0,"GIOVANNI GRONCHI, AV 2500 SAO PAULO SP",-23.6027078,-46.725312
"10168","D051301088",8478,"GUILHERME COTCHING, AV",NA,"",1203,"","29/05/2013 23:00",4,"AT",19,5031," "," ",1,0,0,0,0,0,0,0,0,0,0,0,0,0,0,0,0,8478,"GUILHERME COTCHING, AV",NA,"",91,"VILA MARIA",1,0,"GUILHERME COTCHING, AV 1203 SAO PAULO SP",-23.5185848,-46.5900792
"10169","D051301433",2181,"ARICANDUVA, AV",19221,"TUMUCUMAQUE, RUA",0,"","29/05/2013 23:00",2,"CO",21,6117," "," ",2,0,0,0,0,0,0,0,0,0,0,0,0,0,0,0,0,2181,"ARICANDUVA, AV",19221,"TUMUCUMAQUE, RUA",20,"CARRAO",2,0,"ARICANDUVA, AV SAO PAULO SP &  TUMUCUMAQUE, RUA SAO PAULO SP",-23.5479783,-46.5260893
"10170","D051301702",34824,"ZIKE TUMA, RUA",NA,"",156,"","29/05/2013 23:04",4,"AT",80,5713," "," ",1,0,0,0,0,0,0,0,0,0,0,0,0,0,0,0,0,34824,"ZIKE TUMA, RUA",NA,"",29,"FREGUESIA DO O",1,0,"ZIKE TUMA, RUA 156 SAO PAULO SP",-23.6911552,-46.675806
"10171","D051300686",14350,"MUTINGA, AV",NA,"",3015,"","29/05/2013 23:05",2,"CO",33,5102," "," ",0,0,0,0,0,0,0,1,0,0,0,0,0,0,0,0,0,14350,"MUTINGA, AV",NA,"",64,"PIRITUBA",2,0,"MUTINGA, AV 3015 SAO PAULO SP",-23.490939,-46.7507058
"10172","D051300240",4736,"CELSO GARCIA, AV",5444,"COSTA VALENTE, RUA DR",0,"","29/05/2013 23:20",2,"CH",12,4256," "," ",1,0,0,0,0,0,0,0,0,0,0,0,0,0,0,0,0,4736,"CELSO GARCIA, AV",5444,"COSTA VALENTE, RUA DR",10,"BRAS",1,0,"CELSO GARCIA, AV SAO PAULO SP &  COSTA VALENTE, RUA DR SAO PAULO SP",-23.5359522,-46.5717652
"10173","D051300241",18197,"SILVA TELES, RUA",10528,"JOAQUIM CARLOS, RUA",0,"","29/05/2013 23:22",2,"CO",12,4257," "," ",1,0,1,0,0,0,0,0,0,0,0,0,0,0,0,0,0,10528,"JOAQUIM CARLOS, RUA",18197,"SILVA TELES, RUA",57,"PARI",3,0,"SILVA TELES, RUA SAO PAULO SP &  JOAQUIM CARLOS, RUA SAO PAULO SP",-23.5299486,-46.6104577
"10174","D051302112",9044,"RAGUEB CHOHFI, AV",NA,"",2000,"","29/05/2013 23:30",2,"CO",49,900105," "," ",3,0,0,0,0,0,0,0,0,0,0,0,0,0,0,0,0,9044,"RAGUEB CHOHFI, AV",NA,"",32,"IGUATEMI",1,0,"RAGUEB CHOHFI, AV 2000 SAO PAULO SP",-23.5988274,-46.4654504
"10175","D051300729",7500,"FRANCISCO MORATO, AV PROF",NA,"",5500,"","29/05/2013 23:33",2,"CO",34,4774," "," ",1,1,0,0,0,0,0,0,0,0,0,0,0,0,0,0,0,7500,"FRANCISCO MORATO, AV PROF",NA,"",12,"BUTANTA",1,0,"FRANCISCO MORATO, AV PROF 5500 SAO PAULO SP",-23.6028411,-46.7445376
"10176","D051301521",15047,"ORFANATO, RUA",NA,"",700,"","29/05/2013 23:40",2,"CF",56,3595," "," ",0,1,0,0,0,0,0,0,0,0,0,1,0,0,0,0,0,15047,"ORFANATO, RUA",NA,"",33,"IPIRANGA",2,0,"ORFANATO, RUA 700 SAO PAULO SP",-23.5783947,-46.578105
"10177","D051301212",16848,"RAMAL DOS MENEZES, RUA",NA,"",566,"","29/05/2013 23:45",2,"CO",38,4927," "," ",2,0,0,0,0,0,0,0,0,0,0,0,0,0,0,0,0,16848,"RAMAL DOS MENEZES, RUA",NA,"",8,"BELEM",2,0,"RAMAL DOS MENEZES, RUA 566 SAO PAULO SP",-23.4852465,-46.6461192
"10178","D051301333",12307,"LUIS STAMATIS, AV",NA,"",875,"","30/05/2013 00:01",2,"CO",73,5778," "," ",1,0,0,0,1,0,0,0,0,0,0,0,0,0,0,0,0,12307,"LUIS STAMATIS, AV",NA,"",38,"JACANA",1,0,"LUIS STAMATIS, AV 875 SAO PAULO SP",-23.4691442,-46.5765039
"10179","D051301748",10270,"JOAO DIAS, AV",NA,"",3551,"","30/05/2013 01:00",2,"CH",92,6654," "," ",1,0,0,0,0,0,0,0,0,0,0,0,0,0,0,0,0,10270,"JOAO DIAS, AV",NA,"",72,"SANTO AMARO",1,0,"JOAO DIAS, AV 3551 SAO PAULO SP",-23.6448318,-46.7236183
"10180","D051301060",19884,"VOLUNTARIOS DA PATRIA, RUA",5741,"DARZAN, RUA",0,"","30/05/2013 02:00",4,"AT",13,6014," "," ",1,0,0,0,0,0,0,0,0,0,0,0,0,0,0,0,0,3637,"BRAZ LEME, AV",19884,"VOLUNTARIOS DA PATRIA, RUA",71,"SANTANA",2,0,"VOLUNTARIOS DA PATRIA, RUA SAO PAULO SP &  DARZAN, RUA SAO PAULO SP",-23.5033096,-46.6263934
"10181","D051301671",9529,"ITAPECERICA, ES DE",NA,"",8000,"","30/05/2013 02:40",2,"CO",47,6658," "," ",1,1,0,0,0,0,0,0,0,0,0,0,0,0,0,0,0,9529,"ITAPECERICA, ES DE",NA,"",29,"FREGUESIA DO O",1,0,"ITAPECERICA, ES DE 8000 SAO PAULO SP",-23.5505199,-46.6333094
"10182","D051301790",9220,"INTERLAGOS, AV",NA,"",1346,"","30/05/2013 03:00",2,"CO",99,6225," "," ",1,0,0,0,0,0,0,0,0,0,0,1,0,0,0,0,0,9220,"INTERLAGOS, AV",NA,"",16,"CAMPO GRANDE",1,0,"INTERLAGOS, AV 1346 SAO PAULO SP",-23.6647421,-46.6784185
"10183","D051301213",7347,"FRANCISCO RANIERI, AV DR",NA,"",812,"","30/05/2013 03:00",2,"CH",38,4933," "," ",1,0,0,0,0,0,0,0,0,0,0,0,0,0,0,0,0,7347,"FRANCISCO RANIERI, AV DR",NA,"",51,"MANDAQUI",1,0,"FRANCISCO RANIERI, AV DR 812 SAO PAULO SP",-23.4773768,-46.6456105
"10184","D051300656",4561,"CASTELO BRANCO, AV PRES",18908,"TOMAS EDSON, AV",0,"","30/05/2013 03:19",2,"CH",23,3935," "," ",1,0,0,0,0,0,0,0,0,0,0,0,0,0,0,0,0,4561,"CASTELO BRANCO, AV PRES",18908,"TOMAS EDSON, AV",6,"BARRA FUNDA",1,0,"CASTELO BRANCO, AV PRES SAO PAULO SP &  TOMAS EDSON, AV SAO PAULO SP",-23.5216047,-46.6390428
"10185","D051301170",3771,"INAJAR DE SOUZA, AV",NA,"",2963,"","30/05/2013 04:00",2,"CO",28,6026," "," ",1,0,0,1,0,0,0,0,0,0,0,0,0,0,0,0,0,3771,"INAJAR DE SOUZA, AV",NA,"",50,"LIMAO",2,0,"INAJAR DE SOUZA, AV 2963 SAO PAULO SP",-23.482134,-46.6768886
"10186","D051300378",19100,"BANDEIRANTES, AV DOS",NA,"",986,"","30/05/2013 05:13",2,"CO",27,5726," "," ",1,0,0,1,0,0,0,0,0,0,0,0,0,0,0,0,0,19100,"BANDEIRANTES, AV DOS",NA,"",24,"CIDADE LIDER",1,0,"BANDEIRANTES, AV DOS 986 SAO PAULO SP",-23.6005201,-46.6843888
"10187","D051301974",13881,"MIGUEL, AV S",NA,"",8208,"","30/05/2013 06:00",2,"CT",63,4402," "," ",1,0,0,0,0,0,0,0,0,0,0,0,0,0,0,1,0,13881,"MIGUEL, AV S",NA,"",65,"PONTE RASA",4,0,"MIGUEL, AV S 8208 SAO PAULO SP",-23.4984377,-46.4569782
"10188","D051300273",2497,"AUGUSTA, RUA",15656,"PAULISTA, AV",0,"","30/05/2013 06:30",4,"AT",78,4615," "," ",1,0,0,0,0,0,0,0,0,0,0,0,0,0,0,0,0,2497,"AUGUSTA, RUA",15656,"PAULISTA, AV",26,"CONSOLACAO",1,0,"AUGUSTA, RUA SAO PAULO SP &  PAULISTA, AV SAO PAULO SP",-23.5560595,-46.658132
"10189","D051302014",12156,"LUIZ AYRES, RUA DR",NA,"",2500,"","30/05/2013 06:47",2,"CO",65,5840,"B"," ",2,1,0,0,0,0,0,0,1,0,0,0,0,0,0,0,0,12156,"LUIZ AYRES, RUA DR",NA,"",5,"ARTUR ALVIM",4,0,"LUIZ AYRES, RUA DR 2500 SAO PAULO SP",-23.5422396,-46.4814708
"10190","D051301849",17820,"TITO, AV MAL",NA,"",794,"","30/05/2013 07:06",2,"CT",22,4407," "," ",1,0,1,0,0,0,0,1,0,0,0,0,0,0,0,0,0,17820,"TITO, AV MAL",NA,"",53,"MOEMA",2,0,"TITO, AV MAL 794 SAO PAULO SP",-23.4947263,-46.4381239