"","id_acidente","codloga","logradouroA","codlogb","logradouroB","alt_num","referencia","data","cod_acid","tipo_acidente","dp","numero_BO","sentido","pista","automovel","moto","onibus","caminhao","bicicleta","moto_taxi","onibus_fretado","onibus_urbano","microonibus","van","vuc","caminhonete","carreta","jipe","outros","sem_informacao","carroca","princ_a","paiA","princ_b","paiB","cod_distrito","distrito","vit_ferida","vit_morta","local","lat","lon"
"10434","D061301299",6932,"FEIJO, AV REG",NA,"",747,"","03/06/2013 11:55",4,"AT",30,2859," "," ",0,0,0,0,0,0,0,0,0,0,0,1,0,0,0,0,0,6932,"FEIJO, AV REG",NA,"",1,"AGUA RASA",1,0,"FEIJO, AV REG 747 SAO PAULO SP",-22.9070229,-47.0594055
"10435","D061300917",20878,"LEITAO DE CARVALHO, RUA MAL",NA,"",15,"","03/06/2013 12:09",4,"AT",13,6171," "," ",0,1,0,0,0,0,0,0,0,0,0,0,0,0,0,0,0,20878,"LEITAO DE CARVALHO, RUA MAL",NA,"",8,"BELEM",1,0,"LEITAO DE CARVALHO, RUA MAL 15 SAO PAULO SP",-23.5159984,-46.6333767
"10436","D061301329",5425,"COSTA BARROS, RUA",14779,"NOVA IGUACU, RUA",0,"","03/06/2013 12:15",2,"CO",42,1976," "," ",2,0,0,0,0,0,0,0,0,0,0,0,0,0,0,0,0,5425,"COSTA BARROS, RUA",14779,"NOVA IGUACU, RUA",95,"VILA PRUDENTE",1,0,"COSTA BARROS, RUA SAO PAULO SP &  NOVA IGUACU, RUA SAO PAULO SP",-23.6047674,-46.5502522
"10437","D061300198",12165,"LUIS ANTONIO, AV BRIG",NA,"",2071,"","03/06/2013 12:25",2,"CO",78,2899," "," ",0,1,0,0,0,0,0,0,0,0,0,0,0,0,0,1,0,12165,"LUIS ANTONIO, AV BRIG",NA,"",7,"BELA VISTA",1,0,"LUIS ANTONIO, AV BRIG 2071 SAO PAULO SP",-23.5662658,-46.6479313
"10438","D061300385",609,"ALENCAR ARARIPE, RUA",NA,"",1301,"","03/06/2013 12:28",4,"AT",95,2519," "," ",0,1,0,0,0,0,0,0,0,0,0,0,0,0,0,0,0,609,"ALENCAR ARARIPE, RUA",NA,"",69,"SACOMA",1,0,"ALENCAR ARARIPE, RUA 1301 SAO PAULO SP",-23.618902,-46.5962563
"10439","D061301932",13671,"MATEO BEI, AV",NA,"",2567,"","03/06/2013 12:30",4,"AT",49,7789," "," ",0,1,0,0,0,0,0,0,0,0,0,0,0,0,0,0,0,13671,"MATEO BEI, AV",NA,"",75,"SAO MATEUS",1,0,"MATEO BEI, AV 2567 SAO PAULO SP",-23.6040482,-46.4812309
"10440","D061301806",14917,"OLAVO EGIDIO DE SOUZA ARANHA, AV",NA,"",1270,"","03/06/2013 12:30",4,"AT",62,2199," "," ",1,0,0,0,0,0,0,0,0,0,0,0,0,0,0,0,0,14917,"OLAVO EGIDIO DE SOUZA ARANHA, AV",NA,"",49,"LIBERDADE",1,0,"OLAVO EGIDIO DE SOUZA ARANHA, AV 1270 SAO PAULO SP",-23.497761,-46.4958407
"10441","D061300573",7397,"FRANCISCO DE ASSIS, RUA S",NA,"",834,"","03/06/2013 12:36",2,"CO",33,5244," "," ",1,1,0,0,0,0,0,0,0,0,0,0,0,0,0,0,0,7397,"FRANCISCO DE ASSIS, RUA S",NA,"",73,"SAO DOMINGOS",1,0,"FRANCISCO DE ASSIS, RUA S 834 SAO PAULO SP",-23.4880816,-46.740188
"10442","D061301730",4839,"CHACURU, RUA",NA,"",57,"","03/06/2013 12:50",2,"CO",22,2637," "," ",1,1,0,0,0,0,0,0,0,0,0,0,0,0,0,0,0,4839,"CHACURU, RUA",NA,"",53,"MOEMA",1,0,"CHACURU, RUA 57 SAO PAULO SP",-23.4961079,-46.4256762
"10443","D061301416",6371,"ELISABETH DE ROBIANO, AV CDSSA",NA,"",950,"","03/06/2013 12:50",2,"CL",81,1577," "," ",1,0,0,1,0,0,0,0,0,0,0,0,0,0,0,0,0,29772,"MARGINAL DO RIO TIETE, AV",NA,"",82,"TATUAPE",1,0,"ELISABETH DE ROBIANO, AV CDSSA 950 SAO PAULO SP",-23.5076424,-46.5495997
"10444","D061301928",13671,"MATEO BEI, AV",NA,"",1200,"","03/06/2013 13:00",4,"AT",49,1863," "," ",0,1,0,0,0,0,0,0,0,0,0,0,0,0,0,0,0,13671,"MATEO BEI, AV",NA,"",75,"SAO MATEUS",1,0,"MATEO BEI, AV 1200 SAO PAULO SP",-23.5938807,-46.4883597
"10445","D061300678",9529,"ITAPECERICA, ES DE",NA,"",910,"","03/06/2013 13:00",2,"CH",37,6095," "," ",1,0,0,0,0,0,0,0,0,0,0,0,0,0,0,0,0,9529,"ITAPECERICA, ES DE",NA,"",29,"FREGUESIA DO O",1,0,"ITAPECERICA, ES DE 910 SAO PAULO SP",-23.5505199,-46.6333094
"10446","D061300601",16337,"ELISEU DE ALMEIDA, AV",NA,"",2779,"","03/06/2013 13:10",4,"AT",34,3275," "," ",1,0,0,0,0,0,0,0,0,0,0,0,0,0,0,0,0,16337,"ELISEU DE ALMEIDA, AV",NA,"",0,"NULL",1,0,"ELISEU DE ALMEIDA, AV 2779 SAO PAULO SP",-23.5889016,-46.7329244
"10447","D061302057",12254,"JOAO MANOEL DE MATOS, RUA",NA,"",116,"","03/06/2013 13:30",2,"CO",70,2733," "," ",0,1,0,0,0,0,0,0,0,0,0,1,0,0,0,0,0,12254,"JOAO MANOEL DE MATOS, RUA",NA,"",74,"SAO LUCAS",1,0,"JOAO MANOEL DE MATOS, RUA 116 SAO PAULO SP",-23.5994138,-46.5366826
"10448","D061301701",2483,"ATLANTICA ANT. ROBERT KENNEDY, AV",NA,"",1170,"","03/06/2013 13:40",2,"QM",102,1545," "," ",0,1,0,0,0,0,0,0,0,0,0,0,0,0,0,0,0,2483,"ATLANTICA ANT. ROBERT KENNEDY, AV",NA,"",23,"CIDADE DUTRA",1,0,"ATLANTICA ANT. ROBERT KENNEDY, AV 1170 SAO PAULO SP",-23.5505199,-46.6333094
"10449","D061301431",10270,"JOAO DIAS, AV",NA,"",66,"","03/06/2013 13:50",2,"CO",11,6383," "," ",0,1,0,0,0,0,0,0,0,0,0,1,0,0,0,0,0,10270,"JOAO DIAS, AV",NA,"",72,"SANTO AMARO",1,0,"JOAO DIAS, AV 66 SAO PAULO SP",-23.644488,-46.7311702
"10451","D061300832",3655,"BRENTANO, RUA",NA,"",33,"","03/06/2013 14:00",2,"QM",91,4072," "," ",0,1,0,0,0,0,0,0,0,0,0,0,0,0,0,0,0,3655,"BRENTANO, RUA",NA,"",90,"VILA LEOPOLDINA",1,0,"BRENTANO, RUA 33 SAO PAULO SP",-23.5308603,-46.7240517
"10452","D061301156",42220,"USHIKICHI KAMYIA, RUA",NA,"",122,"","03/06/2013 14:10",2,"SI",73,5949," "," ",0,1,0,0,0,0,0,0,0,0,0,0,0,0,0,0,0,42220,"USHIKICHI KAMYIA, RUA",NA,"",38,"JACANA",1,0,"USHIKICHI KAMYIA, RUA 122 SAO PAULO SP",-23.4428602,-46.5935259
"10453","D061300478",16919,"REBOUCAS, AV",10518,"JOAQUIM ANTUNES, RUA",0,"","03/06/2013 14:20",4,"AT",14,5648," "," ",0,1,0,0,0,0,0,0,0,0,0,0,0,0,0,0,0,10518,"JOAQUIM ANTUNES, RUA",16919,"REBOUCAS, AV",63,"PINHEIROS",2,0,"REBOUCAS, AV SAO PAULO SP &  JOAQUIM ANTUNES, RUA SAO PAULO SP",-23.5666153,-46.6829404
"10454","D061301543",17772,"SANT'ANNA, AV COMEN",NA,"",97,"","03/06/2013 14:30",2,"CF",47,900160," "," ",1,1,0,0,0,0,0,0,0,0,0,0,0,0,0,0,0,17772,"SANT'ANNA, AV COMEN",NA,"",29,"FREGUESIA DO O",1,0,"SANT'ANNA, AV COMEN 97 SAO PAULO SP",-23.5200854,-46.7011304
"10455","D061301330",19708,"VILA EMA, AV",NA,"",1516,"","03/06/2013 14:30",2,"QM",42,1979," "," ",0,1,0,0,0,0,0,0,0,0,0,0,0,0,0,0,0,19708,"VILA EMA, AV",NA,"",26,"CONSOLACAO",1,0,"VILA EMA, AV 1516 SAO PAULO SP",-23.5812693,-46.5620754
"10456","D061302023",23678,"ALZIRO ZARUR, AV",NA,"",1945,"","03/06/2013 14:30",4,"AT",66,2372," "," ",1,0,0,0,0,0,0,0,0,0,0,0,0,0,0,0,0,23678,"ALZIRO ZARUR, AV",NA,"",0,"NULL",1,0,"ALZIRO ZARUR, AV 1945 SAO PAULO SP",-23.5703676,-46.4904833
"10457","D061300800",63084,"JANDIATUBA, RUA",NA,"",10,"","03/06/2013 14:40",2,"SI",89,4907," "," ",2,0,0,0,0,0,0,0,0,0,0,0,0,0,0,0,0,63084,"JANDIATUBA, RUA",NA,"",29,"FREGUESIA DO O",1,0,"JANDIATUBA, RUA 10 SAO PAULO SP",-23.6283791,-46.7358455
"10458","D061301157",6224,"EDU CHAVES, AV",NA,"",821,"","03/06/2013 15:00",4,"AT",73,5955," "," ",0,1,0,0,0,0,0,0,0,0,0,0,0,0,0,0,0,6224,"EDU CHAVES, AV",NA,"",38,"JACANA",2,0,"EDU CHAVES, AV 821 SAO PAULO SP",-23.4745965,-46.5702641
"10460","D061301391",15047,"ORFANATO, RUA",NA,"",1366,"","03/06/2013 15:48",2,"CO",57,1235," "," ",2,0,0,0,0,0,0,0,0,0,0,0,0,0,0,0,0,15047,"ORFANATO, RUA",NA,"",33,"IPIRANGA",1,0,"ORFANATO, RUA 1366 SAO PAULO SP",-23.5763169,-46.5729384
"10461","D061301362",27094,"SALIM FARAH MALUF, AV",NA,"",400,"","03/06/2013 16:00",2,"CO",52,1912," "," ",0,1,0,0,0,0,0,0,1,0,0,0,0,0,0,0,0,27094,"SALIM FARAH MALUF, AV",NA,"",82,"TATUAPE",1,0,"SALIM FARAH MALUF, AV 400 SAO PAULO SP",-23.5786259,-46.5718653
"10462","D061301478",33015,"SADAMU INOUE, AV",NA,"",5067,"","03/06/2013 16:00",2,"CO",25,1488," "," ",1,1,0,0,0,0,0,0,0,0,0,0,0,0,0,0,0,33015,"SADAMU INOUE, AV",NA,"",76,"SAO MIGUEL",1,0,"SADAMU INOUE, AV 5067 SAO PAULO SP",-23.8135303,-46.7354083
"10463","D061301931",19012,"TITA RUFFO, RUA",NA,"",612,"","03/06/2013 16:11",4,"AT",49,7740," "," ",0,1,0,0,0,0,0,0,0,0,0,0,0,0,0,0,0,19012,"TITA RUFFO, RUA",NA,"",55,"MORUMBI",1,0,"TITA RUFFO, RUA 612 SAO PAULO SP",-23.6024821,-46.4768047
"10464","D061302030",9580,"ITAQUERA, AV",NA,"",2400,"","03/06/2013 16:45",2,"CO",66,3935," "," ",2,0,1,0,0,0,0,0,0,0,0,1,0,0,0,0,0,9580,"ITAQUERA, AV",NA,"",24,"CIDADE LIDER",1,0,"ITAQUERA, AV 2400 SAO PAULO SP",-23.5495097,-46.5024584
"10465","D061300203",2497,"AUGUSTA, RUA",NA,"",2024,"","03/06/2013 17:03",4,"AT",78,4762,"B"," ",1,0,0,0,0,0,0,0,0,0,0,0,0,0,0,0,0,2497,"AUGUSTA, RUA",NA,"",26,"CONSOLACAO",1,0,"AUGUSTA, RUA 2024 SAO PAULO SP",-23.5600448,-46.6622527
"10466","D061301358",4736,"CELSO GARCIA, AV",NA,"",5868,"","03/06/2013 17:36",2,"CO",52,1689," "," ",0,1,0,1,0,0,0,0,0,0,0,0,0,0,0,0,0,4736,"CELSO GARCIA, AV",NA,"",82,"TATUAPE",1,0,"CELSO GARCIA, AV 5868 SAO PAULO SP",-23.5306472,-46.5564305
"10467","D061301819",14917,"OLAVO EGIDIO DE SOUZA ARANHA, AV",17424,"ROSA MENDES, RUA",0,"","03/06/2013 17:55",4,"AT",62,6327," "," ",0,1,0,0,0,0,0,0,0,0,0,0,0,0,0,0,0,14917,"OLAVO EGIDIO DE SOUZA ARANHA, AV",17424,"ROSA MENDES, RUA",65,"PONTE RASA",2,0,"OLAVO EGIDIO DE SOUZA ARANHA, AV SAO PAULO SP &  ROSA MENDES, RUA SAO PAULO SP",-23.49735,-46.496214
"10468","D061301522",35508,"SIMAO CAETANO NUNES, AV",NA,"",100,"","03/06/2013 18:00",2,"CO",47,6898," "," ",1,1,0,0,0,0,0,0,0,0,0,0,0,0,0,0,0,35508,"SIMAO CAETANO NUNES, AV",NA,"",29,"FREGUESIA DO O",1,0,"SIMAO CAETANO NUNES, AV 100 SAO PAULO SP",-23.6890844,-46.7812602
"10469","D061300434",10815,"HILDEBRANDO SIQUEIRA, RUA",NA,"",16,"","03/06/2013 18:06",2,"CO",97,2565," "," ",1,1,0,0,0,0,0,0,0,0,0,0,0,0,0,0,0,10815,"HILDEBRANDO SIQUEIRA, RUA",NA,"",37,"JABAQUARA",1,0,"HILDEBRANDO SIQUEIRA, RUA 16 SAO PAULO SP",-23.6586752,-46.6435224
"10470","D061301119",17554,"SABAO, ES DO",NA,"",780,"","03/06/2013 18:10",2,"QM",45,1432," "," ",0,1,0,0,0,0,0,0,0,0,0,0,0,0,0,0,0,17554,"SABAO, ES DO",NA,"",40,"JAGUARE",1,0,"SABAO, ES DO 780 SAO PAULO SP",-23.5505199,-46.6333094
"10471","D061302015",63104,"JULIO CESAR MOREIRA, RUA",NA,"",376,"","03/06/2013 18:20",2,"CO",55,7760," "," ",1,1,0,0,0,0,0,0,0,0,0,0,0,0,0,0,0,63104,"JULIO CESAR MOREIRA, RUA",NA,"",55,"MORUMBI",2,0,"JULIO CESAR MOREIRA, RUA 376 SAO PAULO SP",-23.6237641,-46.4660255
"10472","D061300557",18519,"SUMARE, AV",8811,"HOMEM DE MELO, RUA DR",0,"","03/06/2013 18:30",2,"QM",23,4075," "," ",0,1,0,0,0,0,0,0,0,0,0,0,0,0,0,0,0,396,"AIMBERE, RUA",18519,"SUMARE, AV",61,"PERDIZES",1,0,"SUMARE, AV SAO PAULO SP &  HOMEM DE MELO, RUA DR SAO PAULO SP",-22.8071539,-47.223149
"10473","D061300737",16878,"RAPOSO TAVARES, VIA",NA,"",15600,"","03/06/2013 18:35",2,"QM",51,5656," "," ",0,2,0,0,0,0,0,0,0,0,0,0,0,0,0,0,0,16878,"RAPOSO TAVARES, VIA",NA,"",13,"CACHOEIRINHA",1,0,"RAPOSO TAVARES, VIA 15600 SAO PAULO SP",-23.5234354,-48.4841475
"10474","D061301832",2429,"ASSIS RIBEIRO, RUA DR",NA,"",9900,"","03/06/2013 18:40",2,"CO",63,4559," "," ",1,1,0,0,0,0,0,0,0,0,0,0,0,0,0,0,0,2429,"ASSIS RIBEIRO, RUA DR",NA,"",28,"ERMELINO MATARA",1,0,"ASSIS RIBEIRO, RUA DR 9900 SAO PAULO SP",-23.4858363,-46.4673716
"10475","D061301740",15996,"PEDRO SOARES DE ANDRADE, RUA",11000,"JOSE GUILHERME EIRAS, RUA DR",0,"","03/06/2013 19:00",2,"CF",22,4556," "," ",1,0,0,0,0,0,0,0,1,0,0,0,0,0,0,0,0,11000,"JOSE GUILHERME EIRAS, RUA DR",15996,"PEDRO SOARES DE ANDRADE, RUA",76,"SAO MIGUEL",2,0,"PEDRO SOARES DE ANDRADE, RUA SAO PAULO SP &  JOSE GUILHERME EIRAS, RUA DR SAO PAULO SP",-23.4997023,-46.4360133
"10476","D061301432",2917,"DARWIN, RUA",NA,"",357,"","03/06/2013 19:12",2,"CO",11,6406," "," ",1,1,0,0,0,0,0,0,0,0,0,0,0,0,0,0,0,2917,"DARWIN, RUA",NA,"",72,"SANTO AMARO",1,0,"DARWIN, RUA 357 SAO PAULO SP",-23.6541821,-46.6988153
"10478","D061300897",29050,"EUGENIO DE FREITAS, RUA",NA,"",777,"","03/06/2013 19:36",2,"CF",9,5203," "," ",1,1,0,0,0,0,0,0,0,0,0,0,0,0,0,0,0,29050,"EUGENIO DE FREITAS, RUA",NA,"",88,"VILA GUILHERME",1,0,"EUGENIO DE FREITAS, RUA 777 SAO PAULO SP",-23.5199668,-46.5995044
"10479","D061302087",7664,"FURTADO, RUA CONS",NA,"",366,"","03/06/2013 20:00",4,"AT",78,4982," "," ",0,0,0,0,0,0,0,0,0,0,0,0,0,0,0,1,0,7664,"FURTADO, RUA CONS",NA,"",80,"SE",0,1,"FURTADO, RUA CONS 366 SAO PAULO SP",-23.5561298,-46.6331305
"10480","D061301312",1657,"ANTONIO DE BARROS, RUA",NA,"",2194,"","03/06/2013 20:12",4,"AT",30,3380," "," ",0,1,0,0,0,0,0,0,0,0,0,0,0,0,0,0,0,1657,"ANTONIO DE BARROS, RUA",NA,"",82,"TATUAPE",1,0,"ANTONIO DE BARROS, RUA 2194 SAO PAULO SP",-23.5493764,-46.5548436
"10481","D061300435",17911,"SEBASTIAO AFONSO, RUA",NA,"",215,"","03/06/2013 20:16",2,"CO",97,4943," "," ",1,1,0,0,0,0,0,0,0,0,0,0,0,0,0,0,0,17911,"SEBASTIAO AFONSO, RUA",NA,"",29,"FREGUESIA DO O",1,0,"SEBASTIAO AFONSO, RUA 215 SAO PAULO SP",-23.6790438,-46.6353532
"10482","D061302043",59048,"RIACHO DOS MACHADOS, AV",NA,"",44,"","03/06/2013 20:20",4,"AT",69,5916," "," ",0,1,0,0,0,0,0,0,0,0,0,0,0,0,0,0,0,59048,"RIACHO DOS MACHADOS, AV",NA,"",56,"PARELHEIROS",1,0,"RIACHO DOS MACHADOS, AV 44 SAO PAULO SP",-23.5943613,-46.4944467
"10483","D061300135",185,"ADELINO, RUA PDE",NA,"",960,"","03/06/2013 20:21",2,"CO",8,4392,"C"," ",1,1,0,0,0,0,0,0,0,0,0,0,0,0,0,0,0,185,"ADELINO, RUA PDE",NA,"",8,"BELEM",1,0,"ADELINO, RUA PDE 960 SAO PAULO SP",-23.5505199,-46.6333094
"10484","D061302013",17269,"RODOLFO PIRANI, AV",NA,"",630,"","03/06/2013 20:30",2,"CO",55,5932," "," ",1,0,1,0,0,0,0,0,0,0,0,0,0,0,0,0,0,17269,"RODOLFO PIRANI, AV",NA,"",55,"MORUMBI",1,0,"RODOLFO PIRANI, AV 630 SAO PAULO SP",-23.6302476,-46.4616299
"10485","D061301559",10415,"JOAO PEIXOTO VIEGAS, AV",NA,"",315,"","03/06/2013 20:40",2,"CO",80,5895," "," ",0,1,0,0,0,0,0,0,0,0,0,1,0,0,0,0,0,10415,"JOAO PEIXOTO VIEGAS, AV",NA,"",16,"CAMPO GRANDE",1,0,"JOAO PEIXOTO VIEGAS, AV 315 SAO PAULO SP",-23.6705521,-46.6764015
"10486","D061300574",310,"AGENOR COUTO DE MAGALHAES, AV",NA,"",1709,"","03/06/2013 22:20",2,"CO",33,5263," "," ",2,0,0,0,0,0,0,0,0,0,0,1,0,0,0,0,0,310,"AGENOR COUTO DE MAGALHAES, AV",NA,"",64,"PIRITUBA",1,0,"AGENOR COUTO DE MAGALHAES, AV 1709 SAO PAULO SP",-23.4716074,-46.7428565
"10487","D061301053",33642,"MASAO WATANABE, AV",NA,"",1212,"","03/06/2013 23:00",4,"AT",38,3300," "," ",0,1,0,0,0,0,0,0,0,0,0,0,0,0,0,0,0,33642,"MASAO WATANABE, AV",NA,"",8,"BELEM",1,0,"MASAO WATANABE, AV 1212 SAO PAULO SP",-23.4585633,-46.6627543
"10488","D061300204",14804,"NOVE DE JULHO, AV",NA,"",712,"","03/06/2013 23:06",4,"AT",78,4774," "," ",1,0,0,0,0,0,0,0,0,0,0,0,0,0,0,0,0,14804,"NOVE DE JULHO, AV",NA,"",63,"PINHEIROS",2,0,"NOVE DE JULHO, AV 712 SAO PAULO SP",-23.5509715,-46.6453418
"10489","D061300366",17301,"RODRIGUES ALVES, AV CONS",8883,"HUMBERTO I, RUA",0,"","03/06/2013 23:08",2,"CO",36,5889," "," ",2,0,0,0,0,0,0,0,0,0,0,0,0,0,0,0,0,8883,"HUMBERTO I, RUA",17301,"RODRIGUES ALVES, AV CONS",92,"VILA MARIANA",1,0,"RODRIGUES ALVES, AV CONS SAO PAULO SP &  HUMBERTO I, RUA SAO PAULO SP",-23.5875463,-46.6483802
"10490","D061300738",16878,"RAPOSO TAVARES, VIA",NA,"",15000,"","03/06/2013 23:40",2,"CL",51,5667," "," ",1,0,0,0,0,0,0,0,0,0,0,1,0,0,0,0,0,16878,"RAPOSO TAVARES, VIA",NA,"",13,"CACHOEIRINHA",1,0,"RAPOSO TAVARES, VIA 15000 SAO PAULO SP",-23.5250688,-48.4783913
"10491","D061301292",1732,"ANTONIO GOMES, RUA",NA,"",600,"","04/06/2013 00:20",2,"QM",29,3735," "," ",0,1,0,0,0,0,0,0,0,0,0,0,0,0,0,0,0,1732,"ANTONIO GOMES, RUA",NA,"",74,"SAO LUCAS",1,0,"ANTONIO GOMES, RUA 600 SAO PAULO SP",-23.5795704,-46.5577659
"10494","D061301902",1704,"ANTONIO FAGGIANO, RUA FREI",NA,"",300,"","04/06/2013 01:41",4,"AT",103,4566," "," ",1,0,0,0,0,0,0,0,0,0,0,0,0,0,0,0,0,1704,"ANTONIO FAGGIANO, RUA FREI",NA,"",46,"JOSE BONIFACIO",1,0,"ANTONIO FAGGIANO, RUA FREI 300 SAO PAULO SP",-23.5511819,-46.4283913
"10495","D061300101",15656,"PAULISTA, AV",NA,"",900,"","04/06/2013 04:20",2,"CH",5,4778," "," ",1,0,0,0,0,0,0,0,0,0,0,0,0,0,0,0,0,15656,"PAULISTA, AV",NA,"",7,"BELA VISTA",1,0,"PAULISTA, AV 900 SAO PAULO SP",-23.5650422,-46.6510771
"10496","D061300950",27099,"DUTRA, VIA PRES",NA,"",22700,"","04/06/2013 04:30",2,"CT",19,2077," "," ",2,0,1,0,0,0,0,0,0,0,0,0,0,0,0,0,0,27099,"DUTRA, VIA PRES",NA,"",36,"ITAQUERA",1,0,"DUTRA, VIA PRES 22700 SAO PAULO SP",-22.5438627,-44.7837946
"10497","D061302016",17824,"SAPOPEMBA, AV",22160,"SATELITE, AV",0,"","04/06/2013 05:00",2,"CH",55,7781," "," ",1,0,0,0,0,0,0,0,0,0,0,0,0,0,0,0,0,17824,"SAPOPEMBA, AV",22160,"SATELITE, AV",75,"SAO MATEUS",1,0,"SAPOPEMBA, AV SAO PAULO SP &  SATELITE, AV SAO PAULO SP",-23.6148326,-46.5024993
"10498","D061301055",27689,"LUIS CARLOS GENTILE DE LAET, RUA",NA,"",100,"","04/06/2013 06:00",2,"CO",38,5249," "," ",1,1,0,0,0,0,0,0,0,0,0,0,0,0,0,0,0,27689,"LUIS CARLOS GENTILE DE LAET, RUA",NA,"",22,"CIDADE ADEMAR",1,0,"LUIS CARLOS GENTILE DE LAET, RUA 100 SAO PAULO SP",-23.4662149,-46.6300704
"10499","D061300231",9715,"JABAQUARA, AV",8432,"GUATAS, AL DOS",0,"","04/06/2013 06:08",2,"CT",16,7596," "," ",1,1,0,0,0,0,0,0,0,0,0,0,0,0,0,0,0,8432,"GUATAS, AL DOS",9715,"JABAQUARA, AV",79,"SAUDE",1,0,"JABAQUARA, AV SAO PAULO SP &  GUATAS, AL DOS SAO PAULO SP",-23.6202152,-46.6396897
"10500","D061301158",9066,"IMBIRAS, RUA",NA,"",857,"","04/06/2013 06:40",2,"CO",73,5979," "," ",2,0,0,0,0,0,0,0,0,0,0,0,0,0,0,0,0,9066,"IMBIRAS, RUA",NA,"",83,"TREMEMBE",1,0,"IMBIRAS, RUA 857 SAO PAULO SP",-23.4589364,-46.5935901
"10501","D061300807",8000,"GIOVANNI GRONCHI, AV",NA,"",3800,"","04/06/2013 06:50",2,"OU",89,5168,"C"," ",0,1,0,0,0,0,0,0,0,0,0,0,0,0,0,1,0,8000,"GIOVANNI GRONCHI, AV",NA,"",55,"MORUMBI",1,0,"GIOVANNI GRONCHI, AV 3800 SAO PAULO SP",-23.6134114,-46.7304917
"10502","D061300041",17799,"SANTOS DUMONT, AV",NA,"",740,"","04/06/2013 06:53",2,"QM",2,3376,"B"," ",0,1,0,0,0,0,0,0,0,0,0,0,0,0,0,0,0,17799,"SANTOS DUMONT, AV",NA,"",15,"CAMPO BELO",1,0,"SANTOS DUMONT, AV 740 SAO PAULO SP",-23.5222025,-46.6302278
"10504","D061300977",13133,"MARIA AMALIA LOPES AZEVEDO, RUA",12716,"MANUEL GAYA, RUA",0,"","04/06/2013 07:00",2,"CO",20,5210,"C"," ",1,1,0,0,0,0,0,0,0,0,0,0,0,0,0,0,0,12716,"MANUEL GAYA, RUA",13133,"MARIA AMALIA LOPES AZEVEDO, RUA",83,"TREMEMBE",1,0,"MARIA AMALIA LOPES AZEVEDO, RUA SAO PAULO SP &  MANUEL GAYA, RUA SAO PAULO SP",-23.4584963,-46.6105009
"10505","D061301170",30020,"ANTONIO CESAR NETO, RUA",NA,"",378,"","04/06/2013 07:15",2,"QM",73,62154," "," ",0,1,0,0,0,0,0,0,0,0,0,0,0,0,0,0,0,30020,"ANTONIO CESAR NETO, RUA",NA,"",22,"CIDADE ADEMAR",1,0,"ANTONIO CESAR NETO, RUA 378 SAO PAULO SP",-23.4613033,-46.5827592
"10506","D061301262",7645,"FRONTIN, AV CD DE",NA,"",2500,"","04/06/2013 07:22",2,"CL",21,1845,"C"," ",1,1,0,0,0,0,0,0,0,0,0,0,0,0,0,0,0,7645,"FRONTIN, AV CD DE",NA,"",93,"VILA MATILDE",1,0,"FRONTIN, AV CD DE 2500 SAO PAULO SP",-23.5505199,-46.6333094
"10507","D061300886",2455,"ATALIBA LEONEL, AV GAL",NA,"",2100,"","04/06/2013 07:30",4,"AT",9,3468," "," ",1,0,0,0,0,0,0,0,0,0,0,0,0,0,0,0,0,2455,"ATALIBA LEONEL, AV GAL",NA,"",88,"VILA GUILHERME",1,0,"ATALIBA LEONEL, AV GAL 2100 SAO PAULO SP",-23.4970554,-46.6108117
"10508","D061301871",34654,"WALDEMAR TIETZ, AV",NA,"",1291,"","04/06/2013 07:33",2,"CL",65,1895," "," ",1,1,0,0,0,0,0,0,0,0,0,0,0,0,0,0,0,34654,"WALDEMAR TIETZ, AV",NA,"",38,"JACANA",1,0,"WALDEMAR TIETZ, AV 1291 SAO PAULO SP",-23.5501245,-46.4819997
"10509","D061300853",12407,"MAC ARTHUR, AV GAL",NA,"",1255,"","04/06/2013 07:50",4,"AT",93,3515," "," ",1,0,0,0,0,0,0,0,0,0,0,0,0,0,0,0,0,12407,"MAC ARTHUR, AV GAL",NA,"",40,"JAGUARE",1,0,"MAC ARTHUR, AV GAL 1255 SAO PAULO SP",-23.5536199,-46.7524177
"10510","D061301136",71000,"FIRMINOPOLIS, RUA",NA,"",720,"","04/06/2013 07:54",4,"AT",72,5113," "," ",1,0,0,0,0,0,0,0,0,0,0,0,0,0,0,0,0,71000,"FIRMINOPOLIS, RUA",NA,"",8,"BELEM",1,0,"FIRMINOPOLIS, RUA 720 SAO PAULO SP",-23.44999,-46.6872136
"10512","D061300402",11562,"LAGRIMAS, ES DAS",NA,"",1400,"","04/06/2013 08:00",2,"CO",95,900023," "," ",1,1,0,0,0,0,0,0,0,0,0,0,0,0,0,0,0,11562,"LAGRIMAS, ES DAS",NA,"",69,"SACOMA",1,0,"LAGRIMAS, ES DAS 1400 SAO PAULO SP",-23.5505199,-46.6333094
"10513","D061302002",43405,"IGUATEMI, ES",99555,"MARCIO BECK MACHADO, RUA",0,"","04/06/2013 08:02",4,"AT",54,7796," "," ",0,0,1,0,0,0,0,0,0,0,0,0,0,0,0,0,0,43405,"IGUATEMI, ES",99555,"MARCIO BECK MACHADO, RUA",36,"ITAQUERA",1,0,"IGUATEMI, ES SAO PAULO SP &  MARCIO BECK MACHADO, RUA SAO PAULO SP",-23.5505199,-46.6333094