"","id_acidente","codloga","logradouroA","codlogb","logradouroB","alt_num","referencia","data","cod_acid","tipo_acidente","dp","numero_BO","sentido","pista","automovel","moto","onibus","caminhao","bicicleta","moto_taxi","onibus_fretado","onibus_urbano","microonibus","van","vuc","caminhonete","carreta","jipe","outros","sem_informacao","carroca","princ_a","paiA","princ_b","paiB","cod_distrito","distrito","vit_ferida","vit_morta","local","lat","lon"
"10514","D061300230",33750,"MACHADO, RUA PDE",NA,"",751,"","04/06/2013 08:07",4,"AT",16,7594," "," ",1,0,0,0,0,0,0,0,0,0,0,0,0,0,0,0,0,33750,"MACHADO, RUA PDE",NA,"",21,"CASA VERDE",1,0,"MACHADO, RUA PDE 751 SAO PAULO SP",-23.885001,-47.9857426
"10515","D061300754",16878,"RAPOSO TAVARES, VIA",NA,"",40000,"","04/06/2013 08:20",2,"CT",75,1894," "," ",1,1,0,0,0,0,0,0,0,0,0,0,0,0,0,0,0,16878,"RAPOSO TAVARES, VIA",NA,"",13,"CACHOEIRINHA",1,0,"RAPOSO TAVARES, VIA 40000 SAO PAULO SP",-23.5865665,-46.7549639
"10516","D061300205",3581,"BRASIL, AV",2164,"ARGENTINA, RUA",0,"","04/06/2013 08:25",2,"CO",78,4779," "," ",2,0,0,0,0,0,0,0,0,0,0,0,0,0,0,0,0,2164,"ARGENTINA, RUA",3581,"BRASIL, AV",44,"JARDIM PAULISTA",1,0,"BRASIL, AV SAO PAULO SP &  ARGENTINA, RUA SAO PAULO SP",-21.4863218,-47.3631133
"10517","D061300229",9537,"ITAPIRU, RUA",4630,"CATULO DA PAIXAO CEARENSE, RUA",0,"","04/06/2013 08:48",2,"CO",16,7589," "," ",1,1,0,0,0,0,0,0,0,0,0,0,0,0,0,0,0,4630,"CATULO DA PAIXAO CEARENSE, RUA",9537,"ITAPIRU, RUA",79,"SAUDE",1,0,"ITAPIRU, RUA SAO PAULO SP &  CATULO DA PAIXAO CEARENSE, RUA SAO PAULO SP",-23.6164411,-46.6351289
"10518","D061300291",19931,"WASHINGTON LUIS, AV",6089,"DORIA, AV",0,"","04/06/2013 08:53",2,"CO",27,5894," "," ",1,1,0,0,0,0,0,0,0,0,0,0,0,0,0,0,0,6089,"DORIA, AV",19931,"WASHINGTON LUIS, AV",15,"CAMPO BELO",1,0,"WASHINGTON LUIS, AV SAO PAULO SP &  DORIA, AV SAO PAULO SP",-23.6605391,-46.7039265
"10519","D061300854",3376,"BILLINGS, AV ENG",NA,"",15,"","04/06/2013 09:00",2,"CO",93,3520," "," ",1,1,0,0,0,0,0,0,0,0,0,0,0,0,0,0,0,13014,"MARGINAL DO RIO PINHEIROS, AV",NA,"",40,"JAGUARE",1,0,"BILLINGS, AV ENG 15 SAO PAULO SP",-23.5392385,-46.7432932
"10520","D061301009",15188,"OTAVIANO ALVES DE LIMA, AV",NA,"",3600,"","04/06/2013 09:00",2,"SI",28,3005," "," ",1,1,0,0,0,0,0,0,0,0,0,0,0,0,0,0,0,29772,"MARGINAL DO RIO TIETE, AV",NA,"",23,"CIDADE DUTRA",1,0,"OTAVIANO ALVES DE LIMA, AV 3600 SAO PAULO SP",-23.5076573,-46.6915283
"10521","D061301109",18948,"JOSE DE BRITO DE FREITAS, AV",NA,"",423,"","04/06/2013 09:40",2,"QD",40,6207," "," ",0,0,0,0,0,0,0,1,0,0,0,0,0,0,0,0,0,18948,"JOSE DE BRITO DE FREITAS, AV",NA,"",23,"CIDADE DUTRA",2,0,"JOSE DE BRITO DE FREITAS, AV 423 SAO PAULO SP",-23.5005469,-46.6626382
"10522","D061300216",6651,"ESTADOS UNIDOS, RUA",15372,"PAMPLONA, RUA",0,"","04/06/2013 09:40",2,"CO",78,5081," "," ",1,1,0,0,0,0,0,0,0,0,0,0,0,0,0,0,0,6651,"ESTADOS UNIDOS, RUA",15372,"PAMPLONA, RUA",44,"JARDIM PAULISTA",1,0,"ESTADOS UNIDOS, RUA SAO PAULO SP &  PAMPLONA, RUA SAO PAULO SP",-23.5712648,-46.6634934
"10523","D061300042",2864,"BARRA DO TIBAJI, RUA",17507,"RUDGE, AV",0,"","04/06/2013 09:41",2,"CO",2,3387," "," ",0,1,0,0,0,0,0,0,0,0,0,1,0,0,0,0,0,2864,"BARRA DO TIBAJI, RUA",17507,"RUDGE, AV",9,"BOM RETIRO",1,0,"BARRA DO TIBAJI, RUA SAO PAULO SP &  RUDGE, AV SAO PAULO SP",-23.5217785,-46.6390241
"10524","D061301428",6238,"NACOES UNIDAS, AV DAS",NA,"",18913,"","04/06/2013 10:00",2,"CO",11,2754," "," ",1,1,0,0,0,0,0,0,0,0,0,0,0,0,0,0,0,13014,"MARGINAL DO RIO PINHEIROS, AV",NA,"",90,"VILA LEOPOLDINA",1,0,"NACOES UNIDAS, AV DAS 18913 SAO PAULO SP",-23.6791498,-46.6960706
"10525","D061301496",5606,"CUPECE, AV",NA,"",2288,"","04/06/2013 10:00",2,"CP",43,2106," "," ",2,0,0,0,0,0,0,0,0,0,0,0,0,0,0,0,0,5606,"CUPECE, AV",NA,"",22,"CIDADE ADEMAR",1,0,"CUPECE, AV 2288 SAO PAULO SP",-23.6626769,-46.6622976
"10526","D061301731",8240,"GUACHOS, AV DOS",NA,"",176,"","04/06/2013 11:00",2,"CO",22,2657,"C"," ",1,1,0,0,0,0,0,0,0,0,0,0,0,0,0,0,0,8240,"GUACHOS, AV DOS",NA,"",86,"VILA CURUCA",1,0,"GUACHOS, AV DOS 176 SAO PAULO SP",-23.5006843,-46.423489
"10527","D061301363",9789,"JACIRENDI, RUA",NA,"",477,"","04/06/2013 11:00",2,"CO",52,1925," "," ",3,0,0,0,0,0,0,0,0,0,0,0,0,0,0,0,0,9789,"JACIRENDI, RUA",NA,"",82,"TATUAPE",2,0,"JACIRENDI, RUA 477 SAO PAULO SP",-23.5308605,-46.5790415
"10528","D061301916",17135,"RIO DAS PEDRAS, AV",9134,"INCONFIDENCIA MINEIRA, AV",0,"","04/06/2013 11:00",2,"CO",41,6950," "," ",0,1,0,0,0,0,0,0,0,0,0,0,0,0,0,1,0,9134,"INCONFIDENCIA MINEIRA, AV",17135,"RIO DAS PEDRAS, AV",4,"ARICANDUVA",1,0,"RIO DAS PEDRAS, AV SAO PAULO SP &  INCONFIDENCIA MINEIRA, AV SAO PAULO SP",-23.5630062,-46.5152683
"10529","D061300515",1374,"ANGELINA MAFFEI VITA, RUA",NA,"",128,"","04/06/2013 11:20",4,"AT",15,2751," "," ",0,0,0,0,0,0,0,0,0,0,0,1,0,0,0,0,0,1374,"ANGELINA MAFFEI VITA, RUA",NA,"",63,"PINHEIROS",1,0,"ANGELINA MAFFEI VITA, RUA 128 SAO PAULO SP",-23.5777923,-46.6878006
"10531","D061300480",16919,"REBOUCAS, AV",NA,"",1330,"","04/06/2013 12:00",4,"AT",14,5691," "," ",1,1,0,0,0,0,0,0,0,0,0,0,0,0,0,0,0,16919,"REBOUCAS, AV",NA,"",44,"JARDIM PAULISTA",1,0,"REBOUCAS, AV 1330 SAO PAULO SP",-23.561783,-46.6743007
"10532","D061301209",18007,"SERAFIM GONCALVES PEREIRA, AV",524,"ALBINO CESAR, RUA SOLD",0,"","04/06/2013 12:30",2,"CO",90,2205," "," ",2,0,0,0,0,0,0,0,0,0,0,0,0,0,0,0,0,524,"ALBINO CESAR, RUA SOLD",6806,"EURIPEDES RODRIGUES DE LIMA, RUA SOLD",91,"VILA MARIA",2,0,"SERAFIM GONCALVES PEREIRA, AV SAO PAULO SP &  ALBINO CESAR, RUA SOLD SAO PAULO SP",-23.5201512,-46.5682742
"10533","D061300206",15656,"PAULISTA, AV",NA,"",1450,"","04/06/2013 12:42",4,"AT",78,4805," "," ",0,1,0,0,0,0,0,0,0,0,0,0,0,0,0,0,0,15656,"PAULISTA, AV",NA,"",7,"BELA VISTA",2,0,"PAULISTA, AV 1450 SAO PAULO SP",-23.5622347,-46.6550932
"10534","D061300403",6238,"NACOES UNIDAS, AV DAS",NA,"",11857,"","04/06/2013 13:25",2,"CO",96,2622," "," ",1,1,0,0,0,0,0,0,0,0,0,0,0,0,0,0,0,13014,"MARGINAL DO RIO PINHEIROS, AV",NA,"",90,"VILA LEOPOLDINA",1,0,"NACOES UNIDAS, AV DAS 11857 SAO PAULO SP",-23.6038883,-46.6958535
"10535","D061300272",12421,"MACARIO, RUA DOM",NA,"",930,"","04/06/2013 13:39",2,"CO",26,4964," "," ",4,0,0,0,0,0,0,0,0,0,0,0,0,0,0,0,0,12421,"MACARIO, RUA DOM",NA,"",27,"CURSINO",2,0,"MACARIO, RUA DOM 930 SAO PAULO SP",-23.6200769,-46.6144377
"10536","D061301933",24428,"FORTE DO LEME, AV",24420,"FORTE DE ARAXA, RUA",0,"","04/06/2013 13:54",2,"CO",49,7798," "," ",1,0,0,0,0,0,0,0,1,0,0,0,0,0,0,0,0,24420,"FORTE DE ARAXA, RUA",24428,"FORTE DO LEME, AV",75,"SAO MATEUS",2,0,"FORTE DO LEME, AV SAO PAULO SP &  FORTE DE ARAXA, RUA SAO PAULO SP",-23.608772,-46.4663942
"10537","D061300796",8483,"GUILHERME DUMONT VILARES, AV DR",NA,"",182,"","04/06/2013 14:00",2,"CT",89,2477," "," ",0,1,0,0,0,0,0,0,0,0,0,1,0,0,0,0,0,8483,"GUILHERME DUMONT VILARES, AV DR",NA,"",85,"VILA ANDRADE",1,0,"GUILHERME DUMONT VILARES, AV DR 182 SAO PAULO SP",-23.6057412,-46.7464412
"10538","D061301234",18002,"SERAFIM, RUA S",29637,"BALDAIA, TR",0,"","04/06/2013 14:10",2,"CO",10,6327," "," ",0,1,0,0,0,0,0,0,0,0,0,1,0,0,0,0,0,18002,"SERAFIM, RUA S",29637,"BALDAIA, TR",NA,"",1,0,"SERAFIM, RUA S SAO PAULO SP &  BALDAIA, TR SAO PAULO SP",-23.5292976,-46.5401277
"10539","D061300446",28856,"JOAO DA ROCHA FERREIRA, RUA",NA,"",41,"","04/06/2013 14:10",4,"AT",7,3463," "," ",0,0,0,1,0,0,0,0,0,0,0,0,0,0,0,0,0,28856,"JOAO DA ROCHA FERREIRA, RUA",NA,"",14,"CAMBUCI",1,0,"JOAO DA ROCHA FERREIRA, RUA 41 SAO PAULO SP",-23.5174437,-46.7002454
"10540","D061300755",16878,"RAPOSO TAVARES, VIA",NA,"",17000,"","04/06/2013 14:30",2,"QM",75,1901," "," ",0,1,0,0,0,0,0,0,0,0,0,0,0,0,0,0,0,16878,"RAPOSO TAVARES, VIA",NA,"",13,"CACHOEIRINHA",1,0,"RAPOSO TAVARES, VIA 17000 SAO PAULO SP",-23.5192434,-48.4984666
"10541","D061300782",16838,"RAIMUNDO PEREIRA DE MAGAL., AV",NA,"",8850,"","04/06/2013 14:40",2,"CO",87,2466," "," ",0,0,0,2,0,0,0,0,0,0,0,0,0,0,0,0,0,16838,"RAIMUNDO PEREIRA DE MAGAL., AV",NA,"",31,"GUAIANASES",1,0,"RAIMUNDO PEREIRA DE MAGAL., AV 8850 SAO PAULO SP",-23.4586326,-46.7188536
"10544","D061300065",9648,"ITU, RUA MARQ DE",3231,"BENTO FREITAS, RUA",0,"","04/06/2013 15:22",4,"AT",3,4497," "," ",1,0,0,0,0,0,0,0,0,0,0,0,0,0,0,0,0,3231,"BENTO FREITAS, RUA",9648,"ITU, RUA MARQ DE",67,"REPUBLICA",1,0,"ITU, RUA MARQ DE SAO PAULO SP &  BENTO FREITAS, RUA SAO PAULO SP",-23.5437753,-46.6493097
"10545","D061301417",15524,"PARNAIBA, RUA VISC DE",13588,"MARTIM AFONSO, RUA",0,"","04/06/2013 15:34",2,"CO",81,1600," "," ",1,0,1,0,0,0,0,0,0,0,0,0,0,0,0,0,0,13588,"MARTIM AFONSO, RUA",15524,"PARNAIBA, RUA VISC DE",8,"BELEM",1,0,"PARNAIBA, RUA VISC DE SAO PAULO SP &  MARTIM AFONSO, RUA SAO PAULO SP",-23.5478089,-46.6110045
"10546","D061301497",5606,"CUPECE, AV",NA,"",4462,"","04/06/2013 15:35",4,"AT",43,2116," "," ",0,1,0,0,0,0,0,0,0,0,0,0,0,0,0,0,0,5606,"CUPECE, AV",NA,"",22,"CIDADE ADEMAR",1,0,"CUPECE, AV 4462 SAO PAULO SP",-23.6732173,-46.6440051
"10547","D061301603",8368,"GUARAPIRANGA, AV",NA,"",3000,"","04/06/2013 16:30",2,"QM",92,6934," "," ",1,1,0,0,0,0,0,0,0,0,0,0,0,0,0,0,0,8368,"GUARAPIRANGA, AV",NA,"",45,"JARDIM SAO LUIS",1,0,"GUARAPIRANGA, AV 3000 SAO PAULO SP",-23.6665868,-46.7205924
"10548","D061300518",13478,"MARIO FERRAZ, RUA DR",NA,"",450,"","04/06/2013 16:30",4,"AA",15,2836," "," ",1,0,0,0,0,0,0,0,0,0,0,0,0,0,0,0,0,13478,"MARIO FERRAZ, RUA DR",NA,"",63,"PINHEIROS",1,0,"MARIO FERRAZ, RUA DR 450 SAO PAULO SP",-23.5843914,-46.6855644
"10549","D061300154",7786,"GASOMETRO, RUA DO",5372,"CORREIA DE ANDRADE, RUA",0,"","04/06/2013 16:30",2,"CO",12,3039," "," ",1,1,0,0,0,0,0,0,0,0,0,0,0,0,0,0,0,5372,"CORREIA DE ANDRADE, RUA",7786,"GASOMETRO, RUA DO",10,"BRAS",1,0,"GASOMETRO, RUA DO SAO PAULO SP &  CORREIA DE ANDRADE, RUA SAO PAULO SP",-23.5441273,-46.6225263
"10551","D061300920",16958,"REIMS, RUA",NA,"",175,"","04/06/2013 16:45",2,"QM",13,6222," "," ",0,1,0,0,0,0,0,0,0,0,0,0,0,0,0,0,0,16958,"REIMS, RUA",NA,"",23,"CIDADE DUTRA",1,0,"REIMS, RUA 175 SAO PAULO SP",-23.5079472,-46.6652797
"10552","D061301137",15425,"CANTIDIO SAMPAIO, AV DEP",NA,"",1111,"","04/06/2013 16:50",4,"AT",72,5132," "," ",0,1,0,0,0,0,0,0,0,0,0,0,0,0,0,0,0,15425,"CANTIDIO SAMPAIO, AV DEP",NA,"",41,"JARAGUA",1,0,"CANTIDIO SAMPAIO, AV DEP 1111 SAO PAULO SP",-23.4677562,-46.6778449
"10553","D061300602",8000,"GIOVANNI GRONCHI, AV",5195,"COMBATENTES DO GUETO, RUA",0,"","04/06/2013 17:20",2,"CO",34,3313," "," ",1,1,0,0,0,0,0,0,0,0,0,0,0,0,0,0,0,5195,"COMBATENTES DO GUETO, RUA",8000,"GIOVANNI GRONCHI, AV",55,"MORUMBI",1,0,"GIOVANNI GRONCHI, AV SAO PAULO SP &  COMBATENTES DO GUETO, RUA SAO PAULO SP",-23.6004501,-46.710515
"10554","D061301892",11543,"LAGEADO VELHO, ES DO",NA,"",211,"","04/06/2013 17:30",4,"AT",68,6958,"C"," ",0,1,0,0,0,0,0,0,0,0,0,0,0,0,0,0,0,11543,"LAGEADO VELHO, ES DO",NA,"",47,"LAJEADO",1,0,"LAGEADO VELHO, ES DO 211 SAO PAULO SP",-23.5505199,-46.6333094
"10555","D061300770",6234,"EDVARD CARMILO, RUA",21445,"FRANCISCO LEITE ESQUERDO, RUA",0,"","04/06/2013 17:30",4,"AT",75,3346," "," ",1,0,0,0,0,0,0,0,0,0,0,0,0,0,0,0,0,6234,"EDVARD CARMILO, RUA",21445,"FRANCISCO LEITE ESQUERDO, RUA",96,"VILA SONIA",1,0,"EDVARD CARMILO, RUA SAO PAULO SP &  FRANCISCO LEITE ESQUERDO, RUA SAO PAULO SP",-23.5976421,-46.7525513
"10557","D061300122",6642,"ESTADO, AV DO",12238,"LUIS GAMA, RUA",0,"","04/06/2013 18:45",2,"CO",6,4417," "," ",1,1,0,0,0,0,0,0,0,0,0,0,0,0,0,0,0,6642,"ESTADO, AV DO",12238,"LUIS GAMA, RUA",14,"CAMBUCI",2,0,"ESTADO, AV DO SAO PAULO SP &  LUIS GAMA, RUA SAO PAULO SP",-23.5635869,-46.6112253
"10558","D061301005",34562,"JOAO PAULO I, AV",3000,"BAIAO PARENTE, RUA",0,"","04/06/2013 19:20",2,"CT",28,1426,"B"," ",1,1,0,0,0,0,0,0,0,0,0,0,0,0,0,0,0,3000,"BAIAO PARENTE, RUA",34562,"JOAO PAULO I, AV",29,"FREGUESIA DO O",1,0,"JOAO PAULO I, AV SAO PAULO SP &  BAIAO PARENTE, RUA SAO PAULO SP",-23.4905859,-46.6887778
"10559","D061301648",13035,"MIGUEL YUNES, RUA",NA,"",1762,"","04/06/2013 19:30",2,"CT",99,6451," "," ",1,1,0,0,0,0,0,0,0,0,0,0,0,0,0,0,0,13035,"MIGUEL YUNES, RUA",NA,"",16,"CAMPO GRANDE",1,0,"MIGUEL YUNES, RUA 1762 SAO PAULO SP",-23.6945223,-46.6806779
"10560","D061300898",14270,"MORVAN DIAS DE FIGUEIREDO, AV",8466,"GUILHERME, AV",0,"","04/06/2013 20:00",2,"QM",9,5232," "," ",0,1,0,0,0,0,0,0,0,0,0,0,0,0,0,0,0,8466,"GUILHERME, AV",14270,"MORVAN DIAS DE FIGUEIREDO, AV",88,"VILA GUILHERME",1,0,"MORVAN DIAS DE FIGUEIREDO, AV SAO PAULO SP &  GUILHERME, AV SAO PAULO SP",-23.5218788,-46.6058375
"10561","D061301433",18119,"CANCIONEIRO POPULAR, RUA",NA,"",203,"","04/06/2013 20:15",2,"CO",11,6453," "," ",1,1,0,0,0,0,0,0,0,0,0,0,0,0,0,0,0,18119,"CANCIONEIRO POPULAR, RUA",NA,"",30,"GRAJAU",1,0,"CANCIONEIRO POPULAR, RUA 203 SAO PAULO SP",-23.6303615,-46.6949867
"10562","D061300833",14172,"MONTE PASCAL, RUA",7841,"GAVIAO PEIXOTO, RUA BRIG",0,"","04/06/2013 20:40",2,"CO",91,4121," "," ",1,1,0,0,0,0,0,0,0,0,0,0,0,0,0,0,0,7841,"GAVIAO PEIXOTO, RUA BRIG",14172,"MONTE PASCAL, RUA",48,"LAPA",1,0,"MONTE PASCAL, RUA SAO PAULO SP &  GAVIAO PEIXOTO, RUA BRIG SAO PAULO SP",-23.5194453,-46.7232751
"10563","D061300452",5042,"CLAUDIO, RUA",5072,"CLELIA, RUA",0,"","04/06/2013 20:45",4,"AT",7,4107," "," ",0,0,0,0,0,0,0,0,0,0,0,1,0,0,0,0,0,5042,"CLAUDIO, RUA",5072,"CLELIA, RUA",48,"LAPA",1,0,"CLAUDIO, RUA SAO PAULO SP &  CLELIA, RUA SAO PAULO SP",-23.5278063,-46.6910931
"10564","D061300260",3560,"FREIRE BRAYNER, RUA",5762,"DELAMARE, AV ALM",0,"","04/06/2013 20:55",4,"AT",17,4978," "," ",1,0,0,0,0,0,0,0,0,0,0,0,0,0,0,0,0,3560,"FREIRE BRAYNER, RUA",5762,"DELAMARE, AV ALM",33,"IPIRANGA",1,0,"FREIRE BRAYNER, RUA SAO PAULO SP &  DELAMARE, AV ALM SAO PAULO SP",-23.6043735,-46.5959152
"10565","D061301345",15032,"ORATORIO, AV DO",NA,"",3000,"","04/06/2013 21:00",2,"CL",42,3748," "," ",1,1,0,0,0,0,0,0,0,0,0,0,0,0,0,0,0,15032,"ORATORIO, AV DO",NA,"",26,"CONSOLACAO",1,0,"ORATORIO, AV DO 3000 SAO PAULO SP",-23.5961963,-46.5426246
"10566","D061300416",4249,"CARDOSO DE MELO, AV DR",NA,"",1666,"","04/06/2013 21:25",4,"AT",96,5934," "," ",0,0,0,0,0,0,0,0,0,0,0,2,0,0,0,0,0,4249,"CARDOSO DE MELO, AV DR",NA,"",34,"ITAIM BIBI",1,0,"CARDOSO DE MELO, AV DR 1666 SAO PAULO SP",-23.5962483,-46.6892441
"10567","D061302080",371,"AGUAS VIRTUOSAS, RUA",NA,"",367,"","04/06/2013 22:15",4,"AT",14,5713," "," ",1,0,0,0,0,0,0,0,0,0,0,0,0,0,0,0,0,371,"AGUAS VIRTUOSAS, RUA",NA,"",21,"CASA VERDE",1,1,"AGUAS VIRTUOSAS, RUA 367 SAO PAULO SP",-23.501262,-46.6547146
"10568","D061300921",371,"AGUAS VIRTUOSAS, RUA",NA,"",367,"","04/06/2013 22:15",4,"AT",13,6228," "," ",1,0,0,0,0,0,0,0,0,0,0,0,0,0,0,0,0,371,"AGUAS VIRTUOSAS, RUA",NA,"",21,"CASA VERDE",1,0,"AGUAS VIRTUOSAS, RUA 367 SAO PAULO SP",-23.501262,-46.6547146
"10570","D061300482",33683,"PAULO VI, AV",NA,"",10,"","04/06/2013 22:44",2,"QM",14,5708," "," ",0,1,0,0,0,0,0,0,0,0,0,0,0,0,0,0,0,33683,"PAULO VI, AV",NA,"",19,"CAPAO REDONDO",1,0,"PAULO VI, AV 10 SAO PAULO SP",-23.5033719,-46.7906259
"10572","D061302133",6927,"HARRY DANHENBERG, RUA",NA,"",171,"","05/06/2013 00:40",2,"CL",53,3966," "," ",0,1,1,0,0,0,0,0,0,0,0,0,0,0,0,0,0,6927,"HARRY DANHENBERG, RUA",NA,"",24,"CIDADE LIDER",0,1,"HARRY DANHENBERG, RUA 171 SAO PAULO SP",-22.8006307,-49.2912154
"10574","D061301160",13133,"MARIA AMALIA LOPES AZEVEDO, RUA",NA,"",3731,"","05/06/2013 06:20",2,"CO",73,6025," "," ",1,1,0,0,0,0,0,0,0,0,0,0,0,0,0,0,0,13133,"MARIA AMALIA LOPES AZEVEDO, RUA",NA,"",83,"TREMEMBE",2,0,"MARIA AMALIA LOPES AZEVEDO, RUA 3731 SAO PAULO SP",-23.4563264,-46.5909559
"10575","D061301006",36284,"PETRONIO PORTELA, AV MIN",NA,"",600,"","05/06/2013 06:20",2,"CO",28,1437," "," ",1,1,0,0,0,0,0,0,0,0,0,0,0,0,0,0,0,36284,"PETRONIO PORTELA, AV MIN",NA,"",4,"ARICANDUVA",1,0,"PETRONIO PORTELA, AV MIN 600 SAO PAULO SP",-23.4943449,-46.7011422
"10576","D061301584",48575,"JOSE MANOEL CAMISA NOVA, RUA",12134,"ANTONIO RAMOS ROSA, RUA",0,"","05/06/2013 06:40",2,"CO",92,3487," "," ",1,1,0,0,0,0,0,0,0,0,0,0,0,0,0,0,0,12134,"ANTONIO RAMOS ROSA, RUA",48575,"JOSE MANOEL CAMISA NOVA, RUA",45,"JARDIM SAO LUIS",1,0,"JOSE MANOEL CAMISA NOVA, RUA SAO PAULO SP &  ANTONIO RAMOS ROSA, RUA SAO PAULO SP",-23.6630317,-46.7480941
"10577","D061300516",6897,"FARIA LIMA, AV BRIG",12326,"JUSCELINO KUBITSCHEK, AV PRES",0,"","05/06/2013 06:49",2,"CO",15,2762," "," ",2,1,0,0,0,0,0,0,0,0,0,0,0,0,0,0,0,6897,"FARIA LIMA, AV BRIG",12326,"JUSCELINO KUBITSCHEK, AV PRES",34,"ITAIM BIBI",1,0,"FARIA LIMA, AV BRIG SAO PAULO SP &  JUSCELINO KUBITSCHEK, AV PRES SAO PAULO SP",-23.5786046,-46.685823
"10578","D061301434",10918,"JOSE DINIZ, AV VER",NA,"",1124,"","05/06/2013 06:50",2,"CT",11,6470," "," ",1,1,0,0,0,0,0,0,0,0,0,0,0,0,0,0,0,10918,"JOSE DINIZ, AV VER",NA,"",15,"CAMPO BELO",2,0,"JOSE DINIZ, AV VER 1124 SAO PAULO SP",-23.6338572,-46.6905517
"10579","D061301075",9512,"ITAMONTE, RUA",5493,"CRISPIM DUARTE, RUA",0,"","05/06/2013 06:55",2,"CO",39,2546," "," ",1,1,0,0,0,0,0,0,0,0,0,0,0,0,0,0,0,5493,"CRISPIM DUARTE, RUA",9512,"ITAMONTE, RUA",94,"VILA MEDEIROS",1,0,"ITAMONTE, RUA SAO PAULO SP &  CRISPIM DUARTE, RUA SAO PAULO SP",-23.4891779,-46.5786137
"10580","D061300273",2223,"ARLINDO VIEIRA, AV PDE",NA,"",1305,"","05/06/2013 07:00",2,"CT",26,4986," "," ",0,1,0,0,0,0,0,0,1,0,0,0,0,0,0,0,0,2223,"ARLINDO VIEIRA, AV PDE",NA,"",21,"CASA VERDE",1,0,"ARLINDO VIEIRA, AV PDE 1305 SAO PAULO SP",-23.5505199,-46.6333094
"10581","D061300345",15872,"PEDRO ALVARES CABRAL, RUA",57,"ABILIO SOARES, RUA",0,"","05/06/2013 07:20",2,"CO",36,2403," "," ",0,1,0,0,1,0,0,0,0,0,0,0,0,0,0,0,0,57,"ABILIO SOARES, RUA",15872,"PEDRO ALVARES CABRAL, RUA",NA,"",1,0,"PEDRO ALVARES CABRAL, RUA SAO PAULO SP &  ABILIO SOARES, RUA SAO PAULO SP",-23.534756,-46.6260108
"10582","D061301798",9293,"CORDAO DE SAO FRANCISCO, RUA",NA,"",675,"","05/06/2013 07:25",2,"CL",59,1975," "," ",1,1,0,0,0,0,0,0,0,0,0,0,0,0,0,0,0,9293,"CORDAO DE SAO FRANCISCO, RUA",NA,"",43,"JARDIM HELENA",1,0,"CORDAO DE SAO FRANCISCO, RUA 675 SAO PAULO SP",-23.4937003,-46.4033873
"10583","D061301583",16053,"JOSE BARROS MAGALDI, RUA",NA,"",829,"","05/06/2013 07:40",2,"CO",92,3477," "," ",1,1,0,0,0,0,0,0,0,0,0,0,0,0,0,0,0,16053,"JOSE BARROS MAGALDI, RUA",NA,"",32,"IGUATEMI",1,0,"JOSE BARROS MAGALDI, RUA 829 SAO PAULO SP",-23.6649345,-46.7370227
"10584","D061301418",19035,"TOLEDO BARBOSA, RUA",16959,"REINALDO CAJADO, RUA ENG",0,"","05/06/2013 07:40",2,"CT",81,1607," "," ",2,0,0,0,0,0,0,0,0,0,0,0,0,0,0,0,0,16959,"REINALDO CAJADO, RUA ENG",19035,"TOLEDO BARBOSA, RUA",NA,"",1,0,"TOLEDO BARBOSA, RUA SAO PAULO SP &  REINALDO CAJADO, RUA ENG SAO PAULO SP",-23.5414976,-46.5873732
"10585","D061300539",2271,"ARNALDO, AV DR",4248,"CARDOSO DE ALMEIDA, RUA",0,"","05/06/2013 07:49",2,"CT",23,3176," "," ",1,1,0,0,0,0,0,0,0,0,0,0,0,0,0,0,0,2271,"ARNALDO, AV DR",4248,"CARDOSO DE ALMEIDA, RUA",26,"CONSOLACAO",1,0,"ARNALDO, AV DR SAO PAULO SP &  CARDOSO DE ALMEIDA, RUA SAO PAULO SP",-23.5514196,-46.6767025
"10586","D061300314",6727,"CARMINE DI GENIO, RUA",14534,"NHANDIROBAS, RUA DAS",0,"","05/06/2013 08:31",2,"CO",35,4539," "," ",1,1,0,0,0,0,0,0,0,0,0,0,0,0,0,0,0,6727,"CARMINE DI GENIO, RUA",14534,"NHANDIROBAS, RUA DAS",37,"JABAQUARA",1,0,"CARMINE DI GENIO, RUA SAO PAULO SP &  NHANDIROBAS, RUA DAS SAO PAULO SP",-23.646506,-46.6461404
"10587","D061301210",10471,"JOAO SIMAO DE CASTRO, AV",NA,"",625,"","05/06/2013 08:35",2,"SI",90,2214," "," ",1,0,0,0,1,0,0,0,0,0,0,0,0,0,0,0,0,10471,"JOAO SIMAO DE CASTRO, AV",NA,"",94,"VILA MEDEIROS",1,0,"JOAO SIMAO DE CASTRO, AV 625 SAO PAULO SP",-23.4891677,-46.5696521
"10589","D061300834",15748,"PAULO FRANCO, RUA",NA,"",63,"","05/06/2013 09:43",4,"AT",91,4124," "," ",1,0,0,0,0,0,0,0,0,0,0,0,0,0,0,0,0,15748,"PAULO FRANCO, RUA",NA,"",90,"VILA LEOPOLDINA",1,0,"PAULO FRANCO, RUA 63 SAO PAULO SP",-23.5313815,-46.7288178