"","id_acidente","codloga","logradouroA","codlogb","logradouroB","alt_num","referencia","data","cod_acid","tipo_acidente","dp","numero_BO","sentido","pista","automovel","moto","onibus","caminhao","bicicleta","moto_taxi","onibus_fretado","onibus_urbano","microonibus","van","vuc","caminhonete","carreta","jipe","outros","sem_informacao","carroca","princ_a","paiA","princ_b","paiB","cod_distrito","distrito","vit_ferida","vit_morta","local","lat","lon"
"10590","D061301263",2181,"ARICANDUVA, AV",12612,"MANILHA, RUA",0,"","05/06/2013 09:56",2,"CL",21,1861," "," ",1,1,0,0,0,0,0,0,0,0,0,0,0,0,0,0,0,2181,"ARICANDUVA, AV",2440,"ASTARTE, RUA",20,"CARRAO",1,0,"ARICANDUVA, AV SAO PAULO SP &  MANILHA, RUA SAO PAULO SP",-23.5479783,-46.5260893
"10591","D061300603",19461,"VALERIO, AV S",NA,"",524,"","05/06/2013 10:05",2,"CO",34,3326," "," ",1,2,0,0,0,0,0,0,0,0,0,1,0,0,0,0,0,19461,"VALERIO, AV S",NA,"",13,"CACHOEIRINHA",3,0,"VALERIO, AV S 524 SAO PAULO SP",-23.5829585,-46.7024248
"10592","D061301260",5836,"DIANOPOLIS, RUA",NA,"",180,"","05/06/2013 10:28",2,"CF",18,961," "," ",3,1,0,0,0,0,0,0,0,0,0,0,0,0,0,0,0,5836,"DIANOPOLIS, RUA",NA,"",54,"MOOCA",1,0,"DIANOPOLIS, RUA 180 SAO PAULO SP",-23.5710556,-46.596252
"10593","D061302091",5836,"DIANOPOLIS, RUA",NA,"",180,"","05/06/2013 10:28",2,"CO",77,2508,"B"," ",1,1,0,0,0,0,0,0,0,0,0,0,0,0,0,0,0,5836,"DIANOPOLIS, RUA",NA,"",54,"MOOCA",0,1,"DIANOPOLIS, RUA 180 SAO PAULO SP",-23.5710556,-46.596252
"10594","D061300346",57,"ABILIO SOARES, RUA",NA,"",368,"","05/06/2013 10:30",2,"CH",36,2413," "," ",1,0,0,0,1,0,0,0,0,0,0,0,0,0,0,0,0,57,"ABILIO SOARES, RUA",NA,"",92,"VILA MARIANA",1,0,"ABILIO SOARES, RUA 368 SAO PAULO SP",-23.5743766,-46.6452268
"10595","D061301477",38271,"MARIA DA COSTA BEZERRA, RUA",NA,"",1153,"","05/06/2013 10:30",2,"CT",25,1450," "," ",1,1,0,0,0,0,0,0,0,0,0,0,0,0,0,0,0,38271,"MARIA DA COSTA BEZERRA, RUA",NA,"",76,"SAO MIGUEL",1,0,"MARIA DA COSTA BEZERRA, RUA 1153 SAO PAULO SP",-23.7987098,-46.7409696
"10598","D061302081",5606,"CUPECE, AV",NA,"",2831,"","05/06/2013 11:15",2,"CO",43,2123," "," ",0,1,0,1,0,0,0,0,0,0,0,0,0,0,0,0,0,5606,"CUPECE, AV",NA,"",22,"CIDADE ADEMAR",0,1,"CUPECE, AV 2831 SAO PAULO SP",-23.6652847,-46.6577752
"10599","D061300155",3653,"BRESSER, RUA",NA,"",980,"","05/06/2013 11:30",2,"CO",12,3049," "," ",1,1,0,1,0,0,0,0,0,0,0,0,0,0,0,0,0,3653,"BRESSER, RUA",NA,"",10,"BRAS",1,0,"BRESSER, RUA 980 SAO PAULO SP",-23.5387127,-46.6082033
"10600","D061301000",3813,"CAETANO ALVARES, AV ENG",NA,"",5630,"","05/06/2013 11:30",2,"CO",20,6243," "," ",1,1,0,0,0,0,0,0,0,0,0,0,0,0,0,0,0,3813,"CAETANO ALVARES, AV ENG",NA,"",21,"CASA VERDE",1,0,"CAETANO ALVARES, AV ENG 5630 SAO PAULO SP",-23.4832222,-46.6352374
"10602","D061300184",18472,"SOUSA LIMA, RUA",NA,"",220,"","05/06/2013 11:30",2,"CO",77,2408," "," ",1,1,0,0,0,0,0,0,0,0,0,0,0,0,0,0,0,18472,"SOUSA LIMA, RUA",NA,"",35,"ITAIM PAULISTA",1,0,"SOUSA LIMA, RUA 220 SAO PAULO SP",-23.5294622,-46.6547182
"10603","D061301886",11543,"LAGEADO VELHO, ES DO",NA,"",650,"","05/06/2013 11:50",2,"CO",68,1648," "," ",1,1,0,0,0,0,0,0,0,0,0,0,0,0,0,0,0,11543,"LAGEADO VELHO, ES DO",NA,"",47,"LAJEADO",1,0,"LAGEADO VELHO, ES DO 650 SAO PAULO SP",-23.5505199,-46.6333094
"10604","D061301968",37306,"HASEGAWA, RUA PROF",NA,"",50,"","05/06/2013 11:50",2,"CL",53,3985," "," ",0,1,0,0,0,0,0,1,0,0,0,0,0,0,0,0,0,37306,"HASEGAWA, RUA PROF",NA,"",51,"MANDAQUI",1,0,"HASEGAWA, RUA PROF 50 SAO PAULO SP",-23.5633487,-46.4338207
"10605","D061300447",19444,"VALE, RUA DESEM",NA,"",1110,"","05/06/2013 12:00",2,"CO",7,3465," "," ",1,0,0,0,1,0,0,0,0,0,0,0,0,0,0,0,0,19444,"VALE, RUA DESEM",NA,"",14,"CAMBUCI",1,0,"VALE, RUA DESEM 1110 SAO PAULO SP",-23.5282493,-46.6907319
"10606","D061301040",9170,"INES, AV STA",NA,"",801,"","05/06/2013 12:00",2,"CO",38,2762,"C"," ",1,1,0,0,0,0,0,0,0,0,0,0,0,0,0,0,0,9170,"INES, AV STA",NA,"",51,"MANDAQUI",2,0,"INES, AV STA 801 SAO PAULO SP",-23.472544,-46.6303856
"10608","D061301162",7061,"FERNAO DIAS, VIA",NA,"",84500,"","05/06/2013 13:10",2,"CT",73,6042," "," ",1,0,0,1,0,0,0,0,0,0,0,0,0,0,0,0,0,7061,"FERNAO DIAS, VIA",NA,"",38,"JACANA",2,0,"FERNAO DIAS, VIA 84500 SAO PAULO SP",-23.4609146,-46.5715728
"10610","D061301732",17820,"TITO, AV MAL",NA,"",911,"","05/06/2013 13:46",2,"CO",22,2679," "," ",1,1,0,0,0,0,0,0,0,0,0,0,0,0,0,0,0,17820,"TITO, AV MAL",NA,"",53,"MOEMA",1,0,"TITO, AV MAL 911 SAO PAULO SP",-23.4950415,-46.4354985
"10612","D061300874",14347,"AZIR ANTONIO SALTON, RUA",36061,"LUIZ DUMONT VILLARES, AV",0,"","05/06/2013 14:00",2,"CT",9,3152,"C"," ",1,1,0,0,0,0,0,0,0,0,0,1,0,0,0,0,0,14347,"AZIR ANTONIO SALTON, RUA",36061,"LUIZ DUMONT VILLARES, AV",88,"VILA GUILHERME",1,0,"AZIR ANTONIO SALTON, RUA SAO PAULO SP &  LUIZ DUMONT VILLARES, AV SAO PAULO SP",-23.4998675,-46.6122885
"10613","D061301313",7974,"GIL PINHEIRO, RUA COMEN",NA,"",640,"","05/06/2013 14:50",2,"CO",30,3429," "," ",1,0,0,1,0,0,0,0,0,0,0,2,0,0,0,0,0,7974,"GIL PINHEIRO, RUA COMEN",NA,"",20,"CARRAO",1,0,"GIL PINHEIRO, RUA COMEN 640 SAO PAULO SP",-23.5408104,-46.5423256
"10615","D061301278",1702,"ANTONIO ESTEVAO DE CARVALHO, AV",NA,"",2220,"","05/06/2013 15:23",2,"QM",21,6281," "," ",0,1,0,0,0,0,0,0,0,0,0,0,0,0,0,0,0,1702,"ANTONIO ESTEVAO DE CARVALHO, AV",NA,"",93,"VILA MATILDE",1,0,"ANTONIO ESTEVAO DE CARVALHO, AV 2220 SAO PAULO SP",-23.5318023,-46.5018608
"10616","D061300361",3274,"BERNARDINO DE CAMPOS, AV",NA,"",79,"","05/06/2013 15:30",2,"CO",36,3344," "," ",1,1,0,0,0,0,0,0,0,0,0,0,0,0,0,0,0,3274,"BERNARDINO DE CAMPOS, AV",NA,"",92,"VILA MARIANA",1,0,"BERNARDINO DE CAMPOS, AV 79 SAO PAULO SP",-23.5719623,-46.643192
"10617","D061301807",13881,"MIGUEL, AV S",NA,"",5550,"","05/06/2013 15:40",2,"CH",62,2234," "," ",1,0,0,0,0,0,0,0,0,0,0,1,0,0,0,0,0,13881,"MIGUEL, AV S",NA,"",65,"PONTE RASA",1,0,"MIGUEL, AV S 5550 SAO PAULO SP",-23.5075241,-46.4799946
"10618","D061301110",4715,"CELESTINO BOURROUL, AV PROF",14736,"O, AV NSRA DO",0,"","05/06/2013 15:40",4,"AT",40,6268," "," ",0,0,1,0,0,0,0,0,0,0,0,0,0,0,0,0,0,4715,"CELESTINO BOURROUL, AV PROF",14736,"O, AV NSRA DO",50,"LIMAO",1,0,"CELESTINO BOURROUL, AV PROF SAO PAULO SP &  O, AV NSRA DO SAO PAULO SP",-23.5089388,-46.6735826
"10619","D061300802",59582,"ITAPIUNA, RUA",NA,"",229,"","05/06/2013 15:54",4,"AA",89,5040," "," ",1,0,0,0,0,0,0,0,0,0,0,0,0,0,0,0,0,59582,"ITAPIUNA, RUA",NA,"",53,"MOEMA",1,0,"ITAPIUNA, RUA 229 SAO PAULO SP",-23.5109997,-46.434659
"10620","D061300823",61669,"ITAPAIUNA, RUA",NA,"",2919,"","05/06/2013 16:00",4,"AT",89,5742," "," ",0,0,0,0,0,0,0,0,0,0,0,0,0,0,0,1,0,61669,"ITAPAIUNA, RUA",NA,"",29,"FREGUESIA DO O",1,0,"ITAPAIUNA, RUA 2919 SAO PAULO SP",-23.6223414,-46.7269145
"10621","D061300922",27187,"OLAVO FONTOURA, AV",NA,"",1600,"","05/06/2013 16:10",2,"CO",13,6260," "," ",1,1,0,0,0,0,0,0,0,0,0,0,0,0,0,0,0,27187,"OLAVO FONTOURA, AV",NA,"",8,"BELEM",1,0,"OLAVO FONTOURA, AV 1600 SAO PAULO SP",-23.5144839,-46.6384917
"10622","D061300483",16919,"REBOUCAS, AV",NA,"",2400,"","05/06/2013 16:20",2,"CO",14,5742," "," ",1,1,0,0,0,0,0,0,0,0,0,0,0,0,0,0,0,16919,"REBOUCAS, AV",NA,"",44,"JARDIM PAULISTA",1,0,"REBOUCAS, AV 2400 SAO PAULO SP",-23.566976,-46.6832595
"10623","D061301934",9044,"RAGUEB CHOHFI, AV",24421,"FORTE DO TRIUNFO, RUA",0,"","05/06/2013 16:30",2,"CO",49,7864," "," ",0,1,0,1,0,0,0,0,0,0,0,0,0,0,0,0,0,9044,"RAGUEB CHOHFI, AV",24421,"FORTE DO TRIUNFO, RUA",75,"SAO MATEUS",1,0,"RAGUEB CHOHFI, AV SAO PAULO SP &  FORTE DO TRIUNFO, RUA SAO PAULO SP",-23.5962789,-46.4358414
"10624","D061301601",10270,"JOAO DIAS, AV",NA,"",3200,"","05/06/2013 16:45",2,"CO",92,6611," "," ",0,1,0,0,0,0,0,0,0,0,0,1,0,0,0,0,0,10270,"JOAO DIAS, AV",NA,"",72,"SANTO AMARO",1,0,"JOAO DIAS, AV 3200 SAO PAULO SP",-23.6442037,-46.7320326
"10625","D061301924",16443,"POA, ES DE",NA,"",100,"","05/06/2013 17:00",4,"AT",44,4005," "," ",0,0,0,0,0,0,0,0,0,0,0,0,0,0,0,1,0,16443,"POA, ES DE",NA,"",50,"LIMAO",1,0,"POA, ES DE 100 SAO PAULO SP",-23.5505199,-46.6333094
"10626","D061302084",10945,"JOSE ERMIRIO DE MORAES, AV SEN",NA,"",1800,"","05/06/2013 17:20",2,"CF",20,5378," "," ",2,0,0,0,0,0,0,0,0,0,0,0,0,0,0,0,0,10945,"JOSE ERMIRIO DE MORAES, AV SEN",NA,"",83,"TREMEMBE",2,1,"JOSE ERMIRIO DE MORAES, AV SEN 1800 SAO PAULO SP",-23.4414732,-46.6161062
"10627","D061301331",13247,"MARIA FETTE, RUA",9391,"JOAQUIM RIBEIRO DA COSTA, RUA",0,"","05/06/2013 17:20",2,"CF",42,2024," "," ",1,0,0,0,0,0,0,0,0,0,0,1,0,0,0,0,0,9391,"JOAQUIM RIBEIRO DA COSTA, RUA",13247,"MARIA FETTE, RUA",74,"SAO LUCAS",1,0,"MARIA FETTE, RUA SAO PAULO SP &  JOAQUIM RIBEIRO DA COSTA, RUA SAO PAULO SP",-23.6220341,-46.5693528
"10629","D061301877",6187,"EDGAR SANTOS, AV PROF",41240,"CLEOPATRA, RUA",0,"","05/06/2013 17:30",4,"AT",65,5414," "," ",0,0,0,0,0,0,0,0,0,0,0,0,0,0,0,1,0,6187,"EDGAR SANTOS, AV PROF",41240,"CLEOPATRA, RUA",5,"ARTUR ALVIM",1,0,"EDGAR SANTOS, AV PROF SAO PAULO SP &  CLEOPATRA, RUA SAO PAULO SP",-23.5501562,-46.4963567
"10630","D061300698",20291,"TURISTICA DO JARAGUA, ES",NA,"",673,"","05/06/2013 18:00",2,"CO",46,5326," "," ",1,1,0,0,0,0,0,0,0,0,0,0,0,0,0,0,0,20291,"TURISTICA DO JARAGUA, ES",NA,"",31,"GUAIANASES",1,0,"TURISTICA DO JARAGUA, ES 673 SAO PAULO SP",-23.5505199,-46.6333094
"10631","D061301235",5785,"DEMINI, RUA",NA,"",101,"","05/06/2013 18:03",4,"AT",10,6376," "," ",0,0,0,0,0,0,0,0,0,0,0,1,0,0,0,0,0,5785,"DEMINI, RUA",NA,"",60,"PENHA",1,0,"DEMINI, RUA 101 SAO PAULO SP",-23.5307098,-46.536166
"10632","D061300923",27187,"OLAVO FONTOURA, AV",NA,"",1979,"","05/06/2013 18:07",2,"CF",13,6275," "," ",1,1,0,0,0,0,0,0,0,0,0,0,0,0,0,0,0,27187,"OLAVO FONTOURA, AV",NA,"",8,"BELEM",1,0,"OLAVO FONTOURA, AV 1979 SAO PAULO SP",-23.5148725,-46.6397469
"10633","D061301939",21187,"DIONE, RUA",21737,"TITAN, RUA",0,"","05/06/2013 18:10",2,"CL",49,8008," "," ",1,1,0,0,0,0,0,0,0,0,0,0,0,0,0,0,0,21187,"DIONE, RUA",21737,"TITAN, RUA",NA,"",1,0,"DIONE, RUA SAO PAULO SP &  TITAN, RUA SAO PAULO SP",-23.6110387,-46.4728372
"10634","D061300509",11516,"LACERDA FRANCO, RUA DEP",NA,"",564,"","05/06/2013 18:30",4,"AT",14,6610," "," ",0,0,0,0,0,0,0,0,0,0,0,0,0,0,0,1,0,11516,"LACERDA FRANCO, RUA DEP",NA,"",63,"PINHEIROS",1,0,"LACERDA FRANCO, RUA DEP 564 SAO PAULO SP",-23.5604811,-46.6923276
"10636","D061300021",27099,"DUTRA, VIA PRES",NA,"",14500,"","05/06/2013 19:00",2,"CT",1,4856," "," ",1,1,0,0,0,0,0,0,0,0,0,0,0,0,0,0,0,27099,"DUTRA, VIA PRES",NA,"",36,"ITAQUERA",1,0,"DUTRA, VIA PRES 14500 SAO PAULO SP",-22.5196824,-44.7104989
"10637","D061301233",25957,"ARICANDUVA, PTE",NA,"",1000,"","05/06/2013 19:00",2,"CO",10,3038," "," ",0,1,0,0,0,0,0,0,0,0,0,0,0,0,0,1,0,25957,"ARICANDUVA, PTE",NA,"",3,"ANHANGUERA",2,0,"ARICANDUVA, PTE 1000 SAO PAULO SP",-23.553823,-46.5184866
"10638","D061300043",17507,"RUDGE, AV",18038,"SERGIO TOMAS, RUA",0,"","05/06/2013 19:19",4,"AT",2,3406," "," ",0,1,0,0,0,0,0,0,0,0,0,0,0,0,0,0,0,17507,"RUDGE, AV",18038,"SERGIO TOMAS, RUA",70,"SANTA CECILIA",3,0,"RUDGE, AV SAO PAULO SP &  SERGIO TOMAS, RUA SAO PAULO SP",-23.5206593,-46.6520373
"10639","D061300699",20291,"TURISTICA DO JARAGUA, ES",NA,"",2400,"","05/06/2013 19:20",2,"CO",46,5331," "," ",1,1,0,0,0,0,0,0,0,0,0,0,0,0,0,0,0,20291,"TURISTICA DO JARAGUA, ES",NA,"",31,"GUAIANASES",1,0,"TURISTICA DO JARAGUA, ES 2400 SAO PAULO SP",-23.5505199,-46.6333094
"10640","D061300008",4146,"CANTAREIRA, RUA DA",NA,"",1351,"","05/06/2013 19:34",4,"AT",1,4444," "," ",1,0,0,0,0,0,0,0,0,0,0,0,0,0,0,0,0,4146,"CANTAREIRA, RUA DA",NA,"",9,"BOM RETIRO",1,0,"CANTAREIRA, RUA DA 1351 SAO PAULO SP",-23.533199,-46.6265554
"10641","D061300207",17240,"ROCHA AZEVEDO, AL MIN",NA,"",291,"","05/06/2013 19:56",4,"AT",78,4842," "," ",1,0,0,0,0,0,0,0,0,0,0,0,0,0,0,0,0,17240,"ROCHA AZEVEDO, AL MIN",NA,"",34,"ITAIM BIBI",1,0,"ROCHA AZEVEDO, AL MIN 291 SAO PAULO SP",-23.5609091,-46.6588844
"10642","D061301750",9632,"ITINGUCU, RUA",NA,"",2098,"","05/06/2013 20:00",2,"CO",24,6107," "," ",1,1,0,0,0,0,0,0,0,0,0,0,0,0,0,0,0,9632,"ITINGUCU, RUA",NA,"",60,"PENHA",1,0,"ITINGUCU, RUA 2098 SAO PAULO SP",-23.5301559,-46.4961275
"10644","D061301085",19591,"VERONA, RUA",NA,"",135,"","05/06/2013 20:14",2,"CO",39,6053," "," ",1,0,0,0,1,0,0,0,0,0,0,0,0,0,0,0,0,19591,"VERONA, RUA",NA,"",84,"TUCURUVI",1,0,"VERONA, RUA 135 SAO PAULO SP",-23.460912,-46.6113818
"10645","D061300436",14354,"MUZAMBINHO, AV",10815,"HILDEBRANDO SIQUEIRA, RUA",0,"","05/06/2013 21:20",4,"AT",97,5017," "," ",1,0,0,0,0,0,0,0,0,0,0,0,0,0,0,0,0,10815,"HILDEBRANDO SIQUEIRA, RUA",14354,"MUZAMBINHO, AV",37,"JABAQUARA",1,0,"MUZAMBINHO, AV SAO PAULO SP &  HILDEBRANDO SIQUEIRA, RUA SAO PAULO SP",-23.6624083,-46.640694
"10646","D061300978",18151,"SEZEFREDO FAGUNDES, AV CEL",13133,"MARIA AMALIA LOPES AZEVEDO, RUA",0,"","05/06/2013 21:45",2,"CO",20,5275," "," ",0,1,0,0,0,0,0,1,0,0,0,0,0,0,0,0,0,13133,"MARIA AMALIA LOPES AZEVEDO, RUA",18151,"SEZEFREDO FAGUNDES, AV CEL",NA,"",1,0,"SEZEFREDO FAGUNDES, AV CEL SAO PAULO SP &  MARIA AMALIA LOPES AZEVEDO, RUA SAO PAULO SP",-23.4550902,-46.6022715
"10647","D061300740",19817,"VITAL BRASIL, AV",3937,"CAMARGO, RUA",0,"","05/06/2013 22:50",4,"AT",51,5752," "," ",0,1,0,0,0,0,0,0,0,0,0,0,0,0,0,0,0,3937,"CAMARGO, RUA",19817,"VITAL BRASIL, AV",12,"BUTANTA",1,0,"VITAL BRASIL, AV SAO PAULO SP &  CAMARGO, RUA SAO PAULO SP",-23.5696565,-46.7140386
"10648","D061301365",6371,"ELISABETH DE ROBIANO, AV CDSSA",NA,"",3700,"","05/06/2013 23:02",2,"CO",52,6389," "," ",1,1,0,0,0,0,0,0,0,0,0,0,0,0,0,0,0,29772,"MARGINAL DO RIO TIETE, AV",NA,"",82,"TATUAPE",1,0,"ELISABETH DE ROBIANO, AV CDSSA 3700 SAO PAULO SP",-23.5076424,-46.5495997
"10649","D061300626",12504,"MAGALHAES DE ARAUJO, RUA",NA,"",5220,"","05/06/2013 23:30",2,"CH",34,5051," "," ",0,1,0,0,0,0,0,0,0,0,0,0,0,0,0,0,0,12504,"MAGALHAES DE ARAUJO, RUA",NA,"",13,"CACHOEIRINHA",1,0,"MAGALHAES DE ARAUJO, RUA 5220 SAO PAULO SP",-23.5878535,-46.7090133
"10650","D061300208",8562,"HADDOCK LOBO, RUA",NA,"",1190,"","05/06/2013 23:39",2,"CT",78,4848," "," ",1,1,0,0,0,0,0,0,0,0,0,0,0,0,0,0,0,8562,"HADDOCK LOBO, RUA",NA,"",26,"CONSOLACAO",1,0,"HADDOCK LOBO, RUA 1190 SAO PAULO SP",-23.5617821,-46.6657351
"10651","D061301879",34652,"SILVIO TORRES, AV",NA,"",453,"","05/06/2013 23:57",2,"CO",65,6104,"C"," ",1,1,0,0,0,0,0,0,0,0,0,0,0,0,0,0,0,34652,"SILVIO TORRES, AV",NA,"",38,"JACANA",1,0,"SILVIO TORRES, AV 453 SAO PAULO SP",-23.5525928,-46.4859894
"10652","D061301783",18940,"TIBURCIO DE SOUSA, RUA",NA,"",1400,"","06/06/2013 00:23",2,"SI",50,7000," "," ",0,1,1,0,0,0,0,0,0,0,0,0,0,0,0,0,0,18940,"TIBURCIO DE SOUSA, RUA",NA,"",35,"ITAIM PAULISTA",1,0,"TIBURCIO DE SOUSA, RUA 1400 SAO PAULO SP",-23.5101176,-46.3946034
"10654","D061301678",3509,"BELMIRA MARIN, AV DONA",NA,"",2007,"","06/06/2013 05:50",2,"CL",101,4363," "," ",0,1,0,0,0,0,0,0,0,0,0,0,0,0,0,1,0,3509,"BELMIRA MARIN, AV DONA",NA,"",30,"GRAJAU",1,0,"BELMIRA MARIN, AV DONA 2007 SAO PAULO SP",-23.7463267,-46.6882577
"10656","D061301449",32309,"SOCORRO, PTE DO",NA,"",10,"","06/06/2013 06:40",2,"QD",11,6727," "," ",0,0,1,0,0,0,0,0,0,0,0,0,0,0,0,0,0,32309,"SOCORRO, PTE DO",NA,"",30,"GRAJAU",1,0,"SOCORRO, PTE DO 10 SAO PAULO SP",-23.6658217,-46.7115251
"10657","D061301626",6238,"NACOES UNIDAS, AV DAS",NA,"",22512,"","06/06/2013 06:50",2,"CO",99,2386," "," ",1,1,0,0,0,0,0,0,0,0,0,0,0,0,0,0,0,13014,"MARGINAL DO RIO PINHEIROS, AV",NA,"",90,"VILA LEOPOLDINA",1,0,"NACOES UNIDAS, AV DAS 22512 SAO PAULO SP",-23.6791496,-46.6960546
"10658","D061301545",15507,"TEOTONIO VILELA, AV SEN",NA,"",1657,"","06/06/2013 07:00",2,"CO",48,2146," "," ",1,1,0,0,0,0,0,0,0,0,0,0,0,0,0,0,0,15507,"TEOTONIO VILELA, AV SEN",NA,"",23,"CIDADE DUTRA",1,0,"TEOTONIO VILELA, AV SEN 1657 SAO PAULO SP",-23.7163943,-46.6990587
"10660","D061300756",16878,"RAPOSO TAVARES, VIA",NA,"",16000,"","06/06/2013 07:10",2,"CT",75,1925,"C"," ",1,1,0,0,0,0,0,0,0,0,0,0,0,0,0,0,0,16878,"RAPOSO TAVARES, VIA",NA,"",13,"CACHOEIRINHA",1,0,"RAPOSO TAVARES, VIA 16000 SAO PAULO SP",-23.5223375,-48.4879815
"10661","D061301436",6238,"NACOES UNIDAS, AV DAS",NA,"",17891,"","06/06/2013 07:37",2,"CO",11,6506," "," ",2,2,0,0,0,0,0,0,0,0,0,0,0,0,0,0,0,13014,"MARGINAL DO RIO PINHEIROS, AV",NA,"",90,"VILA LEOPOLDINA",1,0,"NACOES UNIDAS, AV DAS 17891 SAO PAULO SP",-23.6461963,-46.7249534
"10662","D061300924",992,"AMARAL MOUSINHO, RUA DOM",1136,"AMOROSO NETO, PCA DEL",0,"","06/06/2013 07:50",2,"CO",13,6287," "," ",1,1,0,0,0,0,0,0,0,0,0,0,0,0,0,0,0,992,"AMARAL MOUSINHO, RUA DOM",1136,"AMOROSO NETO, PCA DEL",21,"CASA VERDE",1,0,"AMARAL MOUSINHO, RUA DOM SAO PAULO SP &  AMOROSO NETO, PCA DEL SAO PAULO SP",-23.5071476,-46.6670204
"10663","D061301300",34122,"MELO FREIRE, RUA",19206,"TUIUTI, RUA",0,"","06/06/2013 08:12",2,"CO",30,2926," "," ",1,1,0,0,0,0,0,0,0,0,0,0,0,0,0,0,0,19206,"TUIUTI, RUA",34122,"MELO FREIRE, RUA",82,"TATUAPE",1,0,"MELO FREIRE, RUA SAO PAULO SP &  TUIUTI, RUA SAO PAULO SP",-23.5391715,-46.5695321
"10664","D061301872",12156,"LUIZ AYRES, RUA DR",NA,"",1570,"","06/06/2013 08:20",2,"CO",65,1937," "," ",0,2,0,0,0,0,0,0,0,0,0,0,0,0,0,0,0,12156,"LUIZ AYRES, RUA DR",NA,"",5,"ARTUR ALVIM",1,0,"LUIZ AYRES, RUA DR 1570 SAO PAULO SP",-23.536492,-46.4874872
"10665","D061300010",6642,"ESTADO, AV DO",NA,"",3433,"","06/06/2013 08:31",2,"QM",1,4556," "," ",0,1,0,0,0,0,0,0,0,0,0,0,0,0,0,0,0,6642,"ESTADO, AV DO",NA,"",9,"BOM RETIRO",1,0,"ESTADO, AV DO 3433 SAO PAULO SP",-23.5476145,-46.6291436
"10666","D061300324",7609,"FREDERICO ALBUQUERQUE, RUA",5606,"CUPECE, AV",0,"","06/06/2013 09:15",2,"SI",35,4935," "," ",0,1,0,0,0,0,0,0,0,0,0,0,0,0,0,0,0,5606,"CUPECE, AV",7609,"FREDERICO ALBUQUERQUE, RUA",22,"CIDADE ADEMAR",1,0,"FREDERICO ALBUQUERQUE, RUA SAO PAULO SP &  CUPECE, AV SAO PAULO SP",-23.664487,-46.6597241
"10668","D061300484",6238,"NACOES UNIDAS, AV DAS",NA,"",4777,"","06/06/2013 10:00",2,"CL",14,5766," "," ",1,1,0,0,0,0,0,0,0,0,0,0,0,0,0,0,0,13014,"MARGINAL DO RIO PINHEIROS, AV",NA,"",90,"VILA LEOPOLDINA",1,0,"NACOES UNIDAS, AV DAS 4777 SAO PAULO SP",-23.5515852,-46.7222827
"10670","D061300309",26500,"VICENTE RAO, AV PROF.",NA,"",2225,"","06/06/2013 10:14",4,"AT",27,6771," "," ",1,0,0,0,0,0,0,0,0,0,0,0,0,0,0,0,0,26500,"VICENTE RAO, AV PROF.",NA,"",30,"GRAJAU",1,0,"VICENTE RAO, AV PROF. 2225 SAO PAULO SP",-23.6422526,-46.6740887
"10671","D061300232",6013,"DOMINGOS DE MORAIS, RUA",NA,"",1800,"","06/06/2013 10:45",2,"CL",16,7703," "," ",0,1,0,0,0,0,0,0,0,0,0,0,0,0,0,0,0,6013,"DOMINGOS DE MORAIS, RUA",NA,"",92,"VILA MARIANA",1,0,"DOMINGOS DE MORAIS, RUA 1800 SAO PAULO SP",-23.5918052,-46.6362893
"10673","D061301211",17363,"ROMEU CASAGRANDE, RUA CABO",NA,"",373,"","06/06/2013 11:30",2,"CO",90,2247," "," ",0,1,0,1,0,0,0,0,0,0,0,1,0,0,0,0,0,17363,"ROMEU CASAGRANDE, RUA CABO",NA,"",36,"ITAQUERA",1,0,"ROMEU CASAGRANDE, RUA CABO 373 SAO PAULO SP",-23.516182,-46.5657975
"10675","D061300855",3376,"BILLINGS, AV ENG",NA,"",100,"","06/06/2013 12:00",4,"AT",93,3584," "," ",1,0,0,0,0,0,0,0,0,0,0,0,0,0,0,0,0,13014,"MARGINAL DO RIO PINHEIROS, AV",NA,"",40,"JAGUARE",1,0,"BILLINGS, AV ENG 100 SAO PAULO SP",-23.5355054,-46.7476126
"10676","D061300684",73197,"MOGEIRO, RUA",NA,"",50,"","06/06/2013 12:05",2,"CO",46,2611," "," ",1,1,0,0,0,0,0,0,0,0,0,0,0,0,0,0,0,73197,"MOGEIRO, RUA",NA,"",52,"MARSILAC",1,0,"MOGEIRO, RUA 50 SAO PAULO SP",-23.4453021,-46.4611717
"10677","D061300925",4533,"CASA VERDE, AV",371,"AGUAS VIRTUOSAS, RUA",0,"","06/06/2013 12:15",2,"CO",13,6301," "," ",1,1,0,0,0,0,0,0,0,0,0,0,0,0,0,0,0,371,"AGUAS VIRTUOSAS, RUA",4533,"CASA VERDE, AV",21,"CASA VERDE",1,0,"CASA VERDE, AV SAO PAULO SP &  AGUAS VIRTUOSAS, RUA SAO PAULO SP",-23.5065329,-46.6665841
"10678","D061302082",6544,"ERMANO MARCHETTI, AV",NA,"",1058,"","06/06/2013 12:30",4,"AT",7,3490,"B"," ",0,0,1,0,0,0,0,0,0,0,0,0,0,0,0,0,0,6544,"ERMANO MARCHETTI, AV",NA,"",48,"LAPA",0,1,"ERMANO MARCHETTI, AV 1058 SAO PAULO SP",-23.5137577,-46.7024206