"","id_acidente","codloga","logradouroA","codlogb","logradouroB","alt_num","referencia","data","cod_acid","tipo_acidente","dp","numero_BO","sentido","pista","automovel","moto","onibus","caminhao","bicicleta","moto_taxi","onibus_fretado","onibus_urbano","microonibus","van","vuc","caminhonete","carreta","jipe","outros","sem_informacao","carroca","princ_a","paiA","princ_b","paiB","cod_distrito","distrito","vit_ferida","vit_morta","local","lat","lon"
"10679","D061300954",4775,"CEREJEIRAS, AV DAS",NA,"",141,"","06/06/2013 12:50",4,"AT",19,2135," "," ",0,1,0,0,0,0,0,0,0,0,0,0,0,0,0,0,0,4775,"CEREJEIRAS, AV DAS",NA,"",94,"VILA MEDEIROS",1,0,"CEREJEIRAS, AV DAS 141 SAO PAULO SP",-23.513792,-46.5814977
"10681","D061301808",69888,"NORBERTO JOSE DE SOUZA, RUA",NA,"",10,"","06/06/2013 13:15",2,"CF",62,2249," "," ",0,0,0,0,1,0,0,0,0,0,0,1,0,0,0,0,0,69888,"NORBERTO JOSE DE SOUZA, RUA",NA,"",49,"LIBERDADE",1,0,"NORBERTO JOSE DE SOUZA, RUA 10 SAO PAULO SP",-23.4926092,-46.4910638
"10682","D061300485",5885,"DIOGENES RIBEIRO DE LIMA, AV",NA,"",2272,"","06/06/2013 13:33",2,"CO",14,5772," "," ",1,1,0,0,0,0,0,0,0,0,0,0,0,0,0,0,0,5885,"DIOGENES RIBEIRO DE LIMA, AV",NA,"",2,"ALTO DE PINHEIR",1,0,"DIOGENES RIBEIRO DE LIMA, AV 2272 SAO PAULO SP",-23.5405916,-46.7179529
"10683","D061301604",21933,"OCTACILIO DE CARVALHO LOPES, RUA DR",NA,"",307,"","06/06/2013 13:47",2,"CF",92,7021," "," ",1,0,0,0,0,0,0,0,1,0,0,0,0,0,0,0,0,21933,"OCTACILIO DE CARVALHO LOPES, RUA DR",NA,"",29,"FREGUESIA DO O",1,0,"OCTACILIO DE CARVALHO LOPES, RUA DR 307 SAO PAULO SP",-23.6548355,-46.7383923
"10684","D061300156",19516,"VAUTIER, AV",19843,"VITOR HUGO, RUA",0,"","06/06/2013 14:00",4,"AT",12,3076," "," ",2,0,0,0,0,0,0,0,0,0,0,0,0,0,0,0,0,19516,"VAUTIER, AV",19843,"VITOR HUGO, RUA",NA,"",1,0,"VAUTIER, AV SAO PAULO SP &  VITOR HUGO, RUA SAO PAULO SP",-23.5317125,-46.6213608
"10685","D061301765",954,"AMADOR BUENO DA VEIGA, AV",NA,"",4344,"","06/06/2013 14:00",2,"CO",24,6938," "," ",1,1,0,0,0,0,0,0,0,0,0,0,0,0,0,0,0,954,"AMADOR BUENO DA VEIGA, AV",NA,"",60,"PENHA",1,0,"AMADOR BUENO DA VEIGA, AV 4344 SAO PAULO SP",-23.5148254,-46.506861
"10686","D061300347",7751,"GANDAVO, RUA",NA,"",188,"","06/06/2013 14:30",4,"AT",36,2438," "," ",1,0,0,0,0,0,0,0,0,0,0,0,0,0,0,0,0,7751,"GANDAVO, RUA",NA,"",92,"VILA MARIANA",1,0,"GANDAVO, RUA 188 SAO PAULO SP",-23.5919955,-46.6412053
"10687","D061301010",36284,"PETRONIO PORTELA, AV MIN",NA,"",2222,"","06/06/2013 14:30",4,"AT",28,3017,"B"," ",1,0,0,0,0,0,0,0,0,0,0,0,0,0,0,0,0,36284,"PETRONIO PORTELA, AV MIN",NA,"",4,"ARICANDUVA",1,0,"PETRONIO PORTELA, AV MIN 2222 SAO PAULO SP",-23.4806556,-46.6955313
"10688","D061300386",1247,"ANCHIETA, VIA",NA,"",10100,"","06/06/2013 14:45",2,"CT",95,2603," "," ",1,1,0,0,0,0,0,0,0,0,0,0,0,0,0,0,0,1247,"ANCHIETA, VIA",NA,"",33,"IPIRANGA",1,0,"ANCHIETA, VIA 10100 SAO PAULO SP",-23.6433577,-46.5860313
"10689","D061300212",7306,"FRANCA, AL",17240,"ROCHA AZEVEDO, AL MIN",0,"","06/06/2013 15:00",2,"CO",78,4906," "," ",2,0,0,0,0,0,0,0,0,0,0,0,0,0,0,0,0,7306,"FRANCA, AL",17240,"ROCHA AZEVEDO, AL MIN",44,"JARDIM PAULISTA",1,0,"FRANCA, AL SAO PAULO SP &  ROCHA AZEVEDO, AL MIN SAO PAULO SP",-23.5620559,-46.6635384
"10690","D061301103",6450,"EMILIO CARLOS, AV DEP",NA,"",966,"","06/06/2013 15:10",2,"CO",40,1849," "," ",0,1,0,0,0,0,0,0,0,0,0,1,0,0,0,0,0,6450,"EMILIO CARLOS, AV DEP",NA,"",50,"LIMAO",1,0,"EMILIO CARLOS, AV DEP 966 SAO PAULO SP",-23.4970996,-46.6761553
"10691","D061301007",15485,"PARAPUA, RUA",NA,"",771,"","06/06/2013 15:10",2,"CO",28,1454,"B"," ",1,1,0,0,0,0,0,0,0,0,0,1,0,0,0,0,0,15485,"PARAPUA, RUA",NA,"",4,"ARICANDUVA",1,0,"PARAPUA, RUA 771 SAO PAULO SP",-23.4779057,-46.690996
"10692","D061300315",10041,"JEQUITIBAS, RUA DOS",NA,"",171,"","06/06/2013 15:15",2,"SI",35,4600," "," ",1,1,0,0,0,0,0,0,0,0,0,0,0,0,0,0,0,10041,"JEQUITIBAS, RUA DOS",NA,"",37,"JABAQUARA",1,0,"JEQUITIBAS, RUA DOS 171 SAO PAULO SP",-23.6465023,-46.6420721
"10694","D061301102",4438,"JOAQUIM AFONSO DE SOUZA, RUA",NA,"",791,"","06/06/2013 15:30",4,"AT",40,1847," "," ",0,1,0,0,0,0,0,0,0,0,0,0,0,0,0,0,0,4438,"JOAQUIM AFONSO DE SOUZA, RUA",NA,"",21,"CASA VERDE",1,0,"JOAQUIM AFONSO DE SOUZA, RUA 791 SAO PAULO SP",-23.4851154,-46.6645076
"10697","D061300209",15656,"PAULISTA, AV",NA,"",1500,"","06/06/2013 16:26",4,"AT",78,4873," "," ",1,1,0,0,0,0,0,0,0,0,0,0,0,0,0,0,0,15656,"PAULISTA, AV",NA,"",7,"BELA VISTA",2,0,"PAULISTA, AV 1500 SAO PAULO SP",-23.5621218,-46.6553275
"10698","D061301614",1391,"ANGELO CRISTIANINI, AV",NA,"",702,"","06/06/2013 16:28",2,"CO",98,6009," "," ",1,1,0,0,0,0,0,0,0,0,0,0,0,0,0,0,0,1391,"ANGELO CRISTIANINI, AV",NA,"",22,"CIDADE ADEMAR",1,0,"ANGELO CRISTIANINI, AV 702 SAO PAULO SP",-23.6870625,-46.6387319
"10700","D061300211",5245,"CONSOLACAO, RUA DA",NA,"",2390,"","06/06/2013 16:49",4,"AT",78,4880," "," ",0,1,0,0,0,0,0,0,0,0,0,0,0,0,0,0,0,5245,"CONSOLACAO, RUA DA",NA,"",26,"CONSOLACAO",1,0,"CONSOLACAO, RUA DA 2390 SAO PAULO SP",-23.5551014,-46.6624488
"10702","D061301437",5799,"ALFREDO EGIDIO DE SOUZA ARANHA, AV",NA,"",110,"","06/06/2013 17:10",4,"AT",11,6540," "," ",0,1,0,0,0,0,0,0,0,0,0,0,0,0,0,0,0,5799,"ALFREDO EGIDIO DE SOUZA ARANHA, AV",NA,"",29,"FREGUESIA DO O",2,0,"ALFREDO EGIDIO DE SOUZA ARANHA, AV 110 SAO PAULO SP",-23.6330196,-46.7126255
"10703","D061300210",5175,"COLOMBIA, RUA",NA,"",99,"","06/06/2013 17:14",2,"CO",78,4875," "," ",1,1,0,0,0,0,0,0,0,0,0,0,0,0,0,0,0,5175,"COLOMBIA, RUA",NA,"",44,"JARDIM PAULISTA",1,0,"COLOMBIA, RUA 99 SAO PAULO SP",-23.5671209,-46.6695765
"10704","D061300039",6642,"ESTADO, AV DO",NA,"",15000,"","06/06/2013 17:20",2,"CO",2,3858," "," ",0,2,0,0,0,0,0,0,0,0,0,0,0,0,0,0,0,6642,"ESTADO, AV DO",NA,"",9,"BOM RETIRO",1,0,"ESTADO, AV DO 15000 SAO PAULO SP",-23.5471697,-46.6294344
"10705","D061300185",6263,"EDUARDO PRADO, AL",19862,"VITORINO CARMILO, RUA",0,"","06/06/2013 17:40",4,"AT",77,2435," "," ",1,0,0,0,0,0,0,0,0,0,0,0,0,0,0,0,0,6263,"EDUARDO PRADO, AL",19862,"VITORINO CARMILO, RUA",70,"SANTA CECILIA",1,0,"EDUARDO PRADO, AL SAO PAULO SP &  VITORINO CARMILO, RUA SAO PAULO SP",-23.5294399,-46.6472478
"10706","D061301332",16826,"RAIMUNDO, RUA S",NA,"",425,"","06/06/2013 17:58",2,"CT",42,2035," "," ",0,1,0,0,0,0,0,0,0,0,0,1,0,0,0,0,0,16826,"RAIMUNDO, RUA S",NA,"",26,"CONSOLACAO",1,0,"RAIMUNDO, RUA S 425 SAO PAULO SP",-23.6057412,-46.5671456
"10707","D061302111",22127,"GRANDE SAO PAULO, VD",NA,"",100,"","06/06/2013 18:04",2,"CL",56,3792,"B"," ",0,1,0,1,0,0,0,0,0,0,0,0,0,0,0,0,0,22127,"GRANDE SAO PAULO, VD",NA,"",18,"CANGAIBA",0,1,"GRANDE SAO PAULO, VD 100 SAO PAULO SP",-23.7366994,-46.6952869
"10708","D061301969",25591,"MONOS, ES DOS",16173,"PESSEGO, ES DO",0,"","06/06/2013 18:05",4,"AT",53,4032," "," ",0,0,1,0,0,0,0,0,0,0,0,0,0,0,0,0,0,16173,"PESSEGO, ES DO",25591,"MONOS, ES DOS",NA,"",1,0,"MONOS, ES DOS SAO PAULO SP &  PESSEGO, ES DO SAO PAULO SP",-23.5505199,-46.6333094
"10709","D061300114",18800,"TEODURETO SOUTO, RUA",17234,"ROBERTSON, RUA",0,"","06/06/2013 18:30",4,"AT",6,2760," "," ",1,0,0,0,0,0,0,0,0,0,0,0,0,0,0,0,0,17234,"ROBERTSON, RUA",18800,"TEODURETO SOUTO, RUA",NA,"",1,0,"TEODURETO SOUTO, RUA SAO PAULO SP &  ROBERTSON, RUA SAO PAULO SP",-23.5713631,-46.621102
"10710","D061301196",75479,"FERNANDO MENDES DE ALMEIDA, AV",NA,"",1200,"","06/06/2013 19:08",4,"AT",74,5201," "," ",0,1,0,0,0,0,0,0,0,0,0,0,0,0,0,0,0,75479,"FERNANDO MENDES DE ALMEIDA, AV",NA,"",40,"JAGUARE",1,0,"FERNANDO MENDES DE ALMEIDA, AV 1200 SAO PAULO SP",-23.4265951,-46.7143986
"10711","D061301264",7645,"FRONTIN, AV CD DE",NA,"",400,"","06/06/2013 19:09",2,"CL",21,1890," "," ",1,1,0,0,0,0,0,0,0,0,0,0,0,0,0,0,0,7645,"FRONTIN, AV CD DE",NA,"",93,"VILA MATILDE",1,0,"FRONTIN, AV CD DE 400 SAO PAULO SP",-23.5505199,-46.6333094
"10712","D061300741",19817,"VITAL BRASIL, AV",NA,"",1000,"","06/06/2013 19:30",4,"AT",51,5788," "," ",1,0,0,0,0,0,0,0,0,0,0,0,0,0,0,0,0,19817,"VITAL BRASIL, AV",NA,"",13,"CACHOEIRINHA",1,0,"VITAL BRASIL, AV 1000 SAO PAULO SP",-23.5695095,-46.713772
"10713","D061301163",45241,"FILHOS DA TERRA, RUA DOS",NA,"",668,"","06/06/2013 19:40",4,"AT",73,6086," "," ",0,1,0,0,0,0,0,0,0,0,0,0,0,0,0,0,0,45241,"FILHOS DA TERRA, RUA DOS",NA,"",83,"TREMEMBE",1,0,"FILHOS DA TERRA, RUA DOS 668 SAO PAULO SP",-23.45214,-46.5852184
"10714","D061300803",71804,"LAERCIO CORTE, RUA DEP",NA,"",10,"","06/06/2013 20:30",2,"CO",89,5079," "," ",1,1,0,0,0,0,0,0,0,0,0,0,0,0,0,0,0,71804,"LAERCIO CORTE, RUA DEP",NA,"",29,"FREGUESIA DO O",1,0,"LAERCIO CORTE, RUA DEP 10 SAO PAULO SP",-24.0458453,-46.5209548
"10716","D061301598",70322,"CANDIDO JOSE XAVIER, AV",NA,"",335,"","06/06/2013 22:30",2,"CO",92,4393," "," ",1,0,0,0,0,0,0,0,0,0,0,1,0,0,0,0,0,70322,"CANDIDO JOSE XAVIER, AV",NA,"",32,"IGUATEMI",1,0,"CANDIDO JOSE XAVIER, AV 335 SAO PAULO SP",-23.6617509,-46.755002
"10717","D061300700",99374,"RECANTO DOS HUMILDES, RUA",NA,"",38,"","06/06/2013 22:43",4,"AT",46,5360," "," ",1,0,0,0,0,0,0,0,0,0,0,0,0,0,0,0,0,99374,"RECANTO DOS HUMILDES, RUA",NA,"",NA,"",1,0,"RECANTO DOS HUMILDES, RUA 38 SAO PAULO SP",-23.4112046,-46.7495639
"10718","D061301628",7917,"GERALDO SANT'ANA, AV SARG",NA,"",240,"","06/06/2013 22:50",2,"CO",99,2404," "," ",0,2,0,0,0,0,0,0,0,0,0,0,0,0,0,0,0,7917,"GERALDO SANT'ANA, AV SARG",NA,"",16,"CAMPO GRANDE",1,0,"GERALDO SANT'ANA, AV SARG 240 SAO PAULO SP",-23.6636485,-46.6891715
"10719","D061301164",40497,"MANUEL VIEIRA DA LUZ-ANT. TERE, RUA",NA,"",519,"","06/06/2013 23:30",2,"CO",73,6095," "," ",1,1,0,0,0,0,0,0,0,0,0,0,0,0,0,0,0,40497,"MANUEL VIEIRA DA LUZ-ANT. TERE, RUA",NA,"",83,"TREMEMBE",1,0,"MANUEL VIEIRA DA LUZ-ANT. TERE, RUA 519 SAO PAULO SP",-23.5641813,-46.5833403
"10720","D061302147",16878,"RAPOSO TAVARES, VIA",NA,"",19800,"","06/06/2013 23:40",4,"AT",75,5081," "," ",0,1,0,0,0,0,0,0,0,0,0,0,0,0,0,0,0,16878,"RAPOSO TAVARES, VIA",NA,"",13,"CACHOEIRINHA",0,1,"RAPOSO TAVARES, VIA 19800 SAO PAULO SP",-23.5047888,-48.5202442
"10721","D061301101",17339,"ROLAND GARROS, AV",9978,"JARDIM JAPAO, AV",0,"","07/06/2013 00:14",2,"CO",39,7304,"B"," ",0,1,0,0,0,0,0,0,0,0,0,0,0,0,0,1,0,9978,"JARDIM JAPAO, AV",17339,"ROLAND GARROS, AV",94,"VILA MEDEIROS",1,0,"ROLAND GARROS, AV SAO PAULO SP &  JARDIM JAPAO, AV SAO PAULO SP",-23.4837617,-46.5846111
"10723","D061300575",26987,"DOMINGOS DE SOUZA MARQUES, AV",NA,"",450,"","07/06/2013 00:32",4,"AT",33,5361," "," ",0,0,0,0,0,0,0,0,0,0,0,1,0,0,0,0,0,26987,"DOMINGOS DE SOUZA MARQUES, AV",NA,"",43,"JARDIM HELENA",1,0,"DOMINGOS DE SOUZA MARQUES, AV 450 SAO PAULO SP",-23.5141491,-46.7381501
"10725","D061302083",35646,"DUTRA, PTE PRES",NA,"",231,"","07/06/2013 02:03",4,"AT",73,7681," "," ",0,0,0,0,0,0,0,0,0,0,0,0,0,0,0,1,0,35646,"DUTRA, PTE PRES",NA,"",36,"ITAQUERA",0,1,"DUTRA, PTE PRES 231 SAO PAULO SP",-23.5142446,-46.577807
"10726","D061301833",9084,"IMPERADOR, ES DO",NA,"",5788,"","07/06/2013 02:20",2,"CO",63,4729," "," ",1,1,0,0,0,0,0,0,0,0,0,0,0,0,0,0,0,9084,"IMPERADOR, ES DO",NA,"",89,"VILA JACUI",1,0,"IMPERADOR, ES DO 5788 SAO PAULO SP",-23.5505199,-46.6333094
"10727","D061301544",9529,"ITAPECERICA, ES DE",NA,"",5800,"","07/06/2013 04:50",2,"QM",47,900168," "," ",0,1,0,0,0,0,0,0,0,0,0,0,0,0,0,0,0,9529,"ITAPECERICA, ES DE",NA,"",29,"FREGUESIA DO O",2,0,"ITAPECERICA, ES DE 5800 SAO PAULO SP",-23.5505199,-46.6333094
"10728","D061300679",16339,"CARLOS LACERDA, AV",NA,"",5000,"","07/06/2013 05:00",2,"QM",37,7178," "," ",0,1,0,0,0,0,0,0,0,0,0,0,0,0,0,0,0,16339,"CARLOS LACERDA, AV",NA,"",29,"FREGUESIA DO O",1,0,"CARLOS LACERDA, AV 5000 SAO PAULO SP",-23.6596062,-46.7746739
"10729","D061302144",35644,"JOSE DINIZ, VD VER",NA,"",10,"","07/06/2013 05:10",2,"CT",11,6030,"C"," ",1,1,1,0,0,0,0,0,0,0,0,0,0,0,0,0,0,10918,"JOSE DINIZ, AV VER",NA,"",30,"GRAJAU",1,1,"JOSE DINIZ, VD VER 10 SAO PAULO SP",-23.6147012,-46.6722654
"10732","D061300517",6897,"FARIA LIMA, AV BRIG",10053,"JERONIMO DA VEIGA, RUA",0,"","07/06/2013 06:00",2,"CO",15,2804," "," ",2,0,0,0,0,0,0,0,0,0,0,0,0,0,0,0,0,6897,"FARIA LIMA, AV BRIG",10053,"JERONIMO DA VEIGA, RUA",NA,"",1,0,"FARIA LIMA, AV BRIG SAO PAULO SP &  JERONIMO DA VEIGA, RUA SAO PAULO SP",-23.5786046,-46.685823
"10736","D061300316",66,"ABRAAO DE MORAIS, AV PROF",NA,"",10000,"","07/06/2013 07:00",2,"SI",35,4611," "," ",1,1,0,0,0,0,0,0,0,0,0,0,0,0,0,0,0,66,"ABRAAO DE MORAIS, AV PROF",NA,"",79,"SAUDE",1,0,"ABRAAO DE MORAIS, AV PROF 10000 SAO PAULO SP",-23.6069522,-46.6272268
"10737","D061301438",171,"ADELE, RUA",NA,"",119,"","07/06/2013 07:21",2,"SI",11,6557," "," ",1,1,0,0,0,0,0,0,0,0,0,0,0,0,0,0,0,171,"ADELE, RUA",NA,"",72,"SANTO AMARO",1,0,"ADELE, RUA 119 SAO PAULO SP",-23.6513094,-46.7181055
"10738","D061301265",1702,"ANTONIO ESTEVAO DE CARVALHO, AV",5957,"DIVINOLANDIA, PCA",0,"","07/06/2013 07:22",2,"CL",21,1897,"C"," ",1,1,0,0,0,0,0,0,0,0,0,0,0,0,0,0,0,1702,"ANTONIO ESTEVAO DE CARVALHO, AV",5957,"DIVINOLANDIA, PCA",93,"VILA MATILDE",1,0,"ANTONIO ESTEVAO DE CARVALHO, AV SAO PAULO SP &  DIVINOLANDIA, PCA SAO PAULO SP",-23.5385943,-46.4964211
"10739","D061301627",6238,"NACOES UNIDAS, AV DAS",NA,"",2360,"","07/06/2013 07:30",2,"CL",99,2403," "," ",1,1,0,0,0,0,0,0,0,0,0,0,0,0,0,0,0,13014,"MARGINAL DO RIO PINHEIROS, AV",NA,"",90,"VILA LEOPOLDINA",1,0,"NACOES UNIDAS, AV DAS 2360 SAO PAULO SP",-23.6791599,-46.6961185
"10740","D061302112",60675,"AFONSO DE SAMPAIO E SOUSA, AV",NA,"",693,"","07/06/2013 07:33",2,"CL",53,4043,"C"," ",0,1,1,0,0,0,0,0,0,0,0,0,0,0,0,0,0,60675,"AFONSO DE SAMPAIO E SOUSA, AV",NA,"",51,"MANDAQUI",0,1,"AFONSO DE SAMPAIO E SOUSA, AV 693 SAO PAULO SP",-23.5686055,-46.4685434
"10741","D061301076",896,"ALVARO MACHADO PEDROSA, AV",NA,"",582,"","07/06/2013 07:40",2,"CO",39,2585," "," ",1,0,0,0,1,0,0,0,0,0,0,0,0,0,0,0,0,896,"ALVARO MACHADO PEDROSA, AV",NA,"",84,"TUCURUVI",1,0,"ALVARO MACHADO PEDROSA, AV 582 SAO PAULO SP",-23.482375,-46.6049611
"10742","D061301165",13133,"MARIA AMALIA LOPES AZEVEDO, RUA",NA,"",3648,"","07/06/2013 07:40",4,"AT",73,6105," "," ",0,1,0,0,0,0,0,0,0,0,0,0,0,0,0,0,0,13133,"MARIA AMALIA LOPES AZEVEDO, RUA",NA,"",83,"TREMEMBE",1,0,"MARIA AMALIA LOPES AZEVEDO, RUA 3648 SAO PAULO SP",-23.4564348,-46.5918341
"10743","D061301301",4260,"CARAGUATAI, RUA",19809,"VISTA ALEGRE, RUA",0,"","07/06/2013 08:00",2,"CO",30,2949," "," ",1,1,0,0,0,0,0,0,0,0,0,0,0,0,0,0,0,4260,"CARAGUATAI, RUA",19809,"VISTA ALEGRE, RUA",82,"TATUAPE",1,0,"CARAGUATAI, RUA SAO PAULO SP &  VISTA ALEGRE, RUA SAO PAULO SP",-23.5423663,-46.5778693
"10744","D061300486",16919,"REBOUCAS, AV",NA,"",3600,"","07/06/2013 08:15",2,"QM",14,5829," "," ",0,1,0,0,0,0,0,0,0,0,0,0,0,0,0,0,0,16919,"REBOUCAS, AV",NA,"",44,"JARDIM PAULISTA",1,0,"REBOUCAS, AV 3600 SAO PAULO SP",-23.5707215,-46.6907562
"10745","D061300958",44369,"JOAO DE OLIVEIRA, PCA",NA,"",10,"","07/06/2013 08:20",4,"AT",19,2271," "," ",0,1,0,0,0,0,0,0,0,0,0,0,0,0,0,0,0,44369,"JOAO DE OLIVEIRA, PCA",NA,"",22,"CIDADE ADEMAR",1,0,"JOAO DE OLIVEIRA, PCA 10 SAO PAULO SP",-23.4962878,-46.5761652
"10746","D061300979",13683,"MATEUS LEME, RUA",NA,"",268,"","07/06/2013 08:30",2,"CH",20,5320," "," ",0,0,0,0,0,0,0,0,0,0,0,1,0,0,0,0,0,13683,"MATEUS LEME, RUA",NA,"",71,"SANTANA",2,0,"MATEUS LEME, RUA 268 SAO PAULO SP",-23.4845898,-46.6277615
"10747","D061301585",8368,"GUARAPIRANGA, AV",NA,"",1500,"","07/06/2013 08:38",2,"CO",92,3547," "," ",1,1,0,0,0,0,0,0,0,0,0,0,0,0,0,0,0,8368,"GUARAPIRANGA, AV",NA,"",45,"JARDIM SAO LUIS",1,0,"GUARAPIRANGA, AV 1500 SAO PAULO SP",-23.6671514,-46.7268465
"10748","D061301237",8262,"GUAIAUNA, RUA",NA,"",100,"","07/06/2013 08:51",2,"QD",10,6501," "," ",0,0,1,0,0,0,0,0,0,0,0,0,0,0,0,0,0,8262,"GUAIAUNA, RUA",NA,"",60,"PENHA",1,0,"GUAIAUNA, RUA 100 SAO PAULO SP",-23.5294208,-46.5520086
"10749","D061300955",475,"ALBERTO BYINGTON, AV",NA,"",1560,"","07/06/2013 08:55",2,"CO",19,2145," "," ",0,0,0,0,0,0,0,0,0,0,0,2,0,0,0,0,0,475,"ALBERTO BYINGTON, AV",NA,"",91,"VILA MARIA",1,0,"ALBERTO BYINGTON, AV 1560 SAO PAULO SP",-23.5020701,-46.590489
"10753","D061300318",12292,"LUIS ROCHA MIRANDA, AV DR",7635,"FREIRE FARTO, RUA",0,"","07/06/2013 09:50",4,"AT",35,4663," "," ",0,1,0,0,0,0,0,0,0,0,0,0,0,0,0,0,0,5634,"CURUPIAS, RUA DOS",12292,"LUIS ROCHA MIRANDA, AV DR",37,"JABAQUARA",1,0,"LUIS ROCHA MIRANDA, AV DR SAO PAULO SP &  FREIRE FARTO, RUA SAO PAULO SP",-23.6338523,-46.6436541
"10754","D061300166",18993,"TIRADENTES, AV",10485,"JOAO TEODORO, RUA",0,"","07/06/2013 10:05",2,"CO",12,3442," "," ",1,1,0,0,0,0,0,0,0,0,0,0,0,0,0,0,0,10485,"JOAO TEODORO, RUA",18993,"TIRADENTES, AV",9,"BOM RETIRO",1,0,"TIRADENTES, AV SAO PAULO SP &  JOAO TEODORO, RUA SAO PAULO SP",-23.5295824,-46.6315552
"10755","D061300540",11488,"IRMAOS KARMAM, PCA",NA,"",111,"","07/06/2013 10:20",4,"AT",23,3251," "," ",1,0,0,0,0,0,0,0,0,0,0,0,0,0,0,0,0,11488,"IRMAOS KARMAM, PCA",NA,"",61,"PERDIZES",1,0,"IRMAOS KARMAM, PCA 111 SAO PAULO SP",-23.5414857,-46.6771605
"10756","D061301935",18826,"BENTO GUELFI, AV",NA,"",1100,"","07/06/2013 10:24",2,"CO",49,7956," "," ",0,1,0,1,0,0,0,0,0,0,0,0,0,0,0,0,0,18826,"BENTO GUELFI, AV",NA,"",55,"MORUMBI",1,0,"BENTO GUELFI, AV 1100 SAO PAULO SP",-23.6037173,-46.4299032
"10757","D061300980",66116,"AGOSTINHO DA FONSECA, RUA CEL",NA,"",253,"","07/06/2013 10:30",2,"CH",20,5821," "," ",0,0,0,0,0,0,0,0,0,0,0,1,0,0,0,0,0,66116,"AGOSTINHO DA FONSECA, RUA CEL",NA,"",22,"CIDADE ADEMAR",1,0,"AGOSTINHO DA FONSECA, RUA CEL 253 SAO PAULO SP",-23.443969,-46.6145896
"10758","D061301680",15507,"TEOTONIO VILELA, AV SEN",NA,"",5472,"","07/06/2013 10:30",2,"CO",101,4419,"C"," ",1,0,0,0,0,0,0,0,0,0,0,0,0,0,0,1,0,15507,"TEOTONIO VILELA, AV SEN",NA,"",23,"CIDADE DUTRA",1,0,"TEOTONIO VILELA, AV SEN 5472 SAO PAULO SP",-23.7458865,-46.7073594
"10759","D061301322",6122,"DULCE, RUA",NA,"",141,"","07/06/2013 10:30",4,"AT",31,3472,"B"," ",0,0,0,0,0,0,0,0,0,0,0,1,0,0,0,0,0,6122,"DULCE, RUA",NA,"",20,"CARRAO",1,0,"DULCE, RUA 141 SAO PAULO SP",-23.5507565,-46.5357275
"10760","D061302058",12895,"ANTONIO MARQUES JULIAO, RUA",76782,"BALATA, RUA",0,"","07/06/2013 10:30",2,"CL",70,2837," "," ",2,0,0,0,0,0,0,0,0,0,0,0,0,0,0,0,0,12895,"ANTONIO MARQUES JULIAO, RUA",76782,"BALATA, RUA",74,"SAO LUCAS",1,0,"ANTONIO MARQUES JULIAO, RUA SAO PAULO SP &  BALATA, RUA SAO PAULO SP",-23.6016916,-46.5398814
"10761","D061301439",7012,"FERNANDES MOREIRA, RUA",NA,"",315,"","07/06/2013 10:48",2,"SI",11,6561," "," ",1,1,0,0,0,0,0,0,0,0,0,0,0,0,0,0,0,7012,"FERNANDES MOREIRA, RUA",NA,"",72,"SANTO AMARO",1,0,"FERNANDES MOREIRA, RUA 315 SAO PAULO SP",-23.6347298,-46.6983018
"10762","D061301459",6238,"NACOES UNIDAS, AV DAS",1085,"AMERICO BRASILIENSE, RUA",0,"","07/06/2013 10:50",2,"CT",11,7078," "," ",0,1,0,0,0,0,0,0,0,0,0,0,0,0,0,1,0,1085,"AMERICO BRASILIENSE, RUA",6238,"NACOES UNIDAS, AV DAS",72,"SANTO AMARO",2,0,"NACOES UNIDAS, AV DAS SAO PAULO SP &  AMERICO BRASILIENSE, RUA SAO PAULO SP",-23.5735935,-46.7008864
"10763","D061300234",17991,"SENA MADUREIRA, RUA",15223,"OTONIS, RUA DOS",0,"","07/06/2013 11:00",4,"AT",16,7757," "," ",1,1,0,0,0,0,0,0,0,0,0,0,0,0,0,0,0,15223,"OTONIS, RUA DOS",17991,"SENA MADUREIRA, RUA",92,"VILA MARIANA",1,0,"SENA MADUREIRA, RUA SAO PAULO SP &  OTONIS, RUA DOS SAO PAULO SP",-23.5934879,-46.6405606
"10764","D061300604",19461,"VALERIO, AV S",NA,"",553,"","07/06/2013 11:14",2,"CO",34,3389," "," ",0,1,0,0,0,0,0,0,0,0,0,1,0,0,0,0,0,19461,"VALERIO, AV S",NA,"",13,"CACHOEIRINHA",1,0,"VALERIO, AV S 553 SAO PAULO SP",-23.5828749,-46.7027112
"10765","D061300875",6110,"DUARTE DE AZEVEDO, RUA",NA,"",508,"","07/06/2013 11:47",2,"QD",9,3200,"B"," ",0,0,0,0,0,0,0,1,0,0,0,0,0,0,0,0,0,6110,"DUARTE DE AZEVEDO, RUA",NA,"",71,"SANTANA",1,0,"DUARTE DE AZEVEDO, RUA 508 SAO PAULO SP",-23.5010411,-46.6209663
"10766","D061301302",6460,"EMILIO MALLET, RUA",5153,"COELHO LISBOA, RUA",0,"","07/06/2013 12:27",4,"AT",30,2957," "," ",1,0,0,0,0,0,0,0,0,0,0,0,0,0,0,0,0,5153,"COELHO LISBOA, RUA",6460,"EMILIO MALLET, RUA",82,"TATUAPE",1,0,"EMILIO MALLET, RUA SAO PAULO SP &  COELHO LISBOA, RUA SAO PAULO SP",-23.5472194,-46.5689478