"","id_acidente","codloga","logradouroA","codlogb","logradouroB","alt_num","referencia","data","cod_acid","tipo_acidente","dp","numero_BO","sentido","pista","automovel","moto","onibus","caminhao","bicicleta","moto_taxi","onibus_fretado","onibus_urbano","microonibus","van","vuc","caminhonete","carreta","jipe","outros","sem_informacao","carroca","princ_a","paiA","princ_b","paiB","cod_distrito","distrito","vit_ferida","vit_morta","local","lat","lon"
"10767","D061301166",13133,"MARIA AMALIA LOPES AZEVEDO, RUA",NA,"",4047,"","07/06/2013 12:31",2,"CL",73,6121,"B"," ",1,1,0,0,0,0,0,0,0,0,0,0,0,0,0,0,0,13133,"MARIA AMALIA LOPES AZEVEDO, RUA",NA,"",83,"TREMEMBE",1,0,"MARIA AMALIA LOPES AZEVEDO, RUA 4047 SAO PAULO SP",-23.4567974,-46.5882211
"10768","D061301936",62183,"ANA BALOG BAKOS, RUA",NA,"",244,"","07/06/2013 12:45",4,"AT",49,7966," "," ",0,0,1,0,0,0,0,0,0,0,0,0,0,0,0,0,0,62183,"ANA BALOG BAKOS, RUA",NA,"",55,"MORUMBI",1,0,"ANA BALOG BAKOS, RUA 244 SAO PAULO SP",-23.61867,-46.4614466
"10769","D061301679",21340,"ISABEL AGUIAR DE CAMPOS, RUA",NA,"",817,"","07/06/2013 13:19",4,"AT",101,4408," "," ",0,0,0,0,0,0,0,0,1,0,0,0,0,0,0,0,0,21340,"ISABEL AGUIAR DE CAMPOS, RUA",NA,"",32,"IGUATEMI",1,0,"ISABEL AGUIAR DE CAMPOS, RUA 817 SAO PAULO SP",-23.7444801,-46.6852379
"10771","D061301138",15425,"CANTIDIO SAMPAIO, AV DEP",NA,"",2881,"","07/06/2013 13:58",4,"AT",72,5217," "," ",0,0,0,0,0,0,0,0,1,0,0,0,0,0,0,0,0,15425,"CANTIDIO SAMPAIO, AV DEP",NA,"",41,"JARAGUA",1,0,"CANTIDIO SAMPAIO, AV DEP 2881 SAO PAULO SP",-23.4595908,-46.6893449
"10773","D061301769",18803,"TEODORO, RUA S",9451,"SERRA DE SANTA MARTA, RUA",0,"","07/06/2013 14:00",2,"CL",32,2279," "," ",1,1,0,0,0,0,0,0,0,0,0,0,0,0,0,0,0,9451,"SERRA DE SANTA MARTA, RUA",18803,"TEODORO, RUA S",36,"ITAQUERA",1,0,"TEODORO, RUA S SAO PAULO SP &  SERRA DE SANTA MARTA, RUA SAO PAULO SP",-23.5554372,-46.4526667
"10774","D061300785",161,"ADAO PEREIRA, AV CABO",NA,"",253,"","07/06/2013 14:04",2,"CO",87,2862," "," ",1,1,0,0,0,0,0,0,0,0,0,0,0,0,0,0,0,161,"ADAO PEREIRA, AV CABO",NA,"",64,"PIRITUBA",1,0,"ADAO PEREIRA, AV CABO 253 SAO PAULO SP",-23.4852373,-46.7160106
"10776","D061301855",21253,"AGUIA DE HAIA, AV",NA,"",1270,"","07/06/2013 14:40",2,"CO",64,4604,"C"," ",2,0,0,0,0,0,0,0,0,0,0,1,0,0,0,0,0,21253,"AGUIA DE HAIA, AV",NA,"",0,"NULL",2,0,"AGUIA DE HAIA, AV 1270 SAO PAULO SP",-23.53484,-46.4738037
"10777","D061300927",20878,"LEITAO DE CARVALHO, RUA MAL",NA,"",27,"","07/06/2013 15:00",4,"AT",13,6362," "," ",0,1,0,0,0,0,0,0,0,0,0,0,0,0,0,0,0,20878,"LEITAO DE CARVALHO, RUA MAL",NA,"",8,"BELEM",2,0,"LEITAO DE CARVALHO, RUA MAL 27 SAO PAULO SP",-23.5159965,-46.6334081
"10778","D061301809",7068,"FERNAO MENDES PINTO, RUA",NA,"",1,"","07/06/2013 15:00",2,"CT",62,2267," "," ",1,0,0,0,0,0,0,0,0,0,0,1,0,0,0,0,0,7068,"FERNAO MENDES PINTO, RUA",NA,"",28,"ERMELINO MATARA",1,0,"FERNAO MENDES PINTO, RUA 1 SAO PAULO SP",-23.5064614,-46.4878117
"10779","D061302113",4096,"CANDIDA DE CARVALHO, RUA",NA,"",6,"","07/06/2013 15:12",2,"CF",22,2714," "," ",0,1,0,1,0,0,0,0,0,0,0,0,0,0,0,0,0,4096,"CANDIDA DE CARVALHO, RUA",NA,"",76,"SAO MIGUEL",0,1,"CANDIDA DE CARVALHO, RUA 6 SAO PAULO SP",-23.5116741,-46.4427417
"10780","D061300541",9501,"ITAMARATI, RUA",44250,"GOLDA MEIR, PCA",0,"","07/06/2013 15:30",2,"CO",23,3259," "," ",1,1,0,0,0,0,0,0,0,0,0,0,0,0,0,0,0,9501,"ITAMARATI, RUA",44250,"GOLDA MEIR, PCA",61,"PERDIZES",1,0,"ITAMARATI, RUA SAO PAULO SP &  GOLDA MEIR, PCA SAO PAULO SP",-23.5382536,-46.6650916
"10781","D061300084",5245,"CONSOLACAO, RUA DA",NA,"",1970,"","07/06/2013 16:00",2,"CO",4,4946," "," ",1,1,0,0,0,0,0,0,0,0,0,0,0,0,0,0,0,5245,"CONSOLACAO, RUA DA",NA,"",26,"CONSOLACAO",1,0,"CONSOLACAO, RUA DA 1970 SAO PAULO SP",-23.5526282,-46.6592136
"10782","D061300742",12502,"MAGALHAES DE CASTRO, AV",NA,"",7,"","07/06/2013 16:00",2,"CO",51,5824," "," ",1,2,0,0,0,0,0,0,0,0,0,0,0,0,0,0,0,13014,"MARGINAL DO RIO PINHEIROS, AV",NA,"",12,"BUTANTA",1,0,"MAGALHAES DE CASTRO, AV 7 SAO PAULO SP",-23.5598132,-46.7110678
"10783","D061300213",17240,"ROCHA AZEVEDO, AL MIN",NA,"",983,"","07/06/2013 16:25",2,"SI",78,4916," "," ",0,1,0,0,0,0,0,0,0,0,0,1,0,0,0,0,0,17240,"ROCHA AZEVEDO, AL MIN",NA,"",34,"ITAIM BIBI",1,0,"ROCHA AZEVEDO, AL MIN 983 SAO PAULO SP",-23.5655714,-46.6635177
"10784","D061300476",6897,"FARIA LIMA, AV BRIG",NA,"",1900,"","07/06/2013 16:30",2,"CO",14,4539," "," ",0,1,0,0,0,0,0,0,0,0,0,0,0,0,0,1,0,6897,"FARIA LIMA, AV BRIG",NA,"",63,"PINHEIROS",1,0,"FARIA LIMA, AV BRIG 1900 SAO PAULO SP",-23.5740683,-46.6890087
"10785","D061300063",5245,"CONSOLACAO, RUA DA",NA,"",3000,"","07/06/2013 16:55",4,"AT",3,4323," "," ",0,1,0,0,0,0,0,0,0,0,0,0,0,0,0,0,0,5245,"CONSOLACAO, RUA DA",NA,"",26,"CONSOLACAO",1,0,"CONSOLACAO, RUA DA 3000 SAO PAULO SP",-23.5591845,-46.6667118
"10786","D061300856",99137,"LINEU PRESTES (C.UNIVERS.), AV PROF",NA,"",2565,"","07/06/2013 17:00",4,"AT",93,3610," "," ",1,0,0,0,0,0,0,0,0,0,0,0,0,0,0,0,0,99137,"LINEU PRESTES (C.UNIVERS.), AV PROF",NA,"",2,"ALTO DE PINHEIR",1,0,"LINEU PRESTES (C.UNIVERS.), AV PROF 2565 SAO PAULO SP",-23.5538878,-46.7298014
"10787","D061301236",1133,"AMORIM DINIZ, RUA",43777,"CARVALHO PINTO, AV GOV",0,"","07/06/2013 17:00",4,"AT",10,6474," "," ",0,1,0,0,0,0,0,0,0,0,0,0,0,0,0,0,0,1133,"AMORIM DINIZ, RUA",43777,"CARVALHO PINTO, AV GOV",18,"CANGAIBA",1,0,"AMORIM DINIZ, RUA SAO PAULO SP &  CARVALHO PINTO, AV GOV SAO PAULO SP",-23.5153212,-46.5452754
"10788","D061300904",5204,"CONCEICAO (ES.), AV",1364,"ANGELINA, AV",0,"","07/06/2013 17:00",2,"CT",9,6132,"B"," ",0,1,0,0,0,0,0,0,0,0,0,1,0,0,0,0,0,1364,"ANGELINA, AV",5204,"CONCEICAO (ES.), AV",88,"VILA GUILHERME",2,0,"CONCEICAO (ES.), AV SAO PAULO SP &  ANGELINA, AV SAO PAULO SP",-20.6410574,-40.5128593
"10789","D061301641",6810,"EUSEBIO STEVAUX, AV ENG",14070,"MOACIR PADILHA, RUA",0,"","07/06/2013 17:15",2,"QM",99,2886," "," ",0,1,0,0,0,0,0,0,0,0,0,0,0,0,0,0,0,6810,"EUSEBIO STEVAUX, AV ENG",14070,"MOACIR PADILHA, RUA",16,"CAMPO GRANDE",1,0,"EUSEBIO STEVAUX, AV ENG SAO PAULO SP &  MOACIR PADILHA, RUA SAO PAULO SP",-23.6827646,-46.6903236
"10790","D061301572",65909,"NEREU BERTINI MAGALHAES, RUA",NA,"",567,"","07/06/2013 17:35",2,"CL",85,2895," "," ",1,1,0,0,0,0,0,0,0,0,0,0,0,0,0,0,0,65909,"NEREU BERTINI MAGALHAES, RUA",NA,"",32,"IGUATEMI",1,0,"NEREU BERTINI MAGALHAES, RUA 567 SAO PAULO SP",-23.7659964,-46.6835672
"10791","D061300542",16463,"POMPEIA, AV",NA,"",249,"","07/06/2013 18:00",4,"AT",23,3266," "," ",0,1,0,0,0,0,0,0,0,0,0,0,0,0,0,0,0,16463,"POMPEIA, AV",NA,"",19,"CAPAO REDONDO",1,0,"POMPEIA, AV 249 SAO PAULO SP",-23.5273923,-46.6827522
"10792","D061300123",11515,"LACERDA FRANCO, AV",NA,"",1973,"","07/06/2013 18:00",4,"AT",6,4507," "," ",1,0,0,0,0,0,0,0,0,0,0,0,0,0,0,0,0,11515,"LACERDA FRANCO, AV",NA,"",14,"CAMBUCI",1,0,"LACERDA FRANCO, AV 1973 SAO PAULO SP",-23.5801175,-46.6258411
"10793","D061301440",7339,"HENRI DUNANT, RUA",NA,"",547,"","07/06/2013 18:30",2,"CO",11,6582," "," ",2,0,0,0,0,0,0,0,0,0,0,0,0,0,0,0,0,7339,"HENRI DUNANT, RUA",NA,"",72,"SANTO AMARO",1,0,"HENRI DUNANT, RUA 547 SAO PAULO SP",-23.6296678,-46.6975955
"10794","D061301710",2483,"ATLANTICA ANT. ROBERT KENNEDY, AV",NA,"",2000,"","07/06/2013 18:30",2,"CO",102,6580," "," ",1,1,0,0,0,0,0,0,0,0,0,0,0,0,0,0,0,2483,"ATLANTICA ANT. ROBERT KENNEDY, AV",NA,"",23,"CIDADE DUTRA",1,0,"ATLANTICA ANT. ROBERT KENNEDY, AV 2000 SAO PAULO SP",-23.5505199,-46.6333094
"10796","D061300964",5204,"CONCEICAO (ES.), AV",NA,"",3766,"","07/06/2013 18:50",2,"CO",19,5343," "," ",1,1,0,0,0,0,0,0,0,0,0,0,0,0,0,0,0,5204,"CONCEICAO (ES.), AV",NA,"",88,"VILA GUILHERME",1,0,"CONCEICAO (ES.), AV 3766 SAO PAULO SP",-23.5505199,-46.6333094
"10797","D061301615",9224,"VITORINO FREIRE, AV SEN",NA,"",490,"","07/06/2013 18:50",2,"CO",98,6080," "," ",1,1,0,0,0,0,0,0,0,0,0,0,0,0,0,0,0,9224,"VITORINO FREIRE, AV SEN",NA,"",22,"CIDADE ADEMAR",1,0,"VITORINO FREIRE, AV SEN 490 SAO PAULO SP",-23.6884138,-46.6346252
"10798","D061300900",16759,"QUIRINO, RUA S",NA,"",900,"","07/06/2013 19:00",2,"CO",9,5347," "," ",1,1,0,0,0,0,0,0,0,0,0,0,0,0,0,0,0,16759,"QUIRINO, RUA S",NA,"",47,"LAJEADO",1,0,"QUIRINO, RUA S 900 SAO PAULO SP",-23.5150216,-46.5982255
"10799","D061301279",10581,"JOAQUIM MARRA, RUA",NA,"",908,"","07/06/2013 19:08",2,"CO",21,6477," "," ",1,0,0,0,0,0,0,0,0,0,0,1,0,0,0,0,0,10581,"JOAQUIM MARRA, RUA",NA,"",93,"VILA MATILDE",2,0,"JOAQUIM MARRA, RUA 908 SAO PAULO SP",-23.5339791,-46.5212912
"10800","D061300044",17060,"RIBEIRO DE LIMA, RUA",NA,"",445,"","07/06/2013 19:13",4,"AT",2,3449," "," ",0,1,0,0,0,0,0,0,0,0,0,0,0,0,0,0,0,17060,"RIBEIRO DE LIMA, RUA",NA,"",5,"ARTUR ALVIM",1,0,"RIBEIRO DE LIMA, RUA 445 SAO PAULO SP",-23.5313081,-46.6371453
"10801","D061300899",10497,"JOAO VENTURA BATISTA, RUA",10622,"JOAQUINA RAMALHO, AV",0,"","07/06/2013 19:14",4,"AT",9,5340," "," ",0,1,0,0,0,0,0,0,0,0,0,0,0,0,0,0,0,10497,"JOAO VENTURA BATISTA, RUA",10622,"JOAQUINA RAMALHO, AV",88,"VILA GUILHERME",1,0,"JOAO VENTURA BATISTA, RUA SAO PAULO SP &  JOAQUINA RAMALHO, AV SAO PAULO SP",-23.5143217,-46.6103487
"10802","D061300190",1356,"ANGELICA, AV",NA,"",177,"","07/06/2013 19:14",4,"AT",77,3452," "," ",0,1,0,0,0,0,0,0,0,0,0,1,0,0,0,0,0,1356,"ANGELICA, AV",NA,"",70,"SANTA CECILIA",1,0,"ANGELICA, AV 177 SAO PAULO SP",-23.5344827,-46.6534756
"10803","D061300864",17941,"SEBASTIAO EUGENIO DE CAMARGO, AV",NA,"",92,"","07/06/2013 19:20",2,"CO",93,4216," "," ",1,1,0,0,0,0,0,0,0,0,0,0,0,0,0,0,0,17941,"SEBASTIAO EUGENIO DE CAMARGO, AV",NA,"",13,"CACHOEIRINHA",1,0,"SEBASTIAO EUGENIO DE CAMARGO, AV 92 SAO PAULO SP",-23.5674847,-46.7444151
"10804","D061300455",5072,"CLELIA, RUA",5042,"CLAUDIO, RUA",0,"","07/06/2013 19:20",4,"AT",7,4209," "," ",1,0,0,0,0,0,0,0,0,0,0,0,0,0,0,0,0,5042,"CLAUDIO, RUA",5072,"CLELIA, RUA",48,"LAPA",1,0,"CLELIA, RUA SAO PAULO SP &  CLAUDIO, RUA SAO PAULO SP",-23.5249704,-46.6908623
"10806","D061300836",18156,"SCHILLING, RUA",NA,"",579,"","07/06/2013 19:30",2,"CO",91,4203," "," ",1,1,0,0,0,0,0,0,0,0,0,0,0,0,0,0,0,18156,"SCHILLING, RUA",NA,"",14,"CAMBUCI",1,0,"SCHILLING, RUA 579 SAO PAULO SP",-23.5312929,-46.729629
"10807","D061301167",9006,"IGARITE, RUA",NA,"",1,"","07/06/2013 19:45",2,"CO",73,6139,"B"," ",1,0,0,0,1,0,0,0,0,0,0,0,0,0,0,0,0,9006,"IGARITE, RUA",NA,"",38,"JACANA",1,0,"IGARITE, RUA 1 SAO PAULO SP",-23.4634301,-46.5805285
"10808","D061300332",4597,"CATARINA, RUA STA",NA,"",2580,"","07/06/2013 19:54",2,"CH",35,7779," "," ",0,1,0,0,0,0,0,0,0,0,0,0,0,0,0,0,0,4597,"CATARINA, RUA STA",NA,"",82,"TATUAPE",1,0,"CATARINA, RUA STA 2580 SAO PAULO SP",-23.6560589,-46.6553083
"10809","D061301261",15304,"PAES DE BARROS, AV",NA,"",2800,"","07/06/2013 20:19",2,"CT",18,3826," "," ",0,1,0,0,0,0,0,0,0,0,0,0,0,0,0,1,0,15304,"PAES DE BARROS, AV",NA,"",16,"CAMPO GRANDE",1,0,"PAES DE BARROS, AV 2800 SAO PAULO SP",-23.575402,-46.5873709
"10810","D061301441",21251,"RUBENS GOMES BUENO, RUA DR",NA,"",55,"","07/06/2013 20:30",4,"AT",11,6584," "," ",1,0,0,0,0,0,0,0,0,0,0,0,0,0,0,0,0,21251,"RUBENS GOMES BUENO, RUA DR",NA,"",29,"FREGUESIA DO O",1,0,"RUBENS GOMES BUENO, RUA DR 55 SAO PAULO SP",-23.6444737,-46.7186805
"10811","D061300837",2991,"BAUMANN, RUA",17978,"SEIDEL, RUA DR",0,"","07/06/2013 20:33",2,"CO",91,4208," "," ",0,0,0,1,0,0,0,1,0,0,0,0,0,0,0,0,0,2991,"BAUMANN, RUA",17978,"SEIDEL, RUA DR",90,"VILA LEOPOLDINA",1,0,"BAUMANN, RUA SAO PAULO SP &  SEIDEL, RUA DR SAO PAULO SP",-23.5337953,-46.7323692
"10812","D061300214",8815,"HONDURAS, RUA",NA,"",1024,"","07/06/2013 20:52",2,"CO",78,4930," "," ",0,1,0,0,0,0,0,0,0,0,0,1,0,0,0,0,0,8815,"HONDURAS, RUA",NA,"",44,"JARDIM PAULISTA",1,0,"HONDURAS, RUA 1024 SAO PAULO SP",-23.5707722,-46.6664426
"10813","D061301560",16026,"PEIXOTO DE MELO FILHO, RUA",NA,"",11,"","07/06/2013 21:00",2,"CO",80,6066," "," ",1,1,0,0,0,0,0,0,0,0,0,0,0,0,0,0,0,16026,"PEIXOTO DE MELO FILHO, RUA",NA,"",29,"FREGUESIA DO O",1,0,"PEIXOTO DE MELO FILHO, RUA 11 SAO PAULO SP",-23.6854502,-46.6639837
"10814","D061300838",12436,"MACEDO SOARES, AV EMB",20600,"ERNESTO IGEL, AV",0,"","07/06/2013 21:20",2,"CO",91,4212," "," ",1,1,0,0,0,0,0,0,0,0,0,0,0,0,0,0,0,12436,"MACEDO SOARES, AV EMB",20600,"ERNESTO IGEL, AV",60,"PENHA",1,0,"MACEDO SOARES, AV EMB SAO PAULO SP &  ERNESTO IGEL, AV SAO PAULO SP",-23.509526,-46.7091748
"10815","D061301605",12403,"M'BOI MIRIM, ES",NA,"",1834,"","07/06/2013 21:30",2,"SI",92,7085," "," ",1,1,0,0,0,0,0,0,0,0,0,0,0,0,0,0,0,12403,"M'BOI MIRIM, ES",NA,"",42,"JARDIM ANGELA",1,0,"M'BOI MIRIM, ES 1834 SAO PAULO SP",-23.5505199,-46.6333094
"10816","D061301303",6679,"ESTEVAO PERNET, RUA PDE",NA,"",100,"","07/06/2013 22:00",4,"AT",30,2993," "," ",1,0,0,0,0,0,0,0,0,0,0,0,0,0,0,0,0,6679,"ESTEVAO PERNET, RUA PDE",NA,"",82,"TATUAPE",1,0,"ESTEVAO PERNET, RUA PDE 100 SAO PAULO SP",-23.5505199,-46.6333094
"10818","D061301755",66884,"CICERO PAULO, RUA",NA,"",100,"","07/06/2013 22:00",2,"CO",24,6493," "," ",1,1,0,0,0,0,0,0,0,0,0,0,0,0,0,0,0,66884,"CICERO PAULO, RUA",NA,"",41,"JARAGUA",1,0,"CICERO PAULO, RUA 100 SAO PAULO SP",-23.5043481,-46.5164209
"10819","D061301909",63696,"BERNARDINO COSTE, RUA FREI",NA,"",215,"","07/06/2013 22:15",4,"AT",41,6103," "," ",0,1,0,0,0,0,0,0,0,0,0,0,0,0,0,0,0,63696,"BERNARDINO COSTE, RUA FREI",NA,"",56,"PARELHEIROS",2,0,"BERNARDINO COSTE, RUA FREI 215 SAO PAULO SP",-23.5927493,-46.5156101
"10820","D061301649",9220,"INTERLAGOS, AV",NA,"",2255,"","07/06/2013 22:20",4,"AT",99,6589," "," ",1,0,0,0,0,0,0,0,0,0,0,0,0,0,0,0,0,9220,"INTERLAGOS, AV",NA,"",16,"CAMPO GRANDE",1,0,"INTERLAGOS, AV 2255 SAO PAULO SP",-23.6738936,-46.6774992
"10821","D061300928",17759,"SANTA EULALIA, RUA BR",NA,"",50,"","07/06/2013 22:20",4,"AT",13,6374," "," ",0,1,0,0,0,0,0,0,0,0,0,0,0,0,0,0,0,17759,"SANTA EULALIA, RUA BR",NA,"",13,"CACHOEIRINHA",1,0,"SANTA EULALIA, RUA BR 50 SAO PAULO SP",-23.5115903,-46.6256408
"10822","D061300171",4561,"CASTELO BRANCO, AV PRES",NA,"",3600,"","07/06/2013 22:27",2,"CO",12,4515," "," ",0,2,0,0,0,0,0,0,0,0,0,0,0,0,0,0,0,29772,"MARGINAL DO RIO TIETE, AV",NA,"",6,"BARRA FUNDA",1,0,"CASTELO BRANCO, AV PRES 3600 SAO PAULO SP",-23.5236658,-46.6057968
"10823","D061300235",15914,"PEDRO DE TOLEDO, RUA",NA,"",9999,"","07/06/2013 22:38",2,"CL",16,7784," "," ",1,1,0,0,0,0,0,0,0,0,0,0,0,0,0,0,0,15914,"PEDRO DE TOLEDO, RUA",NA,"",24,"CIDADE LIDER",1,0,"PEDRO DE TOLEDO, RUA 9999 SAO PAULO SP",-23.5979449,-46.6535179
"10824","D061301521",29896,"PIRAJUSSARA-VALO VELHO, ES",NA,"",1415,"","07/06/2013 23:20",2,"CO",47,4466," "," ",0,2,0,0,0,0,0,0,0,0,0,0,0,0,0,0,0,29896,"PIRAJUSSARA-VALO VELHO, ES",NA,"",29,"FREGUESIA DO O",2,0,"PIRAJUSSARA-VALO VELHO, ES 1415 SAO PAULO SP",-23.5505199,-46.6333094
"10826","D061301937",13671,"MATEO BEI, AV",NA,"",1978,"","07/06/2013 23:50",4,"AT",49,7998," "," ",0,0,1,0,0,0,0,0,0,0,0,0,0,0,0,0,0,13671,"MATEO BEI, AV",NA,"",75,"SAO MATEUS",1,0,"MATEO BEI, AV 1978 SAO PAULO SP",-23.599964,-46.4848243
"10827","D061301139",62930,"ANTONIO PINTO DA COSTA, RUA",66369,"GONCALO DO RIO BAIXO, RUA S",0,"","08/06/2013 00:00",2,"CO",72,5270," "," ",1,1,0,0,0,0,0,0,0,0,0,0,0,0,0,0,0,62930,"ANTONIO PINTO DA COSTA, RUA",66369,"GONCALO DO RIO BAIXO, RUA S",11,"BRASILANDIA",1,0,"ANTONIO PINTO DA COSTA, RUA SAO PAULO SP &  GONCALO DO RIO BAIXO, RUA S SAO PAULO SP",-23.4615892,-46.6773932
"10828","D061301606",8368,"GUARAPIRANGA, AV",NA,"",1811,"","08/06/2013 00:05",2,"CO",92,7096," "," ",1,1,0,0,0,0,0,1,0,0,0,0,0,0,0,0,0,8368,"GUARAPIRANGA, AV",NA,"",45,"JARDIM SAO LUIS",1,0,"GUARAPIRANGA, AV 1811 SAO PAULO SP",-23.6837612,-46.7362803
"10829","D061302114",18940,"TIBURCIO DE SOUSA, RUA",16703,"MANUEL RODRIGUES SANTIAGO, RUA",0,"","08/06/2013 00:26",4,"AT",50,7099," "," ",0,1,0,0,0,0,0,0,0,0,0,0,0,0,0,0,0,16703,"MANUEL RODRIGUES SANTIAGO, RUA",18940,"TIBURCIO DE SOUSA, RUA",35,"ITAIM PAULISTA",1,1,"TIBURCIO DE SOUSA, RUA SAO PAULO SP &  MANUEL RODRIGUES SANTIAGO, RUA SAO PAULO SP",-23.5111694,-46.3943311
"10830","D061301784",18940,"TIBURCIO DE SOUSA, RUA",16703,"MANUEL RODRIGUES SANTIAGO, RUA",0,"","08/06/2013 00:29",4,"AT",50,7099," "," ",0,0,0,0,0,0,0,0,1,0,0,0,0,0,0,0,0,16703,"MANUEL RODRIGUES SANTIAGO, RUA",18940,"TIBURCIO DE SOUSA, RUA",35,"ITAIM PAULISTA",3,0,"TIBURCIO DE SOUSA, RUA SAO PAULO SP &  MANUEL RODRIGUES SANTIAGO, RUA SAO PAULO SP",-23.5111694,-46.3943311
"10831","D061301938",46234,"SANGUE LATINO, TR",46260,"VEREDA TROPICAL, TR",0,"","08/06/2013 01:30",2,"CH",49,7999," "," ",1,1,0,0,0,0,0,0,0,0,0,0,0,0,0,0,0,46234,"SANGUE LATINO, TR",46260,"VEREDA TROPICAL, TR",32,"IGUATEMI",2,0,"SANGUE LATINO, TR SAO PAULO SP &  VEREDA TROPICAL, TR SAO PAULO SP",-23.605955,-46.4448832
"10832","D061301111",18657,"TANGERINAS, RUA",NA,"",300,"","08/06/2013 01:32",2,"CF",40,6378," "," ",2,0,0,0,0,0,0,0,0,0,0,0,0,0,0,0,0,18657,"TANGERINAS, RUA",NA,"",23,"CIDADE DUTRA",1,0,"TANGERINAS, RUA 300 SAO PAULO SP",-23.5044022,-46.6672447
"10833","D061301970",4746,"ARRAIAL DA ANTA, RUA",NA,"",470,"","08/06/2013 02:02",4,"AT",53,4101," "," ",0,0,0,0,0,0,0,0,0,0,0,0,0,0,0,1,0,4746,"ARRAIAL DA ANTA, RUA",NA,"",58,"PARQUE DO CARMO",1,0,"ARRAIAL DA ANTA, RUA 470 SAO PAULO SP",-23.5583924,-46.4611296
"10834","D061301152",75095,"ROQUE DE MINAS, RUA S",NA,"",10,"","08/06/2013 02:30",2,"QM",72,900073," "," ",0,1,0,0,0,0,0,0,0,0,0,0,0,0,0,0,0,75095,"ROQUE DE MINAS, RUA S",NA,"",8,"BELEM",1,0,"ROQUE DE MINAS, RUA S 10 SAO PAULO SP",-23.4531371,-46.6624528
"10835","D061301086",36061,"LUIZ DUMONT VILLARES, AV",NA,"",1617,"","08/06/2013 02:55",2,"CO",39,6143,"C"," ",1,0,0,2,0,0,0,0,0,0,0,0,0,0,0,0,0,36061,"LUIZ DUMONT VILLARES, AV",NA,"",22,"CIDADE ADEMAR",1,0,"LUIZ DUMONT VILLARES, AV 1617 SAO PAULO SP",-23.6210032,-46.7396103
"10836","D061301668",18700,"TAQUANDAVA, AV",NA,"",75,"","08/06/2013 03:48",2,"CH",100,7103," "," ",0,1,0,0,0,0,0,0,0,0,0,0,0,0,0,0,0,18700,"TAQUANDAVA, AV",NA,"",32,"IGUATEMI",2,0,"TAQUANDAVA, AV 75 SAO PAULO SP",-23.717423,-46.7655115
"10837","D061300142",16673,"PRUDENTE DE MORAIS, RUA",NA,"",178,"","08/06/2013 04:30",4,"AT",8,4697," "," ",1,0,0,0,0,0,0,0,0,0,0,0,0,0,0,0,0,16673,"PRUDENTE DE MORAIS, RUA",NA,"",6,"BARRA FUNDA",1,0,"PRUDENTE DE MORAIS, RUA 178 SAO PAULO SP",-23.5472384,-46.6174747
"10838","D061301087",2455,"ATALIBA LEONEL, AV GAL",NA,"",3200,"","08/06/2013 04:30",2,"CH",39,6151," "," ",1,0,0,0,0,0,0,0,0,0,0,0,0,0,0,0,0,2455,"ATALIBA LEONEL, AV GAL",NA,"",88,"VILA GUILHERME",1,0,"ATALIBA LEONEL, AV GAL 3200 SAO PAULO SP",-23.4880871,-46.6076131
"10839","D061302141",2850,"BARONESA, ES DA",NA,"",1500,"","08/06/2013 05:00",2,"CH",100,7144," "," ",0,1,0,0,0,0,0,0,0,0,0,0,0,0,0,0,0,2850,"BARONESA, ES DA",NA,"",42,"JARDIM ANGELA",0,1,"BARONESA, ES DA 1500 SAO PAULO SP",-23.5505199,-46.6333094
"10840","D061300981",14767,"NOVA CANTAREIRA, AV",NA,"",1985,"","08/06/2013 05:30",2,"CO",20,5353," "," ",2,0,0,0,0,0,0,0,0,0,0,0,0,0,0,0,0,14767,"NOVA CANTAREIRA, AV",NA,"",83,"TREMEMBE",1,0,"NOVA CANTAREIRA, AV 1985 SAO PAULO SP",-23.4798586,-46.6115117
"10841","D061301088",5204,"CONCEICAO (ES.), AV",NA,"",2150,"","08/06/2013 05:30",2,"CO",39,6152," "," ",2,0,0,0,0,0,0,0,0,0,0,0,0,0,0,0,0,5204,"CONCEICAO (ES.), AV",NA,"",88,"VILA GUILHERME",3,0,"CONCEICAO (ES.), AV 2150 SAO PAULO SP",-23.5505199,-46.6333094
"10842","D061300627",569,"ALCIDES SANGIRARDI, AV",NA,"",156,"","08/06/2013 06:30",2,"CH",34,5129," "," ",0,1,0,0,0,0,0,0,0,0,0,0,0,0,0,0,0,13014,"MARGINAL DO RIO PINHEIROS, AV",NA,"",55,"MORUMBI",1,0,"ALCIDES SANGIRARDI, AV 156 SAO PAULO SP",-23.592649,-46.6950168
"10843","D061300774",16878,"RAPOSO TAVARES, VIA",NA,"",15100,"","08/06/2013 06:35",2,"CO",75,5122," "," ",1,1,0,0,0,0,0,0,0,0,0,0,0,0,0,0,0,16878,"RAPOSO TAVARES, VIA",NA,"",13,"CACHOEIRINHA",1,0,"RAPOSO TAVARES, VIA 15100 SAO PAULO SP",-23.5247968,-48.4793508