"","id_acidente","codloga","logradouroA","codlogb","logradouroB","alt_num","referencia","data","cod_acid","tipo_acidente","dp","numero_BO","sentido","pista","automovel","moto","onibus","caminhao","bicicleta","moto_taxi","onibus_fretado","onibus_urbano","microonibus","van","vuc","caminhonete","carreta","jipe","outros","sem_informacao","carroca","princ_a","paiA","princ_b","paiB","cod_distrito","distrito","vit_ferida","vit_morta","local","lat","lon"
"10844","D061301751",2429,"ASSIS RIBEIRO, RUA DR",NA,"",5451,"","08/06/2013 06:58",2,"CO",24,6195," "," ",2,0,0,0,0,0,0,0,0,0,0,0,0,0,0,0,0,2429,"ASSIS RIBEIRO, RUA DR",NA,"",28,"ERMELINO MATARA",3,0,"ASSIS RIBEIRO, RUA DR 5451 SAO PAULO SP",-23.4905922,-46.505455
"10845","D061300172",5567,"CRUZEIRO DO SUL, AV",NA,"",1000,"","08/06/2013 07:07",2,"CO",12,4221," "," ",1,0,0,0,0,0,0,1,0,0,0,0,0,0,0,0,0,5567,"CRUZEIRO DO SUL, AV",NA,"",5,"ARTUR ALVIM",1,0,"CRUZEIRO DO SUL, AV 1000 SAO PAULO SP",-23.5231235,-46.6251482
"10846","D061300136",543,"ALCANTARA MACHADO, AV",NA,"",277,"","08/06/2013 07:30",2,"CO",8,4525," "," ",1,1,0,0,0,0,0,0,0,0,0,0,0,0,0,0,0,543,"ALCANTARA MACHADO, AV",NA,"",10,"BRAS",1,0,"ALCANTARA MACHADO, AV 277 SAO PAULO SP",-23.5518405,-46.6224454
"10847","D061301397",8950,"IBITINGA, RUA",NA,"",699,"","08/06/2013 08:05",2,"CH",57,3839," "," ",0,1,0,0,0,0,0,0,0,0,0,1,0,0,0,0,0,8950,"IBITINGA, RUA",NA,"",1,"AGUA RASA",1,0,"IBITINGA, RUA 699 SAO PAULO SP",-23.5666483,-46.581152
"10848","D061301607",21084,"JOAO FERNANDES C. NOVA JUNIOR, RUA",NA,"",402,"","08/06/2013 08:06",2,"CO",92,7112," "," ",0,1,0,0,0,0,0,0,0,0,0,1,0,0,0,0,0,21084,"JOAO FERNANDES C. NOVA JUNIOR, RUA",NA,"",29,"FREGUESIA DO O",1,0,"JOAO FERNANDES C. NOVA JUNIOR, RUA 402 SAO PAULO SP",-23.6527567,-46.7414271
"10849","D061300261",18172,"SILVA BUENO, RUA",NA,"",2555,"","08/06/2013 09:30",2,"CO",17,7806," "," ",0,1,0,0,0,0,0,0,0,0,0,1,0,0,0,0,0,18172,"SILVA BUENO, RUA",NA,"",18,"CANGAIBA",1,0,"SILVA BUENO, RUA 2555 SAO PAULO SP",-23.6012165,-46.6005874
"10850","D061301314",34122,"MELO FREIRE, RUA",1967,"APUCARANA, RUA",0,"","08/06/2013 09:30",2,"CO",30,3491," "," ",0,1,0,0,0,0,0,0,0,0,0,1,0,0,0,0,0,1967,"APUCARANA, RUA",34122,"MELO FREIRE, RUA",82,"TATUAPE",1,0,"MELO FREIRE, RUA SAO PAULO SP &  APUCARANA, RUA SAO PAULO SP",-23.5391715,-46.5695321
"10851","D061300072",9276,"IPIRANGA, AV",12132,"LUIS, AV S",0,"","08/06/2013 10:50",2,"CO",3,900120," "," ",1,1,0,0,0,0,0,0,0,0,0,0,0,0,0,0,0,9276,"IPIRANGA, AV",12132,"LUIS, AV S",67,"REPUBLICA",1,0,"IPIRANGA, AV SAO PAULO SP &  LUIS, AV S SAO PAULO SP",-23.5457285,-46.6440924
"10852","D061301140",78699,"AGENOR ALVES MEIRA, RUA",NA,"",200,"","08/06/2013 11:00",4,"AT",72,5278," "," ",1,0,0,0,0,0,0,0,0,0,0,0,0,0,0,0,0,78699,"AGENOR ALVES MEIRA, RUA",NA,"",40,"JAGUARE",4,0,"AGENOR ALVES MEIRA, RUA 200 SAO PAULO SP",-23.4589505,-46.6768244
"10853","D061300787",16838,"RAIMUNDO PEREIRA DE MAGAL., AV",NA,"",3700,"","08/06/2013 11:10",2,"QM",87,3087," "," ",0,1,0,0,0,0,0,0,0,0,0,0,0,0,0,0,0,16838,"RAIMUNDO PEREIRA DE MAGAL., AV",NA,"",31,"GUAIANASES",1,0,"RAIMUNDO PEREIRA DE MAGAL., AV 3700 SAO PAULO SP",-23.4866877,-46.7259455
"10854","D061301650",6238,"NACOES UNIDAS, AV DAS",NA,"",22215,"","08/06/2013 11:30",2,"CL",99,6615,"C"," ",2,0,0,0,0,0,0,0,0,0,0,0,0,0,0,0,0,13014,"MARGINAL DO RIO PINHEIROS, AV",NA,"",90,"VILA LEOPOLDINA",1,0,"NACOES UNIDAS, AV DAS 22215 SAO PAULO SP",-23.6791496,-46.6960556
"10855","D061300274",14710,"MERCES, RUA NSRA DAS",NA,"",444,"","08/06/2013 11:53",4,"AT",26,5111," "," ",0,1,0,0,0,0,0,0,0,0,0,0,0,0,0,0,0,14710,"MERCES, RUA NSRA DAS",NA,"",69,"SACOMA",1,0,"MERCES, RUA NSRA DAS 444 SAO PAULO SP",-23.5505199,-46.6333094
"10856","D061301056",16051,"PENHA BRASIL, AV GAL",NA,"",78,"","08/06/2013 12:10",4,"AT",38,5268," "," ",0,1,0,0,0,0,0,0,0,0,0,0,0,0,0,0,0,16051,"PENHA BRASIL, AV GAL",NA,"",48,"LAPA",1,0,"PENHA BRASIL, AV GAL 78 SAO PAULO SP",-23.470086,-46.6661007
"10857","D061300292",35829,"MOREIRA GUIMARAES, AV",NA,"",699,"","08/06/2013 12:16",2,"CO",27,6087," "," ",1,1,0,0,0,0,0,0,0,0,0,0,0,0,0,0,0,35829,"MOREIRA GUIMARAES, AV",NA,"",24,"CIDADE LIDER",1,0,"MOREIRA GUIMARAES, AV 699 SAO PAULO SP",-23.6129835,-46.6574175
"10858","D061301197",18594,"TAIPAS, ES",NA,"",3897,"","08/06/2013 13:20",2,"CO",74,5267,"C"," ",1,1,0,0,0,0,0,0,0,0,0,0,0,0,0,0,0,18594,"TAIPAS, ES",NA,"",52,"MARSILAC",1,0,"TAIPAS, ES 3897 SAO PAULO SP",-23.4261258,-46.7260757
"10861","D061300806",4362,"BENEDITO MONTENEGRO, RUA PROF",NA,"",1290,"","08/06/2013 13:30",2,"CO",89,5140," "," ",1,1,0,0,0,0,0,0,0,0,0,0,0,0,0,0,0,4362,"BENEDITO MONTENEGRO, RUA PROF",NA,"",85,"VILA ANDRADE",2,0,"BENEDITO MONTENEGRO, RUA PROF 1290 SAO PAULO SP",-23.6240456,-46.7167439
"10864","D061300576",21629,"ELISIO CORDEIRO DE SIQUEIRA, AV",NA,"",720,"","08/06/2013 14:56",2,"CO",33,5423," "," ",1,1,0,0,0,0,0,0,0,0,0,0,0,0,0,0,0,21629,"ELISIO CORDEIRO DE SIQUEIRA, AV",NA,"",31,"GUAIANASES",1,0,"ELISIO CORDEIRO DE SIQUEIRA, AV 720 SAO PAULO SP",-23.5005878,-46.7473401
"10865","D061301238",6371,"ELISABETH DE ROBIANO, AV CDSSA",NA,"",4500,"","08/06/2013 15:20",2,"CO",10,6514," "," ",1,1,0,0,0,0,0,0,0,0,0,0,0,0,0,0,0,29772,"MARGINAL DO RIO TIETE, AV",NA,"",82,"TATUAPE",2,0,"ELISABETH DE ROBIANO, AV CDSSA 4500 SAO PAULO SP",-23.5076424,-46.5495997
"10866","D061300488",7257,"FONSECA RODRIGUES, AV PROF",NA,"",838,"","08/06/2013 15:30",2,"CO",14,5918," "," ",1,1,0,0,0,0,0,0,0,0,0,0,0,0,0,0,0,7257,"FONSECA RODRIGUES, AV PROF",NA,"",2,"ALTO DE PINHEIR",1,0,"FONSECA RODRIGUES, AV PROF 838 SAO PAULO SP",-23.5476506,-46.71538
"10867","D061300529",18552,"TABAPUA, RUA",9046,"IGUATEMI, RUA",0,"","08/06/2013 15:43",2,"CO",15,5863," "," ",4,0,0,0,0,0,0,0,0,0,0,0,0,0,0,0,0,9046,"IGUATEMI, RUA",18552,"TABAPUA, RUA",34,"ITAIM BIBI",1,0,"TABAPUA, RUA SAO PAULO SP &  IGUATEMI, RUA SAO PAULO SP",-23.583508,-46.6768143
"10868","D061301511",5606,"CUPECE, AV",NA,"",4097,"","08/06/2013 15:45",2,"QM",43,6092," "," ",1,1,0,0,0,0,0,0,0,0,0,0,0,0,0,0,0,5606,"CUPECE, AV",NA,"",22,"CIDADE ADEMAR",2,0,"CUPECE, AV 4097 SAO PAULO SP",-23.6710974,-46.6464506
"10870","D061300743",25036,"MASO DI BIANCO, RUA",25466,"GUAJARAUNA, RUA",0,"","08/06/2013 16:10",2,"CO",51,5866," "," ",2,0,0,0,0,0,0,0,0,0,0,0,0,0,0,0,0,25036,"MASO DI BIANCO, RUA",25466,"GUAJARAUNA, RUA",NA,"",2,0,"MASO DI BIANCO, RUA SAO PAULO SP &  GUAJARAUNA, RUA SAO PAULO SP",-23.5820499,-46.7696636
"10871","D061302066",75919,"FRANCISCO PEREIRA DE SOUZA, RUA",19041,"TOLSTOI DE CARVALHO, RUA",0,"","08/06/2013 16:20",2,"CO",70,6129," "," ",1,1,0,0,0,0,0,0,0,0,0,0,0,0,0,0,0,19041,"TOLSTOI DE CARVALHO, RUA",75919,"FRANCISCO PEREIRA DE SOUZA, RUA",NA,"",1,0,"FRANCISCO PEREIRA DE SOUZA, RUA SAO PAULO SP &  TOLSTOI DE CARVALHO, RUA SAO PAULO SP",-23.5968892,-46.5253657
"10872","D061302089",5606,"CUPECE, AV",NA,"",3500,"","08/06/2013 16:53",4,"AT",98,5938," "," ",1,0,0,0,0,0,0,0,0,0,0,0,0,0,0,0,0,5606,"CUPECE, AV",NA,"",22,"CIDADE ADEMAR",0,1,"CUPECE, AV 3500 SAO PAULO SP",-23.6682278,-46.6519362
"10873","D061301510",5606,"CUPECE, AV",NA,"",3500,"","08/06/2013 16:53",4,"AT",43,6090," "," ",1,0,0,0,0,0,0,0,0,0,0,0,0,0,0,0,0,5606,"CUPECE, AV",NA,"",22,"CIDADE ADEMAR",1,0,"CUPECE, AV 3500 SAO PAULO SP",-23.6682278,-46.6519362
"10874","D061301835",2429,"ASSIS RIBEIRO, RUA DR",NA,"",10000,"","08/06/2013 17:00",2,"CO",63,4738," "," ",2,0,0,0,0,0,0,0,0,0,0,0,0,0,0,0,0,2429,"ASSIS RIBEIRO, RUA DR",NA,"",28,"ERMELINO MATARA",1,0,"ASSIS RIBEIRO, RUA DR 10000 SAO PAULO SP",-23.4869343,-46.4664085
"10876","D061301616",1941,"APIARIS, RUA DOS",NA,"",132,"","08/06/2013 18:10",2,"CO",98,6088," "," ",1,1,0,0,0,0,0,0,0,0,0,0,0,0,0,0,0,1941,"APIARIS, RUA DOS",NA,"",59,"PEDREIRA",1,0,"APIARIS, RUA DOS 132 SAO PAULO SP",-23.6975072,-46.6461326
"10877","D061300009",7664,"FURTADO, RUA CONS",NA,"",669,"","08/06/2013 18:15",2,"CO",1,4547," "," ",1,1,0,0,0,0,0,0,0,0,0,0,0,0,0,0,0,7664,"FURTADO, RUA CONS",NA,"",80,"SE",1,0,"FURTADO, RUA CONS 669 SAO PAULO SP",-23.55889,-46.6327291
"10878","D061301889",10988,"JOSE GRAVONSKY, RUA DR",NA,"",170,"","08/06/2013 18:30",2,"QF",68,1742," "," ",0,0,1,0,0,0,0,0,0,0,0,0,0,0,0,0,0,10988,"JOSE GRAVONSKY, RUA DR",NA,"",47,"LAJEADO",1,0,"JOSE GRAVONSKY, RUA DR 170 SAO PAULO SP",-23.5505199,-46.6333094
"10879","D061302003",45521,"ELOA DO VALLE QUADROS, RUA DNA",NA,"",349,"","08/06/2013 18:30",2,"CO",54,8043," "," ",0,1,0,0,0,0,0,0,0,0,0,0,0,0,0,1,0,45521,"ELOA DO VALLE QUADROS, RUA DNA",NA,"",25,"CIDADE TIRADENT",1,0,"ELOA DO VALLE QUADROS, RUA DNA 349 SAO PAULO SP",-23.5898312,-46.4113936
"10880","D061301319",34122,"MELO FREIRE, RUA",NA,"",1500,"","08/06/2013 18:30",2,"CO",30,6519," "," ",1,1,0,0,0,0,0,0,0,0,0,0,0,0,0,0,0,34122,"MELO FREIRE, RUA",NA,"",27,"CURSINO",1,0,"MELO FREIRE, RUA 1500 SAO PAULO SP",-23.5419348,-46.5799521
"10881","D061300173",4482,"CARNOT, RUA",8570,"HANNEMANN, RUA",0,"","08/06/2013 18:39",4,"AT",12,4555," "," ",1,0,0,0,0,0,0,0,0,0,0,0,0,0,0,0,0,4482,"CARNOT, RUA",8570,"HANNEMANN, RUA",57,"PARI",1,0,"CARNOT, RUA SAO PAULO SP &  HANNEMANN, RUA SAO PAULO SP",-23.5306795,-46.6221347
"10882","D061301280",11098,"JOSE MASCARENHAS, RUA",NA,"",1531,"","08/06/2013 18:40",2,"CO",21,6523," "," ",1,1,0,0,0,0,0,0,0,0,0,0,0,0,0,0,0,11098,"JOSE MASCARENHAS, RUA",NA,"",38,"JACANA",1,0,"JOSE MASCARENHAS, RUA 1531 SAO PAULO SP",-23.5370783,-46.5225674
"10883","D061301443",11220,"JOSE VICENTE CAVALHEIRO, RUA",7012,"FERNANDES MOREIRA, RUA",0,"","08/06/2013 18:40",2,"CO",11,6630," "," ",2,0,0,0,0,0,0,0,0,0,0,0,0,0,0,0,0,7012,"FERNANDES MOREIRA, RUA",11220,"JOSE VICENTE CAVALHEIRO, RUA",72,"SANTO AMARO",3,0,"JOSE VICENTE CAVALHEIRO, RUA SAO PAULO SP &  FERNANDES MOREIRA, RUA SAO PAULO SP",-23.6277693,-46.7065094
"10884","D061301025",27358,"FUAD LUTFALLA, AV",NA,"",3000,"","08/06/2013 19:43",2,"CO",28,6414," "," ",1,1,0,0,0,0,0,0,0,0,0,0,0,0,0,0,0,27358,"FUAD LUTFALLA, AV",NA,"",4,"ARICANDUVA",1,0,"FUAD LUTFALLA, AV 3000 SAO PAULO SP",-23.4891885,-46.7101738
"10885","D061301442",19931,"WASHINGTON LUIS, AV",3489,"BORBA GATO, RUA",0,"","08/06/2013 19:49",2,"CO",11,6627," "," ",1,1,0,0,0,0,0,0,0,0,0,0,0,0,0,0,0,14743,"SABARA, AV NSRA DO",19931,"WASHINGTON LUIS, AV",16,"CAMPO GRANDE",1,0,"WASHINGTON LUIS, AV SAO PAULO SP &  BORBA GATO, RUA SAO PAULO SP",-23.6605391,-46.7039265
"10886","D061301617",1005,"DOMENICO ANIBAL, RUA",NA,"",310,"","08/06/2013 20:00",2,"CO",98,6132," "," ",1,1,0,0,0,0,0,0,0,0,0,0,0,0,0,0,0,1005,"DOMENICO ANIBAL, RUA",NA,"",22,"CIDADE ADEMAR",1,0,"DOMENICO ANIBAL, RUA 310 SAO PAULO SP",-23.686164,-46.6480225
"10889","D061301346",19708,"VILA EMA, AV",NA,"",3400,"","08/06/2013 21:11",2,"CO",42,3851," "," ",1,1,0,0,0,0,0,0,0,0,0,0,0,0,0,0,0,19708,"VILA EMA, AV",NA,"",26,"CONSOLACAO",1,0,"VILA EMA, AV 3400 SAO PAULO SP",-23.5857528,-46.5454487
"10890","D061302158",16607,"GASPAR DIAS DE ATAIDE, RUA",46371,"ODETE AMARAL, RUA",0,"","08/06/2013 21:20",2,"CO",50,7132," "," ",1,1,1,0,0,0,0,0,0,0,0,0,0,0,0,0,0,16607,"GASPAR DIAS DE ATAIDE, RUA",46371,"ODETE AMARAL, RUA",47,"LAJEADO",1,1,"GASPAR DIAS DE ATAIDE, RUA SAO PAULO SP &  ODETE AMARAL, RUA SAO PAULO SP",-23.5396296,-46.3935763
"10891","D061300689",18262,"SILVIO DE CAMPOS, AV DR",NA,"",192,"","08/06/2013 21:30",4,"AT",46,2824," "," ",0,1,0,0,0,0,0,0,0,0,0,0,0,0,0,0,0,18262,"SILVIO DE CAMPOS, AV DR",NA,"",NA,"",1,0,"SILVIO DE CAMPOS, AV DR 192 SAO PAULO SP",-23.4066414,-46.755832
"10892","D061302046",98410,"ISABEL (SAO MATEUS), RUA PRSA",NA,"",45,"","08/06/2013 21:40",4,"AT",69,6259," "," ",1,0,0,0,0,0,0,0,0,0,0,0,0,0,0,0,0,98410,"ISABEL (SAO MATEUS), RUA PRSA",NA,"",78,"SAPOPEMBA",1,0,"ISABEL (SAO MATEUS), RUA PRSA 45 SAO PAULO SP",-22.1213668,-51.3801669
"10893","D061300236",5618,"CURSINO, AV DO",NA,"",849,"","08/06/2013 21:48",4,"AT",16,7825,"B"," ",1,0,0,0,0,0,0,0,0,0,0,0,0,0,0,0,0,5618,"CURSINO, AV DO",NA,"",27,"CURSINO",1,0,"CURSINO, AV DO 849 SAO PAULO SP",-23.6099826,-46.6172906
"10894","D061301542",21621,"AGOSTINHO ALVIM, RUA PROF",NA,"",194,"","08/06/2013 22:00",4,"AT",47,8683," "," ",0,0,0,0,0,0,0,0,0,0,0,0,0,0,0,1,0,21621,"AGOSTINHO ALVIM, RUA PROF",NA,"",29,"FREGUESIA DO O",1,0,"AGOSTINHO ALVIM, RUA PROF 194 SAO PAULO SP",-23.6733833,-46.7784242
"10895","D061301571",15507,"TEOTONIO VILELA, AV SEN",NA,"",28000,"","08/06/2013 22:00",2,"CL",85,1814," "," ",1,1,0,0,0,0,0,0,0,0,0,0,0,0,0,0,0,15507,"TEOTONIO VILELA, AV SEN",NA,"",23,"CIDADE DUTRA",1,0,"TEOTONIO VILELA, AV SEN 28000 SAO PAULO SP",-23.7290679,-46.698928
"10896","D061300792",14741,"MIGUEL DE CASTRO, RUA",NA,"",1465,"","08/06/2013 22:30",4,"AT",87,5432," "," ",1,0,0,0,0,0,0,0,0,0,0,0,0,0,0,0,0,14741,"MIGUEL DE CASTRO, RUA",NA,"",64,"PIRITUBA",2,0,"MIGUEL DE CASTRO, RUA 1465 SAO PAULO SP",-23.47372,-46.7199075
"10897","D061300559",19259,"TURIASSU, RUA",NA,"",1891,"","08/06/2013 23:00",4,"AT",23,4242," "," ",0,1,0,0,0,0,0,0,0,0,0,0,0,0,0,0,0,19259,"TURIASSU, RUA",NA,"",19,"CAPAO REDONDO",1,0,"TURIASSU, RUA 1891 SAO PAULO SP",-23.5278324,-46.680603
"10898","D061301712",2483,"ATLANTICA ANT. ROBERT KENNEDY, AV",NA,"",2500,"","08/06/2013 23:32",2,"CL",102,6636,"C"," ",0,1,0,0,0,0,0,0,0,0,0,1,0,0,0,0,0,2483,"ATLANTICA ANT. ROBERT KENNEDY, AV",NA,"",23,"CIDADE DUTRA",1,0,"ATLANTICA ANT. ROBERT KENNEDY, AV 2500 SAO PAULO SP",-23.5505199,-46.6333094
"10899","D061300664",63022,"ORESTES ROSOLIA, RUA PROF",NA,"",393,"","09/06/2013 00:00",4,"AT",37,5166," "," ",0,0,0,0,0,0,0,0,0,0,0,0,0,0,0,1,0,63022,"ORESTES ROSOLIA, RUA PROF",NA,"",29,"FREGUESIA DO O",1,0,"ORESTES ROSOLIA, RUA PROF 393 SAO PAULO SP",-23.6455916,-46.7787522
"10900","D061301752",98965,"CALIM EID, AV",NA,"",1740,"","09/06/2013 00:05",2,"CH",24,6233," "," ",1,0,0,0,0,0,0,0,0,0,0,0,0,0,0,0,0,98965,"CALIM EID, AV",NA,"",60,"PENHA",1,0,"CALIM EID, AV 1740 SAO PAULO SP",-23.5214016,-46.4960406
"10901","D061302029",75433,"LATINOS, AV DOS",2181,"ARICANDUVA, AV",0,"","09/06/2013 00:10",2,"CO",66,2721," "," ",1,1,0,0,0,0,0,0,0,0,0,0,0,0,0,0,0,2181,"ARICANDUVA, AV",75433,"LATINOS, AV DOS",4,"ARICANDUVA",1,0,"LATINOS, AV DOS SAO PAULO SP &  ARICANDUVA, AV SAO PAULO SP",-23.572782,-46.5057073
"10902","D061301423",11328,"JULIO DE CASTILHOS, RUA",NA,"",434,"","09/06/2013 00:17",2,"CH",81,3510," "," ",2,0,0,0,0,0,0,0,0,0,0,0,0,0,0,0,0,11328,"JULIO DE CASTILHOS, RUA",NA,"",8,"BELEM",1,0,"JULIO DE CASTILHOS, RUA 434 SAO PAULO SP",-23.5443372,-46.6005002
"10903","D061302115",24338,"LUIZ IGNACIO ANHAIA MELLO, AV PROF",NA,"",9861,"","09/06/2013 00:21",2,"CH",69,6142," "," ",1,0,0,0,0,0,0,0,0,0,0,0,0,0,0,0,0,24338,"LUIZ IGNACIO ANHAIA MELLO, AV PROF",NA,"",26,"CONSOLACAO",0,1,"LUIZ IGNACIO ANHAIA MELLO, AV PROF 9861 SAO PAULO SP",-23.6046936,-46.5102212
"10904","D061300965",4775,"CEREJEIRAS, AV DAS",NA,"",264,"","09/06/2013 00:25",2,"CO",19,5388," "," ",1,1,0,0,0,0,0,0,0,0,0,0,0,0,0,0,0,4775,"CEREJEIRAS, AV DAS",NA,"",94,"VILA MEDEIROS",1,0,"CEREJEIRAS, AV DAS 264 SAO PAULO SP",-23.513119,-46.5805328
"10905","D061300865",9836,"JAGUARE, AV",11491,"KENKITI SIMOMOTO, AV",0,"","09/06/2013 00:27",2,"CO",93,4246," "," ",1,0,0,0,0,0,0,0,0,0,0,1,0,0,0,0,0,9836,"JAGUARE, AV",11491,"KENKITI SIMOMOTO, AV",40,"JAGUARE",2,0,"JAGUARE, AV SAO PAULO SP &  KENKITI SIMOMOTO, AV SAO PAULO SP",-23.550963,-46.74035
"10906","D061301239",4128,"CANGAIBA, AV",NA,"",2276,"","09/06/2013 00:30",2,"CF",10,6536," "," ",1,1,0,0,0,0,0,0,0,0,0,0,0,0,0,0,0,4128,"CANGAIBA, AV",NA,"",18,"CANGAIBA",1,0,"CANGAIBA, AV 2276 SAO PAULO SP",-23.507361,-46.5333506
"10907","D061300174",4561,"CASTELO BRANCO, AV PRES",NA,"",10000,"","09/06/2013 01:20",2,"CO",12,4555," "," ",2,0,0,0,0,0,0,0,0,0,0,0,0,0,0,0,0,29772,"MARGINAL DO RIO TIETE, AV",NA,"",6,"BARRA FUNDA",2,0,"CASTELO BRANCO, AV PRES 10000 SAO PAULO SP",-23.5107983,-46.6853317
"10909","D061301373",64125,"PINHEIRO GUIMARAES, RUA",NA,"",751,"","09/06/2013 01:41",2,"CO",56,3854," "," ",2,0,0,0,0,0,0,0,0,0,0,0,0,0,0,0,0,64125,"PINHEIRO GUIMARAES, RUA",NA,"",26,"CONSOLACAO",1,0,"PINHEIRO GUIMARAES, RUA 751 SAO PAULO SP",-23.5897178,-46.5710133
"10910","D061300530",14804,"NOVE DE JULHO, AV",2783,"BANDEIRA PAULISTA, RUA",0,"","09/06/2013 01:55",4,"AT",15,5875," "," ",1,0,0,0,0,0,0,0,0,0,0,0,0,0,0,0,0,2783,"BANDEIRA PAULISTA, RUA",14804,"NOVE DE JULHO, AV",34,"ITAIM BIBI",1,0,"NOVE DE JULHO, AV SAO PAULO SP &  BANDEIRA PAULISTA, RUA SAO PAULO SP",-23.5517584,-46.6473069
"10911","D061300628",7500,"FRANCISCO MORATO, AV PROF",NA,"",5800,"","09/06/2013 02:00",2,"CL",34,5154," "," ",2,1,0,0,0,0,0,0,0,0,0,0,0,0,0,0,0,7500,"FRANCISCO MORATO, AV PROF",NA,"",12,"BUTANTA",1,0,"FRANCISCO MORATO, AV PROF 5800 SAO PAULO SP",-23.6050533,-46.7460829
"10912","D061302148",3509,"BELMIRA MARIN, AV DONA",70323,"ANTONIO DE OSSELA, RUA STO",0,"","09/06/2013 02:47",4,"AT",101,4564," "," ",1,0,0,0,0,0,0,0,0,0,0,0,0,0,0,0,0,3509,"BELMIRA MARIN, AV DONA",61576,"BILAC, RUA",30,"GRAJAU",0,1,"BELMIRA MARIN, AV DONA SAO PAULO SP &  ANTONIO DE OSSELA, RUA STO SAO PAULO SP",-23.7563396,-46.6677778
"10913","D061301681",3509,"BELMIRA MARIN, AV DONA",70323,"ANTONIO DE OSSELA, RUA STO",0,"","09/06/2013 02:47",4,"AT",101,4462," "," ",1,0,0,0,0,0,0,0,0,0,0,0,0,0,0,0,0,3509,"BELMIRA MARIN, AV DONA",61576,"BILAC, RUA",30,"GRAJAU",1,0,"BELMIRA MARIN, AV DONA SAO PAULO SP &  ANTONIO DE OSSELA, RUA STO SAO PAULO SP",-23.7563396,-46.6677778
"10914","D061302100",15425,"CANTIDIO SAMPAIO, AV DEP",NA,"",1500,"","09/06/2013 03:14",2,"CF",72,5280,"B"," ",0,1,1,0,0,0,0,0,0,0,0,0,0,0,0,0,0,15425,"CANTIDIO SAMPAIO, AV DEP",NA,"",41,"JARAGUA",0,1,"CANTIDIO SAMPAIO, AV DEP 1500 SAO PAULO SP",-23.4650874,-46.679592
"10916","D061301347",75405,"BRUMADO DE MINAS, AV",NA,"",626,"","09/06/2013 03:32",2,"QM",42,3857," "," ",0,1,0,0,0,0,0,0,0,0,0,0,0,0,0,0,0,75405,"BRUMADO DE MINAS, AV",NA,"",26,"CONSOLACAO",1,0,"BRUMADO DE MINAS, AV 626 SAO PAULO SP",-23.5949454,-46.5563771
"10917","D061300982",19884,"VOLUNTARIOS DA PATRIA, RUA",NA,"",3692,"","09/06/2013 03:40",2,"CH",20,5389," "," ",0,0,0,0,0,0,0,0,0,0,0,1,0,0,0,0,0,19884,"VOLUNTARIOS DA PATRIA, RUA",NA,"",8,"BELEM",2,0,"VOLUNTARIOS DA PATRIA, RUA 3692 SAO PAULO SP",-23.4875965,-46.6264092
"10918","D061302155",12403,"M'BOI MIRIM, ES",NA,"",4308,"","09/06/2013 03:50",2,"CH",47,7136,"B"," ",0,0,1,1,0,0,0,0,0,0,0,0,0,0,0,0,0,12403,"M'BOI MIRIM, ES",NA,"",42,"JARDIM ANGELA",0,1,"M'BOI MIRIM, ES 4308 SAO PAULO SP",-23.5505199,-46.6333094
"10919","D061301198",6361,"ELISIO TEIXEIRA LEITE, AV",NA,"",6500,"","09/06/2013 04:00",2,"QM",74,5299," "," ",0,1,0,0,0,0,0,0,0,0,0,0,0,0,0,0,0,6361,"ELISIO TEIXEIRA LEITE, AV",NA,"",29,"FREGUESIA DO O",1,0,"ELISIO TEIXEIRA LEITE, AV 6500 SAO PAULO SP",-23.4455886,-46.7170752
"10920","D061301168",42220,"USHIKICHI KAMYIA, RUA",NA,"",3040,"","09/06/2013 04:15",2,"CF",73,6172," "," ",0,2,0,0,0,0,0,0,0,0,0,0,0,0,0,0,0,42220,"USHIKICHI KAMYIA, RUA",NA,"",38,"JACANA",2,0,"USHIKICHI KAMYIA, RUA 3040 SAO PAULO SP",-23.4388746,-46.5690328
"10921","D061301026",1508,"ANTONIETA LEITAO, RUA",NA,"",248,"","09/06/2013 05:30",2,"CH",28,6435,"B"," ",2,0,0,0,0,0,0,0,0,0,0,0,0,0,0,0,0,1508,"ANTONIETA LEITAO, RUA",NA,"",29,"FREGUESIA DO O",1,0,"ANTONIETA LEITAO, RUA 248 SAO PAULO SP",-23.5026254,-46.6970988
"10922","D061300929",19884,"VOLUNTARIOS DA PATRIA, RUA",17843,"SARAIVA, RUA CONS",0,"","09/06/2013 05:30",2,"CO",13,6428," "," ",2,0,0,0,0,0,0,0,0,0,0,0,0,0,0,0,0,17843,"SARAIVA, RUA CONS",19884,"VOLUNTARIOS DA PATRIA, RUA",71,"SANTANA",2,0,"VOLUNTARIOS DA PATRIA, RUA SAO PAULO SP &  SARAIVA, RUA CONS SAO PAULO SP",-23.5033096,-46.6263934
"10923","D061301570",20048,"YERVANT KISSAJIKIAN, AV",NA,"",1020,"","09/06/2013 06:58",2,"CO",80,900017,"C"," ",1,1,0,0,0,0,0,0,0,0,0,0,0,0,0,0,0,20048,"YERVANT KISSAJIKIAN, AV",NA,"",29,"FREGUESIA DO O",2,0,"YERVANT KISSAJIKIAN, AV 1020 SAO PAULO SP",-23.670348,-46.6697582