"","id_acidente","codloga","logradouroA","codlogb","logradouroB","alt_num","referencia","data","cod_acid","tipo_acidente","dp","numero_BO","sentido","pista","automovel","moto","onibus","caminhao","bicicleta","moto_taxi","onibus_fretado","onibus_urbano","microonibus","van","vuc","caminhonete","carreta","jipe","outros","sem_informacao","carroca","princ_a","paiA","princ_b","paiB","cod_distrito","distrito","vit_ferida","vit_morta","local","lat","lon"
"10924","D061300104",12690,"MANOEL DUTRA, RUA",17517,"RUI BARBOSA, RUA",0,"","09/06/2013 07:40",2,"CO",5,4977," "," ",1,1,0,0,0,0,0,0,0,0,0,0,0,0,0,0,0,12690,"MANOEL DUTRA, RUA",17517,"RUI BARBOSA, RUA",7,"BELA VISTA",1,0,"MANOEL DUTRA, RUA SAO PAULO SP &  RUI BARBOSA, RUA SAO PAULO SP",-23.5555126,-46.646692
"10925","D061301561",70121,"DOMINGAS GALLETERI BLOTTA, RUA",NA,"",10,"","09/06/2013 07:41",2,"QM",80,6110," "," ",0,1,0,0,0,0,0,0,0,0,0,0,0,0,0,0,0,70121,"DOMINGAS GALLETERI BLOTTA, RUA",NA,"",29,"FREGUESIA DO O",1,0,"DOMINGAS GALLETERI BLOTTA, RUA 10 SAO PAULO SP",-23.6820762,-46.6776105
"10926","D061301089",9978,"JARDIM JAPAO, AV",NA,"",829,"","09/06/2013 07:54",2,"CH",39,6169," "," ",0,1,0,0,0,0,0,0,0,0,0,0,0,0,0,0,0,9978,"JARDIM JAPAO, AV",NA,"",94,"VILA MEDEIROS",2,0,"JARDIM JAPAO, AV 829 SAO PAULO SP",-23.4830292,-46.5800887
"10927","D061300215",15656,"PAULISTA, AV",8562,"HADDOCK LOBO, RUA",0,"","09/06/2013 07:58",2,"CO",78,4978,"B"," ",1,1,0,0,0,0,0,0,0,0,0,0,0,0,0,0,0,8562,"HADDOCK LOBO, RUA",15656,"PAULISTA, AV",44,"JARDIM PAULISTA",1,0,"PAULISTA, AV SAO PAULO SP &  HADDOCK LOBO, RUA SAO PAULO SP",-23.5625897,-46.6549244
"10929","D061302004",99999,"METALURGICOS, AV DOS",NA,"",1063,"","09/06/2013 09:30",2,"CT",54,8076," "," ",1,0,1,0,0,0,0,0,0,0,0,0,0,0,0,0,0,99999,"METALURGICOS, AV DOS",NA,"",25,"CIDADE TIRADENT",2,0,"METALURGICOS, AV DOS 1063 SAO PAULO SP",-23.5917322,-46.4072855
"10930","D061302014",39974,"CINIRA POLONIO, RUA",NA,"",33,"","09/06/2013 09:45",4,"AT",55,6154," "," ",0,1,0,0,0,0,0,0,0,0,0,0,0,0,0,0,0,39974,"CINIRA POLONIO, RUA",NA,"",55,"MORUMBI",1,0,"CINIRA POLONIO, RUA 33 SAO PAULO SP",-23.6200575,-46.4558151
"10931","D061301709",2483,"ATLANTICA ANT. ROBERT KENNEDY, AV",NA,"",3500,"","09/06/2013 10:00",2,"CO",102,2210," "," ",1,0,0,0,1,0,0,0,0,0,0,0,0,0,0,0,0,2483,"ATLANTICA ANT. ROBERT KENNEDY, AV",NA,"",23,"CIDADE DUTRA",1,0,"ATLANTICA ANT. ROBERT KENNEDY, AV 3500 SAO PAULO SP",-23.5505199,-46.6333094
"10932","D061300771",16878,"RAPOSO TAVARES, VIA",NA,"",15000,"","09/06/2013 10:30",2,"CO",75,4117," "," ",1,1,0,0,0,0,0,0,0,0,0,0,0,0,0,0,0,16878,"RAPOSO TAVARES, VIA",NA,"",13,"CACHOEIRINHA",1,0,"RAPOSO TAVARES, VIA 15000 SAO PAULO SP",-23.5250688,-48.4783913
"10933","D061301492",36000,"AMARO ALVES DO ROSARIO, RUA",38141,"PARTICULAR (PARELHEIROS), RUA",0,"","09/06/2013 10:30",2,"CL",25,4879," "," ",1,0,0,0,0,0,0,0,0,0,0,1,0,0,0,0,0,36000,"AMARO ALVES DO ROSARIO, RUA",38141,"PARTICULAR (PARELHEIROS), RUA",56,"PARELHEIROS",1,0,"AMARO ALVES DO ROSARIO, RUA SAO PAULO SP &  PARTICULAR (PARELHEIROS), RUA SAO PAULO SP",-23.8144616,-46.7352272
"10934","D061301563",12187,"LUIS BUENO DE MIRANDA, RUA",14743,"SABARA, AV NSRA DO",0,"","09/06/2013 11:30",2,"CO",80,6127," "," ",1,1,0,0,0,0,0,0,0,0,0,0,0,0,0,0,0,12187,"LUIS BUENO DE MIRANDA, RUA",14743,"SABARA, AV NSRA DO",16,"CAMPO GRANDE",1,0,"LUIS BUENO DE MIRANDA, RUA SAO PAULO SP &  SABARA, AV NSRA DO SAO PAULO SP",-23.6905111,-46.6758958
"10935","D061301713",2483,"ATLANTICA ANT. ROBERT KENNEDY, AV",NA,"",4605,"","09/06/2013 11:30",2,"CO",102,6652," "," ",2,0,0,0,0,0,0,0,0,0,0,0,0,0,0,0,0,2483,"ATLANTICA ANT. ROBERT KENNEDY, AV",NA,"",23,"CIDADE DUTRA",1,0,"ATLANTICA ANT. ROBERT KENNEDY, AV 4605 SAO PAULO SP",-23.5505199,-46.6333094
"10936","D061301057",4290,"ADOLFO COELHO, AV",NA,"",332,"","09/06/2013 13:00",4,"AT",38,5308," "," ",0,1,0,0,0,0,0,0,0,0,0,0,0,0,0,0,0,4290,"ADOLFO COELHO, AV",NA,"",51,"MANDAQUI",1,0,"ADOLFO COELHO, AV 332 SAO PAULO SP",-23.4742652,-46.6458201
"10938","D061300437",8423,"GUASSATUNGAS, RUA DOS",5393,"CORRUIRAS, RUA DAS",0,"","09/06/2013 13:48",2,"CF",97,5157," "," ",1,0,0,0,1,0,0,0,0,0,0,0,0,0,0,0,0,5393,"CORRUIRAS, RUA DAS",8423,"GUASSATUNGAS, RUA DOS",37,"JABAQUARA",1,0,"GUASSATUNGAS, RUA DOS SAO PAULO SP &  CORRUIRAS, RUA DAS SAO PAULO SP",-23.6573231,-46.6446815
"10939","D061302134",37209,"NAGIB FARAH MALUF, AV",NA,"",962,"","09/06/2013 14:00",2,"CP",63,4766," "," ",1,0,0,0,0,0,0,0,0,0,0,0,0,0,0,0,0,37209,"NAGIB FARAH MALUF, AV",NA,"",50,"LIMAO",0,1,"NAGIB FARAH MALUF, AV 962 SAO PAULO SP",-23.5448386,-46.4352382
"10940","D061300275",18171,"SILVA BRAGA, RUA ENG",NA,"",485,"","09/06/2013 14:22",2,"CO",26,5156," "," ",1,1,0,0,0,0,0,0,0,0,0,0,0,0,0,0,0,18171,"SILVA BRAGA, RUA ENG",NA,"",21,"CASA VERDE",2,0,"SILVA BRAGA, RUA ENG 485 SAO PAULO SP",-23.6293393,-46.6110302
"10941","D061301027",36284,"PETRONIO PORTELA, AV MIN",NA,"",927,"","09/06/2013 14:45",2,"CO",28,6444," "," ",1,1,0,0,0,0,0,0,0,0,0,0,0,0,0,0,0,36284,"PETRONIO PORTELA, AV MIN",NA,"",4,"ARICANDUVA",1,0,"PETRONIO PORTELA, AV MIN 927 SAO PAULO SP",-23.4915441,-46.6998702
"10943","D061301659",18099,"SERRUBA, RUA",NA,"",250,"","09/06/2013 15:00",4,"AT",100,3041," "," ",1,0,0,0,0,0,0,0,0,0,0,0,0,0,0,0,0,18099,"SERRUBA, RUA",NA,"",32,"IGUATEMI",1,0,"SERRUBA, RUA 250 SAO PAULO SP",-23.7227415,-46.7626366
"10944","D061301141",16051,"PENHA BRASIL, AV GAL",66114,"GONCALO DO ABAETE, RUA S",0,"","09/06/2013 15:00",2,"QM",72,5313," "," ",0,1,0,0,0,0,0,0,0,0,0,0,0,0,0,0,0,16051,"PENHA BRASIL, AV GAL",66114,"GONCALO DO ABAETE, RUA S",11,"BRASILANDIA",2,0,"PENHA BRASIL, AV GAL SAO PAULO SP &  GONCALO DO ABAETE, RUA S SAO PAULO SP",-23.4595594,-46.6745109
"10945","D061301836",46936,"JACU-PESSEGO/NOVA TRABALHADORE, AV",NA,"",522,"","09/06/2013 15:24",4,"AT",63,4796," "," ",1,0,0,0,0,0,0,0,0,0,0,0,0,0,0,0,0,46936,"JACU-PESSEGO/NOVA TRABALHADORE, AV",NA,"",46,"JOSE BONIFACIO",1,0,"JACU-PESSEGO/NOVA TRABALHADORE, AV 522 SAO PAULO SP",-23.5280912,-46.4576372
"10947","D061301814",63975,"MARIPA DE MINAS, RUA",NA,"",280,"","09/06/2013 16:15",2,"CH",62,4803," "," ",0,1,0,0,0,0,0,0,0,0,0,0,0,0,0,0,0,63975,"MARIPA DE MINAS, RUA",NA,"",0,"NULL",1,0,"MARIPA DE MINAS, RUA 280 SAO PAULO SP",-23.512907,-46.4769786
"10948","D061301023",13605,"MARTINELLI, AV COMEN",NA,"",350,"","09/06/2013 16:15",2,"CO",28,5321,"B"," ",2,0,0,0,0,0,0,0,0,0,0,0,0,0,0,0,0,13605,"MARTINELLI, AV COMEN",NA,"",6,"BARRA FUNDA",3,0,"MARTINELLI, AV COMEN 350 SAO PAULO SP",-23.5186813,-46.6999583
"10949","D061301925",6823,"EVALDO CALABREZ, RUA",NA,"",1579,"","09/06/2013 17:00",2,"CO",44,4133," "," ",0,1,1,0,0,0,0,0,0,0,0,0,0,0,0,0,0,6823,"EVALDO CALABREZ, RUA",NA,"",31,"GUAIANASES",1,0,"EVALDO CALABREZ, RUA 1579 SAO PAULO SP",-23.5490948,-46.419467
"10950","D061301562",16026,"PEIXOTO DE MELO FILHO, RUA",NA,"",700,"","09/06/2013 17:10",2,"QM",80,6124," "," ",0,1,0,0,0,0,0,0,0,0,0,0,0,0,0,0,0,16026,"PEIXOTO DE MELO FILHO, RUA",NA,"",29,"FREGUESIA DO O",1,0,"PEIXOTO DE MELO FILHO, RUA 700 SAO PAULO SP",-23.6833846,-46.6638747
"10951","D061302142",16026,"PEIXOTO DE MELO FILHO, RUA",NA,"",700,"","09/06/2013 17:10",2,"CH",80,6124," "," ",0,1,0,0,0,0,0,0,0,0,0,0,0,0,0,0,0,16026,"PEIXOTO DE MELO FILHO, RUA",NA,"",29,"FREGUESIA DO O",0,1,"PEIXOTO DE MELO FILHO, RUA 700 SAO PAULO SP",-23.6833846,-46.6638747
"10952","D061301608",75224,"MARCOS TADEU GOUVEIA, RUA",NA,"",807,"","09/06/2013 17:30",2,"SI",92,7168," "," ",1,0,0,0,0,0,0,0,0,0,0,0,0,0,0,0,0,75224,"MARCOS TADEU GOUVEIA, RUA",NA,"",32,"IGUATEMI",2,0,"MARCOS TADEU GOUVEIA, RUA 807 SAO PAULO SP",-23.6572638,-46.7555043
"10953","D061300181",3653,"BRESSER, RUA",NA,"",2701,"","09/06/2013 17:35",2,"CO",12,5181," "," ",2,2,0,0,0,0,0,0,0,0,0,0,0,0,0,0,0,3653,"BRESSER, RUA",NA,"",10,"BRAS",1,0,"BRESSER, RUA 2701 SAO PAULO SP",-23.5525614,-46.5990742
"10954","D061301011",10311,"JOAO FRANCO, RUA PDE",8271,"GUAIMIM, RUA",0,"","09/06/2013 18:00",4,"AT",28,3064," "," ",1,0,0,0,0,0,0,0,0,0,0,0,0,0,0,0,0,8271,"GUAIMIM, RUA",10311,"JOAO FRANCO, RUA PDE",29,"FREGUESIA DO O",1,0,"JOAO FRANCO, RUA PDE SAO PAULO SP &  GUAIMIM, RUA SAO PAULO SP",-23.5505199,-46.6333094
"10955","D061301813",13941,"MIGUEL RACHID, RUA",NA,"",62,"","09/06/2013 18:07",4,"AT",62,2728," "," ",1,0,0,0,0,0,0,0,0,0,0,0,0,0,0,0,0,13941,"MIGUEL RACHID, RUA",NA,"",28,"ERMELINO MATARA",1,0,"MIGUEL RACHID, RUA 62 SAO PAULO SP",-23.492351,-46.4783103
"10956","D061300704",73197,"MOGEIRO, RUA",NA,"",1584,"","09/06/2013 18:20",4,"AT",46,5460," "," ",0,0,1,0,0,0,0,0,0,0,0,0,0,0,0,0,0,73197,"MOGEIRO, RUA",NA,"",52,"MARSILAC",1,0,"MOGEIRO, RUA 1584 SAO PAULO SP",-23.4036662,-46.763872
"10960","D061300808",8000,"GIOVANNI GRONCHI, AV",21762,"LAERTE SETUBAL, RUA DR",0,"","09/06/2013 19:40",4,"AT",89,5182," "," ",1,0,0,0,0,0,0,0,0,0,0,0,0,0,0,0,0,8000,"GIOVANNI GRONCHI, AV",21762,"LAERTE SETUBAL, RUA DR",85,"VILA ANDRADE",1,0,"GIOVANNI GRONCHI, AV SAO PAULO SP &  LAERTE SETUBAL, RUA DR SAO PAULO SP",-23.6004501,-46.710515
"10961","D061300809",13014,"MARGINAL DO RIO PINHEIROS, AV",NA,"",15000,"","09/06/2013 20:00",2,"CO",89,5187," "," ",2,1,0,0,0,0,0,0,0,0,0,0,0,0,0,0,0,13014,"MARGINAL DO RIO PINHEIROS, AV",NA,"",40,"JAGUARE",1,0,"MARGINAL DO RIO PINHEIROS, AV 15000 SAO PAULO SP",-23.5604208,-46.6574734
"10962","D061302136",4128,"CANGAIBA, AV",NA,"",3200,"","09/06/2013 20:00",2,"CT",24,2299," "," ",0,1,1,0,0,0,0,0,0,0,0,0,0,0,0,0,0,4128,"CANGAIBA, AV",NA,"",18,"CANGAIBA",0,1,"CANGAIBA, AV 3200 SAO PAULO SP",-23.506588,-46.524752
"10963","D061301142",16051,"PENHA BRASIL, AV GAL",NA,"",3000,"","09/06/2013 20:22",2,"CO",72,5323," "," ",1,1,0,0,0,0,0,0,0,0,0,0,0,0,0,0,0,16051,"PENHA BRASIL, AV GAL",NA,"",48,"LAPA",1,0,"PENHA BRASIL, AV GAL 3000 SAO PAULO SP",-23.4504756,-46.6782905
"10964","D061300377",7666,"FUZARO, AV",NA,"",450,"","09/06/2013 20:30",2,"CO",83,5182," "," ",1,1,0,0,0,0,0,0,0,0,0,0,0,0,0,0,0,7666,"FUZARO, AV",NA,"",27,"CURSINO",1,0,"FUZARO, AV 450 SAO PAULO SP",-23.6368039,-46.6180644
"10965","D061300930",4438,"JOAQUIM AFONSO DE SOUZA, RUA",NA,"",969,"","09/06/2013 21:16",4,"AT",13,6458," "," ",0,0,0,0,0,0,0,0,0,0,0,0,0,0,0,1,0,4438,"JOAQUIM AFONSO DE SOUZA, RUA",NA,"",21,"CASA VERDE",1,0,"JOAQUIM AFONSO DE SOUZA, RUA 969 SAO PAULO SP",-23.483862,-46.6635443
"10966","D061301104",6450,"EMILIO CARLOS, AV DEP",NA,"",550,"","09/06/2013 21:20",2,"CF",40,1888," "," ",2,0,0,0,0,0,0,0,0,0,0,0,0,0,0,0,0,6450,"EMILIO CARLOS, AV DEP",NA,"",50,"LIMAO",1,0,"EMILIO CARLOS, AV DEP 550 SAO PAULO SP",-23.5001623,-46.674312
"10967","D061301651",14743,"SABARA, AV NSRA DO",NA,"",3200,"","09/06/2013 21:28",4,"AT",99,6667," "," ",1,0,0,0,0,0,0,0,0,0,0,0,0,0,0,0,0,14743,"SABARA, AV NSRA DO",NA,"",16,"CAMPO GRANDE",1,0,"SABARA, AV NSRA DO 3200 SAO PAULO SP",-23.5505199,-46.6333094
"10968","D061301038",34562,"JOAO PAULO I, AV",NA,"",12,"","09/06/2013 21:30",2,"CT",28,3073,"B"," ",1,1,0,0,0,0,0,0,0,0,0,0,0,0,0,0,0,34562,"JOAO PAULO I, AV",NA,"",4,"ARICANDUVA",2,0,"JOAO PAULO I, AV 12 SAO PAULO SP",-23.4925858,-46.6912019
"10969","D061302044",43404,"VILANOVA ARTIGAS, AV ARQ",NA,"",1700,"","09/06/2013 22:00",4,"AT",69,6177," "," ",0,0,1,0,0,0,0,0,0,0,0,0,0,0,0,0,0,43404,"VILANOVA ARTIGAS, AV ARQ",NA,"",56,"PARELHEIROS",1,0,"VILANOVA ARTIGAS, AV ARQ 1700 SAO PAULO SP",-23.5505199,-46.6333094
"10970","D061302005",99999,"METALURGICOS, AV DOS",NA,"",1234,"","09/06/2013 22:29",2,"CH",54,8102," "," ",1,0,0,0,0,0,0,0,0,0,0,0,0,0,0,0,0,99999,"METALURGICOS, AV DOS",NA,"",25,"CIDADE TIRADENT",3,0,"METALURGICOS, AV DOS 1234 SAO PAULO SP",-23.5936453,-46.4063431
"10972","D061301058",61364,"DOMINGOS JOSE SAPIENZA, RUA",NA,"",508,"","09/06/2013 23:00",2,"CO",38,5330," "," ",1,1,0,0,0,0,0,0,0,0,0,0,0,0,0,0,0,61364,"DOMINGOS JOSE SAPIENZA, RUA",NA,"",8,"BELEM",2,0,"DOMINGOS JOSE SAPIENZA, RUA 508 SAO PAULO SP",-23.4658055,-46.6513979
"10973","D061300262",18172,"SILVA BUENO, RUA",NA,"",1830,"","09/06/2013 23:02",2,"CT",17,7887," "," ",1,0,0,0,0,0,0,0,0,0,0,1,0,0,0,0,0,18172,"SILVA BUENO, RUA",NA,"",18,"CANGAIBA",1,0,"SILVA BUENO, RUA 1830 SAO PAULO SP",-23.5946428,-46.6011155
"10974","D061301586",79059,"JULIO LOURENCO PINTO, RUA",NA,"",296,"","09/06/2013 23:15",2,"CO",92,3614," "," ",1,1,0,0,0,0,0,0,0,0,0,0,0,0,0,0,0,79059,"JULIO LOURENCO PINTO, RUA",NA,"",32,"IGUATEMI",2,0,"JULIO LOURENCO PINTO, RUA 296 SAO PAULO SP",-23.6632283,-46.7581567
"10975","D061300514",3220,"BENTO DE ANDRADE, RUA",NA,"",121,"","09/06/2013 23:20",2,"CO",15,2572,"B"," ",2,0,0,0,0,0,0,0,0,0,0,0,0,0,0,0,0,3220,"BENTO DE ANDRADE, RUA",NA,"",53,"MOEMA",1,0,"BENTO DE ANDRADE, RUA 121 SAO PAULO SP",-23.5820746,-46.6646443
"10976","D061301667",12403,"M'BOI MIRIM, ES",17772,"SANT'ANNA, AV COMEN",0,"","09/06/2013 23:35",4,"AT",100,7093," "," ",1,0,0,0,0,0,0,0,0,0,0,0,0,0,0,0,0,12403,"M'BOI MIRIM, ES",17772,"SANT'ANNA, AV COMEN",42,"JARDIM ANGELA",1,0,"M'BOI MIRIM, ES SAO PAULO SP &  SANT'ANNA, AV COMEN SAO PAULO SP",-23.5505199,-46.6333094
"10977","D061301837",13881,"MIGUEL, AV S",NA,"",6818,"","09/06/2013 23:40",2,"CF",63,4818," "," ",2,0,0,0,0,0,0,0,0,0,0,0,0,0,0,0,0,13881,"MIGUEL, AV S",NA,"",65,"PONTE RASA",1,0,"MIGUEL, AV S 6818 SAO PAULO SP",-23.5007029,-46.4698489
"10978","D061301059",14242,"MOREIRA DE BARROS, RUA CONS",NA,"",3741,"","09/06/2013 23:40",2,"CO",38,5332," "," ",4,1,0,0,0,0,0,0,0,0,0,0,0,0,0,0,0,14242,"MOREIRA DE BARROS, RUA CONS",NA,"",0,"NULL",1,0,"MOREIRA DE BARROS, RUA CONS 3741 SAO PAULO SP",-23.4769368,-46.6504815
"10979","D061300966",5204,"CONCEICAO (ES.), AV",NA,"",2997,"","09/06/2013 23:45",2,"SI",19,5426," "," ",2,0,0,0,0,0,0,0,0,0,0,0,0,0,0,0,0,5204,"CONCEICAO (ES.), AV",NA,"",88,"VILA GUILHERME",3,0,"CONCEICAO (ES.), AV 2997 SAO PAULO SP",-23.5505199,-46.6333094
"10980","D061301028",6361,"ELISIO TEIXEIRA LEITE, AV",NA,"",1419,"","10/06/2013 00:40",2,"CO",28,6466," "," ",1,1,0,0,0,0,0,0,0,0,0,0,0,0,0,0,0,6361,"ELISIO TEIXEIRA LEITE, AV",NA,"",29,"FREGUESIA DO O",1,0,"ELISIO TEIXEIRA LEITE, AV 1419 SAO PAULO SP",-23.4816885,-46.7015309
"10981","D061301741",17820,"TITO, AV MAL",13891,"MIGUEL ANGELO LAPENA, RUA",0,"","10/06/2013 02:13",2,"CO",22,4820," "," ",2,0,0,0,0,0,0,0,0,0,0,0,0,0,0,0,0,13891,"MIGUEL ANGELO LAPENA, RUA",17820,"TITO, AV MAL",NA,"",3,0,"TITO, AV MAL SAO PAULO SP &  MIGUEL ANGELO LAPENA, RUA SAO PAULO SP",-23.4934955,-46.4410574
"10982","D061301714",8368,"GUARAPIRANGA, AV",18211,"PTOLOMEU, RUA",0,"","10/06/2013 04:00",2,"CO",102,6670," "," ",0,1,0,0,0,0,0,1,0,0,0,0,0,0,0,0,0,8368,"GUARAPIRANGA, AV",18211,"PTOLOMEU, RUA",81,"SOCORRO",1,0,"GUARAPIRANGA, AV SAO PAULO SP &  PTOLOMEU, RUA SAO PAULO SP",-23.6663547,-46.7199235
"10983","D061302117",13671,"MATEO BEI, AV",NA,"",941,"","10/06/2013 04:00",2,"CF",49,8103,"B"," ",2,0,0,0,0,0,0,0,0,0,0,0,0,0,0,0,0,13671,"MATEO BEI, AV",NA,"",75,"SAO MATEUS",4,1,"MATEO BEI, AV 941 SAO PAULO SP",-23.5915171,-46.4890555
"10984","D061301682",15507,"TEOTONIO VILELA, AV SEN",NA,"",2800,"","10/06/2013 05:10",4,"AT",101,4547,"B"," ",1,0,0,0,0,0,0,0,0,0,0,0,0,0,0,0,0,15507,"TEOTONIO VILELA, AV SEN",NA,"",23,"CIDADE DUTRA",1,0,"TEOTONIO VILELA, AV SEN 2800 SAO PAULO SP",-23.7246371,-46.6996153
"10985","D061301445",10270,"JOAO DIAS, AV",NA,"",718,"","10/06/2013 06:10",2,"CO",11,6677," "," ",2,1,0,0,0,0,0,0,0,0,0,0,0,0,0,0,0,10270,"JOAO DIAS, AV",NA,"",72,"SANTO AMARO",1,0,"JOAO DIAS, AV 718 SAO PAULO SP",-23.6462557,-46.7075288
"10986","D061301444",4371,"CARLOS GOMES, RUA",NA,"",661,"","10/06/2013 06:36",2,"CT",11,6674," "," ",1,1,0,0,0,0,0,0,0,0,0,0,0,0,0,0,0,4371,"CARLOS GOMES, RUA",NA,"",72,"SANTO AMARO",2,0,"CARLOS GOMES, RUA 661 SAO PAULO SP",-23.6539179,-46.7016523
"10987","D061300721",16878,"RAPOSO TAVARES, VIA",NA,"",13800,"","10/06/2013 07:00",2,"CO",51,2556," "," ",0,1,0,0,0,0,0,0,0,0,0,1,0,0,0,0,0,16878,"RAPOSO TAVARES, VIA",NA,"",13,"CACHOEIRINHA",1,0,"RAPOSO TAVARES, VIA 13800 SAO PAULO SP",-23.5270118,-48.4658088
"10988","D061301356",27094,"SALIM FARAH MALUF, AV",19328,"ULISSES CRUZ, RUA",0,"","10/06/2013 07:00",2,"QM",52,1655," "," ",0,1,0,0,0,0,0,0,0,0,0,0,0,0,0,0,0,19328,"ULISSES CRUZ, RUA",27094,"SALIM FARAH MALUF, AV",8,"BELEM",1,0,"SALIM FARAH MALUF, AV SAO PAULO SP &  ULISSES CRUZ, RUA SAO PAULO SP",-23.5555392,-46.5773751
"10990","D061300045",10019,"JAVAES, RUA",NA,"",100,"","10/06/2013 07:30",2,"CO",2,3509," "," ",0,1,0,0,1,0,0,0,0,0,0,0,0,0,0,0,0,10019,"JAVAES, RUA",NA,"",9,"BOM RETIRO",2,0,"JAVAES, RUA 100 SAO PAULO SP",-23.5212935,-46.6436677
"10991","D061300487",6775,"EUGENIO LEITE, RUA CON",NA,"",1133,"","10/06/2013 07:50",4,"AT",14,5917," "," ",1,0,0,0,0,0,0,0,0,0,0,0,0,0,0,0,0,6775,"EUGENIO LEITE, RUA CON",NA,"",53,"MOEMA",1,0,"EUGENIO LEITE, RUA CON 1133 SAO PAULO SP",-23.5596707,-46.6837668
"10992","D061300577",33234,"MARGINAL DIREITA DO TIETE, AV",NA,"",1856,"","10/06/2013 07:50",2,"CO",33,5484," "," ",1,1,0,0,0,0,0,0,0,0,0,0,0,0,0,0,0,29772,"MARGINAL DO RIO TIETE, AV",NA,"",39,"JAGUARA",1,0,"MARGINAL DIREITA DO TIETE, AV 1856 SAO PAULO SP",-23.5169078,-46.7391706
"10993","D061300317",19907,"VALDOMIRO DE LIMA, AV GAL",7882,"GEORGE CORBISIER, AV ENG",0,"","10/06/2013 07:50",2,"SI",35,4648," "," ",1,1,0,0,0,0,0,0,0,0,0,0,0,0,0,0,0,7882,"GEORGE CORBISIER, AV ENG",19907,"VALDOMIRO DE LIMA, AV GAL",37,"JABAQUARA",1,0,"VALDOMIRO DE LIMA, AV GAL SAO PAULO SP &  GEORGE CORBISIER, AV ENG SAO PAULO SP",-23.6394045,-46.6438989
"10994","D061301972",60675,"AFONSO DE SAMPAIO E SOUSA, AV",NA,"",800,"","10/06/2013 08:00",2,"QM",53,4216,"B"," ",0,1,0,0,0,0,0,0,0,0,0,0,0,0,0,0,0,60675,"AFONSO DE SAMPAIO E SOUSA, AV",NA,"",51,"MANDAQUI",1,0,"AFONSO DE SAMPAIO E SOUSA, AV 800 SAO PAULO SP",-23.5686369,-46.46874
"10995","D061300405",7237,"FLORIDA, RUA",8341,"GUARAIUVA, RUA",0,"","10/06/2013 08:29",4,"AT",96,2705," "," ",1,0,0,0,0,0,0,0,0,0,0,0,0,0,0,0,0,7237,"FLORIDA, RUA",8341,"GUARAIUVA, RUA",34,"ITAIM BIBI",1,0,"FLORIDA, RUA SAO PAULO SP &  GUARAIUVA, RUA SAO PAULO SP",-23.6085014,-46.6921907
"10997","D061300252",18760,"TAYLOR, RUA COMTE",NA,"",1500,"","10/06/2013 08:47",2,"CO",17,2637," "," ",0,0,0,0,1,0,0,0,0,0,0,0,0,0,0,0,1,18760,"TAYLOR, RUA COMTE",NA,"",18,"CANGAIBA",1,0,"TAYLOR, RUA COMTE 1500 SAO PAULO SP",-23.5505199,-46.6333094
"10998","D061300444",24491,"IMIGRANTES, VIA DOS",NA,"",12000,"","10/06/2013 09:03",2,"CO",97,900026," "," ",1,1,0,0,0,0,0,0,0,0,0,0,0,0,0,0,0,24491,"IMIGRANTES, VIA DOS",NA,"",NA,"",2,0,"IMIGRANTES, VIA DOS 12000 SAO PAULO SP",-22.9668533,-46.5442387
"10999","D061300879",13568,"MARQUES RIBEIRO, RUA CEL",NA,"",225,"","10/06/2013 09:10",2,"CO",9,3291," "," ",0,2,0,0,0,0,0,0,0,0,0,0,0,0,0,0,0,13568,"MARQUES RIBEIRO, RUA CEL",NA,"",4,"ARICANDUVA",2,0,"MARQUES RIBEIRO, RUA CEL 225 SAO PAULO SP",-23.5090122,-46.6104293
"11000","D061300857",831,"ALTINO, AV PRES",NA,"",705,"","10/06/2013 10:00",2,"CO",93,3650," "," ",4,0,0,0,0,0,0,0,0,0,0,0,0,0,0,0,0,831,"ALTINO, AV PRES",NA,"",40,"JAGUARE",2,0,"ALTINO, AV PRES 705 SAO PAULO SP",-23.5494193,-46.748868
"11001","D061301525",5165,"MERCANTEIS, RUA DOS",NA,"",100,"","10/06/2013 10:00",2,"QD",47,7391," "," ",0,0,1,0,0,0,0,0,0,0,0,0,0,0,0,0,0,5165,"MERCANTEIS, RUA DOS",NA,"",19,"CAPAO REDONDO",1,0,"MERCANTEIS, RUA DOS 100 SAO PAULO SP",-23.6692484,-46.7763601
"11002","D061300197",15656,"PAULISTA, AV",NA,"",1401,"","10/06/2013 10:00",2,"CO",78,2476," "," ",3,0,0,0,0,0,0,0,0,0,0,0,0,0,0,0,0,15656,"PAULISTA, AV",NA,"",7,"BELA VISTA",1,0,"PAULISTA, AV 1401 SAO PAULO SP",-23.5626511,-46.6552131
"11004","D061301171",30057,"ANGELO ALOISIO, RUA",1632,"ANTONIO CESAR NETO, AV",0,"","10/06/2013 10:30",4,"AT",73,6226," "," ",1,0,0,0,0,0,0,0,0,0,0,0,0,0,0,0,0,1632,"ANTONIO CESAR NETO, AV",30057,"ANGELO ALOISIO, RUA",38,"JACANA",1,0,"ANGELO ALOISIO, RUA SAO PAULO SP &  ANTONIO CESAR NETO, AV SAO PAULO SP",-23.4597886,-46.5846916