"","id_acidente","codloga","logradouroA","codlogb","logradouroB","alt_num","referencia","data","cod_acid","tipo_acidente","dp","numero_BO","sentido","pista","automovel","moto","onibus","caminhao","bicicleta","moto_taxi","onibus_fretado","onibus_urbano","microonibus","van","vuc","caminhonete","carreta","jipe","outros","sem_informacao","carroca","princ_a","paiA","princ_b","paiB","cod_distrito","distrito","vit_ferida","vit_morta","local","lat","lon"
"11005","D061301240",4128,"CANGAIBA, AV",NA,"",2689,"","10/06/2013 10:33",2,"QD",10,6577," "," ",0,0,0,0,0,0,0,1,0,0,0,0,0,0,0,0,0,4128,"CANGAIBA, AV",NA,"",18,"CANGAIBA",1,0,"CANGAIBA, AV 2689 SAO PAULO SP",-23.5058923,-46.5296297
"11006","D061300605",2243,"ARMANDO LOMBARDI, RUA DOM",NA,"",223,"","10/06/2013 10:50",2,"CO",34,3420," "," ",0,1,0,0,0,0,0,0,0,0,0,0,0,0,0,1,0,2243,"ARMANDO LOMBARDI, RUA DOM",NA,"",55,"MORUMBI",1,0,"ARMANDO LOMBARDI, RUA DOM 223 SAO PAULO SP",-23.5874708,-46.7206657
"11007","D061300076",5245,"CONSOLACAO, RUA DA",18040,"SERGIPE, RUA",0,"","10/06/2013 10:50",2,"CO",4,4039,"C"," ",1,1,0,0,0,0,0,0,0,0,0,0,0,0,0,0,0,5245,"CONSOLACAO, RUA DA",18040,"SERGIPE, RUA",26,"CONSOLACAO",1,0,"CONSOLACAO, RUA DA SAO PAULO SP &  SERGIPE, RUA SAO PAULO SP",-23.5471579,-46.6469857
"11008","D061300606",10526,"JOAQUIM C. DE AZEVEDO MARQUES, RUA",15769,"PAULO PEDROSA, RUA DOM",0,"","10/06/2013 11:00",2,"CO",34,3432," "," ",2,1,0,0,0,0,0,0,0,0,0,0,0,0,0,0,0,10526,"JOAQUIM C. DE AZEVEDO MARQUES, RUA",15769,"PAULO PEDROSA, RUA DOM",55,"MORUMBI",1,0,"JOAQUIM C. DE AZEVEDO MARQUES, RUA SAO PAULO SP &  PAULO PEDROSA, RUA DOM SAO PAULO SP",-23.6133027,-46.709347
"11009","D061300839",7836,"GASTAO VIDIGAL, AV DR",12436,"MACEDO SOARES, AV EMB",0,"","10/06/2013 11:30",2,"CO",91,4288," "," ",1,1,0,0,0,0,0,0,0,0,0,0,0,0,0,0,0,7836,"GASTAO VIDIGAL, AV DR",12436,"MACEDO SOARES, AV EMB",90,"VILA LEOPOLDINA",1,0,"GASTAO VIDIGAL, AV DR SAO PAULO SP &  MACEDO SOARES, AV EMB SAO PAULO SP",-23.5250205,-46.7409786
"11010","D061301965",75166,"BARTOLOMEU DE BRITO, RUA",NA,"",5,"","10/06/2013 12:00",2,"CO",49,9331," "," ",1,1,0,0,0,0,0,0,0,0,0,0,0,0,0,0,0,75166,"BARTOLOMEU DE BRITO, RUA",NA,"",51,"MANDAQUI",1,0,"BARTOLOMEU DE BRITO, RUA 5 SAO PAULO SP",-23.5939481,-46.4830322
"11011","D061301447",3216,"BENTO BRANCO DE ANDRADE FILHO, RUA",NA,"",266,"","10/06/2013 12:00",2,"CO",11,6700," "," ",2,0,0,0,0,0,0,0,0,0,0,0,0,0,0,0,0,3216,"BENTO BRANCO DE ANDRADE FILHO, RUA",NA,"",72,"SANTO AMARO",1,0,"BENTO BRANCO DE ANDRADE FILHO, RUA 266 SAO PAULO SP",-23.6472713,-46.7226945
"11012","D061302090",9044,"RAGUEB CHOHFI, AV",NA,"",4000,"","10/06/2013 13:00",2,"CO",14,8118,"C"," ",0,1,0,1,0,0,0,0,0,0,0,0,0,0,0,0,0,9044,"RAGUEB CHOHFI, AV",NA,"",32,"IGUATEMI",0,2,"RAGUEB CHOHFI, AV 4000 SAO PAULO SP",-23.5946228,-46.4474325
"11014","D061300876",5567,"CRUZEIRO DO SUL, AV",NA,"",2010,"","10/06/2013 13:40",4,"AT",9,3240,"B"," ",0,0,1,0,0,0,0,0,0,0,0,0,0,0,0,0,0,5567,"CRUZEIRO DO SUL, AV",NA,"",5,"ARTUR ALVIM",1,0,"CRUZEIRO DO SUL, AV 2010 SAO PAULO SP",-23.5140545,-46.6248614
"11015","D061300293",10076,"JESUINO MACIEL, RUA DR",NA,"",320,"","10/06/2013 13:50",2,"TB",27,6150," "," ",4,0,0,0,0,0,0,0,0,0,0,0,0,0,0,0,0,10076,"JESUINO MACIEL, RUA DR",NA,"",15,"CAMPO BELO",1,0,"JESUINO MACIEL, RUA DR 320 SAO PAULO SP",-23.6160014,-46.6761756
"11016","D061301735",13883,"MIGUEL, RUA S",NA,"",9600,"","10/06/2013 14:00",4,"AT",22,2742," "," ",1,0,0,0,0,0,0,0,0,0,0,0,0,0,0,0,0,13883,"MIGUEL, RUA S",NA,"",34,"ITAIM BIBI",1,0,"MIGUEL, RUA S 9600 SAO PAULO SP",-23.4916573,-46.4467449
"11017","D061300443",2760,"BALTAZAR GOMES DE ALARCAO, RUA",NA,"",239,"","10/06/2013 14:40",2,"CO",97,6174," "," ",1,0,0,0,0,0,0,0,0,0,0,1,0,0,0,0,0,2760,"BALTAZAR GOMES DE ALARCAO, RUA",NA,"",22,"CIDADE ADEMAR",1,0,"BALTAZAR GOMES DE ALARCAO, RUA 239 SAO PAULO SP",-23.6804782,-46.634877
"11018","D061301524",99921,"SAFRA, RUA DA",NA,"",730,"","10/06/2013 14:44",4,"AT",47,7212," "," ",0,0,0,0,0,0,0,1,0,0,0,0,0,0,0,0,0,99921,"SAFRA, RUA DA",NA,"",19,"CAPAO REDONDO",1,0,"SAFRA, RUA DA 730 SAO PAULO SP",-23.6710616,-46.7842312
"11019","D061300578",310,"AGENOR COUTO DE MAGALHAES, AV",NA,"",222,"","10/06/2013 15:10",4,"AT",33,5500," "," ",0,1,0,0,0,0,0,0,0,0,0,0,0,0,0,0,0,310,"AGENOR COUTO DE MAGALHAES, AV",NA,"",64,"PIRITUBA",1,0,"AGENOR COUTO DE MAGALHAES, AV 222 SAO PAULO SP",-23.4827071,-46.7407896
"11020","D061301333",5425,"COSTA BARROS, RUA",NA,"",2300,"","10/06/2013 15:10",2,"CO",42,2067," "," ",0,1,0,0,0,0,0,0,0,0,0,1,0,0,0,0,0,5425,"COSTA BARROS, RUA",NA,"",95,"VILA PRUDENTE",1,0,"COSTA BARROS, RUA 2300 SAO PAULO SP",-23.6015419,-46.5459173
"11021","D061301742",17820,"TITO, AV MAL",NA,"",813,"","10/06/2013 15:30",4,"AT",22,4874," "," ",0,1,0,0,0,0,0,0,0,0,0,0,0,0,0,0,0,17820,"TITO, AV MAL",NA,"",53,"MOEMA",1,0,"TITO, AV MAL 813 SAO PAULO SP",-23.4947332,-46.4378691
"11022","D061300077",3874,"CAIO PRADO, RUA",2497,"AUGUSTA, RUA",0,"","10/06/2013 16:10",4,"AT",4,4058," "," ",0,1,0,0,0,0,0,0,0,0,0,0,0,0,0,0,0,2497,"AUGUSTA, RUA",3874,"CAIO PRADO, RUA",26,"CONSOLACAO",1,0,"CAIO PRADO, RUA SAO PAULO SP &  AUGUSTA, RUA SAO PAULO SP",-23.5509966,-46.647797
"11023","D061301060",9170,"INES, AV STA",NA,"",1,"","10/06/2013 16:15",2,"CO",38,5369," "," ",0,1,0,0,0,0,0,1,0,0,0,0,0,0,0,0,0,9170,"INES, AV STA",NA,"",51,"MANDAQUI",1,0,"INES, AV STA 1 SAO PAULO SP",-23.424822,-46.6613633
"11024","D061302143",33015,"SADAMU INOUE, AV",NA,"",2666,"","10/06/2013 16:16",2,"CH",25,1498," "," ",0,1,0,0,0,0,0,0,0,0,0,0,0,0,0,0,0,33015,"SADAMU INOUE, AV",NA,"",76,"SAO MIGUEL",1,1,"SADAMU INOUE, AV 2666 SAO PAULO SP",-23.7933184,-46.7293909
"11025","D061300983",20340,"FRANCISCO NARCIZO, RUA",NA,"",77,"","10/06/2013 16:30",4,"AT",20,5453," "," ",0,0,0,1,0,0,0,0,0,0,0,0,0,0,0,0,0,20340,"FRANCISCO NARCIZO, RUA",NA,"",22,"CIDADE ADEMAR",2,0,"FRANCISCO NARCIZO, RUA 77 SAO PAULO SP",-23.462149,-46.6251499
"11026","D061301733",17820,"TITO, AV MAL",NA,"",1015,"","10/06/2013 17:00",2,"CO",22,2737," "," ",1,1,0,0,0,0,0,0,0,0,0,0,0,0,0,0,0,17820,"TITO, AV MAL",NA,"",53,"MOEMA",1,0,"TITO, AV MAL 1015 SAO PAULO SP",-23.4950685,-46.4360991
"11027","D061301173",16305,"ANTONELO DA MESSINA, AV",NA,"",1270,"","10/06/2013 17:00",2,"CF",73,6246," "," ",1,0,0,0,0,0,0,1,0,0,0,0,0,0,0,0,0,16305,"ANTONELO DA MESSINA, AV",NA,"",83,"TREMEMBE",1,0,"ANTONELO DA MESSINA, AV 1270 SAO PAULO SP",-23.4463881,-46.5898507
"11029","D061301818",14917,"OLAVO EGIDIO DE SOUZA ARANHA, AV",61704,"NOVA PALMEIRA, RUA",0,"","10/06/2013 17:20",2,"CO",62,6305," "," ",1,1,0,0,0,0,0,0,0,0,0,0,0,0,0,0,0,14917,"OLAVO EGIDIO DE SOUZA ARANHA, AV",61826,"WENCESLAU GUIMARAES, AV",28,"ERMELINO MATARA",1,0,"OLAVO EGIDIO DE SOUZA ARANHA, AV SAO PAULO SP &  NOVA PALMEIRA, RUA SAO PAULO SP",-23.49735,-46.496214
"11030","D061301512",5606,"CUPECE, AV",8765,"RODOLPHO DE FREITAS, RUA PROF",0,"","10/06/2013 17:30",4,"AT",43,6179,"B"," ",1,0,0,0,0,0,0,0,0,0,0,0,0,0,0,0,0,5606,"CUPECE, AV",8765,"RODOLPHO DE FREITAS, RUA PROF",22,"CIDADE ADEMAR",2,0,"CUPECE, AV SAO PAULO SP &  RODOLPHO DE FREITAS, RUA PROF SAO PAULO SP",-23.6626179,-46.6622987
"11031","D061300630",11687,"LEBRET, AV PDE",NA,"",100,"","10/06/2013 17:53",2,"CO",34,5210," "," ",1,1,0,0,0,0,0,0,0,0,0,0,0,0,0,0,0,11687,"LEBRET, AV PDE",NA,"",55,"MORUMBI",1,0,"LEBRET, AV PDE 100 SAO PAULO SP",-23.5505199,-46.6333094
"11032","D061300566",15270,"PACAEMBU, AV",44885,"AURO SOARES DE M.ANDRADE, AV",0,"","10/06/2013 18:00",2,"CO",23,5942," "," ",2,1,0,0,0,0,0,0,0,0,0,0,0,0,0,0,0,15270,"PACAEMBU, AV",19624,"VICENTE CELESTINO, PCA",70,"SANTA CECILIA",2,0,"PACAEMBU, AV SAO PAULO SP &  AURO SOARES DE M.ANDRADE, AV SAO PAULO SP",-21.569688,-51.2527984
"11033","D061300629",11687,"LEBRET, AV PDE",NA,"",85,"","10/06/2013 18:10",4,"AT",34,5206," "," ",1,0,0,0,0,0,0,0,0,0,0,0,0,0,0,0,0,11687,"LEBRET, AV PDE",NA,"",55,"MORUMBI",1,0,"LEBRET, AV PDE 85 SAO PAULO SP",-23.5505199,-46.6333094
"11034","D061300744",8603,"HEITOR ANTONIO EIRAS GARCIA, AV ENG",NA,"",1167,"","10/06/2013 18:10",4,"AT",51,5950," "," ",0,1,0,0,0,0,0,0,0,0,0,0,0,0,0,0,0,8603,"HEITOR ANTONIO EIRAS GARCIA, AV ENG",NA,"",68,"RIO PEQUENO",1,0,"HEITOR ANTONIO EIRAS GARCIA, AV ENG 1167 SAO PAULO SP",-23.5787154,-46.746581
"11035","D061301268",8261,"WALDEMAR CARLOS PEREIRA, AV",NA,"",700,"","10/06/2013 18:30",2,"QD",21,1957," "," ",0,0,0,0,0,0,0,0,1,0,0,0,0,0,0,0,0,8261,"WALDEMAR CARLOS PEREIRA, AV",NA,"",93,"VILA MATILDE",1,0,"WALDEMAR CARLOS PEREIRA, AV 700 SAO PAULO SP",-23.5441186,-46.5189978
"11036","D061300858",99138,"MELLO MORAES (CID.UNIV), AV PROF",NA,"",1382,"","10/06/2013 18:30",4,"AT",93,3668," "," ",0,1,0,0,0,0,0,0,0,0,0,0,0,0,0,0,0,99138,"MELLO MORAES (CID.UNIV), AV PROF",NA,"",NA,"",1,0,"MELLO MORAES (CID.UNIV), AV PROF 1382 SAO PAULO SP",-23.5597148,-46.7414366
"11037","D061301553",2483,"ATLANTICA ANT. ROBERT KENNEDY, AV",NA,"",3868,"","10/06/2013 18:50",2,"CO",48,5083," "," ",1,1,0,0,0,0,0,0,0,0,0,0,0,0,0,0,0,2483,"ATLANTICA ANT. ROBERT KENNEDY, AV",NA,"",23,"CIDADE DUTRA",1,0,"ATLANTICA ANT. ROBERT KENNEDY, AV 3868 SAO PAULO SP",-23.5505199,-46.6333094
"11038","D061300138",15524,"PARNAIBA, RUA VISC DE",6046,"DOMINGOS PAIVA, RUA",0,"","10/06/2013 18:56",2,"CO",8,4620," "," ",1,0,0,0,1,0,0,0,0,0,0,0,0,0,0,0,0,6046,"DOMINGOS PAIVA, RUA",15524,"PARNAIBA, RUA VISC DE",10,"BRAS",1,0,"PARNAIBA, RUA VISC DE SAO PAULO SP &  DOMINGOS PAIVA, RUA SAO PAULO SP",-23.5478089,-46.6110045
"11039","D061300086",13632,"MARTINS FONTES, RUA",NA,"",71,"","10/06/2013 19:40",2,"QD",4,5033," "," ",0,0,0,0,0,0,0,1,0,0,0,0,0,0,0,0,0,13632,"MARTINS FONTES, RUA",NA,"",67,"REPUBLICA",1,0,"MARTINS FONTES, RUA 71 SAO PAULO SP",-23.5485451,-46.6434703
"11040","D061300085",14804,"NOVE DE JULHO, AV",NA,"",451,"","10/06/2013 20:05",2,"QM",4,5028," "," ",0,1,0,0,0,0,0,0,0,0,0,0,0,0,0,0,0,14804,"NOVE DE JULHO, AV",NA,"",63,"PINHEIROS",1,0,"NOVE DE JULHO, AV 451 SAO PAULO SP",-23.5501486,-46.6428412
"11041","D061300464",6544,"ERMANO MARCHETTI, AV",NA,"",1049,"","10/06/2013 20:24",2,"CT",7,900158," "," ",2,0,0,0,0,0,0,0,0,0,0,0,0,0,0,0,0,6544,"ERMANO MARCHETTI, AV",NA,"",48,"LAPA",1,0,"ERMANO MARCHETTI, AV 1049 SAO PAULO SP",-23.5136143,-46.7032492
"11042","D061300579",1429,"ANHANGUERA, VIA",NA,"",12000,"","10/06/2013 20:30",2,"CL",33,5512," "," ",2,1,0,0,0,0,0,0,0,0,0,0,0,0,0,0,0,1429,"ANHANGUERA, VIA",NA,"",73,"SAO DOMINGOS",1,0,"ANHANGUERA, VIA 12000 SAO PAULO SP",-23.4900941,-46.7665396
"11043","D061300705",1429,"ANHANGUERA, VIA",NA,"",25800,"","10/06/2013 21:10",2,"CH",46,5509," "," ",1,0,0,0,0,0,0,0,0,0,0,0,0,0,0,0,0,1429,"ANHANGUERA, VIA",NA,"",73,"SAO DOMINGOS",1,0,"ANHANGUERA, VIA 25800 SAO PAULO SP",-23.4900941,-46.7665396
"11044","D061300105",19154,"TREZE DE MAIO, RUA",NA,"",1610,"","10/06/2013 21:11",2,"CO",5,5029," "," ",1,1,0,0,0,0,0,0,0,0,0,0,0,0,0,0,0,19154,"TREZE DE MAIO, RUA",NA,"",17,"CAMPO LIMPO",1,0,"TREZE DE MAIO, RUA 1610 SAO PAULO SP",-23.5673245,-46.6445758
"11045","D061300139",14805,"ALBERTO LION, PCA",15967,"PEDRO I, AV DOM",0,"","10/06/2013 21:20",2,"CO",8,4626," "," ",2,0,0,0,0,0,0,0,0,0,0,0,0,0,0,0,0,6642,"ESTADO, AV DO",14805,"ALBERTO LION, PCA",14,"CAMBUCI",1,0,"ALBERTO LION, PCA SAO PAULO SP &  PEDRO I, AV DOM SAO PAULO SP",-23.5647699,-46.6117339
"11047","D061300191",72958,"VITORINO, RUA",11984,"LOPES DE OLIVEIRA, RUA",0,"","10/06/2013 21:35",2,"CO",77,3529," "," ",2,0,0,0,0,0,0,0,0,0,0,0,0,0,0,0,0,11984,"LOPES DE OLIVEIRA, RUA",72958,"VITORINO, RUA",67,"REPUBLICA",1,0,"VITORINO, RUA SAO PAULO SP &  LOPES DE OLIVEIRA, RUA SAO PAULO SP",-23.4543946,-46.7164887
"11048","D061300055",16593,"PRESTES MAIA, AV",NA,"",894,"","10/06/2013 21:36",2,"QM",3,3528," "," ",0,1,0,0,0,0,0,0,0,0,0,0,0,0,0,0,0,16593,"PRESTES MAIA, AV",NA,"",9,"BOM RETIRO",1,0,"PRESTES MAIA, AV 894 SAO PAULO SP",-23.6793185,-46.6145143
"11049","D061300011",7664,"FURTADO, RUA CONS",NA,"",70,"","10/06/2013 21:40",4,"AT",1,4625," "," ",1,0,0,0,0,0,0,0,0,0,0,0,0,0,0,0,0,7664,"FURTADO, RUA CONS",NA,"",80,"SE",1,0,"FURTADO, RUA CONS 70 SAO PAULO SP",-23.5535261,-46.6333618
"11050","D061300984",19884,"VOLUNTARIOS DA PATRIA, RUA",NA,"",4178,"","10/06/2013 22:00",2,"CO",20,5508,"C"," ",3,0,0,0,0,0,0,0,0,0,0,0,0,0,0,0,0,19884,"VOLUNTARIOS DA PATRIA, RUA",NA,"",8,"BELEM",1,0,"VOLUNTARIOS DA PATRIA, RUA 4178 SAO PAULO SP",-23.4846152,-46.6299519
"11051","D061300417",19100,"BANDEIRANTES, AV DOS",12653,"MANUEL DA ROCHA PASSOS FILHO, RUA DR",0,"","10/06/2013 22:20",2,"CO",96,5169," "," ",0,1,1,1,0,0,0,0,0,0,0,0,0,0,0,0,0,12653,"MANUEL DA ROCHA PASSOS FILHO, RUA DR",19100,"BANDEIRANTES, AV DOS",NA,"",2,0,"BANDEIRANTES, AV DOS SAO PAULO SP &  MANUEL DA ROCHA PASSOS FILHO, RUA DR SAO PAULO SP",-23.6016317,-46.6827292
"11053","D061301348",24338,"LUIZ IGNACIO ANHAIA MELLO, AV PROF",NA,"",4120,"","10/06/2013 23:05",4,"AT",42,3909," "," ",0,1,0,0,0,0,0,0,0,0,0,0,0,0,0,0,0,24338,"LUIZ IGNACIO ANHAIA MELLO, AV PROF",NA,"",26,"CONSOLACAO",2,0,"LUIZ IGNACIO ANHAIA MELLO, AV PROF 4120 SAO PAULO SP",-23.5859683,-46.5893206
"11055","D061300237",9159,"INDIANOPOLIS, AV",NA,"",3118,"","10/06/2013 23:50",2,"CL",16,7964," "," ",1,1,0,0,0,0,0,0,0,0,0,0,0,0,0,0,0,9159,"INDIANOPOLIS, AV",NA,"",79,"SAUDE",1,0,"INDIANOPOLIS, AV 3118 SAO PAULO SP",-23.6251683,-46.6455782
"11057","D061300312",12847,"MARACATINS, AL DOS",121,"ACOCE, AV",0,"","11/06/2013 05:40",2,"CO",27,8037," "," ",1,1,0,0,0,0,0,0,0,0,0,0,0,0,0,0,0,121,"ACOCE, AV",12847,"MARACATINS, AL DOS",53,"MOEMA",1,0,"MARACATINS, AL DOS SAO PAULO SP &  ACOCE, AV SAO PAULO SP",-23.6087227,-46.6624171
"11058","D061301629",13035,"MIGUEL YUNES, RUA",NA,"",396,"","11/06/2013 06:20",2,"CO",99,2449," "," ",1,1,0,0,0,0,0,0,0,0,0,0,0,0,0,0,0,13035,"MIGUEL YUNES, RUA",NA,"",16,"CAMPO GRANDE",1,0,"MIGUEL YUNES, RUA 396 SAO PAULO SP",-23.6945562,-46.6804933
"11059","D061301175",42220,"USHIKICHI KAMYIA, RUA",NA,"",1610,"","11/06/2013 06:30",4,"AT",73,6352," "," ",0,0,0,0,0,0,0,0,0,0,0,1,0,0,0,0,0,42220,"USHIKICHI KAMYIA, RUA",NA,"",38,"JACANA",1,0,"USHIKICHI KAMYIA, RUA 1610 SAO PAULO SP",-23.4400377,-46.5776481
"11060","D061301630",6238,"NACOES UNIDAS, AV DAS",NA,"",21303,"","11/06/2013 06:50",2,"CL",99,2454," "," ",1,1,0,0,0,0,0,0,0,0,0,0,0,0,0,0,0,13014,"MARGINAL DO RIO PINHEIROS, AV",NA,"",90,"VILA LEOPOLDINA",1,0,"NACOES UNIDAS, AV DAS 21303 SAO PAULO SP",-23.6791494,-46.6960586
"11061","D061300319",7019,"FRANCISCO TAPAJOS, RUA",NA,"",513,"","11/06/2013 06:55",2,"CO",35,4694," "," ",1,0,0,0,1,0,0,0,0,0,0,0,0,0,0,0,0,7019,"FRANCISCO TAPAJOS, RUA",NA,"",27,"CURSINO",1,0,"FRANCISCO TAPAJOS, RUA 513 SAO PAULO SP",-23.626197,-46.6241616
"11062","D061301785",9477,"ITAJUIBE, RUA",NA,"",1115,"","11/06/2013 07:12",2,"CL",50,7208," "," ",2,0,0,0,0,0,0,0,0,0,0,0,0,0,0,0,0,9477,"ITAJUIBE, RUA",NA,"",35,"ITAIM PAULISTA",2,0,"ITAJUIBE, RUA 1115 SAO PAULO SP",-23.5058485,-46.3888335
"11063","D061301920",21711,"SATURNINO PEREIRA, RUA",NA,"",590,"","11/06/2013 07:20",4,"AT",44,3427," "," ",0,1,0,0,0,0,0,0,0,0,0,0,0,0,0,0,0,21711,"SATURNINO PEREIRA, RUA",NA,"",50,"LIMAO",2,0,"SATURNINO PEREIRA, RUA 590 SAO PAULO SP",-23.5490617,-46.4124311
"11064","D061300722",16878,"RAPOSO TAVARES, VIA",NA,"",14000,"","11/06/2013 07:40",2,"CT",51,2602," "," ",1,0,1,0,0,0,0,0,0,0,0,0,0,0,0,0,0,16878,"RAPOSO TAVARES, VIA",NA,"",13,"CACHOEIRINHA",1,0,"RAPOSO TAVARES, VIA 14000 SAO PAULO SP",-23.5271765,-48.4677683
"11065","D061301334",18408,"SOLIDONIO LEITE, RUA",NA,"",2718,"","11/06/2013 08:00",2,"QM",42,2075," "," ",0,1,0,0,0,0,0,0,0,0,0,0,0,0,0,0,0,18408,"SOLIDONIO LEITE, RUA",NA,"",26,"CONSOLACAO",1,0,"SOLIDONIO LEITE, RUA 2718 SAO PAULO SP",-23.5874208,-46.5329865
"11066","D061300294",26500,"VICENTE RAO, AV PROF.",10918,"JOSE DINIZ, AV VER",0,"","11/06/2013 09:28",2,"CO",27,6194," "," ",0,1,0,0,0,0,0,0,0,0,0,1,0,0,0,0,0,10918,"JOSE DINIZ, AV VER",26500,"VICENTE RAO, AV PROF.",NA,"",2,0,"VICENTE RAO, AV PROF. SAO PAULO SP &  JOSE DINIZ, AV VER SAO PAULO SP",-23.6435945,-46.6729476
"11067","D061300014",7122,"FIGUEIRA, RUA DA",6642,"ESTADO, AV DO",0,"","11/06/2013 09:33",2,"CO",1,4693," "," ",0,1,0,1,0,0,0,0,0,0,0,0,0,0,0,0,0,6642,"ESTADO, AV DO",7122,"FIGUEIRA, RUA DA",14,"CAMBUCI",1,0,"FIGUEIRA, RUA DA SAO PAULO SP &  ESTADO, AV DO SAO PAULO SP",-23.547023,-46.6264078
"11068","D061300877",36061,"LUIZ DUMONT VILLARES, AV",NA,"",580,"","11/06/2013 10:05",2,"CT",9,3262," "," ",0,1,0,0,0,0,0,0,0,0,0,1,0,0,0,0,0,36061,"LUIZ DUMONT VILLARES, AV",NA,"",22,"CIDADE ADEMAR",1,0,"LUIZ DUMONT VILLARES, AV 580 SAO PAULO SP",-23.4969823,-46.6119166
"11069","D061301661",18700,"TAQUANDAVA, AV",NA,"",1000,"","11/06/2013 10:15",2,"CO",100,3090," "," ",1,1,0,0,0,0,0,0,0,0,0,0,0,0,0,0,0,18700,"TAQUANDAVA, AV",NA,"",32,"IGUATEMI",2,0,"TAQUANDAVA, AV 1000 SAO PAULO SP",-23.7257524,-46.7639798
"11071","D061301683",15507,"TEOTONIO VILELA, AV SEN",3509,"BELMIRA MARIN, AV DONA",0,"","11/06/2013 10:31",4,"AT",101,4553," "," ",0,0,1,0,0,0,0,0,0,0,0,0,0,0,0,0,0,3509,"BELMIRA MARIN, AV DONA",15507,"TEOTONIO VILELA, AV SEN",23,"CIDADE DUTRA",1,0,"TEOTONIO VILELA, AV SEN SAO PAULO SP &  BELMIRA MARIN, AV DONA SAO PAULO SP",-23.7290679,-46.698928
"11073","D061300047",19147,"TRES RIOS, RUA",NA,"",78,"","11/06/2013 11:00",4,"AT",2,3544," "," ",0,1,0,0,0,0,0,0,0,0,0,0,0,0,0,0,0,19147,"TRES RIOS, RUA",NA,"",11,"BRASILANDIA",1,0,"TRES RIOS, RUA 78 SAO PAULO SP",-23.529773,-46.6349527
"11074","D061300349",14642,"NOE AZEVEDO, AV PROF",2762,"BALTAZAR LISBOA, RUA",0,"","11/06/2013 11:03",2,"CO",36,2507," "," ",0,1,0,0,1,0,0,0,0,0,0,0,0,0,0,0,0,14642,"NOE AZEVEDO, AV PROF",19583,"VERGUEIRO, RUA",92,"VILA MARIANA",2,0,"NOE AZEVEDO, AV PROF SAO PAULO SP &  BALTAZAR LISBOA, RUA SAO PAULO SP",-23.5888326,-46.6346832
"11075","D061301704",2483,"ATLANTICA ANT. ROBERT KENNEDY, AV",NA,"",3000,"","11/06/2013 11:15",2,"CL",102,1628," "," ",2,0,0,0,0,0,0,0,0,0,0,0,0,0,0,0,0,2483,"ATLANTICA ANT. ROBERT KENNEDY, AV",NA,"",23,"CIDADE DUTRA",1,0,"ATLANTICA ANT. ROBERT KENNEDY, AV 3000 SAO PAULO SP",-23.5505199,-46.6333094
"11076","D061300320",3441,"EMILIO DE SOUSA DOCCA, RUA",NA,"",700,"","11/06/2013 11:30",2,"SI",35,4722," "," ",2,0,0,0,0,0,0,0,0,0,0,0,0,0,0,0,0,3441,"EMILIO DE SOUSA DOCCA, RUA",NA,"",37,"JABAQUARA",2,0,"EMILIO DE SOUSA DOCCA, RUA 700 SAO PAULO SP",-23.6570201,-46.6573859
"11077","D061301120",11665,"LAZARO AMANCIO DE BARROS, ES",NA,"",299,"","11/06/2013 11:40",2,"CO",45,1512," "," ",1,1,0,0,0,0,0,0,0,0,0,0,0,0,0,0,0,11665,"LAZARO AMANCIO DE BARROS, ES",NA,"",11,"BRASILANDIA",2,0,"LAZARO AMANCIO DE BARROS, ES 299 SAO PAULO SP",-23.5505199,-46.6333094
"11078","D061301882",7175,"FLAMINGO, AV",NA,"",150,"","11/06/2013 11:45",2,"QD",67,1607," "," ",0,0,0,0,0,0,0,1,0,0,0,0,0,0,0,0,0,7175,"FLAMINGO, AV",NA,"",86,"VILA CURUCA",1,0,"FLAMINGO, AV 150 SAO PAULO SP",-23.5098667,-46.4222489
"11079","D061300878",15888,"PEDRO CACUNDA, RUA",36061,"LUIZ DUMONT VILLARES, AV",0,"","11/06/2013 11:45",2,"CO",9,3269,"C"," ",1,1,0,0,0,0,0,0,0,0,0,0,0,0,0,0,0,15888,"PEDRO CACUNDA, RUA",36061,"LUIZ DUMONT VILLARES, AV",71,"SANTANA",1,0,"PEDRO CACUNDA, RUA SAO PAULO SP &  LUIZ DUMONT VILLARES, AV SAO PAULO SP",-23.4905235,-46.6115739
"11080","D061302024",35111,"COSTEIRA, RUA",NA,"",200,"","11/06/2013 12:00",4,"AT",66,2495," "," ",1,0,0,0,0,0,0,0,0,0,0,0,0,0,0,0,0,35111,"COSTEIRA, RUA",NA,"",24,"CIDADE LIDER",1,0,"COSTEIRA, RUA 200 SAO PAULO SP",-23.5577488,-46.5126923
"11082","D061301874",9580,"ITAQUERA, AV",NA,"",8388,"","11/06/2013 12:30",4,"AT",65,1995," "," ",1,0,0,0,0,0,0,0,0,0,0,0,0,0,0,0,0,9580,"ITAQUERA, AV",NA,"",24,"CIDADE LIDER",1,0,"ITAQUERA, AV 8388 SAO PAULO SP",-23.5389049,-46.4561545
"11083","D061301012",9420,"ITABERABA, AV",9466,"ITAIQUARA, RUA",0,"","11/06/2013 13:02",4,"AT",28,3087," "," ",1,0,0,0,0,0,0,0,0,0,0,0,0,0,0,0,0,9420,"ITABERABA, AV",9466,"ITAIQUARA, RUA",29,"FREGUESIA DO O",2,0,"ITABERABA, AV SAO PAULO SP &  ITAIQUARA, RUA SAO PAULO SP",-23.4770771,-46.6806019