"","id_acidente","codloga","logradouroA","codlogb","logradouroB","alt_num","referencia","data","cod_acid","tipo_acidente","dp","numero_BO","sentido","pista","automovel","moto","onibus","caminhao","bicicleta","moto_taxi","onibus_fretado","onibus_urbano","microonibus","van","vuc","caminhonete","carreta","jipe","outros","sem_informacao","carroca","princ_a","paiA","princ_b","paiB","cod_distrito","distrito","vit_ferida","vit_morta","local","lat","lon"
"11084","D061301267",4555,"CASSITERITA, RUA",11655,"LAVRAS, RUA",0,"","11/06/2013 13:07",2,"CO",21,1945," "," ",2,0,0,0,0,0,0,0,0,0,0,0,0,0,0,0,0,8056,"GOIANDIRA, RUA",11655,"LAVRAS, RUA",93,"VILA MATILDE",1,0,"CASSITERITA, RUA SAO PAULO SP &  LAVRAS, RUA SAO PAULO SP",-23.5303825,-46.5100916
"11085","D061301898",10152,"JOAO BATISTA CONTI, AV PROF",NA,"",1597,"","11/06/2013 13:13",4,"AT",103,2300," "," ",1,1,0,0,0,0,0,0,0,0,0,0,0,0,0,0,0,10152,"JOAO BATISTA CONTI, AV PROF",NA,"",46,"JOSE BONIFACIO",1,0,"JOAO BATISTA CONTI, AV PROF 1597 SAO PAULO SP",-23.5523053,-46.4421792
"11086","D061301658",31402,"AGAMENON PEREIRA DA SILVA, RUA",NA,"",22,"","11/06/2013 13:17",4,"AT",100,3019," "," ",1,0,0,0,0,0,0,0,0,0,0,0,0,0,0,0,0,31402,"AGAMENON PEREIRA DA SILVA, RUA",NA,"",32,"IGUATEMI",1,0,"AGAMENON PEREIRA DA SILVA, RUA 22 SAO PAULO SP",-23.6937969,-46.7794779
"11087","D061301941",9044,"RAGUEB CHOHFI, AV",NA,"",2700,"","11/06/2013 13:50",2,"CL",49,8180," "," ",1,1,0,0,0,0,0,0,0,0,0,0,0,0,0,0,0,9044,"RAGUEB CHOHFI, AV",NA,"",32,"IGUATEMI",2,0,"RAGUEB CHOHFI, AV 2700 SAO PAULO SP",-23.5980396,-46.4588291
"11088","D061301241",13848,"MERCEDES LOPES, RUA",NA,"",740,"","11/06/2013 14:08",2,"QD",10,6629," "," ",0,0,1,0,0,0,0,0,0,0,0,0,0,0,0,0,0,13848,"MERCEDES LOPES, RUA",NA,"",18,"CANGAIBA",1,0,"MERCEDES LOPES, RUA 740 SAO PAULO SP",-23.5157381,-46.5315844
"11089","D061301304",6932,"FEIJO, AV REG",27094,"SALIM FARAH MALUF, AV",0,"","11/06/2013 15:53",2,"CO",30,3022," "," ",1,1,0,0,0,0,0,0,0,0,0,0,0,0,0,0,0,6932,"FEIJO, AV REG",27094,"SALIM FARAH MALUF, AV",1,"AGUA RASA",1,0,"FEIJO, AV REG SAO PAULO SP &  SALIM FARAH MALUF, AV SAO PAULO SP",-23.558646,-46.569806
"11090","D061300590",1571,"ANTONIO AYROSA, RUA",NA,"",391,"","11/06/2013 16:30",4,"AT",33,5898," "," ",0,0,0,0,0,0,0,0,0,0,0,2,0,0,0,0,0,1571,"ANTONIO AYROSA, RUA",NA,"",39,"JAGUARA",1,0,"ANTONIO AYROSA, RUA 391 SAO PAULO SP",-23.5135553,-46.7541807
"11091","D061301281",12944,"MARCONDES DE BRITO, AV",13789,"MELCHERT, AV",0,"","11/06/2013 17:25",4,"AT",21,637," "," ",1,0,0,0,0,0,0,0,0,0,0,0,0,0,0,0,0,12944,"MARCONDES DE BRITO, AV",13789,"MELCHERT, AV",93,"VILA MATILDE",2,0,"MARCONDES DE BRITO, AV SAO PAULO SP &  MELCHERT, AV SAO PAULO SP",-23.5340736,-46.5313826
"11092","D061301479",38464,"JUZA, RUA DO",NA,"",754,"","11/06/2013 17:40",2,"CO",25,1529," "," ",1,1,0,0,0,0,0,0,0,0,0,0,0,0,0,0,0,38464,"JUZA, RUA DO",NA,"",76,"SAO MIGUEL",1,0,"JUZA, RUA DO 754 SAO PAULO SP",-23.8209041,-46.7435131
"11093","D061301971",6927,"HARRY DANHENBERG, RUA",17152,"JOAO ABREU CASTELO BRANCO, RUA",0,"","11/06/2013 17:45",2,"CO",53,4183," "," ",1,1,0,0,0,0,0,0,0,0,0,0,0,0,0,0,0,6927,"HARRY DANHENBERG, RUA",17152,"JOAO ABREU CASTELO BRANCO, RUA",58,"PARQUE DO CARMO",2,0,"HARRY DANHENBERG, RUA SAO PAULO SP &  JOAO ABREU CASTELO BRANCO, RUA SAO PAULO SP",-23.6220341,-46.5693528
"11094","D061302145",7500,"FRANCISCO MORATO, AV PROF",7998,"GIOIA MARTINS, AV PROF",0,"","11/06/2013 17:45",2,"CL",89,5240,"C"," ",1,2,0,0,0,0,0,0,0,0,0,0,0,0,0,0,0,3984,"CAMINHO DO ENGENHO, RUA",7500,"FRANCISCO MORATO, AV PROF",96,"VILA SONIA",1,1,"FRANCISCO MORATO, AV PROF SAO PAULO SP &  GIOIA MARTINS, AV PROF SAO PAULO SP",-23.5789486,-46.7103326
"11095","D061301631",9220,"INTERLAGOS, AV",6238,"NACOES UNIDAS, AV DAS",0,"","11/06/2013 18:05",2,"CO",99,2468," "," ",1,1,0,0,0,0,0,0,0,0,0,0,0,0,0,0,0,6238,"NACOES UNIDAS, AV DAS",9220,"INTERLAGOS, AV",16,"CAMPO GRANDE",1,0,"INTERLAGOS, AV SAO PAULO SP &  NACOES UNIDAS, AV DAS SAO PAULO SP",-23.6872639,-46.6953006
"11096","D061300175",10485,"JOAO TEODORO, RUA",NA,"",312,"","11/06/2013 18:10",4,"AT",12,4638," "," ",1,0,0,0,0,0,0,0,0,0,0,0,0,0,0,0,0,10485,"JOAO TEODORO, RUA",NA,"",10,"BRAS",1,0,"JOAO TEODORO, RUA 312 SAO PAULO SP",-23.533249,-46.6295111
"11098","D061300121",11411,"ARMANDO FERRENTINI, AV",NA,"",671,"","11/06/2013 18:15",2,"CF",6,3094," "," ",1,1,0,0,0,0,0,0,0,0,0,0,0,0,0,0,0,11411,"ARMANDO FERRENTINI, AV",NA,"",49,"LIBERDADE",1,0,"ARMANDO FERRENTINI, AV 671 SAO PAULO SP",-23.5777006,-46.6366053
"11099","D061300430",24491,"IMIGRANTES, VIA DOS",NA,"",10000,"","11/06/2013 18:30",2,"QM",97,1647," "," ",0,1,0,0,0,0,0,0,0,0,0,0,0,0,0,0,0,24491,"IMIGRANTES, VIA DOS",NA,"",NA,"",1,0,"IMIGRANTES, VIA DOS 10000 SAO PAULO SP",-22.9668529,-46.5442388
"11100","D061300937",6515,"EPAMINONDAS MELO DO AMARAL, RUA",NA,"",1087,"","11/06/2013 18:30",2,"QM",13,6605," "," ",0,1,0,0,0,0,0,0,0,0,0,0,0,0,0,0,0,6515,"EPAMINONDAS MELO DO AMARAL, RUA",NA,"",21,"CASA VERDE",1,0,"EPAMINONDAS MELO DO AMARAL, RUA 1087 SAO PAULO SP",-23.4889141,-46.6586479
"11101","D061300140",6642,"ESTADO, AV DO",NA,"",6000,"","11/06/2013 18:30",2,"CT",8,4643,"C"," ",1,1,0,0,0,0,0,0,0,0,0,0,0,0,0,0,0,6642,"ESTADO, AV DO",NA,"",9,"BOM RETIRO",1,0,"ESTADO, AV DO 6000 SAO PAULO SP",-23.5713277,-46.6044714
"11102","D061300012",6642,"ESTADO, AV DO",13853,"MERCURIO, AV",0,"","11/06/2013 18:30",2,"CO",1,4647," "," ",0,1,0,0,0,0,0,0,0,0,0,1,0,0,0,0,0,6642,"ESTADO, AV DO",13853,"MERCURIO, AV",80,"SE",1,0,"ESTADO, AV DO SAO PAULO SP &  MERCURIO, AV SAO PAULO SP",-23.5635869,-46.6112253
"11104","D061300957",7845,"GUEIXAS, AV DAS",NA,"",498,"","11/06/2013 18:45",2,"CF",19,2207," "," ",1,0,0,0,0,0,0,0,0,0,0,1,0,0,0,0,0,7845,"GUEIXAS, AV DAS",NA,"",91,"VILA MARIA",1,0,"GUEIXAS, AV DAS 498 SAO PAULO SP",-23.50995,-46.578815
"11105","D061301910",34100,"CICERO CANUTO DE LIMA, AV PAST",NA,"",149,"","11/06/2013 19:00",4,"AT",41,6268," "," ",1,0,0,0,0,0,0,0,0,0,0,0,0,0,0,0,0,34100,"CICERO CANUTO DE LIMA, AV PAST",NA,"",27,"CURSINO",1,0,"CICERO CANUTO DE LIMA, AV PAST 149 SAO PAULO SP",-23.5505199,-46.6333094
"11106","D061301398",14213,"MOOCA, RUA DA",7233,"FLORIANOPOLIS, RUA",0,"","11/06/2013 19:00",4,"AT",57,3932," "," ",1,0,0,0,0,0,0,0,0,0,0,0,0,0,0,0,0,7233,"FLORIANOPOLIS, RUA",14213,"MOOCA, RUA DA",1,"AGUA RASA",1,0,"MOOCA, RUA DA SAO PAULO SP &  FLORIANOPOLIS, RUA SAO PAULO SP",-23.5549376,-46.6077126
"11108","D061301911",21953,"CONSTANTINO FUSCO, RUA",NA,"",204,"","11/06/2013 19:15",4,"AT",41,6270," "," ",1,0,0,0,0,0,0,0,0,0,0,0,0,0,0,0,0,21953,"CONSTANTINO FUSCO, RUA",NA,"",46,"JOSE BONIFACIO",1,0,"CONSTANTINO FUSCO, RUA 204 SAO PAULO SP",-23.5822939,-46.5298761
"11109","D061301374",8955,"IBITIRAMA, RUA",NA,"",405,"","11/06/2013 19:33",4,"AT",56,3926," "," ",0,1,0,0,0,0,0,0,0,0,0,0,0,0,0,0,0,8955,"IBITIRAMA, RUA",NA,"",95,"VILA PRUDENTE",1,0,"IBITIRAMA, RUA 405 SAO PAULO SP",-23.5852339,-46.5842419
"11110","D061300420",17003,"REPUBLICA DO LIBANO, AV",NA,"",600,"","11/06/2013 19:36",2,"CO",96,6561," "," ",1,1,0,0,0,0,0,0,0,0,0,0,0,0,0,0,0,17003,"REPUBLICA DO LIBANO, AV",NA,"",9,"BOM RETIRO",1,0,"REPUBLICA DO LIBANO, AV 600 SAO PAULO SP",-23.5859018,-46.664016
"11111","D061300263",2590,"AURIVERDE, RUA",NA,"",1078,"","11/06/2013 19:40",2,"CO",17,7999," "," ",1,1,0,0,0,0,0,0,0,0,0,0,0,0,0,0,0,2590,"AURIVERDE, RUA",NA,"",33,"IPIRANGA",1,0,"AURIVERDE, RUA 1078 SAO PAULO SP",-23.5967983,-46.5907185
"11112","D061300342",57,"ABILIO SOARES, RUA",10639,"JOINVILLE, RUA",0,"","11/06/2013 19:45",2,"CT",36,170,"C"," ",2,0,0,0,0,0,0,0,0,0,0,0,0,0,0,0,0,57,"ABILIO SOARES, RUA",10639,"JOINVILLE, RUA",53,"MOEMA",1,0,"ABILIO SOARES, RUA SAO PAULO SP &  JOINVILLE, RUA SAO PAULO SP",-23.577059,-46.6504268
"11113","D061301367",13805,"MELO PEIXOTO, RUA",NA,"",835,"","11/06/2013 19:48",2,"CO",52,6646," "," ",0,1,0,1,0,0,0,0,0,0,0,0,0,0,0,0,0,13805,"MELO PEIXOTO, RUA",NA,"",82,"TATUAPE",1,0,"MELO PEIXOTO, RUA 835 SAO PAULO SP",-23.5376389,-46.5653203
"11114","D061301860",21253,"AGUIA DE HAIA, AV",3994,"CAMPANELLA, AV",0,"","11/06/2013 19:50",2,"QD",64,4967," "," ",0,0,1,0,0,0,0,0,0,0,0,0,0,0,0,0,0,6613,"ESPERANTINA, AV",21253,"AGUIA DE HAIA, AV",5,"ARTUR ALVIM",1,0,"AGUIA DE HAIA, AV SAO PAULO SP &  CAMPANELLA, AV SAO PAULO SP",-23.5069379,-46.4780241
"11115","D061300786",16838,"RAIMUNDO PEREIRA DE MAGAL., AV",NA,"",4300,"","11/06/2013 21:00",2,"SI",87,3015," "," ",1,1,0,0,0,0,0,0,0,0,0,0,0,0,0,0,0,16838,"RAIMUNDO PEREIRA DE MAGAL., AV",NA,"",31,"GUAIANASES",1,0,"RAIMUNDO PEREIRA DE MAGAL., AV 4300 SAO PAULO SP",-23.4904334,-46.7312346
"11118","D061300933",9078,"IMIRIM, AV",NA,"",233,"","11/06/2013 21:35",2,"CF",13,6547," "," ",0,1,0,0,0,0,0,1,0,0,0,0,0,0,0,0,0,9078,"IMIRIM, AV",NA,"",71,"SANTANA",1,0,"IMIRIM, AV 233 SAO PAULO SP",-23.4979214,-46.6386311
"11119","D061301632",9220,"INTERLAGOS, AV",NA,"",3000,"","11/06/2013 22:40",2,"CO",99,2494,"C"," ",1,1,0,0,0,0,0,0,0,0,0,0,0,0,0,0,0,9220,"INTERLAGOS, AV",NA,"",16,"CAMPO GRANDE",1,0,"INTERLAGOS, AV 3000 SAO PAULO SP",-23.6777556,-46.6831977
"11120","D061300286",10918,"JOSE DINIZ, AV VER",NA,"",1300,"","11/06/2013 22:50",2,"QM",27,2915," "," ",0,1,0,0,0,0,0,0,0,0,0,0,0,0,0,0,0,10918,"JOSE DINIZ, AV VER",NA,"",15,"CAMPO BELO",1,0,"JOSE DINIZ, AV VER 1300 SAO PAULO SP",-23.6327088,-46.6894475
"11121","D061300456",1847,"ANTONIO RAPOSO, RUA",NA,"",168,"","11/06/2013 23:00",2,"CO",7,4337," "," ",0,0,1,0,0,0,0,0,0,0,0,1,0,0,0,0,0,1847,"ANTONIO RAPOSO, RUA",NA,"",48,"LAPA",1,0,"ANTONIO RAPOSO, RUA 168 SAO PAULO SP",-23.5211891,-46.706362
"11122","D061301994",98810,"ALDEMAR MOREIRA, RUA PDE",99999,"METALURGICOS, AV DOS",0,"","11/06/2013 23:00",4,"AT",54,3095," "," ",0,0,0,0,0,0,0,0,0,0,0,0,0,0,0,1,0,98810,"ALDEMAR MOREIRA, RUA PDE",99999,"METALURGICOS, AV DOS",69,"SACOMA",1,0,"ALDEMAR MOREIRA, RUA PDE SAO PAULO SP &  METALURGICOS, AV DOS SAO PAULO SP",-23.5505199,-46.6333094
"11123","D061300932",371,"AGUAS VIRTUOSAS, RUA",7425,"FRANCISCO DIOGO, RUA",0,"","11/06/2013 23:33",2,"CO",13,6545," "," ",1,0,0,0,0,0,0,0,0,0,0,1,0,0,0,0,0,371,"AGUAS VIRTUOSAS, RUA",7425,"FRANCISCO DIOGO, RUA",21,"CASA VERDE",1,0,"AGUAS VIRTUOSAS, RUA SAO PAULO SP &  FRANCISCO DIOGO, RUA SAO PAULO SP",-23.4995742,-46.6564273
"11125","D061301532",14090,"MOENDA VELHA, AV DA",NA,"",645,"","12/06/2013 03:00",2,"QM",47,7522," "," ",0,1,0,0,0,0,0,0,0,0,0,0,0,0,0,0,0,14090,"MOENDA VELHA, AV DA",NA,"",42,"JARDIM ANGELA",1,0,"MOENDA VELHA, AV DA 645 SAO PAULO SP",-23.689337,-46.7897163
"11126","D061301995",43405,"IGUATEMI, ES",98427,"CUNHA (CID.TIRADENTES), R DOS",0,"","12/06/2013 04:15",2,"CO",54,3098," "," ",0,0,0,1,0,0,0,0,0,0,0,1,0,0,0,0,0,43405,"IGUATEMI, ES",98427,"CUNHA (CID.TIRADENTES), R DOS",25,"CIDADE TIRADENT",2,0,"IGUATEMI, ES SAO PAULO SP &  CUNHA (CID.TIRADENTES), R DOS SAO PAULO SP",-23.5505199,-46.6333094
"11127","D061300238",17755,"CRUZ, RUA STA",NA,"",1021,"","12/06/2013 05:50",2,"CL",16,8011," "," ",0,1,0,0,0,0,0,0,0,0,0,1,0,0,0,0,0,17755,"CRUZ, RUA STA",NA,"",21,"CASA VERDE",1,0,"CRUZ, RUA STA 1021 SAO PAULO SP",-23.5975419,-46.6263833
"11128","D061300600",7500,"FRANCISCO MORATO, AV PROF",4338,"CARLOS DE MESQUITA, RUA",0,"","12/06/2013 06:15",2,"CT",34,3247," "," ",0,2,0,0,0,0,0,0,0,0,0,0,0,0,0,0,0,4338,"CARLOS DE MESQUITA, RUA",7500,"FRANCISCO MORATO, AV PROF",NA,"",1,0,"FRANCISCO MORATO, AV PROF SAO PAULO SP &  CARLOS DE MESQUITA, RUA SAO PAULO SP",-23.5789486,-46.7103326
"11129","D061301213",14270,"MORVAN DIAS DE FIGUEIREDO, AV",NA,"",20,"","12/06/2013 06:30",2,"CT",90,2317," "," ",1,1,0,0,0,0,0,0,0,0,0,0,0,0,0,0,0,29772,"MARGINAL DO RIO TIETE, AV",NA,"",0,"NULL",1,0,"MORVAN DIAS DE FIGUEIREDO, AV 20 SAO PAULO SP",-23.5184485,-46.6264931
"11130","D061300723",16878,"RAPOSO TAVARES, VIA",NA,"",14000,"","12/06/2013 06:50",2,"QM",51,2613," "," ",0,1,0,0,0,0,0,0,0,0,0,0,0,0,0,0,0,16878,"RAPOSO TAVARES, VIA",NA,"",13,"CACHOEIRINHA",1,0,"RAPOSO TAVARES, VIA 14000 SAO PAULO SP",-23.5271765,-48.4677683
"11131","D061301375",20033,"ZACARIAS ALVES DE MELO, RUA",NA,"",22,"","12/06/2013 07:00",2,"QM",56,3938," "," ",0,1,0,0,0,0,0,0,0,0,0,0,0,0,0,0,0,20033,"ZACARIAS ALVES DE MELO, RUA",NA,"",26,"CONSOLACAO",1,0,"ZACARIAS ALVES DE MELO, RUA 22 SAO PAULO SP",-23.5954309,-46.5785054
"11132","D061301555",15507,"TEOTONIO VILELA, AV SEN",11636,"ANIBAL DOS ANJOS CARVALHO, RUA",0,"","12/06/2013 07:00",2,"CO",48,2237," "," ",1,1,0,0,0,0,0,0,0,0,0,0,0,0,0,0,0,11636,"ANIBAL DOS ANJOS CARVALHO, RUA",15507,"TEOTONIO VILELA, AV SEN",23,"CIDADE DUTRA",1,0,"TEOTONIO VILELA, AV SEN SAO PAULO SP &  ANIBAL DOS ANJOS CARVALHO, RUA SAO PAULO SP",-23.7290679,-46.698928
"11133","D061301618",12832,"MAR PAULISTA, RUA DO",NA,"",620,"","12/06/2013 07:37",2,"CO",98,6238," "," ",0,1,0,0,0,0,0,0,0,0,0,1,0,0,0,0,0,12832,"MAR PAULISTA, RUA DO",NA,"",59,"PEDREIRA",1,0,"MAR PAULISTA, RUA DO 620 SAO PAULO SP",-23.6981572,-46.6620432
"11135","D061300350",19271,"TUTOIA, RUA",16350,"PIRAPORA, RUA",0,"","12/06/2013 07:56",4,"AT",36,2528," "," ",1,0,0,0,0,0,0,0,0,0,0,0,0,0,0,0,0,16350,"PIRAPORA, RUA",19271,"TUTOIA, RUA",63,"PINHEIROS",1,0,"TUTOIA, RUA SAO PAULO SP &  PIRAPORA, RUA SAO PAULO SP",-23.5764831,-46.6507795
"11136","D061301597",19230,"NOVA DO TUPAROQUERA, RUA",NA,"",1800,"","12/06/2013 08:00",4,"AT",92,4223," "," ",1,0,0,0,0,0,0,0,0,0,0,0,0,0,0,0,0,19230,"NOVA DO TUPAROQUERA, RUA",NA,"",32,"IGUATEMI",1,0,"NOVA DO TUPAROQUERA, RUA 1800 SAO PAULO SP",-23.6639798,-46.7409785
"11137","D061301942",9044,"RAGUEB CHOHFI, AV",NA,"",871,"","12/06/2013 08:10",2,"CT",49,8217," "," ",0,1,1,0,0,0,0,0,0,0,0,0,0,0,0,0,0,9044,"RAGUEB CHOHFI, AV",NA,"",32,"IGUATEMI",1,0,"RAGUEB CHOHFI, AV 871 SAO PAULO SP",-23.6052982,-46.4712419
"11138","D061301002",3813,"CAETANO ALVARES, AV ENG",19884,"VOLUNTARIOS DA PATRIA, RUA",0,"","12/06/2013 08:30",2,"CO",20,6571," "," ",1,1,0,0,0,0,0,0,0,0,0,0,0,0,0,0,0,3813,"CAETANO ALVARES, AV ENG",13534,"MARIQUINHA VIANA, RUA",71,"SANTANA",1,0,"CAETANO ALVARES, AV ENG SAO PAULO SP &  VOLUNTARIOS DA PATRIA, RUA SAO PAULO SP",-23.4830811,-46.6330478
"11139","D061300095",17812,"SAO JOAQUIM, RUA CD DE",35614,"SAO JOAQUIM, VD CDSSA DE",0,"","12/06/2013 08:40",4,"AT",5,3080," "," ",0,0,1,0,0,0,0,0,0,0,0,0,0,0,0,0,0,17812,"SAO JOAQUIM, RUA CD DE",35614,"SAO JOAQUIM, VD CDSSA DE",NA,"",1,0,"SAO JOAQUIM, RUA CD DE SAO PAULO SP &  SAO JOAQUIM, VD CDSSA DE SAO PAULO SP",-23.5505199,-46.6333094
"11141","D061300724",16878,"RAPOSO TAVARES, VIA",NA,"",11200,"","12/06/2013 09:15",4,"AT",51,2619," "," ",0,1,0,0,0,0,0,0,0,0,0,0,0,0,0,0,0,16878,"RAPOSO TAVARES, VIA",NA,"",13,"CACHOEIRINHA",1,0,"RAPOSO TAVARES, VIA 11200 SAO PAULO SP",-23.5343492,-48.4225732
"11142","D061301242",7703,"GABRIELA MISTRAL, AV",NA,"",1000,"","12/06/2013 09:55",2,"CT",10,6674," "," ",0,1,0,0,0,0,0,0,0,0,0,1,0,0,0,0,0,7703,"GABRIELA MISTRAL, AV",NA,"",60,"PENHA",1,0,"GABRIELA MISTRAL, AV 1000 SAO PAULO SP",-23.5123568,-46.5509276
"11143","D061301376",8955,"IBITIRAMA, RUA",NA,"",1089,"","12/06/2013 10:00",2,"CO",56,3946," "," ",1,1,0,0,0,0,0,0,0,0,0,0,0,0,0,0,0,8955,"IBITIRAMA, RUA",NA,"",95,"VILA PRUDENTE",1,0,"IBITIRAMA, RUA 1089 SAO PAULO SP",-23.5903118,-46.5819613
"11144","D061300295",10918,"JOSE DINIZ, AV VER",NA,"",2000,"","12/06/2013 10:17",2,"CO",27,6233," "," ",1,1,0,0,0,0,0,0,0,0,0,0,0,0,0,0,0,10918,"JOSE DINIZ, AV VER",NA,"",15,"CAMPO BELO",1,0,"JOSE DINIZ, AV VER 2000 SAO PAULO SP",-23.6268602,-46.6838807
"11145","D061302118",44760,"CACHOEIRA DA FELICIDADE, RUA",44766,"PECA PASTORAL, RUA",0,"","12/06/2013 10:30",4,"AT",54,3097," "," ",0,0,0,1,0,0,0,0,0,0,0,0,0,0,0,0,0,44760,"CACHOEIRA DA FELICIDADE, RUA",44766,"PECA PASTORAL, RUA",25,"CIDADE TIRADENT",0,1,"CACHOEIRA DA FELICIDADE, RUA SAO PAULO SP &  PECA PASTORAL, RUA SAO PAULO SP",-23.5674539,-46.4056123
"11146","D061300996",10945,"JOSE ERMIRIO DE MORAES, AV SEN",19691,"VIEIRA DE MELO, RUA",0,"","12/06/2013 11:00",4,"AT",20,5981," "," ",1,0,0,0,0,0,0,0,0,0,0,0,0,0,0,0,0,10945,"JOSE ERMIRIO DE MORAES, AV SEN",19691,"VIEIRA DE MELO, RUA",83,"TREMEMBE",1,0,"JOSE ERMIRIO DE MORAES, AV SEN SAO PAULO SP &  VIEIRA DE MELO, RUA SAO PAULO SP",-23.4521674,-46.6147803
"11147","D061300934",9078,"IMIRIM, AV",NA,"",1823,"","12/06/2013 11:10",2,"CO",13,6564," "," ",1,1,0,0,0,0,0,0,0,0,0,0,0,0,0,0,0,9078,"IMIRIM, AV",NA,"",71,"SANTANA",1,0,"IMIRIM, AV 1823 SAO PAULO SP",-23.490513,-46.6505058
"11149","D061300519",10556,"JOAQUIM FLORIANO, RUA",NA,"",164,"","12/06/2013 11:58",2,"QD",15,2883," "," ",0,0,1,0,0,0,0,0,0,0,0,0,0,0,0,0,0,10556,"JOAQUIM FLORIANO, RUA",NA,"",34,"ITAIM BIBI",1,0,"JOAQUIM FLORIANO, RUA 164 SAO PAULO SP",-23.5837022,-46.6716788
"11150","D061300186",8771,"HIGIENOPOLIS, AV",NA,"",618,"","12/06/2013 12:03",4,"AT",77,2520," "," ",4,0,0,0,0,0,0,0,0,0,0,1,0,0,0,0,0,8771,"HIGIENOPOLIS, AV",NA,"",26,"CONSOLACAO",2,0,"HIGIENOPOLIS, AV 618 SAO PAULO SP",-23.5430628,-46.6576628
"11151","D061300141",543,"ALCANTARA MACHADO, AV",NA,"",200,"","12/06/2013 12:40",2,"CO",8,4662," "," ",1,0,0,0,1,0,0,0,0,0,0,0,0,0,0,0,0,543,"ALCANTARA MACHADO, AV",NA,"",10,"BRAS",1,0,"ALCANTARA MACHADO, AV 200 SAO PAULO SP",-23.5508209,-46.6078084
"11152","D061300935",3637,"BRAZ LEME, AV",NA,"",175,"","12/06/2013 12:50",2,"CT",13,6574," "," ",1,1,0,0,0,0,0,0,0,0,0,0,0,0,0,0,0,3637,"BRAZ LEME, AV",NA,"",21,"CASA VERDE",1,0,"BRAZ LEME, AV 175 SAO PAULO SP",-23.5129998,-46.6536889
"11154","D061302059",17824,"SAPOPEMBA, AV",11967,"ISRAEL FONSECA, AV",0,"","12/06/2013 12:56",2,"CO",70,2890," "," ",1,1,0,0,0,0,0,0,0,0,0,0,0,0,0,0,0,11967,"ISRAEL FONSECA, AV",17824,"SAPOPEMBA, AV",78,"SAPOPEMBA",1,0,"SAPOPEMBA, AV SAO PAULO SP &  ISRAEL FONSECA, AV SAO PAULO SP",-23.6148326,-46.5024993
"11155","D061300725",16913,"REACAO, RUA",NA,"",77,"","12/06/2013 13:09",4,"AT",51,2631," "," ",0,1,0,0,0,0,0,0,0,0,0,0,0,0,0,0,0,16913,"REACAO, RUA",NA,"",13,"CACHOEIRINHA",1,0,"REACAO, RUA 77 SAO PAULO SP",-23.5724459,-46.7091424
"11156","D061300840",7836,"GASTAO VIDIGAL, AV DR",NA,"",1946,"","12/06/2013 13:35",4,"AT",91,4358," "," ",0,0,0,1,0,0,0,0,0,0,0,0,0,0,0,0,0,7836,"GASTAO VIDIGAL, AV DR",NA,"",90,"VILA LEOPOLDINA",1,0,"GASTAO VIDIGAL, AV DR 1946 SAO PAULO SP",-23.5339331,-46.7347799
"11157","D061300239",9206,"INHAUMA, RUA VISC DE",9537,"ITAPIRU, RUA",0,"","12/06/2013 14:00",2,"CO",16,8041," "," ",0,1,0,0,0,0,0,0,0,0,0,1,0,0,0,0,0,9206,"INHAUMA, RUA VISC DE",9537,"ITAPIRU, RUA",79,"SAUDE",1,0,"INHAUMA, RUA VISC DE SAO PAULO SP &  ITAPIRU, RUA SAO PAULO SP",-23.6169782,-46.6325551
"11158","D061301587",8368,"GUARAPIRANGA, AV",NA,"",221,"","12/06/2013 14:00",2,"CO",92,3650," "," ",0,2,0,0,0,0,0,0,0,0,0,1,0,0,0,0,0,8368,"GUARAPIRANGA, AV",NA,"",45,"JARDIM SAO LUIS",1,0,"GUARAPIRANGA, AV 221 SAO PAULO SP",-23.6703395,-46.7342754
"11159","D061301736",17820,"TITO, AV MAL",NA,"",1428,"","12/06/2013 14:12",2,"CO",22,2787," "," ",1,1,0,0,0,0,0,0,0,0,0,0,0,0,0,0,0,17820,"TITO, AV MAL",NA,"",53,"MOEMA",2,0,"TITO, AV MAL 1428 SAO PAULO SP",-23.4953231,-46.4325363
"11160","D061300936",15188,"OTAVIANO ALVES DE LIMA, AV",NA,"",1,"","12/06/2013 14:15",2,"CO",13,6579," "," ",1,1,0,0,0,0,0,0,0,0,0,0,0,0,0,0,0,29772,"MARGINAL DO RIO TIETE, AV",NA,"",23,"CIDADE DUTRA",1,0,"OTAVIANO ALVES DE LIMA, AV 1 SAO PAULO SP",-23.5147781,-46.662128
"11161","D061300841",7836,"GASTAO VIDIGAL, AV DR",NA,"",2000,"","12/06/2013 14:35",4,"AT",91,4362," "," ",0,1,0,0,0,0,0,0,0,0,0,0,0,0,0,0,0,7836,"GASTAO VIDIGAL, AV DR",NA,"",90,"VILA LEOPOLDINA",2,0,"GASTAO VIDIGAL, AV DR 2000 SAO PAULO SP",-23.5341464,-46.7345928
"11162","D061300608",14267,"MORUMBI, AV",11687,"LEBRET, AV PDE",0,"","12/06/2013 15:33",4,"AT",34,3503," "," ",0,1,0,0,0,0,0,0,0,0,0,0,0,0,0,0,0,11687,"LEBRET, AV PDE",14267,"MORUMBI, AV",55,"MORUMBI",1,0,"MORUMBI, AV SAO PAULO SP &  LEBRET, AV PDE SAO PAULO SP",-23.5871012,-46.7059801