"","id_acidente","codloga","logradouroA","codlogb","logradouroB","alt_num","referencia","data","cod_acid","tipo_acidente","dp","numero_BO","sentido","pista","automovel","moto","onibus","caminhao","bicicleta","moto_taxi","onibus_fretado","onibus_urbano","microonibus","van","vuc","caminhonete","carreta","jipe","outros","sem_informacao","carroca","princ_a","paiA","princ_b","paiB","cod_distrito","distrito","vit_ferida","vit_morta","local","lat","lon"
"11248","D061301044",61369,"PEDRA FORMOSA, RUA",10453,"MARGARET MEE -ANTIG JOAO ROQUE, TR",0,"","13/06/2013 16:10",2,"CO",38,2929," "," ",1,1,0,0,0,0,0,0,0,0,0,0,0,0,0,0,0,10453,"MARGARET MEE -ANTIG JOAO ROQUE, TR",61369,"PEDRA FORMOSA, RUA",13,"CACHOEIRINHA",1,0,"PEDRA FORMOSA, RUA SAO PAULO SP &  MARGARET MEE -ANTIG JOAO ROQUE, TR SAO PAULO SP",-23.4799951,-46.6544127
"11249","D061302067",24338,"LUIZ IGNACIO ANHAIA MELLO, AV PROF",NA,"",7700,"","13/06/2013 16:50",4,"AT",70,6345," "," ",1,1,0,0,0,0,0,0,0,0,0,0,0,0,0,0,0,24338,"LUIZ IGNACIO ANHAIA MELLO, AV PROF",NA,"",26,"CONSOLACAO",2,0,"LUIZ IGNACIO ANHAIA MELLO, AV PROF 7700 SAO PAULO SP",-23.6009093,-46.527374
"11250","D061300583",33234,"MARGINAL DIREITA DO TIETE, AV",NA,"",1645,"","13/06/2013 17:00",2,"CO",33,5614," "," ",3,0,0,0,0,0,0,0,0,0,0,0,0,0,0,0,0,29772,"MARGINAL DO RIO TIETE, AV",NA,"",39,"JAGUARA",4,0,"MARGINAL DIREITA DO TIETE, AV 1645 SAO PAULO SP",-23.5168629,-46.7414397
"11251","D061300985",351,"AGUA FRIA, AV",NA,"",927,"","13/06/2013 17:00",2,"CO",20,5570," "," ",1,1,0,0,0,0,0,0,0,0,0,0,0,0,0,0,0,351,"AGUA FRIA, AV",NA,"",71,"SANTANA",1,0,"AGUA FRIA, AV 927 SAO PAULO SP",-23.4805221,-46.6220438
"11252","D061300492",16919,"REBOUCAS, AV",4200,"CAPOTE VALENTE, RUA",0,"","13/06/2013 17:00",2,"CO",14,6073," "," ",1,1,0,0,0,0,0,0,0,0,0,0,0,0,0,0,0,4200,"CAPOTE VALENTE, RUA",16919,"REBOUCAS, AV",44,"JARDIM PAULISTA",1,0,"REBOUCAS, AV SAO PAULO SP &  CAPOTE VALENTE, RUA SAO PAULO SP",-23.5666153,-46.6829404
"11253","D061301452",10270,"JOAO DIAS, AV",NA,"",1171,"","13/06/2013 17:05",2,"SI",11,6847," "," ",0,1,1,0,0,0,0,0,0,0,0,0,0,0,0,0,0,10270,"JOAO DIAS, AV",NA,"",72,"SANTO AMARO",1,0,"JOAO DIAS, AV 1171 SAO PAULO SP",-23.6456321,-46.7116585
"11254","D061301754",44673,"ALBINO ARESI, PCA FREI",NA,"",1,"","13/06/2013 17:20",2,"CO",24,6466," "," ",1,1,0,0,0,0,0,0,0,0,0,0,0,0,0,0,0,44673,"ALBINO ARESI, PCA FREI",NA,"",49,"LIBERDADE",1,0,"ALBINO ARESI, PCA FREI 1 SAO PAULO SP",-23.5505199,-46.6333094
"11255","D061300707",98860,"PAULO ARENTINO, RUA",NA,"",900,"","13/06/2013 17:30",2,"CO",46,5602," "," ",1,1,0,0,0,0,0,0,0,0,0,0,0,0,0,0,0,98860,"PAULO ARENTINO, RUA",NA,"",41,"JARAGUA",1,0,"PAULO ARENTINO, RUA 900 SAO PAULO SP",-23.4345155,-46.7361817
"11256","D061301385",24338,"LUIZ IGNACIO ANHAIA MELLO, AV PROF",NA,"",1376,"","13/06/2013 17:40",2,"QM",56,4279,"B"," ",0,1,0,0,0,0,0,0,0,0,0,0,0,0,0,0,0,24338,"LUIZ IGNACIO ANHAIA MELLO, AV PROF",NA,"",26,"CONSOLACAO",1,0,"LUIZ IGNACIO ANHAIA MELLO, AV PROF 1376 SAO PAULO SP",-23.5849611,-46.5804286
"11257","D061301420",70,"ABRANTES, RUA MARQ DE",NA,"",351,"","13/06/2013 17:45",4,"AT",81,1721," "," ",1,0,0,0,0,0,0,0,0,0,0,0,0,0,0,0,0,70,"ABRANTES, RUA MARQ DE",NA,"",8,"BELEM",1,0,"ABRANTES, RUA MARQ DE 351 SAO PAULO SP",-23.5389968,-46.5850195
"11258","D061300002",11818,"LIBERDADE, AV DA",NA,"",720,"","13/06/2013 18:00",2,"CL",1,3119," "," ",1,1,0,0,0,0,0,0,0,0,0,0,0,0,0,0,0,11818,"LIBERDADE, AV DA",NA,"",49,"LIBERDADE",1,0,"LIBERDADE, AV DA 720 SAO PAULO SP",-23.5589836,-46.637592
"11259","D061300734",13019,"ESCOLA POLITECNICA, AV",NA,"",1877,"","13/06/2013 18:00",2,"CO",51,3815," "," ",2,1,0,0,0,0,0,0,0,0,0,0,0,0,0,0,0,13019,"ESCOLA POLITECNICA, AV",NA,"",40,"JAGUARE",1,0,"ESCOLA POLITECNICA, AV 1877 SAO PAULO SP",-23.5585492,-46.7454541
"11260","D061300872",34348,"MARGINAL ESQUERD RIO PINHEIROS, AV",NA,"",90000,"","13/06/2013 18:30",2,"CO",93,6074," "," ",1,1,0,0,0,0,0,0,0,0,0,0,0,0,0,0,0,13014,"MARGINAL DO RIO PINHEIROS, AV",NA,"",40,"JAGUARE",1,0,"MARGINAL ESQUERD RIO PINHEIROS, AV 90000 SAO PAULO SP",-23.5604208,-46.6574734
"11261","D061300686",46890,"ALEXIOS JAFET (ESTR.CAMPINAS), AV",NA,"",1806,"","13/06/2013 18:38",2,"CO",46,2710," "," ",1,1,0,0,0,0,0,0,0,0,0,0,0,0,0,0,0,46890,"ALEXIOS JAFET (ESTR.CAMPINAS), AV",NA,"",41,"JARAGUA",1,0,"ALEXIOS JAFET (ESTR.CAMPINAS), AV 1806 SAO PAULO SP",-23.5734908,-46.6606693
"11262","D061300296",8944,"IBIRAPUERA, AV",NA,"",2771,"","13/06/2013 19:15",2,"CO",27,6298," "," ",2,0,0,0,0,0,0,0,0,0,0,1,0,0,0,0,0,8944,"IBIRAPUERA, AV",NA,"",53,"MOEMA",1,0,"IBIRAPUERA, AV 2771 SAO PAULO SP",-23.6079435,-46.6661698
"11263","D061300631",8000,"GIOVANNI GRONCHI, AV",66449,"ITACAIUNA, RUA",0,"","13/06/2013 19:40",2,"QM",34,5321," "," ",0,1,0,0,0,0,0,0,0,0,0,0,0,0,0,0,0,8000,"GIOVANNI GRONCHI, AV",21578,"ANTONIO JOVINO, RUA ENG",85,"VILA ANDRADE",1,0,"GIOVANNI GRONCHI, AV SAO PAULO SP &  ITACAIUNA, RUA SAO PAULO SP",-23.6004501,-46.710515
"11264","D061301091",11321,"JULIO BUONO, AV",NA,"",840,"","13/06/2013 19:50",2,"CO",39,6387,"C"," ",1,1,0,0,0,0,0,0,0,0,0,0,0,0,0,0,0,11321,"JULIO BUONO, AV",NA,"",94,"VILA MEDEIROS",1,0,"JULIO BUONO, AV 840 SAO PAULO SP",-23.4913497,-46.5965056
"11265","D061300745",8603,"HEITOR ANTONIO EIRAS GARCIA, AV ENG",NA,"",1900,"","13/06/2013 20:00",2,"CH",51,6076," "," ",0,0,0,0,0,0,0,0,0,0,0,0,0,0,0,1,0,8603,"HEITOR ANTONIO EIRAS GARCIA, AV ENG",NA,"",68,"RIO PEQUENO",1,0,"HEITOR ANTONIO EIRAS GARCIA, AV ENG 1900 SAO PAULO SP",-23.5829235,-46.7497362
"11266","D061300632",6165,"EDEN, RUA",NA,"",479,"","13/06/2013 20:00",2,"CT",34,5327," "," ",4,0,0,0,0,0,0,0,0,0,0,0,0,0,0,0,0,6165,"EDEN, RUA",NA,"",96,"VILA SONIA",1,0,"EDEN, RUA 479 SAO PAULO SP",-23.5924537,-46.7263266
"11268","D061300789",16838,"RAIMUNDO PEREIRA DE MAGAL., AV",NA,"",1650,"","13/06/2013 20:00",2,"CO",87,3132," "," ",1,1,0,0,0,0,0,0,0,0,0,0,0,0,0,0,0,16838,"RAIMUNDO PEREIRA DE MAGAL., AV",NA,"",31,"GUAIANASES",1,0,"RAIMUNDO PEREIRA DE MAGAL., AV 1650 SAO PAULO SP",-23.5068858,-46.7146485
"11269","D061301143",15125,"OSCAR ROSAS RIBEIRO, RUA",NA,"",311,"","13/06/2013 20:03",2,"CT",72,5456," "," ",0,1,0,0,0,0,0,0,0,0,0,1,0,0,0,0,0,15125,"OSCAR ROSAS RIBEIRO, RUA",NA,"",40,"JAGUARE",1,0,"OSCAR ROSAS RIBEIRO, RUA 311 SAO PAULO SP",-23.4739534,-46.6760484
"11270","D061301652",13035,"MIGUEL YUNES, RUA",NA,"",239,"","13/06/2013 20:26",4,"AT",99,6852," "," ",1,0,0,0,0,0,0,0,0,0,0,0,0,0,0,0,0,13035,"MIGUEL YUNES, RUA",NA,"",16,"CAMPO GRANDE",1,0,"MIGUEL YUNES, RUA 239 SAO PAULO SP",-23.6945699,-46.6804192
"11271","D061301943",63861,"RENATO PEREIRA, RUA",NA,"",26,"","13/06/2013 20:34",2,"SI",49,8296," "," ",0,1,0,0,0,0,0,0,0,0,0,0,0,0,0,0,0,63861,"RENATO PEREIRA, RUA",NA,"",0,"NULL",1,0,"RENATO PEREIRA, RUA 26 SAO PAULO SP",-23.612673,-46.4575595
"11272","D061301092",5476,"CRISCIUMA, RUA",4348,"CARLOS DOS SANTOS, RUA",0,"","13/06/2013 21:13",2,"CO",39,6393," "," ",0,1,0,0,1,0,0,0,0,0,0,0,0,0,0,0,0,4348,"CARLOS DOS SANTOS, RUA",5476,"CRISCIUMA, RUA",94,"VILA MEDEIROS",2,0,"CRISCIUMA, RUA SAO PAULO SP &  CARLOS DOS SANTOS, RUA SAO PAULO SP",-23.4839926,-46.5747601
"11273","D061300708",1429,"ANHANGUERA, VIA",NA,"",26000,"","13/06/2013 21:20",2,"QD",46,5610," "," ",0,0,0,0,0,0,0,1,0,0,0,0,0,0,0,0,0,1429,"ANHANGUERA, VIA",NA,"",73,"SAO DOMINGOS",1,0,"ANHANGUERA, VIA 26000 SAO PAULO SP",-23.4900941,-46.7665396
"11274","D061301013",5947,"EDGAR FACO, AV GAL",NA,"",1662,"","13/06/2013 21:30",2,"CT",28,3151," "," ",0,1,0,0,0,0,0,0,0,0,0,1,0,0,0,0,0,5947,"EDGAR FACO, AV GAL",NA,"",64,"PIRITUBA",1,0,"EDGAR FACO, AV GAL 1662 SAO PAULO SP",-23.4918428,-46.7096692
"11275","D061301008",5947,"EDGAR FACO, AV GAL",NA,"",1622,"","13/06/2013 22:00",2,"CO",28,2972," "," ",1,1,0,0,0,0,0,0,0,0,0,0,0,0,0,0,0,5947,"EDGAR FACO, AV GAL",NA,"",64,"PIRITUBA",1,0,"EDGAR FACO, AV GAL 1622 SAO PAULO SP",-23.4922346,-46.7096839
"11276","D061301061",38142,"FORTE DE ALCANTARA, RUA",NA,"",252,"","13/06/2013 22:08",4,"AT",38,5455," "," ",1,0,0,0,0,0,0,0,0,0,0,0,0,0,0,0,0,38142,"FORTE DE ALCANTARA, RUA",NA,"",76,"SAO MIGUEL",1,0,"FORTE DE ALCANTARA, RUA 252 SAO PAULO SP",-23.7802487,-46.7116994
"11279","D061301821",853,"ALVARENGA, AV",NA,"",17,"","13/06/2013 22:50",2,"CH",62,6450," "," ",1,0,0,0,0,0,0,0,0,0,0,0,0,0,0,0,0,853,"ALVARENGA, AV",NA,"",59,"PEDREIRA",1,0,"ALVARENGA, AV 17 SAO PAULO SP",-23.662704,-46.6623788
"11280","D061300967",28156,"MARIA JOSE BARONE FERNANDES, RUA PROFA",5845,"DIAS DA SILVA, RUA",0,"","13/06/2013 23:00",2,"CO",19,5583," "," ",1,0,0,1,0,0,0,0,0,0,0,0,0,0,0,0,0,5845,"DIAS DA SILVA, RUA",28156,"MARIA JOSE BARONE FERNANDES, RUA PROFA",91,"VILA MARIA",1,0,"MARIA JOSE BARONE FERNANDES, RUA PROFA SAO PAULO SP &  DIAS DA SILVA, RUA SAO PAULO SP",-23.5187347,-46.5900737
"11281","D061300585",310,"AGENOR COUTO DE MAGALHAES, AV",NA,"",86,"","14/06/2013 00:53",2,"CO",33,6363," "," ",3,0,0,0,0,0,0,0,0,0,0,0,0,0,0,0,0,310,"AGENOR COUTO DE MAGALHAES, AV",NA,"",64,"PIRITUBA",1,0,"AGENOR COUTO DE MAGALHAES, AV 86 SAO PAULO SP",-23.484328,-46.7406977
"11283","D061300297",999,"SANTO AMARO, AV",NA,"",2877,"","14/06/2013 04:15",4,"AT",27,6314," "," ",0,0,1,0,0,0,0,0,0,0,0,0,0,0,0,0,0,999,"SANTO AMARO, AV",NA,"",34,"ITAIM BIBI",1,0,"SANTO AMARO, AV 2877 SAO PAULO SP",-23.609503,-46.6767756
"11284","D061301890",1076,"AMERICANO FREIRE, RUA GAL",NA,"",547,"","14/06/2013 05:20",2,"CO",68,1765," "," ",1,1,0,0,0,0,0,0,0,0,0,0,0,0,0,0,0,1076,"AMERICANO FREIRE, RUA GAL",NA,"",47,"LAJEADO",1,0,"AMERICANO FREIRE, RUA GAL 547 SAO PAULO SP",-23.5392451,-46.4140033
"11285","D061300728",16878,"RAPOSO TAVARES, VIA",NA,"",11500,"","14/06/2013 05:34",2,"QM",51,2664," "," ",0,1,0,0,0,0,0,0,0,0,0,0,0,0,0,0,0,16878,"RAPOSO TAVARES, VIA",NA,"",13,"CACHOEIRINHA",1,0,"RAPOSO TAVARES, VIA 11500 SAO PAULO SP",-23.5346574,-48.4255806
"11286","D061300187",17115,"RIO BRANCO, AV",8656,"HELVETIA, RUA",0,"","14/06/2013 06:33",4,"AT",77,2552," "," ",0,1,0,0,0,0,0,0,0,0,0,0,0,0,0,0,0,8656,"HELVETIA, RUA",17115,"RIO BRANCO, AV",70,"SANTA CECILIA",1,0,"RIO BRANCO, AV SAO PAULO SP &  HELVETIA, RUA SAO PAULO SP",-23.5329709,-46.6450922
"11287","D061301919",21711,"SATURNINO PEREIRA, RUA",NA,"",200,"","14/06/2013 07:00",4,"AT",44,3138," "," ",1,0,0,0,0,0,0,0,0,0,0,0,0,0,0,0,0,21711,"SATURNINO PEREIRA, RUA",NA,"",50,"LIMAO",1,0,"SATURNINO PEREIRA, RUA 200 SAO PAULO SP",-23.5458748,-46.4113751
"11288","D061301406",10503,"JOAO XXIII, AV",16971,"RENATA, AV",0,"","14/06/2013 07:30",2,"CT",58,1235," "," ",1,1,0,0,0,0,0,0,0,0,0,0,0,0,0,0,0,10503,"JOAO XXIII, AV",16971,"RENATA, AV",87,"VILA FORMOSA",1,0,"JOAO XXIII, AV SAO PAULO SP &  RENATA, AV SAO PAULO SP",-23.5591082,-46.5209759
"11289","D061300859",9836,"JAGUARE, AV",NA,"",450,"","14/06/2013 07:50",2,"CO",93,3764," "," ",1,1,0,0,0,0,0,0,0,0,0,0,0,0,0,0,0,9836,"JAGUARE, AV",NA,"",40,"JAGUARE",1,0,"JAGUARE, AV 450 SAO PAULO SP",-23.5561981,-46.7439438
"11290","D061300612",8677,"HENRIQUE DA CUNHA, RUA",3232,"BENTO FRIAS, RUA",0,"","14/06/2013 08:00",2,"CO",34,3543," "," ",1,1,0,0,0,0,0,0,0,0,0,0,0,0,0,0,0,8677,"HENRIQUE DA CUNHA, RUA",13014,"MARGINAL DO RIO PINHEIROS, AV",12,"BUTANTA",2,0,"HENRIQUE DA CUNHA, RUA SAO PAULO SP &  BENTO FRIAS, RUA SAO PAULO SP",-23.5711559,-46.702933
"11291","D061301857",6573,"CATARINA LOPES, RUA",NA,"",236,"","14/06/2013 08:20",4,"AT",64,4796,"B"," ",1,0,0,0,0,0,0,0,0,0,0,0,0,0,0,0,0,6573,"CATARINA LOPES, RUA",NA,"",51,"MANDAQUI",1,0,"CATARINA LOPES, RUA 236 SAO PAULO SP",-23.5319767,-46.4580617
"11292","D061300813",13014,"MARGINAL DO RIO PINHEIROS, AV",NA,"",15000,"","14/06/2013 09:00",2,"CO",89,5335," "," ",0,1,0,0,0,0,0,0,0,0,0,1,0,0,0,0,0,13014,"MARGINAL DO RIO PINHEIROS, AV",NA,"",40,"JAGUARE",1,0,"MARGINAL DO RIO PINHEIROS, AV 15000 SAO PAULO SP",-23.5604208,-46.6574734
"11293","D061300881",5567,"CRUZEIRO DO SUL, AV",2455,"ATALIBA LEONEL, AV GAL",0,"","14/06/2013 10:00",2,"CO",9,3332," "," ",1,0,0,0,0,0,0,0,0,1,0,0,0,0,0,0,0,2455,"ATALIBA LEONEL, AV GAL",5567,"CRUZEIRO DO SUL, AV",71,"SANTANA",1,0,"CRUZEIRO DO SUL, AV SAO PAULO SP &  ATALIBA LEONEL, AV GAL SAO PAULO SP",-23.5073033,-46.6250321
"11294","D061301407",6239,"EDUARDO COTCHING, AV DR",NA,"",2000,"","14/06/2013 10:00",2,"CH",58,1237," "," ",3,0,0,0,0,0,0,0,0,0,0,0,0,0,0,0,0,6239,"EDUARDO COTCHING, AV DR",NA,"",87,"VILA FORMOSA",1,0,"EDUARDO COTCHING, AV DR 2000 SAO PAULO SP",-23.5688801,-46.5404682
"11295","D061300407",17475,"ROUXINOL, AV",10014,"JAUAPERI, AL",0,"","14/06/2013 10:12",4,"AT",96,2784," "," ",1,0,0,0,0,0,0,0,0,0,0,0,0,0,0,0,0,10014,"JAUAPERI, AL",17475,"ROUXINOL, AV",53,"MOEMA",1,0,"ROUXINOL, AV SAO PAULO SP &  JAUAPERI, AL SAO PAULO SP",-23.6054538,-46.6671695
"11296","D061300250",12242,"LUIS GOIS, RUA",2692,"BACELAR, RUA DR",0,"","14/06/2013 10:45",2,"CO",16,8809," "," ",1,1,0,0,0,0,0,0,0,0,0,0,0,0,0,0,0,2692,"BACELAR, RUA DR",12242,"LUIS GOIS, RUA",79,"SAUDE",1,0,"LUIS GOIS, RUA SAO PAULO SP &  BACELAR, RUA DR SAO PAULO SP",-23.6039229,-46.6432874
"11297","D061301810",21253,"AGUIA DE HAIA, AV",NA,"",3601,"","14/06/2013 11:00",2,"CO",62,2357," "," ",0,1,0,0,0,0,0,0,0,0,0,1,0,0,0,0,0,21253,"AGUIA DE HAIA, AV",NA,"",0,"NULL",1,0,"AGUIA DE HAIA, AV 3601 SAO PAULO SP",-23.5148349,-46.4767775
"11298","D061300614",17822,"SAPETUBA, RUA",NA,"",327,"","14/06/2013 11:11",2,"CO",34,3549," "," ",1,1,0,0,0,0,0,0,0,0,0,0,0,0,0,0,0,17822,"SAPETUBA, RUA",NA,"",13,"CACHOEIRINHA",1,0,"SAPETUBA, RUA 327 SAO PAULO SP",-23.5740993,-46.7100477
"11299","D061300158",17400,"ROSA, RUA STA",NA,"",68,"","14/06/2013 11:15",2,"CO",12,3249," "," ",1,1,0,0,0,0,0,0,0,0,0,0,0,0,0,0,0,17400,"ROSA, RUA STA",NA,"",6,"BARRA FUNDA",2,0,"ROSA, RUA STA 68 SAO PAULO SP",-23.5425515,-46.6267429
"11301","D061301737",10907,"JOSE DE PORCIUNCULA, RUA DR",7060,"GONCALO DO RIO DAS PEDRAS, RUA S",0,"","14/06/2013 11:40",2,"CO",22,2823," "," ",1,0,0,0,1,0,0,0,0,0,0,0,0,0,0,0,0,7060,"GONCALO DO RIO DAS PEDRAS, RUA S",10907,"JOSE DE PORCIUNCULA, RUA DR",43,"JARDIM HELENA",2,0,"JOSE DE PORCIUNCULA, RUA DR SAO PAULO SP &  GONCALO DO RIO DAS PEDRAS, RUA S SAO PAULO SP",-23.4834026,-46.4250209
"11302","D061301121",70132,"JOAO PINTO DE OLIVEIRA, RUA",NA,"",74,"","14/06/2013 12:00",2,"CF",45,1551," "," ",1,1,0,0,0,0,0,0,0,0,0,0,0,0,0,0,0,70132,"JOAO PINTO DE OLIVEIRA, RUA",NA,"",40,"JAGUARE",1,0,"JOAO PINTO DE OLIVEIRA, RUA 74 SAO PAULO SP",-23.461827,-46.6916604
"11303","D061301046",19337,"ULTRAMARINO, AV",NA,"",1127,"","14/06/2013 12:10",4,"AT",38,2946," "," ",0,0,0,1,0,0,0,0,0,0,0,0,0,0,0,0,0,19337,"ULTRAMARINO, AV",NA,"",8,"BELEM",1,0,"ULTRAMARINO, AV 1127 SAO PAULO SP",-23.4700099,-46.6446558
"11304","D061300613",7500,"FRANCISCO MORATO, AV PROF",NA,"",439,"","14/06/2013 12:20",2,"CT",34,3546," "," ",0,1,0,0,0,0,0,0,0,0,0,1,0,0,0,0,0,7500,"FRANCISCO MORATO, AV PROF",NA,"",12,"BUTANTA",1,0,"FRANCISCO MORATO, AV PROF 439 SAO PAULO SP",-23.5756614,-46.7071255
"11305","D061300240",2394,"ASCENDINO REIS, AV PROF",NA,"",1000,"","14/06/2013 12:21",2,"SI",16,8147," "," ",1,1,0,0,0,0,0,0,0,0,0,0,0,0,0,0,0,2394,"ASCENDINO REIS, AV PROF",NA,"",53,"MOEMA",1,0,"ASCENDINO REIS, AV PROF 1000 SAO PAULO SP",-23.5996269,-46.6518527
"11306","D061300710",99432,"JOSE GLADIADOR, ES CEL",NA,"",100,"","14/06/2013 12:30",4,"AT",46,5766," "," ",1,0,0,0,0,0,0,0,0,0,0,0,0,0,0,0,0,99432,"JOSE GLADIADOR, ES CEL",NA,"",NA,"",1,0,"JOSE GLADIADOR, ES CEL 100 SAO PAULO SP",-23.5505199,-46.6333094
"11307","D061300493",16919,"REBOUCAS, AV",6897,"FARIA LIMA, AV BRIG",0,"","14/06/2013 12:30",4,"AT",14,6094," "," ",0,0,1,0,0,0,0,0,0,0,0,0,0,0,0,0,0,6897,"FARIA LIMA, AV BRIG",16919,"REBOUCAS, AV",63,"PINHEIROS",1,0,"REBOUCAS, AV SAO PAULO SP &  FARIA LIMA, AV BRIG SAO PAULO SP",-23.5666153,-46.6829404
"11308","D061301122",6361,"ELISIO TEIXEIRA LEITE, AV",NA,"",1566,"","14/06/2013 12:40",2,"CH",45,1553," "," ",0,0,0,0,0,0,0,0,1,0,0,0,0,0,0,0,0,6361,"ELISIO TEIXEIRA LEITE, AV",NA,"",29,"FREGUESIA DO O",2,0,"ELISIO TEIXEIRA LEITE, AV 1566 SAO PAULO SP",-23.4803928,-46.7013487
"11309","D061300546",16463,"POMPEIA, AV",NA,"",1200,"","14/06/2013 12:44",4,"AT",23,3394," "," ",1,0,0,0,0,0,0,0,0,0,0,0,0,0,0,0,0,16463,"POMPEIA, AV",NA,"",19,"CAPAO REDONDO",1,0,"POMPEIA, AV 1200 SAO PAULO SP",-23.5345076,-46.6881267
"11310","D061301676",12403,"M'BOI MIRIM, ES",NA,"",9782,"","14/06/2013 13:00",4,"AT",100,8098," "," ",0,1,0,0,0,0,0,0,0,0,0,0,0,0,0,0,0,12403,"M'BOI MIRIM, ES",NA,"",42,"JARDIM ANGELA",1,0,"M'BOI MIRIM, ES 9782 SAO PAULO SP",-23.5505199,-46.6333094
"11311","D061301045",99052,"SANTA INES, ES",NA,"",3600,"","14/06/2013 13:30",2,"CO",38,2945," "," ",1,1,0,0,0,0,0,0,0,0,0,0,0,0,0,0,0,99052,"SANTA INES, ES",NA,"",13,"CACHOEIRINHA",1,0,"SANTA INES, ES 3600 SAO PAULO SP",-23.4227794,-46.6651638
"11312","D061300256",17755,"CRUZ, RUA STA",13191,"MARIA CELINA, RUA",0,"","14/06/2013 13:30",2,"CO",17,3153," "," ",0,1,0,0,0,0,0,0,0,0,0,0,0,0,0,1,0,13191,"MARIA CELINA, RUA",17755,"CRUZ, RUA STA",27,"CURSINO",1,0,"CRUZ, RUA STA SAO PAULO SP &  MARIA CELINA, RUA SAO PAULO SP",-23.6012676,-46.6218894
"11313","D061300159",4871,"XAVANTES, RUA",NA,"",702,"","14/06/2013 14:38",2,"CO",12,3255," "," ",2,1,0,0,0,0,0,0,0,0,0,0,0,0,0,0,0,4871,"XAVANTES, RUA",NA,"",10,"BRAS",1,0,"XAVANTES, RUA 702 SAO PAULO SP",-23.5349388,-46.6132107
"11314","D061300797",8000,"GIOVANNI GRONCHI, AV",NA,"",1479,"","14/06/2013 15:00",2,"CT",89,3524," "," ",2,0,0,0,0,0,0,0,0,0,0,0,0,0,0,0,0,8000,"GIOVANNI GRONCHI, AV",NA,"",55,"MORUMBI",1,0,"GIOVANNI GRONCHI, AV 1479 SAO PAULO SP",-23.5964342,-46.7188579
"11315","D061301596",13357,"MARIA COELHO AGUIAR, AV",NA,"",326,"","14/06/2013 15:16",2,"CO",92,4016," "," ",1,1,0,0,0,0,0,0,0,0,0,0,0,0,0,0,0,13357,"MARIA COELHO AGUIAR, AV",NA,"",45,"JARDIM SAO LUIS",1,0,"MARIA COELHO AGUIAR, AV 326 SAO PAULO SP",-23.6491006,-46.7323637
"11316","D061301215",14815,"NOVO MUNDO, PCA",NA,"",10,"","14/06/2013 15:30",2,"CL",90,2386," "," ",1,1,0,0,0,0,0,0,0,0,0,0,0,0,0,0,0,14815,"NOVO MUNDO, PCA",NA,"",36,"ITAQUERA",1,0,"NOVO MUNDO, PCA 10 SAO PAULO SP",-23.5182507,-46.567934
"11317","D061301372",15047,"ORFANATO, RUA",15034,"ORATORIO, RUA DO",0,"","14/06/2013 15:30",4,"AT",56,2412," "," ",1,0,0,0,0,0,0,0,0,0,0,0,0,0,0,0,0,15034,"ORATORIO, RUA DO",15047,"ORFANATO, RUA",NA,"",1,0,"ORFANATO, RUA SAO PAULO SP &  ORATORIO, RUA DO SAO PAULO SP",-23.5799057,-46.5817828
"11318","D061300688",20291,"TURISTICA DO JARAGUA, ES",NA,"",428,"","14/06/2013 15:40",2,"CO",46,2785," "," ",1,1,0,0,0,0,0,0,0,0,0,0,0,0,0,0,0,20291,"TURISTICA DO JARAGUA, ES",NA,"",31,"GUAIANASES",2,0,"TURISTICA DO JARAGUA, ES 428 SAO PAULO SP",-23.5505199,-46.6333094
"11319","D061300938",21876,"CAMPO DE BAGATELLE, PCA",NA,"",1,"","14/06/2013 15:50",2,"CO",13,6663," "," ",0,2,0,0,0,0,0,0,0,0,0,0,0,0,0,0,0,21876,"CAMPO DE BAGATELLE, PCA",NA,"",8,"BELEM",1,0,"CAMPO DE BAGATELLE, PCA 1 SAO PAULO SP",-23.5153686,-46.6292336
"11320","D061300584",14350,"MUTINGA, AV",NA,"",794,"","14/06/2013 16:00",2,"CO",33,5658,"C"," ",1,1,0,0,0,0,0,0,0,0,0,1,0,0,0,0,0,14350,"MUTINGA, AV",NA,"",64,"PIRITUBA",1,0,"MUTINGA, AV 794 SAO PAULO SP",-23.4877833,-46.7342504
"11321","D061301144",65066,"IBIRAIARAS, RUA",27628,"VITANTONIO MASTROROSA, RUA",0,"","14/06/2013 16:15",2,"CO",72,5489,"B"," ",1,1,0,0,0,0,0,0,0,0,0,0,0,0,0,0,0,27628,"VITANTONIO MASTROROSA, RUA",65066,"IBIRAIARAS, RUA",24,"CIDADE LIDER",1,0,"IBIRAIARAS, RUA SAO PAULO SP &  VITANTONIO MASTROROSA, RUA SAO PAULO SP",-23.4508673,-46.6884303
"11322","D061300547",19259,"TURIASSU, RUA",14146,"MONTE ALEGRE, RUA",0,"","14/06/2013 16:16",4,"AT",23,3402," "," ",1,0,0,0,0,0,0,0,0,0,0,0,0,0,0,0,0,14146,"MONTE ALEGRE, RUA",19259,"TURIASSU, RUA",61,"PERDIZES",1,0,"TURIASSU, RUA SAO PAULO SP &  MONTE ALEGRE, RUA SAO PAULO SP",-23.5326475,-46.6704263