"","id_acidente","codloga","logradouroA","codlogb","logradouroB","alt_num","referencia","data","cod_acid","tipo_acidente","dp","numero_BO","sentido","pista","automovel","moto","onibus","caminhao","bicicleta","moto_taxi","onibus_fretado","onibus_urbano","microonibus","van","vuc","caminhonete","carreta","jipe","outros","sem_informacao","carroca","princ_a","paiA","princ_b","paiB","cod_distrito","distrito","vit_ferida","vit_morta","local","lat","lon"
"11403","D061300218",11989,"LORENA, AL",16919,"REBOUCAS, AV",0,"","15/06/2013 17:05",2,"CO",78,5263," "," ",1,1,0,0,0,0,0,0,0,0,0,0,0,0,0,0,0,11989,"LORENA, AL",16919,"REBOUCAS, AV",44,"JARDIM PAULISTA",1,0,"LORENA, AL SAO PAULO SP &  REBOUCAS, AV SAO PAULO SP",-23.5692166,-46.6600477
"11404","D061301550",60019,"RUBENS MONTANARO DE BORBA, AV",NA,"",241,"","15/06/2013 18:00",2,"CO",48,4708," "," ",1,1,0,0,0,0,0,0,0,0,0,0,0,0,0,0,0,60019,"RUBENS MONTANARO DE BORBA, AV",NA,"",32,"IGUATEMI",1,0,"RUBENS MONTANARO DE BORBA, AV 241 SAO PAULO SP",-23.7092138,-46.6938389
"11405","D061301527",9529,"ITAPECERICA, ES DE",14305,"LUIS DE OLIVEIRA, RUA",0,"","15/06/2013 18:00",2,"CO",47,7455," "," ",1,1,0,0,0,0,0,0,0,0,0,0,0,0,0,0,0,9529,"ITAPECERICA, ES DE",14305,"LUIS DE OLIVEIRA, RUA",19,"CAPAO REDONDO",2,0,"ITAPECERICA, ES DE SAO PAULO SP &  LUIS DE OLIVEIRA, RUA SAO PAULO SP",-23.5505199,-46.6333094
"11406","D061300747",12502,"MAGALHAES DE CASTRO, AV",NA,"",1230,"","15/06/2013 18:20",2,"CT",51,6157," "," ",1,0,0,1,0,0,0,0,0,0,0,1,0,0,0,0,0,13014,"MARGINAL DO RIO PINHEIROS, AV",NA,"",12,"BUTANTA",1,0,"MAGALHAES DE CASTRO, AV 1230 SAO PAULO SP",-23.5675451,-46.7046044
"11408","D061301853",43823,"TERRA BRASILEIRA, RUA",NA,"",30,"","15/06/2013 18:30",4,"AT",64,4327," "," ",1,0,0,0,0,0,0,0,0,0,0,0,0,0,0,0,0,43823,"TERRA BRASILEIRA, RUA",NA,"",51,"MANDAQUI",1,0,"TERRA BRASILEIRA, RUA 30 SAO PAULO SP",-23.5235704,-46.4733838
"11409","D061301063",19337,"ULTRAMARINO, AV",NA,"",1045,"","15/06/2013 19:15",2,"CO",38,5540," "," ",4,0,0,0,0,0,0,0,0,0,0,0,0,0,0,0,0,19337,"ULTRAMARINO, AV",NA,"",8,"BELEM",1,0,"ULTRAMARINO, AV 1045 SAO PAULO SP",-23.470707,-46.6442263
"11411","D061301526",83,"FEITICO DA VILA, RUA",NA,"",1015,"","15/06/2013 20:00",2,"CF",47,7451," "," ",0,1,0,0,0,0,0,0,0,0,0,1,0,0,0,0,0,83,"FEITICO DA VILA, RUA",NA,"",19,"CAPAO REDONDO",1,0,"FEITICO DA VILA, RUA 1015 SAO PAULO SP",-23.6859163,-46.8000702
"11412","D061302095",36284,"PETRONIO PORTELA, AV MIN",NA,"",1073,"","15/06/2013 20:01",2,"CV",28,6710,"C"," ",0,2,0,0,0,0,0,0,0,0,0,0,0,0,0,0,0,36284,"PETRONIO PORTELA, AV MIN",NA,"",4,"ARICANDUVA",0,2,"PETRONIO PORTELA, AV MIN 1073 SAO PAULO SP",-23.4902107,-46.6990906
"11413","D061300986",351,"AGUA FRIA, AV",NA,"",135,"","15/06/2013 20:38",2,"CO",20,5644,"C"," ",1,1,0,0,0,0,0,0,0,0,0,0,0,0,0,0,0,351,"AGUA FRIA, AV",NA,"",71,"SANTANA",1,0,"AGUA FRIA, AV 135 SAO PAULO SP",-23.4786707,-46.6216215
"11414","D061300902",13932,"MIGUEL MENTEM, RUA",NA,"",51,"","15/06/2013 20:46",2,"CO",9,5648," "," ",1,1,0,0,0,0,0,0,0,0,0,0,0,0,0,0,0,13932,"MIGUEL MENTEM, RUA",NA,"",88,"VILA GUILHERME",1,0,"MIGUEL MENTEM, RUA 51 SAO PAULO SP",-23.5177712,-46.6144843
"11415","D061301093",8320,"GUAPIRA, AV",16189,"FILADELFO GOUVEIA NETO, RUA",0,"","15/06/2013 21:00",2,"CO",39,6487," "," ",1,1,0,0,0,0,0,0,0,0,0,0,0,0,0,0,0,8320,"GUAPIRA, AV",16189,"FILADELFO GOUVEIA NETO, RUA",84,"TUCURUVI",1,0,"GUAPIRA, AV SAO PAULO SP &  FILADELFO GOUVEIA NETO, RUA SAO PAULO SP",-23.4688173,-46.5845853
"11416","D061301715",19615,"MAURO PAES DE ALMEIDA, RUA DR",12925,"MARCILIO DIAS, RUA",0,"","15/06/2013 21:30",2,"CT",102,6951," "," ",2,0,0,0,0,0,0,0,0,0,0,0,0,0,0,0,0,12925,"MARCILIO DIAS, RUA",19615,"MAURO PAES DE ALMEIDA, RUA DR",81,"SOCORRO",1,0,"MAURO PAES DE ALMEIDA, RUA DR SAO PAULO SP &  MARCILIO DIAS, RUA SAO PAULO SP",-23.6724328,-46.7137545
"11417","D061300814",7180,"FLAVIO AMERICO MAURANO, RUA DR",NA,"",155,"","15/06/2013 21:30",2,"CO",89,5403," "," ",2,0,0,0,0,0,0,0,0,0,0,0,0,0,0,0,0,7180,"FLAVIO AMERICO MAURANO, RUA DR",NA,"",55,"MORUMBI",2,0,"FLAVIO AMERICO MAURANO, RUA DR 155 SAO PAULO SP",-23.6139135,-46.7152222
"11418","D061301491",52333,"MARCILAC A EVANG DE SOUZA, ES ENG",NA,"",3500,"","15/06/2013 21:43",2,"CL",25,4711," "," ",0,1,0,0,0,0,0,0,0,0,0,0,0,0,0,1,0,52333,"MARCILAC A EVANG DE SOUZA, ES ENG",NA,"",52,"MARSILAC",1,0,"MARCILAC A EVANG DE SOUZA, ES ENG 3500 SAO PAULO SP",-23.5505199,-46.6333094
"11419","D061301844",13510,"MARIO PATI, RUA",NA,"",473,"","15/06/2013 22:00",2,"CH",63,5085," "," ",1,1,0,0,0,0,0,0,0,0,0,0,0,0,0,0,0,13510,"MARIO PATI, RUA",NA,"",89,"VILA JACUI",1,0,"MARIO PATI, RUA 473 SAO PAULO SP",-23.5113422,-46.4705808
"11420","D061301841",8691,"HENRIQUE FRANCO, AV",3141,"BENEDITO CARLOS BRUNINI, RUA",0,"","15/06/2013 22:19",2,"CO",63,5032," "," ",2,0,0,0,0,0,0,0,0,0,0,0,0,0,0,0,0,3141,"BENEDITO CARLOS BRUNINI, RUA",8691,"HENRIQUE FRANCO, AV",NA,"",1,0,"HENRIQUE FRANCO, AV SAO PAULO SP &  BENEDITO CARLOS BRUNINI, RUA SAO PAULO SP",-23.5109005,-46.4673288
"11421","D061302096",7061,"FERNAO DIAS, VIA",NA,"",84500,"","15/06/2013 22:40",4,"AT",73,6471," "," ",1,0,0,0,0,0,0,0,0,0,0,0,0,0,0,0,0,7061,"FERNAO DIAS, VIA",NA,"",38,"JACANA",0,1,"FERNAO DIAS, VIA 84500 SAO PAULO SP",-23.4609146,-46.5715728
"11422","D061300396",1247,"ANCHIETA, VIA",NA,"",11500,"","15/06/2013 22:50",2,"SI",95,5397," "," ",0,1,0,0,0,0,0,0,0,0,0,0,0,0,0,0,0,1247,"ANCHIETA, VIA",NA,"",33,"IPIRANGA",1,0,"ANCHIETA, VIA 11500 SAO PAULO SP",-23.6433577,-46.5860313
"11423","D061301244",8437,"QUATINGUABA, RUA",NA,"",205,"","15/06/2013 23:16",2,"SI",10,6819," "," ",5,0,0,0,0,0,0,0,0,0,0,0,0,0,0,0,0,8437,"QUATINGUABA, RUA",NA,"",60,"PENHA",4,0,"QUATINGUABA, RUA 205 SAO PAULO SP",-23.5148121,-46.5238225
"11424","D061302122",18615,"TAMAINDE, RUA",NA,"",145,"","15/06/2013 23:23",2,"CF",31,3707," "," ",2,0,0,0,0,0,0,0,0,0,0,0,0,0,0,0,0,18615,"TAMAINDE, RUA",NA,"",27,"CURSINO",1,1,"TAMAINDE, RUA 145 SAO PAULO SP",-23.5416004,-46.5402499
"11425","D061300777",35310,"LUCIDIO MARCONDES SOUZA, RUA",NA,"",288,"","15/06/2013 23:31",4,"AT",75,5409," "," ",1,0,0,0,0,0,0,0,0,0,0,0,0,0,0,0,0,35310,"LUCIDIO MARCONDES SOUZA, RUA",NA,"",13,"CACHOEIRINHA",1,0,"LUCIDIO MARCONDES SOUZA, RUA 288 SAO PAULO SP",-23.5995458,-46.7911509
"11426","D061301112",3813,"CAETANO ALVARES, AV ENG",NA,"",1200,"","15/06/2013 23:39",2,"CO",40,6717," "," ",1,1,0,0,0,0,0,0,0,0,0,0,0,0,0,0,0,3813,"CAETANO ALVARES, AV ENG",NA,"",21,"CASA VERDE",2,0,"CAETANO ALVARES, AV ENG 1200 SAO PAULO SP",-23.5038129,-46.6675435
"11427","D061301145",16051,"PENHA BRASIL, AV GAL",NA,"",1500,"","15/06/2013 23:48",2,"CO",72,5551," "," ",0,1,0,0,0,0,0,0,0,0,0,1,0,0,0,0,0,16051,"PENHA BRASIL, AV GAL",NA,"",48,"LAPA",1,0,"PENHA BRASIL, AV GAL 1500 SAO PAULO SP",-23.4602981,-46.6715237
"11428","D061301530",9529,"ITAPECERICA, ES DE",NA,"",7950,"","16/06/2013 00:03",2,"CO",47,7477," "," ",2,0,0,0,0,0,0,0,0,0,0,0,0,0,0,0,0,9529,"ITAPECERICA, ES DE",NA,"",29,"FREGUESIA DO O",2,0,"ITAPECERICA, ES DE 7950 SAO PAULO SP",-23.5505199,-46.6333094
"11429","D061301202",27600,"HUGO ITALO MERIGO, AV",NA,"",546,"","16/06/2013 00:10",4,"AT",74,5568," "," ",0,0,1,0,0,0,0,0,0,0,0,0,0,0,0,0,0,27600,"HUGO ITALO MERIGO, AV",NA,"",40,"JAGUARE",1,0,"HUGO ITALO MERIGO, AV 546 SAO PAULO SP",-23.4509535,-46.698452
"11430","D061301926",40249,"MOREIRA NETO, RUA",NA,"",35,"","16/06/2013 00:19",4,"AT",44,4322," "," ",0,0,0,0,0,0,0,0,0,0,0,0,0,0,0,1,0,40249,"MOREIRA NETO, RUA",NA,"",31,"GUAIANASES",1,0,"MOREIRA NETO, RUA 35 SAO PAULO SP",-23.5587943,-46.3965396
"11431","D061300241",17991,"SENA MADUREIRA, RUA",3535,"BOTUCATU, RUA",0,"","16/06/2013 00:30",2,"CT",16,8221," "," ",2,0,0,0,0,0,0,0,0,0,0,0,0,0,0,0,0,3535,"BOTUCATU, RUA",17991,"SENA MADUREIRA, RUA",92,"VILA MARIANA",1,0,"SENA MADUREIRA, RUA SAO PAULO SP &  BOTUCATU, RUA SAO PAULO SP",-23.5934879,-46.6405606
"11432","D061301672",12403,"M'BOI MIRIM, ES",NA,"",10575,"","16/06/2013 00:49",4,"AT",100,7462," "," ",1,0,0,0,0,0,0,0,0,0,0,0,0,0,0,0,0,12403,"M'BOI MIRIM, ES",NA,"",42,"JARDIM ANGELA",1,0,"M'BOI MIRIM, ES 10575 SAO PAULO SP",-23.5505199,-46.6333094
"11433","D061301514",5606,"CUPECE, AV",17157,"RIO GRANDE DO SUL, RUA",0,"","16/06/2013 01:02",2,"CO",43,6392," "," ",1,0,1,0,0,0,0,0,0,0,0,0,0,0,0,0,0,5606,"CUPECE, AV",17157,"RIO GRANDE DO SUL, RUA",22,"CIDADE ADEMAR",1,0,"CUPECE, AV SAO PAULO SP &  RIO GRANDE DO SUL, RUA SAO PAULO SP",-23.6626179,-46.6622987
"11434","D061301864",46936,"JACU-PESSEGO/NOVA TRABALHADORE, AV",NA,"",5000,"","16/06/2013 01:15",2,"CH",64,6558," "," ",1,0,0,0,0,0,0,0,0,0,0,0,0,0,0,0,0,46936,"JACU-PESSEGO/NOVA TRABALHADORE, AV",NA,"",46,"JOSE BONIFACIO",1,0,"JACU-PESSEGO/NOVA TRABALHADORE, AV 5000 SAO PAULO SP",-23.5792929,-46.4427658
"11435","D061301861",3432,"BOIPEVA, RUA",NA,"",207,"","16/06/2013 01:19",2,"CH",64,5038," "," ",1,0,0,0,0,0,0,0,0,0,0,0,0,0,0,0,0,3432,"BOIPEVA, RUA",NA,"",5,"ARTUR ALVIM",1,0,"BOIPEVA, RUA 207 SAO PAULO SP",-23.541106,-46.4821519
"11436","D061301946",9044,"RAGUEB CHOHFI, AV",NA,"",4000,"","16/06/2013 01:29",2,"CH",49,8410," "," ",1,0,0,0,0,0,0,0,0,0,0,0,0,0,0,0,0,9044,"RAGUEB CHOHFI, AV",NA,"",32,"IGUATEMI",1,0,"RAGUEB CHOHFI, AV 4000 SAO PAULO SP",-23.5946228,-46.4474325
"11437","D061301031",3771,"INAJAR DE SOUZA, AV",14736,"O, AV NSRA DO",0,"","16/06/2013 01:40",2,"CO",28,6716,"B"," ",2,0,0,0,0,0,0,0,0,0,0,0,0,0,0,0,0,3771,"INAJAR DE SOUZA, AV",14736,"O, AV NSRA DO",50,"LIMAO",3,0,"INAJAR DE SOUZA, AV SAO PAULO SP &  O, AV NSRA DO SAO PAULO SP",-23.461436,-46.6729346
"11438","D061300776",16878,"RAPOSO TAVARES, VIA",NA,"",17500,"","16/06/2013 02:35",4,"AT",75,5406," "," ",1,0,0,0,0,0,0,0,0,0,0,0,0,0,0,0,0,16878,"RAPOSO TAVARES, VIA",NA,"",13,"CACHOEIRINHA",1,0,"RAPOSO TAVARES, VIA 17500 SAO PAULO SP",-23.5165942,-48.5023661
"11439","D061300586",14129,"MONICA, AV STA",NA,"",326,"","16/06/2013 02:45",2,"CH",33,5714," "," ",0,1,0,0,0,0,0,0,0,0,0,0,0,0,0,0,0,14129,"MONICA, AV STA",NA,"",73,"SAO DOMINGOS",1,0,"MONICA, AV STA 326 SAO PAULO SP",-23.4807591,-46.7475531
"11440","D061301947",18826,"BENTO GUELFI, AV",NA,"",1879,"","16/06/2013 03:00",2,"CF",49,8413," "," ",1,1,0,0,0,0,0,0,0,0,0,0,0,0,0,0,0,18826,"BENTO GUELFI, AV",NA,"",55,"MORUMBI",1,0,"BENTO GUELFI, AV 1879 SAO PAULO SP",-23.6110537,-46.4255577
"11441","D061300968",14270,"MORVAN DIAS DE FIGUEIREDO, AV",NA,"",185,"","16/06/2013 03:00",2,"CT",19,5671," "," ",2,0,0,0,0,0,0,0,0,0,0,0,0,0,0,0,0,29772,"MARGINAL DO RIO TIETE, AV",NA,"",0,"NULL",5,0,"MORVAN DIAS DE FIGUEIREDO, AV 185 SAO PAULO SP",-23.5185087,-46.622728
"11442","D061300496",16919,"REBOUCAS, AV",NA,"",353,"","16/06/2013 03:15",2,"CH",14,6164," "," ",1,0,0,0,0,0,0,0,0,0,0,0,0,0,0,0,0,16919,"REBOUCAS, AV",NA,"",44,"JARDIM PAULISTA",1,0,"REBOUCAS, AV 353 SAO PAULO SP",-23.5572679,-46.6660006
"11443","D061300497",16919,"REBOUCAS, AV",NA,"",353,"","16/06/2013 03:15",2,"QM",14,6166," "," ",0,1,0,0,0,0,0,0,0,0,0,0,0,0,0,0,0,16919,"REBOUCAS, AV",NA,"",44,"JARDIM PAULISTA",1,0,"REBOUCAS, AV 353 SAO PAULO SP",-23.5572679,-46.6660006
"11444","D061300242",9159,"INDIANOPOLIS, AV",NA,"",1700,"","16/06/2013 03:20",2,"CH",16,8228," "," ",3,0,0,0,0,0,0,0,0,0,0,0,0,0,0,0,0,9159,"INDIANOPOLIS, AV",NA,"",79,"SAUDE",1,0,"INDIANOPOLIS, AV 1700 SAO PAULO SP",-23.6131941,-46.6505301
"11445","D061301378",24338,"LUIZ IGNACIO ANHAIA MELLO, AV PROF",NA,"",1800,"","16/06/2013 03:30",2,"CL",56,4046," "," ",0,1,0,0,0,0,0,0,0,0,0,1,0,0,0,0,0,24338,"LUIZ IGNACIO ANHAIA MELLO, AV PROF",NA,"",26,"CONSOLACAO",1,0,"LUIZ IGNACIO ANHAIA MELLO, AV PROF 1800 SAO PAULO SP",-23.5861795,-46.5896759
"11446","D061302121",17824,"SAPOPEMBA, AV",NA,"",14000,"","16/06/2013 04:00",2,"CH",49,8405,"C"," ",1,0,0,0,0,0,0,0,0,0,0,0,0,0,0,0,0,17824,"SAPOPEMBA, AV",NA,"",33,"IPIRANGA",1,1,"SAPOPEMBA, AV 14000 SAO PAULO SP",-23.6122846,-46.4733595
"11447","D061300867",17162,"RIO PEQUENO, AV DO",NA,"",1070,"","16/06/2013 04:29",4,"AT",93,4469," "," ",0,1,0,0,0,0,0,0,0,0,0,0,0,0,0,0,0,17162,"RIO PEQUENO, AV DO",NA,"",13,"CACHOEIRINHA",2,0,"RIO PEQUENO, AV DO 1070 SAO PAULO SP",-23.567504,-46.7553544
"11448","D061301529",9529,"ITAPECERICA, ES DE",NA,"",4595,"","16/06/2013 05:00",4,"AT",47,7473," "," ",1,0,0,0,0,0,0,0,0,0,0,0,0,0,0,0,0,9529,"ITAPECERICA, ES DE",NA,"",29,"FREGUESIA DO O",1,0,"ITAPECERICA, ES DE 4595 SAO PAULO SP",-23.5505199,-46.6333094
"11449","D061301528",29896,"PIRAJUSSARA-VALO VELHO, ES",NA,"",500,"","16/06/2013 05:00",2,"CF",47,7467," "," ",0,2,0,0,0,0,0,0,0,0,0,0,0,0,0,0,0,29896,"PIRAJUSSARA-VALO VELHO, ES",NA,"",29,"FREGUESIA DO O",2,0,"PIRAJUSSARA-VALO VELHO, ES 500 SAO PAULO SP",-23.5505199,-46.6333094
"11450","D061300458",16299,"PIO XI, RUA",NA,"",808,"","16/06/2013 06:15",2,"CH",7,4461," "," ",1,0,0,0,0,0,0,0,0,0,0,0,0,0,0,0,0,16299,"PIO XI, RUA",NA,"",0,"NULL",1,0,"PIO XI, RUA 808 SAO PAULO SP",-23.530867,-46.7120227
"11451","D061300277",2223,"ARLINDO VIEIRA, AV PDE",NA,"",193,"","16/06/2013 06:20",2,"CO",26,5405,"C"," ",1,1,0,0,0,0,0,0,0,0,0,0,0,0,0,0,0,2223,"ARLINDO VIEIRA, AV PDE",NA,"",21,"CASA VERDE",1,0,"ARLINDO VIEIRA, AV PDE 193 SAO PAULO SP",-23.5505199,-46.6333094
"11452","D061301716",12751,"OLIVIA GUEDES PENTEADO, RUA",14745,"SOCORRO, RUA NSRA DO",0,"","16/06/2013 06:24",2,"CH",102,6952,"B"," ",1,0,0,0,0,0,0,0,0,0,0,0,0,0,0,0,0,12751,"OLIVIA GUEDES PENTEADO, RUA",14745,"SOCORRO, RUA NSRA DO",NA,"",1,0,"OLIVIA GUEDES PENTEADO, RUA SAO PAULO SP &  SOCORRO, RUA NSRA DO SAO PAULO SP",-23.6747433,-46.708685
"11453","D061301822",14094,"MOGI DAS CRUZES, ES DE",NA,"",1999,"","16/06/2013 06:25",2,"CT",62,6545," "," ",1,0,0,0,0,0,0,1,0,0,0,0,0,0,0,0,0,14094,"MOGI DAS CRUZES, ES DE",NA,"",65,"PONTE RASA",1,0,"MOGI DAS CRUZES, ES DE 1999 SAO PAULO SP",-23.5505199,-46.6333094
"11455","D061301064",9170,"INES, AV STA",NA,"",1700,"","16/06/2013 07:10",2,"CO",38,5576," "," ",2,0,0,0,0,0,0,0,0,0,0,0,0,0,0,0,0,9170,"INES, AV STA",NA,"",51,"MANDAQUI",1,0,"INES, AV STA 1700 SAO PAULO SP",-23.456645,-46.6490756
"11457","D061300299",19100,"BANDEIRANTES, AV DOS",NA,"",2557,"","16/06/2013 07:17",2,"CH",27,6318," "," ",1,0,0,0,0,0,0,0,0,0,0,0,0,0,0,0,0,19100,"BANDEIRANTES, AV DOS",NA,"",24,"CIDADE LIDER",3,0,"BANDEIRANTES, AV DOS 2557 SAO PAULO SP",-23.6112148,-46.6739799
"11458","D061302034",9580,"ITAQUERA, AV",2181,"ARICANDUVA, AV",0,"","16/06/2013 07:25",2,"CH",66,4321," "," ",1,0,0,0,0,0,0,0,0,0,0,0,0,0,0,0,0,2181,"ARICANDUVA, AV",9580,"ITAQUERA, AV",20,"CARRAO",4,0,"ITAQUERA, AV SAO PAULO SP &  ARICANDUVA, AV SAO PAULO SP",-23.5540176,-46.4897549
"11459","D061301756",98982,"CALIM EID, RUA",NA,"",1193,"","16/06/2013 07:32",2,"CO",24,6511," "," ",2,0,0,0,0,0,0,0,0,0,0,0,0,0,0,0,0,98982,"CALIM EID, RUA",NA,"",55,"MORUMBI",3,0,"CALIM EID, RUA 1193 SAO PAULO SP",-23.5201493,-46.5009473
"11460","D061301032",5947,"EDGAR FACO, AV GAL",15626,"PAULA FERREIRA, AV",0,"","16/06/2013 07:40",2,"CO",28,6723," "," ",1,1,0,0,0,0,0,0,0,0,0,0,0,0,0,0,0,5947,"EDGAR FACO, AV GAL",15626,"PAULA FERREIRA, AV",64,"PIRITUBA",2,0,"EDGAR FACO, AV GAL SAO PAULO SP &  PAULA FERREIRA, AV SAO PAULO SP",-23.4986333,-46.7070233
"11461","D061301379",19708,"VILA EMA, AV",NA,"",2475,"","16/06/2013 07:48",2,"CO",56,4048," "," ",1,0,0,0,0,0,0,1,0,0,0,0,0,0,0,0,0,19708,"VILA EMA, AV",NA,"",26,"CONSOLACAO",1,0,"VILA EMA, AV 2475 SAO PAULO SP",-23.5818051,-46.552943
"11463","D061300561",10578,"JOAQUIM MANUEL DE MACEDO, RUA",NA,"",62,"","16/06/2013 09:30",4,"AT",23,4472," "," ",1,0,0,0,0,0,0,0,0,0,0,0,0,0,0,0,0,10578,"JOAQUIM MANUEL DE MACEDO, RUA",NA,"",6,"BARRA FUNDA",1,0,"JOAQUIM MANUEL DE MACEDO, RUA 62 SAO PAULO SP",-23.5251298,-46.6639938
"11465","D061300300",19931,"WASHINGTON LUIS, AV",NA,"",4265,"","16/06/2013 12:45",2,"CO",27,6402," "," ",2,0,0,0,0,0,0,1,0,0,0,0,0,0,0,0,0,19931,"WASHINGTON LUIS, AV",NA,"",30,"GRAJAU",3,0,"WASHINGTON LUIS, AV 4265 SAO PAULO SP",-23.6419044,-46.6732048
"11466","D061300397",11562,"LAGRIMAS, ES DAS",NA,"",2722,"","16/06/2013 13:00",2,"CO",95,5422,"C"," ",1,1,0,0,0,0,0,0,0,0,0,0,0,0,0,0,0,11562,"LAGRIMAS, ES DAS",NA,"",69,"SACOMA",1,0,"LAGRIMAS, ES DAS 2722 SAO PAULO SP",-23.5505199,-46.6333094
"11468","D061301457",551,"ALCEU MAYNARD ARAUJO, AV PROF",9573,"LUIZ SERAPHICO JUNIOR, RUA",0,"","16/06/2013 14:20",2,"CH",11,6973," "," ",1,0,0,0,0,0,0,0,0,0,0,0,0,0,0,0,0,551,"ALCEU MAYNARD ARAUJO, AV PROF",9573,"LUIZ SERAPHICO JUNIOR, RUA",72,"SANTO AMARO",4,0,"ALCEU MAYNARD ARAUJO, AV PROF SAO PAULO SP &  LUIZ SERAPHICO JUNIOR, RUA SAO PAULO SP",-23.635855,-46.7161835
"11469","D061300587",33234,"MARGINAL DIREITA DO TIETE, AV",NA,"",1,"","16/06/2013 16:30",2,"CO",33,5744," "," ",4,0,0,1,0,0,0,0,0,0,0,0,0,0,0,0,0,29772,"MARGINAL DO RIO TIETE, AV",NA,"",39,"JAGUARA",4,0,"MARGINAL DIREITA DO TIETE, AV 1 SAO PAULO SP",-23.5201776,-46.7477714
"11470","D061302017",69932,"FRANCISCO AGUIAR DE BARROS, RUA",69899,"JOSE BENTO DE MELO, RUA",0,"","16/06/2013 17:30",2,"CO",55,8435," "," ",1,0,1,0,0,0,0,0,0,0,0,0,0,0,0,0,0,69899,"JOSE BENTO DE MELO, RUA",69932,"FRANCISCO AGUIAR DE BARROS, RUA",77,"SAO RAFAEL",1,0,"FRANCISCO AGUIAR DE BARROS, RUA SAO PAULO SP &  JOSE BENTO DE MELO, RUA SAO PAULO SP",-23.6328522,-46.4687779
"11471","D061301203",46566,"NELSON PALMA TRAVASSOS, AV",NA,"",651,"","16/06/2013 18:00",2,"CO",74,5595," "," ",1,0,0,0,0,0,0,0,0,0,0,1,0,0,0,0,0,46566,"NELSON PALMA TRAVASSOS, AV",NA,"",41,"JARAGUA",5,0,"NELSON PALMA TRAVASSOS, AV 651 SAO PAULO SP",-23.4387495,-46.7214554
"11472","D061300969",11230,"JOSE WASTH RODRIGUES, RUA",5626,"CURUCA, RUA",0,"","16/06/2013 18:00",2,"CO",19,5689," "," ",0,1,0,0,0,0,0,0,0,0,0,1,0,0,0,0,0,5626,"CURUCA, RUA",11230,"JOSE WASTH RODRIGUES, RUA",91,"VILA MARIA",1,0,"JOSE WASTH RODRIGUES, RUA SAO PAULO SP &  CURUCA, RUA SAO PAULO SP",-23.5107915,-46.593616
"11473","D061301843",13881,"MIGUEL, AV S",NA,"",7645,"","16/06/2013 18:35",2,"SI",63,5074," "," ",0,2,0,0,0,0,0,0,0,0,0,0,0,0,0,0,0,13881,"MIGUEL, AV S",NA,"",65,"PONTE RASA",2,0,"MIGUEL, AV S 7645 SAO PAULO SP",-23.4979236,-46.4631175
"11474","D061301537",6334,"ELLIS MAAS, AV",NA,"",1000,"","16/06/2013 19:20",2,"CT",47,7705," "," ",1,1,0,0,0,0,0,0,0,0,0,0,0,0,0,0,0,6334,"ELLIS MAAS, AV",NA,"",19,"CAPAO REDONDO",1,0,"ELLIS MAAS, AV 1000 SAO PAULO SP",-23.6669321,-46.7740162
"11475","D061301927",21711,"SATURNINO PEREIRA, RUA",NA,"",1000,"","16/06/2013 19:26",2,"CO",44,4340," "," ",1,1,0,0,0,0,0,0,0,0,0,0,0,0,0,0,0,21711,"SATURNINO PEREIRA, RUA",NA,"",50,"LIMAO",1,0,"SATURNINO PEREIRA, RUA 1000 SAO PAULO SP",-23.6064572,-46.4055067
"11476","D061300783",6980,"FELIPE PINEL, AV DR",NA,"",60,"","16/06/2013 19:30",2,"QD",87,2530," "," ",0,0,1,0,0,0,0,0,0,0,0,0,0,0,0,0,0,6980,"FELIPE PINEL, AV DR",NA,"",64,"PIRITUBA",1,0,"FELIPE PINEL, AV DR 60 SAO PAULO SP",-23.4864429,-46.7278598
"11477","D061301912",98796,"JOAO CLIMACO LOBATO, RUA",NA,"",137,"","16/06/2013 19:54",4,"AT",41,6458," "," ",1,1,0,0,0,0,0,0,0,0,0,0,0,0,0,0,0,98796,"JOAO CLIMACO LOBATO, RUA",NA,"",78,"SAPOPEMBA",1,0,"JOAO CLIMACO LOBATO, RUA 137 SAO PAULO SP",-23.5943988,-46.5124009
"11478","D061300126",10148,"JOAO BATISTA, RUA S",NA,"",278,"","16/06/2013 20:00",4,"AT",6,4804," "," ",0,1,0,0,0,0,0,0,0,0,0,0,0,0,0,0,0,10148,"JOAO BATISTA, RUA S",NA,"",49,"LIBERDADE",1,0,"JOAO BATISTA, RUA S 278 SAO PAULO SP",-23.5632532,-46.6293982
"11479","D061300440",34145,"WILSON KAWANAMI, RUA",NA,"",42,"","16/06/2013 21:05",2,"CO",97,5438," "," ",1,1,0,0,0,0,0,0,0,0,0,0,0,0,0,0,0,34145,"WILSON KAWANAMI, RUA",NA,"",29,"FREGUESIA DO O",1,0,"WILSON KAWANAMI, RUA 42 SAO PAULO SP",-23.6661145,-46.6370576
"11480","D061301531",17772,"SANT'ANNA, AV COMEN",NA,"",2001,"","16/06/2013 21:18",2,"CT",47,7488," "," ",1,1,0,0,0,0,0,0,0,0,0,0,0,0,0,0,0,17772,"SANT'ANNA, AV COMEN",NA,"",29,"FREGUESIA DO O",1,0,"SANT'ANNA, AV COMEN 2001 SAO PAULO SP",-23.5186813,-46.6999583