"","id_acidente","codloga","logradouroA","codlogb","logradouroB","alt_num","referencia","data","cod_acid","tipo_acidente","dp","numero_BO","sentido","pista","automovel","moto","onibus","caminhao","bicicleta","moto_taxi","onibus_fretado","onibus_urbano","microonibus","van","vuc","caminhonete","carreta","jipe","outros","sem_informacao","carroca","princ_a","paiA","princ_b","paiB","cod_distrito","distrito","vit_ferida","vit_morta","local","lat","lon"
"11481","D061302069",22002,"FREDERICO M. DA COSTA CARVALHO, AV DR",NA,"",1512,"","16/06/2013 21:36",4,"AT",70,6460," "," ",0,1,0,0,0,0,0,0,0,0,0,0,0,0,0,0,0,22002,"FREDERICO M. DA COSTA CARVALHO, AV DR",NA,"",56,"PARELHEIROS",1,0,"FREDERICO M. DA COSTA CARVALHO, AV DR 1512 SAO PAULO SP",-23.6116131,-46.5208577
"11483","D061301619",15880,"PEDRO DE AVOS, AV",NA,"",486,"","16/06/2013 22:00",2,"CO",98,6435," "," ",1,1,0,0,0,0,0,0,0,0,0,0,0,0,0,0,0,15880,"PEDRO DE AVOS, AV",NA,"",0,"NULL",2,0,"PEDRO DE AVOS, AV 486 SAO PAULO SP",-23.6844013,-46.6408405
"11484","D061302062",4918,"JOSE ANTONIO FONTES, RUA",67794,"FRANCISCO CORREA DE OLIVEIRA, RUA",0,"","16/06/2013 22:00",2,"CL",70,2958," "," ",2,0,0,0,0,0,0,0,0,0,0,0,0,0,0,0,0,4918,"JOSE ANTONIO FONTES, RUA",67794,"FRANCISCO CORREA DE OLIVEIRA, RUA",74,"SAO LUCAS",1,0,"JOSE ANTONIO FONTES, RUA SAO PAULO SP &  FRANCISCO CORREA DE OLIVEIRA, RUA SAO PAULO SP",-23.60206,-46.5262036
"11485","D061301842",46936,"JACU-PESSEGO/NOVA TRABALHADORE, AV",13344,"MARIA SANTANA, AV",0,"","16/06/2013 22:00",2,"CF",63,5071," "," ",0,1,0,1,0,0,0,0,0,0,0,0,0,0,0,0,0,13344,"MARIA SANTANA, AV",46936,"JACU-PESSEGO/NOVA TRABALHADORE, AV",89,"VILA JACUI",2,0,"JACU-PESSEGO/NOVA TRABALHADORE, AV SAO PAULO SP &  MARIA SANTANA, AV SAO PAULO SP",-23.5754203,-46.4449094
"11486","D061301293",4809,"CESTARI, RUA ENG",8737,"HERMANN TELES RIBEIRO, RUA",0,"","16/06/2013 22:10",4,"AT",29,4074," "," ",0,0,0,0,0,0,0,0,0,0,0,0,0,0,0,1,0,4809,"CESTARI, RUA ENG",8737,"HERMANN TELES RIBEIRO, RUA",1,"AGUA RASA",1,0,"CESTARI, RUA ENG SAO PAULO SP &  HERMANN TELES RIBEIRO, RUA SAO PAULO SP",-23.564255,-46.5606656
"11487","D061300568",8615,"HEITOR PENTEADO, RUA",14514,"NESTOR VITOR, RUA",0,"","16/06/2013 23:09",2,"CO",23,6190," "," ",1,1,0,0,0,0,0,0,0,0,0,0,0,0,0,0,0,5521,"CRISTOVAO DE BURGOS, RUA",8615,"HEITOR PENTEADO, RUA",63,"PINHEIROS",1,0,"HEITOR PENTEADO, RUA SAO PAULO SP &  NESTOR VITOR, RUA SAO PAULO SP",-23.5467881,-46.6887969
"11488","D061301858",6613,"ESPERANTINA, AV",NA,"",700,"","16/06/2013 23:45",2,"SI",64,4907," "," ",0,0,0,0,0,0,0,0,0,0,0,0,0,0,0,1,0,6613,"ESPERANTINA, AV",NA,"",5,"ARTUR ALVIM",1,0,"ESPERANTINA, AV 700 SAO PAULO SP",-23.5335376,-46.4803295
"11489","D061300194",10101,"JOAO, AV S",8023,"GLETE, AL",0,"","16/06/2013 23:50",2,"SI",77,3686," "," ",1,1,0,0,0,0,0,0,0,0,0,0,0,0,0,0,0,8023,"GLETE, AL",10101,"JOAO, AV S",70,"SANTA CECILIA",1,0,"JOAO, AV S SAO PAULO SP &  GLETE, AL SAO PAULO SP",-23.54057,-46.6434402
"11490","D061300264",12057,"LUCAS OBES, RUA DOM",11379,"JUNTAS PROVISORIAS, AV",0,"","17/06/2013 01:30",2,"CO",17,8275," "," ",2,0,0,0,0,0,0,0,0,0,0,0,0,0,0,0,0,11379,"JUNTAS PROVISORIAS, AV",12057,"LUCAS OBES, RUA DOM",33,"IPIRANGA",1,0,"LUCAS OBES, RUA DOM SAO PAULO SP &  JUNTAS PROVISORIAS, AV SAO PAULO SP",-23.5890296,-46.6009121
"11491","D061302150",66,"ABRAAO DE MORAIS, AV PROF",NA,"",2686,"","17/06/2013 02:15",4,"AT",16,8274,"R"," ",1,0,0,0,0,0,0,0,0,0,0,0,0,0,0,0,0,66,"ABRAAO DE MORAIS, AV PROF",NA,"",79,"SAUDE",0,1,"ABRAAO DE MORAIS, AV PROF 2686 SAO PAULO SP",-23.6071239,-46.6273034
"11493","D061300301",999,"SANTO AMARO, AV",3275,"BERNARDINO DE CAMPOS, RUA",0,"","17/06/2013 06:00",2,"CO",27,6415,"C"," ",0,0,0,0,0,0,0,0,0,0,0,2,0,0,0,0,0,999,"SANTO AMARO, AV",3275,"BERNARDINO DE CAMPOS, RUA",34,"ITAIM BIBI",2,0,"SANTO AMARO, AV SAO PAULO SP &  BERNARDINO DE CAMPOS, RUA SAO PAULO SP",-23.614288,-46.6791208
"11494","D061300521",999,"SANTO AMARO, AV",10517,"ANTONIO JOAQUIM DE MOURA ANDRA, AV",0,"","17/06/2013 06:09",4,"AT",15,2947," "," ",2,0,0,0,0,0,0,0,0,0,0,0,0,0,0,0,0,999,"SANTO AMARO, AV",12326,"JUSCELINO KUBITSCHEK, AV PRES",34,"ITAIM BIBI",1,0,"SANTO AMARO, AV SAO PAULO SP &  ANTONIO JOAQUIM DE MOURA ANDRA, AV SAO PAULO SP",-23.614288,-46.6791208
"11495","D061300161",7786,"GASOMETRO, RUA DO",NA,"",490,"","17/06/2013 06:10",4,"AT",12,3275," "," ",0,0,0,0,0,0,0,1,0,0,0,0,0,0,0,0,0,7786,"GASOMETRO, RUA DO",NA,"",10,"BRAS",1,0,"GASOMETRO, RUA DO 490 SAO PAULO SP",-23.5440158,-46.6213848
"11496","D061301408",43408,"ABEL FERREIRA, AV VER",1344,"ANGA, RUA",0,"","17/06/2013 06:16",4,"AT",58,1254,"C"," ",1,0,0,0,0,0,0,0,0,0,0,0,0,0,0,0,0,1344,"ANGA, RUA",43408,"ABEL FERREIRA, AV VER",NA,"",1,0,"ABEL FERREIRA, AV VER SAO PAULO SP &  ANGA, RUA SAO PAULO SP",-23.5650195,-46.5589073
"11497","D061301498",34128,"JOAO DE LUCA, AV VER",NA,"",984,"","17/06/2013 06:20",2,"CO",43,2296," "," ",1,1,0,0,0,0,0,0,0,0,0,0,0,0,0,0,0,34128,"JOAO DE LUCA, AV VER",NA,"",42,"JARDIM ANGELA",2,0,"JOAO DE LUCA, AV VER 984 SAO PAULO SP",-23.6523251,-46.6693807
"11499","D061300160",5567,"CRUZEIRO DO SUL, AV",NA,"",255,"","17/06/2013 06:50",4,"AT",12,3268," "," ",0,1,0,0,0,0,0,0,0,0,0,0,0,0,0,0,0,5567,"CRUZEIRO DO SUL, AV",NA,"",5,"ARTUR ALVIM",1,0,"CRUZEIRO DO SUL, AV 255 SAO PAULO SP",-23.5295481,-46.6257106
"11500","D061300588",1429,"ANHANGUERA, VIA",NA,"",11000,"","17/06/2013 06:50",2,"CO",33,5752," "," ",2,1,0,0,0,0,0,1,0,0,0,0,0,0,0,0,0,1429,"ANHANGUERA, VIA",NA,"",73,"SAO DOMINGOS",1,0,"ANHANGUERA, VIA 11000 SAO PAULO SP",-23.4306325,-46.7870708
"11501","D061300597",33234,"MARGINAL DIREITA DO TIETE, AV",NA,"",1,"","17/06/2013 07:00",2,"CO",33,6826," "," ",1,1,0,0,0,0,0,0,0,0,0,0,0,0,0,0,0,29772,"MARGINAL DO RIO TIETE, AV",NA,"",39,"JAGUARA",1,0,"MARGINAL DIREITA DO TIETE, AV 1 SAO PAULO SP",-23.5201776,-46.7477714
"11502","D061301499",5606,"CUPECE, AV",NA,"",4000,"","17/06/2013 07:10",4,"AT",43,2302," "," ",1,0,0,0,0,0,0,0,0,0,0,0,0,0,0,0,0,5606,"CUPECE, AV",NA,"",22,"CIDADE ADEMAR",1,0,"CUPECE, AV 4000 SAO PAULO SP",-23.6705902,-46.6474523
"11503","D061300253",18760,"TAYLOR, RUA COMTE",NA,"",600,"","17/06/2013 07:25",4,"AT",17,2757," "," ",0,1,0,0,0,0,0,0,0,0,0,0,0,0,0,0,0,18760,"TAYLOR, RUA COMTE",NA,"",18,"CANGAIBA",1,0,"TAYLOR, RUA COMTE 600 SAO PAULO SP",-23.5505199,-46.6333094
"11504","D061300733",16878,"RAPOSO TAVARES, VIA",NA,"",11000,"","17/06/2013 07:30",2,"SI",51,3586," "," ",1,1,0,0,0,0,0,0,0,0,0,0,0,0,0,0,0,16878,"RAPOSO TAVARES, VIA",NA,"",13,"CACHOEIRINHA",2,0,"RAPOSO TAVARES, VIA 11000 SAO PAULO SP",-23.5336934,-48.420661
"11505","D061300651",34682,"CAMPO LIMPO, ES DO",99949,"CARLOS CALDEIRA FILHO, AV",0,"","17/06/2013 07:30",2,"CO",37,4644," "," ",0,1,0,0,0,0,0,1,0,0,0,0,0,0,0,0,0,34682,"CAMPO LIMPO, ES DO",99949,"CARLOS CALDEIRA FILHO, AV",45,"JARDIM SAO LUIS",1,0,"CAMPO LIMPO, ES DO SAO PAULO SP &  CARLOS CALDEIRA FILHO, AV SAO PAULO SP",-23.2019463,-46.785846
"11506","D061301177",42220,"USHIKICHI KAMYIA, RUA",NA,"",21,"","17/06/2013 07:42",2,"CO",73,6506," "," ",1,1,0,0,0,0,0,0,0,0,0,0,0,0,0,0,0,42220,"USHIKICHI KAMYIA, RUA",NA,"",38,"JACANA",1,0,"USHIKICHI KAMYIA, RUA 21 SAO PAULO SP",-23.4383906,-46.567347
"11507","D061300023",18,"ABARA, RUA",NA,"",500,"","17/06/2013 07:50",4,"AT",1,4861," "," ",0,1,0,0,0,0,0,0,0,0,0,0,0,0,0,0,0,18,"ABARA, RUA",NA,"",10,"BRAS",1,0,"ABARA, RUA 500 SAO PAULO SP",-23.6264248,-46.6896651
"11508","D061300323",1962,"APRIGIO GONZAGA, RUA PROF",NA,"",75,"","17/06/2013 08:00",4,"AT",35,4843," "," ",1,0,0,0,0,0,0,0,0,0,0,0,0,0,0,0,0,1962,"APRIGIO GONZAGA, RUA PROF",NA,"",79,"SAUDE",1,0,"APRIGIO GONZAGA, RUA PROF 75 SAO PAULO SP",-23.6245479,-46.6333539
"11509","D061302061",21661,"EDGARD PINTO CESAR, RUA",NA,"",277,"","17/06/2013 08:00",2,"CO",70,2945," "," ",1,1,0,0,0,0,0,0,0,0,0,0,0,0,0,0,0,21661,"EDGARD PINTO CESAR, RUA",NA,"",56,"PARELHEIROS",1,0,"EDGARD PINTO CESAR, RUA 277 SAO PAULO SP",-23.6137534,-46.5066026
"11510","D061300087",2497,"AUGUSTA, RUA",NA,"",800,"","17/06/2013 08:11",2,"QM",4,5279,"B"," ",0,1,0,0,0,0,0,0,0,0,0,0,0,0,0,0,0,2497,"AUGUSTA, RUA",NA,"",26,"CONSOLACAO",1,0,"AUGUSTA, RUA 800 SAO PAULO SP",-23.5525016,-46.6535646
"11511","D061300758",16878,"RAPOSO TAVARES, VIA",NA,"",18600,"","17/06/2013 08:15",2,"CO",75,2055," "," ",4,0,0,0,0,0,0,0,0,0,0,0,0,0,0,0,0,16878,"RAPOSO TAVARES, VIA",NA,"",13,"CACHOEIRINHA",1,0,"RAPOSO TAVARES, VIA 18600 SAO PAULO SP",-23.5105865,-48.5106538
"11512","D061302060",66524,"LOURENCO FRANCO, RUA",NA,"",170,"","17/06/2013 08:30",2,"CO",70,2939," "," ",1,1,0,0,0,0,0,0,0,0,0,0,0,0,0,0,0,66524,"LOURENCO FRANCO, RUA",NA,"",56,"PARELHEIROS",1,0,"LOURENCO FRANCO, RUA 170 SAO PAULO SP",-23.6103759,-46.5252284
"11513","D061300049",17799,"SANTOS DUMONT, AV",NA,"",721,"","17/06/2013 08:40",2,"CO",2,3698," "," ",0,1,1,0,0,0,0,0,0,0,0,0,0,0,0,0,0,17799,"SANTOS DUMONT, AV",NA,"",15,"CAMPO BELO",2,0,"SANTOS DUMONT, AV 721 SAO PAULO SP",-23.51266,-46.6290366
"11514","D061301105",14736,"O, AV NSRA DO",64373,"ISABEL DE SIQUEIRA BARROS, RUA",0,"","17/06/2013 08:40",2,"SI",40,1958," "," ",1,1,0,0,0,0,0,0,0,0,0,0,0,0,0,0,0,14736,"O, AV NSRA DO",64373,"ISABEL DE SIQUEIRA BARROS, RUA",50,"LIMAO",1,0,"O, AV NSRA DO SAO PAULO SP &  ISABEL DE SIQUEIRA BARROS, RUA SAO PAULO SP",-23.5505199,-46.6333094
"11515","D061301686",3509,"BELMIRA MARIN, AV DONA",NA,"",2260,"","17/06/2013 08:40",2,"CO",101,4758," "," ",1,1,0,0,0,0,0,0,0,0,0,0,0,0,0,0,0,3509,"BELMIRA MARIN, AV DONA",NA,"",30,"GRAJAU",2,0,"BELMIRA MARIN, AV DONA 2260 SAO PAULO SP",-23.7488314,-46.6874631
"11516","D061301948",21181,"GALAXIA, RUA",NA,"",686,"","17/06/2013 08:49",2,"CH",49,8462," "," ",1,0,0,0,0,0,0,0,0,0,0,0,0,0,0,0,0,21181,"GALAXIA, RUA",NA,"",55,"MORUMBI",1,0,"GALAXIA, RUA 686 SAO PAULO SP",-23.6106532,-46.4581139
"11517","D061300387",19583,"VERGUEIRO, RUA",NA,"",7720,"","17/06/2013 08:50",2,"CL",95,2773," "," ",1,1,0,0,0,0,0,0,0,0,0,0,0,0,0,0,0,19583,"VERGUEIRO, RUA",NA,"",33,"IPIRANGA",1,0,"VERGUEIRO, RUA 7720 SAO PAULO SP",-23.6100452,-46.6086424
"11519","D061300278",14705,"SAUDE, RUA NSRA DA",NA,"",700,"","17/06/2013 10:00",2,"CO",26,5460," "," ",1,1,0,0,0,0,0,0,0,0,0,0,0,0,0,0,0,14705,"SAUDE, RUA NSRA DA",NA,"",69,"SACOMA",1,0,"SAUDE, RUA NSRA DA 700 SAO PAULO SP",-23.6219751,-46.6063175
"11520","D061301014",3771,"INAJAR DE SOUZA, AV",NA,"",267,"","17/06/2013 10:15",4,"AT",28,3188,"C"," ",0,1,0,0,0,0,0,0,0,0,0,0,0,0,0,0,0,3771,"INAJAR DE SOUZA, AV",NA,"",50,"LIMAO",1,0,"INAJAR DE SOUZA, AV 267 SAO PAULO SP",-23.5026269,-46.6877751
"11521","D061301078",9190,"INGLESA, RUA",NA,"",323,"","17/06/2013 11:10",2,"CO",39,2729," "," ",1,1,0,0,0,0,0,0,0,0,0,0,0,0,0,0,0,9190,"INGLESA, RUA",NA,"",84,"TUCURUVI",1,0,"INGLESA, RUA 323 SAO PAULO SP",-23.4852163,-46.6108312
"11522","D061300162",13303,"MARIA MARCOLINA, RUA",16870,"RANGEL PESTANA, AV",0,"","17/06/2013 11:10",2,"CO",12,3296," "," ",1,1,0,0,0,0,0,0,0,0,0,0,0,0,0,0,0,13303,"MARIA MARCOLINA, RUA",16870,"RANGEL PESTANA, AV",10,"BRAS",1,0,"MARIA MARCOLINA, RUA SAO PAULO SP &  RANGEL PESTANA, AV SAO PAULO SP",-23.5374522,-46.6162368
"11523","D061300302",19100,"BANDEIRANTES, AV DOS",NA,"",4050,"","17/06/2013 11:24",2,"CO",27,6431," "," ",2,1,0,0,0,0,0,0,0,0,0,0,0,0,0,0,0,19100,"BANDEIRANTES, AV DOS",NA,"",24,"CIDADE LIDER",1,0,"BANDEIRANTES, AV DOS 4050 SAO PAULO SP",-23.621175,-46.654801
"11524","D061301573",61578,"LUCIO DIAS RAMOS, RUA MAJ",NA,"",12,"","17/06/2013 11:30",4,"AT",85,2904," "," ",1,0,0,0,0,0,0,0,0,0,0,0,0,0,0,0,0,61578,"LUCIO DIAS RAMOS, RUA MAJ",NA,"",32,"IGUATEMI",1,0,"LUCIO DIAS RAMOS, RUA MAJ 12 SAO PAULO SP",-23.7641063,-46.6933741
"11526","D061301533",35560,"CIPOTUBA, RUA",NA,"",1200,"","17/06/2013 12:20",2,"CF",47,7529," "," ",1,1,0,0,0,0,0,0,0,0,0,0,0,0,0,0,0,35560,"CIPOTUBA, RUA",NA,"",29,"FREGUESIA DO O",1,0,"CIPOTUBA, RUA 1200 SAO PAULO SP",-23.6911944,-46.7765543
"11527","D061302026",2181,"ARICANDUVA, AV",NA,"",6049,"","17/06/2013 12:20",2,"CO",66,2572,"C"," ",2,0,0,0,0,0,0,0,0,0,0,0,0,0,0,0,0,2181,"ARICANDUVA, AV",NA,"",60,"PENHA",1,0,"ARICANDUVA, AV 6049 SAO PAULO SP",-23.5743429,-46.503236
"11528","D061301359",4736,"CELSO GARCIA, AV",NA,"",4300,"","17/06/2013 12:20",2,"CO",52,1848," "," ",1,1,0,0,0,0,0,0,0,0,0,0,0,0,0,0,0,4736,"CELSO GARCIA, AV",NA,"",82,"TATUAPE",1,0,"CELSO GARCIA, AV 4300 SAO PAULO SP",-23.53572,-46.5707263
"11530","D061301687",3509,"BELMIRA MARIN, AV DONA",NA,"",1981,"","17/06/2013 13:20",4,"AT",101,4769," "," ",0,0,1,0,0,0,0,0,0,0,0,0,0,0,0,0,0,3509,"BELMIRA MARIN, AV DONA",NA,"",30,"GRAJAU",1,0,"BELMIRA MARIN, AV DONA 1981 SAO PAULO SP",-23.7461565,-46.6884217
"11531","D061300115",3658,"BRIGIDA, RUA DONA",NA,"",694,"","17/06/2013 14:00",2,"CO",6,2871," "," ",1,1,0,0,0,0,0,0,0,0,0,0,0,0,0,0,0,3658,"BRIGIDA, RUA DONA",NA,"",92,"VILA MARIANA",1,0,"BRIGIDA, RUA DONA 694 SAO PAULO SP",-23.5872111,-46.6301196
"11532","D061300352",38721,"TULIO FONTOURA, PCA",10630,"PEDRO ALVARES CABRAL, AV",0,"","17/06/2013 14:00",2,"SI",36,2598," "," ",1,0,0,0,0,0,0,0,0,0,0,1,0,0,0,0,0,10630,"PEDRO ALVARES CABRAL, AV",13739,"MAURICIO CARDOSO, RUA MAL",53,"MOEMA",2,0,"TULIO FONTOURA, PCA SAO PAULO SP &  PEDRO ALVARES CABRAL, AV SAO PAULO SP",-23.5815428,-46.6577697
"11533","D061301016",3771,"INAJAR DE SOUZA, AV",29324,"DELFIM MOREIRA, RUA",0,"","17/06/2013 14:04",2,"CL",28,3199,"C"," ",1,1,0,0,0,0,0,0,0,0,0,0,0,0,0,0,0,3771,"INAJAR DE SOUZA, AV",29324,"DELFIM MOREIRA, RUA",50,"LIMAO",1,0,"INAJAR DE SOUZA, AV SAO PAULO SP &  DELFIM MOREIRA, RUA SAO PAULO SP",-23.461436,-46.6729346
"11534","D061301758",67533,"NOVO ORIENTE DO PIAUI, RUA",67548,"LAGOA DE DENTRO, RUA",0,"","17/06/2013 14:28",2,"CO",24,6610," "," ",0,1,0,1,0,0,0,0,0,0,0,0,0,0,0,0,0,67533,"NOVO ORIENTE DO PIAUI, RUA",67548,"LAGOA DE DENTRO, RUA",18,"CANGAIBA",1,0,"NOVO ORIENTE DO PIAUI, RUA SAO PAULO SP &  LAGOA DE DENTRO, RUA SAO PAULO SP",-23.493908,-46.5036829
"11535","D061300243",17478,"RUBEM BERTA, AV",15025,"ONZE DE JUNHO, AV",0,"","17/06/2013 14:29",2,"CO",16,8309," "," ",1,1,0,0,0,0,0,0,0,0,0,0,0,0,0,0,0,15025,"ONZE DE JUNHO, AV",17478,"RUBEM BERTA, AV",NA,"",1,0,"RUBEM BERTA, AV SAO PAULO SP &  ONZE DE JUNHO, AV SAO PAULO SP",-23.6004322,-46.6511423
"11536","D061300098",18618,"TAMANDARE, RUA",18340,"SIQUEIRA CAMPOS, RUA DR",0,"","17/06/2013 14:30",2,"CO",5,3168," "," ",1,1,0,0,0,0,0,0,0,0,0,0,0,0,0,0,0,18340,"SIQUEIRA CAMPOS, RUA DR",18618,"TAMANDARE, RUA",49,"LIBERDADE",1,0,"TAMANDARE, RUA SAO PAULO SP &  SIQUEIRA CAMPOS, RUA DR SAO PAULO SP",-23.5638361,-46.6346247
"11538","D061300219",15372,"PAMPLONA, RUA",NA,"",1819,"","17/06/2013 15:55",2,"CO",78,5299," "," ",1,0,0,0,0,0,0,0,0,0,0,0,0,0,0,0,0,15372,"PAMPLONA, RUA",NA,"",17,"CAMPO LIMPO",1,0,"PAMPLONA, RUA 1819 SAO PAULO SP",-23.5718609,-46.661558
"11539","D061301017",3771,"INAJAR DE SOUZA, AV",NA,"",1150,"","17/06/2013 16:00",2,"CH",28,3204," "," ",0,1,0,0,0,0,0,0,0,0,0,1,0,0,0,0,0,3771,"INAJAR DE SOUZA, AV",NA,"",50,"LIMAO",1,0,"INAJAR DE SOUZA, AV 1150 SAO PAULO SP",-23.495286,-46.6843729
"11540","D061301380",5682,"DAMIAO, PCA PDE",NA,"",93,"","17/06/2013 16:30",2,"QD",56,4102," "," ",0,0,1,0,0,0,0,0,0,0,0,0,0,0,0,0,0,5682,"DAMIAO, PCA PDE",NA,"",95,"VILA PRUDENTE",1,0,"DAMIAO, PCA PDE 93 SAO PAULO SP",-23.5505199,-46.6333094
"11541","D061300562",6471,"SAO VICENTE, AV MARQ DE",NA,"",1300,"","17/06/2013 16:45",4,"AT",23,4522,"B"," ",0,0,1,0,0,0,0,0,0,0,0,0,0,0,0,0,0,6471,"SAO VICENTE, AV MARQ DE",NA,"",6,"BARRA FUNDA",1,0,"SAO VICENTE, AV MARQ DE 1300 SAO PAULO SP",-23.5197564,-46.672867
"11542","D061301320",7645,"FRONTIN, AV CD DE",11325,"JULIO COLACO, RUA",0,"","17/06/2013 16:45",4,"AT",30,6886," "," ",1,0,0,0,0,0,0,0,0,0,0,0,0,0,0,0,0,7645,"FRONTIN, AV CD DE",11325,"JULIO COLACO, RUA",93,"VILA MATILDE",1,0,"FRONTIN, AV CD DE SAO PAULO SP &  JULIO COLACO, RUA SAO PAULO SP",-23.5505199,-46.6333094
"11543","D061301283",2181,"ARICANDUVA, AV",NA,"",1672,"","17/06/2013 16:50",2,"QM",21,6893,"B"," ",0,1,0,0,0,0,0,0,0,0,0,0,0,0,0,0,0,2181,"ARICANDUVA, AV",NA,"",60,"PENHA",1,0,"ARICANDUVA, AV 1672 SAO PAULO SP",-23.5424558,-46.534479
"11544","D061301564",34824,"ZIKE TUMA, RUA",NA,"",1485,"","17/06/2013 17:00",2,"CF",80,6460,"C"," ",2,0,0,0,0,0,0,0,0,0,0,0,0,0,0,0,0,34824,"ZIKE TUMA, RUA",NA,"",29,"FREGUESIA DO O",3,0,"ZIKE TUMA, RUA 1485 SAO PAULO SP",-23.6824689,-46.6700416
"11545","D061301381",24338,"LUIZ IGNACIO ANHAIA MELLO, AV PROF",1111,"AMERICO VESPUCCI, RUA",0,"","17/06/2013 17:30",2,"CO",56,4108,"B"," ",1,3,0,0,0,0,0,0,0,0,0,0,0,0,0,0,0,1111,"AMERICO VESPUCCI, RUA",24338,"LUIZ IGNACIO ANHAIA MELLO, AV PROF",95,"VILA PRUDENTE",1,0,"LUIZ IGNACIO ANHAIA MELLO, AV PROF SAO PAULO SP &  AMERICO VESPUCCI, RUA SAO PAULO SP",-23.5827842,-46.565808
"11546","D061300532",8225,"GROENLANDIA, RUA",5175,"COLOMBIA, RUA",0,"","17/06/2013 17:30",2,"CO",15,6221," "," ",1,1,0,0,0,0,0,0,0,0,0,0,0,0,0,0,0,5175,"COLOMBIA, RUA",8225,"GROENLANDIA, RUA",44,"JARDIM PAULISTA",1,0,"GROENLANDIA, RUA SAO PAULO SP &  COLOMBIA, RUA SAO PAULO SP",-23.5684787,-46.6778043
"11547","D061301306",43408,"ABEL FERREIRA, AV VER",NA,"",700,"","17/06/2013 17:40",2,"CO",30,3254," "," ",1,1,0,0,0,0,0,0,0,0,0,0,0,0,0,0,0,43408,"ABEL FERREIRA, AV VER",NA,"",46,"JOSE BONIFACIO",1,0,"ABEL FERREIRA, AV VER 700 SAO PAULO SP",-23.5573817,-46.5709659
"11548","D061300998",11345,"JULIO PRADO NEVES, AV TTE",NA,"",236,"","17/06/2013 17:45",2,"CO",20,6051," "," ",3,0,0,0,0,0,0,0,0,0,0,1,0,0,0,0,0,11345,"JULIO PRADO NEVES, AV TTE",NA,"",83,"TREMEMBE",1,0,"JULIO PRADO NEVES, AV TTE 236 SAO PAULO SP",-23.5505199,-46.6333094
"11549","D061300499",16919,"REBOUCAS, AV",3581,"BRASIL, AV",0,"","17/06/2013 17:50",2,"CL",14,6220," "," ",1,1,0,0,0,0,0,0,0,0,0,0,0,0,0,0,0,3581,"BRASIL, AV",16919,"REBOUCAS, AV",63,"PINHEIROS",1,0,"REBOUCAS, AV SAO PAULO SP &  BRASIL, AV SAO PAULO SP",-23.5666153,-46.6829404
"11550","D061302123",9044,"RAGUEB CHOHFI, AV",NA,"",830,"","17/06/2013 18:00",2,"CT",49,8468," "," ",0,1,1,1,0,0,0,0,0,0,0,0,0,0,0,0,0,9044,"RAGUEB CHOHFI, AV",NA,"",32,"IGUATEMI",0,1,"RAGUEB CHOHFI, AV 830 SAO PAULO SP",-23.6055653,-46.4710654
"11551","D061301717",1787,"ANTONIO MARIANO, RUA",NA,"",30,"","17/06/2013 18:42",2,"QM",102,7039," "," ",0,1,0,0,0,0,0,0,0,0,0,0,0,0,0,0,0,1787,"ANTONIO MARIANO, RUA",NA,"",81,"SOCORRO",1,0,"ANTONIO MARIANO, RUA 30 SAO PAULO SP",-23.687403,-46.7065429
"11552","D061300506",1581,"ANTONIO BATUIRA, AV",17985,"SEMANEIROS, AV DOS",0,"","17/06/2013 18:45",2,"CO",14,6473," "," ",2,0,0,0,0,0,0,0,0,0,0,0,0,0,0,0,0,1581,"ANTONIO BATUIRA, AV",10521,"JOAQUIM BARBOSA DE ALMEIDA, RUA DESEM",2,"ALTO DE PINHEIR",1,0,"ANTONIO BATUIRA, AV SAO PAULO SP &  SEMANEIROS, AV DOS SAO PAULO SP",-23.5578062,-46.7071573
"11553","D061300195",989,"AMARAL GURGEL, RUA",2300,"AROUCHE, LGO DO",0,"","17/06/2013 18:50",4,"AT",77,3708," "," ",1,0,0,0,0,0,0,0,0,0,0,0,0,0,0,0,0,2300,"AROUCHE, LGO DO",7623,"FREDERICO STEIDEL, RUA DR",67,"REPUBLICA",1,0,"AMARAL GURGEL, RUA SAO PAULO SP &  AROUCHE, LGO DO SAO PAULO SP",-23.5419473,-46.6475939
"11554","D061300334",449,"ALBA, RUA",NA,"",1331,"","17/06/2013 19:00",2,"CL",35,8321," "," ",1,1,0,0,0,0,0,0,0,0,0,0,0,0,0,0,0,449,"ALBA, RUA",NA,"",37,"JABAQUARA",1,0,"ALBA, RUA 1331 SAO PAULO SP",-23.6472599,-46.6603055
"11555","D061301654",6238,"NACOES UNIDAS, AV DAS",9527,"OCTALLES MARCONDES FERREIRA, AV",0,"","17/06/2013 19:10",4,"AT",99,7038,"B"," ",0,1,0,0,0,0,0,0,0,0,0,0,0,0,0,0,0,6238,"NACOES UNIDAS, AV DAS",9527,"OCTALLES MARCONDES FERREIRA, AV",16,"CAMPO GRANDE",1,0,"NACOES UNIDAS, AV DAS SAO PAULO SP &  OCTALLES MARCONDES FERREIRA, AV SAO PAULO SP",-23.5735935,-46.7008864