"","id_acidente","codloga","logradouroA","codlogb","logradouroB","alt_num","referencia","data","cod_acid","tipo_acidente","dp","numero_BO","sentido","pista","automovel","moto","onibus","caminhao","bicicleta","moto_taxi","onibus_fretado","onibus_urbano","microonibus","van","vuc","caminhonete","carreta","jipe","outros","sem_informacao","carroca","princ_a","paiA","princ_b","paiB","cod_distrito","distrito","vit_ferida","vit_morta","local","lat","lon"
"11556","D061300355",19764,"VINTE E TRES DE MAIO, AV",NA,"",1556,"","17/06/2013 19:15",2,"CO",36,2619," "," ",0,2,0,0,0,0,0,0,0,0,0,0,0,0,0,0,0,19764,"VINTE E TRES DE MAIO, AV",NA,"",17,"CAMPO LIMPO",1,0,"VINTE E TRES DE MAIO, AV 1556 SAO PAULO SP",-23.5830713,-46.6522509
"11557","D061300870",5309,"CORIFEU DE AZEVEDO MARQUES, AV",NA,"",1800,"","17/06/2013 19:20",2,"CO",93,5465," "," ",3,0,0,0,0,0,0,0,0,0,0,0,0,0,0,0,0,5309,"CORIFEU DE AZEVEDO MARQUES, AV",NA,"",12,"BUTANTA",1,0,"CORIFEU DE AZEVEDO MARQUES, AV 1800 SAO PAULO SP",-23.5735742,-46.731466
"11559","D061301400",906,"ALVARO RAMOS, AV",NA,"",1953,"","17/06/2013 19:25",2,"CT",57,4100," "," ",0,0,2,0,0,0,0,0,0,0,0,0,0,0,0,0,0,906,"ALVARO RAMOS, AV",NA,"",8,"BELEM",1,0,"ALVARO RAMOS, AV 1953 SAO PAULO SP",-23.5522584,-46.5793367
"11560","D061300845",12436,"MACEDO SOARES, AV EMB",20600,"ERNESTO IGEL, AV",0,"","17/06/2013 19:33",2,"QM",91,4520," "," ",0,1,0,0,0,0,0,0,0,0,0,0,0,0,0,0,0,12436,"MACEDO SOARES, AV EMB",20600,"ERNESTO IGEL, AV",60,"PENHA",1,0,"MACEDO SOARES, AV EMB SAO PAULO SP &  ERNESTO IGEL, AV SAO PAULO SP",-23.509526,-46.7091748
"11561","D061300815",8483,"GUILHERME DUMONT VILARES, AV DR",29075,"FRANCISCO MARCONDES VIEIRA, RUA",0,"","17/06/2013 19:55",2,"CO",89,5472," "," ",0,1,0,0,0,0,0,0,0,0,0,1,0,0,0,0,0,8483,"GUILHERME DUMONT VILARES, AV DR",29075,"FRANCISCO MARCONDES VIEIRA, RUA",96,"VILA SONIA",2,0,"GUILHERME DUMONT VILARES, AV DR SAO PAULO SP &  FRANCISCO MARCONDES VIEIRA, RUA SAO PAULO SP",-23.6206538,-46.7398092
"11562","D061300635",8483,"GUILHERME DUMONT VILARES, AV DR",NA,"",1000,"","17/06/2013 20:00",2,"CO",34,5497," "," ",1,1,0,0,0,0,0,0,0,0,0,0,0,0,0,0,0,8483,"GUILHERME DUMONT VILARES, AV DR",NA,"",85,"VILA ANDRADE",2,0,"GUILHERME DUMONT VILARES, AV DR 1000 SAO PAULO SP",-23.6126247,-46.7413228
"11563","D061300970",16496,"PORANGATU, RUA",NA,"",25,"","17/06/2013 20:30",4,"AA",19,5732," "," ",1,0,0,0,0,0,0,0,0,0,0,0,0,0,0,0,0,16496,"PORANGATU, RUA",NA,"",36,"ITAQUERA",1,0,"PORANGATU, RUA 25 SAO PAULO SP",-23.5064573,-46.5898439
"11564","D061301382",24338,"LUIZ IGNACIO ANHAIA MELLO, AV PROF",8955,"IBITIRAMA, RUA",0,"","17/06/2013 20:30",2,"CT",56,4111,"C"," ",1,1,0,0,0,0,0,0,0,0,0,0,0,0,0,0,0,8955,"IBITIRAMA, RUA",24338,"LUIZ IGNACIO ANHAIA MELLO, AV PROF",95,"VILA PRUDENTE",1,0,"LUIZ IGNACIO ANHAIA MELLO, AV PROF SAO PAULO SP &  IBITIRAMA, RUA SAO PAULO SP",-23.5827842,-46.565808
"11565","D061301891",69897,"NILDO DO AMARAL JUNIOR, RUA PDE",26924,"MIGUEL TERRADELLAS, RUA",0,"","17/06/2013 20:30",2,"CO",68,1811," "," ",1,1,0,0,0,0,0,0,0,0,0,0,0,0,0,0,0,26924,"MIGUEL TERRADELLAS, RUA",69897,"NILDO DO AMARAL JUNIOR, RUA PDE",47,"LAJEADO",1,0,"NILDO DO AMARAL JUNIOR, RUA PDE SAO PAULO SP &  MIGUEL TERRADELLAS, RUA SAO PAULO SP",-23.5505199,-46.6333094
"11566","D061301515",5606,"CUPECE, AV",NA,"",2800,"","17/06/2013 21:40",2,"CO",43,6468,"B"," ",0,1,0,0,0,0,0,1,0,0,0,0,0,0,0,0,0,5606,"CUPECE, AV",NA,"",22,"CIDADE ADEMAR",1,0,"CUPECE, AV 2800 SAO PAULO SP",-23.6654111,-46.6581006
"11567","D061301383",19057,"TOMAS IZZO, RUA",NA,"",22,"","17/06/2013 21:54",4,"AT",56,4113," "," ",0,0,1,0,0,0,0,0,0,0,0,0,0,0,0,0,0,19057,"TOMAS IZZO, RUA",NA,"",26,"CONSOLACAO",1,0,"TOMAS IZZO, RUA 22 SAO PAULO SP",-23.6599706,-46.6704891
"11568","D061301194",6361,"ELISIO TEIXEIRA LEITE, AV",NA,"",7614,"","17/06/2013 22:19",2,"QD",74,2845," "," ",0,0,1,0,0,0,0,0,0,0,0,0,0,0,0,0,0,6361,"ELISIO TEIXEIRA LEITE, AV",NA,"",29,"FREGUESIA DO O",1,0,"ELISIO TEIXEIRA LEITE, AV 7614 SAO PAULO SP",-23.4356288,-46.7177036
"11569","D061301745",14637,"NITRO - QUIMICA, AV",NA,"",162,"","17/06/2013 22:50",2,"CO",22,5107," "," ",2,0,0,0,0,0,0,0,0,0,0,0,0,0,0,0,0,14637,"NITRO - QUIMICA, AV",NA,"",53,"MOEMA",1,0,"NITRO - QUIMICA, AV 162 SAO PAULO SP",-23.4818095,-46.4333401
"11571","D061300940",18180,"DIOGO CABRERA, RUA",NA,"",562,"","18/06/2013 00:30",2,"CT",13,6794," "," ",1,1,0,0,0,0,0,0,0,0,0,0,0,0,0,0,0,18180,"DIOGO CABRERA, RUA",NA,"",71,"SANTANA",1,0,"DIOGO CABRERA, RUA 562 SAO PAULO SP",-23.4906273,-46.6433417
"11572","D061300020",8024,"GLICERIO, RUA",9032,"IGUAPE, RUA BR DE",0,"","18/06/2013 00:37",2,"CO",1,4849," "," ",1,0,0,0,1,0,0,0,0,0,0,0,0,0,0,0,0,8024,"GLICERIO, RUA",9032,"IGUAPE, RUA BR DE",49,"LIBERDADE",1,0,"GLICERIO, RUA SAO PAULO SP &  IGUAPE, RUA BR DE SAO PAULO SP",-23.5071436,-46.4767062
"11573","D061300634",7500,"FRANCISCO MORATO, AV PROF",NA,"",5975,"","18/06/2013 01:00",2,"CT",34,5477," "," ",2,0,0,0,0,0,0,0,0,0,0,0,0,0,0,0,0,7500,"FRANCISCO MORATO, AV PROF",NA,"",12,"BUTANTA",1,0,"FRANCISCO MORATO, AV PROF 5975 SAO PAULO SP",-23.6062528,-46.7476458
"11574","D061300418",19100,"BANDEIRANTES, AV DOS",17034,"RIBEIRAO CLARO, RUA",0,"","18/06/2013 02:00",2,"CH",96,6441," "," ",1,0,0,0,0,0,0,0,0,0,0,0,0,0,0,0,0,17034,"RIBEIRAO CLARO, RUA",19100,"BANDEIRANTES, AV DOS",34,"ITAIM BIBI",2,0,"BANDEIRANTES, AV DOS SAO PAULO SP &  RIBEIRAO CLARO, RUA SAO PAULO SP",-23.6016317,-46.6827292
"11575","D061301392",1904,"ANTUNES MACIEL, RUA",NA,"",86,"","18/06/2013 05:30",2,"CH",57,2444,"B"," ",0,1,0,0,0,0,0,0,0,0,0,0,0,0,0,0,0,1904,"ANTUNES MACIEL, RUA",NA,"",54,"MOOCA",1,0,"ANTUNES MACIEL, RUA 86 SAO PAULO SP",-23.5576778,-46.594215
"11576","D061301694",3509,"BELMIRA MARIN, AV DONA",NA,"",2564,"","18/06/2013 05:35",2,"QD",101,5074," "," ",0,0,1,0,0,0,0,0,0,0,0,0,0,0,0,0,0,3509,"BELMIRA MARIN, AV DONA",NA,"",30,"GRAJAU",1,0,"BELMIRA MARIN, AV DONA 2564 SAO PAULO SP",-23.7518527,-46.6883133
"11577","D061300987",18151,"SEZEFREDO FAGUNDES, AV CEL",NA,"",5083,"","18/06/2013 06:00",2,"QM",20,5739," "," ",0,1,0,0,0,0,0,0,0,0,0,0,0,0,0,0,0,18151,"SEZEFREDO FAGUNDES, AV CEL",NA,"",22,"CIDADE ADEMAR",1,0,"SEZEFREDO FAGUNDES, AV CEL 5083 SAO PAULO SP",-23.4402333,-46.5922333
"11578","D061301786",16652,"ANTONIO JOAO DE MEDEIROS, RUA",NA,"",596,"","18/06/2013 06:50",4,"AT",50,2540," "," ",0,1,0,0,0,0,0,0,0,0,0,0,0,0,0,0,0,16652,"ANTONIO JOAO DE MEDEIROS, RUA",NA,"",54,"MOOCA",1,0,"ANTONIO JOAO DE MEDEIROS, RUA 596 SAO PAULO SP",-23.507916,-46.3981948
"11579","D061301336",24338,"LUIZ IGNACIO ANHAIA MELLO, AV PROF",NA,"",3801,"","18/06/2013 07:00",2,"CO",42,2178," "," ",1,1,0,0,0,0,0,0,0,0,0,0,0,0,0,0,0,24338,"LUIZ IGNACIO ANHAIA MELLO, AV PROF",NA,"",26,"CONSOLACAO",1,0,"LUIZ IGNACIO ANHAIA MELLO, AV PROF 3801 SAO PAULO SP",-23.5819476,-46.5568939
"11580","D061301978",7503,"FRANCISCO MUNHOZ FILHO, AV DR",NA,"",379,"","18/06/2013 07:00",4,"AT",53,4395," "," ",1,0,0,0,0,0,0,0,0,0,0,0,0,0,0,0,0,7503,"FRANCISCO MUNHOZ FILHO, AV DR",NA,"",58,"PARQUE DO CARMO",1,0,"FRANCISCO MUNHOZ FILHO, AV DR 379 SAO PAULO SP",-23.5639008,-46.475509
"11581","D061300616",18470,"PIRAJUSSARA, AV",NA,"",303,"","18/06/2013 07:15",2,"CO",34,3597," "," ",3,0,0,0,0,0,0,0,0,0,0,1,0,0,0,0,0,18470,"PIRAJUSSARA, AV",NA,"",13,"CACHOEIRINHA",2,0,"PIRAJUSSARA, AV 303 SAO PAULO SP",-23.6512533,-46.7806662
"11582","D061301123",79085,"FRANCISCO CRISTIANO DE ASSIS, RUA",NA,"",14,"","18/06/2013 07:30",4,"AT",45,1576," "," ",0,0,0,0,0,0,0,0,1,0,0,0,0,0,0,0,0,79085,"FRANCISCO CRISTIANO DE ASSIS, RUA",NA,"",40,"JAGUARE",1,0,"FRANCISCO CRISTIANO DE ASSIS, RUA 14 SAO PAULO SP",-23.4663215,-46.6954142
"11583","D061300522",12165,"LUIS ANTONIO, AV BRIG",3386,"BITENCOURT, RUA MAL",0,"","18/06/2013 07:45",2,"CO",15,2986," "," ",1,0,0,0,0,0,0,0,0,0,0,1,0,0,0,0,0,3386,"BITENCOURT, RUA MAL",12165,"LUIS ANTONIO, AV BRIG",44,"JARDIM PAULISTA",1,0,"LUIS ANTONIO, AV BRIG SAO PAULO SP &  BITENCOURT, RUA MAL SAO PAULO SP",-23.5699897,-46.6512614
"11586","D061300363",10630,"PEDRO ALVARES CABRAL, AV",33470,"NABIA ABDALA CHOHFI, RUA",0,"","18/06/2013 08:05",2,"CO",36,5375," "," ",1,1,0,0,0,0,0,0,0,0,0,0,0,0,0,0,0,10630,"PEDRO ALVARES CABRAL, AV",12651,"MANUEL DA NOBREGA, RUA",53,"MOEMA",1,0,"PEDRO ALVARES CABRAL, AV SAO PAULO SP &  NABIA ABDALA CHOHFI, RUA SAO PAULO SP",-23.582408,-46.6572821
"11587","D061301500",5606,"CUPECE, AV",NA,"",4000,"","18/06/2013 08:15",4,"AT",43,2323," "," ",1,0,0,0,0,0,0,0,0,0,0,0,0,0,0,0,0,5606,"CUPECE, AV",NA,"",22,"CIDADE ADEMAR",1,0,"CUPECE, AV 4000 SAO PAULO SP",-23.6705902,-46.6474523
"11588","D061300759",16878,"RAPOSO TAVARES, VIA",NA,"",19900,"","18/06/2013 08:20",2,"CO",75,2069," "," ",1,1,0,0,0,0,0,0,0,0,0,0,0,0,0,0,0,16878,"RAPOSO TAVARES, VIA",NA,"",13,"CACHOEIRINHA",1,0,"RAPOSO TAVARES, VIA 19900 SAO PAULO SP",-23.0855108,-49.5338115
"11589","D061302063",24338,"LUIZ IGNACIO ANHAIA MELLO, AV PROF",NA,"",6920,"","18/06/2013 08:54",2,"CT",70,2966," "," ",2,0,0,0,0,0,0,0,0,0,0,0,0,0,0,0,0,24338,"LUIZ IGNACIO ANHAIA MELLO, AV PROF",NA,"",26,"CONSOLACAO",1,0,"LUIZ IGNACIO ANHAIA MELLO, AV PROF 6920 SAO PAULO SP",-23.598844,-46.5323159
"11590","D061300078",13632,"MARTINS FONTES, RUA",NA,"",359,"","18/06/2013 09:05",2,"CO",4,4227,"C"," ",1,1,0,0,0,0,0,0,0,0,0,0,0,0,0,0,0,13632,"MARTINS FONTES, RUA",NA,"",67,"REPUBLICA",1,0,"MARTINS FONTES, RUA 359 SAO PAULO SP",-23.5623489,-46.8074679
"11591","D061300768",8603,"HEITOR ANTONIO EIRAS GARCIA, AV ENG",NA,"",4824,"","18/06/2013 09:40",2,"CO",75,2240," "," ",0,2,0,0,0,0,0,0,0,0,0,0,0,0,0,0,0,8603,"HEITOR ANTONIO EIRAS GARCIA, AV ENG",NA,"",68,"RIO PEQUENO",1,0,"HEITOR ANTONIO EIRAS GARCIA, AV ENG 4824 SAO PAULO SP",-23.5909768,-46.7734937
"11592","D061300617",11905,"LINEU DE PAULA MACHADO, AV",NA,"",1330,"","18/06/2013 10:00",2,"CO",34,3606," "," ",1,1,0,0,0,0,0,0,0,0,0,0,0,0,0,0,0,11905,"LINEU DE PAULA MACHADO, AV",NA,"",55,"MORUMBI",1,0,"LINEU DE PAULA MACHADO, AV 1330 SAO PAULO SP",-23.5839796,-46.6992609
"11593","D061301949",9044,"RAGUEB CHOHFI, AV",NA,"",3075,"","18/06/2013 10:30",2,"QM",49,8505," "," ",0,1,0,0,0,0,0,0,0,0,0,0,0,0,0,0,0,9044,"RAGUEB CHOHFI, AV",NA,"",32,"IGUATEMI",2,0,"RAGUEB CHOHFI, AV 3075 SAO PAULO SP",-23.5964552,-46.4560586
"11594","D061301699",5127,"FREDERICO RENE DE JAEGHER, RUA",NA,"",800,"","18/06/2013 10:40",2,"CT",101,5170," "," ",1,1,0,0,0,0,0,0,0,0,0,0,0,0,0,0,0,5127,"FREDERICO RENE DE JAEGHER, RUA",NA,"",23,"CIDADE DUTRA",1,0,"FREDERICO RENE DE JAEGHER, RUA 800 SAO PAULO SP",-23.7204324,-46.7060245
"11595","D061301589",22202,"ANTONIO DE FRANCO, RUA PROF",NA,"",100,"","18/06/2013 10:58",2,"CO",92,3785," "," ",1,1,0,0,0,0,0,0,0,0,0,0,0,0,0,0,0,22202,"ANTONIO DE FRANCO, RUA PROF",NA,"",29,"FREGUESIA DO O",1,0,"ANTONIO DE FRANCO, RUA PROF 100 SAO PAULO SP",-23.655761,-46.740227
"11597","D061301634",14743,"SABARA, AV NSRA DO",9220,"INTERLAGOS, AV",0,"","18/06/2013 11:16",4,"AT",99,2541," "," ",1,0,0,0,0,0,0,0,0,0,0,0,0,0,0,0,0,9220,"INTERLAGOS, AV",14743,"SABARA, AV NSRA DO",16,"CAMPO GRANDE",1,0,"SABARA, AV NSRA DO SAO PAULO SP &  INTERLAGOS, AV SAO PAULO SP",-23.5505199,-46.6333094
"11599","D061300941",9078,"IMIRIM, AV",NA,"",1648,"","18/06/2013 11:40",2,"CO",13,6814," "," ",1,1,0,0,0,0,0,0,0,0,0,0,0,0,0,0,0,9078,"IMIRIM, AV",NA,"",71,"SANTANA",1,0,"IMIRIM, AV 1648 SAO PAULO SP",-23.4917764,-46.649453
"11600","D061301811",14094,"MOGI DAS CRUZES, ES DE",NA,"",2178,"","18/06/2013 11:40",4,"AT",62,2416," "," ",1,0,0,0,0,0,0,0,0,0,0,0,0,0,0,0,0,14094,"MOGI DAS CRUZES, ES DE",NA,"",65,"PONTE RASA",1,0,"MOGI DAS CRUZES, ES DE 2178 SAO PAULO SP",-23.5505199,-46.6333094
"11602","D061301662",7223,"FLORIANO ALVARO, RUA CEL",2981,"BATISTA JUNIOR, RUA",0,"","18/06/2013 12:00",4,"AT",100,3126," "," ",1,0,0,0,0,0,0,0,0,0,0,0,0,0,0,0,0,2981,"BATISTA JUNIOR, RUA",7223,"FLORIANO ALVARO, RUA CEL",42,"JARDIM ANGELA",1,0,"FLORIANO ALVARO, RUA CEL SAO PAULO SP &  BATISTA JUNIOR, RUA SAO PAULO SP",-23.7147698,-46.7790942
"11603","D061301246",4128,"CANGAIBA, AV",NA,"",2838,"","18/06/2013 12:30",4,"AT",10,6922," "," ",1,0,0,0,0,0,0,0,0,0,0,0,0,0,0,0,0,4128,"CANGAIBA, AV",NA,"",18,"CANGAIBA",1,0,"CANGAIBA, AV 2838 SAO PAULO SP",-23.506143,-46.5286263
"11604","D061300687",70240,"RAPHAEL DI SANDRO, RUA",21380,"ANTONIO MAIA, RUA",0,"","18/06/2013 12:40",2,"CO",46,2780," "," ",1,1,0,0,0,0,0,0,0,0,0,0,0,0,0,0,0,21380,"ANTONIO MAIA, RUA",70240,"RAPHAEL DI SANDRO, RUA",62,"PERUS",1,0,"RAPHAEL DI SANDRO, RUA SAO PAULO SP &  ANTONIO MAIA, RUA SAO PAULO SP",-23.40805,-46.7572306
"11607","D061301421",5092,"CLEMENTINO, RUA DR",11328,"JULIO DE CASTILHOS, RUA",0,"","18/06/2013 13:30",4,"AT",81,1752," "," ",1,0,0,0,0,0,0,0,0,0,0,0,0,0,0,0,0,5092,"CLEMENTINO, RUA DR",11328,"JULIO DE CASTILHOS, RUA",8,"BELEM",1,0,"CLEMENTINO, RUA DR SAO PAULO SP &  JULIO DE CASTILHOS, RUA SAO PAULO SP",-23.5398715,-46.5919555
"11608","D061301270",26951,"ANGELO PEREIRA, RUA",NA,"",293,"","18/06/2013 14:00",4,"AT",21,2039," "," ",1,0,0,0,0,0,0,0,0,0,0,0,0,0,0,0,0,26951,"ANGELO PEREIRA, RUA",NA,"",38,"JACANA",1,0,"ANGELO PEREIRA, RUA 293 SAO PAULO SP",-23.5459059,-46.5075816
"11609","D061300846",16726,"QUEIROZ FILHO, AV",2818,"BARBALHA, RUA",0,"","18/06/2013 14:10",4,"AT",91,4535," "," ",1,0,0,0,0,0,0,0,0,0,0,0,0,0,0,0,0,4781,"CERRO CORA, RUA",16726,"QUEIROZ FILHO, AV",48,"LAPA",1,0,"QUEIROZ FILHO, AV SAO PAULO SP &  BARBALHA, RUA SAO PAULO SP",-23.5372434,-46.7199853
"11610","D061300163",3787,"CACHOEIRA, RUA",NA,"",637,"","18/06/2013 14:48",2,"CO",12,3334," "," ",1,1,0,0,0,0,0,0,0,0,0,0,0,0,0,0,0,3787,"CACHOEIRA, RUA",NA,"",57,"PARI",1,0,"CACHOEIRA, RUA 637 SAO PAULO SP",-23.5343337,-46.6050963
"11611","D061300503",16919,"REBOUCAS, AV",NA,"",3749,"","18/06/2013 15:00",2,"CL",14,6369," "," ",2,0,0,0,0,0,0,0,0,0,0,0,0,0,0,0,0,16919,"REBOUCAS, AV",NA,"",44,"JARDIM PAULISTA",1,0,"REBOUCAS, AV 3749 SAO PAULO SP",-23.5730349,-46.6944454
"11612","D061300942",9078,"IMIRIM, AV",3813,"CAETANO ALVARES, AV ENG",0,"","18/06/2013 15:14",2,"CO",13,6822," "," ",1,1,0,0,0,0,0,0,0,0,0,0,0,0,0,0,0,3813,"CAETANO ALVARES, AV ENG",9078,"IMIRIM, AV",51,"MANDAQUI",1,0,"IMIRIM, AV SAO PAULO SP &  CAETANO ALVARES, AV ENG SAO PAULO SP",-23.4763933,-46.6630839
"11613","D061301079",8320,"GUAPIRA, AV",NA,"",1607,"","18/06/2013 15:15",2,"CO",39,2766," "," ",0,1,0,0,0,0,0,0,0,0,0,1,0,0,0,0,0,8320,"GUAPIRA, AV",NA,"",38,"JACANA",1,0,"GUAPIRA, AV 1607 SAO PAULO SP",-23.4744467,-46.590269
"11614","D061301977",60675,"AFONSO DE SAMPAIO E SOUSA, AV",NA,"",2000,"","18/06/2013 15:30",2,"CO",53,4394," "," ",0,1,0,0,0,0,0,0,1,0,0,0,0,0,0,0,0,60675,"AFONSO DE SAMPAIO E SOUSA, AV",NA,"",51,"MANDAQUI",1,0,"AFONSO DE SAMPAIO E SOUSA, AV 2000 SAO PAULO SP",-23.5751072,-46.4771344
"11615","D061301124",20633,"JOSE DA NATIVIDADE SALDANHA, AV",NA,"",411,"","18/06/2013 15:33",2,"QM",45,1584," "," ",0,1,0,0,0,0,0,0,0,0,0,0,0,0,0,0,0,20633,"JOSE DA NATIVIDADE SALDANHA, AV",NA,"",40,"JAGUARE",1,0,"JOSE DA NATIVIDADE SALDANHA, AV 411 SAO PAULO SP",-23.469826,-46.6860066
"11616","D061300370",19764,"VINTE E TRES DE MAIO, AV",NA,"",1000,"","18/06/2013 16:00",2,"CO",36,8471," "," ",1,1,0,0,0,0,0,0,0,0,0,0,0,0,0,0,0,19764,"VINTE E TRES DE MAIO, AV",NA,"",17,"CAMPO LIMPO",1,0,"VINTE E TRES DE MAIO, AV 1000 SAO PAULO SP",-23.5830727,-46.6522523
"11617","D061300088",5245,"CONSOLACAO, RUA DA",NA,"",23,"","18/06/2013 16:20",2,"QD",4,5330," "," ",0,0,1,0,0,0,0,0,0,0,0,0,0,0,0,0,0,5245,"CONSOLACAO, RUA DA",NA,"",26,"CONSOLACAO",1,0,"CONSOLACAO, RUA DA 23 SAO PAULO SP",-23.5546119,-46.6618212
"11618","D061301688",25044,"EDUARDO RAMOS, RUA",NA,"",100,"","18/06/2013 16:30",2,"CO",101,4808," "," ",0,1,1,0,0,0,0,0,0,0,0,0,0,0,0,0,0,25044,"EDUARDO RAMOS, RUA",NA,"",0,"NULL",1,0,"EDUARDO RAMOS, RUA 100 SAO PAULO SP",-23.7350561,-46.6940615
"11619","D061300459",20307,"JACOMO ZANELA, PCA",6544,"ERMANO MARCHETTI, AV",0,"","18/06/2013 17:10",4,"AT",7,4537," "," ",0,0,0,0,0,0,0,1,0,0,0,0,0,0,0,0,0,6544,"ERMANO MARCHETTI, AV",20307,"JACOMO ZANELA, PCA",48,"LAPA",1,0,"JACOMO ZANELA, PCA SAO PAULO SP &  ERMANO MARCHETTI, AV SAO PAULO SP",-23.5162016,-46.6981798
"11620","D061300354",19583,"VERGUEIRO, RUA",NA,"",2560,"","18/06/2013 17:27",2,"CO",36,2615," "," ",0,2,0,0,0,0,0,0,0,0,0,0,0,0,0,0,0,19583,"VERGUEIRO, RUA",NA,"",33,"IPIRANGA",1,0,"VERGUEIRO, RUA 2560 SAO PAULO SP",-23.5842464,-46.6368781
"11621","D061301458",16650,"CENTRO AFRICANA, RUA",NA,"",103,"","18/06/2013 18:30",4,"AT",11,7076," "," ",0,1,0,0,0,0,0,0,0,0,0,0,0,0,0,0,0,16650,"CENTRO AFRICANA, RUA",NA,"",29,"FREGUESIA DO O",1,0,"CENTRO AFRICANA, RUA 103 SAO PAULO SP",-23.6440951,-46.7233102
"11622","D061301284",7645,"FRONTIN, AV CD DE",NA,"",100,"","18/06/2013 18:40",2,"CO",21,6930,"C"," ",2,1,0,0,0,0,0,0,0,0,0,0,0,0,0,0,0,7645,"FRONTIN, AV CD DE",NA,"",93,"VILA MATILDE",1,0,"FRONTIN, AV CD DE 100 SAO PAULO SP",-23.5505199,-46.6333094
"11623","D061301859",435,"ALAMANDAS, AV DAS",NA,"",11,"","18/06/2013 18:40",2,"CH",64,4928," "," ",1,1,0,0,0,0,0,0,0,0,0,0,0,0,0,0,0,435,"ALAMANDAS, AV DAS",NA,"",36,"ITAQUERA",1,0,"ALAMANDAS, AV DAS 11 SAO PAULO SP",-23.5361328,-46.4682493
"11624","D061300024",7733,"GALVAO BUENO, RUA",NA,"",475,"","18/06/2013 18:45",4,"AT",1,4870," "," ",0,0,0,0,0,0,0,0,0,0,0,1,0,0,0,0,0,7733,"GALVAO BUENO, RUA",NA,"",80,"SE",1,0,"GALVAO BUENO, RUA 475 SAO PAULO SP",-23.5598778,-46.6348566
"11625","D061301823",14917,"OLAVO EGIDIO DE SOUZA ARANHA, AV",NA,"",1123,"","18/06/2013 19:00",4,"AT",62,6665," "," ",1,0,0,0,0,0,0,0,0,0,0,0,0,0,0,0,0,14917,"OLAVO EGIDIO DE SOUZA ARANHA, AV",NA,"",49,"LIBERDADE",1,0,"OLAVO EGIDIO DE SOUZA ARANHA, AV 1123 SAO PAULO SP",-23.4990091,-46.4950653
"11626","D061302135",14917,"OLAVO EGIDIO DE SOUZA ARANHA, AV",NA,"",1123,"","18/06/2013 19:00",4,"AT",24,2861,"B"," ",1,0,0,0,0,0,0,0,0,0,0,0,0,0,0,0,0,14917,"OLAVO EGIDIO DE SOUZA ARANHA, AV",NA,"",49,"LIBERDADE",0,1,"OLAVO EGIDIO DE SOUZA ARANHA, AV 1123 SAO PAULO SP",-23.4990091,-46.4950653
"11627","D061301950",13671,"MATEO BEI, AV",7379,"FRANCISCO CORDELLI, RUA",0,"","18/06/2013 19:00",4,"AT",49,8541," "," ",1,0,0,0,0,0,0,0,0,0,0,0,0,0,0,0,0,7379,"FRANCISCO CORDELLI, RUA",13671,"MATEO BEI, AV",75,"SAO MATEUS",2,0,"MATEO BEI, AV SAO PAULO SP &  FRANCISCO CORDELLI, RUA SAO PAULO SP",-23.5972768,-46.4866619
"11628","D061301921",17666,"SALVADOR GIANETTI, RUA",NA,"",272,"","18/06/2013 19:10",2,"CO",44,3595," "," ",1,1,0,0,0,0,0,0,0,0,0,0,0,0,0,0,0,17666,"SALVADOR GIANETTI, RUA",NA,"",50,"LIMAO",1,0,"SALVADOR GIANETTI, RUA 272 SAO PAULO SP",-23.5430393,-46.4150132
"11629","D061301415",10503,"JOAO XXIII, AV",NA,"",211,"","18/06/2013 19:29",2,"CL",58,900075," "," ",1,1,0,0,0,0,0,0,0,0,0,0,0,0,0,0,0,10503,"JOAO XXIII, AV",NA,"",4,"ARICANDUVA",1,0,"JOAO XXIII, AV 211 SAO PAULO SP",-23.5708219,-46.5388033
"11631","D061300868",831,"ALTINO, AV PRES",NA,"",2468,"","18/06/2013 19:32",4,"AT",93,4544," "," ",0,1,0,0,0,0,0,0,0,0,0,0,0,0,0,0,0,831,"ALTINO, AV PRES",NA,"",40,"JAGUARE",2,0,"ALTINO, AV PRES 2468 SAO PAULO SP",-23.5349513,-46.7549881
"11632","D061301351",19104,"TRAMANDAI, RUA BR DE",NA,"",157,"","18/06/2013 19:32",2,"CO",42,4133," "," ",1,1,0,0,0,0,0,0,0,0,0,0,0,0,0,0,0,19104,"TRAMANDAI, RUA BR DE",NA,"",26,"CONSOLACAO",1,0,"TRAMANDAI, RUA BR DE 157 SAO PAULO SP",-23.5985658,-46.5600949
"11634","D061300563",16514,"PORTO CARREIRO, RUA BRA DE",5565,"CRUZEIRO, RUA",0,"","18/06/2013 20:10",2,"CO",23,4543," "," ",2,0,0,0,0,0,0,0,0,0,0,0,0,0,0,0,0,5565,"CRUZEIRO, RUA",16514,"PORTO CARREIRO, RUA BRA DE",70,"SANTA CECILIA",2,0,"PORTO CARREIRO, RUA BRA DE SAO PAULO SP &  CRUZEIRO, RUA SAO PAULO SP",-23.5196703,-46.6547219
"11635","D061300116",17294,"RODRIGO VIEIRA, RUA",17083,"RICARDO JAFET, AV DR",0,"","18/06/2013 20:22",2,"CT",6,2916," "," ",0,1,0,0,0,0,0,0,0,0,0,1,0,0,0,0,0,17083,"RICARDO JAFET, AV DR",17294,"RODRIGO VIEIRA, RUA",92,"VILA MARIANA",1,0,"RODRIGO VIEIRA, RUA SAO PAULO SP &  RICARDO JAFET, AV DR SAO PAULO SP",-23.589288,-46.6234918