"","id_acidente","codloga","logradouroA","codlogb","logradouroB","alt_num","referencia","data","cod_acid","tipo_acidente","dp","numero_BO","sentido","pista","automovel","moto","onibus","caminhao","bicicleta","moto_taxi","onibus_fretado","onibus_urbano","microonibus","van","vuc","caminhonete","carreta","jipe","outros","sem_informacao","carroca","princ_a","paiA","princ_b","paiB","cod_distrito","distrito","vit_ferida","vit_morta","local","lat","lon"
"11636","D061301480",32541,"PAULO GUILGUER REIMBERG, AV",NA,"",250,"","18/06/2013 20:40",2,"CO",25,1592," "," ",1,1,0,0,0,0,0,0,0,0,0,0,0,0,0,0,0,32541,"PAULO GUILGUER REIMBERG, AV",NA,"",32,"IGUATEMI",1,0,"PAULO GUILGUER REIMBERG, AV 250 SAO PAULO SP",-23.7698976,-46.7145778
"11637","D061300398",5762,"DELAMARE, AV ALM",NA,"",4000,"","18/06/2013 23:00",4,"AT",95,5515," "," ",0,1,0,0,0,0,0,0,0,0,0,0,0,0,0,0,0,5762,"DELAMARE, AV ALM",NA,"",33,"IPIRANGA",1,0,"DELAMARE, AV ALM 4000 SAO PAULO SP",-23.611876,-46.581016
"11638","D061300368",17301,"RODRIGUES ALVES, AV CONS",NA,"",308,"","19/06/2013 00:01",4,"AT",36,6474," "," ",1,0,0,0,0,0,0,0,0,0,0,0,0,0,0,0,0,17301,"RODRIGUES ALVES, AV CONS",NA,"",9,"BOM RETIRO",1,0,"RODRIGUES ALVES, AV CONS 308 SAO PAULO SP",-23.5831904,-46.6412149
"11639","D061301460",6238,"NACOES UNIDAS, AV DAS",NA,"",11400,"","19/06/2013 03:34",2,"CO",11,7095," "," ",1,1,0,0,0,0,0,0,0,0,0,0,0,0,0,0,0,13014,"MARGINAL DO RIO PINHEIROS, AV",NA,"",90,"VILA LEOPOLDINA",2,0,"NACOES UNIDAS, AV DAS 11400 SAO PAULO SP",-23.6791544,-46.6960964
"11640","D061302098",7257,"FONSECA RODRIGUES, AV PROF",NA,"",2001,"","19/06/2013 05:03",2,"CH",14,6275," "," ",1,0,0,0,0,0,0,0,0,0,0,0,0,0,0,0,0,7257,"FONSECA RODRIGUES, AV PROF",NA,"",2,"ALTO DE PINHEIR",2,1,"FONSECA RODRIGUES, AV PROF 2001 SAO PAULO SP",-23.5432248,-46.7263102
"11641","D061301635",6238,"NACOES UNIDAS, AV DAS",NA,"",21621,"","19/06/2013 05:30",2,"CO",99,2554," "," ",1,1,0,0,0,0,0,0,0,0,0,0,0,0,0,0,0,13014,"MARGINAL DO RIO PINHEIROS, AV",NA,"",90,"VILA LEOPOLDINA",1,0,"NACOES UNIDAS, AV DAS 21621 SAO PAULO SP",-23.6709705,-46.7026889
"11642","D061301178",13133,"MARIA AMALIA LOPES AZEVEDO, RUA",16305,"ANTONELO DA MESSINA, AV",0,"","19/06/2013 05:31",2,"CO",73,6592," "," ",0,0,0,0,1,0,0,0,0,0,0,0,0,0,0,1,0,13133,"MARIA AMALIA LOPES AZEVEDO, RUA",16305,"ANTONELO DA MESSINA, AV",83,"TREMEMBE",1,0,"MARIA AMALIA LOPES AZEVEDO, RUA SAO PAULO SP &  ANTONELO DA MESSINA, AV SAO PAULO SP",-23.4584963,-46.6105009
"11643","D061301216",18007,"SERAFIM GONCALVES PEREIRA, AV",524,"ALBINO CESAR, RUA SOLD",0,"","19/06/2013 06:00",2,"SI",90,2439," "," ",2,0,0,0,0,0,0,0,0,0,0,0,0,0,0,0,0,524,"ALBINO CESAR, RUA SOLD",6806,"EURIPEDES RODRIGUES DE LIMA, RUA SOLD",91,"VILA MARIA",6,0,"SERAFIM GONCALVES PEREIRA, AV SAO PAULO SP &  ALBINO CESAR, RUA SOLD SAO PAULO SP",-23.5201512,-46.5682742
"11644","D061300147",543,"ALCANTARA MACHADO, AV",906,"ALVARO RAMOS, AV",0,"","19/06/2013 06:10",2,"CO",8,4885," "," ",1,1,0,0,0,0,0,0,0,0,0,0,0,0,0,0,0,543,"ALCANTARA MACHADO, AV",906,"ALVARO RAMOS, AV",8,"BELEM",1,0,"ALCANTARA MACHADO, AV SAO PAULO SP &  ALVARO RAMOS, AV SAO PAULO SP",-23.5528151,-46.613419
"11645","D061302027",8715,"HENRIQUE SCHURIG, RUA",NA,"",250,"","19/06/2013 07:12",2,"CO",66,2607," "," ",1,1,0,0,0,0,0,0,0,0,0,0,0,0,0,0,0,8715,"HENRIQUE SCHURIG, RUA",NA,"",24,"CIDADE LIDER",1,0,"HENRIQUE SCHURIG, RUA 250 SAO PAULO SP",-23.5522464,-46.5004554
"11646","D061300408",12193,"LUIS CARLOS BERRINI, AV ENG",NA,"",1420,"","19/06/2013 07:34",4,"AT",96,2858," "," ",1,0,0,0,0,0,0,0,0,0,0,0,0,0,0,0,0,12193,"LUIS CARLOS BERRINI, AV ENG",NA,"",34,"ITAIM BIBI",1,0,"LUIS CARLOS BERRINI, AV ENG 1420 SAO PAULO SP",-23.6091015,-46.6943905
"11647","D061300279",14710,"MERCES, RUA NSRA DAS",NA,"",648,"","19/06/2013 07:45",2,"CO",26,5520," "," ",1,1,0,0,0,0,0,0,0,0,0,0,0,0,0,0,0,14710,"MERCES, RUA NSRA DAS",NA,"",69,"SACOMA",2,0,"MERCES, RUA NSRA DAS 648 SAO PAULO SP",-23.5505199,-46.6333094
"11648","D061300325",8816,"GUSTAVO DA SILVEIRA, RUA",3585,"JOAO BARRETO DE MENEZES, AV",0,"","19/06/2013 07:50",2,"CT",35,4942," "," ",1,1,0,0,0,0,0,0,0,0,0,0,0,0,0,0,0,3585,"JOAO BARRETO DE MENEZES, AV",8816,"GUSTAVO DA SILVEIRA, RUA",37,"JABAQUARA",2,0,"GUSTAVO DA SILVEIRA, RUA SAO PAULO SP &  JOAO BARRETO DE MENEZES, AV SAO PAULO SP",-23.6484288,-46.6606419
"11649","D061300548",18519,"SUMARE, AV",NA,"",1277,"","19/06/2013 08:00",4,"AT",23,3479," "," ",0,1,0,0,0,0,0,0,0,0,0,0,0,0,0,0,0,18519,"SUMARE, AV",NA,"",61,"PERDIZES",2,0,"SUMARE, AV 1277 SAO PAULO SP",-23.5405129,-46.6754836
"11652","D061301883",4936,"CEMBIRA, RUA",NA,"",1481,"","19/06/2013 08:30",2,"CO",67,1674," "," ",0,1,0,0,0,0,0,0,0,0,0,1,0,0,0,0,0,4936,"CEMBIRA, RUA",NA,"",86,"VILA CURUCA",1,0,"CEMBIRA, RUA 1481 SAO PAULO SP",-23.5095005,-46.4292592
"11653","D061300304",4882,"CHIBARAS, AV",14531,"NHAMBIQUARAS, AL DOS",0,"","19/06/2013 08:43",2,"CO",27,6492," "," ",2,0,0,0,0,0,0,0,0,0,0,0,0,0,0,0,0,4882,"CHIBARAS, AV",14531,"NHAMBIQUARAS, AL DOS",53,"MOEMA",2,0,"CHIBARAS, AV SAO PAULO SP &  NHAMBIQUARAS, AL DOS SAO PAULO SP",-23.6045131,-46.6569561
"11655","D061300959",541,"ALCANTARA, RUA",1930,"NADIR DIAS DE FIGUEIREDO, AV",0,"","19/06/2013 09:00",2,"CO",19,2320," "," ",2,0,0,0,0,0,0,0,0,0,0,0,0,0,0,0,0,541,"ALCANTARA, RUA",1930,"NADIR DIAS DE FIGUEIREDO, AV",88,"VILA GUILHERME",3,0,"ALCANTARA, RUA SAO PAULO SP &  NADIR DIAS DE FIGUEIREDO, AV SAO PAULO SP",-23.5232036,-46.5919291
"11656","D061301590",12134,"ANTONIO RAMOS ROSA, RUA",NA,"",973,"","19/06/2013 09:10",2,"CT",92,3829," "," ",1,1,0,0,0,0,0,0,0,0,0,0,0,0,0,0,0,12134,"ANTONIO RAMOS ROSA, RUA",NA,"",45,"JARDIM SAO LUIS",1,0,"ANTONIO RAMOS ROSA, RUA 973 SAO PAULO SP",-23.6616535,-46.7500602
"11657","D061300389",19583,"VERGUEIRO, RUA",NA,"",8900,"","19/06/2013 09:14",2,"CO",95,2827," "," ",1,1,0,0,0,0,0,0,0,0,0,0,0,0,0,0,0,19583,"VERGUEIRO, RUA",NA,"",33,"IPIRANGA",1,0,"VERGUEIRO, RUA 8900 SAO PAULO SP",-23.6177242,-46.6055974
"11658","D061301482",41808,"JACEGUAVA, ES DO",NA,"",2802,"","19/06/2013 09:25",2,"CH",25,1596," "," ",0,1,0,0,0,0,0,0,0,0,0,1,0,0,0,0,0,41808,"JACEGUAVA, ES DO",NA,"",76,"SAO MIGUEL",1,0,"JACEGUAVA, ES DO 2802 SAO PAULO SP",-23.5505199,-46.6333094
"11660","D061300287",19100,"BANDEIRANTES, AV DOS",NA,"",5627,"","19/06/2013 09:30",2,"CO",27,5642," "," ",1,1,0,0,0,0,0,0,0,0,0,0,0,0,0,0,0,19100,"BANDEIRANTES, AV DOS",NA,"",24,"CIDADE LIDER",1,0,"BANDEIRANTES, AV DOS 5627 SAO PAULO SP",-23.6265635,-46.6486496
"11662","D061301048",9078,"IMIRIM, AV",NA,"",4020,"","19/06/2013 09:45",2,"QM",38,3031," "," ",0,1,0,0,0,0,0,0,0,0,0,0,0,0,0,0,0,9078,"IMIRIM, AV",NA,"",71,"SANTANA",1,0,"IMIRIM, AV 4020 SAO PAULO SP",-23.4772281,-46.6626927
"11663","D061300419",7682,"GABRIEL DE REZENDE PASSOS, AV MIN",NA,"",319,"","19/06/2013 10:00",4,"AT",96,6489," "," ",1,0,0,0,0,0,0,0,0,0,0,0,0,0,0,0,0,7682,"GABRIEL DE REZENDE PASSOS, AV MIN",NA,"",53,"MOEMA",1,0,"GABRIEL DE REZENDE PASSOS, AV MIN 319 SAO PAULO SP",-23.5997272,-46.6628624
"11665","D061301393",19018,"TOBIAS BARRETO, RUA",NA,"",812,"","19/06/2013 10:08",2,"CO",57,2469," "," ",1,1,0,0,0,0,0,0,0,0,0,0,0,0,0,0,0,19018,"TOBIAS BARRETO, RUA",NA,"",10,"BRAS",1,0,"TOBIAS BARRETO, RUA 812 SAO PAULO SP",-23.5509472,-46.5891138
"11666","D061302097",13317,"MARIA PAULA, RUA",1003,"SANTO AMARO, RUA",0,"","19/06/2013 10:15",4,"AT",1,4954," "," ",0,0,1,0,0,0,0,0,0,0,0,0,0,0,0,0,0,1003,"SANTO AMARO, RUA",13317,"MARIA PAULA, RUA",67,"REPUBLICA",1,1,"MARIA PAULA, RUA SAO PAULO SP &  SANTO AMARO, RUA SAO PAULO SP",-23.5519873,-46.639229
"11668","D061300681",9529,"ITAPECERICA, ES DE",NA,"",3000,"","19/06/2013 10:40",4,"AT",37,7700," "," ",0,1,0,0,0,0,0,0,0,0,0,0,0,0,0,0,0,9529,"ITAPECERICA, ES DE",NA,"",29,"FREGUESIA DO O",1,0,"ITAPECERICA, ES DE 3000 SAO PAULO SP",-23.5505199,-46.6333094
"11669","D061300285",10918,"JOSE DINIZ, AV VER",NA,"",2534,"","19/06/2013 11:30",2,"CO",27,2293," "," ",1,1,0,0,0,0,0,0,0,0,0,0,0,0,0,0,0,10918,"JOSE DINIZ, AV VER",NA,"",15,"CAMPO BELO",1,0,"JOSE DINIZ, AV VER 2534 SAO PAULO SP",-23.6241519,-46.6813419
"11670","D061300760",16878,"RAPOSO TAVARES, VIA",NA,"",182,"","19/06/2013 11:30",2,"CO",75,2113," "," ",0,1,0,1,0,0,0,0,0,0,0,0,0,0,0,0,0,16878,"RAPOSO TAVARES, VIA",NA,"",13,"CACHOEIRINHA",1,0,"RAPOSO TAVARES, VIA 182 SAO PAULO SP",-23.6623019,-46.5720261
"11671","D061301290",17629,"SALIM FARAH MALUF, RUA",NA,"",4356,"","19/06/2013 11:34",2,"CT",29,1540," "," ",3,0,0,0,0,0,0,0,0,0,0,0,0,0,0,0,0,17629,"SALIM FARAH MALUF, RUA",NA,"",26,"CONSOLACAO",1,0,"SALIM FARAH MALUF, RUA 4356 SAO PAULO SP",-23.5672651,-46.5743309
"11672","D061300409",6238,"NACOES UNIDAS, AV DAS",NA,"",11500,"","19/06/2013 12:00",2,"CO",96,2272," "," ",0,1,0,0,0,0,0,0,0,0,0,1,0,0,0,0,0,13014,"MARGINAL DO RIO PINHEIROS, AV",NA,"",90,"VILA LEOPOLDINA",1,0,"NACOES UNIDAS, AV DAS 11500 SAO PAULO SP",-23.6791543,-46.6960961
"11674","D061301812",14094,"MOGI DAS CRUZES, ES DE",NA,"",1999,"","19/06/2013 12:14",4,"AT",62,2430,"C"," ",1,0,0,0,0,0,0,0,0,0,0,0,0,0,0,0,0,14094,"MOGI DAS CRUZES, ES DE",NA,"",65,"PONTE RASA",1,0,"MOGI DAS CRUZES, ES DE 1999 SAO PAULO SP",-23.5505199,-46.6333094
"11676","D061300165",4561,"CASTELO BRANCO, AV PRES",12654,"MANUEL DE ABREU, RUA",0,"","19/06/2013 12:30",2,"CO",12,3358," "," ",0,1,0,0,0,0,0,1,0,0,0,0,0,0,0,0,0,4561,"CASTELO BRANCO, AV PRES",12654,"MANUEL DE ABREU, RUA",NA,"",1,0,"CASTELO BRANCO, AV PRES SAO PAULO SP &  MANUEL DE ABREU, RUA SAO PAULO SP",-23.5216047,-46.6390428
"11677","D061302009",17824,"SAPOPEMBA, AV",NA,"",26000,"","19/06/2013 12:40",2,"CH",55,2385," "," ",1,0,0,0,0,0,0,0,0,0,0,0,0,0,0,0,0,17824,"SAPOPEMBA, AV",NA,"",33,"IPIRANGA",1,0,"SAPOPEMBA, AV 26000 SAO PAULO SP",-23.6228321,-46.4438559
"11678","D061301899",14720,"GUADALUPE, AV NSRA DE",NA,"",212,"","19/06/2013 13:49",4,"AT",103,2423," "," ",0,1,0,0,0,0,0,0,0,0,0,0,0,0,0,0,0,14720,"GUADALUPE, AV NSRA DE",NA,"",36,"ITAQUERA",1,0,"GUADALUPE, AV NSRA DE 212 SAO PAULO SP",-23.5505199,-46.6333094
"11679","D061300164",4561,"CASTELO BRANCO, AV PRES",4632,"CATUMBI, RUA",0,"","19/06/2013 14:16",2,"CO",12,3355," "," ",1,1,0,1,0,0,0,0,0,0,0,0,0,0,0,0,0,4561,"CASTELO BRANCO, AV PRES",4632,"CATUMBI, RUA",8,"BELEM",1,0,"CASTELO BRANCO, AV PRES SAO PAULO SP &  CATUMBI, RUA SAO PAULO SP",-23.5216047,-46.6390428
"11680","D061301422",19035,"TOLEDO BARBOSA, RUA",16931,"REDENCAO, RUA",0,"","19/06/2013 14:35",4,"AT",81,1770," "," ",0,0,1,0,0,0,0,0,0,0,0,0,0,0,0,0,0,16931,"REDENCAO, RUA",19035,"TOLEDO BARBOSA, RUA",8,"BELEM",1,0,"TOLEDO BARBOSA, RUA SAO PAULO SP &  REDENCAO, RUA SAO PAULO SP",-23.5414976,-46.5873732
"11681","D061301663",8438,"GUAVIRUTUBA, ES",NA,"",1195,"","19/06/2013 14:50",2,"CO",100,3151," "," ",1,1,0,0,0,0,0,0,0,0,0,0,0,0,0,0,0,8438,"GUAVIRUTUBA, ES",NA,"",42,"JARDIM ANGELA",1,0,"GUAVIRUTUBA, ES 1195 SAO PAULO SP",-23.5505199,-46.6333094
"11682","D061301192",14736,"O, AV NSRA DO",NA,"",193,"","19/06/2013 14:50",2,"CH",74,2581,"C"," ",2,0,0,0,0,0,0,0,0,0,0,1,0,0,0,0,0,14736,"O, AV NSRA DO",NA,"",50,"LIMAO",1,0,"O, AV NSRA DO 193 SAO PAULO SP",-23.5505199,-46.6333094
"11683","D061300004",15629,"PAULA SOUSA, RUA",16438,"PLINIO RAMOS, RUA",0,"","19/06/2013 15:30",2,"CL",1,3889," "," ",0,1,0,0,0,0,0,0,0,0,0,1,0,0,0,0,0,15629,"PAULA SOUSA, RUA",16438,"PLINIO RAMOS, RUA",NA,"",1,0,"PAULA SOUSA, RUA SAO PAULO SP &  PLINIO RAMOS, RUA SAO PAULO SP",-23.5381452,-46.6306864
"11684","D061301501",5606,"CUPECE, AV",NA,"",4893,"","19/06/2013 15:59",2,"CO",43,2349," "," ",0,1,0,0,0,0,0,0,0,0,0,1,0,0,0,0,0,5606,"CUPECE, AV",NA,"",22,"CIDADE ADEMAR",1,0,"CUPECE, AV 4893 SAO PAULO SP",-23.6767,-46.6416479
"11685","D061300847",4427,"CARLOS WEBER, RUA",13854,"MERGENTHALER, RUA",0,"","19/06/2013 16:00",4,"AT",91,4575," "," ",0,1,0,0,0,0,0,0,0,0,0,0,0,0,0,0,0,4427,"CARLOS WEBER, RUA",13854,"MERGENTHALER, RUA",90,"VILA LEOPOLDINA",1,0,"CARLOS WEBER, RUA SAO PAULO SP &  MERGENTHALER, RUA SAO PAULO SP",-23.5259848,-46.7315658
"11686","D061301316",4144,"CANTAGALO, RUA",NA,"",2187,"","19/06/2013 16:30",4,"AT",30,3810," "," ",1,0,0,0,0,0,0,0,0,0,0,0,0,0,0,0,0,4144,"CANTAGALO, RUA",NA,"",20,"CARRAO",1,0,"CANTAGALO, RUA 2187 SAO PAULO SP",-23.5429729,-46.5529672
"11687","D061300410",26502,"ARY TORRES, PTE ENG",19100,"BANDEIRANTES, AV DOS",0,"","19/06/2013 16:30",2,"CO",96,2958," "," ",1,1,0,0,0,0,0,0,0,0,0,0,0,0,0,0,0,19100,"BANDEIRANTES, AV DOS",26502,"ARY TORRES, PTE ENG",NA,"",1,0,"ARY TORRES, PTE ENG SAO PAULO SP &  BANDEIRANTES, AV DOS SAO PAULO SP",-23.585265,-46.6905933
"11688","D061302125",7645,"FRONTIN, AV CD DE",2181,"ARICANDUVA, AV",0,"","19/06/2013 16:42",2,"CT",62,2438,"B"," ",1,0,1,0,0,0,0,0,0,0,0,0,0,0,0,0,0,2181,"ARICANDUVA, AV",7645,"FRONTIN, AV CD DE",93,"VILA MATILDE",0,1,"FRONTIN, AV CD DE SAO PAULO SP &  ARICANDUVA, AV SAO PAULO SP",-23.5505199,-46.6333094
"11690","D061300884",6110,"DUARTE DE AZEVEDO, RUA",NA,"",334,"","19/06/2013 17:00",2,"QF",9,3435," "," ",0,0,0,0,0,0,0,1,0,0,0,0,0,0,0,0,0,6110,"DUARTE DE AZEVEDO, RUA",NA,"",71,"SANTANA",1,0,"DUARTE DE AZEVEDO, RUA 334 SAO PAULO SP",-23.5010988,-46.6227006
"11691","D061301789",9477,"ITAJUIBE, RUA",NA,"",1175,"","19/06/2013 17:00",4,"AT",50,7638," "," ",1,0,0,0,0,0,0,0,0,0,0,0,0,0,0,0,0,9477,"ITAJUIBE, RUA",NA,"",35,"ITAIM PAULISTA",1,0,"ITAJUIBE, RUA 1175 SAO PAULO SP",-23.5061706,-46.3884731
"11692","D061301412",43408,"ABEL FERREIRA, AV VER",14196,"MONTEMAGNO, AV",0,"","19/06/2013 17:00",2,"CL",58,3806," "," ",1,1,0,0,0,0,0,0,0,0,0,0,0,0,0,0,0,14196,"MONTEMAGNO, AV",43408,"ABEL FERREIRA, AV VER",1,"AGUA RASA",1,0,"ABEL FERREIRA, AV VER SAO PAULO SP &  MONTEMAGNO, AV SAO PAULO SP",-23.5650195,-46.5589073
"11693","D061302124",17824,"SAPOPEMBA, AV",63256,"CANDIDO XAVIER, RUA",0,"","19/06/2013 17:05",4,"AT",55,2389," "," ",0,0,1,0,0,0,0,0,0,0,0,0,0,0,0,0,0,17824,"SAPOPEMBA, AV",63256,"CANDIDO XAVIER, RUA",77,"SAO RAFAEL",0,1,"SAPOPEMBA, AV SAO PAULO SP &  CANDIDO XAVIER, RUA SAO PAULO SP",-23.6148326,-46.5024993
"11694","D061302055",78852,"DOURADOQUARA, RUA",NA,"",230,"","19/06/2013 17:30",4,"AT",69,7547," "," ",0,1,0,0,0,0,0,0,0,0,0,0,0,0,0,0,0,78852,"DOURADOQUARA, RUA",NA,"",56,"PARELHEIROS",1,0,"DOURADOQUARA, RUA 230 SAO PAULO SP",-23.5961793,-46.5022112
"11695","D061301788",17820,"TITO, AV MAL",NA,"",6035,"","19/06/2013 17:30",4,"AT",50,7620," "," ",0,0,0,0,0,0,0,0,0,0,0,1,0,0,0,0,0,17820,"TITO, AV MAL",NA,"",53,"MOEMA",1,0,"TITO, AV MAL 6035 SAO PAULO SP",-23.4924549,-46.3882893
"11697","D061301394",15034,"ORATORIO, RUA DO",NA,"",2670,"","19/06/2013 17:50",2,"CT",57,2502,"B"," ",1,0,0,0,0,0,0,0,0,0,0,1,0,0,0,0,0,15034,"ORATORIO, RUA DO",NA,"",16,"CAMPO GRANDE",2,0,"ORATORIO, RUA DO 2670 SAO PAULO SP",-23.570525,-46.5813718
"11698","D061300748",13019,"ESCOLA POLITECNICA, AV",1363,"JORGE WARD, RUA",0,"","19/06/2013 18:20",2,"CO",51,6307," "," ",1,0,0,0,1,0,0,0,0,0,0,0,0,0,0,0,0,1363,"JORGE WARD, RUA",22165,"PABLO CASALS, AV",45,"JARDIM SAO LUIS",1,0,"ESCOLA POLITECNICA, AV SAO PAULO SP &  JORGE WARD, RUA SAO PAULO SP",-23.5585284,-46.7466636
"11699","D061301979",36387,"JAIME RIBEIRO WRIGHT, RUA",NA,"",1225,"","19/06/2013 18:30",2,"QM",53,4431," "," ",0,1,0,0,0,0,0,0,0,0,0,0,0,0,0,0,0,36387,"JAIME RIBEIRO WRIGHT, RUA",NA,"",50,"LIMAO",1,0,"JAIME RIBEIRO WRIGHT, RUA 1225 SAO PAULO SP",-23.5695229,-46.4358282
"11700","D061301508",5606,"CUPECE, AV",9091,"MOACIR EIK ALVARO, RUA PROF",0,"","19/06/2013 18:30",2,"CT",43,2590," "," ",0,1,0,0,0,0,0,0,0,0,0,0,0,0,0,0,0,5606,"CUPECE, AV",9091,"MOACIR EIK ALVARO, RUA PROF",NA,"",1,0,"CUPECE, AV SAO PAULO SP &  MOACIR EIK ALVARO, RUA PROF SAO PAULO SP",-23.6626179,-46.6622987
"11701","D061300378",5618,"CURSINO, AV DO",NA,"",3342,"","19/06/2013 18:40",2,"CO",83,5538," "," ",0,1,0,0,0,0,0,0,0,0,0,0,0,0,0,0,0,5618,"CURSINO, AV DO",NA,"",27,"CURSINO",2,0,"CURSINO, AV DO 3342 SAO PAULO SP",-23.6307395,-46.6177904
"11702","D061300089",989,"AMARAL GURGEL, RUA",NA,"",100,"","19/06/2013 19:20",2,"CO",4,5381," "," ",1,1,0,0,0,0,0,0,0,0,0,0,0,0,0,0,0,989,"AMARAL GURGEL, RUA",NA,"",67,"REPUBLICA",1,0,"AMARAL GURGEL, RUA 100 SAO PAULO SP",-23.5426454,-46.6478986
"11703","D061301759",5687,"DANFER, AV",NA,"",100,"","19/06/2013 19:58",2,"CO",24,6698," "," ",1,0,0,0,0,0,0,0,0,0,0,0,0,0,0,0,0,5687,"DANFER, AV",NA,"",18,"CANGAIBA",1,0,"DANFER, AV 100 SAO PAULO SP",-23.5045049,-46.5059502
"11704","D061301516",5606,"CUPECE, AV",NA,"",2100,"","19/06/2013 20:00",2,"CL",43,6551," "," ",1,1,0,0,0,0,0,0,0,0,0,0,0,0,0,0,0,5606,"CUPECE, AV",NA,"",22,"CIDADE ADEMAR",1,0,"CUPECE, AV 2100 SAO PAULO SP",-23.6612763,-46.6635985
"11705","D061301535",73185,"FELIPE GUITON, RUA ENG",NA,"",143,"","19/06/2013 20:00",4,"AT",47,7647," "," ",0,1,0,0,0,0,0,0,0,0,0,0,0,0,0,0,0,73185,"FELIPE GUITON, RUA ENG",NA,"",29,"FREGUESIA DO O",1,0,"FELIPE GUITON, RUA ENG 143 SAO PAULO SP",-23.6629216,-46.7878941
"11706","D061301052",15426,"PARADA PINTO, AV",NA,"",2262,"","19/06/2013 20:00",2,"QF",38,3271," "," ",0,0,0,0,0,0,0,1,0,0,0,0,0,0,0,0,0,15426,"PARADA PINTO, AV",NA,"",8,"BELEM",1,0,"PARADA PINTO, AV 2262 SAO PAULO SP",-23.4702134,-46.649114
"11707","D061300220",10004,"JAU, AL",12165,"LUIS ANTONIO, AV BRIG",0,"","19/06/2013 20:10",2,"CO",78,5382," "," ",1,0,0,0,1,0,0,0,0,0,0,0,0,0,0,0,0,10004,"JAU, AL",12165,"LUIS ANTONIO, AV BRIG",44,"JARDIM PAULISTA",1,0,"JAU, AL SAO PAULO SP &  LUIS ANTONIO, AV BRIG SAO PAULO SP",-23.5679832,-46.6526752
"11708","D061301094",6163,"EDE, AV",NA,"",383,"","19/06/2013 20:30",2,"CO",39,6657,"C"," ",1,1,0,0,0,0,0,0,0,0,0,0,0,0,0,0,0,6163,"EDE, AV",NA,"",94,"VILA MEDEIROS",1,0,"EDE, AV 383 SAO PAULO SP",-23.4957551,-46.5931013
"11709","D061301673",31402,"AGAMENON PEREIRA DA SILVA, RUA",NA,"",200,"","19/06/2013 20:50",4,"AT",100,7632," "," ",1,0,0,0,0,0,0,0,0,0,0,0,0,0,0,0,0,31402,"AGAMENON PEREIRA DA SILVA, RUA",NA,"",32,"IGUATEMI",1,0,"AGAMENON PEREIRA DA SILVA, RUA 200 SAO PAULO SP",-23.6953296,-46.7789416
"11710","D061301325",4502,"CARRAO, AV CONS",NA,"",3341,"","19/06/2013 21:30",2,"QD",31,3808," "," ",0,0,1,0,0,0,0,0,0,0,0,0,0,0,0,0,0,4502,"CARRAO, AV CONS",NA,"",20,"CARRAO",1,0,"CARRAO, AV CONS 3341 SAO PAULO SP",-23.5519085,-46.5300027
"11711","D061300538",17252,"ROCIO, RUA DO",NA,"",109,"","19/06/2013 22:50",2,"CT",15,8423," "," ",1,1,0,0,0,0,0,0,0,0,0,0,0,0,0,0,0,17252,"ROCIO, RUA DO",NA,"",28,"ERMELINO MATARA",1,0,"ROCIO, RUA DO 109 SAO PAULO SP",-23.5937538,-46.6848479
"11712","D061301401",72835,"JOAO INACIO TEIXEIRA, RUA DR",7033,"FERNANDO FALCAO, RUA",0,"","19/06/2013 22:50",2,"SI",57,4157," "," ",1,1,0,0,0,0,0,0,0,0,0,0,0,0,0,0,0,4543,"CASSANDOCA, AV",7033,"FERNANDO FALCAO, RUA",54,"MOOCA",1,0,"JOAO INACIO TEIXEIRA, RUA DR SAO PAULO SP &  FERNANDO FALCAO, RUA SAO PAULO SP",-23.5579323,-46.5851156
"11713","D061300390",5762,"DELAMARE, AV ALM",NA,"",1335,"","20/06/2013 02:00",2,"CH",95,2857," "," ",1,0,0,0,0,0,0,0,0,0,0,0,0,0,0,0,0,5762,"DELAMARE, AV ALM",NA,"",33,"IPIRANGA",1,0,"DELAMARE, AV ALM 1335 SAO PAULO SP",-23.6060932,-46.5937068
"11714","D061301761",13881,"MIGUEL, AV S",NA,"",4078,"","20/06/2013 04:40",2,"CO",24,6714," "," ",1,0,0,1,0,0,0,0,0,0,0,0,0,0,0,0,0,13881,"MIGUEL, AV S",NA,"",65,"PONTE RASA",1,0,"MIGUEL, AV S 4078 SAO PAULO SP",-23.5083867,-46.4937245
"11715","D061300652",16339,"CARLOS LACERDA, AV",NA,"",185,"","20/06/2013 05:25",4,"AT",37,4764," "," ",0,1,0,0,0,0,0,0,0,0,0,0,0,0,0,0,0,16339,"CARLOS LACERDA, AV",NA,"",29,"FREGUESIA DO O",1,0,"CARLOS LACERDA, AV 185 SAO PAULO SP",-23.6350518,-46.7755
"11716","D061300818",8000,"GIOVANNI GRONCHI, AV",NA,"",4499,"","20/06/2013 06:00",2,"CH",89,5552," "," ",1,0,0,0,0,0,0,0,0,0,0,0,0,0,0,0,0,8000,"GIOVANNI GRONCHI, AV",NA,"",55,"MORUMBI",1,0,"GIOVANNI GRONCHI, AV 4499 SAO PAULO SP",-23.6191324,-46.7328132