"","id_acidente","codloga","logradouroA","codlogb","logradouroB","alt_num","referencia","data","cod_acid","tipo_acidente","dp","numero_BO","sentido","pista","automovel","moto","onibus","caminhao","bicicleta","moto_taxi","onibus_fretado","onibus_urbano","microonibus","van","vuc","caminhonete","carreta","jipe","outros","sem_informacao","carroca","princ_a","paiA","princ_b","paiB","cod_distrito","distrito","vit_ferida","vit_morta","local","lat","lon"
"11717","D061300912",19884,"VOLUNTARIOS DA PATRIA, RUA",NA,"",2600,"","20/06/2013 06:10",2,"CT",13,5944," "," ",1,1,0,0,0,0,0,0,0,0,0,0,0,0,0,0,0,19884,"VOLUNTARIOS DA PATRIA, RUA",NA,"",8,"BELEM",1,0,"VOLUNTARIOS DA PATRIA, RUA 2600 SAO PAULO SP",-23.4974713,-46.6257952
"11718","D061301504",4734,"CELSO DOS SANTOS, AV",NA,"",717,"","20/06/2013 06:20",2,"CL",43,2357," "," ",0,1,0,0,0,0,0,0,0,0,0,1,0,0,0,0,0,4734,"CELSO DOS SANTOS, AV",NA,"",22,"CIDADE ADEMAR",1,0,"CELSO DOS SANTOS, AV 717 SAO PAULO SP",-23.6694417,-46.6673774
"11719","D061300988",18151,"SEZEFREDO FAGUNDES, AV CEL",14847,"TEIXEIRA DAS NEVES, RUA DR",0,"","20/06/2013 06:30",2,"QM",20,5820," "," ",0,1,0,0,0,0,0,0,0,0,0,0,0,0,0,0,0,14847,"TEIXEIRA DAS NEVES, RUA DR",18151,"SEZEFREDO FAGUNDES, AV CEL",83,"TREMEMBE",1,0,"SEZEFREDO FAGUNDES, AV CEL SAO PAULO SP &  TEIXEIRA DAS NEVES, RUA DR SAO PAULO SP",-23.4550902,-46.6022715
"11720","D061300068",4659,"CAXIAS, AV DUQ DE",11883,"LIMEIRA, AL BR DE",0,"","20/06/2013 06:38",2,"CO",3,4938," "," ",1,1,0,0,0,0,0,0,0,0,0,0,0,0,0,0,0,4659,"CAXIAS, AV DUQ DE",11883,"LIMEIRA, AL BR DE",67,"REPUBLICA",1,0,"CAXIAS, AV DUQ DE SAO PAULO SP &  LIMEIRA, AL BR DE SAO PAULO SP",-23.5505199,-46.6333094
"11721","D061301503",5606,"CUPECE, AV",NA,"",3320,"","20/06/2013 06:40",2,"CO",43,2352," "," ",1,1,0,0,0,0,0,0,0,0,0,0,0,0,0,0,0,5606,"CUPECE, AV",NA,"",22,"CIDADE ADEMAR",1,0,"CUPECE, AV 3320 SAO PAULO SP",-23.6676378,-46.6532038
"11723","D061301326",18615,"TAMAINDE, RUA",14234,"MORAVIA, RUA",0,"","20/06/2013 08:00",2,"CO",31,3815," "," ",1,1,0,0,0,0,0,0,0,0,0,0,0,0,0,0,0,14234,"MORAVIA, RUA",18615,"TAMAINDE, RUA",20,"CARRAO",1,0,"TAMAINDE, RUA SAO PAULO SP &  MORAVIA, RUA SAO PAULO SP",-23.5440283,-46.5348894
"11724","D061300373",13915,"MIGUEL ESTEFANO, AV",NA,"",999,"","20/06/2013 08:08",2,"CL",83,1392,"B"," ",0,1,0,0,0,0,0,0,0,0,0,1,0,0,0,0,0,13915,"MIGUEL ESTEFANO, AV",NA,"",27,"CURSINO",1,0,"MIGUEL ESTEFANO, AV 999 SAO PAULO SP",-23.6221416,-46.6301723
"11725","D061301502",5606,"CUPECE, AV",NA,"",3689,"","20/06/2013 08:10",2,"CO",43,2351," "," ",1,1,0,0,0,0,0,0,0,0,0,0,0,0,0,0,0,5606,"CUPECE, AV",NA,"",22,"CIDADE ADEMAR",1,0,"CUPECE, AV 3689 SAO PAULO SP",-23.6688433,-46.6499275
"11726","D061301569",20048,"YERVANT KISSAJIKIAN, AV",NA,"",2874,"","20/06/2013 08:30",2,"CO",80,900016," "," ",1,1,0,0,0,0,0,0,0,0,0,0,0,0,0,0,0,20048,"YERVANT KISSAJIKIAN, AV",NA,"",29,"FREGUESIA DO O",2,0,"YERVANT KISSAJIKIAN, AV 2874 SAO PAULO SP",-23.6803828,-46.654636
"11727","D061300374",13915,"MIGUEL ESTEFANO, AV",NA,"",999,"","20/06/2013 08:40",2,"CL",83,1393," "," ",1,1,0,0,0,0,0,0,0,0,0,0,0,0,0,0,0,13915,"MIGUEL ESTEFANO, AV",NA,"",27,"CURSINO",1,0,"MIGUEL ESTEFANO, AV 999 SAO PAULO SP",-23.6221416,-46.6301723
"11728","D061300372",15239,"OURIVES, AV DOS",NA,"",632,"","20/06/2013 08:44",2,"CO",83,1391," "," ",1,1,0,0,0,0,0,0,0,0,0,0,0,0,0,0,0,15239,"OURIVES, AV DOS",NA,"",21,"CASA VERDE",1,0,"OURIVES, AV DOS 632 SAO PAULO SP",-23.6552047,-46.608758
"11729","D061301074",9170,"INES, AV STA",13554,"MARQUES, RUA",0,"","20/06/2013 08:45",2,"CO",38,7062," "," ",1,1,0,0,0,0,0,0,0,0,0,0,0,0,0,0,0,9170,"INES, AV STA",13554,"MARQUES, RUA",51,"MANDAQUI",1,0,"INES, AV STA SAO PAULO SP &  MARQUES, RUA SAO PAULO SP",-23.4571244,-46.6487598
"11730","D061301505",5606,"CUPECE, AV",1072,"ALVARES FAGUNDES, RUA",0,"","20/06/2013 09:00",2,"CO",43,2373," "," ",0,0,0,1,1,0,0,0,0,0,0,0,0,0,0,0,0,4657,"NICOLAU MARIA ROSSETTI, RUA PROF",5606,"CUPECE, AV",22,"CIDADE ADEMAR",1,0,"CUPECE, AV SAO PAULO SP &  ALVARES FAGUNDES, RUA SAO PAULO SP",-23.6626179,-46.6622987
"11731","D061301760",954,"AMADOR BUENO DA VEIGA, AV",NA,"",2932,"","20/06/2013 09:02",2,"CO",24,6710," "," ",1,1,0,0,0,0,0,0,0,0,0,0,0,0,0,0,0,954,"AMADOR BUENO DA VEIGA, AV",NA,"",60,"PENHA",2,0,"AMADOR BUENO DA VEIGA, AV 2932 SAO PAULO SP",-23.5222967,-46.5178522
"11732","D061300305",8944,"IBIRAPUERA, AV",NA,"",2000,"","20/06/2013 09:30",2,"QD",27,6527," "," ",0,0,1,0,0,0,0,0,0,0,0,0,0,0,0,0,0,8944,"IBIRAPUERA, AV",NA,"",53,"MOEMA",1,0,"IBIRAPUERA, AV 2000 SAO PAULO SP",-23.6024183,-46.6612647
"11733","D061301547",2483,"ATLANTICA ANT. ROBERT KENNEDY, AV",NA,"",5555,"","20/06/2013 09:50",2,"CL",48,2365," "," ",0,1,1,0,0,0,0,0,0,0,0,0,0,0,0,0,0,2483,"ATLANTICA ANT. ROBERT KENNEDY, AV",NA,"",23,"CIDADE DUTRA",2,0,"ATLANTICA ANT. ROBERT KENNEDY, AV 5555 SAO PAULO SP",-23.5505199,-46.6333094
"11734","D061301636",6238,"NACOES UNIDAS, AV DAS",9220,"INTERLAGOS, AV",0,"","20/06/2013 10:10",2,"CO",99,2573," "," ",2,1,0,0,0,0,0,0,0,0,0,0,0,0,0,0,0,6238,"NACOES UNIDAS, AV DAS",9220,"INTERLAGOS, AV",16,"CAMPO GRANDE",2,0,"NACOES UNIDAS, AV DAS SAO PAULO SP &  INTERLAGOS, AV SAO PAULO SP",-23.5735935,-46.7008864
"11735","D061301664",12403,"M'BOI MIRIM, ES",NA,"",6150,"","20/06/2013 10:13",2,"CO",100,3177," "," ",0,1,0,0,0,0,0,1,0,0,0,0,0,0,0,0,0,12403,"M'BOI MIRIM, ES",NA,"",42,"JARDIM ANGELA",1,0,"M'BOI MIRIM, ES 6150 SAO PAULO SP",-23.5505199,-46.6333094
"11736","D061300257",5421,"COSTA AGUIAR, RUA",11874,"LIMA E SILVA, RUA",0,"","20/06/2013 10:31",4,"AT",17,3242," "," ",0,0,0,0,0,0,0,0,0,0,0,1,0,0,0,0,0,5421,"COSTA AGUIAR, RUA",11874,"LIMA E SILVA, RUA",33,"IPIRANGA",1,0,"COSTA AGUIAR, RUA SAO PAULO SP &  LIMA E SILVA, RUA SAO PAULO SP",-23.5846133,-46.6065694
"11737","D061300117",11794,"LEOPOLDO MIGUEZ, RUA",6642,"ESTADO, AV DO",0,"","20/06/2013 10:54",4,"AT",6,2932," "," ",0,1,0,0,0,0,0,0,0,0,0,0,0,0,0,0,0,6642,"ESTADO, AV DO",11794,"LEOPOLDO MIGUEZ, RUA",14,"CAMBUCI",1,0,"LEOPOLDO MIGUEZ, RUA SAO PAULO SP &  ESTADO, AV DO SAO PAULO SP",-23.5567013,-46.6257888
"11738","D061301689",3509,"BELMIRA MARIN, AV DONA",NA,"",1277,"","20/06/2013 11:30",4,"AT",101,4857," "," ",0,1,0,0,0,0,0,0,0,0,0,0,0,0,0,0,0,3509,"BELMIRA MARIN, AV DONA",NA,"",30,"GRAJAU",1,0,"BELMIRA MARIN, AV DONA 1277 SAO PAULO SP",-23.7415855,-46.691662
"11739","D061300885",36061,"LUIZ DUMONT VILLARES, AV",NA,"",542,"","20/06/2013 11:45",2,"CO",9,3454,"B"," ",0,1,0,0,0,0,0,0,0,1,0,0,0,0,0,0,0,36061,"LUIZ DUMONT VILLARES, AV",NA,"",22,"CIDADE ADEMAR",1,0,"LUIZ DUMONT VILLARES, AV 542 SAO PAULO SP",-23.4973758,-46.6123184
"11740","D061301073",44645,"DIREITOS HUMANOS, AV",NA,"",100,"","20/06/2013 11:49",4,"AT",38,6888," "," ",1,0,0,0,0,0,0,0,0,0,0,0,0,0,0,0,0,44645,"DIREITOS HUMANOS, AV",NA,"",8,"BELEM",1,0,"DIREITOS HUMANOS, AV 100 SAO PAULO SP",-23.4874981,-46.652867
"11741","D061301771",8214,"GREGORIO RAMALHO, RUA",NA,"",12,"","20/06/2013 12:45",2,"QD",32,3492," "," ",0,0,1,0,0,0,0,0,0,0,0,0,0,0,0,0,0,8214,"GREGORIO RAMALHO, RUA",NA,"",36,"ITAQUERA",1,0,"GREGORIO RAMALHO, RUA 12 SAO PAULO SP",-23.5359901,-46.4542043
"11742","D061301247",4128,"CANGAIBA, AV",NA,"",2604,"","20/06/2013 13:00",2,"QM",10,7003," "," ",0,1,0,0,0,0,0,0,0,0,0,0,0,0,0,0,0,4128,"CANGAIBA, AV",NA,"",18,"CANGAIBA",1,0,"CANGAIBA, AV 2604 SAO PAULO SP",-23.5061117,-46.5306083
"11743","D061300148",16358,"PIRATININGA, RUA",16673,"PRUDENTE DE MORAIS, RUA",0,"","20/06/2013 13:53",4,"AT",8,4917," "," ",1,0,0,0,0,0,0,0,0,0,0,0,0,0,0,0,0,16358,"PIRATININGA, RUA",44633,"TORQUATO NETO, RUA",10,"BRAS",1,0,"PIRATININGA, RUA SAO PAULO SP &  PRUDENTE DE MORAIS, RUA SAO PAULO SP",-23.5521305,-46.6163565
"11744","D061302064",4683,"MARIA DO CAMBUCA, RUA STA",NA,"",321,"","20/06/2013 14:00",4,"AT",70,3015," "," ",0,1,0,0,0,0,0,0,0,0,0,0,0,0,0,0,0,4683,"MARIA DO CAMBUCA, RUA STA",NA,"",78,"SAPOPEMBA",1,0,"MARIA DO CAMBUCA, RUA STA 321 SAO PAULO SP",-23.5988075,-46.5292368
"11745","D061301337",5425,"COSTA BARROS, RUA",9034,"IGUARA, RUA",0,"","20/06/2013 14:00",2,"CO",42,2211," "," ",1,1,0,0,0,0,0,0,0,0,0,0,0,0,0,0,0,5425,"COSTA BARROS, RUA",9034,"IGUARA, RUA",95,"VILA PRUDENTE",1,0,"COSTA BARROS, RUA SAO PAULO SP &  IGUARA, RUA SAO PAULO SP",-23.6047674,-46.5502522
"11746","D061301622",852,"ALVARENGA, ES DO",NA,"",999,"","20/06/2013 14:05",2,"CO",98,6786," "," ",0,1,1,0,0,0,0,0,0,0,0,0,0,0,0,0,0,852,"ALVARENGA, ES DO",NA,"",59,"PEDREIRA",1,0,"ALVARENGA, ES DO 999 SAO PAULO SP",-23.5505199,-46.6333094
"11747","D061301592",79059,"JULIO LOURENCO PINTO, RUA",NA,"",288,"","20/06/2013 14:35",2,"CO",92,3872," "," ",1,1,0,0,0,0,0,0,0,0,0,0,0,0,0,0,0,79059,"JULIO LOURENCO PINTO, RUA",NA,"",32,"IGUATEMI",1,0,"JULIO LOURENCO PINTO, RUA 288 SAO PAULO SP",-23.6632218,-46.7580877
"11748","D061300852",13014,"MARGINAL DO RIO PINHEIROS, AV",NA,"",90000,"","20/06/2013 14:45",2,"CO",93,2771," "," ",1,1,0,0,0,0,0,0,0,0,0,1,0,0,0,0,0,13014,"MARGINAL DO RIO PINHEIROS, AV",NA,"",40,"JAGUARE",1,0,"MARGINAL DO RIO PINHEIROS, AV 90000 SAO PAULO SP",-23.5604208,-46.6574734
"11749","D061301461",4053,"MARIO LOPES LEAO, AV",NA,"",100,"","20/06/2013 14:55",2,"QM",11,7161," "," ",0,1,0,0,0,0,0,0,0,0,0,0,0,0,0,0,0,4053,"MARIO LOPES LEAO, AV",NA,"",72,"SANTO AMARO",1,0,"MARIO LOPES LEAO, AV 100 SAO PAULO SP",-23.6502865,-46.7067522
"11750","D061300079",15206,"OTAVIO MENDES, RUA PROF",NA,"",36,"","20/06/2013 15:00",4,"AT",4,4293," "," ",0,1,0,0,0,0,0,0,0,0,0,0,0,0,0,0,0,15206,"OTAVIO MENDES, RUA PROF",NA,"",17,"CAMPO LIMPO",1,0,"OTAVIO MENDES, RUA PROF 36 SAO PAULO SP",-23.5615269,-46.655418
"11751","D061301033",15188,"OTAVIANO ALVES DE LIMA, AV",NA,"",2200,"","20/06/2013 15:50",2,"CO",28,6981," "," ",1,1,0,0,0,0,0,0,0,0,0,0,0,0,0,0,0,29772,"MARGINAL DO RIO TIETE, AV",NA,"",23,"CIDADE DUTRA",1,0,"OTAVIANO ALVES DE LIMA, AV 2200 SAO PAULO SP",-23.5077072,-46.6914795
"11752","D061300551",2287,"ARNOLFO AZEVEDO, AV",NA,"",210,"","20/06/2013 16:00",2,"CO",23,3534," "," ",1,1,0,0,0,0,0,0,0,0,0,0,0,0,0,0,0,2287,"ARNOLFO AZEVEDO, AV",NA,"",26,"CONSOLACAO",2,0,"ARNOLFO AZEVEDO, AV 210 SAO PAULO SP",-23.5454834,-46.668499
"11754","D061301285",44742,"BERNARDINO BRITO FONSECA DE CA, AV",NA,"",100,"","20/06/2013 16:49",4,"AT",21,7014," "," ",0,1,0,0,0,0,0,0,0,0,0,0,0,0,0,0,0,44742,"BERNARDINO BRITO FONSECA DE CA, AV",NA,"",93,"VILA MATILDE",1,0,"BERNARDINO BRITO FONSECA DE CA, AV 100 SAO PAULO SP",-23.570485,-46.6451425
"11755","D061301746",11542,"NORDESTINA, AV",NA,"",2370,"","20/06/2013 16:50",2,"CO",22,5186," "," ",2,0,0,0,0,0,0,0,1,0,0,0,0,0,0,0,0,11542,"NORDESTINA, AV",NA,"",76,"SAO MIGUEL",2,0,"NORDESTINA, AV 2370 SAO PAULO SP",-23.5120034,-46.4356556
"11756","D061301540",12403,"M'BOI MIRIM, ES",NA,"",3300,"","20/06/2013 17:00",2,"SI",47,8230," "," ",0,0,0,0,0,0,0,0,0,0,0,0,0,0,0,1,0,12403,"M'BOI MIRIM, ES",NA,"",42,"JARDIM ANGELA",1,0,"M'BOI MIRIM, ES 3300 SAO PAULO SP",-23.5505199,-46.6333094
"11757","D061301470",10270,"JOAO DIAS, AV",NA,"",1332,"","20/06/2013 17:20",2,"CO",11,7420," "," ",0,2,0,0,0,0,0,0,0,0,0,0,0,0,0,0,0,10270,"JOAO DIAS, AV",NA,"",72,"SANTO AMARO",1,0,"JOAO DIAS, AV 1332 SAO PAULO SP",-23.6452281,-46.7132119
"11758","D061301153",3771,"INAJAR DE SOUZA, AV",NA,"",6000,"","20/06/2013 17:30",4,"AT",72,900076," "," ",1,0,0,0,0,0,0,0,0,0,0,0,0,0,0,0,0,3771,"INAJAR DE SOUZA, AV",NA,"",50,"LIMAO",1,0,"INAJAR DE SOUZA, AV 6000 SAO PAULO SP",-23.4595858,-46.6735483
"11759","D061300080",1497,"ANTONIA DE QUEIROS, RUA DONA",5245,"CONSOLACAO, RUA DA",0,"","20/06/2013 17:40",2,"CO",4,4296," "," ",1,1,0,0,0,0,0,0,0,0,0,0,0,0,0,0,0,1497,"ANTONIA DE QUEIROS, RUA DONA",5245,"CONSOLACAO, RUA DA",26,"CONSOLACAO",1,0,"ANTONIA DE QUEIROS, RUA DONA SAO PAULO SP &  CONSOLACAO, RUA DA SAO PAULO SP",-23.5510949,-46.6530739
"11760","D061301462",3516,"MARIO VILAS BOAS RODRIGUES, AV DR",NA,"",387,"","20/06/2013 18:00",2,"QM",11,7183," "," ",0,1,0,0,0,0,0,0,0,0,0,0,0,0,0,0,0,3516,"MARIO VILAS BOAS RODRIGUES, AV DR",NA,"",72,"SANTO AMARO",2,0,"MARIO VILAS BOAS RODRIGUES, AV DR 387 SAO PAULO SP",-23.6515793,-46.7220371
"11761","D061301824",14094,"MOGI DAS CRUZES, ES DE",NA,"",505,"","20/06/2013 18:15",2,"CO",62,6731,"C"," ",1,1,0,0,0,0,0,0,0,0,0,0,0,0,0,0,0,14094,"MOGI DAS CRUZES, ES DE",NA,"",65,"PONTE RASA",1,0,"MOGI DAS CRUZES, ES DE 505 SAO PAULO SP",-23.5505199,-46.6333094
"11762","D061300637",21674,"JORGE JOAO SAAD, AV",NA,"",500,"","20/06/2013 18:18",4,"AT",34,5576,"C"," ",0,1,0,0,0,0,0,0,0,0,0,0,0,0,0,0,0,21674,"JORGE JOAO SAAD, AV",NA,"",13,"CACHOEIRINHA",1,0,"JORGE JOAO SAAD, AV 500 SAO PAULO SP",-23.5907419,-46.7220614
"11763","D061300989",11999,"LARIVAL GEA SANCHES, RUA",NA,"",100,"","20/06/2013 18:20",2,"CO",20,5834," "," ",1,1,0,0,0,0,0,0,0,0,0,0,0,0,0,0,0,11999,"LARIVAL GEA SANCHES, RUA",NA,"",51,"MANDAQUI",1,0,"LARIVAL GEA SANCHES, RUA 100 SAO PAULO SP",-23.4811468,-46.6226724
"11764","D061300819",31981,"PEDRO GOMES DA COSTA, RUA",NA,"",89,"","20/06/2013 18:30",4,"AT",89,5577," "," ",0,0,0,0,0,0,0,0,0,0,0,0,0,0,0,1,0,31981,"PEDRO GOMES DA COSTA, RUA",NA,"",29,"FREGUESIA DO O",1,0,"PEDRO GOMES DA COSTA, RUA 89 SAO PAULO SP",-23.617761,-46.7449332
"11766","D061302039",63243,"FIGUEIRA DA INDIA, RUA",NA,"",200,"","20/06/2013 18:45",2,"CO",66,4794," "," ",1,1,0,0,0,0,0,0,0,0,0,0,0,0,0,0,0,63243,"FIGUEIRA DA INDIA, RUA",NA,"",38,"JACANA",1,0,"FIGUEIRA DA INDIA, RUA 200 SAO PAULO SP",-23.5543016,-46.5026119
"11767","D061301845",13881,"MIGUEL, AV S",NA,"",7900,"","20/06/2013 18:50",2,"CL",63,5187," "," ",0,1,0,0,0,0,0,0,0,0,0,1,0,0,0,0,0,13881,"MIGUEL, AV S",NA,"",65,"PONTE RASA",2,0,"MIGUEL, AV S 7900 SAO PAULO SP",-23.4980316,-46.4610173
"11768","D061301065",73658,"ANTONIO DIAS DA SILVA, RUA",NA,"",100,"","20/06/2013 18:52",2,"CO",38,5716," "," ",1,1,0,0,0,0,0,0,0,0,0,0,0,0,0,0,0,73658,"ANTONIO DIAS DA SILVA, RUA",NA,"",8,"BELEM",1,0,"ANTONIO DIAS DA SILVA, RUA 100 SAO PAULO SP",-23.4689726,-46.6488163
"11769","D061302070",64598,"CAROLINA MARIA DE JESUS, RUA",NA,"",234,"","20/06/2013 18:55",2,"SI",70,6632," "," ",1,0,0,0,0,0,0,0,0,0,0,0,0,0,0,0,0,64598,"CAROLINA MARIA DE JESUS, RUA",NA,"",56,"PARELHEIROS",1,0,"CAROLINA MARIA DE JESUS, RUA 234 SAO PAULO SP",-23.5984319,-46.5244806
"11770","D061300669",9529,"ITAPECERICA, ES DE",NA,"",45,"","20/06/2013 19:20",2,"CL",37,5569," "," ",1,1,0,0,0,0,0,0,0,0,0,0,0,0,0,0,0,9529,"ITAPECERICA, ES DE",NA,"",29,"FREGUESIA DO O",1,0,"ITAPECERICA, ES DE 45 SAO PAULO SP",-23.5505199,-46.6333094
"11771","D061301620",5606,"CUPECE, AV",NA,"",5644,"","20/06/2013 19:20",2,"CH",98,6593," "," ",0,1,0,0,0,0,0,0,0,0,0,0,0,0,0,0,0,5606,"CUPECE, AV",NA,"",22,"CIDADE ADEMAR",2,0,"CUPECE, AV 5644 SAO PAULO SP",-23.6820179,-46.6370551
"11772","D061301536",17772,"SANT'ANNA, AV COMEN",NA,"",639,"","20/06/2013 19:29",2,"CT",47,7679," "," ",0,2,0,0,0,0,0,0,0,0,0,0,0,0,0,0,0,17772,"SANT'ANNA, AV COMEN",NA,"",29,"FREGUESIA DO O",1,0,"SANT'ANNA, AV COMEN 639 SAO PAULO SP",-23.5186813,-46.6999583
"11773","D061300636",16337,"ELISEU DE ALMEIDA, AV",5996,"DOMINGOS BARBIERI, RUA",0,"","20/06/2013 19:52",2,"CO",34,5572," "," ",1,1,0,0,0,0,0,0,0,0,0,0,0,0,0,0,0,6204,"EDMUNDO SCANNAPIECO, RUA",16337,"ELISEU DE ALMEIDA, AV",12,"BUTANTA",1,0,"ELISEU DE ALMEIDA, AV SAO PAULO SP &  DOMINGOS BARBIERI, RUA SAO PAULO SP",-23.580821,-46.721895
"11774","D061300591",21629,"ELISIO CORDEIRO DE SIQUEIRA, AV",NA,"",632,"","20/06/2013 20:00",2,"CO",33,5902," "," ",1,1,0,0,0,0,0,0,0,0,0,0,0,0,0,0,0,21629,"ELISIO CORDEIRO DE SIQUEIRA, AV",NA,"",31,"GUAIANASES",1,0,"ELISIO CORDEIRO DE SIQUEIRA, AV 632 SAO PAULO SP",-23.5015781,-46.7477045
"11775","D061300060",19017,"TOBIAS, RUA BRIG",19932,"WASHINGTON LUIS, RUA",0,"","20/06/2013 20:00",2,"CO",3,3772," "," ",1,1,0,0,0,0,0,0,0,0,0,0,0,0,0,0,0,19017,"TOBIAS, RUA BRIG",19932,"WASHINGTON LUIS, RUA",NA,"",1,0,"TOBIAS, RUA BRIG SAO PAULO SP &  WASHINGTON LUIS, RUA SAO PAULO SP",-23.5373724,-46.6343589
"11776","D061301066",21770,"JOSE DE ALMEIDA BOTELHO, RUA GAL",NA,"",264,"","20/06/2013 20:15",2,"CO",38,5719," "," ",1,0,0,0,1,0,0,0,0,0,0,0,0,0,0,0,0,21770,"JOSE DE ALMEIDA BOTELHO, RUA GAL",NA,"",8,"BELEM",1,0,"JOSE DE ALMEIDA BOTELHO, RUA GAL 264 SAO PAULO SP",-23.4714032,-46.6341719
"11777","D061300592",1429,"ANHANGUERA, VIA",NA,"",1,"","20/06/2013 20:30",2,"QM",33,5937," "," ",0,1,0,0,0,0,0,0,0,0,0,0,0,0,0,0,0,1429,"ANHANGUERA, VIA",NA,"",73,"SAO DOMINGOS",1,0,"ANHANGUERA, VIA 1 SAO PAULO SP",-23.2597361,-45.9100416
"11778","D061300501",8714,"HENRIQUE SCHAUMANN, RUA",NA,"",332,"","20/06/2013 22:05",2,"SI",14,6348," "," ",0,1,0,0,0,0,0,0,0,0,0,1,0,0,0,0,0,8714,"HENRIQUE SCHAUMANN, RUA",NA,"",63,"PINHEIROS",1,0,"HENRIQUE SCHAUMANN, RUA 332 SAO PAULO SP",-23.5617778,-46.6795334
"11779","D061300438",15800,"DOMICIANO LEITE RIBEIRO, RUA",NA,"",30,"","20/06/2013 22:30",2,"CO",97,5290," "," ",0,2,0,0,0,0,0,0,0,0,0,0,0,0,0,0,0,15800,"DOMICIANO LEITE RIBEIRO, RUA",NA,"",42,"JARDIM ANGELA",1,0,"DOMICIANO LEITE RIBEIRO, RUA 30 SAO PAULO SP",-23.6435112,-46.6323901
"11780","D061300821",13014,"MARGINAL DO RIO PINHEIROS, AV",NA,"",16741,"","20/06/2013 23:30",2,"QM",89,5702,"B"," ",0,1,0,0,0,0,0,0,0,0,0,0,0,0,0,0,0,13014,"MARGINAL DO RIO PINHEIROS, AV",NA,"",40,"JAGUARE",1,0,"MARGINAL DO RIO PINHEIROS, AV 16741 SAO PAULO SP",-23.5604208,-46.6574734
"11781","D061300638",12502,"MAGALHAES DE CASTRO, AV",NA,"",12000,"","20/06/2013 23:30",2,"CO",34,5582," "," ",1,0,0,1,0,0,0,0,0,0,0,0,0,0,0,0,0,13014,"MARGINAL DO RIO PINHEIROS, AV",NA,"",12,"BUTANTA",1,0,"MAGALHAES DE CASTRO, AV 12000 SAO PAULO SP",-23.612792,-46.7009294
"11782","D061300971",5626,"CURUCA, RUA",NA,"",844,"","21/06/2013 01:38",2,"CO",19,5845," "," ",1,0,0,0,0,0,0,0,0,0,0,1,0,0,0,0,0,5626,"CURUCA, RUA",NA,"",91,"VILA MARIA",1,0,"CURUCA, RUA 844 SAO PAULO SP",-23.509961,-46.594867
"11783","D061300670",99949,"CARLOS CALDEIRA FILHO, AV",8000,"GIOVANNI GRONCHI, AV",0,"","21/06/2013 03:10",2,"QM",37,5584," "," ",0,1,0,0,0,0,0,0,0,0,0,0,0,0,0,0,0,8000,"GIOVANNI GRONCHI, AV",99949,"CARLOS CALDEIRA FILHO, AV",85,"VILA ANDRADE",1,0,"CARLOS CALDEIRA FILHO, AV SAO PAULO SP &  GIOVANNI GRONCHI, AV SAO PAULO SP",-23.6481998,-46.7582692
"11784","D061301642",9220,"INTERLAGOS, AV",NA,"",4300,"","21/06/2013 05:00",2,"CT",99,4872," "," ",0,2,0,0,0,0,0,0,0,0,0,0,0,0,0,0,0,9220,"INTERLAGOS, AV",NA,"",16,"CAMPO GRANDE",2,0,"INTERLAGOS, AV 4300 SAO PAULO SP",-23.6851239,-46.6928911
"11785","D061301080",11321,"JULIO BUONO, AV",NA,"",578,"","21/06/2013 05:00",4,"AT",39,2827," "," ",0,0,0,0,0,0,0,0,0,0,0,0,0,0,0,1,0,11321,"JULIO BUONO, AV",NA,"",94,"VILA MEDEIROS",1,0,"JULIO BUONO, AV 578 SAO PAULO SP",-23.4934099,-46.5977413
"11786","D061300769",16878,"RAPOSO TAVARES, VIA",NA,"",17000,"","21/06/2013 05:20",2,"CH",75,2826," "," ",0,0,1,0,0,0,0,0,0,0,0,0,0,0,0,0,0,16878,"RAPOSO TAVARES, VIA",NA,"",13,"CACHOEIRINHA",1,0,"RAPOSO TAVARES, VIA 17000 SAO PAULO SP",-23.5192434,-48.4984666
"11788","D061300653",9529,"ITAPECERICA, ES DE",NA,"",4015,"","21/06/2013 05:30",4,"AT",37,4812," "," ",0,0,0,0,0,0,0,0,0,0,0,0,0,0,0,1,0,9529,"ITAPECERICA, ES DE",NA,"",29,"FREGUESIA DO O",1,0,"ITAPECERICA, ES DE 4015 SAO PAULO SP",-23.5505199,-46.6333094
"11789","D061300357",19764,"VINTE E TRES DE MAIO, AV",NA,"",3159,"","21/06/2013 06:03",2,"CH",36,2664," "," ",1,0,0,0,0,0,0,0,0,0,0,0,0,0,0,0,0,19764,"VINTE E TRES DE MAIO, AV",NA,"",17,"CAMPO LIMPO",1,0,"VINTE E TRES DE MAIO, AV 3159 SAO PAULO SP",-23.5830674,-46.6522469
"11791","D061301463",6238,"NACOES UNIDAS, AV DAS",NA,"",15187,"","21/06/2013 06:19",2,"SI",11,7197," "," ",1,1,0,0,0,0,0,0,0,0,0,0,0,0,0,0,0,13014,"MARGINAL DO RIO PINHEIROS, AV",NA,"",90,"VILA LEOPOLDINA",1,0,"NACOES UNIDAS, AV DAS 15187 SAO PAULO SP",-23.6791518,-46.6960828
"11792","D061300761",16878,"RAPOSO TAVARES, VIA",NA,"",19750,"","21/06/2013 06:23",2,"CO",75,2115," "," ",1,1,0,0,0,0,0,0,0,0,0,0,0,0,0,0,0,16878,"RAPOSO TAVARES, VIA",NA,"",13,"CACHOEIRINHA",1,0,"RAPOSO TAVARES, VIA 19750 SAO PAULO SP",-23.5048834,-48.5197697