"","id_acidente","codloga","logradouroA","codlogb","logradouroB","alt_num","referencia","data","cod_acid","tipo_acidente","dp","numero_BO","sentido","pista","automovel","moto","onibus","caminhao","bicicleta","moto_taxi","onibus_fretado","onibus_urbano","microonibus","van","vuc","caminhonete","carreta","jipe","outros","sem_informacao","carroca","princ_a","paiA","princ_b","paiB","cod_distrito","distrito","vit_ferida","vit_morta","local","lat","lon"
"11795","D061301223",10471,"JOAO SIMAO DE CASTRO, AV",NA,"",450,"","21/06/2013 07:00",2,"QM",90,2564," "," ",0,1,0,0,0,0,0,0,0,0,0,0,0,0,0,0,0,10471,"JOAO SIMAO DE CASTRO, AV",NA,"",94,"VILA MEDEIROS",1,0,"JOAO SIMAO DE CASTRO, AV 450 SAO PAULO SP",-23.4894417,-46.5716898
"11796","D061300328",36098,"AFFONSO D'ESCRAGNOLLE TAUNAY, AV",NA,"",100,"","21/06/2013 07:30",2,"SI",35,5009," "," ",0,1,0,0,0,0,0,0,0,0,0,1,0,0,0,0,0,36098,"AFFONSO D'ESCRAGNOLLE TAUNAY, AV",NA,"",24,"CIDADE LIDER",1,0,"AFFONSO D'ESCRAGNOLLE TAUNAY, AV 100 SAO PAULO SP",-23.6294696,-46.6389741
"11797","D061300327",2235,"ARMANDO DE ARRUDA PEREIRA, AV ENG",NA,"",1900,"","21/06/2013 07:30",4,"AT",35,5005," "," ",0,1,0,0,0,0,0,0,0,0,0,0,0,0,0,0,0,2235,"ARMANDO DE ARRUDA PEREIRA, AV ENG",NA,"",37,"JABAQUARA",1,0,"ARMANDO DE ARRUDA PEREIRA, AV ENG 1900 SAO PAULO SP",-23.6445637,-46.6412912
"11798","D061301706",12751,"OLIVIA GUEDES PENTEADO, RUA",6111,"DUARTE COELHO, RUA",0,"","21/06/2013 07:50",2,"CO",102,1753," "," ",1,1,0,0,0,0,0,0,0,0,0,0,0,0,0,0,0,6111,"DUARTE COELHO, RUA",12751,"OLIVIA GUEDES PENTEADO, RUA",81,"SOCORRO",1,0,"OLIVIA GUEDES PENTEADO, RUA SAO PAULO SP &  DUARTE COELHO, RUA SAO PAULO SP",-23.6747433,-46.708685
"11799","D061300306",10918,"JOSE DINIZ, AV VER",NA,"",3000,"","21/06/2013 08:06",4,"AT",27,6571," "," ",0,1,0,0,0,0,0,0,0,0,0,0,0,0,0,0,0,10918,"JOSE DINIZ, AV VER",NA,"",15,"CAMPO BELO",1,0,"JOSE DINIZ, AV VER 3000 SAO PAULO SP",-23.6208525,-46.6782384
"11801","D061300431",24491,"IMIGRANTES, VIA DOS",NA,"",15000,"","21/06/2013 08:35",2,"CL",97,1698," "," ",0,2,0,0,0,0,0,0,0,0,0,0,0,0,0,0,0,24491,"IMIGRANTES, VIA DOS",NA,"",NA,"",2,0,"IMIGRANTES, VIA DOS 15000 SAO PAULO SP",-22.9116157,-46.5440491
"11802","D061301992",13294,"MARIA LUIZA AMERICANO, AV",NA,"",1559,"","21/06/2013 08:50",4,"AT",53,900075," "," ",1,0,0,0,0,0,0,0,0,0,0,0,0,0,0,0,0,13294,"MARIA LUIZA AMERICANO, AV",NA,"",58,"PARQUE DO CARMO",1,0,"MARIA LUIZA AMERICANO, AV 1559 SAO PAULO SP",-23.568365,-46.4750392
"11803","D061301338",24338,"LUIZ IGNACIO ANHAIA MELLO, AV PROF",NA,"",5311,"","21/06/2013 09:00",4,"AT",42,2216," "," ",1,1,0,0,0,0,0,0,0,0,0,0,0,0,0,0,0,24338,"LUIZ IGNACIO ANHAIA MELLO, AV PROF",NA,"",26,"CONSOLACAO",1,0,"LUIZ IGNACIO ANHAIA MELLO, AV PROF 5311 SAO PAULO SP",-23.5860005,-46.5893687
"11804","D061301538",9529,"ITAPECERICA, ES DE",NA,"",5000,"","21/06/2013 09:26",2,"CO",47,7706," "," ",0,1,0,0,0,0,0,0,0,0,0,1,0,0,0,0,0,9529,"ITAPECERICA, ES DE",NA,"",29,"FREGUESIA DO O",1,0,"ITAPECERICA, ES DE 5000 SAO PAULO SP",-23.5505199,-46.6333094
"11805","D061300729",16878,"RAPOSO TAVARES, VIA",NA,"",11200,"","21/06/2013 09:30",2,"QM",51,2786," "," ",0,1,0,0,0,0,0,0,0,0,0,0,0,0,0,0,0,16878,"RAPOSO TAVARES, VIA",NA,"",13,"CACHOEIRINHA",2,0,"RAPOSO TAVARES, VIA 11200 SAO PAULO SP",-23.5343492,-48.4225732
"11806","D061300690",68226,"MANUEL JOAQUIM DE GOIS, RUA",NA,"",65,"","21/06/2013 09:30",2,"CO",46,2832," "," ",1,1,0,0,0,0,0,0,0,0,0,0,0,0,0,0,0,68226,"MANUEL JOAQUIM DE GOIS, RUA",NA,"",31,"GUAIANASES",2,0,"MANUEL JOAQUIM DE GOIS, RUA 65 SAO PAULO SP",-23.4817637,-46.7578103
"11807","D061300244",17755,"CRUZ, RUA STA",10567,"JOAQUIM LIBANIO, RUA DEP",0,"","21/06/2013 09:30",2,"CO",16,8497," "," ",0,1,0,0,0,0,0,0,0,0,0,1,0,0,0,0,0,10567,"JOAQUIM LIBANIO, RUA DEP",17755,"CRUZ, RUA STA",92,"VILA MARIANA",1,0,"CRUZ, RUA STA SAO PAULO SP &  JOAQUIM LIBANIO, RUA DEP SAO PAULO SP",-23.6012676,-46.6218894
"11808","D061300364",15124,"OSCAR PORTO, RUA CEL",16810,"RAFAEL DE BARROS, RUA DR",0,"","21/06/2013 09:38",2,"CO",36,5432," "," ",1,1,0,0,0,0,0,0,0,0,0,0,0,0,0,0,0,15124,"OSCAR PORTO, RUA CEL",16810,"RAFAEL DE BARROS, RUA DR",92,"VILA MARIANA",1,0,"OSCAR PORTO, RUA CEL SAO PAULO SP &  RAFAEL DE BARROS, RUA DR SAO PAULO SP",-23.5727209,-46.6474436
"11809","D061302050",59048,"RIACHO DOS MACHADOS, AV",NA,"",189,"","21/06/2013 09:40",2,"QV",69,6654," "," ",1,0,0,0,0,0,0,0,0,0,0,0,0,0,0,0,0,59048,"RIACHO DOS MACHADOS, AV",NA,"",56,"PARELHEIROS",1,0,"RIACHO DOS MACHADOS, AV 189 SAO PAULO SP",-23.5931608,-46.4946329
"11811","D061301624",5606,"CUPECE, AV",NA,"",5300,"","21/06/2013 10:00",2,"CO",98,6918," "," ",0,1,0,0,0,0,0,0,0,0,0,1,0,0,0,0,0,5606,"CUPECE, AV",NA,"",22,"CIDADE ADEMAR",1,0,"CUPECE, AV 5300 SAO PAULO SP",-23.6812789,-46.6384353
"11812","D061301384",7990,"GILIAS, RUA DAS",2729,"BAIA GRANDE, RUA",0,"","21/06/2013 10:15",2,"TB",56,4192," "," ",0,0,0,1,0,0,0,0,0,0,0,0,0,0,0,0,0,2729,"BAIA GRANDE, RUA",7990,"GILIAS, RUA DAS",95,"VILA PRUDENTE",2,0,"GILIAS, RUA DAS SAO PAULO SP &  BAIA GRANDE, RUA SAO PAULO SP",-23.5998578,-46.572959
"11813","D061301637",14743,"SABARA, AV NSRA DO",17360,"ALBERTO DE ZAGOTTIS, AV ENG",0,"","21/06/2013 10:20",2,"CO",99,2597," "," ",1,1,0,0,0,0,0,0,0,0,0,0,0,0,0,0,0,14743,"SABARA, AV NSRA DO",17360,"ALBERTO DE ZAGOTTIS, AV ENG",NA,"",1,0,"SABARA, AV NSRA DO SAO PAULO SP &  ALBERTO DE ZAGOTTIS, AV ENG SAO PAULO SP",-23.5505199,-46.6333094
"11815","D061301360",13115,"MARIA, RUA STA",NA,"",419,"","21/06/2013 11:30",2,"CO",52,1895," "," ",1,0,0,0,1,0,0,0,0,0,0,0,0,0,0,0,0,13115,"MARIA, RUA STA",NA,"",82,"TATUAPE",1,0,"MARIA, RUA STA 419 SAO PAULO SP",-23.5317121,-46.5661278
"11816","D061300329",69575,"LUIZ GOMES DE SAO TIAGO, RUA",NA,"",57,"","21/06/2013 12:00",4,"AT",35,5025," "," ",0,1,0,0,0,0,0,0,0,0,0,0,0,0,0,0,0,69575,"LUIZ GOMES DE SAO TIAGO, RUA",NA,"",42,"JARDIM ANGELA",1,0,"LUIZ GOMES DE SAO TIAGO, RUA 57 SAO PAULO SP",-23.6524496,-46.6634946
"11817","D061300028",19745,"VINTE E CINCO DE MARCO, RUA",NA,"",100,"","21/06/2013 12:01",4,"AT",1,5041," "," ",0,0,0,0,0,0,0,0,0,0,0,0,0,0,0,1,0,19745,"VINTE E CINCO DE MARCO, RUA",NA,"",80,"SE",1,0,"VINTE E CINCO DE MARCO, RUA 100 SAO PAULO SP",-23.5486468,-46.6304714
"11818","D061300691",18262,"SILVIO DE CAMPOS, AV DR",NA,"",420,"","21/06/2013 12:20",4,"AT",46,2837," "," ",0,1,0,0,0,0,0,0,0,0,0,0,0,0,0,0,0,18262,"SILVIO DE CAMPOS, AV DR",NA,"",NA,"",1,0,"SILVIO DE CAMPOS, AV DR 420 SAO PAULO SP",-23.4070652,-46.7586986
"11819","D061300762",16878,"RAPOSO TAVARES, VIA",NA,"",17500,"","21/06/2013 12:35",2,"CO",75,2133," "," ",1,0,0,0,0,0,0,1,0,0,0,0,0,0,0,0,0,16878,"RAPOSO TAVARES, VIA",NA,"",13,"CACHOEIRINHA",1,0,"RAPOSO TAVARES, VIA 17500 SAO PAULO SP",-23.5165942,-48.5023661
"11820","D061301018",36284,"PETRONIO PORTELA, AV MIN",NA,"",824,"","21/06/2013 12:40",2,"CO",28,3308,"B"," ",2,0,0,0,0,0,0,0,0,0,0,0,0,0,0,0,0,36284,"PETRONIO PORTELA, AV MIN",NA,"",4,"ARICANDUVA",1,0,"PETRONIO PORTELA, AV MIN 824 SAO PAULO SP",-23.4924034,-46.699977
"11821","D061300502",16919,"REBOUCAS, AV",NA,"",990,"","21/06/2013 12:50",2,"CL",14,6358," "," ",1,1,0,0,0,0,0,0,0,0,0,0,0,0,0,0,0,16919,"REBOUCAS, AV",NA,"",44,"JARDIM PAULISTA",1,0,"REBOUCAS, AV 990 SAO PAULO SP",-23.5601082,-46.6714501
"11822","D061301638",14743,"SABARA, AV NSRA DO",9220,"INTERLAGOS, AV",0,"","21/06/2013 13:03",2,"CO",99,2600," "," ",0,1,0,1,0,0,0,0,0,0,0,0,0,0,0,0,0,9220,"INTERLAGOS, AV",14743,"SABARA, AV NSRA DO",16,"CAMPO GRANDE",1,0,"SABARA, AV NSRA DO SAO PAULO SP &  INTERLAGOS, AV SAO PAULO SP",-23.5505199,-46.6333094
"11824","D061301219",4573,"CASTRO JUNIOR, AV PROF",NA,"",248,"","21/06/2013 13:26",4,"AT",90,2509," "," ",1,0,0,0,0,0,0,0,0,0,0,0,0,0,0,0,0,4573,"CASTRO JUNIOR, AV PROF",NA,"",94,"VILA MEDEIROS",1,0,"CASTRO JUNIOR, AV PROF 248 SAO PAULO SP",-23.4949308,-46.5758909
"11825","D061301291",5988,"DOMINGOS AFONSO, RUA",NA,"",375,"","21/06/2013 13:30",2,"QM",29,1572," "," ",0,1,0,0,0,0,0,0,0,0,0,0,0,0,0,0,0,5988,"DOMINGOS AFONSO, RUA",NA,"",1,"AGUA RASA",1,0,"DOMINGOS AFONSO, RUA 375 SAO PAULO SP",-23.5775113,-46.5626379
"11826","D061301966",16173,"PESSEGO, ES DO",36386,"SUGAYA, RUA AGRIM",0,"","21/06/2013 13:30",2,"QD",53,2456," "," ",0,0,1,0,0,0,0,0,0,0,0,0,0,0,0,0,0,16173,"PESSEGO, ES DO",46936,"JACU-PESSEGO/NOVA TRABALHADORE, AV",58,"PARQUE DO CARMO",2,0,"PESSEGO, ES DO SAO PAULO SP &  SUGAYA, RUA AGRIM SAO PAULO SP",-23.5505199,-46.6333094
"11827","D061301361",1776,"ANTONIO MACEDO, RUA",4597,"CATARINA, RUA STA",0,"","21/06/2013 13:40",2,"CO",52,1901," "," ",0,1,0,0,0,0,0,0,0,1,0,0,0,0,0,0,0,1776,"ANTONIO MACEDO, RUA",4597,"CATARINA, RUA STA",82,"TATUAPE",1,0,"ANTONIO MACEDO, RUA SAO PAULO SP &  CATARINA, RUA STA SAO PAULO SP",-23.5299265,-46.564134
"11828","D061301248",13918,"MIGUEL GARCIA, RUA",4128,"CANGAIBA, AV",0,"","21/06/2013 14:26",4,"AT",10,7078," "," ",1,0,0,0,0,0,0,0,0,0,0,0,0,0,0,0,0,4128,"CANGAIBA, AV",13918,"MIGUEL GARCIA, RUA",18,"CANGAIBA",1,0,"MIGUEL GARCIA, RUA SAO PAULO SP &  CANGAIBA, AV SAO PAULO SP",-23.5029228,-46.5296193
"11829","D061300887",5204,"CONCEICAO (ES.), AV",NA,"",97,"","21/06/2013 15:20",2,"CT",9,3481," "," ",1,1,0,1,0,0,0,0,0,0,0,0,0,0,0,0,0,5204,"CONCEICAO (ES.), AV",NA,"",88,"VILA GUILHERME",1,0,"CONCEICAO (ES.), AV 97 SAO PAULO SP",-23.5505199,-46.6333094
"11830","D061301271",8261,"WALDEMAR CARLOS PEREIRA, AV",NA,"",440,"","21/06/2013 15:30",4,"AT",21,2097," "," ",1,0,0,0,0,0,0,0,0,0,0,0,0,0,0,0,0,8261,"WALDEMAR CARLOS PEREIRA, AV",NA,"",93,"VILA MATILDE",1,0,"WALDEMAR CARLOS PEREIRA, AV 440 SAO PAULO SP",-23.5433709,-46.5213231
"11831","D061301690",15507,"TEOTONIO VILELA, AV SEN",NA,"",3161,"","21/06/2013 15:30",2,"CH",101,4892," "," ",0,1,0,0,0,0,0,0,0,0,0,0,0,0,0,0,0,15507,"TEOTONIO VILELA, AV SEN",NA,"",23,"CIDADE DUTRA",1,0,"TEOTONIO VILELA, AV SEN 3161 SAO PAULO SP",-23.7292101,-46.6985735
"11832","D061300524",12326,"JUSCELINO KUBITSCHEK, AV PRES",NA,"",1200,"","21/06/2013 16:20",2,"CO",15,3087," "," ",1,1,0,0,0,0,0,0,0,0,0,0,0,0,0,0,0,12326,"JUSCELINO KUBITSCHEK, AV PRES",NA,"",34,"ITAIM BIBI",1,0,"JUSCELINO KUBITSCHEK, AV PRES 1200 SAO PAULO SP",-23.5901153,-46.6807732
"11833","D061300221",4526,"CASA BRANCA, AL",NA,"",1177,"","21/06/2013 17:00",4,"AT",78,5450," "," ",0,1,0,0,0,0,0,0,0,0,0,0,0,0,0,0,0,4526,"CASA BRANCA, AL",NA,"",44,"JARDIM PAULISTA",1,0,"CASA BRANCA, AL 1177 SAO PAULO SP",-23.5697309,-46.6637691
"11835","D061300449",3973,"CAMILO, RUA",NA,"",287,"","21/06/2013 17:30",4,"AT",7,3805," "," ",0,0,0,0,0,0,0,0,0,0,0,1,0,0,0,0,0,3973,"CAMILO, RUA",NA,"",48,"LAPA",1,0,"CAMILO, RUA 287 SAO PAULO SP",-23.5292528,-46.6948022
"11836","D061301387",17595,"SAQUAREMA, RUA",5836,"DIANOPOLIS, RUA",0,"","21/06/2013 17:40",4,"AT",56,4290," "," ",0,0,0,0,0,0,0,0,0,0,0,1,0,0,0,0,0,5836,"DIANOPOLIS, RUA",17595,"SAQUAREMA, RUA",95,"VILA PRUDENTE",1,0,"SAQUAREMA, RUA SAO PAULO SP &  DIANOPOLIS, RUA SAO PAULO SP",-23.5824952,-46.5901273
"11837","D061301565",20048,"YERVANT KISSAJIKIAN, AV",NA,"",3016,"","21/06/2013 18:00",4,"AT",80,6632," "," ",0,1,0,0,0,0,0,0,0,0,0,0,0,0,0,0,0,20048,"YERVANT KISSAJIKIAN, AV",NA,"",29,"FREGUESIA DO O",2,0,"YERVANT KISSAJIKIAN, AV 3016 SAO PAULO SP",-23.681228,-46.6535285
"11838","D061301068",45347,"PALMAS DE SAO MOISES, RUA",4747,"FORTE DE SAO CAETANO, RUA",0,"","21/06/2013 18:20",2,"CO",38,5756," "," ",1,0,1,0,0,0,0,0,0,0,0,0,0,0,0,0,0,4747,"FORTE DE SAO CAETANO, RUA",45347,"PALMAS DE SAO MOISES, RUA",13,"CACHOEIRINHA",1,0,"PALMAS DE SAO MOISES, RUA SAO PAULO SP &  FORTE DE SAO CAETANO, RUA SAO PAULO SP",-23.4570154,-46.6561452
"11839","D061301913",2878,"BARREIRA GRANDE, AV DA",NA,"",168,"","21/06/2013 18:23",4,"AT",41,6673," "," ",0,1,0,0,0,0,0,0,0,0,0,0,0,0,0,0,0,2878,"BARREIRA GRANDE, AV DA",NA,"",78,"SAPOPEMBA",2,0,"BARREIRA GRANDE, AV DA 168 SAO PAULO SP",-23.583813,-46.5329083
"11840","D061300639",14267,"MORUMBI, AV",NA,"",600,"","21/06/2013 18:28",2,"CL",34,5597," "," ",1,1,0,0,0,0,0,0,0,0,0,0,0,0,0,0,0,14267,"MORUMBI, AV",NA,"",55,"MORUMBI",1,0,"MORUMBI, AV 600 SAO PAULO SP",-23.5804936,-46.7058077
"11841","D061301146",16051,"PENHA BRASIL, AV GAL",NA,"",1500,"","21/06/2013 18:35",2,"CO",72,5750," "," ",1,1,0,0,0,0,0,0,0,0,0,0,0,0,0,0,0,16051,"PENHA BRASIL, AV GAL",NA,"",48,"LAPA",2,0,"PENHA BRASIL, AV GAL 1500 SAO PAULO SP",-23.4602981,-46.6715237
"11842","D061300997",18151,"SEZEFREDO FAGUNDES, AV CEL",NA,"",1690,"","21/06/2013 18:40",2,"CO",20,6048," "," ",1,1,0,0,0,0,0,0,0,0,0,0,0,0,0,0,0,18151,"SEZEFREDO FAGUNDES, AV CEL",NA,"",22,"CIDADE ADEMAR",2,0,"SEZEFREDO FAGUNDES, AV CEL 1690 SAO PAULO SP",-23.4644153,-46.6036474
"11844","D061300990",18151,"SEZEFREDO FAGUNDES, AV CEL",NA,"",19032,"","21/06/2013 19:12",2,"CH",20,5873," "," ",0,0,0,0,0,0,0,0,0,0,0,1,0,0,0,0,0,18151,"SEZEFREDO FAGUNDES, AV CEL",NA,"",22,"CIDADE ADEMAR",1,0,"SEZEFREDO FAGUNDES, AV CEL 19032 SAO PAULO SP",-23.4040899,-46.581893
"11845","D061301779",9278,"CRUZ DO PIAUI, RUA STA",9580,"ITAQUERA, AV",0,"","21/06/2013 19:20",2,"CF",32,5220," "," ",0,1,0,0,0,0,0,0,0,0,0,1,0,0,0,0,0,9278,"CRUZ DO PIAUI, RUA STA",9580,"ITAQUERA, AV",36,"ITAQUERA",1,0,"CRUZ DO PIAUI, RUA STA SAO PAULO SP &  ITAQUERA, AV SAO PAULO SP",-23.546954,-46.4594143
"11846","D061300421",14944,"OLIMPIADAS, RUA",NA,"",100,"","21/06/2013 19:23",4,"AT",96,6591," "," ",1,0,0,0,0,0,0,0,0,0,0,0,0,0,0,0,0,14944,"OLIMPIADAS, RUA",NA,"",28,"ERMELINO MATARA",1,0,"OLIMPIADAS, RUA 100 SAO PAULO SP",-23.5953466,-46.6844638
"11847","D061300380",37702,"ADOLFO REILE, RUA",NA,"",65,"","21/06/2013 19:29",2,"CT",83,5605," "," ",1,1,0,0,0,0,0,0,0,0,0,0,0,0,0,0,0,37702,"ADOLFO REILE, RUA",NA,"",21,"CASA VERDE",1,0,"ADOLFO REILE, RUA 65 SAO PAULO SP",-23.6566249,-46.6140926
"11849","D061301113",60871,"CARLOS PORTO CARREIRO, RUA",NA,"",472,"","21/06/2013 20:30",4,"AT",40,6956," "," ",0,0,0,1,0,0,0,0,0,0,0,0,0,0,0,0,0,60871,"CARLOS PORTO CARREIRO, RUA",NA,"",0,"NULL",1,0,"CARLOS PORTO CARREIRO, RUA 472 SAO PAULO SP",-23.5048492,-46.683588
"11850","D061301621",35723,"TOMMASO GIORDANI, RUA",NA,"",306,"","21/06/2013 21:40",2,"CO",98,6639," "," ",1,1,0,0,0,0,0,0,0,0,0,0,0,0,0,0,0,35723,"TOMMASO GIORDANI, RUA",NA,"",59,"PEDREIRA",1,0,"TOMMASO GIORDANI, RUA 306 SAO PAULO SP",-23.6989102,-46.6293656
"11851","D061300280",5959,"DIVINOPOLIS, RUA",NA,"",540,"","21/06/2013 22:57",2,"CO",26,5614," "," ",3,0,0,0,0,0,0,0,0,0,0,0,0,0,0,0,0,5959,"DIVINOPOLIS, RUA",NA,"",27,"CURSINO",1,0,"DIVINOPOLIS, RUA 540 SAO PAULO SP",-23.6241944,-46.6191832
"11852","D061302126",17824,"SAPOPEMBA, AV",NA,"",27000,"","21/06/2013 23:10",4,"AT",49,8687," "," ",1,0,0,0,0,0,0,0,0,0,0,0,0,0,0,0,0,17824,"SAPOPEMBA, AV",NA,"",33,"IPIRANGA",0,1,"SAPOPEMBA, AV 27000 SAO PAULO SP",-23.6228321,-46.4438559
"11853","D061300026",6642,"ESTADO, AV DO",NA,"",1200,"","21/06/2013 23:15",2,"QM",1,4944," "," ",0,1,0,0,0,0,0,0,0,0,0,0,0,0,0,0,0,6642,"ESTADO, AV DO",NA,"",9,"BOM RETIRO",1,0,"ESTADO, AV DO 1200 SAO PAULO SP",-23.5260214,-46.6292979
"11854","D061302128",74573,"CARDOSO DE ABREU, RUA",64700,"CRISTOVAO MENDES, RUA",0,"","22/06/2013 00:25",4,"AT",53,4486," "," ",0,0,1,0,0,0,0,0,0,0,0,0,0,0,0,0,0,64700,"CRISTOVAO MENDES, RUA",74573,"CARDOSO DE ABREU, RUA",3,"ANHANGUERA",0,1,"CARDOSO DE ABREU, RUA SAO PAULO SP &  CRISTOVAO MENDES, RUA SAO PAULO SP",-23.5519493,-46.398746
"11855","D061301067",64137,"FRANCISCO MACHADO DA SILVA, AV",NA,"",1,"","22/06/2013 00:35",2,"CO",38,5739," "," ",0,1,1,0,0,0,0,0,0,0,0,0,0,0,0,0,0,64137,"FRANCISCO MACHADO DA SILVA, AV",NA,"",13,"CACHOEIRINHA",1,0,"FRANCISCO MACHADO DA SILVA, AV 1 SAO PAULO SP",-23.4578826,-46.6615504
"11856","D061301655",9220,"INTERLAGOS, AV",6810,"EUSEBIO STEVAUX, AV ENG",0,"","22/06/2013 01:00",2,"CO",99,7240," "," ",1,1,0,0,0,0,0,0,0,0,0,0,0,0,0,0,0,6810,"EUSEBIO STEVAUX, AV ENG",9220,"INTERLAGOS, AV",16,"CAMPO GRANDE",1,0,"INTERLAGOS, AV SAO PAULO SP &  EUSEBIO STEVAUX, AV ENG SAO PAULO SP",-23.6872639,-46.6953006
"11857","D061300750",19817,"VITAL BRASIL, AV",855,"ALVARENGA, RUA",0,"","22/06/2013 01:20",2,"CH",51,6391," "," ",1,0,0,0,0,0,0,0,0,0,0,0,0,0,0,0,0,855,"ALVARENGA, RUA",19817,"VITAL BRASIL, AV",12,"BUTANTA",2,0,"VITAL BRASIL, AV SAO PAULO SP &  ALVARENGA, RUA SAO PAULO SP",-23.5696565,-46.7140386
"11858","D061300991",14767,"NOVA CANTAREIRA, AV",NA,"",610,"","22/06/2013 02:00",2,"QM",20,5880,"C"," ",0,1,0,0,0,0,0,0,0,0,0,0,0,0,0,0,0,14767,"NOVA CANTAREIRA, AV",NA,"",83,"TREMEMBE",2,0,"NOVA CANTAREIRA, AV 610 SAO PAULO SP",-23.4814529,-46.6123996
"11859","D061300778",16878,"RAPOSO TAVARES, VIA",NA,"",16400,"","22/06/2013 02:00",2,"CP",75,5610," "," ",1,0,0,0,0,0,0,0,0,0,0,0,0,0,0,0,0,16878,"RAPOSO TAVARES, VIA",NA,"",13,"CACHOEIRINHA",3,0,"RAPOSO TAVARES, VIA 16400 SAO PAULO SP",-23.5212306,-48.4918122
"11860","D061301517",34128,"JOAO DE LUCA, AV VER",NA,"",1721,"","22/06/2013 02:00",2,"CT",43,6640,"C"," ",1,0,0,0,0,0,0,0,0,0,0,1,0,0,0,0,0,34128,"JOAO DE LUCA, AV VER",NA,"",42,"JARDIM ANGELA",3,0,"JOAO DE LUCA, AV VER 1721 SAO PAULO SP",-23.657267,-46.6645748
"11861","D061302156",15507,"TEOTONIO VILELA, AV SEN",2483,"ATLANTICA ANT. ROBERT KENNEDY, AV",0,"","22/06/2013 02:23",2,"CL",48,4907,"C"," ",2,0,0,0,0,0,0,0,0,0,0,0,0,0,0,0,0,2483,"ATLANTICA ANT. ROBERT KENNEDY, AV",15507,"TEOTONIO VILELA, AV SEN",23,"CIDADE DUTRA",0,1,"TEOTONIO VILELA, AV SEN SAO PAULO SP &  ATLANTICA ANT. ROBERT KENNEDY, AV SAO PAULO SP",-23.7290679,-46.698928
"11862","D061301180",61021,"ANTONIO NASCENTES, RUA",NA,"",57,"","22/06/2013 02:50",2,"CH",73,6716," "," ",2,0,0,0,0,0,0,0,0,0,0,0,0,0,0,0,0,61021,"ANTONIO NASCENTES, RUA",NA,"",38,"JACANA",1,0,"ANTONIO NASCENTES, RUA 57 SAO PAULO SP",-23.4572939,-46.5733311
"11863","D061300671",34682,"CAMPO LIMPO, ES DO",16339,"CARLOS LACERDA, AV",0,"","22/06/2013 04:30",4,"AT",37,5618," "," ",0,0,0,0,0,0,0,0,0,0,0,1,0,0,0,0,0,16339,"CARLOS LACERDA, AV",34682,"CAMPO LIMPO, ES DO",17,"CAMPO LIMPO",1,0,"CAMPO LIMPO, ES DO SAO PAULO SP &  CARLOS LACERDA, AV SAO PAULO SP",-23.2019463,-46.785846
"11865","D061302152",16053,"JOSE BARROS MAGALDI, RUA",NA,"",867,"","22/06/2013 06:00",2,"CO",47,7746," "," ",1,1,0,0,0,0,0,0,0,0,0,0,0,0,0,0,0,16053,"JOSE BARROS MAGALDI, RUA",NA,"",32,"IGUATEMI",2,3,"JOSE BARROS MAGALDI, RUA 867 SAO PAULO SP",-23.6653104,-46.7370924
"11866","D061301980",36318,"OSVALDO PUCCI, AV",29409,"BALTASAR SALDONI, RUA",0,"","22/06/2013 06:00",2,"CH",53,4489," "," ",1,0,0,0,0,0,0,0,0,0,0,0,0,0,0,0,0,29409,"BALTASAR SALDONI, RUA",36318,"OSVALDO PUCCI, AV",58,"PARQUE DO CARMO",3,0,"OSVALDO PUCCI, AV SAO PAULO SP &  BALTASAR SALDONI, RUA SAO PAULO SP",-23.567444,-46.4632265
"11867","D061301595",78222,"AURELIO DUARTE DE OLIVEIRA, RUA",NA,"",17,"","22/06/2013 06:15",4,"AT",92,3994," "," ",1,0,0,0,0,0,0,0,0,0,0,0,0,0,0,0,0,78222,"AURELIO DUARTE DE OLIVEIRA, RUA",NA,"",29,"FREGUESIA DO O",1,0,"AURELIO DUARTE DE OLIVEIRA, RUA 17 SAO PAULO SP",-23.6516094,-46.7339676
"11868","D061302071",17824,"SAPOPEMBA, AV",NA,"",7374,"","22/06/2013 06:30",2,"CO",70,6685," "," ",1,1,0,0,0,0,0,0,0,0,0,0,0,0,0,0,0,17824,"SAPOPEMBA, AV",NA,"",33,"IPIRANGA",1,0,"SAPOPEMBA, AV 7374 SAO PAULO SP",-23.59423,-46.5274318
"11869","D061301519",34128,"JOAO DE LUCA, AV VER",3234,"BENTO IBANEZ, RUA PDE",0,"","22/06/2013 07:36",2,"CT",43,6668," "," ",0,2,0,0,0,0,0,0,0,0,0,0,0,0,0,0,0,3234,"BENTO IBANEZ, RUA PDE",34128,"JOAO DE LUCA, AV VER",22,"CIDADE ADEMAR",1,0,"JOAO DE LUCA, AV VER SAO PAULO SP &  BENTO IBANEZ, RUA PDE SAO PAULO SP",-23.6515585,-46.6690912
"11870","D061301464",19931,"WASHINGTON LUIS, AV",NA,"",3010,"","22/06/2013 07:55",2,"CT",11,7256," "," ",1,1,0,0,0,0,0,0,0,0,0,0,0,0,0,0,0,19931,"WASHINGTON LUIS, AV",NA,"",30,"GRAJAU",1,0,"WASHINGTON LUIS, AV 3010 SAO PAULO SP",-23.6522516,-46.6813411