"","id_acidente","codloga","logradouroA","codlogb","logradouroB","alt_num","referencia","data","cod_acid","tipo_acidente","dp","numero_BO","sentido","pista","automovel","moto","onibus","caminhao","bicicleta","moto_taxi","onibus_fretado","onibus_urbano","microonibus","van","vuc","caminhonete","carreta","jipe","outros","sem_informacao","carroca","princ_a","paiA","princ_b","paiB","cod_distrito","distrito","vit_ferida","vit_morta","local","lat","lon"
"11871","D061300848",6238,"NACOES UNIDAS, AV DAS",NA,"",1230,"","22/06/2013 08:00",2,"CO",91,4675," "," ",2,0,0,0,0,0,0,0,0,0,0,0,0,0,0,1,0,13014,"MARGINAL DO RIO PINHEIROS, AV",NA,"",90,"VILA LEOPOLDINA",1,0,"NACOES UNIDAS, AV DAS 1230 SAO PAULO SP",-23.5326094,-46.7472838
"11872","D061300903",3792,"CACHOEIRA DO ARARI, RUA",NA,"",126,"","22/06/2013 08:00",2,"CH",9,5886," "," ",1,0,0,0,0,0,0,0,0,0,0,0,0,0,0,0,0,3792,"CACHOEIRA DO ARARI, RUA",NA,"",88,"VILA GUILHERME",2,0,"CACHOEIRA DO ARARI, RUA 126 SAO PAULO SP",-23.5049447,-46.596454
"11873","D061301609",8368,"GUARAPIRANGA, AV",NA,"",1200,"","22/06/2013 08:04",4,"AT",92,7743," "," ",0,1,0,0,0,0,0,0,0,0,0,0,0,0,0,0,0,8368,"GUARAPIRANGA, AV",NA,"",45,"JARDIM SAO LUIS",1,0,"GUARAPIRANGA, AV 1200 SAO PAULO SP",-23.6803395,-46.7347739
"11874","D061300281",6925,"FAWCETT, RUA CEL",17579,"EDUARDO FERREIRA FRANCA, RUA",0,"","22/06/2013 08:10",2,"CO",26,5646," "," ",0,1,0,0,0,0,0,0,0,0,0,0,0,0,0,0,0,6925,"FAWCETT, RUA CEL",17579,"EDUARDO FERREIRA FRANCA, RUA",27,"CURSINO",1,0,"FAWCETT, RUA CEL SAO PAULO SP &  EDUARDO FERREIRA FRANCA, RUA SAO PAULO SP",-23.6328775,-46.6147007
"11875","D061301493",33015,"SADAMU INOUE, AV",NA,"",8400,"","22/06/2013 08:22",2,"CH",25,4909," "," ",1,0,0,0,0,0,0,0,0,0,0,0,0,0,0,0,0,33015,"SADAMU INOUE, AV",NA,"",76,"SAO MIGUEL",2,0,"SADAMU INOUE, AV 8400 SAO PAULO SP",-23.8280953,-46.7311456
"11877","D061301539",99716,"UNIAO DOS MOVIMENTOS, RUA",NA,"",85,"","22/06/2013 08:46",2,"CH",47,7705," "," ",0,0,0,1,0,0,0,0,0,0,0,0,0,0,0,0,0,99716,"UNIAO DOS MOVIMENTOS, RUA",NA,"",29,"FREGUESIA DO O",2,0,"UNIAO DOS MOVIMENTOS, RUA 85 SAO PAULO SP",-23.6768041,-46.7885459
"11878","D061301352",17824,"SAPOPEMBA, AV",NA,"",6367,"","22/06/2013 09:29",2,"QD",42,4215," "," ",0,0,1,0,0,0,0,0,0,0,0,0,0,0,0,0,0,17824,"SAPOPEMBA, AV",NA,"",33,"IPIRANGA",1,0,"SAPOPEMBA, AV 6367 SAO PAULO SP",-23.587222,-46.5325391
"11879","D061300992",351,"AGUA FRIA, AV",NA,"",393,"","22/06/2013 10:00",2,"QM",20,5892," "," ",0,1,0,0,0,0,0,0,0,0,0,0,0,0,0,0,0,351,"AGUA FRIA, AV",NA,"",71,"SANTANA",1,0,"AGUA FRIA, AV 393 SAO PAULO SP",-23.485334,-46.6229211
"11880","D061301914",2878,"BARREIRA GRANDE, AV DA",NA,"",1379,"","22/06/2013 10:30",2,"CO",41,6712," "," ",1,1,0,0,0,0,0,0,0,0,0,0,0,0,0,0,0,2878,"BARREIRA GRANDE, AV DA",NA,"",78,"SAPOPEMBA",1,0,"BARREIRA GRANDE, AV DA 1379 SAO PAULO SP",-23.5847325,-46.5220838
"11881","D061300567",5565,"CRUZEIRO, RUA",17054,"RIBEIRO DE ALMEIDA, RUA DR",0,"","22/06/2013 11:00",4,"AT",23,5962," "," ",0,0,0,0,0,0,0,0,0,0,0,1,0,0,0,0,0,5565,"CRUZEIRO, RUA",17054,"RIBEIRO DE ALMEIDA, RUA DR",70,"SANTA CECILIA",1,0,"CRUZEIRO, RUA SAO PAULO SP &  RIBEIRO DE ALMEIDA, RUA DR SAO PAULO SP",-22.5864305,-44.9771325
"11882","D061300311",19100,"BANDEIRANTES, AV DOS",10678,"JORGE FALEIROS, RUA",0,"","22/06/2013 11:30",2,"CO",27,6826," "," ",1,1,0,0,0,0,0,0,0,0,0,0,0,0,0,0,0,10678,"JORGE FALEIROS, RUA",19100,"BANDEIRANTES, AV DOS",63,"PINHEIROS",1,0,"BANDEIRANTES, AV DOS SAO PAULO SP &  JORGE FALEIROS, RUA SAO PAULO SP",-23.6016317,-46.6827292
"11883","D061301147",15425,"CANTIDIO SAMPAIO, AV DEP",3771,"INAJAR DE SOUZA, AV",0,"","22/06/2013 11:45",2,"CO",72,5777," "," ",1,1,0,0,0,0,0,0,0,0,0,0,0,0,0,0,0,3771,"INAJAR DE SOUZA, AV",15425,"CANTIDIO SAMPAIO, AV DEP",13,"CACHOEIRINHA",1,0,"CANTIDIO SAMPAIO, AV DEP SAO PAULO SP &  INAJAR DE SOUZA, AV SAO PAULO SP",-23.4351468,-46.7178155
"11884","D061301095",13768,"MAZZINI, RUA",NA,"",1433,"","22/06/2013 12:00",2,"CO",39,6731," "," ",1,1,0,0,0,0,0,0,0,0,0,0,0,0,0,0,0,13768,"MAZZINI, RUA",NA,"",49,"LIBERDADE",1,0,"MAZZINI, RUA 1433 SAO PAULO SP",-23.5648817,-46.6258183
"11886","D061301249",43777,"CARVALHO PINTO, AV GOV",8045,"GODOI, RUA SEN",0,"","22/06/2013 12:29",2,"CT",10,7096," "," ",1,1,0,0,0,0,0,0,0,0,0,0,0,0,0,0,0,8045,"GODOI, RUA SEN",43777,"CARVALHO PINTO, AV GOV",60,"PENHA",1,0,"CARVALHO PINTO, AV GOV SAO PAULO SP &  GODOI, RUA SEN SAO PAULO SP",-23.5149544,-46.5203738
"11887","D061300711",46890,"ALEXIOS JAFET (ESTR.CAMPINAS), AV",NA,"",1400,"","22/06/2013 12:36",4,"AT",46,5979," "," ",0,1,0,0,0,0,0,0,0,0,0,0,0,0,0,0,0,46890,"ALEXIOS JAFET (ESTR.CAMPINAS), AV",NA,"",41,"JARAGUA",1,0,"ALEXIOS JAFET (ESTR.CAMPINAS), AV 1400 SAO PAULO SP",-23.5720285,-46.6592023
"11888","D061301780",30240,"CRIUVA, RUA",NA,"",785,"","22/06/2013 12:56",2,"CT",32,5249," "," ",0,1,0,0,0,0,0,0,0,0,0,0,0,0,0,0,0,30240,"CRIUVA, RUA",NA,"",53,"MOEMA",1,0,"CRIUVA, RUA 785 SAO PAULO SP",-23.5197901,-46.4324191
"11889","D061300313",35829,"MOREIRA GUIMARAES, AV",NA,"",1097,"","22/06/2013 13:00",2,"CO",27,9397," "," ",0,1,0,0,0,0,0,0,0,0,0,1,0,0,0,0,0,35829,"MOREIRA GUIMARAES, AV",NA,"",24,"CIDADE LIDER",1,0,"MOREIRA GUIMARAES, AV 1097 SAO PAULO SP",-23.6154814,-46.6596081
"11890","D061301221",8538,"GUSTAVO ADOLFO, AV",NA,"",100,"","22/06/2013 13:05",2,"CO",90,2543," "," ",1,1,0,0,0,0,0,0,0,0,0,0,0,0,0,0,0,8538,"GUSTAVO ADOLFO, AV",NA,"",94,"VILA MEDEIROS",1,0,"GUSTAVO ADOLFO, AV 100 SAO PAULO SP",-23.4814982,-46.5984075
"11892","D061300335",8431,"GUATAPARA, RUA",NA,"",215,"","22/06/2013 13:45",2,"CO",35,8561," "," ",1,1,0,0,0,0,0,0,0,0,0,0,0,0,0,0,0,8431,"GUATAPARA, RUA",NA,"",42,"JARDIM ANGELA",1,0,"GUATAPARA, RUA 215 SAO PAULO SP",-23.6341245,-46.6400729
"11893","D061300226",7691,"GABRIEL MONTEIRO DA SILVA, AL",3581,"BRASIL, AV",0,"","22/06/2013 14:00",2,"CO",78,6441," "," ",0,1,0,0,0,0,0,0,0,0,0,1,0,0,0,0,0,3581,"BRASIL, AV",7691,"GABRIEL MONTEIRO DA SILVA, AL",44,"JARDIM PAULISTA",1,0,"GABRIEL MONTEIRO DA SILVA, AL SAO PAULO SP &  BRASIL, AV SAO PAULO SP",-23.574341,-46.6853256
"11895","D061301465",9573,"LUIZ SERAPHICO JUNIOR, RUA",9600,"BRAGANCA PAULISTA, RUA",0,"","22/06/2013 14:15",2,"CO",11,7265," "," ",0,0,1,1,0,0,0,0,0,0,0,0,0,0,0,0,0,9573,"LUIZ SERAPHICO JUNIOR, RUA",9600,"BRAGANCA PAULISTA, RUA",72,"SANTO AMARO",4,0,"LUIZ SERAPHICO JUNIOR, RUA SAO PAULO SP &  BRAGANCA PAULISTA, RUA SAO PAULO SP",-23.6377819,-46.7196393
"11896","D061301865",21253,"AGUIA DE HAIA, AV",NA,"",162,"","22/06/2013 14:36",4,"AT",64,6807," "," ",0,1,0,0,0,0,0,0,0,0,0,0,0,0,0,0,0,21253,"AGUIA DE HAIA, AV",NA,"",0,"NULL",1,0,"AGUIA DE HAIA, AV 162 SAO PAULO SP",-23.5393932,-46.4827731
"11897","D061300222",11989,"LORENA, AL",2497,"AUGUSTA, RUA",0,"","22/06/2013 15:11",2,"CO",78,5478," "," ",0,1,0,0,0,0,0,0,0,0,0,1,0,0,0,0,0,2497,"AUGUSTA, RUA",11989,"LORENA, AL",44,"JARDIM PAULISTA",1,0,"LORENA, AL SAO PAULO SP &  AUGUSTA, RUA SAO PAULO SP",-23.5692166,-46.6600477
"11898","D061301159",18447,"BENJAMIN FERREIRA, RUA",NA,"",265,"","22/06/2013 15:16",2,"CO",73,6020," "," ",0,1,0,0,0,0,0,0,0,0,0,0,0,0,0,1,0,18447,"BENJAMIN FERREIRA, RUA",NA,"",8,"BELEM",1,0,"BENJAMIN FERREIRA, RUA 265 SAO PAULO SP",-23.4815067,-46.638146
"11899","D061301204",27601,"FELICIANO MALABIA, RUA",NA,"",80,"","22/06/2013 15:17",4,"AT",74,5779," "," ",0,0,0,0,0,0,0,0,0,0,0,0,0,0,0,1,0,27601,"FELICIANO MALABIA, RUA",NA,"",40,"JAGUARE",1,0,"FELICIANO MALABIA, RUA 80 SAO PAULO SP",-23.4507646,-46.6970699
"11900","D061301181",7061,"FERNAO DIAS, VIA",NA,"",83500,"","22/06/2013 15:20",2,"CP",73,6733," "," ",1,0,0,0,0,0,0,0,0,0,0,0,0,0,0,0,0,7061,"FERNAO DIAS, VIA",NA,"",38,"JACANA",1,0,"FERNAO DIAS, VIA 83500 SAO PAULO SP",-23.4609146,-46.5715728
"11901","D061301719",2483,"ATLANTICA ANT. ROBERT KENNEDY, AV",NA,"",1741,"","22/06/2013 15:42",4,"AT",102,7269," "," ",1,0,0,0,0,0,0,0,0,0,0,0,0,0,0,0,0,2483,"ATLANTICA ANT. ROBERT KENNEDY, AV",NA,"",23,"CIDADE DUTRA",1,0,"ATLANTICA ANT. ROBERT KENNEDY, AV 1741 SAO PAULO SP",-23.5505199,-46.6333094
"11902","D061301466",222,"ADOLFO PINHEIRO, AV",3041,"BELA VISTA, RUA",0,"","22/06/2013 15:48",2,"CO",11,7273," "," ",2,0,0,0,0,0,0,0,0,0,0,0,0,0,0,0,0,222,"ADOLFO PINHEIRO, AV",999,"SANTO AMARO, AV",72,"SANTO AMARO",2,0,"ADOLFO PINHEIRO, AV SAO PAULO SP &  BELA VISTA, RUA SAO PAULO SP",-23.6416691,-46.6982672
"11903","D061300504",7301,"FRADIQUE COUTINHO, RUA",NA,"",1640,"","22/06/2013 15:50",2,"CL",14,6419," "," ",1,1,0,0,0,0,0,0,0,0,0,0,0,0,0,0,0,7301,"FRADIQUE COUTINHO, RUA",NA,"",63,"PINHEIROS",1,0,"FRADIQUE COUTINHO, RUA 1640 SAO PAULO SP",-23.5536151,-46.6930677
"11904","D061300307",14531,"NHAMBIQUARAS, AL DOS",NA,"",986,"","22/06/2013 15:54",4,"AT",27,6621," "," ",1,0,0,0,0,0,0,0,0,0,0,0,0,0,0,0,0,14531,"NHAMBIQUARAS, AL DOS",NA,"",53,"MOEMA",2,0,"NHAMBIQUARAS, AL DOS 986 SAO PAULO SP",-23.607572,-46.6598743
"11906","D061302006",99312,"EDUARDO SANCHEZ, RUA",NA,"",170,"","22/06/2013 16:04",4,"AT",54,8730," "," ",1,0,0,0,0,0,0,0,0,0,0,0,0,0,0,0,0,99312,"EDUARDO SANCHEZ, RUA",NA,"",25,"CIDADE TIRADENT",1,0,"EDUARDO SANCHEZ, RUA 170 SAO PAULO SP",-23.5894294,-46.4007566
"11907","D061301903",37331,"INACIO DONATI, RUA",NA,"",200,"","22/06/2013 16:23",4,"AT",103,5251," "," ",0,0,0,0,0,0,0,0,0,0,0,0,0,0,0,1,0,37331,"INACIO DONATI, RUA",NA,"",51,"MANDAQUI",1,0,"INACIO DONATI, RUA 200 SAO PAULO SP",-23.5412631,-46.4354548
"11908","D061301467",19931,"WASHINGTON LUIS, AV",NA,"",2737,"","22/06/2013 16:30",2,"CO",11,7276,"B"," ",1,1,0,0,0,0,0,0,0,0,0,0,0,0,0,0,0,19931,"WASHINGTON LUIS, AV",NA,"",30,"GRAJAU",1,0,"WASHINGTON LUIS, AV 2737 SAO PAULO SP",-23.6527329,-46.6797088
"11909","D061302073",70603,"FAUSTINO XAVIER DE NOVAIS, RUA",44562,"AVA GADNER, RUA",0,"","22/06/2013 16:30",2,"CO",70,6743," "," ",1,1,0,0,0,0,0,0,0,0,0,0,0,0,0,0,0,44562,"AVA GADNER, RUA",70603,"FAUSTINO XAVIER DE NOVAIS, RUA",78,"SAPOPEMBA",2,0,"FAUSTINO XAVIER DE NOVAIS, RUA SAO PAULO SP &  AVA GADNER, RUA SAO PAULO SP",-23.6107081,-46.5213954
"11910","D061300061",9276,"IPIRANGA, AV",NA,"",313,"","22/06/2013 16:45",2,"CO",3,3813," "," ",0,1,0,0,0,0,0,1,0,0,0,0,0,0,0,0,0,9276,"IPIRANGA, AV",NA,"",67,"REPUBLICA",1,0,"IPIRANGA, AV 313 SAO PAULO SP",-23.5453325,-46.6441936
"11911","D061302104",9276,"IPIRANGA, AV",NA,"",313,"","22/06/2013 16:45",2,"CO",2,3813," "," ",0,1,1,0,0,0,0,0,0,0,0,0,0,0,0,0,0,9276,"IPIRANGA, AV",NA,"",67,"REPUBLICA",0,1,"IPIRANGA, AV 313 SAO PAULO SP",-23.5453325,-46.6441936
"11912","D061301581",8368,"GUARAPIRANGA, AV",NA,"",2000,"","22/06/2013 17:30",4,"AA",92,1927," "," ",0,1,0,0,0,0,0,0,0,0,0,0,0,0,0,0,0,8368,"GUARAPIRANGA, AV",NA,"",45,"JARDIM SAO LUIS",1,0,"GUARAPIRANGA, AV 2000 SAO PAULO SP",-23.6677904,-46.7320677
"11913","D061300619",855,"ALVARENGA, RUA",NA,"",11,"","22/06/2013 19:00",2,"CO",34,3749," "," ",0,1,0,0,0,0,0,0,0,0,0,1,0,0,0,0,0,855,"ALVARENGA, RUA",NA,"",55,"MORUMBI",1,0,"ALVARENGA, RUA 11 SAO PAULO SP",-23.5800312,-46.7059613
"11914","D061301130",64651,"NICIA COUTINHO PATRICIO, RUA",NA,"",300,"","22/06/2013 19:00",2,"CO",45,5785," "," ",0,1,0,0,0,0,0,0,0,0,0,1,0,0,0,0,0,64651,"NICIA COUTINHO PATRICIO, RUA",NA,"",40,"JAGUARE",1,0,"NICIA COUTINHO PATRICIO, RUA 300 SAO PAULO SP",-23.4645596,-46.6838938
"11915","D061300336",14246,"MOREIRA LIMA, RUA CD",NA,"",470,"","22/06/2013 19:06",4,"AT",35,8576,"B"," ",0,1,0,0,0,0,0,0,0,0,0,0,0,0,0,0,0,14246,"MOREIRA LIMA, RUA CD",NA,"",42,"JARDIM ANGELA",1,0,"MOREIRA LIMA, RUA CD 470 SAO PAULO SP",-23.5505199,-46.6333094
"11916","D061300037",11818,"LIBERDADE, AV DA",17813,"SAO JOAQUIM, RUA CDSSA DE",0,"","22/06/2013 19:20",2,"SI",1,5489," "," ",1,1,0,0,0,0,0,0,0,0,0,0,0,0,0,0,0,11818,"LIBERDADE, AV DA",17813,"SAO JOAQUIM, RUA CDSSA DE",NA,"",1,0,"LIBERDADE, AV DA SAO PAULO SP &  SAO JOAQUIM, RUA CDSSA DE SAO PAULO SP",-23.5579135,-46.6369998
"11917","D061301866",7344,"FRANCISCO ALARICO BERGAMO, RUA",NA,"",1084,"","22/06/2013 19:30",2,"CO",64,6823," "," ",0,1,0,0,0,0,0,0,0,0,0,0,0,0,0,1,0,7344,"FRANCISCO ALARICO BERGAMO, RUA",NA,"",36,"ITAQUERA",1,0,"FRANCISCO ALARICO BERGAMO, RUA 1084 SAO PAULO SP",-23.5208593,-46.454155
"11918","D061301846",46936,"JACU-PESSEGO/NOVA TRABALHADORE, AV",NA,"",96,"","22/06/2013 19:45",4,"AT",63,5260," "," ",0,0,0,0,0,0,0,0,0,0,0,0,0,0,0,1,0,46936,"JACU-PESSEGO/NOVA TRABALHADORE, AV",NA,"",46,"JOSE BONIFACIO",3,0,"JACU-PESSEGO/NOVA TRABALHADORE, AV 96 SAO PAULO SP",-23.5318356,-46.4561684
"11920","D061301720",16247,"PINEDO, AV DE",NA,"",10,"","22/06/2013 20:50",4,"AT",102,7284," "," ",1,0,0,0,0,0,0,0,0,0,0,0,0,0,0,0,0,16247,"PINEDO, AV DE",NA,"",32,"IGUATEMI",1,0,"PINEDO, AV DE 10 SAO PAULO SP",-23.6663475,-46.7123388
"11921","D061301790",17820,"TITO, AV MAL",10393,"JOAO NERY, ES DOM",0,"","22/06/2013 20:50",2,"CO",50,7753," "," ",1,1,0,0,0,0,0,0,0,0,0,0,0,0,0,0,0,10393,"JOAO NERY, ES DOM",17820,"TITO, AV MAL",35,"ITAIM PAULISTA",2,0,"TITO, AV MAL SAO PAULO SP &  JOAO NERY, ES DOM SAO PAULO SP",-23.4934955,-46.4410574
"11922","D061301781",11542,"NORDESTINA, AV",62951,"ARVORE DA CERA, RUA",0,"","22/06/2013 21:00",2,"SI",32,5267," "," ",1,1,0,0,0,0,0,0,0,0,0,0,0,0,0,0,0,11542,"NORDESTINA, AV",62951,"ARVORE DA CERA, RUA",86,"VILA CURUCA",1,0,"NORDESTINA, AV SAO PAULO SP &  ARVORE DA CERA, RUA SAO PAULO SP",-23.5296164,-46.4159067
"11923","D061300993",20087,"ZUMKELLER, AV",8238,"GUACA, AV DO",0,"","22/06/2013 21:09",2,"CO",20,5923," "," ",1,1,0,0,0,0,0,0,0,0,0,0,0,0,0,0,0,8238,"GUACA, AV DO",20087,"ZUMKELLER, AV",51,"MANDAQUI",1,0,"ZUMKELLER, AV SAO PAULO SP &  GUACA, AV DO SAO PAULO SP",-23.475446,-46.6347736
"11924","D061300127",8614,"HEITOR PEIXOTO, RUA",NA,"",569,"","22/06/2013 21:50",2,"CO",6,4991," "," ",1,1,0,0,0,0,0,0,0,0,0,0,0,0,0,0,0,8614,"HEITOR PEIXOTO, RUA",NA,"",14,"CAMBUCI",1,0,"HEITOR PEIXOTO, RUA 569 SAO PAULO SP",-23.5754567,-46.6217841
"11925","D061300282",5689,"DANIEL, RUA S",NA,"",407,"","22/06/2013 22:04",2,"CO",26,5672,"B"," ",1,1,0,0,0,0,0,0,0,0,0,0,0,0,0,0,0,5689,"DANIEL, RUA S",NA,"",27,"CURSINO",1,0,"DANIEL, RUA S 407 SAO PAULO SP",-23.451017,-46.5653459
"11926","D061300422",19100,"BANDEIRANTES, AV DOS",17064,"RIBEIRO DO VALE, RUA",0,"","22/06/2013 22:16",4,"AT",96,6636," "," ",0,0,0,0,0,0,0,0,0,0,0,1,0,0,0,0,0,17064,"RIBEIRO DO VALE, RUA",19100,"BANDEIRANTES, AV DOS",34,"ITAIM BIBI",1,0,"BANDEIRANTES, AV DOS SAO PAULO SP &  RIBEIRO DO VALE, RUA SAO PAULO SP",-23.6016317,-46.6827292
"11927","D061301551",15979,"PEDRO SANTALUCIA, RUA",NA,"",273,"","22/06/2013 22:30",2,"CO",48,4922," "," ",0,1,0,0,0,0,0,0,0,0,0,0,0,0,0,1,0,15979,"PEDRO SANTALUCIA, RUA",NA,"",32,"IGUATEMI",1,0,"PEDRO SANTALUCIA, RUA 273 SAO PAULO SP",-23.7003313,-46.6914117
"11928","D061301918",98894,"JAMES NARES, RUA",NA,"",11,"","22/06/2013 22:30",2,"CO",41,900083," "," ",1,1,0,0,0,0,0,0,0,0,0,0,0,0,0,0,0,98894,"JAMES NARES, RUA",NA,"",78,"SAPOPEMBA",1,0,"JAMES NARES, RUA 11 SAO PAULO SP",-23.5928029,-46.5092303
"11929","D061301494",32541,"PAULO GUILGUER REIMBERG, AV",NA,"",3103,"","22/06/2013 22:48",2,"CF",25,4921," "," ",1,0,1,0,0,0,0,0,0,0,0,0,0,0,0,0,0,32541,"PAULO GUILGUER REIMBERG, AV",NA,"",32,"IGUATEMI",4,0,"PAULO GUILGUER REIMBERG, AV 3103 SAO PAULO SP",-23.779319,-46.6917917
"11930","D061301951",1306,"ANDRE DE ALMEIDA, RUA",NA,"",1885,"","22/06/2013 23:00",2,"CT",49,8758," "," ",2,0,0,0,0,0,0,0,0,0,0,0,0,0,0,0,0,1306,"ANDRE DE ALMEIDA, RUA",NA,"",75,"SAO MATEUS",1,0,"ANDRE DE ALMEIDA, RUA 1885 SAO PAULO SP",-23.5952994,-46.4770437
"11931","D061301353",10494,"FIRMINO ALVES, RUA",NA,"",75,"","22/06/2013 23:00",2,"QM",42,4248," "," ",0,1,0,0,0,0,0,0,0,0,0,0,0,0,0,0,0,10494,"FIRMINO ALVES, RUA",NA,"",74,"SAO LUCAS",1,0,"FIRMINO ALVES, RUA 75 SAO PAULO SP",-23.5968837,-46.548569
"11932","D061300820",9710,"JOSE HOR. MEIRELLES TEIXEIRA, RUA PROF",NA,"",40,"","22/06/2013 23:30",2,"CH",89,5659," "," ",3,0,0,0,0,0,0,0,0,0,0,0,0,0,0,0,0,9710,"JOSE HOR. MEIRELLES TEIXEIRA, RUA PROF",NA,"",96,"VILA SONIA",1,0,"JOSE HOR. MEIRELLES TEIXEIRA, RUA PROF 40 SAO PAULO SP",-23.5561159,-46.410898
"11933","D061300505",7257,"FONSECA RODRIGUES, AV PROF",16082,"PEREIRA DE ANDRADE, AV PDE",0,"","22/06/2013 23:45",2,"CL",14,6425," "," ",2,0,0,0,0,0,0,0,0,0,0,0,0,0,0,0,0,2714,"BAGIRU, AV",7257,"FONSECA RODRIGUES, AV PROF",NA,"",1,0,"FONSECA RODRIGUES, AV PROF SAO PAULO SP &  PEREIRA DE ANDRADE, AV PDE SAO PAULO SP",-23.551963,-46.7110012
"11934","D061300666",16339,"CARLOS LACERDA, AV",NA,"",585,"","22/06/2013 23:50",4,"AT",37,5204," "," ",1,0,0,0,0,0,0,0,0,0,0,0,0,0,0,0,0,16339,"CARLOS LACERDA, AV",NA,"",29,"FREGUESIA DO O",1,0,"CARLOS LACERDA, AV 585 SAO PAULO SP",-23.6369109,-46.778788
"11935","D061300552",19259,"TURIASSU, RUA",NA,"",1170,"","22/06/2013 23:50",4,"AT",23,3558," "," ",1,0,0,0,0,0,0,0,0,0,0,0,0,0,0,0,0,19259,"TURIASSU, RUA",NA,"",19,"CAPAO REDONDO",1,0,"TURIASSU, RUA 1170 SAO PAULO SP",-23.5314801,-46.6741454
"11936","D061300308",24507,"LINO DE MORAES LEME, AV DR",4596,"CATARINA, AV STA",0,"","23/06/2013 00:15",2,"QF",27,6641," "," ",1,0,0,0,0,0,0,0,0,0,0,0,0,0,0,0,0,4596,"CATARINA, AV STA",24507,"LINO DE MORAES LEME, AV DR",15,"CAMPO BELO",1,0,"LINO DE MORAES LEME, AV DR SAO PAULO SP &  CATARINA, AV STA SAO PAULO SP",-23.6412649,-46.6657886
"11937","D061300433",2235,"ARMANDO DE ARRUDA PEREIRA, AV ENG",NA,"",5000,"","23/06/2013 01:40",2,"CO",97,1713," "," ",1,1,0,0,0,0,0,0,0,0,0,0,0,0,0,0,0,2235,"ARMANDO DE ARRUDA PEREIRA, AV ENG",NA,"",37,"JABAQUARA",1,0,"ARMANDO DE ARRUDA PEREIRA, AV ENG 5000 SAO PAULO SP",-23.6680917,-46.636225
"11939","D061301791",17820,"TITO, AV MAL",61027,"ESTEVAO RIBEIRO GARCIA, RUA",0,"","23/06/2013 03:00",2,"CL",50,7759," "," ",1,1,0,0,0,0,0,0,0,0,0,0,0,0,0,0,0,17820,"TITO, AV MAL",61027,"ESTEVAO RIBEIRO GARCIA, RUA",NA,"",2,0,"TITO, AV MAL SAO PAULO SP &  ESTEVAO RIBEIRO GARCIA, RUA SAO PAULO SP",-23.4934955,-46.4410574
"11940","D061301802",71944,"DOMINGOS FERNANDES NOBRE, RUA",NA,"",185,"","23/06/2013 03:30",2,"CO",59,7852," "," ",2,0,0,0,0,0,0,0,0,0,0,0,0,0,0,0,0,71944,"DOMINGOS FERNANDES NOBRE, RUA",NA,"",54,"MOOCA",1,0,"DOMINGOS FERNANDES NOBRE, RUA 185 SAO PAULO SP",-23.4901977,-46.3938618
"11941","D061300128",6642,"ESTADO, AV DO",NA,"",5814,"","23/06/2013 03:35",2,"CH",6,4995," "," ",0,0,0,0,0,0,0,0,0,0,0,1,0,0,0,0,0,6642,"ESTADO, AV DO",NA,"",9,"BOM RETIRO",4,0,"ESTADO, AV DO 5814 SAO PAULO SP",-23.5471748,-46.629431
"11942","D061301096",11321,"JULIO BUONO, AV",5705,"DANTAS CORTEZ, RUA MAJ",0,"","23/06/2013 03:40",2,"CO",39,6750," "," ",2,0,0,0,0,0,0,0,0,0,0,0,0,0,0,0,0,5705,"DANTAS CORTEZ, RUA MAJ",11321,"JULIO BUONO, AV",94,"VILA MEDEIROS",2,0,"JULIO BUONO, AV SAO PAULO SP &  DANTAS CORTEZ, RUA MAJ SAO PAULO SP",-23.497339,-46.598904
"11943","D061301576",15507,"TEOTONIO VILELA, AV SEN",44105,"LUIZ ROTTA, RUA",0,"","23/06/2013 04:20",2,"CO",85,3239,"B"," ",0,1,0,0,0,0,0,0,0,0,0,0,0,0,0,0,0,13817,"MENDES, ES DOS",15507,"TEOTONIO VILELA, AV SEN",23,"CIDADE DUTRA",2,0,"TEOTONIO VILELA, AV SEN SAO PAULO SP &  LUIZ ROTTA, RUA SAO PAULO SP",-23.7290679,-46.698928
"11944","D061301952",9044,"RAGUEB CHOHFI, AV",75482,"DOMINGOS DE MENDONCA, RUA",0,"","23/06/2013 04:40",2,"CO",49,8759," "," ",0,1,1,0,0,0,0,0,0,0,0,0,0,0,0,0,0,9044,"RAGUEB CHOHFI, AV",75482,"DOMINGOS DE MENDONCA, RUA",32,"IGUATEMI",1,0,"RAGUEB CHOHFI, AV SAO PAULO SP &  DOMINGOS DE MENDONCA, RUA SAO PAULO SP",-23.5962789,-46.4358414
"11945","D061300640",16337,"ELISEU DE ALMEIDA, AV",NA,"",2700,"","23/06/2013 05:00",2,"CH",34,5665," "," ",1,0,0,0,0,0,0,0,0,0,0,0,0,0,0,0,0,16337,"ELISEU DE ALMEIDA, AV",NA,"",0,"NULL",2,0,"ELISEU DE ALMEIDA, AV 2700 SAO PAULO SP",-23.5889519,-46.7333587
"11946","D061301413",3956,"CAMBERRA, RUA",NA,"",653,"","23/06/2013 06:00",2,"CH",58,3916," "," ",1,0,0,0,0,0,0,0,0,0,0,0,0,0,0,0,0,3956,"CAMBERRA, RUA",NA,"",87,"VILA FORMOSA",1,0,"CAMBERRA, RUA 653 SAO PAULO SP",-23.5659739,-46.5530909