"","id_acidente","codloga","logradouroA","codlogb","logradouroB","alt_num","referencia","data","cod_acid","tipo_acidente","dp","numero_BO","sentido","pista","automovel","moto","onibus","caminhao","bicicleta","moto_taxi","onibus_fretado","onibus_urbano","microonibus","van","vuc","caminhonete","carreta","jipe","outros","sem_informacao","carroca","princ_a","paiA","princ_b","paiB","cod_distrito","distrito","vit_ferida","vit_morta","local","lat","lon"
"11947","D061301610",4754,"AGOSTINHO RUBIN, AV",NA,"",606,"","23/06/2013 06:16",2,"CT",92,7784," "," ",1,0,1,0,0,0,0,0,0,0,0,0,0,0,0,0,0,4754,"AGOSTINHO RUBIN, AV",NA,"",19,"CAPAO REDONDO",2,0,"AGOSTINHO RUBIN, AV 606 SAO PAULO SP",-23.6609466,-46.7577803
"11949","D061300441",2235,"ARMANDO DE ARRUDA PEREIRA, AV ENG",NA,"",3721,"","23/06/2013 06:20",2,"CH",97,5679," "," ",1,0,0,0,0,0,0,0,0,0,0,0,0,0,0,0,0,2235,"ARMANDO DE ARRUDA PEREIRA, AV ENG",NA,"",37,"JABAQUARA",1,0,"ARMANDO DE ARRUDA PEREIRA, AV ENG 3721 SAO PAULO SP",-23.6578838,-46.6357957
"11950","D061301566",42148,"BRUNO TAUT, RUA",NA,"",20,"","23/06/2013 06:26",2,"CL",80,6703," "," ",1,1,0,0,0,0,0,0,0,0,0,0,0,0,0,0,0,42148,"BRUNO TAUT, RUA",NA,"",22,"CIDADE ADEMAR",1,0,"BRUNO TAUT, RUA 20 SAO PAULO SP",-23.686968,-46.6672551
"11951","D061300994",13133,"MARIA AMALIA LOPES AZEVEDO, RUA",NA,"",576,"","23/06/2013 06:56",2,"CO",20,5932," "," ",2,0,0,0,0,0,0,0,0,0,0,0,0,0,0,0,0,13133,"MARIA AMALIA LOPES AZEVEDO, RUA",NA,"",83,"TREMEMBE",1,0,"MARIA AMALIA LOPES AZEVEDO, RUA 576 SAO PAULO SP",-23.4585424,-46.6198457
"11952","D061301182",16263,"PINHEIROS, RUA DOS",NA,"",29,"","23/06/2013 07:00",2,"CO",73,6755," "," ",0,1,0,0,0,0,0,0,0,0,0,0,0,0,0,1,0,16263,"PINHEIROS, RUA DOS",NA,"",63,"PINHEIROS",1,0,"PINHEIROS, RUA DOS 29 SAO PAULO SP",-23.4438711,-46.5780802
"11953","D061302153",9220,"INTERLAGOS, AV",5852,"ANGELO BADA, RUA",0,"","23/06/2013 07:00",2,"CO",98,6725," "," ",2,0,0,0,0,0,0,0,0,0,0,0,0,0,0,0,0,5852,"ANGELO BADA, RUA",9220,"INTERLAGOS, AV",81,"SOCORRO",0,1,"INTERLAGOS, AV SAO PAULO SP &  ANGELO BADA, RUA SAO PAULO SP",-23.6872639,-46.6953006
"11954","D061300189",5797,"DEODORO, PCA MAL",NA,"",162,"","23/06/2013 07:45",4,"AT",77,2723," "," ",0,1,0,0,0,0,0,0,0,0,0,0,0,0,0,0,0,5797,"DEODORO, PCA MAL",NA,"",11,"BRASILANDIA",3,0,"DEODORO, PCA MAL 162 SAO PAULO SP",-23.5347739,-46.6545293
"11955","D061300337",4597,"CATARINA, RUA STA",NA,"",2233,"","23/06/2013 07:46",2,"CH",35,8592," "," ",1,0,0,0,0,0,0,0,0,0,0,0,0,0,0,0,0,4597,"CATARINA, RUA STA",NA,"",82,"TATUAPE",3,0,"CATARINA, RUA STA 2233 SAO PAULO SP",-23.6533651,-46.6574795
"11956","D061301862",23441,"SONHO GAUCHO, RUA",14581,"NICOLAU JACINTO, AV",0,"","23/06/2013 08:00",2,"SI",64,5124,"B"," ",1,1,0,0,0,0,0,0,0,0,0,0,0,0,0,0,0,13718,"MORRO DO DESCANSO, RUA",23441,"SONHO GAUCHO, RUA",65,"PONTE RASA",1,0,"SONHO GAUCHO, RUA SAO PAULO SP &  NICOLAU JACINTO, AV SAO PAULO SP",-23.5240136,-46.4760057
"11957","D061301402",14213,"MOOCA, RUA DA",7033,"FERNANDO FALCAO, RUA",0,"","23/06/2013 08:36",2,"CO",57,4249," "," ",2,0,0,0,0,0,0,0,0,0,0,0,0,0,0,0,0,7033,"FERNANDO FALCAO, RUA",14213,"MOOCA, RUA DA",NA,"",1,0,"MOOCA, RUA DA SAO PAULO SP &  FERNANDO FALCAO, RUA SAO PAULO SP",-23.5549376,-46.6077126
"11958","D061301762",9632,"ITINGUCU, RUA",4387,"CARLOS MARIA STEIMBERG, RUA",0,"","23/06/2013 11:40",2,"CL",24,6851," "," ",2,0,0,0,0,0,0,0,0,0,0,0,0,0,0,0,0,4387,"CARLOS MARIA STEIMBERG, RUA",9632,"ITINGUCU, RUA",5,"ARTUR ALVIM",2,0,"ITINGUCU, RUA SAO PAULO SP &  CARLOS MARIA STEIMBERG, RUA SAO PAULO SP",-23.5270874,-46.5021154
"11959","D061302056",17135,"RIO DAS PEDRAS, AV",6648,"ESTADO DO CEARA, RUA",0,"","23/06/2013 11:40",2,"QF",69,8782," "," ",0,0,1,0,0,0,0,0,0,0,0,0,0,0,0,0,0,6648,"ESTADO DO CEARA, RUA",17135,"RIO DAS PEDRAS, AV",75,"SAO MATEUS",1,0,"RIO DAS PEDRAS, AV SAO PAULO SP &  ESTADO DO CEARA, RUA SAO PAULO SP",-23.5630062,-46.5152683
"11960","D061301184",42220,"USHIKICHI KAMYIA, RUA",NA,"",71,"","23/06/2013 12:30",2,"CO",73,6766," "," ",1,1,0,0,0,0,0,0,0,0,0,0,0,0,0,0,0,42220,"USHIKICHI KAMYIA, RUA",NA,"",38,"JACANA",1,0,"USHIKICHI KAMYIA, RUA 71 SAO PAULO SP",-23.4400918,-46.5708488
"11961","D061301953",9044,"RAGUEB CHOHFI, AV",NA,"",3000,"","23/06/2013 13:00",2,"CT",49,8767," "," ",0,2,0,0,0,0,0,0,0,0,0,0,0,0,0,0,0,9044,"RAGUEB CHOHFI, AV",NA,"",32,"IGUATEMI",2,0,"RAGUEB CHOHFI, AV 3000 SAO PAULO SP",-23.5968338,-46.4564753
"11962","D061300381",64798,"JORGE MORAIS, RUA",76119,"JOSE PEREIRA CRUZ, RUA",0,"","23/06/2013 13:12",4,"AT",83,5697," "," ",0,1,0,0,0,0,0,0,0,0,0,0,0,0,0,0,0,64798,"JORGE MORAIS, RUA",76119,"JOSE PEREIRA CRUZ, RUA",69,"SACOMA",1,0,"JORGE MORAIS, RUA SAO PAULO SP &  JOSE PEREIRA CRUZ, RUA SAO PAULO SP",-23.6515597,-46.6070929
"11963","D061301019",13417,"MARINA, AV STA",NA,"",2367,"","23/06/2013 14:08",2,"CO",28,3310," "," ",1,1,0,0,0,0,0,0,0,0,0,0,0,0,0,0,0,13417,"MARINA, AV STA",NA,"",6,"BARRA FUNDA",1,0,"MARINA, AV STA 2367 SAO PAULO SP",-23.5040124,-46.6938181
"11965","D061302074",4531,"CASA GRANDE, ES",NA,"",1500,"","23/06/2013 14:31",2,"CO",70,6750," "," ",1,1,0,0,0,0,0,0,0,0,0,0,0,0,0,0,0,4531,"CASA GRANDE, ES",NA,"",78,"SAPOPEMBA",1,0,"CASA GRANDE, ES 1500 SAO PAULO SP",-23.5505199,-46.6333094
"11966","D061300245",9338,"IRINEU, RUA STO",NA,"",380,"","23/06/2013 14:40",2,"CO",16,8604," "," ",1,1,0,0,0,0,0,0,0,0,0,0,0,0,0,0,0,9338,"IRINEU, RUA STO",NA,"",79,"SAUDE",1,0,"IRINEU, RUA STO 380 SAO PAULO SP",-23.603056,-46.6272617
"11968","D061301183",7061,"FERNAO DIAS, VIA",NA,"",76000,"","23/06/2013 15:00",2,"CO",73,6765," "," ",2,0,0,0,0,0,0,0,0,0,0,0,0,0,0,0,0,7061,"FERNAO DIAS, VIA",NA,"",38,"JACANA",4,0,"FERNAO DIAS, VIA 76000 SAO PAULO SP",-23.4609146,-46.5715728
"11969","D061301205",67402,"ANTONIO SEBASTIAO SOBRINHO, RUA",NA,"",633,"","23/06/2013 15:00",2,"QM",74,5825," "," ",0,1,0,0,0,0,0,0,0,0,0,0,0,0,0,0,0,67402,"ANTONIO SEBASTIAO SOBRINHO, RUA",NA,"",52,"MARSILAC",1,0,"ANTONIO SEBASTIAO SOBRINHO, RUA 633 SAO PAULO SP",-23.4467612,-46.7285357
"11970","D061301148",15425,"CANTIDIO SAMPAIO, AV DEP",NA,"",1465,"","23/06/2013 15:00",2,"CT",72,5827," "," ",2,0,0,0,0,0,0,0,0,0,0,0,0,0,0,0,0,15425,"CANTIDIO SAMPAIO, AV DEP",NA,"",41,"JARAGUA",1,0,"CANTIDIO SAMPAIO, AV DEP 1465 SAO PAULO SP",-23.465387,-46.6796033
"11971","D061300399",11562,"LAGRIMAS, ES DAS",NA,"",3000,"","23/06/2013 15:30",2,"CH",95,5680," "," ",1,0,0,0,0,0,0,0,0,0,0,0,0,0,0,0,0,11562,"LAGRIMAS, ES DAS",NA,"",69,"SACOMA",1,0,"LAGRIMAS, ES DAS 3000 SAO PAULO SP",-23.5505199,-46.6333094
"11972","D061301552",15507,"TEOTONIO VILELA, AV SEN",NA,"",1109,"","23/06/2013 16:13",2,"CO",48,4949," "," ",1,1,0,0,0,0,0,0,0,0,0,0,0,0,0,0,0,15507,"TEOTONIO VILELA, AV SEN",NA,"",23,"CIDADE DUTRA",2,0,"TEOTONIO VILELA, AV SEN 1109 SAO PAULO SP",-23.7111543,-46.6991551
"11973","D061301114",19045,"THOMAZ ANTONIO VILLANI, RUA",NA,"",194,"","23/06/2013 16:30",2,"SI",40,7030," "," ",1,1,0,0,0,0,0,0,0,0,0,0,0,0,0,0,0,19045,"THOMAZ ANTONIO VILLANI, RUA",NA,"",44,"JARDIM PAULISTA",1,0,"THOMAZ ANTONIO VILLANI, RUA 194 SAO PAULO SP",-23.4876227,-46.6746873
"11974","D061302035",9580,"ITAQUERA, AV",NA,"",2200,"","23/06/2013 17:15",4,"AT",66,4556," "," ",1,0,0,0,0,0,0,0,0,0,0,0,0,0,0,0,0,9580,"ITAQUERA, AV",NA,"",24,"CIDADE LIDER",1,0,"ITAQUERA, AV 2200 SAO PAULO SP",-23.5490733,-46.5045184
"11975","D061301981",60675,"AFONSO DE SAMPAIO E SOUSA, AV",NA,"",1034,"","23/06/2013 17:20",2,"QM",53,4557," "," ",0,1,0,0,0,0,0,0,0,0,0,0,0,0,0,0,0,60675,"AFONSO DE SAMPAIO E SOUSA, AV",NA,"",51,"MANDAQUI",1,0,"AFONSO DE SAMPAIO E SOUSA, AV 1034 SAO PAULO SP",-23.5706959,-46.4698928
"11976","D061300119",12238,"LUIS GAMA, RUA",4829,"CESARIO RAMALHO, RUA",0,"","23/06/2013 17:50",4,"AT",6,3069," "," ",1,0,0,0,0,0,0,0,0,0,0,0,0,0,0,0,0,4829,"CESARIO RAMALHO, RUA",12238,"LUIS GAMA, RUA",14,"CAMBUCI",1,0,"LUIS GAMA, RUA SAO PAULO SP &  CESARIO RAMALHO, RUA SAO PAULO SP",-23.557946,-46.6220371
"11979","D061301520",11116,"JOSE NEVES, RUA",NA,"",408,"","23/06/2013 19:25",2,"CO",43,6733," "," ",1,1,0,0,0,0,0,0,0,0,0,0,0,0,0,0,0,11116,"JOSE NEVES, RUA",NA,"",22,"CIDADE ADEMAR",2,0,"JOSE NEVES, RUA 408 SAO PAULO SP",-23.658948,-46.6758178
"11980","D061301403",906,"ALVARO RAMOS, AV",6932,"FEIJO, AV REG",0,"","23/06/2013 19:30",2,"CF",57,4268," "," ",0,1,1,0,0,0,0,0,0,0,0,0,0,0,0,0,0,906,"ALVARO RAMOS, AV",6932,"FEIJO, AV REG",1,"AGUA RASA",2,0,"ALVARO RAMOS, AV SAO PAULO SP &  FEIJO, AV REG SAO PAULO SP",-23.5475494,-46.5829937
"11981","D061300793",16838,"RAIMUNDO PEREIRA DE MAGAL., AV",NA,"",8272,"","23/06/2013 19:45",2,"CO",87,6022," "," ",2,0,0,0,0,0,0,0,0,0,0,0,0,0,0,0,0,16838,"RAIMUNDO PEREIRA DE MAGAL., AV",NA,"",31,"GUAIANASES",1,0,"RAIMUNDO PEREIRA DE MAGAL., AV 8272 SAO PAULO SP",-23.4650431,-46.7216067
"11982","D061301656",6238,"NACOES UNIDAS, AV DAS",5503,"CRISTALINO ROLIM DE FREITAS, RUA",0,"","23/06/2013 19:55",2,"CH",99,7317,"C"," ",1,0,0,0,0,0,0,0,0,0,0,0,0,0,0,0,0,5503,"CRISTALINO ROLIM DE FREITAS, RUA",6238,"NACOES UNIDAS, AV DAS",16,"CAMPO GRANDE",1,0,"NACOES UNIDAS, AV DAS SAO PAULO SP &  CRISTALINO ROLIM DE FREITAS, RUA SAO PAULO SP",-23.5735935,-46.7008864
"11983","D061301069",15426,"PARADA PINTO, AV",NA,"",2260,"","23/06/2013 20:27",2,"CO",38,5835," "," ",1,1,0,0,0,0,0,0,0,0,0,0,0,0,0,0,0,15426,"PARADA PINTO, AV",NA,"",8,"BELEM",1,0,"PARADA PINTO, AV 2260 SAO PAULO SP",-23.4702179,-46.6491201
"11984","D061300571",33234,"MARGINAL DIREITA DO TIETE, AV",NA,"",2563,"","23/06/2013 20:30",2,"CO",33,4719," "," ",2,0,0,1,0,0,0,0,0,0,0,0,0,0,0,0,0,29772,"MARGINAL DO RIO TIETE, AV",NA,"",39,"JAGUARA",1,0,"MARGINAL DIREITA DO TIETE, AV 2563 SAO PAULO SP",-23.5168419,-46.7418003
"11985","D061301691",15507,"TEOTONIO VILELA, AV SEN",NA,"",4863,"","23/06/2013 20:38",2,"SI",101,4955," "," ",1,1,0,0,0,0,0,0,0,0,0,0,0,0,0,0,0,15507,"TEOTONIO VILELA, AV SEN",NA,"",23,"CIDADE DUTRA",2,0,"TEOTONIO VILELA, AV SEN 4863 SAO PAULO SP",-23.7592396,-46.7153523
"11987","D061301852",2429,"ASSIS RIBEIRO, RUA DR",NA,"",10170,"","23/06/2013 21:00",2,"CT",63,7193," "," ",2,0,0,0,0,0,0,0,0,0,0,0,0,0,0,0,0,2429,"ASSIS RIBEIRO, RUA DR",NA,"",28,"ERMELINO MATARA",1,0,"ASSIS RIBEIRO, RUA DR 10170 SAO PAULO SP",-23.4880004,-46.4653962
"11988","D061300960",8695,"HENRIQUE LEITAO, RUA",11576,"LAMARTINE DOS SANTOS, RUA",0,"","23/06/2013 21:40",2,"CO",19,2376," "," ",1,1,0,0,0,0,0,0,0,0,0,0,0,0,0,0,0,1649,"ANTONIO DA SILVA, RUA",8695,"HENRIQUE LEITAO, RUA",91,"VILA MARIA",1,0,"HENRIQUE LEITAO, RUA SAO PAULO SP &  LAMARTINE DOS SANTOS, RUA SAO PAULO SP",-23.5059107,-46.5927913
"11989","D061301097",18664,"TANQUE VELHO, RUA",4122,"CANEDOS, RUA",0,"","23/06/2013 21:51",2,"CO",39,6773,"B"," ",2,0,0,0,0,0,0,0,0,0,0,0,0,0,0,0,0,4122,"CANEDOS, RUA",18664,"TANQUE VELHO, RUA",84,"TUCURUVI",1,0,"TANQUE VELHO, RUA SAO PAULO SP &  CANEDOS, RUA SAO PAULO SP",-23.4801758,-46.5995594
"11990","D061301999",99999,"METALURGICOS, AV DOS",NA,"",192,"","23/06/2013 22:00",2,"CO",54,3704," "," ",1,1,0,0,0,0,0,0,0,0,0,0,0,0,0,0,0,99999,"METALURGICOS, AV DOS",NA,"",25,"CIDADE TIRADENT",1,0,"METALURGICOS, AV DOS 192 SAO PAULO SP",-23.5864328,-46.4092953
"11991","D061302103",5845,"DIAS DA SILVA, RUA",7840,"GAVEA, RUA",0,"","23/06/2013 22:36",2,"CO",20,5964," "," ",1,1,0,0,0,0,0,0,0,0,0,0,0,0,0,0,0,5845,"DIAS DA SILVA, RUA",7840,"GAVEA, RUA",91,"VILA MARIA",0,1,"DIAS DA SILVA, RUA SAO PAULO SP &  GAVEA, RUA SAO PAULO SP",-23.5193903,-46.5890947
"11992","D061301115",5738,"DARIO RIBEIRO, RUA PROF",NA,"",1160,"","23/06/2013 22:40",2,"QM",40,7050," "," ",0,1,0,0,0,0,0,0,0,0,0,0,0,0,0,0,0,5738,"DARIO RIBEIRO, RUA PROF",NA,"",50,"LIMAO",2,0,"DARIO RIBEIRO, RUA PROF 1160 SAO PAULO SP",-23.4916942,-46.667133
"11993","D061301763",9962,"JARAUARA, RUA",14452,"NEA, RUA",0,"","23/06/2013 22:40",4,"AT",24,6865," "," ",0,0,0,0,0,0,0,1,0,0,0,0,0,0,0,0,0,9962,"JARAUARA, RUA",14452,"NEA, RUA",60,"PENHA",1,0,"JARAUARA, RUA SAO PAULO SP &  NEA, RUA SAO PAULO SP",-23.5276613,-46.4965306
"11994","D061300382",5618,"CURSINO, AV DO",NA,"",3860,"","23/06/2013 22:50",4,"AT",83,5715," "," ",0,1,0,0,0,0,0,0,0,0,0,0,0,0,0,0,0,5618,"CURSINO, AV DO",NA,"",27,"CURSINO",2,0,"CURSINO, AV DO 3860 SAO PAULO SP",-23.6349925,-46.615586
"11995","D061300713",27855,"PIRAPORA, ES DE",NA,"",2,"","23/06/2013 22:59",2,"CO",46,6023," "," ",1,1,0,0,0,0,0,0,0,0,0,0,0,0,0,0,0,27855,"PIRAPORA, ES DE",NA,"",52,"MARSILAC",1,0,"PIRAPORA, ES DE 2 SAO PAULO SP",-23.5505199,-46.6333094
"11996","D061301034",6361,"ELISIO TEIXEIRA LEITE, AV",NA,"",250,"","23/06/2013 23:50",2,"CH",28,7048," "," ",1,0,0,0,0,0,0,0,0,0,0,0,0,0,0,0,0,6361,"ELISIO TEIXEIRA LEITE, AV",NA,"",29,"FREGUESIA DO O",1,0,"ELISIO TEIXEIRA LEITE, AV 250 SAO PAULO SP",-23.4906498,-46.6972883
"11997","D061300283",64135,"ARRIGO BOITO, RUA",NA,"",169,"","24/06/2013 00:05",4,"AT",26,5722," "," ",1,0,0,0,0,0,0,0,0,0,0,0,0,0,0,0,0,64135,"ARRIGO BOITO, RUA",NA,"",0,"NULL",1,0,"ARRIGO BOITO, RUA 169 SAO PAULO SP",-23.637451,-46.6020118
"11998","D061302102",13019,"ESCOLA POLITECNICA, AV",NA,"",2600,"","24/06/2013 01:50",2,"CH",14,6453," "," ",2,0,0,0,0,0,0,0,0,0,0,0,0,0,0,0,0,13019,"ESCOLA POLITECNICA, AV",NA,"",40,"JAGUARE",4,3,"ESCOLA POLITECNICA, AV 2600 SAO PAULO SP",-23.5623573,-46.7493277
"11999","D061301251",929,"ALVINOPOLIS, RUA",11790,"LEOPOLDO DE FREITAS, RUA",0,"","24/06/2013 05:45",2,"CL",10,7171," "," ",1,0,0,0,0,0,0,1,0,0,0,0,0,0,0,0,0,929,"ALVINOPOLIS, RUA",11790,"LEOPOLDO DE FREITAS, RUA",60,"PENHA",1,0,"ALVINOPOLIS, RUA SAO PAULO SP &  LEOPOLDO DE FREITAS, RUA SAO PAULO SP",-23.5319118,-46.5363014
"12000","D061300593",33234,"MARGINAL DIREITA DO TIETE, AV",NA,"",15000,"","24/06/2013 06:20",2,"CO",33,6030," "," ",1,1,0,0,0,0,0,0,0,0,0,0,0,0,0,0,0,29772,"MARGINAL DO RIO TIETE, AV",NA,"",39,"JAGUARA",1,0,"MARGINAL DIREITA DO TIETE, AV 15000 SAO PAULO SP",-23.5167773,-46.7424361
"12001","D061301506",5606,"CUPECE, AV",NA,"",200,"","24/06/2013 06:20",2,"CO",43,2405," "," ",0,1,0,0,0,0,0,0,0,0,0,0,0,0,0,1,0,5606,"CUPECE, AV",NA,"",22,"CIDADE ADEMAR",1,0,"CUPECE, AV 200 SAO PAULO SP",-23.6626179,-46.6622987
"12002","D061300995",19884,"VOLUNTARIOS DA PATRIA, RUA",3813,"CAETANO ALVARES, AV ENG",0,"","24/06/2013 06:30",2,"CO",20,5969," "," ",1,1,0,0,0,0,0,0,0,0,0,0,0,0,0,0,0,3813,"CAETANO ALVARES, AV ENG",13534,"MARIQUINHA VIANA, RUA",71,"SANTANA",2,0,"VOLUNTARIOS DA PATRIA, RUA SAO PAULO SP &  CAETANO ALVARES, AV ENG SAO PAULO SP",-23.5033096,-46.6263934
"12003","D061301773",17563,"SABBADO D'ANGELO, RUA",NA,"",482,"","24/06/2013 06:40",2,"CO",32,3527," "," ",1,1,0,0,0,0,0,0,0,0,0,0,0,0,0,0,0,17563,"SABBADO D'ANGELO, RUA",NA,"",36,"ITAQUERA",1,0,"SABBADO D'ANGELO, RUA 482 SAO PAULO SP",-23.5505199,-46.6333094
"12004","D061300788",10251,"JOAO DE OLIVEIRA, RUA SOLD",NA,"",44,"","24/06/2013 07:00",2,"CO",87,3112," "," ",1,1,0,0,0,0,0,0,0,0,0,0,0,0,0,0,0,10251,"JOAO DE OLIVEIRA, RUA SOLD",NA,"",64,"PIRITUBA",1,0,"JOAO DE OLIVEIRA, RUA SOLD 44 SAO PAULO SP",-23.489731,-46.7272545
"12005","D061300029",6642,"ESTADO, AV DO",NA,"",2963,"","24/06/2013 07:25",2,"CL",1,5067," "," ",1,1,0,0,0,0,0,0,1,0,0,0,0,0,0,0,0,6642,"ESTADO, AV DO",NA,"",9,"BOM RETIRO",1,0,"ESTADO, AV DO 2963 SAO PAULO SP",-23.5405786,-46.6276858
"12006","D061301049",277,"AFONSO LOPES VIEIRA, RUA",NA,"",484,"","24/06/2013 07:25",2,"CO",38,3160," "," ",1,0,0,0,0,0,0,0,0,0,0,0,0,0,0,0,0,277,"AFONSO LOPES VIEIRA, RUA",NA,"",13,"CACHOEIRINHA",1,0,"AFONSO LOPES VIEIRA, RUA 484 SAO PAULO SP",-23.4629998,-46.6625109
"12008","D061301125",17789,"SANTO ANGELO, RUA BR DE",NA,"",544,"","24/06/2013 07:50",2,"QM",45,1620,"C"," ",0,1,0,0,0,0,0,0,0,0,0,0,0,0,0,0,0,17789,"SANTO ANGELO, RUA BR DE",NA,"",40,"JAGUARE",1,0,"SANTO ANGELO, RUA BR DE 544 SAO PAULO SP",-23.477169,-46.6870875
"12009","D061300118",16128,"PERO CORREIA, RUA",NA,"",421,"","24/06/2013 09:00",2,"CO",6,2887," "," ",1,1,0,0,0,0,0,0,0,0,0,0,0,0,0,0,0,16128,"PERO CORREIA, RUA",NA,"",37,"JABAQUARA",2,0,"PERO CORREIA, RUA 421 SAO PAULO SP",-23.5844693,-46.6235796
"12010","D061301468",6238,"NACOES UNIDAS, AV DAS",NA,"",14400,"","24/06/2013 09:32",2,"QM",11,7337," "," ",0,1,0,0,0,0,0,0,0,0,0,0,0,0,0,0,0,13014,"MARGINAL DO RIO PINHEIROS, AV",NA,"",90,"VILA LEOPOLDINA",1,0,"NACOES UNIDAS, AV DAS 14400 SAO PAULO SP",-23.6791522,-46.6960853
"12011","D061300974",19884,"VOLUNTARIOS DA PATRIA, RUA",NA,"",4040,"","24/06/2013 10:00",2,"CO",20,3237," "," ",1,1,0,0,0,0,0,0,0,0,0,0,0,0,0,0,0,19884,"VOLUNTARIOS DA PATRIA, RUA",NA,"",8,"BELEM",1,0,"VOLUNTARIOS DA PATRIA, RUA 4040 SAO PAULO SP",-23.4854969,-46.6286297
"12012","D061300730",12502,"MAGALHAES DE CASTRO, AV",NA,"",12,"","24/06/2013 10:30",2,"CO",51,2822," "," ",1,2,0,0,0,0,0,0,0,0,0,0,0,0,0,0,0,13014,"MARGINAL DO RIO PINHEIROS, AV",NA,"",12,"BUTANTA",1,0,"MAGALHAES DE CASTRO, AV 12 SAO PAULO SP",-23.5599747,-46.7107987
"12013","D061300069",16725,"QUEIROS, AV SEN",19745,"VINTE E CINCO DE MARCO, RUA",0,"","24/06/2013 11:10",2,"CO",3,5021," "," ",1,1,0,0,0,0,0,0,0,0,0,0,0,0,0,0,0,16725,"QUEIROS, AV SEN",19745,"VINTE E CINCO DE MARCO, RUA",80,"SE",1,0,"QUEIROS, AV SEN SAO PAULO SP &  VINTE E CINCO DE MARCO, RUA SAO PAULO SP",-23.5398615,-46.6301291
"12014","D061301548",20936,"GUAIUBA, RUA",NA,"",357,"","24/06/2013 11:25",4,"AT",48,2402," "," ",1,0,0,0,0,0,0,0,0,0,0,0,0,0,0,0,0,20936,"GUAIUBA, RUA",NA,"",32,"IGUATEMI",1,0,"GUAIUBA, RUA 357 SAO PAULO SP",-23.7077193,-46.6994898
"12015","D061300822",8000,"GIOVANNI GRONCHI, AV",NA,"",3500,"","24/06/2013 11:30",2,"CO",89,5702," "," ",1,1,0,0,0,0,0,0,0,0,0,0,0,0,0,0,0,8000,"GIOVANNI GRONCHI, AV",NA,"",55,"MORUMBI",1,0,"GIOVANNI GRONCHI, AV 3500 SAO PAULO SP",-23.6114743,-46.7280182
"12016","D061301098",17728,"SANATORIO, AV",18444,"SOTOMANO, RUA TTE",0,"","24/06/2013 11:30",2,"CO",39,7007," "," ",2,0,0,0,0,0,0,0,0,0,0,0,0,0,0,0,0,17728,"SANATORIO, AV",18444,"SOTOMANO, RUA TTE",94,"VILA MEDEIROS",1,0,"SANATORIO, AV SAO PAULO SP &  SOTOMANO, RUA TTE SAO PAULO SP",-23.4696865,-46.5651743
"12018","D061301414",24792,"SAIGON, RUA",NA,"",216,"","24/06/2013 12:10",4,"AT",58,900024," "," ",1,0,0,0,0,0,0,0,0,0,0,0,0,0,0,0,0,24792,"SAIGON, RUA",NA,"",46,"JOSE BONIFACIO",1,0,"SAIGON, RUA 216 SAO PAULO SP",-23.5685733,-46.545017
"12019","D061301738",17820,"TITO, AV MAL",NA,"",2245,"","24/06/2013 12:10",2,"CF",22,2944," "," ",1,1,0,0,0,0,0,0,0,0,0,0,0,0,0,0,0,17820,"TITO, AV MAL",NA,"",53,"MOEMA",1,0,"TITO, AV MAL 2245 SAO PAULO SP",-23.4943896,-46.4240659
"12020","D061300693",7153,"FIORELLI PECCICACCO, RUA",NA,"",536,"","24/06/2013 13:00",2,"QM",46,2862," "," ",0,1,0,0,0,0,0,0,0,0,0,0,0,0,0,0,0,7153,"FIORELLI PECCICACCO, RUA",NA,"",62,"PERUS",2,0,"FIORELLI PECCICACCO, RUA 536 SAO PAULO SP",-23.4043862,-46.7509781
"12021","D061301665",12403,"M'BOI MIRIM, ES",NA,"",3400,"","24/06/2013 13:01",2,"QM",100,3222," "," ",0,1,0,0,0,0,0,0,0,0,0,0,0,0,0,0,0,12403,"M'BOI MIRIM, ES",NA,"",42,"JARDIM ANGELA",1,0,"M'BOI MIRIM, ES 3400 SAO PAULO SP",-23.5505199,-46.6333094
"12022","D061301792",3790,"CACHOEIRA ALTA, RUA",NA,"",1001,"","24/06/2013 13:25",4,"AT",50,7793," "," ",0,0,0,0,0,0,0,0,1,0,0,0,0,0,0,0,0,3790,"CACHOEIRA ALTA, RUA",NA,"",54,"MOOCA",1,0,"CACHOEIRA ALTA, RUA 1001 SAO PAULO SP",-23.5055966,-46.3944962
"12023","D061300866",17162,"RIO PEQUENO, AV DO",NA,"",900,"","24/06/2013 13:35",2,"SI",93,4412," "," ",0,1,0,0,0,0,0,0,0,0,0,0,0,0,0,0,0,17162,"RIO PEQUENO, AV DO",NA,"",13,"CACHOEIRINHA",1,0,"RIO PEQUENO, AV DO 900 SAO PAULO SP",-23.5666979,-46.7540418
"12024","D061301982",18838,"TERESA, RUA STA",NA,"",611,"","24/06/2013 13:43",4,"AT",53,4572," "," ",1,0,0,0,0,0,0,0,0,0,0,0,0,0,0,0,0,18838,"TERESA, RUA STA",NA,"",1,"AGUA RASA",1,0,"TERESA, RUA STA 611 SAO PAULO SP",-23.5845319,-46.4191114