"","id_acidente","codloga","logradouroA","codlogb","logradouroB","alt_num","referencia","data","cod_acid","tipo_acidente","dp","numero_BO","sentido","pista","automovel","moto","onibus","caminhao","bicicleta","moto_taxi","onibus_fretado","onibus_urbano","microonibus","van","vuc","caminhonete","carreta","jipe","outros","sem_informacao","carroca","princ_a","paiA","princ_b","paiB","cod_distrito","distrito","vit_ferida","vit_morta","local","lat","lon"
"12025","D061300889",14916,"OLAVO EGIDIO, RUA DR",NA,"",324,"","24/06/2013 14:08",4,"AT",9,3510,"B"," ",1,0,0,0,0,0,0,0,0,0,0,0,0,0,0,0,0,14916,"OLAVO EGIDIO, RUA DR",NA,"",47,"LAJEADO",1,0,"OLAVO EGIDIO, RUA DR 324 SAO PAULO SP",-23.4999907,-46.6225264
"12026","D061300050",17799,"SANTOS DUMONT, AV",NA,"",153,"","24/06/2013 15:30",4,"AT",2,3861," "," ",1,0,0,0,0,0,0,0,0,0,0,0,0,0,0,0,0,17799,"SANTOS DUMONT, AV",NA,"",15,"CAMPO BELO",3,0,"SANTOS DUMONT, AV 153 SAO PAULO SP",-23.5272958,-46.6314877
"12027","D061300553",18519,"SUMARE, AV",1940,"APIACAS, RUA",0,"","24/06/2013 16:30",2,"CO",23,3589," "," ",0,1,0,0,0,0,0,0,0,0,0,1,0,0,0,0,0,1940,"APIACAS, RUA",18519,"SUMARE, AV",61,"PERDIZES",1,0,"SUMARE, AV SAO PAULO SP &  APIACAS, RUA SAO PAULO SP",-22.8071539,-47.223149
"12028","D061301721",17110,"RIO BONITO, AV DO",NA,"",100,"","24/06/2013 17:00",2,"CO",102,7370," "," ",0,0,0,0,1,0,0,0,0,1,0,0,0,0,0,0,0,17110,"RIO BONITO, AV DO",NA,"",32,"IGUATEMI",1,0,"RIO BONITO, AV DO 100 SAO PAULO SP",-23.6762073,-46.7118785
"12029","D061301035",10212,"JOAO CORDEIRO, RUA",NA,"",1146,"","24/06/2013 17:56",4,"AT",28,7080,"C"," ",1,0,0,0,0,0,0,0,0,0,0,0,0,0,0,0,0,10212,"JOAO CORDEIRO, RUA",NA,"",29,"FREGUESIA DO O",1,0,"JOAO CORDEIRO, RUA 1146 SAO PAULO SP",-23.4900283,-46.7067176
"12030","D061300265",14245,"MOREIRA E COSTA, RUA",19628,"VICENTE DA COSTA, RUA",0,"","24/06/2013 18:00",4,"AT",17,8681," "," ",0,0,0,0,0,0,0,0,0,0,0,0,0,0,0,1,0,14245,"MOREIRA E COSTA, RUA",19628,"VICENTE DA COSTA, RUA",33,"IPIRANGA",1,0,"MOREIRA E COSTA, RUA SAO PAULO SP &  VICENTE DA COSTA, RUA SAO PAULO SP",-23.5899201,-46.6137873
"12031","D061300391",1247,"ANCHIETA, VIA",NA,"",11500,"","24/06/2013 18:05",2,"CO",95,2901," "," ",0,1,0,0,0,0,0,0,0,0,0,1,0,0,0,0,0,1247,"ANCHIETA, VIA",NA,"",33,"IPIRANGA",1,0,"ANCHIETA, VIA 11500 SAO PAULO SP",-23.6433577,-46.5860313
"12032","D061301339",5880,"DINO, RUA DR",NA,"",999,"","24/06/2013 18:10",2,"CO",42,2251," "," ",1,1,0,0,0,0,0,0,0,0,0,0,0,0,0,0,0,5880,"DINO, RUA DR",NA,"",74,"SAO LUCAS",1,0,"DINO, RUA DR 999 SAO PAULO SP",-23.5859999,-46.5595421
"12033","D061301327",4502,"CARRAO, AV CONS",NA,"",1306,"","24/06/2013 18:14",2,"CO",31,3949," "," ",2,0,0,0,0,0,0,1,0,0,0,0,0,0,0,0,0,4502,"CARRAO, AV CONS",NA,"",20,"CARRAO",1,0,"CARRAO, AV CONS 1306 SAO PAULO SP",-23.5432555,-46.5471842
"12036","D061300400",5762,"DELAMARE, AV ALM",NA,"",3000,"","24/06/2013 18:42",2,"CO",95,5744," "," ",3,0,0,0,0,0,0,0,0,0,0,0,0,0,0,0,0,5762,"DELAMARE, AV ALM",NA,"",33,"IPIRANGA",1,0,"DELAMARE, AV ALM 3000 SAO PAULO SP",-23.6106679,-46.586097
"12037","D061300781",16728,"QUEIROS TELES, AV ENG",NA,"",502,"","24/06/2013 18:42",2,"CH",75,6485," "," ",0,1,0,0,0,0,0,0,0,0,0,0,0,0,0,0,0,16728,"QUEIROS TELES, AV ENG",NA,"",13,"CACHOEIRINHA",1,0,"QUEIROS TELES, AV ENG 502 SAO PAULO SP",-23.5769215,-46.7800754
"12039","D061301578",15507,"TEOTONIO VILELA, AV SEN",NA,"",7000,"","24/06/2013 18:52",4,"AT",85,4983," "," ",1,1,0,0,0,0,0,0,0,0,0,0,0,0,0,0,0,15507,"TEOTONIO VILELA, AV SEN",NA,"",23,"CIDADE DUTRA",2,0,"TEOTONIO VILELA, AV SEN 7000 SAO PAULO SP",-23.7567074,-46.7140567
"12040","D061300641",17822,"SAPETUBA, RUA",3937,"CAMARGO, RUA",0,"","24/06/2013 19:00",2,"CO",34,5724," "," ",1,1,0,0,0,0,0,0,0,0,0,0,0,0,0,0,0,3937,"CAMARGO, RUA",17822,"SAPETUBA, RUA",12,"BUTANTA",1,0,"SAPETUBA, RUA SAO PAULO SP &  CAMARGO, RUA SAO PAULO SP",-23.5733923,-46.7111489
"12042","D061301386",65634,"FRANCISCO FALCONI, AV",NA,"",1030,"","24/06/2013 19:19",4,"AT",56,4288," "," ",1,0,0,0,0,0,0,0,0,0,0,0,0,0,0,0,0,65634,"FRANCISCO FALCONI, AV",NA,"",26,"CONSOLACAO",1,0,"FRANCISCO FALCONI, AV 1030 SAO PAULO SP",-23.5916866,-46.5667683
"12043","D061302021",71582,"DIOGO DE MORAES LARA, RUA",NA,"",395,"","24/06/2013 19:30",2,"CH",55,8840," "," ",1,0,0,1,0,0,0,0,0,0,0,0,0,0,0,0,0,71582,"DIOGO DE MORAES LARA, RUA",NA,"",55,"MORUMBI",1,0,"DIOGO DE MORAES LARA, RUA 395 SAO PAULO SP",-23.6257931,-46.4643445
"12044","D061300525",8699,"HENRIQUE MARTINS, RUA",13814,"MENA BARRETO, RUA GAL",0,"","24/06/2013 19:30",4,"AT",15,3124," "," ",1,0,0,0,0,0,0,0,0,0,0,0,0,0,0,0,0,8699,"HENRIQUE MARTINS, RUA",13814,"MENA BARRETO, RUA GAL",44,"JARDIM PAULISTA",1,0,"HENRIQUE MARTINS, RUA SAO PAULO SP &  MENA BARRETO, RUA GAL SAO PAULO SP",-23.5819207,-46.6674676
"12045","D061301825",3,"PIROFONE, RUA DO",NA,"",471,"","24/06/2013 20:30",4,"AT",62,6896," "," ",1,0,0,0,0,0,0,0,0,0,0,0,0,0,0,0,0,3,"PIROFONE, RUA DO",NA,"",42,"JARDIM ANGELA",1,0,"PIROFONE, RUA DO 471 SAO PAULO SP",-23.6812519,-46.7652044
"12046","D061301867",21253,"AGUIA DE HAIA, AV",NA,"",2700,"","24/06/2013 20:56",4,"AT",64,6897," "," ",0,1,0,0,0,0,0,0,0,0,0,0,0,0,0,0,0,21253,"AGUIA DE HAIA, AV",NA,"",0,"NULL",1,0,"AGUIA DE HAIA, AV 2700 SAO PAULO SP",-23.5215549,-46.4754363
"12047","D061301722",2483,"ATLANTICA ANT. ROBERT KENNEDY, AV",NA,"",997,"","24/06/2013 22:45",2,"CO",102,7379," "," ",1,1,0,0,0,0,0,0,0,0,0,0,0,0,0,0,0,2483,"ATLANTICA ANT. ROBERT KENNEDY, AV",NA,"",23,"CIDADE DUTRA",1,0,"ATLANTICA ANT. ROBERT KENNEDY, AV 997 SAO PAULO SP",-23.5505199,-46.6333094
"12048","D061300507",6897,"FARIA LIMA, AV BRIG",NA,"",3000,"","24/06/2013 22:58",2,"CO",14,6487," "," ",1,1,0,0,0,0,0,0,0,0,0,1,0,0,0,0,0,6897,"FARIA LIMA, AV BRIG",NA,"",63,"PINHEIROS",1,0,"FARIA LIMA, AV BRIG 3000 SAO PAULO SP",-23.5907334,-46.6821098
"12049","D061301185",9066,"IMBIRAS, RUA",NA,"",297,"","25/06/2013 00:42",2,"CO",73,6856," "," ",3,0,0,1,0,0,0,0,0,0,0,0,0,0,0,0,0,9066,"IMBIRAS, RUA",NA,"",83,"TREMEMBE",3,0,"IMBIRAS, RUA 297 SAO PAULO SP",-23.4636372,-46.5956965
"12050","D061301600",10270,"JOAO DIAS, AV",NA,"",2780,"","25/06/2013 04:00",2,"CO",92,5159," "," ",0,1,0,0,0,0,0,0,0,0,0,0,0,0,0,1,0,10270,"JOAO DIAS, AV",NA,"",72,"SANTO AMARO",1,0,"JOAO DIAS, AV 2780 SAO PAULO SP",-23.6441836,-46.7319007
"12051","D061302052",17824,"SAPOPEMBA, AV",NA,"",12360,"","25/06/2013 04:20",4,"AT",69,6818," "," ",1,0,0,0,0,0,0,0,0,0,0,0,0,0,0,0,0,17824,"SAPOPEMBA, AV",NA,"",33,"IPIRANGA",1,0,"SAPOPEMBA, AV 12360 SAO PAULO SP",-23.6126238,-46.4882577
"12052","D061302105",15967,"PEDRO I, AV DOM",NA,"",982,"","25/06/2013 05:11",2,"QM",6,2991," "," ",0,1,0,0,0,0,0,0,0,0,0,0,0,0,0,0,0,15967,"PEDRO I, AV DOM",NA,"",12,"BUTANTA",0,1,"PEDRO I, AV DOM 982 SAO PAULO SP",-23.574057,-46.6110312
"12053","D061301469",10270,"JOAO DIAS, AV",NA,"",2200,"","25/06/2013 06:30",2,"QM",11,7392," "," ",0,1,0,0,0,0,0,0,0,0,0,0,0,0,0,1,0,10270,"JOAO DIAS, AV",NA,"",72,"SANTO AMARO",1,0,"JOAO DIAS, AV 2200 SAO PAULO SP",-23.6447354,-46.7213883
"12054","D061301483",36031,"COLONIA, ES DA",NA,"",644,"","25/06/2013 06:40",4,"AT",25,1637," "," ",0,1,0,0,0,0,0,0,0,0,0,0,0,0,0,0,0,36031,"COLONIA, ES DA",NA,"",76,"SAO MIGUEL",1,0,"COLONIA, ES DA 644 SAO PAULO SP",-23.5505199,-46.6333094
"12055","D061301922",9590,"ITAQUERA-GUAIANAZES, ES",NA,"",2172,"","25/06/2013 07:00",2,"QM",44,3685," "," ",1,1,0,0,0,0,0,0,0,0,0,0,0,0,0,0,0,9590,"ITAQUERA-GUAIANAZES, ES",NA,"",36,"ITAQUERA",1,0,"ITAQUERA-GUAIANAZES, ES 2172 SAO PAULO SP",-23.5505199,-46.6333094
"12056","D061301410",5539,"CRISTOVAO GIRAO, RUA",NA,"",200,"","25/06/2013 07:00",2,"CH",58,1320," "," ",1,1,0,0,0,0,0,0,0,0,0,0,0,0,0,0,0,5539,"CRISTOVAO GIRAO, RUA",NA,"",87,"VILA FORMOSA",1,0,"CRISTOVAO GIRAO, RUA 200 SAO PAULO SP",-23.5661549,-46.543299
"12057","D061301727",4936,"CEMBIRA, RUA",NA,"",532,"","25/06/2013 07:30",2,"CO",22,1709," "," ",2,0,0,0,0,0,0,0,0,0,0,0,0,0,0,0,0,4936,"CEMBIRA, RUA",NA,"",86,"VILA CURUCA",1,0,"CEMBIRA, RUA 532 SAO PAULO SP",-23.5012457,-46.4276592
"12058","D061300656",9529,"ITAPECERICA, ES DE",NA,"",2611,"","25/06/2013 07:30",2,"CO",37,4884," "," ",0,1,0,0,0,0,0,0,0,0,0,1,0,0,0,0,0,9529,"ITAPECERICA, ES DE",NA,"",29,"FREGUESIA DO O",1,0,"ITAPECERICA, ES DE 2611 SAO PAULO SP",-23.5505199,-46.6333094
"12059","D061301222",7444,"FRANCISCO FRANCO MACHADO, RUA",NA,"",55,"","25/06/2013 07:35",2,"CL",90,2549," "," ",1,1,0,0,0,0,0,0,0,0,0,0,0,0,0,0,0,7444,"FRANCISCO FRANCO MACHADO, RUA",NA,"",94,"VILA MEDEIROS",1,0,"FRANCISCO FRANCO MACHADO, RUA 55 SAO PAULO SP",-23.4920695,-46.5737054
"12060","D061300150",543,"ALCANTARA MACHADO, AV",NA,"",2250,"","25/06/2013 07:53",2,"CO",8,5054," "," ",1,1,0,0,0,0,0,0,0,0,0,0,0,0,0,0,0,543,"ALCANTARA MACHADO, AV",NA,"",10,"BRAS",1,0,"ALCANTARA MACHADO, AV 2250 SAO PAULO SP",-23.5462535,-46.5989791
"12061","D061301020",34562,"JOAO PAULO I, AV",NA,"",1246,"","25/06/2013 08:00",2,"CO",28,3358," "," ",1,1,0,0,0,0,0,0,0,0,0,0,0,0,0,0,0,34562,"JOAO PAULO I, AV",NA,"",4,"ARICANDUVA",2,0,"JOAO PAULO I, AV 1246 SAO PAULO SP",-23.4831856,-46.6872943
"12062","D061301476",4371,"CARLOS GOMES, RUA",NA,"",400,"","25/06/2013 08:20",2,"CO",11,7731," "," ",0,1,0,0,0,0,0,0,0,0,0,0,0,0,0,1,0,4371,"CARLOS GOMES, RUA",NA,"",72,"SANTO AMARO",1,0,"CARLOS GOMES, RUA 400 SAO PAULO SP",-23.4694079,-46.3510185
"12063","D061301593",59676,"FRANCISCO ASSIS GARRIDO, RUA",NA,"",250,"","25/06/2013 08:30",2,"CO",92,3954," "," ",1,1,0,0,0,0,0,0,0,0,0,0,0,0,0,0,0,59676,"FRANCISCO ASSIS GARRIDO, RUA",NA,"",29,"FREGUESIA DO O",1,0,"FRANCISCO ASSIS GARRIDO, RUA 250 SAO PAULO SP",-23.656451,-46.7397886
"12064","D061301983",6927,"HARRY DANHENBERG, RUA",NA,"",46,"","25/06/2013 08:30",2,"QD",53,4590," "," ",0,0,1,0,0,0,0,0,0,0,0,0,0,0,0,0,0,6927,"HARRY DANHENBERG, RUA",NA,"",24,"CIDADE LIDER",1,0,"HARRY DANHENBERG, RUA 46 SAO PAULO SP",-23.8586379,-46.7157276
"12065","D061301793",9477,"ITAJUIBE, RUA",NA,"",858,"","25/06/2013 08:47",2,"CO",50,7839," "," ",0,0,0,0,1,0,0,1,0,0,0,0,0,0,0,0,0,9477,"ITAJUIBE, RUA",NA,"",35,"ITAIM PAULISTA",1,0,"ITAJUIBE, RUA 858 SAO PAULO SP",-23.503933,-46.3903045
"12066","D061301799",9264,"IPES, AV DOS",67835,"BALIEIRA BRANCA, RUA",0,"","25/06/2013 09:40",2,"CO",59,2197," "," ",2,0,0,0,0,0,0,0,0,0,0,0,0,0,0,0,0,9264,"IPES, AV DOS",67835,"BALIEIRA BRANCA, RUA",86,"VILA CURUCA",1,0,"IPES, AV DOS SAO PAULO SP &  BALIEIRA BRANCA, RUA SAO PAULO SP",-23.494625,-46.415071
"12067","D061300411",7658,"FUNCHAL, RUA",NA,"",222,"","25/06/2013 10:00",2,"CO",96,2969," "," ",1,1,0,0,0,0,0,0,0,0,0,0,0,0,0,0,0,7658,"FUNCHAL, RUA",NA,"",34,"ITAIM BIBI",1,0,"FUNCHAL, RUA 222 SAO PAULO SP",-23.5566941,-46.7997863
"12068","D061300825",8000,"GIOVANNI GRONCHI, AV",NA,"",3500,"","25/06/2013 10:00",2,"CO",89,5794," "," ",2,0,0,0,0,0,0,0,0,0,0,0,0,0,0,0,0,8000,"GIOVANNI GRONCHI, AV",NA,"",55,"MORUMBI",1,0,"GIOVANNI GRONCHI, AV 3500 SAO PAULO SP",-23.6114743,-46.7280182
"12069","D061301307",6440,"EMILIA MARENGO, RUA",12101,"LUCILIA DE QUEIROZ, RUA",0,"","25/06/2013 10:00",2,"CO",30,3262," "," ",2,0,0,0,0,0,0,0,0,0,0,0,0,0,0,0,0,1967,"APUCARANA, RUA",6440,"EMILIA MARENGO, RUA",82,"TATUAPE",1,0,"EMILIA MARENGO, RUA SAO PAULO SP &  LUCILIA DE QUEIROZ, RUA SAO PAULO SP",-23.554111,-46.5606591
"12070","D061300183",18197,"SILVA TELES, RUA",17278,"RODOVALHO DA FONSECA, RUA",0,"","25/06/2013 10:05",2,"CO",12,7223," "," ",1,1,0,0,0,0,0,0,0,0,0,0,0,0,0,0,0,17278,"RODOVALHO DA FONSECA, RUA",18197,"SILVA TELES, RUA",NA,"",1,0,"SILVA TELES, RUA SAO PAULO SP &  RODOVALHO DA FONSECA, RUA SAO PAULO SP",-23.5299486,-46.6104577
"12071","D061302130",15032,"ORATORIO, AV DO",14792,"NOVA TIMBOTEUA, RUA",0,"","25/06/2013 11:00",4,"AT",70,3077," "," ",0,0,1,0,0,0,0,0,0,0,0,0,0,0,0,0,0,14792,"NOVA TIMBOTEUA, RUA",15032,"ORATORIO, AV DO",74,"SAO LUCAS",0,1,"ORATORIO, AV DO SAO PAULO SP &  NOVA TIMBOTEUA, RUA SAO PAULO SP",-23.5978656,-46.5401521
"12072","D061301004",99052,"SANTA INES, ES",NA,"",434,"","25/06/2013 11:20",2,"CO",20,900117," "," ",1,1,0,0,0,0,0,0,0,0,0,0,0,0,0,0,0,99052,"SANTA INES, ES",NA,"",13,"CACHOEIRINHA",1,0,"SANTA INES, ES 434 SAO PAULO SP",-23.4247784,-46.66141
"12075","D061301847",13881,"MIGUEL, AV S",NA,"",6300,"","25/06/2013 12:00",2,"CO",63,5350," "," ",1,1,0,0,0,0,0,0,0,0,0,0,0,0,0,0,0,13881,"MIGUEL, AV S",NA,"",65,"PONTE RASA",1,0,"MIGUEL, AV S 6300 SAO PAULO SP",-23.5045497,-46.4733051
"12076","D061301308",34122,"MELO FREIRE, RUA",7014,"FERNANDES PINHEIRO, RUA",0,"","25/06/2013 12:09",2,"CO",30,3264," "," ",1,1,0,0,0,0,0,0,0,0,0,0,0,0,0,0,0,7014,"FERNANDES PINHEIRO, RUA",34122,"MELO FREIRE, RUA",82,"TATUAPE",1,0,"MELO FREIRE, RUA SAO PAULO SP &  FERNANDES PINHEIRO, RUA SAO PAULO SP",-23.5391715,-46.5695321
"12077","D061301954",21220,"CADENCIA, RUA",NA,"",127,"","25/06/2013 13:24",4,"AT",49,8871," "," ",1,0,0,0,0,0,0,0,0,0,0,0,0,0,0,0,0,21220,"CADENCIA, RUA",NA,"",75,"SAO MATEUS",1,0,"CADENCIA, RUA 127 SAO PAULO SP",-23.6093738,-46.4642716
"12078","D061301782",9806,"PIRES DO RIO, AV",NA,"",2980,"","25/06/2013 13:30",2,"CO",32,8197," "," ",1,0,0,0,0,0,0,1,0,0,0,0,0,0,0,0,0,9806,"PIRES DO RIO, AV",NA,"",76,"SAO MIGUEL",2,0,"PIRES DO RIO, AV 2980 SAO PAULO SP",-23.523414,-46.4437878
"12079","D061301800",4751,"TOMAS LOPES DE CAMARGO, AV",NA,"",100,"","25/06/2013 13:42",2,"CF",59,2204," "," ",1,1,0,0,0,0,0,0,0,0,0,0,0,0,0,0,0,4751,"TOMAS LOPES DE CAMARGO, AV",NA,"",54,"MOOCA",1,0,"TOMAS LOPES DE CAMARGO, AV 100 SAO PAULO SP",-23.4828011,-46.383454
"12081","D061301764",98965,"CALIM EID, AV",NA,"",444,"","25/06/2013 14:33",2,"CO",24,6924," "," ",1,1,0,0,0,0,0,0,0,0,0,0,0,0,0,0,0,98965,"CALIM EID, AV",NA,"",60,"PENHA",1,0,"CALIM EID, AV 444 SAO PAULO SP",-23.5202952,-46.5084955
"12082","D061301575",15507,"TEOTONIO VILELA, AV SEN",NA,"",7200,"","25/06/2013 15:22",4,"AT",85,3024," "," ",1,0,0,0,0,0,0,0,0,0,0,0,0,0,0,0,0,15507,"TEOTONIO VILELA, AV SEN",NA,"",23,"CIDADE DUTRA",1,0,"TEOTONIO VILELA, AV SEN 7200 SAO PAULO SP",-23.7592943,-46.7153536
"12083","D061300564",8811,"HOMEM DE MELO, RUA DR",4248,"CARDOSO DE ALMEIDA, RUA",0,"","25/06/2013 16:00",4,"AT",23,4771," "," ",0,0,0,0,0,0,0,0,0,0,0,0,0,0,0,1,0,4248,"CARDOSO DE ALMEIDA, RUA",8811,"HOMEM DE MELO, RUA DR",61,"PERDIZES",1,0,"HOMEM DE MELO, RUA DR SAO PAULO SP &  CARDOSO DE ALMEIDA, RUA SAO PAULO SP",-23.5387026,-46.665355
"12085","D061300392",19583,"VERGUEIRO, RUA",14326,"MURIAE, RUA",0,"","25/06/2013 17:00",2,"CL",95,2921," "," ",1,1,0,0,0,0,0,0,0,0,0,0,0,0,0,0,0,14326,"MURIAE, RUA",19583,"VERGUEIRO, RUA",33,"IPIRANGA",1,0,"VERGUEIRO, RUA SAO PAULO SP &  MURIAE, RUA SAO PAULO SP",-23.6104332,-46.6085751
"12086","D061300594",1232,"ANASTACIO, AV DO",NA,"",500,"","25/06/2013 17:40",2,"QM",33,6081," "," ",0,1,0,0,0,0,0,0,0,0,0,0,0,0,0,0,0,1232,"ANASTACIO, AV DO",NA,"",73,"SAO DOMINGOS",1,0,"ANASTACIO, AV DO 500 SAO PAULO SP",-23.5038115,-46.7330684
"12087","D061301693",15507,"TEOTONIO VILELA, AV SEN",NA,"",2000,"","25/06/2013 18:20",2,"QM",101,5031," "," ",0,1,0,0,0,0,0,0,0,0,0,0,0,0,0,0,0,15507,"TEOTONIO VILELA, AV SEN",NA,"",23,"CIDADE DUTRA",1,0,"TEOTONIO VILELA, AV SEN 2000 SAO PAULO SP",-23.7188008,-46.6989695
"12088","D061300972",12897,"MARCELINO MACHADO, PCA",17577,"SABOIA DE MEDEIROS, RUA PDE",0,"","25/06/2013 18:25",2,"CO",19,6022," "," ",1,1,0,0,0,0,0,0,0,0,0,0,0,0,0,0,0,12897,"MARCELINO MACHADO, PCA",17577,"SABOIA DE MEDEIROS, RUA PDE",NA,"",1,0,"MARCELINO MACHADO, PCA SAO PAULO SP &  SABOIA DE MEDEIROS, RUA PDE SAO PAULO SP",-23.4979035,-46.5859068
"12089","D061301229",15126,"OSCAR ROSSINI, RUA CABO",3615,"BASILIO NOGUEIRA DA COSTA, AL PSARG",0,"","25/06/2013 18:41",2,"CO",90,6852," "," ",0,1,0,0,0,0,0,0,0,0,0,1,0,0,0,0,0,3615,"BASILIO NOGUEIRA DA COSTA, AL PSARG",15126,"OSCAR ROSSINI, RUA CABO",91,"VILA MARIA",1,0,"OSCAR ROSSINI, RUA CABO SAO PAULO SP &  BASILIO NOGUEIRA DA COSTA, AL PSARG SAO PAULO SP",-23.5160731,-46.570264
"12090","D061300643",73482,"BONIFACIO DUX, RUA FREI",NA,"",87,"","25/06/2013 18:50",4,"AT",34,5754," "," ",1,0,0,0,0,0,0,0,0,0,0,0,0,0,0,0,0,73482,"BONIFACIO DUX, RUA FREI",NA,"",13,"CACHOEIRINHA",1,0,"BONIFACIO DUX, RUA FREI 87 SAO PAULO SP",-23.6021506,-46.7281045
"12091","D061301896",16679,"PUCCI, RUA CAP",NA,"",100,"","25/06/2013 19:00",4,"AT",68,7870," "," ",1,0,0,0,0,0,0,0,0,0,0,0,0,0,0,0,0,16679,"PUCCI, RUA CAP",NA,"",50,"LIMAO",1,0,"PUCCI, RUA CAP 100 SAO PAULO SP",-23.542024,-46.4093189
"12092","D061301747",17820,"TITO, AV MAL",NA,"",2068,"","25/06/2013 19:30",2,"CO",22,5359," "," ",1,1,0,0,0,0,0,0,0,0,0,0,0,0,0,0,0,17820,"TITO, AV MAL",NA,"",53,"MOEMA",1,0,"TITO, AV MAL 2068 SAO PAULO SP",-23.4947324,-46.4262932
"12093","D061300672",99949,"CARLOS CALDEIRA FILHO, AV",17566,"SABIN, AV",0,"","25/06/2013 20:00",2,"SI",37,5752," "," ",0,1,0,0,0,0,0,0,0,0,0,0,0,0,0,0,0,17566,"SABIN, AV",99949,"CARLOS CALDEIRA FILHO, AV",19,"CAPAO REDONDO",2,0,"CARLOS CALDEIRA FILHO, AV SAO PAULO SP &  SABIN, AV SAO PAULO SP",-23.6481998,-46.7582692
"12094","D061300463",6544,"ERMANO MARCHETTI, AV",41846,"PEDRO CORAZZA, PCA DR",0,"","25/06/2013 20:06",2,"CL",7,7177," "," ",0,2,0,0,0,0,0,0,0,0,0,0,0,0,0,0,0,6471,"SAO VICENTE, AV MARQ DE",41846,"PEDRO CORAZZA, PCA DR",6,"BARRA FUNDA",1,0,"ERMANO MARCHETTI, AV SAO PAULO SP &  PEDRO CORAZZA, PCA DR SAO PAULO SP",-23.5138014,-46.7023128
"12095","D061300129",10908,"JOSE DE QUEIROS ARANHA, RUA DR",553,"ALCEU WAMOSY, RUA",0,"","25/06/2013 20:30",4,"AT",6,5067," "," ",1,0,0,0,0,0,0,0,0,0,0,0,0,0,0,0,0,553,"ALCEU WAMOSY, RUA",10908,"JOSE DE QUEIROS ARANHA, RUA DR",92,"VILA MARIANA",1,0,"JOSE DE QUEIROS ARANHA, RUA DR SAO PAULO SP &  ALCEU WAMOSY, RUA SAO PAULO SP",-23.5804687,-46.6366519
"12096","D061300780",8603,"HEITOR ANTONIO EIRAS GARCIA, AV ENG",NA,"",100,"","25/06/2013 21:00",2,"CO",75,5757," "," ",1,1,0,0,0,0,0,0,0,0,0,0,0,0,0,0,0,8603,"HEITOR ANTONIO EIRAS GARCIA, AV ENG",NA,"",68,"RIO PEQUENO",1,0,"HEITOR ANTONIO EIRAS GARCIA, AV ENG 100 SAO PAULO SP",-23.5736649,-46.7371901
"12097","D061302007",26565,"SOUZA RAMOS, AV",NA,"",39,"","25/06/2013 21:00",4,"AT",54,8896," "," ",1,0,0,0,0,0,0,0,0,0,0,0,0,0,0,0,0,26565,"SOUZA RAMOS, AV",NA,"",50,"LIMAO",1,0,"SOUZA RAMOS, AV 39 SAO PAULO SP",-23.5683159,-46.4136381
"12098","D061301567",20048,"YERVANT KISSAJIKIAN, AV",NA,"",1757,"","25/06/2013 22:00",4,"AT",80,6813," "," ",1,0,0,0,0,0,0,0,0,0,0,0,0,0,0,0,0,20048,"YERVANT KISSAJIKIAN, AV",NA,"",29,"FREGUESIA DO O",1,0,"YERVANT KISSAJIKIAN, AV 1757 SAO PAULO SP",-23.67421,-46.6634052
"12099","D061302106",1571,"ANTONIO AYROSA, RUA",NA,"",446,"","25/06/2013 23:09",2,"TB",33,6083," "," ",0,1,0,0,0,0,0,0,0,0,0,0,0,0,0,0,0,1571,"ANTONIO AYROSA, RUA",NA,"",39,"JAGUARA",1,1,"ANTONIO AYROSA, RUA 446 SAO PAULO SP",-23.5130331,-46.7541792
"12100","D061301692",10036,"JEQUIRITUBA, RUA",NA,"",2700,"","25/06/2013 23:12",2,"CO",101,5008,"B"," ",0,1,0,0,0,0,0,0,0,0,0,0,0,0,0,0,0,10036,"JEQUIRITUBA, RUA",NA,"",30,"GRAJAU",1,0,"JEQUIRITUBA, RUA 2700 SAO PAULO SP",-23.7420106,-46.6820441
"12101","D061301252",25957,"ARICANDUVA, PTE",NA,"",10,"","25/06/2013 23:30",2,"CO",10,7255," "," ",0,1,0,0,0,0,0,0,0,0,0,0,0,0,0,1,0,25957,"ARICANDUVA, PTE",NA,"",3,"ANHANGUERA",1,0,"ARICANDUVA, PTE 10 SAO PAULO SP",-23.5988586,-46.5185365
"12103","D061300714",43031,"PAULO ZINGG, AV JORN",NA,"",100,"","25/06/2013 23:50",2,"CO",46,6082," "," ",0,2,0,0,0,0,0,0,0,0,0,0,0,0,0,0,0,43031,"PAULO ZINGG, AV JORN",NA,"",31,"GUAIANASES",2,0,"PAULO ZINGG, AV JORN 100 SAO PAULO SP",-23.4828613,-46.7677427
"12106","D061300621",15270,"PACAEMBU, AV",NA,"",4144,"","26/06/2013 03:10",2,"CH",34,3759," "," ",1,0,0,0,0,0,0,0,0,0,0,0,0,0,0,0,0,15270,"PACAEMBU, AV",NA,"",19,"CAPAO REDONDO",1,0,"PACAEMBU, AV 4144 SAO PAULO SP",-23.56269,-46.6551384
"12107","D061301186",6428,"EMERENCIANA, RUA IRMA",NA,"",461,"","26/06/2013 04:30",2,"CH",73,6875," "," ",0,0,0,0,0,0,0,0,0,0,0,0,0,0,0,1,0,6428,"EMERENCIANA, RUA IRMA",NA,"",38,"JACANA",1,0,"EMERENCIANA, RUA IRMA 461 SAO PAULO SP",-23.4667338,-46.5800606