"","id_acidente","codloga","logradouroA","codlogb","logradouroB","alt_num","referencia","data","cod_acid","tipo_acidente","dp","numero_BO","sentido","pista","automovel","moto","onibus","caminhao","bicicleta","moto_taxi","onibus_fretado","onibus_urbano","microonibus","van","vuc","caminhonete","carreta","jipe","outros","sem_informacao","carroca","princ_a","paiA","princ_b","paiB","cod_distrito","distrito","vit_ferida","vit_morta","local","lat","lon"
"12108","D061301987",36385,"GO SUGAYA, RUA",NA,"",300,"","26/06/2013 05:40",4,"AT",53,4668," "," ",0,1,0,0,0,0,0,0,0,0,0,0,0,0,0,0,0,36385,"GO SUGAYA, RUA",NA,"",50,"LIMAO",1,0,"GO SUGAYA, RUA 300 SAO PAULO SP",-23.5866365,-46.4347909
"12109","D061301450",6337,"ELIAS ZARZUR, RUA COMEN",10628,"JOB LANE, RUA",0,"","26/06/2013 06:30",4,"AT",11,6766," "," ",1,0,0,0,0,0,0,0,0,0,0,0,0,0,0,0,0,6337,"ELIAS ZARZUR, RUA COMEN",10628,"JOB LANE, RUA",72,"SANTO AMARO",1,0,"ELIAS ZARZUR, RUA COMEN SAO PAULO SP &  JOB LANE, RUA SAO PAULO SP",-23.6510504,-46.701594
"12110","D061300620",16337,"ELISEU DE ALMEIDA, AV",19145,"TRES PODERES, AV DOS",0,"","26/06/2013 06:30",2,"CO",34,3758," "," ",0,0,0,0,0,0,0,0,0,0,0,2,0,0,0,0,0,16337,"ELISEU DE ALMEIDA, AV",19145,"TRES PODERES, AV DOS",12,"BUTANTA",2,0,"ELISEU DE ALMEIDA, AV SAO PAULO SP &  TRES PODERES, AV DOS SAO PAULO SP",-23.580821,-46.721895
"12111","D061300248",9200,"NHANDU, AV",2634,"AUETIS, AL DOS",0,"","26/06/2013 07:10",2,"CO",16,8747," "," ",2,0,0,0,0,0,0,0,0,0,0,0,0,0,0,0,0,2634,"AUETIS, AL DOS",9200,"NHANDU, AV",79,"SAUDE",1,0,"NHANDU, AV SAO PAULO SP &  AUETIS, AL DOS SAO PAULO SP",-23.6167966,-46.6452186
"12112","D061300944",21876,"CAMPO DE BAGATELLE, PCA",NA,"",100,"","26/06/2013 07:10",2,"QM",13,7141," "," ",0,1,0,0,0,0,0,0,0,0,0,0,0,0,0,0,0,21876,"CAMPO DE BAGATELLE, PCA",NA,"",8,"BELEM",1,0,"CAMPO DE BAGATELLE, PCA 100 SAO PAULO SP",-23.5147611,-46.6283227
"12113","D061301388",24338,"LUIZ IGNACIO ANHAIA MELLO, AV PROF",NA,"",1511,"","26/06/2013 07:15",4,"AT",56,4323," "," ",0,1,0,0,0,0,0,0,0,0,0,0,0,0,0,0,0,24338,"LUIZ IGNACIO ANHAIA MELLO, AV PROF",NA,"",26,"CONSOLACAO",1,0,"LUIZ IGNACIO ANHAIA MELLO, AV PROF 1511 SAO PAULO SP",-23.5844928,-46.5792739
"12114","D061300167",15652,"PAULINO GUIMARAES, RUA",NA,"",73,"","26/06/2013 07:20",2,"CO",12,3492," "," ",1,0,0,0,0,0,0,1,0,0,0,0,0,0,0,0,0,15652,"PAULINO GUIMARAES, RUA",NA,"",9,"BOM RETIRO",3,0,"PAULINO GUIMARAES, RUA 73 SAO PAULO SP",-23.5241412,-46.6280192
"12115","D061301875",9580,"ITAQUERA, AV",NA,"",7374,"","26/06/2013 07:30",4,"AT",65,2159," "," ",0,1,0,0,0,0,0,0,0,0,0,0,0,0,0,0,0,9580,"ITAQUERA, AV",NA,"",24,"CIDADE LIDER",1,0,"ITAQUERA, AV 7374 SAO PAULO SP",-23.5462097,-46.4610711
"12117","D061301484",38475,"HENRIQUE MUZZIO, RUA",NA,"",154,"","26/06/2013 08:00",4,"AT",25,1656," "," ",1,0,0,0,0,0,0,0,0,0,0,0,0,0,0,0,0,38475,"HENRIQUE MUZZIO, RUA",NA,"",32,"IGUATEMI",1,0,"HENRIQUE MUZZIO, RUA 154 SAO PAULO SP",-23.7871134,-46.6848322
"12119","D061300694",1429,"ANHANGUERA, VIA",NA,"",21000,"","26/06/2013 09:00",2,"CO",46,2897," "," ",1,1,0,0,0,0,0,0,0,0,0,1,0,0,0,0,0,1429,"ANHANGUERA, VIA",NA,"",73,"SAO DOMINGOS",1,0,"ANHANGUERA, VIA 21000 SAO PAULO SP",-23.4900941,-46.7665396
"12120","D061300099",1845,"ANTONIO PRUDENTE, RUA PROF",NA,"",210,"","26/06/2013 09:30",2,"CO",5,3331," "," ",1,1,0,0,0,0,0,0,0,0,0,0,0,0,0,0,0,1845,"ANTONIO PRUDENTE, RUA PROF",NA,"",49,"LIBERDADE",1,0,"ANTONIO PRUDENTE, RUA PROF 210 SAO PAULO SP",-23.5659064,-46.6375768
"12121","D061300731",16878,"RAPOSO TAVARES, VIA",NA,"",12800,"","26/06/2013 10:30",2,"CO",51,2867," "," ",0,2,0,0,0,0,0,0,0,0,0,0,0,0,0,0,0,16878,"RAPOSO TAVARES, VIA",NA,"",13,"CACHOEIRINHA",1,0,"RAPOSO TAVARES, VIA 12800 SAO PAULO SP",-23.5325862,-48.4380912
"12122","D061300657",99949,"CARLOS CALDEIRA FILHO, AV",34682,"CAMPO LIMPO, ES DO",0,"","26/06/2013 11:31",2,"QM",37,4910,"C"," ",0,1,0,0,0,0,0,0,0,0,0,0,0,0,0,0,0,34682,"CAMPO LIMPO, ES DO",99949,"CARLOS CALDEIRA FILHO, AV",45,"JARDIM SAO LUIS",1,0,"CARLOS CALDEIRA FILHO, AV SAO PAULO SP &  CAMPO LIMPO, ES DO SAO PAULO SP",-23.6481998,-46.7582692
"12123","D061300890",2455,"ATALIBA LEONEL, AV GAL",14347,"AZIR ANTONIO SALTON, RUA",0,"","26/06/2013 12:00",2,"CO",9,3552,"B"," ",2,0,0,0,0,0,0,0,0,0,0,0,0,0,0,0,0,2455,"ATALIBA LEONEL, AV GAL",14347,"AZIR ANTONIO SALTON, RUA",88,"VILA GUILHERME",1,0,"ATALIBA LEONEL, AV GAL SAO PAULO SP &  AZIR ANTONIO SALTON, RUA SAO PAULO SP",-23.4953219,-46.6109674
"12124","D061301985",13294,"MARIA LUIZA AMERICANO, AV",NA,"",2000,"","26/06/2013 12:00",2,"CO",53,4617," "," ",1,1,0,0,0,0,0,0,0,0,0,0,0,0,0,0,0,13294,"MARIA LUIZA AMERICANO, AV",NA,"",58,"PARQUE DO CARMO",1,0,"MARIA LUIZA AMERICANO, AV 2000 SAO PAULO SP",-23.5646417,-46.4744185
"12125","D061300537",4933,"CIDADE JARDIM, AV",NA,"",4300,"","26/06/2013 12:30",2,"CO",15,7508,"C"," ",1,1,0,0,0,0,0,0,0,0,0,0,0,0,0,0,0,4933,"CIDADE JARDIM, AV",NA,"",63,"PINHEIROS",1,0,"CIDADE JARDIM, AV 4300 SAO PAULO SP",-23.5813192,-46.6845938
"12126","D061301955",22161,"NEBULOSAS, RUA",NA,"",50,"","26/06/2013 13:00",4,"AT",49,8923," "," ",0,1,0,0,0,0,0,0,0,0,0,0,0,0,0,0,0,22161,"NEBULOSAS, RUA",NA,"",55,"MORUMBI",1,0,"NEBULOSAS, RUA 50 SAO PAULO SP",-23.6117083,-46.4648905
"12127","D061301956",68027,"ANTONIO ASSUNCAO FERREIRA, RUA",NA,"",293,"","26/06/2013 14:00",4,"AT",49,8926," "," ",0,0,0,0,0,0,0,0,0,0,0,1,0,0,0,0,0,68027,"ANTONIO ASSUNCAO FERREIRA, RUA",NA,"",55,"MORUMBI",1,0,"ANTONIO ASSUNCAO FERREIRA, RUA 293 SAO PAULO SP",-23.598691,-46.4531835
"12128","D061301021",36284,"PETRONIO PORTELA, AV MIN",NA,"",281,"","26/06/2013 14:10",2,"CO",28,3390," "," ",1,1,0,0,0,0,0,0,0,0,0,0,0,0,0,0,0,36284,"PETRONIO PORTELA, AV MIN",NA,"",4,"ARICANDUVA",1,0,"PETRONIO PORTELA, AV MIN 281 SAO PAULO SP",-23.4963226,-46.7029975
"12130","D061301395",17961,"SEBASTIAO PRETO, RUA",NA,"",77,"","26/06/2013 14:20",2,"CO",57,2565," "," ",1,1,0,0,0,0,0,0,0,0,0,0,0,0,0,0,0,17961,"SEBASTIAO PRETO, RUA",NA,"",33,"IPIRANGA",1,0,"SEBASTIAO PRETO, RUA 77 SAO PAULO SP",-23.5682171,-46.5880593
"12131","D061301884",72808,"GERONIMO BARBOSA DA SILVA, RUA",NA,"",1400,"","26/06/2013 14:50",2,"CL",67,1722," "," ",0,1,0,0,0,0,0,1,0,0,0,0,0,0,0,0,0,72808,"GERONIMO BARBOSA DA SILVA, RUA",NA,"",50,"LIMAO",1,0,"GERONIMO BARBOSA DA SILVA, RUA 1400 SAO PAULO SP",-23.5204485,-46.3999723
"12132","D061301541",35658,"GARCIA DE ORTA, RUA",NA,"",561,"","26/06/2013 16:00",2,"QM",47,8485," "," ",0,1,0,0,0,0,0,0,0,0,0,0,0,0,0,0,0,35658,"GARCIA DE ORTA, RUA",NA,"",29,"FREGUESIA DO O",1,0,"GARCIA DE ORTA, RUA 561 SAO PAULO SP",-23.685671,-46.7910295
"12133","D061301623",22144,"CARLOS DE REZENDE ENOUT, RUA DR",NA,"",587,"","26/06/2013 16:10",2,"CO",98,6837," "," ",1,1,0,0,0,0,0,0,0,0,0,0,0,0,0,0,0,22144,"CARLOS DE REZENDE ENOUT, RUA DR",NA,"",29,"FREGUESIA DO O",2,0,"CARLOS DE REZENDE ENOUT, RUA DR 587 SAO PAULO SP",-23.702621,-46.6386349
"12134","D061300961",541,"ALCANTARA, RUA",967,"AMAMBAI, RUA",0,"","26/06/2013 16:30",2,"CO",19,2405," "," ",1,0,0,0,0,0,0,0,0,0,0,1,0,0,0,0,0,541,"ALCANTARA, RUA",967,"AMAMBAI, RUA",91,"VILA MARIA",1,0,"ALCANTARA, RUA SAO PAULO SP &  AMAMBAI, RUA SAO PAULO SP",-23.5232036,-46.5919291
"12136","D061301309",9572,"ITAPURA, RUA",2673,"AZEVEDO SOARES, RUA",0,"","26/06/2013 16:41",2,"CO",30,3295," "," ",0,1,0,0,0,0,0,0,0,0,0,1,0,0,0,0,0,2673,"AZEVEDO SOARES, RUA",9572,"ITAPURA, RUA",82,"TATUAPE",1,0,"ITAPURA, RUA SAO PAULO SP &  AZEVEDO SOARES, RUA SAO PAULO SP",-23.5454198,-46.5662715
"12137","D061301657",7917,"GERALDO SANT'ANA, AV SARG",NA,"",1250,"","26/06/2013 17:00",2,"CO",99,7452," "," ",2,1,0,0,0,0,0,0,0,0,0,0,0,0,0,0,0,7917,"GERALDO SANT'ANA, AV SARG",NA,"",16,"CAMPO GRANDE",1,0,"GERALDO SANT'ANA, AV SARG 1250 SAO PAULO SP",-23.6647592,-46.6791525
"12138","D061301495",32541,"PAULO GUILGUER REIMBERG, AV",NA,"",32,"","26/06/2013 17:15",2,"QD",25,5041,"B"," ",0,0,0,0,0,0,0,1,0,0,0,0,0,0,0,0,0,32541,"PAULO GUILGUER REIMBERG, AV",NA,"",32,"IGUATEMI",1,0,"PAULO GUILGUER REIMBERG, AV 32 SAO PAULO SP",-23.7689079,-46.716188
"12139","D061302036",44333,"WALDEMAR BONIZZI, TR",NA,"",1,"","26/06/2013 18:00",2,"CO",66,4626," "," ",0,1,0,1,0,0,0,0,0,0,0,0,0,0,0,0,0,44333,"WALDEMAR BONIZZI, TR",NA,"",19,"CAPAO REDONDO",1,0,"WALDEMAR BONIZZI, TR 1 SAO PAULO SP",-23.5505199,-46.6333094
"12140","D061300424",14267,"MORUMBI, AV",NA,"",8824,"","26/06/2013 18:10",4,"AT",96,6789," "," ",1,0,0,0,0,0,0,0,0,0,0,0,0,0,0,0,0,14267,"MORUMBI, AV",NA,"",55,"MORUMBI",1,0,"MORUMBI, AV 8824 SAO PAULO SP",-23.6212408,-46.6899081
"12141","D061301294",27094,"SALIM FARAH MALUF, AV",17824,"SAPOPEMBA, AV",0,"","26/06/2013 18:20",2,"CT",29,4335," "," ",1,1,0,0,0,0,0,0,0,0,0,0,0,0,0,0,0,126,"ACRE, RUA DO",27094,"SALIM FARAH MALUF, AV",1,"AGUA RASA",1,0,"SALIM FARAH MALUF, AV SAO PAULO SP &  SAPOPEMBA, AV SAO PAULO SP",-23.5555392,-46.5773751
"12142","D061302131",8670,"HENRIQUE, RUA STO",9632,"ITINGUCU, RUA",0,"","26/06/2013 18:20",4,"AT",24,6975," "," ",0,0,1,0,0,0,0,0,0,0,0,0,0,0,0,0,0,8670,"HENRIQUE, RUA STO",9632,"ITINGUCU, RUA",60,"PENHA",0,1,"HENRIQUE, RUA STO SAO PAULO SP &  ITINGUCU, RUA SAO PAULO SP",-23.5257532,-46.4991258
"12143","D061301986",16173,"PESSEGO, ES DO",NA,"",3500,"","26/06/2013 18:30",4,"AT",53,4630," "," ",1,0,0,0,0,0,0,0,0,0,0,0,0,0,0,0,0,16173,"PESSEGO, ES DO",NA,"",0,"NULL",1,0,"PESSEGO, ES DO 3500 SAO PAULO SP",-23.5505199,-46.6333094
"12144","D061300973",11229,"JOSE VIVANCO SOLANO, RUA SOLD",NA,"",469,"","26/06/2013 18:35",4,"AT",19,6907," "," ",1,0,0,0,0,0,0,0,0,0,0,0,0,0,0,0,0,11229,"JOSE VIVANCO SOLANO, RUA SOLD",NA,"",91,"VILA MARIA",1,0,"JOSE VIVANCO SOLANO, RUA SOLD 469 SAO PAULO SP",-23.5505199,-46.6333094
"12145","D061301915",11341,"JULIO PARIGOT, RUA",98256,"EMILIO MENEGHINI, AV VER",0,"","26/06/2013 18:40",2,"CL",41,6892," "," ",0,1,0,0,0,0,0,0,0,0,0,1,0,0,0,0,0,11341,"JULIO PARIGOT, RUA",98256,"EMILIO MENEGHINI, AV VER",4,"ARICANDUVA",2,0,"JULIO PARIGOT, RUA SAO PAULO SP &  EMILIO MENEGHINI, AV VER SAO PAULO SP",-23.5711752,-46.5129719
"12146","D061301723",8368,"GUARAPIRANGA, AV",NA,"",173,"","26/06/2013 18:45",2,"CO",102,7455," "," ",1,1,0,0,0,0,0,0,0,0,0,0,0,0,0,0,0,8368,"GUARAPIRANGA, AV",NA,"",45,"JARDIM SAO LUIS",1,0,"GUARAPIRANGA, AV 173 SAO PAULO SP",-23.669937,-46.7341108
"12148","D061300751",5309,"CORIFEU DE AZEVEDO MARQUES, AV",NA,"",1350,"","26/06/2013 19:12",2,"QM",51,6556," "," ",0,1,0,0,0,0,0,0,0,0,0,0,0,0,0,0,0,5309,"CORIFEU DE AZEVEDO MARQUES, AV",NA,"",12,"BUTANTA",1,0,"CORIFEU DE AZEVEDO MARQUES, AV 1350 SAO PAULO SP",-23.5740215,-46.7268236
"12149","D061301766",954,"AMADOR BUENO DA VEIGA, AV",NA,"",2550,"","26/06/2013 19:40",4,"AT",24,6978," "," ",0,0,0,0,0,0,0,1,0,0,0,0,0,0,0,0,0,954,"AMADOR BUENO DA VEIGA, AV",NA,"",60,"PENHA",1,0,"AMADOR BUENO DA VEIGA, AV 2550 SAO PAULO SP",-23.5231283,-46.5212392
"12150","D061300533",7691,"GABRIEL MONTEIRO DA SILVA, AL",4711,"CEILAO, RUA",0,"","26/06/2013 20:30",2,"CO",15,6558," "," ",1,1,0,0,0,0,0,0,0,0,0,0,0,0,0,0,0,4711,"CEILAO, RUA",7691,"GABRIEL MONTEIRO DA SILVA, AL",63,"PINHEIROS",1,0,"GABRIEL MONTEIRO DA SILVA, AL SAO PAULO SP &  CEILAO, RUA SAO PAULO SP",-23.574341,-46.6853256
"12151","D061300908",20045,"ZARA, RUA",NA,"",1,"","26/06/2013 20:30",2,"CO",13,3233," "," ",0,1,0,0,0,0,0,0,0,0,0,1,0,0,0,0,0,20045,"ZARA, RUA",NA,"",23,"CIDADE DUTRA",1,0,"ZARA, RUA 1 SAO PAULO SP",-23.5155441,-46.6565391
"12152","D061301369",13805,"MELO PEIXOTO, RUA",6578,"ERNESTO MARIANO, RUA DR",0,"","26/06/2013 20:30",2,"CO",52,7297," "," ",1,1,0,0,0,0,0,0,0,0,0,0,0,0,0,0,0,6578,"ERNESTO MARIANO, RUA DR",13805,"MELO PEIXOTO, RUA",82,"TATUAPE",1,0,"MELO PEIXOTO, RUA SAO PAULO SP &  ERNESTO MARIANO, RUA DR SAO PAULO SP",-23.5373908,-46.5639017
"12153","D061300249",11675,"LEANDRO DUPRE, RUA",833,"ALTINO ARANTES, AV DR",0,"","26/06/2013 21:45",2,"CO",16,8785," "," ",1,1,0,0,0,0,0,0,0,0,0,0,0,0,0,0,0,833,"ALTINO ARANTES, AV DR",11675,"LEANDRO DUPRE, RUA",79,"SAUDE",1,0,"LEANDRO DUPRE, RUA SAO PAULO SP &  ALTINO ARANTES, AV DR SAO PAULO SP",-23.6938008,-46.7000485
"12154","D061300534",4933,"CIDADE JARDIM, AV",79371,"HAROLDO VELOSO, RUA BRIG",0,"","26/06/2013 22:08",2,"CO",15,6560," "," ",1,0,0,1,0,0,0,0,0,0,0,0,0,0,0,0,0,4933,"CIDADE JARDIM, AV",79371,"HAROLDO VELOSO, RUA BRIG",63,"PINHEIROS",1,0,"CIDADE JARDIM, AV SAO PAULO SP &  HAROLDO VELOSO, RUA BRIG SAO PAULO SP",-23.5807195,-46.684166
"12155","D061300284",14705,"SAUDE, RUA NSRA DA",NA,"",377,"","26/06/2013 22:25",4,"AT",26,5825," "," ",1,0,0,0,0,0,0,0,0,0,0,0,0,0,0,0,0,14705,"SAUDE, RUA NSRA DA",NA,"",69,"SACOMA",1,0,"SAUDE, RUA NSRA DA 377 SAO PAULO SP",-23.6224471,-46.61059
"12156","D061300151",6642,"ESTADO, AV DO",NA,"",4953,"","26/06/2013 23:00",2,"CL",8,5100,"C"," ",1,1,0,0,0,0,0,0,0,0,0,0,0,0,0,0,0,6642,"ESTADO, AV DO",NA,"",9,"BOM RETIRO",1,0,"ESTADO, AV DO 4953 SAO PAULO SP",-23.5713011,-46.6044841
"12157","D061301295",650,"ALEXANDRINO, RUA ALM",NA,"",608,"","26/06/2013 23:00",4,"AT",29,4341," "," ",1,0,0,0,0,0,0,0,0,0,0,0,0,0,0,0,0,650,"ALEXANDRINO, RUA ALM",NA,"",1,"AGUA RASA",1,0,"ALEXANDRINO, RUA ALM 608 SAO PAULO SP",-23.5709329,-46.5686156
"12158","D061300824",8000,"GIOVANNI GRONCHI, AV",NA,"",2800,"","26/06/2013 23:01",4,"AT",89,5781," "," ",0,1,0,0,0,0,0,0,0,0,0,0,0,0,0,0,0,8000,"GIOVANNI GRONCHI, AV",NA,"",55,"MORUMBI",2,0,"GIOVANNI GRONCHI, AV 2800 SAO PAULO SP",-23.6060396,-46.7253213
"12159","D061301957",2181,"ARICANDUVA, AV",63684,"PACHECO GATO, RUA",0,"","26/06/2013 23:30",2,"CT",49,8952," "," ",2,0,0,0,0,0,0,0,0,0,0,0,0,0,0,0,0,2181,"ARICANDUVA, AV",63684,"PACHECO GATO, RUA",NA,"",2,0,"ARICANDUVA, AV SAO PAULO SP &  PACHECO GATO, RUA SAO PAULO SP",-23.5479783,-46.5260893
"12160","D061300695",35449,"BANDEIRANTES, VIA DOS",NA,"",27000,"","27/06/2013 01:14",2,"CO",46,2915," "," ",1,0,0,0,0,0,0,0,0,0,0,1,0,0,0,0,0,35449,"BANDEIRANTES, VIA DOS",NA,"",64,"PIRITUBA",1,0,"BANDEIRANTES, VIA DOS 27000 SAO PAULO SP",-23.5962255,-46.6921266
"12161","D061300188",989,"AMARAL GURGEL, RUA",18102,"SERTORIO, RUA MAJ",0,"","27/06/2013 05:30",2,"CL",77,2722," "," ",1,0,0,0,0,0,0,0,0,0,0,0,0,0,0,1,0,989,"AMARAL GURGEL, RUA",18102,"SERTORIO, RUA MAJ",NA,"",1,0,"AMARAL GURGEL, RUA SAO PAULO SP &  SERTORIO, RUA MAJ SAO PAULO SP",-23.5419473,-46.6475939
"12162","D061300763",16878,"RAPOSO TAVARES, VIA",NA,"",16600,"","27/06/2013 05:50",2,"CO",75,2189," "," ",2,0,0,1,0,0,0,0,0,0,0,0,0,0,0,0,0,16878,"RAPOSO TAVARES, VIA",NA,"",13,"CACHOEIRINHA",1,0,"RAPOSO TAVARES, VIA 16600 SAO PAULO SP",-23.5206735,-48.4937264
"12163","D061301310",14507,"NESTOR DE BARROS, RUA",NA,"",289,"","27/06/2013 05:50",4,"AT",30,3299," "," ",0,0,1,0,0,0,0,0,0,0,0,0,0,0,0,0,0,14507,"NESTOR DE BARROS, RUA",NA,"",27,"CURSINO",1,0,"NESTOR DE BARROS, RUA 289 SAO PAULO SP",-23.5541759,-46.5587784
"12164","D061301958",13671,"MATEO BEI, AV",NA,"",856,"","27/06/2013 06:44",2,"CO",49,8966," "," ",0,1,1,0,0,0,0,0,0,0,0,0,0,0,0,0,0,13671,"MATEO BEI, AV",NA,"",75,"SAO MATEUS",1,0,"MATEO BEI, AV 856 SAO PAULO SP",-23.5909163,-46.4895262
"12165","D061300526",5105,"CLODOMIRO AMAZONAS, RUA",13898,"MIGUEL CALFAT, RUA COMEN",0,"","27/06/2013 06:50",2,"CT",15,3146," "," ",1,1,0,0,0,0,0,0,0,0,0,0,0,0,0,0,0,5105,"CLODOMIRO AMAZONAS, RUA",13898,"MIGUEL CALFAT, RUA COMEN",34,"ITAIM BIBI",1,0,"CLODOMIRO AMAZONAS, RUA SAO PAULO SP &  MIGUEL CALFAT, RUA COMEN SAO PAULO SP",-23.5903386,-46.6781311
"12166","D061300764",16878,"RAPOSO TAVARES, VIA",NA,"",20000,"","27/06/2013 07:25",2,"CO",75,2190," "," ",1,1,0,0,0,0,0,0,0,0,0,0,0,0,0,0,0,16878,"RAPOSO TAVARES, VIA",NA,"",13,"CACHOEIRINHA",1,0,"RAPOSO TAVARES, VIA 20000 SAO PAULO SP",-23.5044319,-48.522145
"12167","D061300554",1475,"ANTARTICA, AV",6471,"SAO VICENTE, AV MARQ DE",0,"","27/06/2013 07:30",2,"SI",23,3773," "," ",0,1,0,0,0,0,0,0,0,0,0,0,0,0,0,0,0,6471,"SAO VICENTE, AV MARQ DE",12197,"LUIZ CARLOS MESQUITA, PCA",6,"BARRA FUNDA",1,0,"ANTARTICA, AV SAO PAULO SP &  SAO VICENTE, AV MARQ DE SAO PAULO SP",-23.5285655,-46.6756003
"12168","D061300622",2195,"ARISTEU SEIXAS, RUA",41507,"LUIZ OLIANI, RUA PROF",0,"","27/06/2013 07:31",2,"CO",34,3780," "," ",2,0,0,0,0,0,0,0,0,0,0,0,0,0,0,0,0,2195,"ARISTEU SEIXAS, RUA",41507,"LUIZ OLIANI, RUA PROF",55,"MORUMBI",1,0,"ARISTEU SEIXAS, RUA SAO PAULO SP &  LUIZ OLIANI, RUA PROF SAO PAULO SP",-23.592024,-46.7121956
"12169","D061300310",24507,"LINO DE MORAES LEME, AV DR",14357,"MYRON CLARK, RUA",0,"","27/06/2013 07:40",4,"AT",27,6809," "," ",0,1,0,0,0,0,0,0,0,0,0,0,0,0,0,0,0,14357,"MYRON CLARK, RUA",24507,"LINO DE MORAES LEME, AV DR",15,"CAMPO BELO",1,0,"LINO DE MORAES LEME, AV DR SAO PAULO SP &  MYRON CLARK, RUA SAO PAULO SP",-23.6412649,-46.6657886
"12170","D061301801",21259,"ALIPIO DE BARROS, AV PROF",NA,"",999,"","27/06/2013 07:41",2,"QM",59,2223," "," ",0,1,0,0,0,0,0,0,0,0,0,0,0,0,0,0,0,21259,"ALIPIO DE BARROS, AV PROF",NA,"",53,"MOEMA",2,0,"ALIPIO DE BARROS, AV PROF 999 SAO PAULO SP",-23.4840439,-46.4153372
"12171","D061300945",19884,"VOLUNTARIOS DA PATRIA, RUA",NA,"",524,"","27/06/2013 07:45",4,"AT",13,7171," "," ",0,1,0,0,0,0,0,0,0,0,0,0,0,0,0,0,0,19884,"VOLUNTARIOS DA PATRIA, RUA",NA,"",8,"BELEM",1,0,"VOLUNTARIOS DA PATRIA, RUA 524 SAO PAULO SP",-23.5159534,-46.6268304
"12172","D061302160",5797,"DEODORO, PCA MAL",NA,"",162,"","27/06/2013 07:45",4,"AT",2,4183,"C"," ",0,1,0,0,0,0,0,0,0,0,0,0,0,0,0,0,0,5797,"DEODORO, PCA MAL",NA,"",11,"BRASILANDIA",2,1,"DEODORO, PCA MAL 162 SAO PAULO SP",-23.5347739,-46.6545293
"12173","D061300031",6642,"ESTADO, AV DO",13853,"MERCURIO, AV",0,"","27/06/2013 08:35",4,"AT",1,5196," "," ",0,1,0,0,0,0,0,0,0,0,0,0,0,0,0,0,0,6642,"ESTADO, AV DO",13853,"MERCURIO, AV",80,"SE",1,0,"ESTADO, AV DO SAO PAULO SP &  MERCURIO, AV SAO PAULO SP",-23.5635869,-46.6112253
"12174","D061302154",6642,"ESTADO, AV DO",13853,"MERCURIO, AV",0,"","27/06/2013 08:35",4,"AT",24,6852," "," ",0,1,0,0,0,0,0,0,0,0,0,0,0,0,0,0,0,6642,"ESTADO, AV DO",13853,"MERCURIO, AV",80,"SE",0,1,"ESTADO, AV DO SAO PAULO SP &  MERCURIO, AV SAO PAULO SP",-23.5635869,-46.6112253
"12175","D061301557",20048,"YERVANT KISSAJIKIAN, AV",NA,"",539,"","27/06/2013 08:50",2,"CO",80,2379," "," ",1,1,0,0,0,0,0,0,0,0,0,0,0,0,0,0,0,20048,"YERVANT KISSAJIKIAN, AV",NA,"",29,"FREGUESIA DO O",1,0,"YERVANT KISSAJIKIAN, AV 539 SAO PAULO SP",-23.6679874,-46.673415
"12176","D061302028",9580,"ITAQUERA, AV",NA,"",1043,"","27/06/2013 08:58",4,"AT",66,2704," "," ",2,1,0,0,0,0,0,0,0,0,0,0,0,0,0,0,0,9580,"ITAQUERA, AV",NA,"",24,"CIDADE LIDER",1,0,"ITAQUERA, AV 1043 SAO PAULO SP",-23.5546988,-46.5162476
"12177","D061301396",19018,"TOBIAS BARRETO, RUA",NA,"",1200,"","27/06/2013 09:00",4,"AT",57,2577," "," ",1,0,0,0,0,0,0,0,0,0,0,0,0,0,0,0,0,19018,"TOBIAS BARRETO, RUA",NA,"",10,"BRAS",1,0,"TOBIAS BARRETO, RUA 1200 SAO PAULO SP",-23.5483638,-46.5865694
"12178","D061301639",14743,"SABARA, AV NSRA DO",NA,"",3590,"","27/06/2013 09:10",4,"AT",99,2664," "," ",0,0,0,0,0,0,0,0,0,0,0,1,0,0,0,0,0,14743,"SABARA, AV NSRA DO",NA,"",16,"CAMPO GRANDE",1,0,"SABARA, AV NSRA DO 3590 SAO PAULO SP",-23.5505199,-46.6333094
"12179","D061301471",998,"SANTO AMARO, AL",NA,"",520,"","27/06/2013 09:37",2,"CO",11,7472," "," ",0,2,0,0,0,0,0,0,0,0,0,0,0,0,0,0,0,998,"SANTO AMARO, AL",NA,"",72,"SANTO AMARO",1,0,"SANTO AMARO, AL 520 SAO PAULO SP",-23.6582309,-46.7059875
"12180","D061300623",1647,"ANTONIO DA PIEDADE, RUA FREI",6855,"EZEQUIEL CAMPOS DIAS, AV DR",0,"","27/06/2013 09:52",2,"CO",34,3786," "," ",1,1,0,0,0,0,0,0,0,0,0,0,0,0,0,0,0,1647,"ANTONIO DA PIEDADE, RUA FREI",6855,"EZEQUIEL CAMPOS DIAS, AV DR",96,"VILA SONIA",1,0,"ANTONIO DA PIEDADE, RUA FREI SAO PAULO SP &  EZEQUIEL CAMPOS DIAS, AV DR SAO PAULO SP",-23.5998947,-46.7489591