"","id_acidente","codloga","logradouroA","codlogb","logradouroB","alt_num","referencia","data","cod_acid","tipo_acidente","dp","numero_BO","sentido","pista","automovel","moto","onibus","caminhao","bicicleta","moto_taxi","onibus_fretado","onibus_urbano","microonibus","van","vuc","caminhonete","carreta","jipe","outros","sem_informacao","carroca","princ_a","paiA","princ_b","paiB","cod_distrito","distrito","vit_ferida","vit_morta","local","lat","lon"
"12183","D061300425",6238,"NACOES UNIDAS, AV DAS",NA,"",7100,"","27/06/2013 11:00",2,"QM",96,6807," "," ",0,1,0,0,0,0,0,0,0,0,0,0,0,0,0,0,0,13014,"MARGINAL DO RIO PINHEIROS, AV",NA,"",90,"VILA LEOPOLDINA",1,0,"NACOES UNIDAS, AV DAS 7100 SAO PAULO SP",-23.6791577,-46.6961102
"12185","D061301311",6932,"FEIJO, AV REG",NA,"",211,"","27/06/2013 11:16",2,"CO",30,3310," "," ",0,1,0,0,0,0,0,0,0,0,0,1,0,0,0,0,0,6932,"FEIJO, AV REG",NA,"",1,"AGUA RASA",1,0,"FEIJO, AV REG 211 SAO PAULO SP",-22.9026119,-47.0616646
"12186","D061300508",16919,"REBOUCAS, AV",16552,"POTIGUAR MEDEIROS, RUA",0,"","27/06/2013 12:40",2,"CO",14,6585," "," ",1,0,0,0,1,0,0,0,0,0,0,0,0,0,0,0,0,16552,"POTIGUAR MEDEIROS, RUA",16919,"REBOUCAS, AV",63,"PINHEIROS",1,0,"REBOUCAS, AV SAO PAULO SP &  POTIGUAR MEDEIROS, RUA SAO PAULO SP",-23.5666153,-46.6829404
"12187","D061300946",3637,"BRAZ LEME, AV",NA,"",3062,"","27/06/2013 12:42",2,"CO",13,7185," "," ",1,1,0,0,0,0,0,0,0,0,0,0,0,0,0,0,0,3637,"BRAZ LEME, AV",NA,"",21,"CASA VERDE",2,0,"BRAZ LEME, AV 3062 SAO PAULO SP",-23.5040564,-46.6302352
"12189","D061301022",9420,"ITABERABA, AV",NA,"",2470,"","27/06/2013 13:02",2,"CO",28,3416," "," ",1,0,0,0,1,0,0,0,0,0,0,0,0,0,0,0,0,9420,"ITABERABA, AV",NA,"",29,"FREGUESIA DO O",1,0,"ITABERABA, AV 2470 SAO PAULO SP",-23.4844051,-46.68793
"12190","D061300034",8029,"GLORIA, RUA DA",NA,"",900,"","27/06/2013 13:15",4,"AT",1,5215," "," ",0,1,0,0,0,0,0,0,0,0,0,0,0,0,0,0,0,8029,"GLORIA, RUA DA",NA,"",49,"LIBERDADE",1,0,"GLORIA, RUA DA 900 SAO PAULO SP",-23.5600581,-46.631958
"12191","D061300152",3653,"BRESSER, RUA",NA,"",2084,"","27/06/2013 13:15",4,"AT",8,5117," "," ",1,0,0,0,0,0,0,0,0,0,0,0,0,0,0,0,0,3653,"BRESSER, RUA",NA,"",10,"BRAS",1,0,"BRESSER, RUA 2084 SAO PAULO SP",-23.547553,-46.6035626
"12192","D061300861",3828,"CAETANOPOLIS, RUA",NA,"",98,"","27/06/2013 13:50",2,"CO",93,4098," "," ",1,1,0,0,0,0,0,0,0,0,0,0,0,0,0,0,0,3828,"CAETANOPOLIS, RUA",NA,"",40,"JAGUARE",1,0,"CAETANOPOLIS, RUA 98 SAO PAULO SP",-23.5480892,-46.7518699
"12194","D061301485",33095,"HERMOGENES DE F. LEITAO FILHO, EST",NA,"",452,"","27/06/2013 13:55",2,"CF",25,1671," "," ",1,0,0,0,0,0,0,0,0,0,0,1,0,0,0,0,0,33095,"HERMOGENES DE F. LEITAO FILHO, EST",NA,"",56,"PARELHEIROS",3,0,"HERMOGENES DE F. LEITAO FILHO, EST 452 SAO PAULO SP",-23.7770127,-46.7182938
"12195","D061300891",17843,"SARAIVA, RUA CONS",NA,"",547,"","27/06/2013 14:30",2,"CO",9,3575,"B"," ",1,1,0,0,0,0,0,0,0,0,0,0,0,0,0,0,0,17843,"SARAIVA, RUA CONS",NA,"",8,"BELEM",1,0,"SARAIVA, RUA CONS 547 SAO PAULO SP",-23.4991613,-46.6215039
"12196","D061300258",331,"AGOSTINHO GOMES, RUA",12057,"LUCAS OBES, RUA DOM",0,"","27/06/2013 14:31",2,"SI",17,3366," "," ",2,0,0,0,0,0,0,0,0,0,0,0,0,0,0,0,0,331,"AGOSTINHO GOMES, RUA",12057,"LUCAS OBES, RUA DOM",33,"IPIRANGA",1,0,"AGOSTINHO GOMES, RUA SAO PAULO SP &  LUCAS OBES, RUA DOM SAO PAULO SP",-23.5831526,-46.6050139
"12197","D061302040",2181,"ARICANDUVA, AV",NA,"",5200,"","27/06/2013 14:40",2,"CO",66,9209," "," ",1,1,0,0,0,0,0,0,0,0,0,0,0,0,0,0,0,2181,"ARICANDUVA, AV",NA,"",60,"PENHA",1,0,"ARICANDUVA, AV 5200 SAO PAULO SP",-23.5655986,-46.5078971
"12198","D061301707",8368,"GUARAPIRANGA, AV",NA,"",750,"","27/06/2013 14:50",2,"CO",102,1819," "," ",1,1,0,0,0,0,0,0,0,0,0,0,0,0,0,0,0,8368,"GUARAPIRANGA, AV",NA,"",45,"JARDIM SAO LUIS",1,0,"GUARAPIRANGA, AV 750 SAO PAULO SP",-23.666399,-46.7197302
"12199","D061301472",10270,"JOAO DIAS, AV",NA,"",226,"","27/06/2013 15:05",4,"AT",11,7509,"B"," ",0,1,0,0,0,0,0,0,0,0,0,0,0,0,0,0,0,10270,"JOAO DIAS, AV",NA,"",72,"SANTO AMARO",3,0,"JOAO DIAS, AV 226 SAO PAULO SP",-23.644705,-46.7031878
"12200","D061300850",14091,"MOFARREJ, AV",NA,"",47,"","27/06/2013 15:30",4,"AT",91,5304," "," ",1,0,0,0,0,0,0,0,0,0,0,0,0,0,0,0,0,14091,"MOFARREJ, AV",NA,"",90,"VILA LEOPOLDINA",1,0,"MOFARREJ, AV 47 SAO PAULO SP",-23.5248435,-46.7373486
"12201","D061301996",99999,"METALURGICOS, AV DOS",NA,"",1200,"","27/06/2013 15:40",2,"CL",54,3391," "," ",1,1,0,0,0,0,0,0,0,0,0,0,0,0,0,0,0,99999,"METALURGICOS, AV DOS",NA,"",25,"CIDADE TIRADENT",1,0,"METALURGICOS, AV DOS 1200 SAO PAULO SP",-23.5934676,-46.4064384
"12202","D061300082",5245,"CONSOLACAO, RUA DA",18040,"SERGIPE, RUA",0,"","27/06/2013 15:50",2,"CO",4,4444,"B"," ",1,1,0,0,0,0,0,0,0,0,0,0,0,0,0,0,0,5245,"CONSOLACAO, RUA DA",18040,"SERGIPE, RUA",26,"CONSOLACAO",1,0,"CONSOLACAO, RUA DA SAO PAULO SP &  SERGIPE, RUA SAO PAULO SP",-23.5471579,-46.6469857
"12203","D061300035",16870,"RANGEL PESTANA, AV",17545,"SE, PCA DA",0,"","27/06/2013 16:15",4,"AT",1,5221," "," ",1,0,0,0,0,0,0,0,0,0,0,0,0,0,0,0,0,16870,"RANGEL PESTANA, AV",17545,"SE, PCA DA",NA,"",1,0,"RANGEL PESTANA, AV SAO PAULO SP &  SE, PCA DA SAO PAULO SP",-23.5447812,-46.6196928
"12205","D061301253",36081,"ALBERTO BADRA, VD ENG",NA,"",100,"","27/06/2013 17:28",2,"CT",10,7337," "," ",0,1,0,0,0,0,0,0,0,0,0,0,0,0,0,1,0,36081,"ALBERTO BADRA, VD ENG",NA,"",27,"CURSINO",1,0,"ALBERTO BADRA, VD ENG 100 SAO PAULO SP",-23.5285416,-46.5544171
"12206","D061301254",42369,"AIRTON SENNA DA SILVA, VIA",NA,"",13900,"","27/06/2013 17:30",4,"AT",10,7340," "," ",0,0,0,1,0,0,0,0,0,0,0,0,0,0,0,0,0,42369,"AIRTON SENNA DA SILVA, VIA",NA,"",18,"CANGAIBA",1,0,"AIRTON SENNA DA SILVA, VIA 13900 SAO PAULO SP",-23.4964883,-46.527276
"12207","D061301191",13133,"MARIA AMALIA LOPES AZEVEDO, RUA",NA,"",3610,"","27/06/2013 17:30",4,"AT",73,7205," "," ",0,1,0,0,0,0,0,0,0,0,0,0,0,0,0,0,0,13133,"MARIA AMALIA LOPES AZEVEDO, RUA",NA,"",83,"TREMEMBE",1,0,"MARIA AMALIA LOPES AZEVEDO, RUA 3610 SAO PAULO SP",-23.4563492,-46.5920478
"12208","D061301037",5947,"EDGAR FACO, AV GAL",NA,"",500,"","27/06/2013 17:40",2,"QM",28,900031," "," ",0,1,0,0,0,0,0,0,0,0,0,0,0,0,0,0,0,5947,"EDGAR FACO, AV GAL",NA,"",64,"PIRITUBA",1,0,"EDGAR FACO, AV GAL 500 SAO PAULO SP",-23.502091,-46.7062302
"12209","D061301404",17625,"SALGADO FILHO, RUA MIN",NA,"",248,"","27/06/2013 17:45",2,"CO",57,4356," "," ",1,1,0,0,0,0,0,0,0,0,0,0,0,0,0,0,0,17625,"SALGADO FILHO, RUA MIN",NA,"",26,"CONSOLACAO",1,0,"SALGADO FILHO, RUA MIN 248 SAO PAULO SP",-23.5741966,-46.5766755
"12210","D061300460",12436,"MACEDO SOARES, AV EMB",NA,"",80000,"","27/06/2013 18:00",2,"CO",7,4828," "," ",0,1,0,0,0,0,0,0,0,0,0,1,0,0,0,0,0,29772,"MARGINAL DO RIO TIETE, AV",NA,"",48,"LAPA",1,0,"MACEDO SOARES, AV EMB 80000 SAO PAULO SP",-23.509526,-46.7091748
"12211","D061300565",2900,"BARTIRA, RUA",NA,"",836,"","27/06/2013 18:00",2,"CO",23,4829," "," ",1,1,0,0,0,0,0,0,0,0,0,0,0,0,0,0,0,2900,"BARTIRA, RUA",NA,"",61,"PERDIZES",1,0,"BARTIRA, RUA 836 SAO PAULO SP",-23.536111,-46.6753314
"12212","D061301473",19931,"WASHINGTON LUIS, AV",NA,"",577,"","27/06/2013 18:03",2,"CO",11,7512," "," ",1,1,0,0,0,0,0,0,0,0,0,0,0,0,0,0,0,19931,"WASHINGTON LUIS, AV",NA,"",30,"GRAJAU",1,0,"WASHINGTON LUIS, AV 577 SAO PAULO SP",-23.6588253,-46.6992007
"12213","D061301767",14094,"MOGI DAS CRUZES, ES DE",NA,"",1860,"","27/06/2013 18:15",4,"AT",24,7028," "," ",1,0,0,0,0,0,0,0,0,0,0,0,0,0,0,0,0,14094,"MOGI DAS CRUZES, ES DE",NA,"",65,"PONTE RASA",1,0,"MOGI DAS CRUZES, ES DE 1860 SAO PAULO SP",-23.5505199,-46.6333094
"12214","D061301193",36937,"CECIL SHARP, RUA",NA,"",48,"","27/06/2013 18:45",2,"CO",74,2691,"C"," ",1,1,0,0,0,0,0,0,0,0,0,0,0,0,0,0,0,36937,"CECIL SHARP, RUA",NA,"",52,"MARSILAC",1,0,"CECIL SHARP, RUA 48 SAO PAULO SP",-23.4431714,-46.7360897
"12215","D061301724",12751,"OLIVIA GUEDES PENTEADO, RUA",NA,"",1000,"","27/06/2013 19:00",2,"QM",102,7515," "," ",0,1,0,0,0,0,0,0,0,0,0,0,0,0,0,0,0,12751,"OLIVIA GUEDES PENTEADO, RUA",NA,"",81,"SOCORRO",1,0,"OLIVIA GUEDES PENTEADO, RUA 1000 SAO PAULO SP",-23.6754472,-46.7084925
"12217","D061301230",4573,"CASTRO JUNIOR, AV PROF",NA,"",108,"","27/06/2013 19:25",2,"CH",90,6941," "," ",1,0,0,0,0,0,0,0,0,0,0,0,0,0,0,3,0,4573,"CASTRO JUNIOR, AV PROF",NA,"",94,"VILA MEDEIROS",1,0,"CASTRO JUNIOR, AV PROF 108 SAO PAULO SP",-23.4937892,-46.5751313
"12218","D061300682",34682,"CAMPO LIMPO, ES DO",22022,"MARTINHO LUTERO, RUA",0,"","27/06/2013 19:50",4,"AT",37,900098," "," ",0,1,0,0,0,0,0,0,0,0,0,0,0,0,0,0,0,22022,"MARTINHO LUTERO, RUA",34682,"CAMPO LIMPO, ES DO",NA,"",3,0,"CAMPO LIMPO, ES DO SAO PAULO SP &  MARTINHO LUTERO, RUA SAO PAULO SP",-23.2019463,-46.785846
"12219","D061301070",21828,"AMARO ALVES TENORIO, RUA",NA,"",32,"","27/06/2013 20:00",2,"CO",38,5966," "," ",1,1,0,0,0,0,0,0,0,0,0,0,0,0,0,0,0,21828,"AMARO ALVES TENORIO, RUA",NA,"",8,"BELEM",1,0,"AMARO ALVES TENORIO, RUA 32 SAO PAULO SP",-23.4846662,-46.6498249
"12220","D061300338",5176,"RISHIN MATSUDA, RUA",NA,"",477,"","27/06/2013 20:15",2,"CF",35,8827," "," ",0,2,0,0,0,0,0,0,0,0,0,0,0,0,0,0,0,5176,"RISHIN MATSUDA, RUA",NA,"",37,"JABAQUARA",3,0,"RISHIN MATSUDA, RUA 477 SAO PAULO SP",-23.6484621,-46.6583658
"12221","D061300752",24360,"MILTON SOARES, RUA",NA,"",55,"","27/06/2013 20:20",2,"CO",51,6596," "," ",1,0,0,0,0,0,0,0,0,0,0,0,0,0,0,0,0,24360,"MILTON SOARES, RUA",NA,"",13,"CACHOEIRINHA",1,0,"MILTON SOARES, RUA 55 SAO PAULO SP",-23.5736502,-46.7605891
"12222","D061301803",2185,"ARICANGA, RUA",9256,"IPE ROXO, RUA",0,"","27/06/2013 20:23",4,"AT",59,7987," "," ",0,1,0,0,0,0,0,0,0,0,0,0,0,0,0,0,0,2185,"ARICANGA, RUA",9256,"IPE ROXO, RUA",86,"VILA CURUCA",1,0,"ARICANGA, RUA SAO PAULO SP &  IPE ROXO, RUA SAO PAULO SP",-23.5054104,-46.4114815
"12223","D061301848",9084,"IMPERADOR, ES DO",NA,"",2500,"","27/06/2013 20:40",4,"AT",63,5430," "," ",1,0,0,0,0,0,0,0,0,0,0,0,0,0,0,0,0,9084,"IMPERADOR, ES DO",NA,"",89,"VILA JACUI",1,0,"IMPERADOR, ES DO 2500 SAO PAULO SP",-23.5505199,-46.6333094
"12224","D061301116",4715,"CELESTINO BOURROUL, AV PROF",13465,"MARIO DE AZEVEDO, RUA CEL",0,"","27/06/2013 20:50",2,"CT",40,7727," "," ",0,1,0,0,0,0,0,0,0,0,0,0,0,0,0,1,0,4715,"CELESTINO BOURROUL, AV PROF",13465,"MARIO DE AZEVEDO, RUA CEL",50,"LIMAO",1,0,"CELESTINO BOURROUL, AV PROF SAO PAULO SP &  MARIO DE AZEVEDO, RUA CEL SAO PAULO SP",-23.5089388,-46.6735826
"12225","D061300794",15188,"OTAVIANO ALVES DE LIMA, AV",NA,"",4500,"","27/06/2013 21:00",2,"QM",87,6146," "," ",0,1,0,0,0,0,0,0,0,0,0,0,0,0,0,0,0,29772,"MARGINAL DO RIO TIETE, AV",NA,"",23,"CIDADE DUTRA",1,0,"OTAVIANO ALVES DE LIMA, AV 4500 SAO PAULO SP",-23.5076053,-46.6921048
"12226","D061301172",18422,"SONIA MARGY, RUA",NA,"",50,"","27/06/2013 21:30",2,"QM",73,6240," "," ",0,1,0,0,0,0,0,0,0,0,0,0,0,0,0,0,0,18422,"SONIA MARGY, RUA",NA,"",22,"CIDADE ADEMAR",1,0,"SONIA MARGY, RUA 50 SAO PAULO SP",-23.4561008,-46.6021845
"12227","D061301187",8253,"PAULO LINCOLN DO VALLE PONTIN, AV",NA,"",744,"","27/06/2013 21:50",2,"CO",73,6947," "," ",1,1,0,0,0,0,0,0,0,0,0,0,0,0,0,0,0,8253,"PAULO LINCOLN DO VALLE PONTIN, AV",NA,"",38,"JACANA",1,0,"PAULO LINCOLN DO VALLE PONTIN, AV 744 SAO PAULO SP",-23.4586497,-46.5857747
"12228","D061300130",797,"ALMEIDA TORRES, RUA",14317,"MUNIZ DE SOUSA, RUA",0,"","27/06/2013 22:22",2,"QM",6,5130," "," ",0,1,0,0,0,0,0,0,0,0,0,0,0,0,0,0,0,797,"ALMEIDA TORRES, RUA",14317,"MUNIZ DE SOUSA, RUA",49,"LIBERDADE",2,0,"ALMEIDA TORRES, RUA SAO PAULO SP &  MUNIZ DE SOUSA, RUA SAO PAULO SP",-23.5682416,-46.6278529
"12230","D061300535",12165,"LUIS ANTONIO, AV BRIG",8699,"HENRIQUE MARTINS, RUA",0,"","27/06/2013 22:49",2,"CO",15,6600," "," ",1,1,0,0,0,0,0,0,0,0,0,0,0,0,0,0,0,8699,"HENRIQUE MARTINS, RUA",12165,"LUIS ANTONIO, AV BRIG",53,"MOEMA",1,0,"LUIS ANTONIO, AV BRIG SAO PAULO SP &  HENRIQUE MARTINS, RUA SAO PAULO SP",-23.5699897,-46.6512614
"12231","D061301259",4128,"CANGAIBA, AV",NA,"",1255,"","27/06/2013 23:15",2,"CO",10,900077," "," ",1,1,0,0,0,0,0,0,0,0,0,0,0,0,0,0,0,4128,"CANGAIBA, AV",NA,"",18,"CANGAIBA",1,0,"CANGAIBA, AV 1255 SAO PAULO SP",-23.51062,-46.5419704
"12233","D061301071",9170,"INES, AV STA",9683,"IVOLANDIA, RUA",0,"","28/06/2013 02:30",2,"CH",38,5975," "," ",1,0,0,0,0,0,0,0,0,0,0,0,0,0,0,0,0,9170,"INES, AV STA",9683,"IVOLANDIA, RUA",51,"MANDAQUI",1,0,"INES, AV STA SAO PAULO SP &  IVOLANDIA, RUA SAO PAULO SP",-23.4571244,-46.6487598
"12234","D061301739",17820,"TITO, AV MAL",NA,"",1038,"","28/06/2013 05:30",4,"AT",22,2981," "," ",1,0,0,0,0,0,0,0,0,0,0,0,0,0,0,0,0,17820,"TITO, AV MAL",NA,"",53,"MOEMA",1,0,"TITO, AV MAL 1038 SAO PAULO SP",-23.4951756,-46.4362517
"12235","D061302161",17820,"TITO, AV MAL",NA,"",1038,"","28/06/2013 05:30",4,"AT",62,2657," "," ",1,0,0,0,0,0,0,0,0,0,0,0,0,0,0,0,0,17820,"TITO, AV MAL",NA,"",53,"MOEMA",0,1,"TITO, AV MAL 1038 SAO PAULO SP",-23.4951756,-46.4362517
"12236","D061300696",16838,"RAIMUNDO PEREIRA DE MAGAL., AV",NA,"",17500,"","28/06/2013 06:00",2,"CO",46,2944," "," ",0,1,0,0,0,0,0,0,0,0,0,1,0,0,0,0,0,16838,"RAIMUNDO PEREIRA DE MAGAL., AV",NA,"",31,"GUAIANASES",2,0,"RAIMUNDO PEREIRA DE MAGAL., AV 17500 SAO PAULO SP",-23.4025442,-46.7260653
"12237","D061300765",16878,"RAPOSO TAVARES, VIA",NA,"",18800,"","28/06/2013 06:10",2,"CO",75,2203," "," ",3,0,0,1,0,0,0,0,0,0,0,1,0,0,0,0,0,16878,"RAPOSO TAVARES, VIA",NA,"",13,"CACHOEIRINHA",1,0,"RAPOSO TAVARES, VIA 18800 SAO PAULO SP",-23.0855108,-49.5338115
"12238","D061300862",5309,"CORIFEU DE AZEVEDO MARQUES, AV",NA,"",2700,"","28/06/2013 06:34",2,"QM",93,4104," "," ",0,1,0,0,0,0,0,0,0,0,0,0,0,0,0,0,0,5309,"CORIFEU DE AZEVEDO MARQUES, AV",NA,"",12,"BUTANTA",1,0,"CORIFEU DE AZEVEDO MARQUES, AV 2700 SAO PAULO SP",-23.570535,-46.7404246
"12239","D061301273",1702,"ANTONIO ESTEVAO DE CARVALHO, AV",NA,"",2005,"","28/06/2013 07:00",2,"CT",21,2198," "," ",1,1,0,0,0,0,0,0,0,0,0,0,0,0,0,0,0,1702,"ANTONIO ESTEVAO DE CARVALHO, AV",NA,"",93,"VILA MATILDE",1,0,"ANTONIO ESTEVAO DE CARVALHO, AV 2005 SAO PAULO SP",-23.544788,-46.5076353
"12240","D061300662",34682,"CAMPO LIMPO, ES DO",NA,"",1830,"","28/06/2013 07:00",2,"CO",37,4987," "," ",1,1,0,0,0,0,0,0,0,0,0,0,0,0,0,0,0,34682,"CAMPO LIMPO, ES DO",NA,"",17,"CAMPO LIMPO",1,0,"CAMPO LIMPO, ES DO 1830 SAO PAULO SP",-23.2019463,-46.785846
"12241","D061300224",12165,"LUIS ANTONIO, AV BRIG",11078,"JOSE MARIA LISBOA, RUA",0,"","28/06/2013 07:22",2,"CO",78,5665," "," ",0,1,1,0,0,0,0,0,0,0,0,0,0,0,0,0,0,11078,"JOSE MARIA LISBOA, RUA",12165,"LUIS ANTONIO, AV BRIG",44,"JARDIM PAULISTA",1,0,"LUIS ANTONIO, AV BRIG SAO PAULO SP &  JOSE MARIA LISBOA, RUA SAO PAULO SP",-23.5699897,-46.6512614
"12242","D061301274",12156,"LUIZ AYRES, RUA DR",12461,"MACIEL MONTEIRO, RUA",0,"","28/06/2013 07:30",2,"CT",21,2199," "," ",1,2,0,0,0,0,0,0,0,0,0,0,0,0,0,0,0,12156,"LUIZ AYRES, RUA DR",12461,"MACIEL MONTEIRO, RUA",5,"ARTUR ALVIM",1,0,"LUIZ AYRES, RUA DR SAO PAULO SP &  MACIEL MONTEIRO, RUA SAO PAULO SP",-23.5423381,-46.4672547
"12244","D061300412",19100,"BANDEIRANTES, AV DOS",NA,"",1020,"","28/06/2013 07:51",2,"CO",96,3026," "," ",1,1,0,0,0,0,0,0,0,0,0,0,0,0,0,0,0,19100,"BANDEIRANTES, AV DOS",NA,"",24,"CIDADE LIDER",1,0,"BANDEIRANTES, AV DOS 1020 SAO PAULO SP",-23.6062684,-46.6785285
"12245","D061300624",12504,"MAGALHAES DE ARAUJO, RUA",NA,"",396,"","28/06/2013 07:57",2,"CH",34,2806," "," ",0,0,0,0,0,0,0,0,0,0,0,1,0,0,0,0,0,12504,"MAGALHAES DE ARAUJO, RUA",NA,"",13,"CACHOEIRINHA",1,0,"MAGALHAES DE ARAUJO, RUA 396 SAO PAULO SP",-23.5890079,-46.7090709
"12246","D061300766",14672,"NORONHA SANTOS, RUA",NA,"",45,"","28/06/2013 07:59",2,"CH",75,2204," "," ",0,1,0,0,0,0,0,0,0,0,0,0,0,0,0,0,0,14672,"NORONHA SANTOS, RUA",NA,"",66,"RAPOSO TAVARES",1,0,"NORONHA SANTOS, RUA 45 SAO PAULO SP",-23.5854373,-46.7669144
"12247","D061302011",17824,"SAPOPEMBA, AV",NA,"",14797,"","28/06/2013 08:00",4,"AT",55,2497,"B"," ",1,0,0,0,0,0,0,0,0,0,0,0,0,0,0,0,0,17824,"SAPOPEMBA, AV",NA,"",33,"IPIRANGA",1,0,"SAPOPEMBA, AV 14797 SAO PAULO SP",-23.6190941,-46.4682317
"12248","D061300070",9276,"IPIRANGA, AV",2115,"ARAUJO, RUA",0,"","28/06/2013 08:30",4,"AT",3,5138," "," ",1,0,0,0,0,0,0,0,0,0,0,0,0,0,0,0,0,2115,"ARAUJO, RUA",9276,"IPIRANGA, AV",67,"REPUBLICA",1,0,"IPIRANGA, AV SAO PAULO SP &  ARAUJO, RUA SAO PAULO SP",-23.5457285,-46.6440924
"12249","D061300962",5626,"CURUCA, RUA",NA,"",100,"","28/06/2013 08:40",4,"AT",19,2421," "," ",1,0,0,0,0,0,0,0,0,0,0,0,0,0,0,0,0,5626,"CURUCA, RUA",NA,"",91,"VILA MARIA",1,0,"CURUCA, RUA 100 SAO PAULO SP",-23.5105809,-46.5939555
"12250","D061301774",18803,"TEODORO, RUA S",NA,"",1000,"","28/06/2013 08:40",2,"CO",32,3638," "," ",0,2,0,0,0,0,0,0,0,0,0,0,0,0,0,0,0,18803,"TEODORO, RUA S",NA,"",51,"MANDAQUI",1,0,"TEODORO, RUA S 1000 SAO PAULO SP",-23.5563069,-46.4516226
"12251","D061300427",31498,"ROBERTO MARINHO - ANT AGUA ESP, AV JORN",NA,"",1111,"","28/06/2013 09:00",2,"QM",96,7009," "," ",1,1,0,0,0,0,0,0,0,0,0,0,0,0,0,0,0,31498,"ROBERTO MARINHO - ANT AGUA ESP, AV JORN",NA,"",15,"CAMPO BELO",1,0,"ROBERTO MARINHO - ANT AGUA ESP, AV JORN 1111 SAO PAULO SP",-23.5505199,-46.6333094
"12252","D061300697",18262,"SILVIO DE CAMPOS, AV DR",NA,"",1500,"","28/06/2013 09:30",2,"CO",46,2946," "," ",0,1,0,0,0,0,0,0,0,0,0,1,0,0,0,0,0,18262,"SILVIO DE CAMPOS, AV DR",NA,"",NA,"",1,0,"SILVIO DE CAMPOS, AV DR 1500 SAO PAULO SP",-23.4064043,-46.7673977
"12253","D061301051",16170,"PERI RONCHETTI, AV",NA,"",595,"","28/06/2013 09:45",2,"CT",38,3190," "," ",0,1,0,0,0,0,0,1,0,0,0,0,0,0,0,0,0,16170,"PERI RONCHETTI, AV",NA,"",8,"BELEM",1,0,"PERI RONCHETTI, AV 595 SAO PAULO SP",-23.4625654,-46.6516409
"12254","D061301390",24338,"LUIZ IGNACIO ANHAIA MELLO, AV PROF",8955,"IBITIRAMA, RUA",0,"","28/06/2013 09:59",2,"CO",56,4372," "," ",1,1,0,0,0,0,0,0,0,0,0,0,0,0,0,0,0,8955,"IBITIRAMA, RUA",24338,"LUIZ IGNACIO ANHAIA MELLO, AV PROF",95,"VILA PRUDENTE",1,0,"LUIZ IGNACIO ANHAIA MELLO, AV PROF SAO PAULO SP &  IBITIRAMA, RUA SAO PAULO SP",-23.5827842,-46.565808
"12255","D061301640",9220,"INTERLAGOS, AV",NA,"",4289,"","28/06/2013 10:20",2,"CT",99,2675," "," ",1,1,0,0,0,0,0,1,0,0,0,0,0,0,0,0,0,9220,"INTERLAGOS, AV",NA,"",16,"CAMPO GRANDE",1,0,"INTERLAGOS, AV 4289 SAO PAULO SP",-23.6853281,-46.6926973
"12256","D061301580",19491,"PAULO LAURO, AV PREF",NA,"",30,"","28/06/2013 10:30",4,"AA",85,7552," "," ",0,1,0,0,0,0,0,0,0,0,0,0,0,0,0,0,0,19491,"PAULO LAURO, AV PREF",NA,"",NA,"",1,0,"PAULO LAURO, AV PREF 30 SAO PAULO SP",-23.7395016,-46.698539
"12257","D061300826",7180,"FLAVIO AMERICO MAURANO, RUA DR",NA,"",155,"","28/06/2013 10:44",2,"CO",89,5822," "," ",1,1,0,0,0,0,0,0,0,0,0,0,0,0,0,0,0,7180,"FLAVIO AMERICO MAURANO, RUA DR",NA,"",55,"MORUMBI",1,0,"FLAVIO AMERICO MAURANO, RUA DR 155 SAO PAULO SP",-23.6139135,-46.7152222
"12258","D061300732",19817,"VITAL BRASIL, AV",3937,"CAMARGO, RUA",0,"","28/06/2013 11:20",4,"AT",51,2909," "," ",0,1,0,0,0,0,0,0,0,0,0,0,0,0,0,0,0,3937,"CAMARGO, RUA",19817,"VITAL BRASIL, AV",12,"BUTANTA",1,0,"VITAL BRASIL, AV SAO PAULO SP &  CAMARGO, RUA SAO PAULO SP",-23.5696565,-46.7140386
"12260","D061301126",11018,"JOSE JOAQUIM CORREIA ARRUDA, RUA TTCEL",NA,"",440,"","28/06/2013 12:00",4,"AT",45,1671," "," ",0,0,0,0,0,0,0,0,0,0,0,1,0,0,0,0,0,11018,"JOSE JOAQUIM CORREIA ARRUDA, RUA TTCEL",NA,"",29,"FREGUESIA DO O",1,0,"JOSE JOAQUIM CORREIA ARRUDA, RUA TTCEL 440 SAO PAULO SP",-23.5505199,-46.6333094
"12261","D061300393",19583,"VERGUEIRO, RUA",NA,"",8602,"","28/06/2013 12:12",2,"CH",95,2970," "," ",3,0,0,0,0,0,0,0,0,0,0,0,0,0,0,0,0,19583,"VERGUEIRO, RUA",NA,"",33,"IPIRANGA",1,0,"VERGUEIRO, RUA 8602 SAO PAULO SP",-23.615352,-46.6062865
"12262","D061300795",16838,"RAIMUNDO PEREIRA DE MAGAL., AV",NA,"",5948,"","28/06/2013 12:30",2,"CF",87,6173," "," ",1,1,0,0,0,0,0,0,0,0,0,0,0,0,0,0,0,16838,"RAIMUNDO PEREIRA DE MAGAL., AV",NA,"",31,"GUAIANASES",1,0,"RAIMUNDO PEREIRA DE MAGAL., AV 5948 SAO PAULO SP",-23.4808139,-46.7246918