"","id_acidente","codloga","logradouroA","codlogb","logradouroB","alt_num","referencia","data","cod_acid","tipo_acidente","dp","numero_BO","sentido","pista","automovel","moto","onibus","caminhao","bicicleta","moto_taxi","onibus_fretado","onibus_urbano","microonibus","van","vuc","caminhonete","carreta","jipe","outros","sem_informacao","carroca","princ_a","paiA","princ_b","paiB","cod_distrito","distrito","vit_ferida","vit_morta","local","lat","lon"
"12263","D061300735",16913,"REACAO, RUA",855,"ALVARENGA, RUA",0,"","28/06/2013 12:30",2,"CT",51,3818," "," ",1,1,0,0,0,0,0,0,0,0,0,0,0,0,0,0,0,855,"ALVARENGA, RUA",16913,"REACAO, RUA",12,"BUTANTA",1,0,"REACAO, RUA SAO PAULO SP &  ALVARENGA, RUA SAO PAULO SP",-23.5727193,-46.710314
"12264","D061300413",6238,"NACOES UNIDAS, AV DAS",NA,"",12900,"","28/06/2013 12:57",2,"CO",96,3040," "," ",1,1,0,1,0,0,0,0,0,0,0,0,0,0,0,0,0,13014,"MARGINAL DO RIO PINHEIROS, AV",NA,"",90,"VILA LEOPOLDINA",1,0,"NACOES UNIDAS, AV DAS 12900 SAO PAULO SP",-23.679153,-46.6960902
"12265","D061301997",9044,"RAGUEB CHOHFI, AV",NA,"",5600,"","28/06/2013 13:49",4,"AT",54,3416," "," ",0,1,0,0,0,0,0,0,0,0,0,0,0,0,0,0,0,9044,"RAGUEB CHOHFI, AV",NA,"",32,"IGUATEMI",1,0,"RAGUEB CHOHFI, AV 5600 SAO PAULO SP",-23.5951464,-46.4312792
"12266","D061301015",6450,"EMILIO CARLOS, AV DEP",NA,"",3371,"","28/06/2013 14:20",2,"CO",28,3197," "," ",1,0,0,0,0,0,0,0,0,0,0,0,0,0,0,0,0,6450,"EMILIO CARLOS, AV DEP",NA,"",50,"LIMAO",1,0,"EMILIO CARLOS, AV DEP 3371 SAO PAULO SP",-23.4802047,-46.6731444
"12267","D061300595",14350,"MUTINGA, AV",NA,"",1237,"","28/06/2013 14:58",4,"AT",33,6171," "," ",1,0,0,0,0,0,0,0,0,0,0,0,0,0,0,0,0,14350,"MUTINGA, AV",NA,"",64,"PIRITUBA",1,0,"MUTINGA, AV 1237 SAO PAULO SP",-23.4865925,-46.7387092
"12268","D061301768",36673,"BASTOS, RUA",NA,"",417,"","28/06/2013 15:00",2,"CH",24,7080," "," ",1,0,0,0,0,0,0,0,0,0,0,0,0,0,0,0,0,36673,"BASTOS, RUA",NA,"",49,"LIBERDADE",1,0,"BASTOS, RUA 417 SAO PAULO SP",-23.5065195,-46.4969042
"12269","D061300767",16878,"RAPOSO TAVARES, VIA",NA,"",18000,"","28/06/2013 15:20",4,"AT",75,2209," "," ",1,0,0,0,0,0,0,0,0,0,0,0,0,0,0,0,0,16878,"RAPOSO TAVARES, VIA",NA,"",13,"CACHOEIRINHA",1,0,"RAPOSO TAVARES, VIA 18000 SAO PAULO SP",-23.5138709,-48.5061497
"12270","D061302053",17824,"SAPOPEMBA, AV",NA,"",10800,"","28/06/2013 15:28",4,"AT",69,6963," "," ",1,0,0,0,0,0,0,0,0,0,0,0,0,0,0,0,0,17824,"SAPOPEMBA, AV",NA,"",33,"IPIRANGA",1,0,"SAPOPEMBA, AV 10800 SAO PAULO SP",-23.6130039,-46.50409
"12271","D061301876",12156,"LUIZ AYRES, RUA DR",NA,"",2500,"","28/06/2013 15:45",2,"CT",65,2185," "," ",1,1,0,0,0,0,0,0,0,0,0,0,0,0,0,0,0,12156,"LUIZ AYRES, RUA DR",NA,"",5,"ARTUR ALVIM",1,0,"LUIZ AYRES, RUA DR 2500 SAO PAULO SP",-23.5422396,-46.4814708
"12272","D061300426",17003,"REPUBLICA DO LIBANO, AV",NA,"",2139,"","28/06/2013 16:30",2,"CO",96,5874," "," ",1,1,0,0,0,0,0,0,0,0,0,0,0,0,0,0,0,17003,"REPUBLICA DO LIBANO, AV",NA,"",9,"BOM RETIRO",1,0,"REPUBLICA DO LIBANO, AV 2139 SAO PAULO SP",-23.5982458,-46.6609791
"12273","D061301370",4736,"CELSO GARCIA, AV",8604,"HEITOR BARIANI, RUA",0,"","28/06/2013 16:40",4,"AT",52,7385," "," ",0,0,0,0,0,0,0,1,0,0,0,0,0,0,0,0,0,4736,"CELSO GARCIA, AV",8604,"HEITOR BARIANI, RUA",82,"TATUAPE",1,0,"CELSO GARCIA, AV SAO PAULO SP &  HEITOR BARIANI, RUA SAO PAULO SP",-23.5359522,-46.5717652
"12274","D061300051",7216,"FLORES, RUA GAL",NA,"",281,"","28/06/2013 16:45",4,"AT",2,3927," "," ",1,0,0,0,0,0,0,0,0,0,0,0,0,0,0,0,0,7216,"FLORES, RUA GAL",NA,"",9,"BOM RETIRO",1,0,"FLORES, RUA GAL 281 SAO PAULO SP",-23.5239598,-46.6427106
"12275","D061301998",37226,"VOVO CAROLINA, ES",NA,"",15,"","28/06/2013 16:50",2,"QM",54,3585," "," ",0,0,0,0,1,0,0,0,0,0,0,0,0,0,0,0,0,37226,"VOVO CAROLINA, ES",NA,"",50,"LIMAO",1,0,"VOVO CAROLINA, ES 15 SAO PAULO SP",-23.5505199,-46.6333094
"12276","D061301804",71947,"CACHOEIRA CAIRUGUACU, RUA",NA,"",687,"","28/06/2013 17:00",4,"AT",59,8040," "," ",1,0,0,0,0,0,0,0,0,0,0,0,0,0,0,0,0,71947,"CACHOEIRA CAIRUGUACU, RUA",NA,"",54,"MOOCA",1,0,"CACHOEIRA CAIRUGUACU, RUA 687 SAO PAULO SP",-23.4779186,-46.384782
"12277","D061300947",19884,"VOLUNTARIOS DA PATRIA, RUA",NA,"",2725,"","28/06/2013 17:31",4,"AT",13,7276," "," ",1,0,0,0,0,0,0,0,0,0,0,0,0,0,0,0,0,19884,"VOLUNTARIOS DA PATRIA, RUA",NA,"",8,"BELEM",1,0,"VOLUNTARIOS DA PATRIA, RUA 2725 SAO PAULO SP",-23.4962937,-46.6259118
"12278","D061301257",1133,"AMORIM DINIZ, RUA",NA,"",16,"","28/06/2013 17:40",2,"CO",10,7541," "," ",1,0,0,0,1,0,0,0,0,0,0,0,0,0,0,0,0,1133,"AMORIM DINIZ, RUA",NA,"",18,"CANGAIBA",1,0,"AMORIM DINIZ, RUA 16 SAO PAULO SP",-23.512449,-46.5426114
"12279","D061300110",19583,"VERGUEIRO, RUA",NA,"",2016,"","28/06/2013 17:47",4,"AT",5,5691," "," ",0,1,0,0,0,0,0,0,0,0,0,0,0,0,0,0,0,19583,"VERGUEIRO, RUA",NA,"",33,"IPIRANGA",1,0,"VERGUEIRO, RUA 2016 SAO PAULO SP",-23.5799349,-46.6396584
"12280","D061300451",8267,"GUAICURUS, RUA",NA,"",300,"","28/06/2013 18:00",2,"CT",7,3948," "," ",3,0,0,0,0,0,0,0,0,0,0,0,0,0,0,0,0,8267,"GUAICURUS, RUA",NA,"",48,"LAPA",1,0,"GUAICURUS, RUA 300 SAO PAULO SP",-23.5230079,-46.6881562
"12281","D061302075",4918,"JOSE ANTONIO FONTES, RUA",NA,"",1188,"","28/06/2013 18:10",4,"AT",70,6969," "," ",0,1,0,0,0,0,0,0,0,0,0,0,0,0,0,0,0,4918,"JOSE ANTONIO FONTES, RUA",NA,"",78,"SAPOPEMBA",1,0,"JOSE ANTONIO FONTES, RUA 1188 SAO PAULO SP",-23.6065102,-46.5275383
"12282","D061300375",7521,"EUGENIO BELLOTO, RUA",NA,"",200,"","28/06/2013 18:40",2,"CO",83,1443,"C"," ",1,1,0,0,0,0,0,0,0,0,0,0,0,0,0,0,0,7521,"EUGENIO BELLOTO, RUA",NA,"",21,"CASA VERDE",1,0,"EUGENIO BELLOTO, RUA 200 SAO PAULO SP",-23.6461115,-46.5861464
"12283","D061300180",4736,"CELSO GARCIA, AV",3653,"BRESSER, RUA",0,"","28/06/2013 18:49",2,"QM",12,5158," "," ",0,1,0,0,0,0,0,0,0,0,0,0,0,0,0,0,0,3653,"BRESSER, RUA",4736,"CELSO GARCIA, AV",10,"BRAS",1,0,"CELSO GARCIA, AV SAO PAULO SP &  BRESSER, RUA SAO PAULO SP",-23.5359522,-46.5717652
"12284","D061300120",15767,"PAULO OROZIMBO, RUA",NA,"",51,"","28/06/2013 19:00",2,"CF",6,3087," "," ",1,1,0,0,0,0,0,0,0,0,0,0,0,0,0,0,0,15767,"PAULO OROZIMBO, RUA",NA,"",12,"BUTANTA",1,0,"PAULO OROZIMBO, RUA 51 SAO PAULO SP",-23.5678141,-46.6244865
"12285","D061301036",36284,"PETRONIO PORTELA, AV MIN",NA,"",2251,"","28/06/2013 19:30",4,"AT",28,7244," "," ",0,1,0,0,0,0,0,0,0,0,0,0,0,0,0,0,0,36284,"PETRONIO PORTELA, AV MIN",NA,"",4,"ARICANDUVA",3,0,"PETRONIO PORTELA, AV MIN 2251 SAO PAULO SP",-23.4805062,-46.6957258
"12286","D061301405",16049,"PENEDO, RUA BR DE",NA,"",147,"","28/06/2013 20:20",2,"CT",57,4385," "," ",0,0,1,0,0,0,0,0,0,0,0,1,0,0,0,0,0,16049,"PENEDO, RUA BR DE",NA,"",33,"IPIRANGA",1,0,"PENEDO, RUA BR DE 147 SAO PAULO SP",-23.554416,-46.581157
"12287","D061301674",12403,"M'BOI MIRIM, ES",NA,"",6739,"","28/06/2013 20:50",2,"CO",100,8011,"C"," ",1,1,0,0,0,0,0,0,0,0,0,0,0,0,0,0,0,12403,"M'BOI MIRIM, ES",NA,"",42,"JARDIM ANGELA",2,0,"M'BOI MIRIM, ES 6739 SAO PAULO SP",-23.5505199,-46.6333094
"12289","D061301917",9134,"INCONFIDENCIA MINEIRA, AV",841,"ALTO BELO, RUA",0,"","28/06/2013 21:20",2,"SI",41,6977," "," ",1,1,0,0,0,0,0,0,0,0,0,0,0,0,0,0,0,841,"ALTO BELO, RUA",9134,"INCONFIDENCIA MINEIRA, AV",4,"ARICANDUVA",1,0,"INCONFIDENCIA MINEIRA, AV SAO PAULO SP &  ALTO BELO, RUA SAO PAULO SP",-23.577714,-46.516821
"12290","D061302018",17824,"SAPOPEMBA, AV",17269,"RODOLFO PIRANI, AV",0,"","28/06/2013 21:22",2,"CO",55,9040," "," ",1,1,0,0,0,0,0,0,0,0,0,0,0,0,0,0,0,17269,"RODOLFO PIRANI, AV",17824,"SAPOPEMBA, AV",77,"SAO RAFAEL",2,0,"SAPOPEMBA, AV SAO PAULO SP &  RODOLFO PIRANI, AV SAO PAULO SP",-23.6148326,-46.5024993
"12291","D061301796",18940,"TIBURCIO DE SOUSA, RUA",NA,"",1700,"","28/06/2013 21:30",2,"QD",50,8215," "," ",0,0,1,0,0,0,0,0,0,0,0,0,0,0,0,0,0,18940,"TIBURCIO DE SOUSA, RUA",NA,"",35,"ITAIM PAULISTA",1,0,"TIBURCIO DE SOUSA, RUA 1700 SAO PAULO SP",-23.5117571,-46.3941458
"12292","D061301371",6371,"ELISABETH DE ROBIANO, AV CDSSA",NA,"",205,"","28/06/2013 21:35",2,"CO",52,7390," "," ",1,1,0,0,0,0,0,0,0,0,0,0,0,0,0,0,0,29772,"MARGINAL DO RIO TIETE, AV",NA,"",82,"TATUAPE",2,0,"ELISABETH DE ROBIANO, AV CDSSA 205 SAO PAULO SP",-23.5076424,-46.5495997
"12293","D061300511",16919,"REBOUCAS, AV",15114,"OSCAR FREIRE, RUA",0,"","28/06/2013 21:42",2,"CT",14,6643," "," ",3,0,0,0,0,0,0,0,0,0,0,0,0,0,0,0,0,15114,"OSCAR FREIRE, RUA",16919,"REBOUCAS, AV",44,"JARDIM PAULISTA",1,0,"REBOUCAS, AV SAO PAULO SP &  OSCAR FREIRE, RUA SAO PAULO SP",-23.5666153,-46.6829404
"12294","D061300131",4829,"CESARIO RAMALHO, RUA",NA,"",375,"","28/06/2013 22:00",2,"CT",6,5159," "," ",1,1,0,0,0,0,0,0,0,0,0,0,0,0,0,0,0,4829,"CESARIO RAMALHO, RUA",NA,"",14,"CAMBUCI",2,0,"CESARIO RAMALHO, RUA 375 SAO PAULO SP",-23.5611265,-46.6218673
"12296","D061301849",13344,"MARIA SANTANA, AV",NA,"",244,"","28/06/2013 22:30",2,"CO",63,5456," "," ",1,1,0,0,0,0,0,0,0,0,0,0,0,0,0,0,0,13344,"MARIA SANTANA, AV",NA,"",89,"VILA JACUI",1,0,"MARIA SANTANA, AV 244 SAO PAULO SP",-23.5111287,-46.4546548
"12298","D061301805",64141,"ESTRELA DA NOITE, AV",NA,"",400,"","28/06/2013 23:00",2,"CT",59,8075," "," ",1,0,0,0,0,0,0,0,0,0,0,0,0,0,0,1,0,64141,"ESTRELA DA NOITE, AV",NA,"",53,"MOEMA",1,0,"ESTRELA DA NOITE, AV 400 SAO PAULO SP",-23.4931249,-46.4140122
"12299","D061301826",14917,"OLAVO EGIDIO DE SOUZA ARANHA, AV",NA,"",4158,"","28/06/2013 23:00",2,"CF",62,7088," "," ",1,1,0,0,0,0,0,0,0,0,0,0,0,0,0,0,0,14917,"OLAVO EGIDIO DE SOUZA ARANHA, AV",NA,"",49,"LIBERDADE",1,0,"OLAVO EGIDIO DE SOUZA ARANHA, AV 4158 SAO PAULO SP",-23.490738,-46.4979718
"12301","D061300596",14350,"MUTINGA, AV",NA,"",1230,"","29/06/2013 00:50",4,"AT",33,6185," "," ",1,0,0,0,0,0,0,0,0,0,0,0,0,0,0,0,0,14350,"MUTINGA, AV",NA,"",64,"PIRITUBA",1,0,"MUTINGA, AV 1230 SAO PAULO SP",-23.4865182,-46.7379271
"12302","D061300869",9836,"JAGUARE, AV",NA,"",1330,"","29/06/2013 00:53",2,"CO",93,4866," "," ",1,0,0,0,0,0,0,0,0,0,0,1,0,0,0,0,0,9836,"JAGUARE, AV",NA,"",40,"JAGUARE",1,0,"JAGUARE, AV 1330 SAO PAULO SP",-23.5513403,-46.7403307
"12303","D061300267",7875,"GENTIL DE MOURA, AV DR",2773,"BAMBORE, RUA",0,"","29/06/2013 01:22",2,"CT",17,8870," "," ",1,1,0,0,0,0,0,0,0,0,0,0,0,0,0,0,0,2773,"BAMBORE, RUA",7875,"GENTIL DE MOURA, AV DR",33,"IPIRANGA",1,0,"GENTIL DE MOURA, AV DR SAO PAULO SP &  BAMBORE, RUA SAO PAULO SP",-23.6021807,-46.6108482
"12304","D061300674",34682,"CAMPO LIMPO, ES DO",22022,"MARTINHO LUTERO, RUA",0,"","29/06/2013 01:30",2,"CF",37,5859," "," ",1,1,0,0,0,0,0,0,0,0,0,0,0,0,0,0,0,22022,"MARTINHO LUTERO, RUA",34682,"CAMPO LIMPO, ES DO",NA,"",1,0,"CAMPO LIMPO, ES DO SAO PAULO SP &  MARTINHO LUTERO, RUA SAO PAULO SP",-23.2019463,-46.785846
"12305","D061301255",954,"AMADOR BUENO DA VEIGA, AV",NA,"",1056,"","29/06/2013 01:51",4,"AT",10,7393," "," ",0,1,0,0,0,0,0,0,0,0,0,0,0,0,0,0,0,954,"AMADOR BUENO DA VEIGA, AV",NA,"",60,"PENHA",1,0,"AMADOR BUENO DA VEIGA, AV 1056 SAO PAULO SP",-23.5233531,-46.5347876
"12306","D061301900",9590,"ITAQUERA-GUAIANAZES, ES",NA,"",2000,"","29/06/2013 02:00",2,"QM",103,2560," "," ",0,1,0,0,0,0,0,0,0,0,0,0,0,0,0,0,0,9590,"ITAQUERA-GUAIANAZES, ES",NA,"",36,"ITAQUERA",1,0,"ITAQUERA-GUAIANAZES, ES 2000 SAO PAULO SP",-23.5505199,-46.6333094
"12307","D061300339",3977,"CAMILO CARRERA, RUA",15378,"CIDADE DE BAGDA, RUA",0,"","29/06/2013 02:47",2,"CH",35,8871," "," ",1,0,0,0,0,0,0,0,0,0,0,0,0,0,0,0,0,3977,"CAMILO CARRERA, RUA",15378,"CIDADE DE BAGDA, RUA",37,"JABAQUARA",2,0,"CAMILO CARRERA, RUA SAO PAULO SP &  CIDADE DE BAGDA, RUA SAO PAULO SP",-23.654229,-46.6501115
"12308","D061300414",12193,"LUIS CARLOS BERRINI, AV ENG",7237,"FLORIDA, RUA",0,"","29/06/2013 05:30",2,"CO",96,4743," "," ",2,0,0,0,0,0,0,0,0,0,0,0,0,0,0,0,0,7237,"FLORIDA, RUA",12193,"LUIS CARLOS BERRINI, AV ENG",34,"ITAIM BIBI",1,0,"LUIS CARLOS BERRINI, AV ENG SAO PAULO SP &  FLORIDA, RUA SAO PAULO SP",-23.6107873,-46.694758
"12309","D061300340",13915,"MIGUEL ESTEFANO, AV",NA,"",1131,"","29/06/2013 06:15",2,"CH",35,8876," "," ",1,0,0,0,0,0,0,0,0,0,0,0,0,0,0,0,0,13915,"MIGUEL ESTEFANO, AV",NA,"",27,"CURSINO",1,0,"MIGUEL ESTEFANO, AV 1131 SAO PAULO SP",-23.6227756,-46.6291965
"12310","D061301827",8019,"EFIGENIA DE MINAS, RUA STA",NA,"",36,"","29/06/2013 07:00",2,"CO",62,7096,"B"," ",0,2,0,0,0,0,0,0,0,0,0,0,0,0,0,0,0,8019,"EFIGENIA DE MINAS, RUA STA",NA,"",0,"NULL",1,0,"EFIGENIA DE MINAS, RUA STA 36 SAO PAULO SP",-23.5138187,-46.4796216
"12311","D061301474",32309,"SOCORRO, PTE DO",NA,"",9999,"","29/06/2013 07:10",2,"CO",11,7584," "," ",1,1,0,0,0,0,0,0,0,0,0,0,0,0,0,0,0,32309,"SOCORRO, PTE DO",NA,"",30,"GRAJAU",1,0,"SOCORRO, PTE DO 9999 SAO PAULO SP",-23.6649142,-46.7099358
"12312","D061301880",19867,"VITORIO, RUA S",NA,"",46,"","29/06/2013 07:14",2,"CF",65,7093," "," ",0,0,0,0,0,0,0,0,0,0,0,1,0,0,0,0,0,19867,"VITORIO, RUA S",NA,"",38,"JACANA",2,0,"VITORIO, RUA S 46 SAO PAULO SP",-23.5434993,-46.4951958
"12313","D061300091",1356,"ANGELICA, AV",426,"ALAGOAS, RUA",0,"","29/06/2013 07:30",2,"CO",4,5714," "," ",1,1,0,0,0,0,0,0,0,0,0,0,0,0,0,0,0,426,"ALAGOAS, RUA",1356,"ANGELICA, AV",26,"CONSOLACAO",1,0,"ANGELICA, AV SAO PAULO SP &  ALAGOAS, RUA SAO PAULO SP",-23.5474146,-46.6586504
"12314","D061300673",34682,"CAMPO LIMPO, ES DO",NA,"",4731,"","29/06/2013 08:16",2,"CO",37,5847," "," ",0,1,0,0,0,0,0,1,0,0,0,0,0,0,0,0,0,34682,"CAMPO LIMPO, ES DO",NA,"",17,"CAMPO LIMPO",1,0,"CAMPO LIMPO, ES DO 4731 SAO PAULO SP",-23.2019463,-46.785846
"12315","D061301001",18151,"SEZEFREDO FAGUNDES, AV CEL",NA,"",1700,"","29/06/2013 08:30",2,"CO",20,6247," "," ",1,1,0,0,0,0,0,0,0,0,0,0,0,0,0,0,0,18151,"SEZEFREDO FAGUNDES, AV CEL",NA,"",22,"CIDADE ADEMAR",1,0,"SEZEFREDO FAGUNDES, AV CEL 1700 SAO PAULO SP",-23.4642128,-46.6035253
"12316","D061302162",15507,"TEOTONIO VILELA, AV SEN",NA,"",1991,"","29/06/2013 08:30",4,"AT",101,5869," "," ",1,0,0,0,0,0,0,0,0,0,0,0,0,0,0,0,0,15507,"TEOTONIO VILELA, AV SEN",NA,"",23,"CIDADE DUTRA",0,1,"TEOTONIO VILELA, AV SEN 1991 SAO PAULO SP",-23.7190188,-46.6983092
"12317","D061301554",15507,"TEOTONIO VILELA, AV SEN",NA,"",1991,"","29/06/2013 08:30",4,"AT",48,5102," "," ",1,0,0,0,0,0,0,0,0,0,0,0,0,0,0,0,0,15507,"TEOTONIO VILELA, AV SEN",NA,"",23,"CIDADE DUTRA",1,0,"TEOTONIO VILELA, AV SEN 1991 SAO PAULO SP",-23.7190188,-46.6983092
"12318","D061301828",14094,"MOGI DAS CRUZES, ES DE",NA,"",2257,"","29/06/2013 10:00",4,"AT",62,7105," "," ",1,0,0,0,0,0,0,0,0,0,0,0,0,0,0,0,0,14094,"MOGI DAS CRUZES, ES DE",NA,"",65,"PONTE RASA",1,0,"MOGI DAS CRUZES, ES DE 2257 SAO PAULO SP",-23.5505199,-46.6333094
"12319","D061301317",4144,"CANTAGALO, RUA",18114,"SETE DE OUTUBRO, RUA",0,"","29/06/2013 10:00",2,"CO",30,4069," "," ",1,1,0,0,0,0,0,0,0,0,0,0,0,0,0,0,0,4144,"CANTAGALO, RUA",18114,"SETE DE OUTUBRO, RUA",20,"CARRAO",1,0,"CANTAGALO, RUA SAO PAULO SP &  SETE DE OUTUBRO, RUA SAO PAULO SP",-23.5438735,-46.5572797
"12320","D061301579",15507,"TEOTONIO VILELA, AV SEN",NA,"",6360,"","29/06/2013 10:50",2,"CT",85,5109," "," ",2,0,0,0,0,0,0,0,0,0,0,0,0,0,0,0,0,15507,"TEOTONIO VILELA, AV SEN",NA,"",23,"CIDADE DUTRA",1,0,"TEOTONIO VILELA, AV SEN 6360 SAO PAULO SP",-23.7530408,-46.7112674
"12321","D061301207",18594,"TAIPAS, ES",NA,"",2500,"","29/06/2013 11:05",2,"CT",74,6029," "," ",0,1,0,0,0,0,0,0,1,0,0,0,0,0,0,0,0,18594,"TAIPAS, ES",NA,"",52,"MARSILAC",1,0,"TAIPAS, ES 2500 SAO PAULO SP",-23.4261258,-46.7260757
"12322","D061301318",2181,"ARICANDUVA, AV",NA,"",3560,"","29/06/2013 11:30",4,"AT",30,4074," "," ",0,1,0,0,0,0,0,0,0,0,0,0,0,0,0,0,0,2181,"ARICANDUVA, AV",NA,"",60,"PENHA",1,0,"ARICANDUVA, AV 3560 SAO PAULO SP",-23.5532176,-46.5190833
"12323","D061300715",46890,"ALEXIOS JAFET (ESTR.CAMPINAS), AV",NA,"",1982,"","29/06/2013 11:30",2,"CO",46,6213," "," ",0,1,1,0,0,0,0,0,0,0,0,0,0,0,0,0,0,46890,"ALEXIOS JAFET (ESTR.CAMPINAS), AV",NA,"",41,"JARAGUA",1,0,"ALEXIOS JAFET (ESTR.CAMPINAS), AV 1982 SAO PAULO SP",-23.4941755,-46.8148351
"12324","D061300062",19177,"TRIUNFO, RUA DO",8536,"GUSMOES, RUA DOS",0,"","29/06/2013 11:40",2,"CO",3,3948," "," ",2,0,0,0,0,0,0,0,0,0,0,0,0,0,0,0,0,8536,"GUSMOES, RUA DOS",19177,"TRIUNFO, RUA DO",67,"REPUBLICA",2,0,"TRIUNFO, RUA DO SAO PAULO SP &  GUSMOES, RUA DOS SAO PAULO SP",-23.5359159,-46.6385153
"12325","D061301794",60277,"JOAO DE LANCASTRE, RUA DOM",NA,"",5,"","29/06/2013 12:00",4,"AT",50,8070," "," ",0,0,1,0,0,0,0,0,0,0,0,0,0,0,0,0,0,60277,"JOAO DE LANCASTRE, RUA DOM",NA,"",54,"MOOCA",1,0,"JOAO DE LANCASTRE, RUA DOM 5 SAO PAULO SP",-23.5161961,-46.3998664
"12326","D061301354",5425,"COSTA BARROS, RUA",NA,"",700,"","29/06/2013 12:00",4,"AT",42,4410," "," ",0,0,0,0,0,0,0,0,0,0,0,1,0,0,0,0,0,5425,"COSTA BARROS, RUA",NA,"",95,"VILA PRUDENTE",3,0,"COSTA BARROS, RUA 700 SAO PAULO SP",-23.5967281,-46.5588662
"12327","D061302038",9580,"ITAQUERA, AV",11830,"LIDER, AV",0,"","29/06/2013 12:20",2,"CO",66,4714," "," ",0,1,0,0,0,0,0,0,0,0,0,1,0,0,0,0,0,9580,"ITAQUERA, AV",11830,"LIDER, AV",24,"CIDADE LIDER",1,0,"ITAQUERA, AV SAO PAULO SP &  LIDER, AV SAO PAULO SP",-23.5540176,-46.4897549
"12328","D061300383",6771,"EUGENIO EGAS, RUA",NA,"",594,"","29/06/2013 12:30",4,"AT",83,5907," "," ",2,0,0,0,0,0,0,0,0,0,0,0,0,0,0,0,0,6771,"EUGENIO EGAS, RUA",NA,"",69,"SACOMA",4,0,"EUGENIO EGAS, RUA 594 SAO PAULO SP",-23.6418685,-46.6052219
"12329","D061301131",63163,"ACARAPEREIRA, RUA",NA,"",50,"","29/06/2013 13:05",2,"CH",45,6039," "," ",5,0,1,1,0,0,0,0,0,0,0,0,0,0,0,0,0,63163,"ACARAPEREIRA, RUA",NA,"",40,"JAGUARE",3,0,"ACARAPEREIRA, RUA 50 SAO PAULO SP",-23.4732859,-46.7043682
"12330","D061300442",34206,"RENE FERNANDES, RUA DR",NA,"",29,"","29/06/2013 13:10",4,"AT",97,5913," "," ",1,0,0,0,0,0,0,0,0,0,0,0,0,0,0,0,0,34206,"RENE FERNANDES, RUA DR",NA,"",27,"CURSINO",1,0,"RENE FERNANDES, RUA DR 29 SAO PAULO SP",-23.66139,-46.6321924
"12331","D061300268",14449,"NAZARE, AV",NA,"",650,"","29/06/2013 13:40",2,"CO",17,8913," "," ",2,0,0,0,0,0,0,0,0,0,0,0,0,0,0,0,0,14449,"NAZARE, AV",NA,"",33,"IPIRANGA",2,0,"NAZARE, AV 650 SAO PAULO SP",-23.5895203,-46.6105753
"12332","D061302037",9580,"ITAQUERA, AV",NA,"",2176,"","29/06/2013 13:45",2,"CO",66,4704," "," ",1,1,0,0,0,0,0,0,0,0,0,0,0,0,0,0,0,9580,"ITAQUERA, AV",NA,"",24,"CIDADE LIDER",1,0,"ITAQUERA, AV 2176 SAO PAULO SP",-23.5490278,-46.5047377
"12333","D061301132",15791,"ORLANDO GARCIA DA SILVEIRA, AV PDE",NA,"",270,"","29/06/2013 13:46",4,"AT",45,6042," "," ",0,0,0,0,0,0,0,0,0,0,0,1,0,0,0,0,0,15791,"ORLANDO GARCIA DA SILVEIRA, AV PDE",NA,"",40,"JAGUARE",1,0,"ORLANDO GARCIA DA SILVEIRA, AV PDE 270 SAO PAULO SP",-23.5505199,-46.6333094
"12334","D061301151",3771,"INAJAR DE SOUZA, AV",NA,"",4050,"","29/06/2013 15:50",2,"CO",72,6153," "," ",0,1,0,0,0,0,0,0,0,0,0,1,0,0,0,0,0,3771,"INAJAR DE SOUZA, AV",NA,"",50,"LIMAO",1,0,"INAJAR DE SOUZA, AV 4050 SAO PAULO SP",-23.4754964,-46.6708406
"12335","D061301188",45227,"IGARAPE PRIMAVERA, TR",NA,"",372,"","29/06/2013 16:17",2,"CO",73,7017," "," ",0,1,0,0,0,0,0,0,0,0,0,1,0,0,0,0,0,45227,"IGARAPE PRIMAVERA, TR",NA,"",38,"JACANA",1,0,"IGARAPE PRIMAVERA, TR 372 SAO PAULO SP",-23.4492936,-46.5785574
"12336","D061301696",98047,"BELA VISTA (GRAJAU), RUA",25162,"FRANCISCO INACIO SOLANO, RUA",0,"","29/06/2013 16:30",4,"AT",101,5124," "," ",0,1,0,0,0,0,0,0,0,0,0,0,0,0,0,0,0,25162,"FRANCISCO INACIO SOLANO, RUA",98047,"BELA VISTA (GRAJAU), RUA",30,"GRAJAU",2,0,"BELA VISTA (GRAJAU), RUA SAO PAULO SP &  FRANCISCO INACIO SOLANO, RUA SAO PAULO SP",-23.736195,-46.697149
"12337","D061301427",6371,"ELISABETH DE ROBIANO, AV CDSSA",NA,"",6000,"","29/06/2013 17:15",2,"CO",81,7430," "," ",1,1,0,0,0,0,0,0,0,0,0,0,0,0,0,0,0,29772,"MARGINAL DO RIO TIETE, AV",NA,"",82,"TATUAPE",1,0,"ELISABETH DE ROBIANO, AV CDSSA 6000 SAO PAULO SP",-23.5076424,-46.5495997
"12338","D061302019",17824,"SAPOPEMBA, AV",NA,"",14000,"","29/06/2013 18:15",2,"CO",55,9048," "," ",1,1,0,0,0,0,0,0,0,0,0,0,0,0,0,0,0,17824,"SAPOPEMBA, AV",NA,"",33,"IPIRANGA",1,0,"SAPOPEMBA, AV 14000 SAO PAULO SP",-23.6122846,-46.4733595