"","id_acidente","codloga","logradouroA","codlogb","logradouroB","alt_num","referencia","data","cod_acid","tipo_acidente","dp","numero_BO","sentido","pista","automovel","moto","onibus","caminhao","bicicleta","moto_taxi","onibus_fretado","onibus_urbano","microonibus","van","vuc","caminhonete","carreta","jipe","outros","sem_informacao","carroca","princ_a","paiA","princ_b","paiB","cod_distrito","distrito","vit_ferida","vit_morta","local","lat","lon"
"12339","D061300644",21674,"JORGE JOAO SAAD, AV",11925,"LIRA, RUA COMTE",0,"","29/06/2013 18:30",2,"CT",34,5877," "," ",1,1,0,0,0,0,0,0,0,0,0,0,0,0,0,0,0,12835,"LICIO MARCONDES DO AMARAL, RUA",21674,"JORGE JOAO SAAD, AV",55,"MORUMBI",1,0,"JORGE JOAO SAAD, AV SAO PAULO SP &  LIRA, RUA COMTE SAO PAULO SP",-23.5907419,-46.7220614
"12340","D061301725",2483,"ATLANTICA ANT. ROBERT KENNEDY, AV",NA,"",348,"","29/06/2013 18:41",2,"QM",102,7614," "," ",0,1,0,0,0,0,0,0,0,0,0,0,0,0,0,0,0,2483,"ATLANTICA ANT. ROBERT KENNEDY, AV",NA,"",23,"CIDADE DUTRA",1,0,"ATLANTICA ANT. ROBERT KENNEDY, AV 348 SAO PAULO SP",-23.5505199,-46.6333094
"12341","D061301695",3509,"BELMIRA MARIN, AV DONA",NA,"",2330,"","29/06/2013 19:00",2,"CF",101,5121," "," ",1,1,0,0,0,0,0,0,0,0,0,0,0,0,0,0,0,3509,"BELMIRA MARIN, AV DONA",NA,"",30,"GRAJAU",1,0,"BELMIRA MARIN, AV DONA 2330 SAO PAULO SP",-23.7497085,-46.6876971
"12342","D061301189",17728,"SANATORIO, AV",NA,"",1050,"","29/06/2013 19:21",4,"AT",73,7021," "," ",1,0,0,0,0,0,0,0,0,0,0,0,0,0,0,0,0,17728,"SANATORIO, AV",NA,"",22,"CIDADE ADEMAR",1,0,"SANATORIO, AV 1050 SAO PAULO SP",-23.473938,-46.5741236
"12343","D061300132",11922,"LINS DE VASCONCELOS, AV",NA,"",925,"","29/06/2013 19:36",2,"CO",6,5184," "," ",1,0,0,0,1,0,0,0,0,0,0,0,0,0,0,0,0,11922,"LINS DE VASCONCELOS, AV",NA,"",92,"VILA MARIANA",1,0,"LINS DE VASCONCELOS, AV 925 SAO PAULO SP",-23.5715022,-46.6223834
"12344","D061301697",10036,"JEQUIRITUBA, RUA",NA,"",85,"","29/06/2013 20:00",2,"CO",101,5125," "," ",0,1,0,0,0,0,0,0,0,0,0,0,0,0,0,1,0,10036,"JEQUIRITUBA, RUA",NA,"",30,"GRAJAU",1,0,"JEQUIRITUBA, RUA 85 SAO PAULO SP",-23.7228332,-46.6915684
"12345","D061302020",17824,"SAPOPEMBA, AV",NA,"",15500,"","29/06/2013 20:00",4,"AT",55,9088,"C"," ",1,0,0,0,0,0,0,0,0,0,0,0,0,0,0,0,0,17824,"SAPOPEMBA, AV",NA,"",33,"IPIRANGA",1,0,"SAPOPEMBA, AV 15500 SAO PAULO SP",-23.6248302,-46.4640267
"12346","D061301232",10471,"JOAO SIMAO DE CASTRO, AV",NA,"",2100,"","29/06/2013 20:00",2,"CO",90,7024," "," ",0,1,0,0,0,0,0,1,0,0,0,0,0,0,0,0,0,10471,"JOAO SIMAO DE CASTRO, AV",NA,"",94,"VILA MEDEIROS",1,0,"JOAO SIMAO DE CASTRO, AV 2100 SAO PAULO SP",-23.4891204,-46.5676727
"12347","D061300111",10407,"JOAO PASSALAQUA, RUA",NA,"",30,"","29/06/2013 20:24",4,"AT",5,5744," "," ",0,1,0,0,0,0,0,0,0,0,0,0,0,0,0,0,0,10407,"JOAO PASSALAQUA, RUA",NA,"",67,"REPUBLICA",1,0,"JOAO PASSALAQUA, RUA 30 SAO PAULO SP",-23.5529345,-46.6459799
"12348","D061301795",79543,"CORNELIO DE ARZAO, RUA",NA,"",50,"","29/06/2013 20:25",2,"CO",50,8080," "," ",1,1,0,0,0,0,0,0,0,0,0,0,0,0,0,0,0,79543,"CORNELIO DE ARZAO, RUA",NA,"",35,"ITAIM PAULISTA",1,0,"CORNELIO DE ARZAO, RUA 50 SAO PAULO SP",-23.5203079,-46.3941484
"12349","D061301558",911,"JOSE FUGULIN, RUA",NA,"",840,"","29/06/2013 20:40",2,"CL",80,2517," "," ",1,1,0,0,0,0,0,0,0,0,0,0,0,0,0,0,0,911,"JOSE FUGULIN, RUA",NA,"",16,"CAMPO GRANDE",1,0,"JOSE FUGULIN, RUA 840 SAO PAULO SP",-23.6873506,-46.6704785
"12350","D061302054",24510,"MORRO DO ESPIA, RUA",NA,"",200,"","29/06/2013 21:00",4,"AT",69,7024," "," ",0,0,0,0,0,0,0,0,0,0,0,0,0,0,0,1,0,24510,"MORRO DO ESPIA, RUA",NA,"",27,"CURSINO",1,0,"MORRO DO ESPIA, RUA 200 SAO PAULO SP",-23.5861781,-46.5011338
"12351","D061300905",13172,"MARIA CANDIDA, RUA",NA,"",292,"","29/06/2013 21:09",2,"CO",9,6192," "," ",1,1,0,0,0,0,0,0,0,0,0,0,0,0,0,0,0,13172,"MARIA CANDIDA, RUA",NA,"",88,"VILA GUILHERME",1,0,"MARIA CANDIDA, RUA 292 SAO PAULO SP",-23.5018932,-46.6120388
"12352","D061301568",20048,"YERVANT KISSAJIKIAN, AV",NA,"",3101,"","29/06/2013 21:30",2,"CO",80,6997," "," ",0,1,0,0,0,0,0,0,0,0,0,0,0,0,0,1,0,20048,"YERVANT KISSAJIKIAN, AV",NA,"",29,"FREGUESIA DO O",1,0,"YERVANT KISSAJIKIAN, AV 3101 SAO PAULO SP",-23.6817527,-46.6527982
"12354","D061300153",19958,"WILSON, AV PRES",NA,"",1230,"","29/06/2013 21:38",2,"CH",8,5187," "," ",0,1,0,0,0,0,0,0,0,0,0,0,0,0,0,0,0,19958,"WILSON, AV PRES",NA,"",16,"CAMPO GRANDE",2,0,"WILSON, AV PRES 1230 SAO PAULO SP",-23.5649204,-46.6064038
"12355","D061302157",5797,"DEODORO, PCA MAL",NA,"",381,"","29/06/2013 21:53",4,"AT",2,3967,"C"," ",1,0,0,0,0,0,0,0,0,0,0,0,0,0,0,0,0,5797,"DEODORO, PCA MAL",NA,"",11,"BRASILANDIA",0,1,"DEODORO, PCA MAL 381 SAO PAULO SP",-23.5336259,-46.6561867
"12356","D061301897",98912,"JOSE PINHEIRO BORGES, AV",3169,"BENEDITO LEITE DE AVILA, RUA",0,"","29/06/2013 22:00",2,"CO",68,8074," "," ",1,1,0,0,0,0,0,0,0,0,0,0,0,0,0,0,0,3169,"BENEDITO LEITE DE AVILA, RUA",98912,"JOSE PINHEIRO BORGES, AV",46,"JOSE BONIFACIO",1,0,"JOSE PINHEIRO BORGES, AV SAO PAULO SP &  BENEDITO LEITE DE AVILA, RUA SAO PAULO SP",-23.5379455,-46.4560852
"12357","D061301960",13671,"MATEO BEI, AV",6565,"ERNESTO DUPRAT, RUA CEL",0,"","29/06/2013 22:00",2,"CO",49,9089," "," ",1,1,0,0,0,0,0,0,0,0,0,0,0,0,0,0,0,6565,"ERNESTO DUPRAT, RUA CEL",13671,"MATEO BEI, AV",75,"SAO MATEUS",1,0,"MATEO BEI, AV SAO PAULO SP &  ERNESTO DUPRAT, RUA CEL SAO PAULO SP",-23.5972768,-46.4866619
"12358","D061300269",6642,"ESTADO, AV DO",15609,"PATRIOTAS, RUA DOS",0,"","29/06/2013 22:50",2,"CO",17,8947," "," ",1,1,0,0,0,0,0,0,0,0,0,0,0,0,0,0,0,6642,"ESTADO, AV DO",15609,"PATRIOTAS, RUA DOS",33,"IPIRANGA",1,0,"ESTADO, AV DO SAO PAULO SP &  PATRIOTAS, RUA DOS SAO PAULO SP",-23.5635869,-46.6112253
"12360","D061301988",11830,"LIDER, AV",NA,"",2638,"","29/06/2013 23:00",2,"CH",53,4726," "," ",1,0,0,1,0,0,0,0,0,0,0,0,0,0,0,0,0,11830,"LIDER, AV",NA,"",24,"CIDADE LIDER",1,0,"LIDER, AV 2638 SAO PAULO SP",-23.5564636,-46.4695462
"12361","D061301851",14703,"JOAO FELISBERTO MOREIRA, RUA",NA,"",21,"","29/06/2013 23:10",2,"CH",63,5519," "," ",1,0,1,0,0,0,0,0,0,0,0,0,0,0,0,0,0,14703,"JOAO FELISBERTO MOREIRA, RUA",NA,"",89,"VILA JACUI",1,0,"JOAO FELISBERTO MOREIRA, RUA 21 SAO PAULO SP",-23.4995963,-46.4518245
"12362","D061301962",13671,"MATEO BEI, AV",NA,"",2959,"","29/06/2013 23:55",2,"CO",49,9092," "," ",1,0,0,0,0,0,0,0,0,0,0,0,0,0,0,1,0,13671,"MATEO BEI, AV",NA,"",75,"SAO MATEUS",1,0,"MATEO BEI, AV 2959 SAO PAULO SP",-23.6068015,-46.4789587
"12363","D061300341",66,"ABRAAO DE MORAIS, AV PROF",NA,"",1000,"","30/06/2013 00:06",4,"AT",35,8945,"B"," ",1,0,0,0,0,0,0,0,0,0,0,0,0,0,0,0,0,66,"ABRAAO DE MORAIS, AV PROF",NA,"",79,"SAUDE",1,0,"ABRAAO DE MORAIS, AV PROF 1000 SAO PAULO SP",-23.6071862,-46.6273311
"12364","D061301989",6927,"HARRY DANHENBERG, RUA",NA,"",309,"","30/06/2013 01:00",2,"CO",53,4727," "," ",1,1,0,0,0,0,0,0,0,0,0,0,0,0,0,0,0,6927,"HARRY DANHENBERG, RUA",NA,"",24,"CIDADE LIDER",1,0,"HARRY DANHENBERG, RUA 309 SAO PAULO SP",-22.7873159,-49.293268
"12365","D061301190",6224,"EDU CHAVES, AV",4118,"BASILIO ALVES MORANGO, RUA",0,"","30/06/2013 01:19",2,"CO",73,7026,"C"," ",0,1,1,0,0,0,0,0,0,0,0,0,0,0,0,0,0,4118,"BASILIO ALVES MORANGO, RUA",6224,"EDU CHAVES, AV",38,"JACANA",1,0,"EDU CHAVES, AV SAO PAULO SP &  BASILIO ALVES MORANGO, RUA SAO PAULO SP",-23.4721429,-46.5718386
"12367","D061301726",8368,"GUARAPIRANGA, AV",NA,"",1258,"","30/06/2013 01:45",2,"CT",102,7625," "," ",1,1,0,0,0,0,0,0,0,0,0,0,0,0,0,0,0,8368,"GUARAPIRANGA, AV",NA,"",45,"JARDIM SAO LUIS",1,0,"GUARAPIRANGA, AV 1258 SAO PAULO SP",-23.6670032,-46.7250871
"12368","D061301850",46936,"JACU-PESSEGO/NOVA TRABALHADORE, AV",1528,"BOTUPORA, RUA",0,"","30/06/2013 01:55",2,"CO",63,5510," "," ",2,0,0,0,0,0,0,0,0,0,0,0,0,0,0,0,0,1528,"BOTUPORA, RUA",46936,"JACU-PESSEGO/NOVA TRABALHADORE, AV",36,"ITAQUERA",1,0,"JACU-PESSEGO/NOVA TRABALHADORE, AV SAO PAULO SP &  BOTUPORA, RUA SAO PAULO SP",-23.5754203,-46.4449094
"12369","D061301099",11321,"JULIO BUONO, AV",NA,"",2193,"","30/06/2013 02:00",2,"CL",39,7055,"C"," ",1,1,0,0,0,0,0,0,0,0,0,0,0,0,0,0,0,11321,"JULIO BUONO, AV",NA,"",94,"VILA MEDEIROS",1,0,"JULIO BUONO, AV 2193 SAO PAULO SP",-23.4818561,-46.5885067
"12370","D061301288",2181,"ARICANDUVA, AV",NA,"",1491,"","30/06/2013 02:22",4,"AT",21,7443," "," ",1,0,0,0,0,0,0,0,0,0,0,0,0,0,0,0,0,2181,"ARICANDUVA, AV",NA,"",60,"PENHA",1,0,"ARICANDUVA, AV 1491 SAO PAULO SP",-23.5538531,-46.5184641
"12371","D061301868",28022,"AVELAS, RUA",NA,"",10,"","30/06/2013 02:23",2,"CF",64,7123," "," ",1,0,0,0,0,0,0,0,0,0,0,1,0,0,0,0,0,28022,"AVELAS, RUA",NA,"",51,"MANDAQUI",1,0,"AVELAS, RUA 10 SAO PAULO SP",-23.5138466,-46.4318712
"12372","D061302108",3813,"CAETANO ALVARES, AV ENG",NA,"",3548,"","30/06/2013 02:30",2,"CH",20,6183," "," ",1,0,0,0,0,0,0,0,0,0,0,0,0,0,0,0,0,3813,"CAETANO ALVARES, AV ENG",NA,"",21,"CASA VERDE",1,1,"CAETANO ALVARES, AV ENG 3548 SAO PAULO SP",-23.4889236,-46.6534569
"12373","D061300918",3813,"CAETANO ALVARES, AV ENG",NA,"",3548,"","30/06/2013 02:30",2,"CH",13,6183," "," ",1,0,0,0,0,0,0,0,0,0,0,0,0,0,0,0,0,3813,"CAETANO ALVARES, AV ENG",NA,"",21,"CASA VERDE",2,0,"CAETANO ALVARES, AV ENG 3548 SAO PAULO SP",-23.4889236,-46.6534569
"12374","D061300259",6642,"ESTADO, AV DO",11379,"JUNTAS PROVISORIAS, AV",0,"","30/06/2013 03:00",2,"QM",17,3603," "," ",0,1,0,0,0,0,0,0,0,0,0,0,0,0,0,0,0,10648,"JORDAO, RUA BRIG",11379,"JUNTAS PROVISORIAS, AV",48,"LAPA",1,0,"ESTADO, AV DO SAO PAULO SP &  JUNTAS PROVISORIAS, AV SAO PAULO SP",-23.5635869,-46.6112253
"12375","D061301487",32541,"PAULO GUILGUER REIMBERG, AV",NA,"",2000,"","30/06/2013 04:30",2,"CH",25,2514," "," ",1,0,0,0,0,0,0,0,0,0,0,0,0,0,0,0,0,32541,"PAULO GUILGUER REIMBERG, AV",NA,"",32,"IGUATEMI",1,0,"PAULO GUILGUER REIMBERG, AV 2000 SAO PAULO SP",-23.7732853,-46.700324
"12376","D061302031",2181,"ARICANDUVA, AV",NA,"",5555,"","30/06/2013 05:00",4,"AT",66,4168,"C"," ",0,1,0,0,0,0,0,0,0,0,0,0,0,0,0,0,0,2181,"ARICANDUVA, AV",NA,"",60,"PENHA",1,0,"ARICANDUVA, AV 5555 SAO PAULO SP",-23.5610792,-46.5113397
"12377","D061301881",12156,"LUIZ AYRES, RUA DR",NA,"",100,"","30/06/2013 05:20",2,"CH",65,7126," "," ",2,0,0,0,0,0,0,0,0,0,0,0,0,0,0,0,0,12156,"LUIZ AYRES, RUA DR",NA,"",5,"ARTUR ALVIM",2,0,"LUIZ AYRES, RUA DR 100 SAO PAULO SP",-23.5320953,-46.5007163
"12378","D061302159",6980,"FELIPE PINEL, AV DR",NA,"",3512,"","30/06/2013 05:30",2,"QM",33,6368," "," ",0,1,0,0,0,0,0,0,0,0,0,0,0,0,0,0,0,6980,"FELIPE PINEL, AV DR",NA,"",64,"PIRITUBA",0,1,"FELIPE PINEL, AV DR 3512 SAO PAULO SP",-23.4601901,-46.7404911
"12379","D061300536",10189,"JOAO CACHOEIRA, RUA",NA,"",345,"","30/06/2013 05:30",2,"CO",15,6689," "," ",1,0,0,0,0,0,0,0,0,0,0,1,0,0,0,0,0,10189,"JOAO CACHOEIRA, RUA",NA,"",34,"ITAIM BIBI",1,0,"JOAO CACHOEIRA, RUA 345 SAO PAULO SP",-23.5832052,-46.6782766
"12380","D061301133",17554,"SABAO, ES DO",NA,"",1500,"","30/06/2013 05:30",2,"CO",45,6070," "," ",1,1,0,0,0,0,0,0,0,0,0,0,0,0,0,0,0,17554,"SABAO, ES DO",NA,"",40,"JAGUARE",1,0,"SABAO, ES DO 1500 SAO PAULO SP",-23.5505199,-46.6333094
"12381","D061300645",7500,"FRANCISCO MORATO, AV PROF",4137,"CANIO RIZZO, RUA",0,"","30/06/2013 05:40",2,"CO",34,5894," "," ",1,0,1,0,0,0,0,0,0,0,0,0,0,0,0,0,0,4137,"CANIO RIZZO, RUA",7500,"FRANCISCO MORATO, AV PROF",96,"VILA SONIA",1,0,"FRANCISCO MORATO, AV PROF SAO PAULO SP &  CANIO RIZZO, RUA SAO PAULO SP",-23.5789486,-46.7103326
"12382","D061301208",16838,"RAIMUNDO PEREIRA DE MAGAL., AV",NA,"",9400,"","30/06/2013 05:45",4,"AT",74,6060," "," ",1,0,0,0,0,0,0,0,0,0,0,0,0,0,0,0,0,16838,"RAIMUNDO PEREIRA DE MAGAL., AV",NA,"",31,"GUAIANASES",1,0,"RAIMUNDO PEREIRA DE MAGAL., AV 9400 SAO PAULO SP",-23.4579623,-46.7189952
"12383","D061300401",1247,"ANCHIETA, VIA",NA,"",17060,"","30/06/2013 06:06",2,"CH",95,5948,"B"," ",1,0,0,0,0,0,0,0,0,0,0,0,0,0,0,0,0,1247,"ANCHIETA, VIA",NA,"",33,"IPIRANGA",2,0,"ANCHIETA, VIA 17060 SAO PAULO SP",-23.6433577,-46.5860313
"12384","D061300182",10485,"JOAO TEODORO, RUA",17318,"RODRIGUES DOS SANTOS, RUA",0,"","30/06/2013 06:22",2,"CO",12,5192," "," ",1,0,0,0,0,0,0,1,0,0,0,0,0,0,0,0,0,10485,"JOAO TEODORO, RUA",17318,"RODRIGUES DOS SANTOS, RUA",10,"BRAS",4,0,"JOAO TEODORO, RUA SAO PAULO SP &  RODRIGUES DOS SANTOS, RUA SAO PAULO SP",-23.5342424,-46.6255239
"12385","D061301990",36285,"ADRIANO BERTOZZI, AV",NA,"",1100,"","30/06/2013 07:00",2,"QD",53,4741," "," ",0,0,1,0,0,0,0,0,0,0,0,0,0,0,0,0,0,36285,"ADRIANO BERTOZZI, AV",NA,"",51,"MANDAQUI",2,0,"ADRIANO BERTOZZI, AV 1100 SAO PAULO SP",-23.5747663,-46.4552846
"12386","D061300736",19817,"VITAL BRASIL, AV",NA,"",3900,"","30/06/2013 07:40",2,"CO",51,4913," "," ",1,1,0,0,0,0,0,0,0,0,0,0,0,0,0,0,0,19817,"VITAL BRASIL, AV",NA,"",13,"CACHOEIRINHA",1,0,"VITAL BRASIL, AV 3900 SAO PAULO SP",-23.5691889,-46.7153773
"12387","D061300030",7610,"FREDERICO ALVARENGA, RUA",NA,"",172,"","30/06/2013 07:40",2,"CH",1,5194," "," ",0,1,0,0,0,0,0,0,0,0,0,0,0,0,0,0,0,7610,"FREDERICO ALVARENGA, RUA",NA,"",80,"SE",1,0,"FREDERICO ALVARENGA, RUA 172 SAO PAULO SP",-23.5506643,-46.6289791
"12388","D061300225",16028,"PEIXOTO GOMIDE, RUA",15656,"PAULISTA, AV",0,"","30/06/2013 07:57",2,"CL",78,5750," "," ",1,1,0,0,0,0,0,0,0,0,0,0,0,0,0,0,0,15656,"PAULISTA, AV",16028,"PEIXOTO GOMIDE, RUA",7,"BELA VISTA",1,0,"PEIXOTO GOMIDE, RUA SAO PAULO SP &  PAULISTA, AV SAO PAULO SP",-23.5582226,-46.6551955
"12389","D061301296",43408,"ABEL FERREIRA, AV VER",NA,"",1600,"","30/06/2013 09:00",2,"CH",29,4430," "," ",1,0,0,0,0,0,0,0,0,0,0,0,0,0,0,0,0,43408,"ABEL FERREIRA, AV VER",NA,"",46,"JOSE BONIFACIO",1,0,"ABEL FERREIRA, AV VER 1600 SAO PAULO SP",-23.5584682,-46.5683771
"12390","D061300112",7285,"FORTALEZA, RUA",16849,"RAMALHO, RUA CONS",0,"","30/06/2013 09:30",2,"CO",5,5755," "," ",3,0,0,0,0,0,0,0,0,0,0,0,0,0,0,0,0,7285,"FORTALEZA, RUA",16849,"RAMALHO, RUA CONS",7,"BELA VISTA",2,0,"FORTALEZA, RUA SAO PAULO SP &  RAMALHO, RUA CONS SAO PAULO SP",-23.5598233,-46.6450875
"12391","D061301904",35915,"VIRGINIA FERNI, RUA",NA,"",1075,"","30/06/2013 10:00",4,"AT",103,5521,"B"," ",1,0,0,0,0,0,0,0,0,0,0,0,0,0,0,0,0,35915,"VIRGINIA FERNI, RUA",NA,"",51,"MANDAQUI",1,0,"VIRGINIA FERNI, RUA 1075 SAO PAULO SP",-23.5406333,-46.4397296
"12393","D061301963",9044,"RAGUEB CHOHFI, AV",NA,"",4015,"","30/06/2013 11:36",2,"CH",49,9113," "," ",1,0,0,0,0,0,0,0,0,0,0,0,0,0,0,0,0,9044,"RAGUEB CHOHFI, AV",NA,"",32,"IGUATEMI",2,0,"RAGUEB CHOHFI, AV 4015 SAO PAULO SP",-23.5945122,-46.4474425
"12394","D061301150",15425,"CANTIDIO SAMPAIO, AV DEP",NA,"",949,"","30/06/2013 11:45",2,"CL",72,6077,"C"," ",1,1,0,0,0,0,0,0,0,0,0,0,0,0,0,0,0,15425,"CANTIDIO SAMPAIO, AV DEP",NA,"",41,"JARAGUA",1,0,"CANTIDIO SAMPAIO, AV DEP 949 SAO PAULO SP",-23.4690148,-46.6771641
"12395","D061300716",36818,"VIRGINIA CASTIGLIONI, RUA",NA,"",293,"","30/06/2013 13:00",2,"CO",46,6258," "," ",1,1,0,0,0,0,0,0,0,0,0,0,0,0,0,0,0,36818,"VIRGINIA CASTIGLIONI, RUA",NA,"",52,"MARSILAC",1,0,"VIRGINIA CASTIGLIONI, RUA 293 SAO PAULO SP",-23.4323065,-46.7923452
"12396","D061301675",12403,"M'BOI MIRIM, ES",NA,"",4870,"","30/06/2013 13:15",4,"AT",100,8061,"B"," ",1,0,0,0,0,0,0,0,0,0,0,0,0,0,0,0,0,12403,"M'BOI MIRIM, ES",NA,"",42,"JARDIM ANGELA",1,0,"M'BOI MIRIM, ES 4870 SAO PAULO SP",-23.5505199,-46.6333094
"12397","D061300675",9529,"ITAPECERICA, ES DE",NA,"",4392,"","30/06/2013 13:40",2,"CO",37,5905," "," ",2,1,0,0,0,0,0,0,0,0,0,0,0,0,0,0,0,9529,"ITAPECERICA, ES DE",NA,"",29,"FREGUESIA DO O",1,0,"ITAPECERICA, ES DE 4392 SAO PAULO SP",-23.5505199,-46.6333094
"12398","D061301611",12403,"M'BOI MIRIM, ES",NA,"",3556,"","30/06/2013 13:44",4,"AT",92,8066," "," ",1,0,0,0,0,0,0,0,0,0,0,0,0,0,0,0,0,12403,"M'BOI MIRIM, ES",NA,"",42,"JARDIM ANGELA",1,0,"M'BOI MIRIM, ES 3556 SAO PAULO SP",-23.5505199,-46.6333094
"12399","D061302076",1163,"ANA CLARA, RUA",NA,"",399,"","30/06/2013 14:40",4,"AT",70,7043," "," ",0,0,1,0,0,0,0,0,0,0,0,0,0,0,0,0,0,1163,"ANA CLARA, RUA",NA,"",74,"SAO LUCAS",1,0,"ANA CLARA, RUA 399 SAO PAULO SP",-23.6112257,-46.529621
"12400","D061301256",4128,"CANGAIBA, AV",NA,"",1800,"","30/06/2013 14:49",2,"CF",10,7459," "," ",2,0,0,0,0,0,0,0,0,0,0,0,0,0,0,0,0,4128,"CANGAIBA, AV",NA,"",18,"CANGAIBA",1,0,"CANGAIBA, AV 1800 SAO PAULO SP",-23.5083749,-46.5376959
"12401","D061301829",2429,"ASSIS RIBEIRO, RUA DR",NA,"",8610,"","30/06/2013 14:57",4,"AT",62,7146,"C"," ",1,0,0,0,0,0,0,0,0,0,0,0,0,0,0,0,0,2429,"ASSIS RIBEIRO, RUA DR",NA,"",28,"ERMELINO MATARA",1,0,"ASSIS RIBEIRO, RUA DR 8610 SAO PAULO SP",-23.4845617,-46.4764209
"12402","D061302151",36045,"MARCILAC, ES ENG",NA,"",2800,"","30/06/2013 15:40",2,"CF",25,5149,"B"," ",2,0,0,0,0,0,0,0,0,0,0,0,0,0,0,0,0,36045,"MARCILAC, ES ENG",NA,"",76,"SAO MIGUEL",2,1,"MARCILAC, ES ENG 2800 SAO PAULO SP",-23.5505199,-46.6333094
"12403","D061300999",14767,"NOVA CANTAREIRA, AV",NA,"",3559,"","30/06/2013 16:16",2,"CO",20,6194," "," ",2,0,0,0,0,0,0,0,0,0,0,0,0,0,0,0,0,14767,"NOVA CANTAREIRA, AV",NA,"",83,"TREMEMBE",1,0,"NOVA CANTAREIRA, AV 3559 SAO PAULO SP",-23.4697945,-46.6170266
"12404","D061300676",74170,"LIRA CEARENSE, RUA",NA,"",190,"","30/06/2013 17:45",2,"QM",37,5912," "," ",0,1,0,0,0,0,0,0,0,0,0,0,0,0,0,0,0,74170,"LIRA CEARENSE, RUA",NA,"",29,"FREGUESIA DO O",1,0,"LIRA CEARENSE, RUA 190 SAO PAULO SP",-23.640602,-46.7605324
"12405","D061300830",14611,"ERNEST RENAN, RUA",NA,"",855,"","30/06/2013 18:30",2,"QM",89,6160," "," ",0,1,0,0,0,0,0,0,0,0,0,0,0,0,0,0,0,14611,"ERNEST RENAN, RUA",NA,"",55,"MORUMBI",1,0,"ERNEST RENAN, RUA 855 SAO PAULO SP",-23.6125647,-46.7239852
"12406","D061300646",14267,"MORUMBI, AV",NA,"",4884,"","30/06/2013 19:24",2,"CH",34,5916," "," ",1,0,0,0,0,0,0,0,0,0,0,0,0,0,0,0,0,14267,"MORUMBI, AV",NA,"",55,"MORUMBI",7,0,"MORUMBI, AV 4884 SAO PAULO SP",-23.6075072,-46.7126155
"12407","D061301964",13671,"MATEO BEI, AV",NA,"",2140,"","30/06/2013 19:50",4,"AT",49,9119," "," ",0,1,0,0,0,0,0,0,0,0,0,0,0,0,0,0,0,13671,"MATEO BEI, AV",NA,"",75,"SAO MATEUS",2,0,"MATEO BEI, AV 2140 SAO PAULO SP",-23.6010958,-46.483976
"12408","D061301355",75927,"DOMINGOS PIRES BRITO, RUA",NA,"",226,"","30/06/2013 20:51",4,"AT",42,4461," "," ",0,0,0,0,0,0,0,0,0,0,0,0,0,0,0,1,0,75927,"DOMINGOS PIRES BRITO, RUA",NA,"",26,"CONSOLACAO",1,0,"DOMINGOS PIRES BRITO, RUA 226 SAO PAULO SP",-23.5890675,-46.5501556
"12409","D061300251",18957,"TIQUATIRA, RUA",NA,"",850,"","30/06/2013 21:50",2,"CO",16,8998," "," ",1,1,0,0,0,0,0,0,0,0,0,0,0,0,0,0,0,18957,"TIQUATIRA, RUA",NA,"",21,"CASA VERDE",2,0,"TIQUATIRA, RUA 850 SAO PAULO SP",-23.6110159,-46.618896
"12411","D061301869",3778,"CARLOS COELHO, RUA",5805,"BENJAMIM NOVAIS, RUA",0,"","30/06/2013 22:14",2,"CO",64,7163," "," ",0,1,1,0,0,0,0,0,0,0,0,0,0,0,0,0,0,3778,"CARLOS COELHO, RUA",5805,"BENJAMIM NOVAIS, RUA",65,"PONTE RASA",1,0,"CARLOS COELHO, RUA SAO PAULO SP &  BENJAMIM NOVAIS, RUA SAO PAULO SP",-23.5193145,-46.4843385
"12412","D061301698",63003,"ALZIRO PINHEIRO MAGALHAES, RUA",NA,"",578,"","30/06/2013 22:30",2,"CO",101,5156," "," ",1,1,0,0,0,0,0,0,0,0,0,0,0,0,0,0,0,63003,"ALZIRO PINHEIRO MAGALHAES, RUA",NA,"",32,"IGUATEMI",1,0,"ALZIRO PINHEIRO MAGALHAES, RUA 578 SAO PAULO SP",-23.7616067,-46.6841485
"12413","D061301612",8502,"GUILHERME VALENTE, RUA",NA,"",43,"","30/06/2013 22:57",2,"SI",92,8076," "," ",1,0,0,0,0,0,0,0,0,0,0,0,0,0,0,0,0,8502,"GUILHERME VALENTE, RUA",NA,"",45,"JARDIM SAO LUIS",2,0,"GUILHERME VALENTE, RUA 43 SAO PAULO SP",-23.6626635,-46.736607
"12414","D061300384",2223,"ARLINDO VIEIRA, AV PDE",NA,"",3500,"","30/06/2013 23:20",2,"CT",83,5984," "," ",1,1,0,0,0,0,0,0,0,0,0,0,0,0,0,0,0,2223,"ARLINDO VIEIRA, AV PDE",NA,"",21,"CASA VERDE",1,0,"ARLINDO VIEIRA, AV PDE 3500 SAO PAULO SP",-23.5505199,-46.6333094
"12415","D061302132",4502,"CARRAO, AV CONS",12284,"LUIS PINTO, RUA",0,"","30/06/2013 23:30",2,"CV",31,4114,"B"," ",2,0,0,0,0,0,0,0,0,0,0,0,0,0,0,0,0,4502,"CARRAO, AV CONS",12284,"LUIS PINTO, RUA",20,"CARRAO",3,1,"CARRAO, AV CONS SAO PAULO SP &  LUIS PINTO, RUA SAO PAULO SP",-23.5458958,-46.5434081